Year,Month,Day,Hour,Spot_Price1,Spot_Price2,DateTime
2018,1.0,1.0,1.0,28.1,6.74,2018-01-01 01:00:00
2018,1.0,1.0,2.0,33.0,4.74,2018-01-01 02:00:00
2018,1.0,1.0,3.0,32.9,3.66,2018-01-01 03:00:00
2018,1.0,1.0,4.0,28.1,2.3,2018-01-01 04:00:00
2018,1.0,1.0,5.0,27.6,2.3,2018-01-01 05:00:00
2018,1.0,1.0,6.0,24.6,2.06,2018-01-01 06:00:00
2018,1.0,1.0,7.0,20.1,2.06,2018-01-01 07:00:00
2018,1.0,1.0,8.0,19.9,2.06,2018-01-01 08:00:00
2018,1.0,1.0,9.0,19.84,2.3,2018-01-01 09:00:00
2018,1.0,1.0,10.0,19.9,2.3,2018-01-01 10:00:00
2018,1.0,1.0,11.0,19.9,2.3,2018-01-01 11:00:00
2018,1.0,1.0,12.0,19.9,2.3,2018-01-01 12:00:00
2018,1.0,1.0,13.0,23.6,2.3,2018-01-01 13:00:00
2018,1.0,1.0,14.0,25.1,2.3,2018-01-01 14:00:00
2018,1.0,1.0,15.0,23.6,5.0,2018-01-01 15:00:00
2018,1.0,1.0,16.0,24.6,5.0,2018-01-01 16:00:00
2018,1.0,1.0,17.0,25.1,5.0,2018-01-01 17:00:00
2018,1.0,1.0,18.0,27.6,8.85,2018-01-01 18:00:00
2018,1.0,1.0,19.0,27.6,15.93,2018-01-01 19:00:00
2018,1.0,1.0,20.0,28.1,22.02,2018-01-01 20:00:00
2018,1.0,1.0,21.0,32.9,20.0,2018-01-01 21:00:00
2018,1.0,1.0,22.0,28.1,21.95,2018-01-01 22:00:00
2018,1.0,1.0,23.0,28.1,23.52,2018-01-01 23:00:00
2018,1.0,1.0,24.0,27.6,16.35,2018-01-02 00:00:00
2018,1.0,2.0,1.0,19.9,14.43,2018-01-02 01:00:00
2018,1.0,2.0,2.0,27.6,10.26,2018-01-02 02:00:00
2018,1.0,2.0,3.0,19.9,7.48,2018-01-02 03:00:00
2018,1.0,2.0,4.0,19.84,4.52,2018-01-02 04:00:00
2018,1.0,2.0,5.0,19.1,4.24,2018-01-02 05:00:00
2018,1.0,2.0,6.0,19.9,8.36,2018-01-02 06:00:00
2018,1.0,2.0,7.0,22.58,22.58,2018-01-02 07:00:00
2018,1.0,2.0,8.0,41.92,41.92,2018-01-02 08:00:00
2018,1.0,2.0,9.0,47.95,47.95,2018-01-02 09:00:00
2018,1.0,2.0,10.0,49.9,49.9,2018-01-02 10:00:00
2018,1.0,2.0,11.0,50.5,50.5,2018-01-02 11:00:00
2018,1.0,2.0,12.0,49.7,49.7,2018-01-02 12:00:00
2018,1.0,2.0,13.0,48.16,48.16,2018-01-02 13:00:00
2018,1.0,2.0,14.0,48.02,48.02,2018-01-02 14:00:00
2018,1.0,2.0,15.0,47.64,47.64,2018-01-02 15:00:00
2018,1.0,2.0,16.0,46.38,46.38,2018-01-02 16:00:00
2018,1.0,2.0,17.0,46.4,46.4,2018-01-02 17:00:00
2018,1.0,2.0,18.0,49.71,49.71,2018-01-02 18:00:00
2018,1.0,2.0,19.0,52.25,52.25,2018-01-02 19:00:00
2018,1.0,2.0,20.0,53.47,53.47,2018-01-02 20:00:00
2018,1.0,2.0,21.0,55.54,55.54,2018-01-02 21:00:00
2018,1.0,2.0,22.0,55.02,55.02,2018-01-02 22:00:00
2018,1.0,2.0,23.0,50.5,50.5,2018-01-02 23:00:00
2018,1.0,2.0,24.0,39.63,39.63,2018-01-03 00:00:00
2018,1.0,3.0,1.0,28.1,12.14,2018-01-03 01:00:00
2018,1.0,3.0,2.0,40.69,5.48,2018-01-03 02:00:00
2018,1.0,3.0,3.0,30.69,5.0,2018-01-03 03:00:00
2018,1.0,3.0,4.0,30.69,2.3,2018-01-03 04:00:00
2018,1.0,3.0,5.0,30.69,2.3,2018-01-03 05:00:00
2018,1.0,3.0,6.0,30.69,5.0,2018-01-03 06:00:00
2018,1.0,3.0,7.0,39.11,12.25,2018-01-03 07:00:00
2018,1.0,3.0,8.0,41.69,41.69,2018-01-03 08:00:00
2018,1.0,3.0,9.0,51.76,51.76,2018-01-03 09:00:00
2018,1.0,3.0,10.0,53.9,53.9,2018-01-03 10:00:00
2018,1.0,3.0,11.0,54.45,54.45,2018-01-03 11:00:00
2018,1.0,3.0,12.0,53.42,53.42,2018-01-03 12:00:00
2018,1.0,3.0,13.0,52.26,52.26,2018-01-03 13:00:00
2018,1.0,3.0,14.0,52.0,52.0,2018-01-03 14:00:00
2018,1.0,3.0,15.0,50.76,50.76,2018-01-03 15:00:00
2018,1.0,3.0,16.0,49.96,49.96,2018-01-03 16:00:00
2018,1.0,3.0,17.0,49.48,49.48,2018-01-03 17:00:00
2018,1.0,3.0,18.0,51.0,51.0,2018-01-03 18:00:00
2018,1.0,3.0,19.0,53.05,53.05,2018-01-03 19:00:00
2018,1.0,3.0,20.0,53.47,53.47,2018-01-03 20:00:00
2018,1.0,3.0,21.0,53.9,53.9,2018-01-03 21:00:00
2018,1.0,3.0,22.0,53.42,53.42,2018-01-03 22:00:00
2018,1.0,3.0,23.0,51.01,51.01,2018-01-03 23:00:00
2018,1.0,3.0,24.0,41.69,40.75,2018-01-04 00:00:00
2018,1.0,4.0,1.0,41.11,30.0,2018-01-04 01:00:00
2018,1.0,4.0,2.0,44.19,7.04,2018-01-04 02:00:00
2018,1.0,4.0,3.0,42.11,4.0,2018-01-04 03:00:00
2018,1.0,4.0,4.0,41.11,2.63,2018-01-04 04:00:00
2018,1.0,4.0,5.0,41.09,4.99,2018-01-04 05:00:00
2018,1.0,4.0,6.0,40.08,11.08,2018-01-04 06:00:00
2018,1.0,4.0,7.0,39.11,22.34,2018-01-04 07:00:00
2018,1.0,4.0,8.0,39.1,34.17,2018-01-04 08:00:00
2018,1.0,4.0,9.0,47.23,47.23,2018-01-04 09:00:00
2018,1.0,4.0,10.0,49.14,49.14,2018-01-04 10:00:00
2018,1.0,4.0,11.0,49.63,49.63,2018-01-04 11:00:00
2018,1.0,4.0,12.0,48.86,48.86,2018-01-04 12:00:00
2018,1.0,4.0,13.0,48.36,48.36,2018-01-04 13:00:00
2018,1.0,4.0,14.0,48.19,48.19,2018-01-04 14:00:00
2018,1.0,4.0,15.0,45.58,45.58,2018-01-04 15:00:00
2018,1.0,4.0,16.0,44.19,44.19,2018-01-04 16:00:00
2018,1.0,4.0,17.0,44.19,44.19,2018-01-04 17:00:00
2018,1.0,4.0,18.0,50.08,50.08,2018-01-04 18:00:00
2018,1.0,4.0,19.0,49.96,49.96,2018-01-04 19:00:00
2018,1.0,4.0,20.0,49.14,49.14,2018-01-04 20:00:00
2018,1.0,4.0,21.0,49.36,49.36,2018-01-04 21:00:00
2018,1.0,4.0,22.0,48.97,48.97,2018-01-04 22:00:00
2018,1.0,4.0,23.0,48.11,48.11,2018-01-04 23:00:00
2018,1.0,4.0,24.0,40.0,40.0,2018-01-05 00:00:00
2018,1.0,5.0,1.0,34.85,30.0,2018-01-05 01:00:00
2018,1.0,5.0,2.0,34.85,11.73,2018-01-05 02:00:00
2018,1.0,5.0,3.0,20.1,6.86,2018-01-05 03:00:00
2018,1.0,5.0,4.0,16.1,5.0,2018-01-05 04:00:00
2018,1.0,5.0,5.0,14.6,5.0,2018-01-05 05:00:00
2018,1.0,5.0,6.0,13.51,13.51,2018-01-05 06:00:00
2018,1.0,5.0,7.0,23.96,23.96,2018-01-05 07:00:00
2018,1.0,5.0,8.0,40.1,40.1,2018-01-05 08:00:00
2018,1.0,5.0,9.0,49.34,49.34,2018-01-05 09:00:00
2018,1.0,5.0,10.0,51.73,51.73,2018-01-05 10:00:00
2018,1.0,5.0,11.0,53.27,53.27,2018-01-05 11:00:00
2018,1.0,5.0,12.0,52.02,52.02,2018-01-05 12:00:00
2018,1.0,5.0,13.0,51.95,51.95,2018-01-05 13:00:00
2018,1.0,5.0,14.0,52.02,52.02,2018-01-05 14:00:00
2018,1.0,5.0,15.0,51.95,51.95,2018-01-05 15:00:00
2018,1.0,5.0,16.0,52.53,52.53,2018-01-05 16:00:00
2018,1.0,5.0,17.0,53.99,53.99,2018-01-05 17:00:00
2018,1.0,5.0,18.0,56.35,56.35,2018-01-05 18:00:00
2018,1.0,5.0,19.0,58.19,58.19,2018-01-05 19:00:00
2018,1.0,5.0,20.0,58.76,58.76,2018-01-05 20:00:00
2018,1.0,5.0,21.0,60.58,60.58,2018-01-05 21:00:00
2018,1.0,5.0,22.0,61.01,61.01,2018-01-05 22:00:00
2018,1.0,5.0,23.0,58.05,58.05,2018-01-05 23:00:00
2018,1.0,5.0,24.0,55.01,55.01,2018-01-06 00:00:00
2018,1.0,6.0,1.0,57.56,57.56,2018-01-06 01:00:00
2018,1.0,6.0,2.0,51.99,51.99,2018-01-06 02:00:00
2018,1.0,6.0,3.0,44.19,44.19,2018-01-06 03:00:00
2018,1.0,6.0,4.0,40.01,40.01,2018-01-06 04:00:00
2018,1.0,6.0,5.0,30.75,30.75,2018-01-06 05:00:00
2018,1.0,6.0,6.0,30.5,30.5,2018-01-06 06:00:00
2018,1.0,6.0,7.0,30.5,30.5,2018-01-06 07:00:00
2018,1.0,6.0,8.0,36.98,36.98,2018-01-06 08:00:00
2018,1.0,6.0,9.0,43.01,43.01,2018-01-06 09:00:00
2018,1.0,6.0,10.0,48.19,48.19,2018-01-06 10:00:00
2018,1.0,6.0,11.0,55.01,55.01,2018-01-06 11:00:00
2018,1.0,6.0,12.0,56.64,56.64,2018-01-06 12:00:00
2018,1.0,6.0,13.0,55.38,55.38,2018-01-06 13:00:00
2018,1.0,6.0,14.0,52.07,52.07,2018-01-06 14:00:00
2018,1.0,6.0,15.0,48.19,48.19,2018-01-06 15:00:00
2018,1.0,6.0,16.0,42.75,42.75,2018-01-06 16:00:00
2018,1.0,6.0,17.0,39.51,37.99,2018-01-06 17:00:00
2018,1.0,6.0,18.0,44.22,44.22,2018-01-06 18:00:00
2018,1.0,6.0,19.0,49.98,49.98,2018-01-06 19:00:00
2018,1.0,6.0,20.0,48.71,48.71,2018-01-06 20:00:00
2018,1.0,6.0,21.0,50.0,50.0,2018-01-06 21:00:00
2018,1.0,6.0,22.0,50.0,50.0,2018-01-06 22:00:00
2018,1.0,6.0,23.0,48.69,48.69,2018-01-06 23:00:00
2018,1.0,6.0,24.0,46.95,46.95,2018-01-07 00:00:00
2018,1.0,7.0,1.0,42.16,42.16,2018-01-07 01:00:00
2018,1.0,7.0,2.0,34.39,15.98,2018-01-07 02:00:00
2018,1.0,7.0,3.0,32.32,15.99,2018-01-07 03:00:00
2018,1.0,7.0,4.0,30.39,15.51,2018-01-07 04:00:00
2018,1.0,7.0,5.0,30.29,15.68,2018-01-07 05:00:00
2018,1.0,7.0,6.0,29.89,16.99,2018-01-07 06:00:00
2018,1.0,7.0,7.0,29.89,19.72,2018-01-07 07:00:00
2018,1.0,7.0,8.0,29.89,22.77,2018-01-07 08:00:00
2018,1.0,7.0,9.0,30.89,30.89,2018-01-07 09:00:00
2018,1.0,7.0,10.0,43.01,43.01,2018-01-07 10:00:00
2018,1.0,7.0,11.0,49.67,49.67,2018-01-07 11:00:00
2018,1.0,7.0,12.0,53.02,53.02,2018-01-07 12:00:00
2018,1.0,7.0,13.0,53.04,53.04,2018-01-07 13:00:00
2018,1.0,7.0,14.0,54.07,54.07,2018-01-07 14:00:00
2018,1.0,7.0,15.0,53.99,53.99,2018-01-07 15:00:00
2018,1.0,7.0,16.0,49.41,49.41,2018-01-07 16:00:00
2018,1.0,7.0,17.0,48.69,48.69,2018-01-07 17:00:00
2018,1.0,7.0,18.0,54.19,54.19,2018-01-07 18:00:00
2018,1.0,7.0,19.0,57.06,61.27,2018-01-07 19:00:00
2018,1.0,7.0,20.0,63.19,70.0,2018-01-07 20:00:00
2018,1.0,7.0,21.0,64.72,72.21,2018-01-07 21:00:00
2018,1.0,7.0,22.0,64.69,77.71,2018-01-07 22:00:00
2018,1.0,7.0,23.0,64.62,72.05,2018-01-07 23:00:00
2018,1.0,7.0,24.0,66.0,66.0,2018-01-08 00:00:00
2018,1.0,8.0,1.0,66.69,66.69,2018-01-08 01:00:00
2018,1.0,8.0,2.0,57.55,57.55,2018-01-08 02:00:00
2018,1.0,8.0,3.0,53.01,53.01,2018-01-08 03:00:00
2018,1.0,8.0,4.0,50.14,50.14,2018-01-08 04:00:00
2018,1.0,8.0,5.0,49.54,49.54,2018-01-08 05:00:00
2018,1.0,8.0,6.0,51.09,51.09,2018-01-08 06:00:00
2018,1.0,8.0,7.0,60.0,60.0,2018-01-08 07:00:00
2018,1.0,8.0,8.0,65.59,67.33,2018-01-08 08:00:00
2018,1.0,8.0,9.0,65.94,70.62,2018-01-08 09:00:00
2018,1.0,8.0,10.0,68.59,70.32,2018-01-08 10:00:00
2018,1.0,8.0,11.0,70.62,70.62,2018-01-08 11:00:00
2018,1.0,8.0,12.0,69.48,69.48,2018-01-08 12:00:00
2018,1.0,8.0,13.0,69.46,69.46,2018-01-08 13:00:00
2018,1.0,8.0,14.0,69.42,69.42,2018-01-08 14:00:00
2018,1.0,8.0,15.0,68.92,68.92,2018-01-08 15:00:00
2018,1.0,8.0,16.0,68.59,68.59,2018-01-08 16:00:00
2018,1.0,8.0,17.0,67.09,67.09,2018-01-08 17:00:00
2018,1.0,8.0,18.0,67.09,67.09,2018-01-08 18:00:00
2018,1.0,8.0,19.0,68.71,68.71,2018-01-08 19:00:00
2018,1.0,8.0,20.0,69.69,69.69,2018-01-08 20:00:00
2018,1.0,8.0,21.0,70.88,70.88,2018-01-08 21:00:00
2018,1.0,8.0,22.0,70.62,70.62,2018-01-08 22:00:00
2018,1.0,8.0,23.0,68.92,68.92,2018-01-08 23:00:00
2018,1.0,8.0,24.0,66.92,66.92,2018-01-09 00:00:00
2018,1.0,9.0,1.0,68.71,68.71,2018-01-09 01:00:00
2018,1.0,9.0,2.0,54.32,54.32,2018-01-09 02:00:00
2018,1.0,9.0,3.0,49.69,47.29,2018-01-09 03:00:00
2018,1.0,9.0,4.0,48.99,46.15,2018-01-09 04:00:00
2018,1.0,9.0,5.0,46.99,45.6,2018-01-09 05:00:00
2018,1.0,9.0,6.0,45.92,45.6,2018-01-09 06:00:00
2018,1.0,9.0,7.0,47.29,47.29,2018-01-09 07:00:00
2018,1.0,9.0,8.0,55.9,55.9,2018-01-09 08:00:00
2018,1.0,9.0,9.0,58.99,58.99,2018-01-09 09:00:00
2018,1.0,9.0,10.0,64.58,64.58,2018-01-09 10:00:00
2018,1.0,9.0,11.0,64.3,64.3,2018-01-09 11:00:00
2018,1.0,9.0,12.0,61.35,61.35,2018-01-09 12:00:00
2018,1.0,9.0,13.0,58.44,58.44,2018-01-09 13:00:00
2018,1.0,9.0,14.0,57.55,57.55,2018-01-09 14:00:00
2018,1.0,9.0,15.0,55.14,55.14,2018-01-09 15:00:00
2018,1.0,9.0,16.0,55.13,55.13,2018-01-09 16:00:00
2018,1.0,9.0,17.0,56.07,56.07,2018-01-09 17:00:00
2018,1.0,9.0,18.0,59.01,59.01,2018-01-09 18:00:00
2018,1.0,9.0,19.0,67.02,67.02,2018-01-09 19:00:00
2018,1.0,9.0,20.0,69.02,69.02,2018-01-09 20:00:00
2018,1.0,9.0,21.0,69.55,69.55,2018-01-09 21:00:00
2018,1.0,9.0,22.0,69.46,69.46,2018-01-09 22:00:00
2018,1.0,9.0,23.0,67.27,67.27,2018-01-09 23:00:00
2018,1.0,9.0,24.0,62.31,62.31,2018-01-10 00:00:00
2018,1.0,10.0,1.0,61.58,61.58,2018-01-10 01:00:00
2018,1.0,10.0,2.0,51.0,51.0,2018-01-10 02:00:00
2018,1.0,10.0,3.0,49.0,49.0,2018-01-10 03:00:00
2018,1.0,10.0,4.0,47.29,47.29,2018-01-10 04:00:00
2018,1.0,10.0,5.0,47.09,47.09,2018-01-10 05:00:00
2018,1.0,10.0,6.0,46.99,46.99,2018-01-10 06:00:00
2018,1.0,10.0,7.0,50.06,50.06,2018-01-10 07:00:00
2018,1.0,10.0,8.0,61.58,61.58,2018-01-10 08:00:00
2018,1.0,10.0,9.0,66.97,66.97,2018-01-10 09:00:00
2018,1.0,10.0,10.0,67.45,67.45,2018-01-10 10:00:00
2018,1.0,10.0,11.0,65.73,65.73,2018-01-10 11:00:00
2018,1.0,10.0,12.0,58.68,58.68,2018-01-10 12:00:00
2018,1.0,10.0,13.0,58.01,58.01,2018-01-10 13:00:00
2018,1.0,10.0,14.0,49.54,49.54,2018-01-10 14:00:00
2018,1.0,10.0,15.0,47.1,47.1,2018-01-10 15:00:00
2018,1.0,10.0,16.0,47.98,47.98,2018-01-10 16:00:00
2018,1.0,10.0,17.0,48.9,48.9,2018-01-10 17:00:00
2018,1.0,10.0,18.0,51.9,51.9,2018-01-10 18:00:00
2018,1.0,10.0,19.0,52.69,52.69,2018-01-10 19:00:00
2018,1.0,10.0,20.0,55.13,55.13,2018-01-10 20:00:00
2018,1.0,10.0,21.0,60.3,60.3,2018-01-10 21:00:00
2018,1.0,10.0,22.0,58.05,58.05,2018-01-10 22:00:00
2018,1.0,10.0,23.0,46.84,46.84,2018-01-10 23:00:00
2018,1.0,10.0,24.0,44.22,44.22,2018-01-11 00:00:00
2018,1.0,11.0,1.0,39.43,38.37,2018-01-11 01:00:00
2018,1.0,11.0,2.0,37.0,36.3,2018-01-11 02:00:00
2018,1.0,11.0,3.0,34.2,34.2,2018-01-11 03:00:00
2018,1.0,11.0,4.0,33.0,33.0,2018-01-11 04:00:00
2018,1.0,11.0,5.0,33.05,33.05,2018-01-11 05:00:00
2018,1.0,11.0,6.0,37.09,37.09,2018-01-11 06:00:00
2018,1.0,11.0,7.0,41.5,41.5,2018-01-11 07:00:00
2018,1.0,11.0,8.0,53.07,53.07,2018-01-11 08:00:00
2018,1.0,11.0,9.0,57.22,57.22,2018-01-11 09:00:00
2018,1.0,11.0,10.0,59.02,59.02,2018-01-11 10:00:00
2018,1.0,11.0,11.0,57.58,57.58,2018-01-11 11:00:00
2018,1.0,11.0,12.0,57.45,57.45,2018-01-11 12:00:00
2018,1.0,11.0,13.0,54.61,54.61,2018-01-11 13:00:00
2018,1.0,11.0,14.0,54.83,54.83,2018-01-11 14:00:00
2018,1.0,11.0,15.0,54.74,54.74,2018-01-11 15:00:00
2018,1.0,11.0,16.0,54.01,54.01,2018-01-11 16:00:00
2018,1.0,11.0,17.0,54.96,54.96,2018-01-11 17:00:00
2018,1.0,11.0,18.0,57.47,57.47,2018-01-11 18:00:00
2018,1.0,11.0,19.0,57.83,57.83,2018-01-11 19:00:00
2018,1.0,11.0,20.0,59.08,59.08,2018-01-11 20:00:00
2018,1.0,11.0,21.0,63.03,63.03,2018-01-11 21:00:00
2018,1.0,11.0,22.0,62.55,62.55,2018-01-11 22:00:00
2018,1.0,11.0,23.0,58.17,58.17,2018-01-11 23:00:00
2018,1.0,11.0,24.0,57.58,57.58,2018-01-12 00:00:00
2018,1.0,12.0,1.0,55.57,55.57,2018-01-12 01:00:00
2018,1.0,12.0,2.0,49.0,49.0,2018-01-12 02:00:00
2018,1.0,12.0,3.0,46.15,46.15,2018-01-12 03:00:00
2018,1.0,12.0,4.0,46.01,46.01,2018-01-12 04:00:00
2018,1.0,12.0,5.0,46.13,46.13,2018-01-12 05:00:00
2018,1.0,12.0,6.0,47.29,47.29,2018-01-12 06:00:00
2018,1.0,12.0,7.0,56.0,56.0,2018-01-12 07:00:00
2018,1.0,12.0,8.0,61.97,61.97,2018-01-12 08:00:00
2018,1.0,12.0,9.0,66.58,66.58,2018-01-12 09:00:00
2018,1.0,12.0,10.0,66.89,66.89,2018-01-12 10:00:00
2018,1.0,12.0,11.0,67.19,67.19,2018-01-12 11:00:00
2018,1.0,12.0,12.0,66.34,66.34,2018-01-12 12:00:00
2018,1.0,12.0,13.0,63.82,63.82,2018-01-12 13:00:00
2018,1.0,12.0,14.0,63.86,63.86,2018-01-12 14:00:00
2018,1.0,12.0,15.0,61.59,61.59,2018-01-12 15:00:00
2018,1.0,12.0,16.0,61.58,61.58,2018-01-12 16:00:00
2018,1.0,12.0,17.0,61.59,61.59,2018-01-12 17:00:00
2018,1.0,12.0,18.0,61.97,61.97,2018-01-12 18:00:00
2018,1.0,12.0,19.0,66.36,66.36,2018-01-12 19:00:00
2018,1.0,12.0,20.0,66.89,66.89,2018-01-12 20:00:00
2018,1.0,12.0,21.0,66.89,66.89,2018-01-12 21:00:00
2018,1.0,12.0,22.0,66.16,66.16,2018-01-12 22:00:00
2018,1.0,12.0,23.0,63.57,63.57,2018-01-12 23:00:00
2018,1.0,12.0,24.0,61.59,61.59,2018-01-13 00:00:00
2018,1.0,13.0,1.0,56.02,56.02,2018-01-13 01:00:00
2018,1.0,13.0,2.0,48.14,48.14,2018-01-13 02:00:00
2018,1.0,13.0,3.0,46.6,46.6,2018-01-13 03:00:00
2018,1.0,13.0,4.0,46.1,46.1,2018-01-13 04:00:00
2018,1.0,13.0,5.0,46.2,46.2,2018-01-13 05:00:00
2018,1.0,13.0,6.0,46.6,46.6,2018-01-13 06:00:00
2018,1.0,13.0,7.0,47.13,47.13,2018-01-13 07:00:00
2018,1.0,13.0,8.0,50.05,50.05,2018-01-13 08:00:00
2018,1.0,13.0,9.0,50.98,50.98,2018-01-13 09:00:00
2018,1.0,13.0,10.0,58.16,58.16,2018-01-13 10:00:00
2018,1.0,13.0,11.0,60.76,60.76,2018-01-13 11:00:00
2018,1.0,13.0,12.0,60.5,60.5,2018-01-13 12:00:00
2018,1.0,13.0,13.0,59.5,59.5,2018-01-13 13:00:00
2018,1.0,13.0,14.0,59.07,59.07,2018-01-13 14:00:00
2018,1.0,13.0,15.0,58.7,58.7,2018-01-13 15:00:00
2018,1.0,13.0,16.0,55.57,55.57,2018-01-13 16:00:00
2018,1.0,13.0,17.0,54.99,54.99,2018-01-13 17:00:00
2018,1.0,13.0,18.0,56.01,56.01,2018-01-13 18:00:00
2018,1.0,13.0,19.0,61.0,61.0,2018-01-13 19:00:00
2018,1.0,13.0,20.0,61.97,61.97,2018-01-13 20:00:00
2018,1.0,13.0,21.0,63.82,63.82,2018-01-13 21:00:00
2018,1.0,13.0,22.0,62.11,62.11,2018-01-13 22:00:00
2018,1.0,13.0,23.0,59.54,59.54,2018-01-13 23:00:00
2018,1.0,13.0,24.0,58.15,58.15,2018-01-14 00:00:00
2018,1.0,14.0,1.0,48.7,48.7,2018-01-14 01:00:00
2018,1.0,14.0,2.0,45.27,45.27,2018-01-14 02:00:00
2018,1.0,14.0,3.0,43.92,43.92,2018-01-14 03:00:00
2018,1.0,14.0,4.0,42.1,42.1,2018-01-14 04:00:00
2018,1.0,14.0,5.0,42.09,42.09,2018-01-14 05:00:00
2018,1.0,14.0,6.0,42.1,42.1,2018-01-14 06:00:00
2018,1.0,14.0,7.0,43.92,43.92,2018-01-14 07:00:00
2018,1.0,14.0,8.0,45.01,45.01,2018-01-14 08:00:00
2018,1.0,14.0,9.0,45.21,45.21,2018-01-14 09:00:00
2018,1.0,14.0,10.0,47.66,47.66,2018-01-14 10:00:00
2018,1.0,14.0,11.0,53.9,53.9,2018-01-14 11:00:00
2018,1.0,14.0,12.0,54.8,54.8,2018-01-14 12:00:00
2018,1.0,14.0,13.0,54.8,54.8,2018-01-14 13:00:00
2018,1.0,14.0,14.0,58.11,58.11,2018-01-14 14:00:00
2018,1.0,14.0,15.0,58.53,58.53,2018-01-14 15:00:00
2018,1.0,14.0,16.0,53.9,53.9,2018-01-14 16:00:00
2018,1.0,14.0,17.0,53.15,53.15,2018-01-14 17:00:00
2018,1.0,14.0,18.0,54.8,54.8,2018-01-14 18:00:00
2018,1.0,14.0,19.0,60.82,60.82,2018-01-14 19:00:00
2018,1.0,14.0,20.0,64.97,64.97,2018-01-14 20:00:00
2018,1.0,14.0,21.0,67.19,67.19,2018-01-14 21:00:00
2018,1.0,14.0,22.0,67.92,67.92,2018-01-14 22:00:00
2018,1.0,14.0,23.0,66.01,66.01,2018-01-14 23:00:00
2018,1.0,14.0,24.0,61.24,61.24,2018-01-15 00:00:00
2018,1.0,15.0,1.0,60.82,60.82,2018-01-15 01:00:00
2018,1.0,15.0,2.0,53.6,53.6,2018-01-15 02:00:00
2018,1.0,15.0,3.0,47.66,47.66,2018-01-15 03:00:00
2018,1.0,15.0,4.0,46.14,46.14,2018-01-15 04:00:00
2018,1.0,15.0,5.0,45.69,45.69,2018-01-15 05:00:00
2018,1.0,15.0,6.0,47.13,47.13,2018-01-15 06:00:00
2018,1.0,15.0,7.0,55.55,55.55,2018-01-15 07:00:00
2018,1.0,15.0,8.0,60.9,60.9,2018-01-15 08:00:00
2018,1.0,15.0,9.0,64.99,64.99,2018-01-15 09:00:00
2018,1.0,15.0,10.0,66.01,66.01,2018-01-15 10:00:00
2018,1.0,15.0,11.0,65.03,65.03,2018-01-15 11:00:00
2018,1.0,15.0,12.0,62.07,62.07,2018-01-15 12:00:00
2018,1.0,15.0,13.0,61.01,61.01,2018-01-15 13:00:00
2018,1.0,15.0,14.0,60.9,60.9,2018-01-15 14:00:00
2018,1.0,15.0,15.0,58.7,58.7,2018-01-15 15:00:00
2018,1.0,15.0,16.0,57.83,57.83,2018-01-15 16:00:00
2018,1.0,15.0,17.0,56.0,56.0,2018-01-15 17:00:00
2018,1.0,15.0,18.0,57.83,57.83,2018-01-15 18:00:00
2018,1.0,15.0,19.0,61.59,61.59,2018-01-15 19:00:00
2018,1.0,15.0,20.0,64.28,64.28,2018-01-15 20:00:00
2018,1.0,15.0,21.0,65.23,65.23,2018-01-15 21:00:00
2018,1.0,15.0,22.0,62.4,62.4,2018-01-15 22:00:00
2018,1.0,15.0,23.0,58.15,58.15,2018-01-15 23:00:00
2018,1.0,15.0,24.0,52.32,52.32,2018-01-16 00:00:00
2018,1.0,16.0,1.0,44.5,44.5,2018-01-16 01:00:00
2018,1.0,16.0,2.0,43.92,41.3,2018-01-16 02:00:00
2018,1.0,16.0,3.0,39.47,38.0,2018-01-16 03:00:00
2018,1.0,16.0,4.0,38.64,35.1,2018-01-16 04:00:00
2018,1.0,16.0,5.0,39.04,35.1,2018-01-16 05:00:00
2018,1.0,16.0,6.0,39.1,39.1,2018-01-16 06:00:00
2018,1.0,16.0,7.0,43.03,43.03,2018-01-16 07:00:00
2018,1.0,16.0,8.0,51.89,51.89,2018-01-16 08:00:00
2018,1.0,16.0,9.0,60.82,60.82,2018-01-16 09:00:00
2018,1.0,16.0,10.0,63.45,63.45,2018-01-16 10:00:00
2018,1.0,16.0,11.0,61.99,61.99,2018-01-16 11:00:00
2018,1.0,16.0,12.0,60.32,60.32,2018-01-16 12:00:00
2018,1.0,16.0,13.0,58.03,58.03,2018-01-16 13:00:00
2018,1.0,16.0,14.0,56.16,56.16,2018-01-16 14:00:00
2018,1.0,16.0,15.0,54.5,54.5,2018-01-16 15:00:00
2018,1.0,16.0,16.0,51.95,51.95,2018-01-16 16:00:00
2018,1.0,16.0,17.0,49.43,49.43,2018-01-16 17:00:00
2018,1.0,16.0,18.0,52.1,52.1,2018-01-16 18:00:00
2018,1.0,16.0,19.0,59.02,59.02,2018-01-16 19:00:00
2018,1.0,16.0,20.0,61.59,61.59,2018-01-16 20:00:00
2018,1.0,16.0,21.0,63.45,63.45,2018-01-16 21:00:00
2018,1.0,16.0,22.0,61.59,61.59,2018-01-16 22:00:00
2018,1.0,16.0,23.0,52.69,52.69,2018-01-16 23:00:00
2018,1.0,16.0,24.0,45.27,45.27,2018-01-17 00:00:00
2018,1.0,17.0,1.0,42.64,42.64,2018-01-17 01:00:00
2018,1.0,17.0,2.0,40.0,40.0,2018-01-17 02:00:00
2018,1.0,17.0,3.0,36.18,36.18,2018-01-17 03:00:00
2018,1.0,17.0,4.0,35.67,35.67,2018-01-17 04:00:00
2018,1.0,17.0,5.0,35.45,35.45,2018-01-17 05:00:00
2018,1.0,17.0,6.0,36.45,36.45,2018-01-17 06:00:00
2018,1.0,17.0,7.0,41.51,41.51,2018-01-17 07:00:00
2018,1.0,17.0,8.0,47.94,47.94,2018-01-17 08:00:00
2018,1.0,17.0,9.0,58.7,58.7,2018-01-17 09:00:00
2018,1.0,17.0,10.0,61.59,61.59,2018-01-17 10:00:00
2018,1.0,17.0,11.0,61.59,61.59,2018-01-17 11:00:00
2018,1.0,17.0,12.0,56.35,56.35,2018-01-17 12:00:00
2018,1.0,17.0,13.0,54.97,54.97,2018-01-17 13:00:00
2018,1.0,17.0,14.0,54.97,54.97,2018-01-17 14:00:00
2018,1.0,17.0,15.0,54.83,54.83,2018-01-17 15:00:00
2018,1.0,17.0,16.0,54.72,54.72,2018-01-17 16:00:00
2018,1.0,17.0,17.0,54.73,54.73,2018-01-17 17:00:00
2018,1.0,17.0,18.0,56.58,56.58,2018-01-17 18:00:00
2018,1.0,17.0,19.0,61.97,61.97,2018-01-17 19:00:00
2018,1.0,17.0,20.0,63.8,63.8,2018-01-17 20:00:00
2018,1.0,17.0,21.0,65.5,65.5,2018-01-17 21:00:00
2018,1.0,17.0,22.0,65.5,65.5,2018-01-17 22:00:00
2018,1.0,17.0,23.0,61.1,61.1,2018-01-17 23:00:00
2018,1.0,17.0,24.0,58.7,58.7,2018-01-18 00:00:00
2018,1.0,18.0,1.0,59.91,59.91,2018-01-18 01:00:00
2018,1.0,18.0,2.0,52.0,52.0,2018-01-18 02:00:00
2018,1.0,18.0,3.0,47.13,47.13,2018-01-18 03:00:00
2018,1.0,18.0,4.0,45.65,45.65,2018-01-18 04:00:00
2018,1.0,18.0,5.0,45.19,45.19,2018-01-18 05:00:00
2018,1.0,18.0,6.0,45.96,45.96,2018-01-18 06:00:00
2018,1.0,18.0,7.0,54.97,54.97,2018-01-18 07:00:00
2018,1.0,18.0,8.0,58.7,58.7,2018-01-18 08:00:00
2018,1.0,18.0,9.0,60.89,60.89,2018-01-18 09:00:00
2018,1.0,18.0,10.0,61.59,61.59,2018-01-18 10:00:00
2018,1.0,18.0,11.0,61.37,61.37,2018-01-18 11:00:00
2018,1.0,18.0,12.0,60.89,60.89,2018-01-18 12:00:00
2018,1.0,18.0,13.0,60.07,60.07,2018-01-18 13:00:00
2018,1.0,18.0,14.0,60.41,60.41,2018-01-18 14:00:00
2018,1.0,18.0,15.0,59.9,59.9,2018-01-18 15:00:00
2018,1.0,18.0,16.0,59.86,59.86,2018-01-18 16:00:00
2018,1.0,18.0,17.0,59.81,59.81,2018-01-18 17:00:00
2018,1.0,18.0,18.0,59.96,59.96,2018-01-18 18:00:00
2018,1.0,18.0,19.0,61.2,61.2,2018-01-18 19:00:00
2018,1.0,18.0,20.0,61.91,61.91,2018-01-18 20:00:00
2018,1.0,18.0,21.0,62.39,62.39,2018-01-18 21:00:00
2018,1.0,18.0,22.0,61.6,61.6,2018-01-18 22:00:00
2018,1.0,18.0,23.0,60.89,60.89,2018-01-18 23:00:00
2018,1.0,18.0,24.0,60.07,60.07,2018-01-19 00:00:00
2018,1.0,19.0,1.0,58.69,58.69,2018-01-19 01:00:00
2018,1.0,19.0,2.0,51.07,51.07,2018-01-19 02:00:00
2018,1.0,19.0,3.0,47.07,47.07,2018-01-19 03:00:00
2018,1.0,19.0,4.0,45.27,45.27,2018-01-19 04:00:00
2018,1.0,19.0,5.0,45.09,45.09,2018-01-19 05:00:00
2018,1.0,19.0,6.0,45.09,45.09,2018-01-19 06:00:00
2018,1.0,19.0,7.0,52.0,52.0,2018-01-19 07:00:00
2018,1.0,19.0,8.0,59.2,59.2,2018-01-19 08:00:00
2018,1.0,19.0,9.0,59.89,59.89,2018-01-19 09:00:00
2018,1.0,19.0,10.0,59.96,59.96,2018-01-19 10:00:00
2018,1.0,19.0,11.0,59.46,59.46,2018-01-19 11:00:00
2018,1.0,19.0,12.0,58.7,58.7,2018-01-19 12:00:00
2018,1.0,19.0,13.0,56.58,56.58,2018-01-19 13:00:00
2018,1.0,19.0,14.0,55.4,55.4,2018-01-19 14:00:00
2018,1.0,19.0,15.0,54.83,54.83,2018-01-19 15:00:00
2018,1.0,19.0,16.0,52.01,52.01,2018-01-19 16:00:00
2018,1.0,19.0,17.0,52.0,52.0,2018-01-19 17:00:00
2018,1.0,19.0,18.0,54.83,54.83,2018-01-19 18:00:00
2018,1.0,19.0,19.0,58.69,58.69,2018-01-19 19:00:00
2018,1.0,19.0,20.0,59.86,59.86,2018-01-19 20:00:00
2018,1.0,19.0,21.0,59.95,59.95,2018-01-19 21:00:00
2018,1.0,19.0,22.0,59.46,59.46,2018-01-19 22:00:00
2018,1.0,19.0,23.0,59.06,59.06,2018-01-19 23:00:00
2018,1.0,19.0,24.0,58.49,58.49,2018-01-20 00:00:00
2018,1.0,20.0,1.0,58.49,58.49,2018-01-20 01:00:00
2018,1.0,20.0,2.0,58.99,48.01,2018-01-20 02:00:00
2018,1.0,20.0,3.0,58.99,41.18,2018-01-20 03:00:00
2018,1.0,20.0,4.0,58.49,41.18,2018-01-20 04:00:00
2018,1.0,20.0,5.0,47.0,40.0,2018-01-20 05:00:00
2018,1.0,20.0,6.0,46.95,39.58,2018-01-20 06:00:00
2018,1.0,20.0,7.0,46.95,39.83,2018-01-20 07:00:00
2018,1.0,20.0,8.0,42.74,42.74,2018-01-20 08:00:00
2018,1.0,20.0,9.0,41.27,41.27,2018-01-20 09:00:00
2018,1.0,20.0,10.0,51.0,51.0,2018-01-20 10:00:00
2018,1.0,20.0,11.0,58.49,58.49,2018-01-20 11:00:00
2018,1.0,20.0,12.0,57.8,57.8,2018-01-20 12:00:00
2018,1.0,20.0,13.0,50.66,50.66,2018-01-20 13:00:00
2018,1.0,20.0,14.0,58.01,53.01,2018-01-20 14:00:00
2018,1.0,20.0,15.0,47.0,47.0,2018-01-20 15:00:00
2018,1.0,20.0,16.0,44.4,40.01,2018-01-20 16:00:00
2018,1.0,20.0,17.0,44.2,39.8,2018-01-20 17:00:00
2018,1.0,20.0,18.0,44.38,44.38,2018-01-20 18:00:00
2018,1.0,20.0,19.0,49.38,49.38,2018-01-20 19:00:00
2018,1.0,20.0,20.0,58.09,56.01,2018-01-20 20:00:00
2018,1.0,20.0,21.0,58.49,57.8,2018-01-20 21:00:00
2018,1.0,20.0,22.0,57.5,57.5,2018-01-20 22:00:00
2018,1.0,20.0,23.0,46.05,46.05,2018-01-20 23:00:00
2018,1.0,20.0,24.0,46.95,41.05,2018-01-21 00:00:00
2018,1.0,21.0,1.0,44.4,40.45,2018-01-21 01:00:00
2018,1.0,21.0,2.0,44.4,30.57,2018-01-21 02:00:00
2018,1.0,21.0,3.0,39.05,29.24,2018-01-21 03:00:00
2018,1.0,21.0,4.0,38.12,27.5,2018-01-21 04:00:00
2018,1.0,21.0,5.0,38.1,19.99,2018-01-21 05:00:00
2018,1.0,21.0,6.0,38.07,25.0,2018-01-21 06:00:00
2018,1.0,21.0,7.0,38.08,28.47,2018-01-21 07:00:00
2018,1.0,21.0,8.0,38.18,33.33,2018-01-21 08:00:00
2018,1.0,21.0,9.0,38.63,38.63,2018-01-21 09:00:00
2018,1.0,21.0,10.0,40.35,40.35,2018-01-21 10:00:00
2018,1.0,21.0,11.0,46.7,46.7,2018-01-21 11:00:00
2018,1.0,21.0,12.0,46.05,46.05,2018-01-21 12:00:00
2018,1.0,21.0,13.0,45.97,43.3,2018-01-21 13:00:00
2018,1.0,21.0,14.0,47.93,47.93,2018-01-21 14:00:00
2018,1.0,21.0,15.0,45.66,45.66,2018-01-21 15:00:00
2018,1.0,21.0,16.0,44.2,41.2,2018-01-21 16:00:00
2018,1.0,21.0,17.0,41.69,41.2,2018-01-21 17:00:00
2018,1.0,21.0,18.0,44.54,44.54,2018-01-21 18:00:00
2018,1.0,21.0,19.0,58.03,58.03,2018-01-21 19:00:00
2018,1.0,21.0,20.0,60.9,60.9,2018-01-21 20:00:00
2018,1.0,21.0,21.0,61.97,61.97,2018-01-21 21:00:00
2018,1.0,21.0,22.0,63.43,63.43,2018-01-21 22:00:00
2018,1.0,21.0,23.0,61.8,61.8,2018-01-21 23:00:00
2018,1.0,21.0,24.0,59.54,59.54,2018-01-22 00:00:00
2018,1.0,22.0,1.0,58.03,58.03,2018-01-22 01:00:00
2018,1.0,22.0,2.0,44.72,44.72,2018-01-22 02:00:00
2018,1.0,22.0,3.0,40.95,40.95,2018-01-22 03:00:00
2018,1.0,22.0,4.0,40.35,40.35,2018-01-22 04:00:00
2018,1.0,22.0,5.0,39.85,39.85,2018-01-22 05:00:00
2018,1.0,22.0,6.0,40.2,40.2,2018-01-22 06:00:00
2018,1.0,22.0,7.0,44.5,44.5,2018-01-22 07:00:00
2018,1.0,22.0,8.0,58.03,58.03,2018-01-22 08:00:00
2018,1.0,22.0,9.0,59.01,59.01,2018-01-22 09:00:00
2018,1.0,22.0,10.0,60.79,60.79,2018-01-22 10:00:00
2018,1.0,22.0,11.0,60.1,60.1,2018-01-22 11:00:00
2018,1.0,22.0,12.0,58.7,58.7,2018-01-22 12:00:00
2018,1.0,22.0,13.0,58.09,58.09,2018-01-22 13:00:00
2018,1.0,22.0,14.0,58.01,58.01,2018-01-22 14:00:00
2018,1.0,22.0,15.0,55.69,55.69,2018-01-22 15:00:00
2018,1.0,22.0,16.0,52.73,52.73,2018-01-22 16:00:00
2018,1.0,22.0,17.0,52.16,52.16,2018-01-22 17:00:00
2018,1.0,22.0,18.0,55.8,55.8,2018-01-22 18:00:00
2018,1.0,22.0,19.0,57.69,57.69,2018-01-22 19:00:00
2018,1.0,22.0,20.0,59.03,59.03,2018-01-22 20:00:00
2018,1.0,22.0,21.0,61.01,61.01,2018-01-22 21:00:00
2018,1.0,22.0,22.0,60.32,60.32,2018-01-22 22:00:00
2018,1.0,22.0,23.0,57.86,57.86,2018-01-22 23:00:00
2018,1.0,22.0,24.0,56.09,56.09,2018-01-23 00:00:00
2018,1.0,23.0,1.0,59.01,59.01,2018-01-23 01:00:00
2018,1.0,23.0,2.0,53.01,53.01,2018-01-23 02:00:00
2018,1.0,23.0,3.0,49.4,49.4,2018-01-23 03:00:00
2018,1.0,23.0,4.0,47.43,47.43,2018-01-23 04:00:00
2018,1.0,23.0,5.0,47.43,47.43,2018-01-23 05:00:00
2018,1.0,23.0,6.0,47.76,47.76,2018-01-23 06:00:00
2018,1.0,23.0,7.0,53.48,53.48,2018-01-23 07:00:00
2018,1.0,23.0,8.0,59.34,59.34,2018-01-23 08:00:00
2018,1.0,23.0,9.0,61.41,61.41,2018-01-23 09:00:00
2018,1.0,23.0,10.0,61.8,61.8,2018-01-23 10:00:00
2018,1.0,23.0,11.0,61.62,61.62,2018-01-23 11:00:00
2018,1.0,23.0,12.0,60.69,60.69,2018-01-23 12:00:00
2018,1.0,23.0,13.0,59.55,59.55,2018-01-23 13:00:00
2018,1.0,23.0,14.0,60.02,60.02,2018-01-23 14:00:00
2018,1.0,23.0,15.0,59.34,59.34,2018-01-23 15:00:00
2018,1.0,23.0,16.0,58.7,58.7,2018-01-23 16:00:00
2018,1.0,23.0,17.0,59.34,59.34,2018-01-23 17:00:00
2018,1.0,23.0,18.0,58.03,58.03,2018-01-23 18:00:00
2018,1.0,23.0,19.0,61.09,61.09,2018-01-23 19:00:00
2018,1.0,23.0,20.0,62.57,62.57,2018-01-23 20:00:00
2018,1.0,23.0,21.0,63.51,63.51,2018-01-23 21:00:00
2018,1.0,23.0,22.0,63.09,63.09,2018-01-23 22:00:00
2018,1.0,23.0,23.0,61.77,61.77,2018-01-23 23:00:00
2018,1.0,23.0,24.0,61.69,61.69,2018-01-24 00:00:00
2018,1.0,24.0,1.0,61.59,61.59,2018-01-24 01:00:00
2018,1.0,24.0,2.0,59.75,59.75,2018-01-24 02:00:00
2018,1.0,24.0,3.0,57.69,57.69,2018-01-24 03:00:00
2018,1.0,24.0,4.0,53.01,53.01,2018-01-24 04:00:00
2018,1.0,24.0,5.0,49.57,49.57,2018-01-24 05:00:00
2018,1.0,24.0,6.0,51.0,51.0,2018-01-24 06:00:00
2018,1.0,24.0,7.0,56.65,56.65,2018-01-24 07:00:00
2018,1.0,24.0,8.0,58.7,58.7,2018-01-24 08:00:00
2018,1.0,24.0,9.0,59.9,59.9,2018-01-24 09:00:00
2018,1.0,24.0,10.0,59.9,59.9,2018-01-24 10:00:00
2018,1.0,24.0,11.0,58.51,58.51,2018-01-24 11:00:00
2018,1.0,24.0,12.0,57.45,57.45,2018-01-24 12:00:00
2018,1.0,24.0,13.0,55.9,55.9,2018-01-24 13:00:00
2018,1.0,24.0,14.0,55.83,55.83,2018-01-24 14:00:00
2018,1.0,24.0,15.0,53.56,53.56,2018-01-24 15:00:00
2018,1.0,24.0,16.0,50.86,50.86,2018-01-24 16:00:00
2018,1.0,24.0,17.0,50.09,50.09,2018-01-24 17:00:00
2018,1.0,24.0,18.0,52.17,52.17,2018-01-24 18:00:00
2018,1.0,24.0,19.0,57.45,57.45,2018-01-24 19:00:00
2018,1.0,24.0,20.0,59.75,59.75,2018-01-24 20:00:00
2018,1.0,24.0,21.0,60.82,60.82,2018-01-24 21:00:00
2018,1.0,24.0,22.0,60.01,60.01,2018-01-24 22:00:00
2018,1.0,24.0,23.0,59.0,59.0,2018-01-24 23:00:00
2018,1.0,24.0,24.0,57.69,57.69,2018-01-25 00:00:00
2018,1.0,25.0,1.0,58.95,58.95,2018-01-25 01:00:00
2018,1.0,25.0,2.0,56.02,56.02,2018-01-25 02:00:00
2018,1.0,25.0,3.0,47.76,47.76,2018-01-25 03:00:00
2018,1.0,25.0,4.0,46.01,46.01,2018-01-25 04:00:00
2018,1.0,25.0,5.0,45.39,45.39,2018-01-25 05:00:00
2018,1.0,25.0,6.0,45.39,45.39,2018-01-25 06:00:00
2018,1.0,25.0,7.0,54.82,54.82,2018-01-25 07:00:00
2018,1.0,25.0,8.0,55.84,55.84,2018-01-25 08:00:00
2018,1.0,25.0,9.0,58.68,58.68,2018-01-25 09:00:00
2018,1.0,25.0,10.0,59.11,59.11,2018-01-25 10:00:00
2018,1.0,25.0,11.0,58.95,58.95,2018-01-25 11:00:00
2018,1.0,25.0,12.0,58.19,58.19,2018-01-25 12:00:00
2018,1.0,25.0,13.0,56.94,56.94,2018-01-25 13:00:00
2018,1.0,25.0,14.0,56.92,56.92,2018-01-25 14:00:00
2018,1.0,25.0,15.0,55.69,55.69,2018-01-25 15:00:00
2018,1.0,25.0,16.0,51.89,51.89,2018-01-25 16:00:00
2018,1.0,25.0,17.0,49.0,49.0,2018-01-25 17:00:00
2018,1.0,25.0,18.0,49.37,49.37,2018-01-25 18:00:00
2018,1.0,25.0,19.0,55.69,55.69,2018-01-25 19:00:00
2018,1.0,25.0,20.0,57.69,57.69,2018-01-25 20:00:00
2018,1.0,25.0,21.0,57.98,57.98,2018-01-25 21:00:00
2018,1.0,25.0,22.0,54.19,54.19,2018-01-25 22:00:00
2018,1.0,25.0,23.0,48.17,48.17,2018-01-25 23:00:00
2018,1.0,25.0,24.0,43.09,43.09,2018-01-26 00:00:00
2018,1.0,26.0,1.0,42.61,42.61,2018-01-26 01:00:00
2018,1.0,26.0,2.0,38.12,38.05,2018-01-26 02:00:00
2018,1.0,26.0,3.0,37.59,35.84,2018-01-26 03:00:00
2018,1.0,26.0,4.0,37.39,33.01,2018-01-26 04:00:00
2018,1.0,26.0,5.0,37.09,32.8,2018-01-26 05:00:00
2018,1.0,26.0,6.0,36.84,34.9,2018-01-26 06:00:00
2018,1.0,26.0,7.0,39.91,39.91,2018-01-26 07:00:00
2018,1.0,26.0,8.0,51.27,51.27,2018-01-26 08:00:00
2018,1.0,26.0,9.0,57.3,57.3,2018-01-26 09:00:00
2018,1.0,26.0,10.0,58.01,58.01,2018-01-26 10:00:00
2018,1.0,26.0,11.0,57.6,57.6,2018-01-26 11:00:00
2018,1.0,26.0,12.0,53.75,53.75,2018-01-26 12:00:00
2018,1.0,26.0,13.0,50.23,50.23,2018-01-26 13:00:00
2018,1.0,26.0,14.0,49.2,49.2,2018-01-26 14:00:00
2018,1.0,26.0,15.0,48.96,48.96,2018-01-26 15:00:00
2018,1.0,26.0,16.0,48.25,48.25,2018-01-26 16:00:00
2018,1.0,26.0,17.0,48.25,48.25,2018-01-26 17:00:00
2018,1.0,26.0,18.0,51.15,51.15,2018-01-26 18:00:00
2018,1.0,26.0,19.0,54.7,54.7,2018-01-26 19:00:00
2018,1.0,26.0,20.0,57.98,57.98,2018-01-26 20:00:00
2018,1.0,26.0,21.0,58.44,58.44,2018-01-26 21:00:00
2018,1.0,26.0,22.0,58.39,58.39,2018-01-26 22:00:00
2018,1.0,26.0,23.0,57.3,57.3,2018-01-26 23:00:00
2018,1.0,26.0,24.0,54.77,54.77,2018-01-27 00:00:00
2018,1.0,27.0,1.0,51.47,51.47,2018-01-27 01:00:00
2018,1.0,27.0,2.0,39.52,39.52,2018-01-27 02:00:00
2018,1.0,27.0,3.0,38.12,38.12,2018-01-27 03:00:00
2018,1.0,27.0,4.0,38.05,38.05,2018-01-27 04:00:00
2018,1.0,27.0,5.0,37.92,37.92,2018-01-27 05:00:00
2018,1.0,27.0,6.0,37.92,37.92,2018-01-27 06:00:00
2018,1.0,27.0,7.0,38.09,38.09,2018-01-27 07:00:00
2018,1.0,27.0,8.0,39.27,39.27,2018-01-27 08:00:00
2018,1.0,27.0,9.0,43.45,43.45,2018-01-27 09:00:00
2018,1.0,27.0,10.0,51.47,51.47,2018-01-27 10:00:00
2018,1.0,27.0,11.0,56.09,56.09,2018-01-27 11:00:00
2018,1.0,27.0,12.0,54.15,54.15,2018-01-27 12:00:00
2018,1.0,27.0,13.0,49.09,49.09,2018-01-27 13:00:00
2018,1.0,27.0,14.0,51.09,51.09,2018-01-27 14:00:00
2018,1.0,27.0,15.0,46.95,46.95,2018-01-27 15:00:00
2018,1.0,27.0,16.0,44.6,44.6,2018-01-27 16:00:00
2018,1.0,27.0,17.0,44.49,44.49,2018-01-27 17:00:00
2018,1.0,27.0,18.0,46.0,46.0,2018-01-27 18:00:00
2018,1.0,27.0,19.0,57.2,57.2,2018-01-27 19:00:00
2018,1.0,27.0,20.0,60.08,60.08,2018-01-27 20:00:00
2018,1.0,27.0,21.0,60.59,60.59,2018-01-27 21:00:00
2018,1.0,27.0,22.0,60.61,60.61,2018-01-27 22:00:00
2018,1.0,27.0,23.0,60.37,60.37,2018-01-27 23:00:00
2018,1.0,27.0,24.0,59.42,59.42,2018-01-28 00:00:00
2018,1.0,28.0,1.0,57.12,57.12,2018-01-28 01:00:00
2018,1.0,28.0,2.0,53.01,53.01,2018-01-28 02:00:00
2018,1.0,28.0,3.0,42.1,42.1,2018-01-28 03:00:00
2018,1.0,28.0,4.0,39.98,39.98,2018-01-28 04:00:00
2018,1.0,28.0,5.0,39.66,39.66,2018-01-28 05:00:00
2018,1.0,28.0,6.0,39.66,39.66,2018-01-28 06:00:00
2018,1.0,28.0,7.0,39.81,39.81,2018-01-28 07:00:00
2018,1.0,28.0,8.0,39.98,39.98,2018-01-28 08:00:00
2018,1.0,28.0,9.0,40.0,40.0,2018-01-28 09:00:00
2018,1.0,28.0,10.0,41.6,41.6,2018-01-28 10:00:00
2018,1.0,28.0,11.0,50.0,50.0,2018-01-28 11:00:00
2018,1.0,28.0,12.0,51.65,51.65,2018-01-28 12:00:00
2018,1.0,28.0,13.0,51.58,51.58,2018-01-28 13:00:00
2018,1.0,28.0,14.0,52.88,52.88,2018-01-28 14:00:00
2018,1.0,28.0,15.0,50.66,50.66,2018-01-28 15:00:00
2018,1.0,28.0,16.0,43.42,43.42,2018-01-28 16:00:00
2018,1.0,28.0,17.0,41.6,41.6,2018-01-28 17:00:00
2018,1.0,28.0,18.0,44.01,44.01,2018-01-28 18:00:00
2018,1.0,28.0,19.0,53.95,53.95,2018-01-28 19:00:00
2018,1.0,28.0,20.0,59.58,59.58,2018-01-28 20:00:00
2018,1.0,28.0,21.0,60.98,60.98,2018-01-28 21:00:00
2018,1.0,28.0,22.0,61.99,61.99,2018-01-28 22:00:00
2018,1.0,28.0,23.0,60.98,60.98,2018-01-28 23:00:00
2018,1.0,28.0,24.0,58.19,58.19,2018-01-29 00:00:00
2018,1.0,29.0,1.0,56.37,56.37,2018-01-29 01:00:00
2018,1.0,29.0,2.0,46.18,46.18,2018-01-29 02:00:00
2018,1.0,29.0,3.0,45.13,45.13,2018-01-29 03:00:00
2018,1.0,29.0,4.0,45.09,45.09,2018-01-29 04:00:00
2018,1.0,29.0,5.0,46.0,46.0,2018-01-29 05:00:00
2018,1.0,29.0,6.0,47.95,47.95,2018-01-29 06:00:00
2018,1.0,29.0,7.0,57.79,57.79,2018-01-29 07:00:00
2018,1.0,29.0,8.0,59.42,59.42,2018-01-29 08:00:00
2018,1.0,29.0,9.0,58.99,58.99,2018-01-29 09:00:00
2018,1.0,29.0,10.0,58.99,58.99,2018-01-29 10:00:00
2018,1.0,29.0,11.0,59.01,59.01,2018-01-29 11:00:00
2018,1.0,29.0,12.0,58.19,58.19,2018-01-29 12:00:00
2018,1.0,29.0,13.0,56.37,56.37,2018-01-29 13:00:00
2018,1.0,29.0,14.0,55.39,55.39,2018-01-29 14:00:00
2018,1.0,29.0,15.0,54.23,54.23,2018-01-29 15:00:00
2018,1.0,29.0,16.0,54.14,54.14,2018-01-29 16:00:00
2018,1.0,29.0,17.0,54.04,54.04,2018-01-29 17:00:00
2018,1.0,29.0,18.0,54.14,54.14,2018-01-29 18:00:00
2018,1.0,29.0,19.0,58.19,58.19,2018-01-29 19:00:00
2018,1.0,29.0,20.0,59.58,59.58,2018-01-29 20:00:00
2018,1.0,29.0,21.0,59.8,59.8,2018-01-29 21:00:00
2018,1.0,29.0,22.0,59.25,59.25,2018-01-29 22:00:00
2018,1.0,29.0,23.0,54.63,54.63,2018-01-29 23:00:00
2018,1.0,29.0,24.0,54.04,54.04,2018-01-30 00:00:00
2018,1.0,30.0,1.0,48.01,48.01,2018-01-30 01:00:00
2018,1.0,30.0,2.0,44.1,44.1,2018-01-30 02:00:00
2018,1.0,30.0,3.0,41.2,41.2,2018-01-30 03:00:00
2018,1.0,30.0,4.0,41.06,41.06,2018-01-30 04:00:00
2018,1.0,30.0,5.0,41.2,41.2,2018-01-30 05:00:00
2018,1.0,30.0,6.0,43.6,43.6,2018-01-30 06:00:00
2018,1.0,30.0,7.0,48.01,48.01,2018-01-30 07:00:00
2018,1.0,30.0,8.0,55.39,55.39,2018-01-30 08:00:00
2018,1.0,30.0,9.0,57.0,57.0,2018-01-30 09:00:00
2018,1.0,30.0,10.0,58.58,58.58,2018-01-30 10:00:00
2018,1.0,30.0,11.0,58.87,58.87,2018-01-30 11:00:00
2018,1.0,30.0,12.0,58.75,58.75,2018-01-30 12:00:00
2018,1.0,30.0,13.0,58.58,58.58,2018-01-30 13:00:00
2018,1.0,30.0,14.0,58.39,58.39,2018-01-30 14:00:00
2018,1.0,30.0,15.0,58.19,58.19,2018-01-30 15:00:00
2018,1.0,30.0,16.0,57.79,57.79,2018-01-30 16:00:00
2018,1.0,30.0,17.0,56.37,56.37,2018-01-30 17:00:00
2018,1.0,30.0,18.0,58.19,58.19,2018-01-30 18:00:00
2018,1.0,30.0,19.0,58.99,58.99,2018-01-30 19:00:00
2018,1.0,30.0,20.0,60.07,60.07,2018-01-30 20:00:00
2018,1.0,30.0,21.0,60.19,60.19,2018-01-30 21:00:00
2018,1.0,30.0,22.0,59.69,59.69,2018-01-30 22:00:00
2018,1.0,30.0,23.0,58.01,58.01,2018-01-30 23:00:00
2018,1.0,30.0,24.0,55.31,55.31,2018-01-31 00:00:00
2018,1.0,31.0,1.0,58.78,58.78,2018-01-31 01:00:00
2018,1.0,31.0,2.0,55.39,55.39,2018-01-31 02:00:00
2018,1.0,31.0,3.0,51.13,51.13,2018-01-31 03:00:00
2018,1.0,31.0,4.0,48.46,48.46,2018-01-31 04:00:00
2018,1.0,31.0,5.0,48.46,48.46,2018-01-31 05:00:00
2018,1.0,31.0,6.0,50.82,50.82,2018-01-31 06:00:00
2018,1.0,31.0,7.0,55.39,55.39,2018-01-31 07:00:00
2018,1.0,31.0,8.0,58.01,58.01,2018-01-31 08:00:00
2018,1.0,31.0,9.0,58.99,58.99,2018-01-31 09:00:00
2018,1.0,31.0,10.0,59.26,59.26,2018-01-31 10:00:00
2018,1.0,31.0,11.0,59.25,59.25,2018-01-31 11:00:00
2018,1.0,31.0,12.0,58.67,58.67,2018-01-31 12:00:00
2018,1.0,31.0,13.0,58.39,58.39,2018-01-31 13:00:00
2018,1.0,31.0,14.0,59.0,59.0,2018-01-31 14:00:00
2018,1.0,31.0,15.0,58.39,58.39,2018-01-31 15:00:00
2018,1.0,31.0,16.0,58.19,58.19,2018-01-31 16:00:00
2018,1.0,31.0,17.0,57.98,57.98,2018-01-31 17:00:00
2018,1.0,31.0,18.0,57.07,57.07,2018-01-31 18:00:00
2018,1.0,31.0,19.0,58.99,58.99,2018-01-31 19:00:00
2018,1.0,31.0,20.0,60.13,60.13,2018-01-31 20:00:00
2018,1.0,31.0,21.0,60.61,60.61,2018-01-31 21:00:00
2018,1.0,31.0,22.0,60.37,60.37,2018-01-31 22:00:00
2018,1.0,31.0,23.0,59.25,59.25,2018-01-31 23:00:00
2018,1.0,31.0,24.0,58.78,58.78,2018-02-01 00:00:00
2018,2.0,1.0,1.0,60.0,60.0,2018-02-01 01:00:00
2018,2.0,1.0,2.0,57.79,57.79,2018-02-01 02:00:00
2018,2.0,1.0,3.0,55.31,55.31,2018-02-01 03:00:00
2018,2.0,1.0,4.0,50.96,50.96,2018-02-01 04:00:00
2018,2.0,1.0,5.0,47.07,47.07,2018-02-01 05:00:00
2018,2.0,1.0,6.0,46.0,46.0,2018-02-01 06:00:00
2018,2.0,1.0,7.0,54.0,54.0,2018-02-01 07:00:00
2018,2.0,1.0,8.0,59.37,59.37,2018-02-01 08:00:00
2018,2.0,1.0,9.0,60.77,60.77,2018-02-01 09:00:00
2018,2.0,1.0,10.0,60.61,60.61,2018-02-01 10:00:00
2018,2.0,1.0,11.0,60.17,60.17,2018-02-01 11:00:00
2018,2.0,1.0,12.0,59.25,59.25,2018-02-01 12:00:00
2018,2.0,1.0,13.0,57.3,57.3,2018-02-01 13:00:00
2018,2.0,1.0,14.0,55.04,55.04,2018-02-01 14:00:00
2018,2.0,1.0,15.0,46.88,46.88,2018-02-01 15:00:00
2018,2.0,1.0,16.0,44.99,44.99,2018-02-01 16:00:00
2018,2.0,1.0,17.0,44.68,44.68,2018-02-01 17:00:00
2018,2.0,1.0,18.0,46.32,46.32,2018-02-01 18:00:00
2018,2.0,1.0,19.0,53.81,53.81,2018-02-01 19:00:00
2018,2.0,1.0,20.0,58.19,58.19,2018-02-01 20:00:00
2018,2.0,1.0,21.0,59.37,59.37,2018-02-01 21:00:00
2018,2.0,1.0,22.0,58.87,58.87,2018-02-01 22:00:00
2018,2.0,1.0,23.0,55.1,55.1,2018-02-01 23:00:00
2018,2.0,1.0,24.0,52.14,52.14,2018-02-02 00:00:00
2018,2.0,2.0,1.0,44.9,44.9,2018-02-02 01:00:00
2018,2.0,2.0,2.0,41.6,41.6,2018-02-02 02:00:00
2018,2.0,2.0,3.0,40.55,40.55,2018-02-02 03:00:00
2018,2.0,2.0,4.0,39.5,39.5,2018-02-02 04:00:00
2018,2.0,2.0,5.0,39.25,39.25,2018-02-02 05:00:00
2018,2.0,2.0,6.0,39.5,39.5,2018-02-02 06:00:00
2018,2.0,2.0,7.0,41.73,41.73,2018-02-02 07:00:00
2018,2.0,2.0,8.0,54.23,54.23,2018-02-02 08:00:00
2018,2.0,2.0,9.0,58.29,58.29,2018-02-02 09:00:00
2018,2.0,2.0,10.0,58.59,58.59,2018-02-02 10:00:00
2018,2.0,2.0,11.0,58.1,58.1,2018-02-02 11:00:00
2018,2.0,2.0,12.0,54.65,54.65,2018-02-02 12:00:00
2018,2.0,2.0,13.0,54.49,54.49,2018-02-02 13:00:00
2018,2.0,2.0,14.0,52.04,52.04,2018-02-02 14:00:00
2018,2.0,2.0,15.0,45.2,45.2,2018-02-02 15:00:00
2018,2.0,2.0,16.0,44.1,44.1,2018-02-02 16:00:00
2018,2.0,2.0,17.0,44.61,44.61,2018-02-02 17:00:00
2018,2.0,2.0,18.0,51.37,51.37,2018-02-02 18:00:00
2018,2.0,2.0,19.0,57.65,57.65,2018-02-02 19:00:00
2018,2.0,2.0,20.0,60.05,60.05,2018-02-02 20:00:00
2018,2.0,2.0,21.0,60.61,60.61,2018-02-02 21:00:00
2018,2.0,2.0,22.0,60.17,60.17,2018-02-02 22:00:00
2018,2.0,2.0,23.0,58.99,58.99,2018-02-02 23:00:00
2018,2.0,2.0,24.0,58.72,58.72,2018-02-03 00:00:00
2018,2.0,3.0,1.0,58.39,58.39,2018-02-03 01:00:00
2018,2.0,3.0,2.0,54.1,54.1,2018-02-03 02:00:00
2018,2.0,3.0,3.0,45.1,45.1,2018-02-03 03:00:00
2018,2.0,3.0,4.0,43.84,43.84,2018-02-03 04:00:00
2018,2.0,3.0,5.0,43.57,43.57,2018-02-03 05:00:00
2018,2.0,3.0,6.0,43.39,43.39,2018-02-03 06:00:00
2018,2.0,3.0,7.0,43.64,43.64,2018-02-03 07:00:00
2018,2.0,3.0,8.0,44.35,44.35,2018-02-03 08:00:00
2018,2.0,3.0,9.0,44.1,44.1,2018-02-03 09:00:00
2018,2.0,3.0,10.0,50.28,50.28,2018-02-03 10:00:00
2018,2.0,3.0,11.0,55.01,55.01,2018-02-03 11:00:00
2018,2.0,3.0,12.0,51.07,51.07,2018-02-03 12:00:00
2018,2.0,3.0,13.0,46.96,46.96,2018-02-03 13:00:00
2018,2.0,3.0,14.0,46.95,46.95,2018-02-03 14:00:00
2018,2.0,3.0,15.0,44.35,44.35,2018-02-03 15:00:00
2018,2.0,3.0,16.0,43.57,43.57,2018-02-03 16:00:00
2018,2.0,3.0,17.0,43.39,43.39,2018-02-03 17:00:00
2018,2.0,3.0,18.0,47.38,47.38,2018-02-03 18:00:00
2018,2.0,3.0,19.0,50.54,50.54,2018-02-03 19:00:00
2018,2.0,3.0,20.0,58.19,58.19,2018-02-03 20:00:00
2018,2.0,3.0,21.0,58.99,58.99,2018-02-03 21:00:00
2018,2.0,3.0,22.0,58.59,58.59,2018-02-03 22:00:00
2018,2.0,3.0,23.0,55.1,55.1,2018-02-03 23:00:00
2018,2.0,3.0,24.0,51.0,51.0,2018-02-04 00:00:00
2018,2.0,4.0,1.0,50.28,50.28,2018-02-04 01:00:00
2018,2.0,4.0,2.0,44.55,44.55,2018-02-04 02:00:00
2018,2.0,4.0,3.0,43.97,43.97,2018-02-04 03:00:00
2018,2.0,4.0,4.0,43.4,43.4,2018-02-04 04:00:00
2018,2.0,4.0,5.0,43.4,43.4,2018-02-04 05:00:00
2018,2.0,4.0,6.0,43.9,43.9,2018-02-04 06:00:00
2018,2.0,4.0,7.0,44.01,44.01,2018-02-04 07:00:00
2018,2.0,4.0,8.0,44.35,44.35,2018-02-04 08:00:00
2018,2.0,4.0,9.0,44.35,44.35,2018-02-04 09:00:00
2018,2.0,4.0,10.0,52.01,52.01,2018-02-04 10:00:00
2018,2.0,4.0,11.0,57.98,57.98,2018-02-04 11:00:00
2018,2.0,4.0,12.0,58.09,58.09,2018-02-04 12:00:00
2018,2.0,4.0,13.0,57.02,57.02,2018-02-04 13:00:00
2018,2.0,4.0,14.0,58.19,58.19,2018-02-04 14:00:00
2018,2.0,4.0,15.0,57.98,57.98,2018-02-04 15:00:00
2018,2.0,4.0,16.0,54.47,54.47,2018-02-04 16:00:00
2018,2.0,4.0,17.0,52.55,52.55,2018-02-04 17:00:00
2018,2.0,4.0,18.0,54.1,54.1,2018-02-04 18:00:00
2018,2.0,4.0,19.0,58.29,58.29,2018-02-04 19:00:00
2018,2.0,4.0,20.0,59.82,59.82,2018-02-04 20:00:00
2018,2.0,4.0,21.0,62.02,62.02,2018-02-04 21:00:00
2018,2.0,4.0,22.0,62.1,62.1,2018-02-04 22:00:00
2018,2.0,4.0,23.0,59.81,59.81,2018-02-04 23:00:00
2018,2.0,4.0,24.0,58.1,58.1,2018-02-05 00:00:00
2018,2.0,5.0,1.0,58.09,58.09,2018-02-05 01:00:00
2018,2.0,5.0,2.0,49.59,49.59,2018-02-05 02:00:00
2018,2.0,5.0,3.0,44.78,44.78,2018-02-05 03:00:00
2018,2.0,5.0,4.0,44.35,44.35,2018-02-05 04:00:00
2018,2.0,5.0,5.0,44.35,44.35,2018-02-05 05:00:00
2018,2.0,5.0,6.0,44.35,44.35,2018-02-05 06:00:00
2018,2.0,5.0,7.0,49.33,49.33,2018-02-05 07:00:00
2018,2.0,5.0,8.0,59.35,59.35,2018-02-05 08:00:00
2018,2.0,5.0,9.0,60.81,60.81,2018-02-05 09:00:00
2018,2.0,5.0,10.0,62.62,62.62,2018-02-05 10:00:00
2018,2.0,5.0,11.0,62.02,62.02,2018-02-05 11:00:00
2018,2.0,5.0,12.0,60.77,60.77,2018-02-05 12:00:00
2018,2.0,5.0,13.0,59.42,59.42,2018-02-05 13:00:00
2018,2.0,5.0,14.0,59.31,59.31,2018-02-05 14:00:00
2018,2.0,5.0,15.0,57.5,57.5,2018-02-05 15:00:00
2018,2.0,5.0,16.0,53.56,53.56,2018-02-05 16:00:00
2018,2.0,5.0,17.0,53.4,53.4,2018-02-05 17:00:00
2018,2.0,5.0,18.0,56.93,56.93,2018-02-05 18:00:00
2018,2.0,5.0,19.0,58.99,58.99,2018-02-05 19:00:00
2018,2.0,5.0,20.0,60.57,60.57,2018-02-05 20:00:00
2018,2.0,5.0,21.0,61.81,61.81,2018-02-05 21:00:00
2018,2.0,5.0,22.0,60.77,60.77,2018-02-05 22:00:00
2018,2.0,5.0,23.0,58.55,58.55,2018-02-05 23:00:00
2018,2.0,5.0,24.0,49.59,49.59,2018-02-06 00:00:00
2018,2.0,6.0,1.0,45.5,45.5,2018-02-06 01:00:00
2018,2.0,6.0,2.0,44.35,44.35,2018-02-06 02:00:00
2018,2.0,6.0,3.0,43.53,43.53,2018-02-06 03:00:00
2018,2.0,6.0,4.0,42.06,42.06,2018-02-06 04:00:00
2018,2.0,6.0,5.0,42.05,42.05,2018-02-06 05:00:00
2018,2.0,6.0,6.0,43.03,43.03,2018-02-06 06:00:00
2018,2.0,6.0,7.0,44.69,44.69,2018-02-06 07:00:00
2018,2.0,6.0,8.0,56.77,56.77,2018-02-06 08:00:00
2018,2.0,6.0,9.0,62.51,62.51,2018-02-06 09:00:00
2018,2.0,6.0,10.0,62.09,62.09,2018-02-06 10:00:00
2018,2.0,6.0,11.0,60.07,60.07,2018-02-06 11:00:00
2018,2.0,6.0,12.0,58.75,58.75,2018-02-06 12:00:00
2018,2.0,6.0,13.0,55.06,55.06,2018-02-06 13:00:00
2018,2.0,6.0,14.0,54.1,54.1,2018-02-06 14:00:00
2018,2.0,6.0,15.0,52.91,52.91,2018-02-06 15:00:00
2018,2.0,6.0,16.0,51.62,51.62,2018-02-06 16:00:00
2018,2.0,6.0,17.0,53.75,53.75,2018-02-06 17:00:00
2018,2.0,6.0,18.0,60.21,60.21,2018-02-06 18:00:00
2018,2.0,6.0,19.0,62.48,62.48,2018-02-06 19:00:00
2018,2.0,6.0,20.0,62.36,62.36,2018-02-06 20:00:00
2018,2.0,6.0,21.0,62.09,62.09,2018-02-06 21:00:00
2018,2.0,6.0,22.0,61.87,61.87,2018-02-06 22:00:00
2018,2.0,6.0,23.0,58.99,58.99,2018-02-06 23:00:00
2018,2.0,6.0,24.0,50.16,50.16,2018-02-07 00:00:00
2018,2.0,7.0,1.0,48.25,48.25,2018-02-07 01:00:00
2018,2.0,7.0,2.0,44.69,44.69,2018-02-07 02:00:00
2018,2.0,7.0,3.0,44.19,43.03,2018-02-07 03:00:00
2018,2.0,7.0,4.0,44.03,42.37,2018-02-07 04:00:00
2018,2.0,7.0,5.0,43.69,42.37,2018-02-07 05:00:00
2018,2.0,7.0,6.0,43.53,43.03,2018-02-07 06:00:00
2018,2.0,7.0,7.0,47.18,47.18,2018-02-07 07:00:00
2018,2.0,7.0,8.0,59.21,59.21,2018-02-07 08:00:00
2018,2.0,7.0,9.0,62.62,62.62,2018-02-07 09:00:00
2018,2.0,7.0,10.0,63.9,63.9,2018-02-07 10:00:00
2018,2.0,7.0,11.0,62.62,62.62,2018-02-07 11:00:00
2018,2.0,7.0,12.0,61.43,61.43,2018-02-07 12:00:00
2018,2.0,7.0,13.0,59.83,59.83,2018-02-07 13:00:00
2018,2.0,7.0,14.0,58.1,58.1,2018-02-07 14:00:00
2018,2.0,7.0,15.0,53.46,53.46,2018-02-07 15:00:00
2018,2.0,7.0,16.0,52.5,52.5,2018-02-07 16:00:00
2018,2.0,7.0,17.0,55.55,55.55,2018-02-07 17:00:00
2018,2.0,7.0,18.0,60.19,60.19,2018-02-07 18:00:00
2018,2.0,7.0,19.0,65.13,65.13,2018-02-07 19:00:00
2018,2.0,7.0,20.0,65.62,65.62,2018-02-07 20:00:00
2018,2.0,7.0,21.0,66.35,66.35,2018-02-07 21:00:00
2018,2.0,7.0,22.0,66.19,66.19,2018-02-07 22:00:00
2018,2.0,7.0,23.0,63.87,63.87,2018-02-07 23:00:00
2018,2.0,7.0,24.0,61.28,61.28,2018-02-08 00:00:00
2018,2.0,8.0,1.0,62.09,62.09,2018-02-08 01:00:00
2018,2.0,8.0,2.0,56.51,56.51,2018-02-08 02:00:00
2018,2.0,8.0,3.0,51.0,51.0,2018-02-08 03:00:00
2018,2.0,8.0,4.0,50.16,50.16,2018-02-08 04:00:00
2018,2.0,8.0,5.0,50.16,50.16,2018-02-08 05:00:00
2018,2.0,8.0,6.0,50.19,50.19,2018-02-08 06:00:00
2018,2.0,8.0,7.0,56.07,56.07,2018-02-08 07:00:00
2018,2.0,8.0,8.0,62.34,62.34,2018-02-08 08:00:00
2018,2.0,8.0,9.0,67.66,67.66,2018-02-08 09:00:00
2018,2.0,8.0,10.0,67.45,67.45,2018-02-08 10:00:00
2018,2.0,8.0,11.0,67.18,67.18,2018-02-08 11:00:00
2018,2.0,8.0,12.0,65.62,65.62,2018-02-08 12:00:00
2018,2.0,8.0,13.0,64.84,64.84,2018-02-08 13:00:00
2018,2.0,8.0,14.0,64.63,64.63,2018-02-08 14:00:00
2018,2.0,8.0,15.0,62.62,62.62,2018-02-08 15:00:00
2018,2.0,8.0,16.0,62.09,62.09,2018-02-08 16:00:00
2018,2.0,8.0,17.0,63.0,63.0,2018-02-08 17:00:00
2018,2.0,8.0,18.0,64.63,64.63,2018-02-08 18:00:00
2018,2.0,8.0,19.0,71.19,71.19,2018-02-08 19:00:00
2018,2.0,8.0,20.0,71.04,71.04,2018-02-08 20:00:00
2018,2.0,8.0,21.0,71.04,71.04,2018-02-08 21:00:00
2018,2.0,8.0,22.0,70.49,70.49,2018-02-08 22:00:00
2018,2.0,8.0,23.0,69.42,69.42,2018-02-08 23:00:00
2018,2.0,8.0,24.0,67.67,67.67,2018-02-09 00:00:00
2018,2.0,9.0,1.0,62.62,61.68,2018-02-09 01:00:00
2018,2.0,9.0,2.0,63.73,59.83,2018-02-09 02:00:00
2018,2.0,9.0,3.0,53.58,53.58,2018-02-09 03:00:00
2018,2.0,9.0,4.0,50.8,50.8,2018-02-09 04:00:00
2018,2.0,9.0,5.0,50.5,50.5,2018-02-09 05:00:00
2018,2.0,9.0,6.0,53.35,53.35,2018-02-09 06:00:00
2018,2.0,9.0,7.0,58.57,58.57,2018-02-09 07:00:00
2018,2.0,9.0,8.0,63.57,63.57,2018-02-09 08:00:00
2018,2.0,9.0,9.0,67.62,67.62,2018-02-09 09:00:00
2018,2.0,9.0,10.0,69.19,69.19,2018-02-09 10:00:00
2018,2.0,9.0,11.0,68.0,68.0,2018-02-09 11:00:00
2018,2.0,9.0,12.0,67.42,67.42,2018-02-09 12:00:00
2018,2.0,9.0,13.0,67.66,67.66,2018-02-09 13:00:00
2018,2.0,9.0,14.0,67.44,67.44,2018-02-09 14:00:00
2018,2.0,9.0,15.0,65.0,65.0,2018-02-09 15:00:00
2018,2.0,9.0,16.0,62.09,62.09,2018-02-09 16:00:00
2018,2.0,9.0,17.0,60.51,60.51,2018-02-09 17:00:00
2018,2.0,9.0,18.0,58.15,58.15,2018-02-09 18:00:00
2018,2.0,9.0,19.0,58.57,58.57,2018-02-09 19:00:00
2018,2.0,9.0,20.0,62.48,62.48,2018-02-09 20:00:00
2018,2.0,9.0,21.0,63.53,63.53,2018-02-09 21:00:00
2018,2.0,9.0,22.0,62.3,62.3,2018-02-09 22:00:00
2018,2.0,9.0,23.0,58.3,58.3,2018-02-09 23:00:00
2018,2.0,9.0,24.0,52.0,52.0,2018-02-10 00:00:00
2018,2.0,10.0,1.0,49.51,49.51,2018-02-10 01:00:00
2018,2.0,10.0,2.0,46.96,46.96,2018-02-10 02:00:00
2018,2.0,10.0,3.0,44.99,44.99,2018-02-10 03:00:00
2018,2.0,10.0,4.0,44.32,44.32,2018-02-10 04:00:00
2018,2.0,10.0,5.0,44.03,43.21,2018-02-10 05:00:00
2018,2.0,10.0,6.0,44.03,43.99,2018-02-10 06:00:00
2018,2.0,10.0,7.0,44.19,44.19,2018-02-10 07:00:00
2018,2.0,10.0,8.0,46.99,46.99,2018-02-10 08:00:00
2018,2.0,10.0,9.0,46.99,46.99,2018-02-10 09:00:00
2018,2.0,10.0,10.0,53.0,53.0,2018-02-10 10:00:00
2018,2.0,10.0,11.0,60.21,60.21,2018-02-10 11:00:00
2018,2.0,10.0,12.0,53.18,53.18,2018-02-10 12:00:00
2018,2.0,10.0,13.0,49.51,49.51,2018-02-10 13:00:00
2018,2.0,10.0,14.0,48.0,48.0,2018-02-10 14:00:00
2018,2.0,10.0,15.0,46.99,46.99,2018-02-10 15:00:00
2018,2.0,10.0,16.0,45.41,43.21,2018-02-10 16:00:00
2018,2.0,10.0,17.0,44.99,43.21,2018-02-10 17:00:00
2018,2.0,10.0,18.0,44.99,44.99,2018-02-10 18:00:00
2018,2.0,10.0,19.0,56.07,56.07,2018-02-10 19:00:00
2018,2.0,10.0,20.0,64.63,64.63,2018-02-10 20:00:00
2018,2.0,10.0,21.0,66.42,66.42,2018-02-10 21:00:00
2018,2.0,10.0,22.0,66.01,66.01,2018-02-10 22:00:00
2018,2.0,10.0,23.0,62.09,62.09,2018-02-10 23:00:00
2018,2.0,10.0,24.0,60.6,60.6,2018-02-11 00:00:00
2018,2.0,11.0,1.0,50.81,50.81,2018-02-11 01:00:00
2018,2.0,11.0,2.0,46.99,46.99,2018-02-11 02:00:00
2018,2.0,11.0,3.0,44.57,44.57,2018-02-11 03:00:00
2018,2.0,11.0,4.0,44.19,44.19,2018-02-11 04:00:00
2018,2.0,11.0,5.0,43.26,43.26,2018-02-11 05:00:00
2018,2.0,11.0,6.0,43.07,43.07,2018-02-11 06:00:00
2018,2.0,11.0,7.0,43.22,43.22,2018-02-11 07:00:00
2018,2.0,11.0,8.0,44.17,44.17,2018-02-11 08:00:00
2018,2.0,11.0,9.0,44.17,44.17,2018-02-11 09:00:00
2018,2.0,11.0,10.0,44.99,44.99,2018-02-11 10:00:00
2018,2.0,11.0,11.0,48.32,48.32,2018-02-11 11:00:00
2018,2.0,11.0,12.0,48.43,48.43,2018-02-11 12:00:00
2018,2.0,11.0,13.0,48.0,48.0,2018-02-11 13:00:00
2018,2.0,11.0,14.0,50.43,50.43,2018-02-11 14:00:00
2018,2.0,11.0,15.0,47.31,47.31,2018-02-11 15:00:00
2018,2.0,11.0,16.0,44.67,44.67,2018-02-11 16:00:00
2018,2.0,11.0,17.0,44.32,44.32,2018-02-11 17:00:00
2018,2.0,11.0,18.0,44.47,44.47,2018-02-11 18:00:00
2018,2.0,11.0,19.0,48.4,48.4,2018-02-11 19:00:00
2018,2.0,11.0,20.0,61.68,61.68,2018-02-11 20:00:00
2018,2.0,11.0,21.0,63.03,63.03,2018-02-11 21:00:00
2018,2.0,11.0,22.0,63.86,63.86,2018-02-11 22:00:00
2018,2.0,11.0,23.0,62.49,62.49,2018-02-11 23:00:00
2018,2.0,11.0,24.0,55.18,55.18,2018-02-12 00:00:00
2018,2.0,12.0,1.0,45.0,45.0,2018-02-12 01:00:00
2018,2.0,12.0,2.0,43.22,42.62,2018-02-12 02:00:00
2018,2.0,12.0,3.0,42.12,42.12,2018-02-12 03:00:00
2018,2.0,12.0,4.0,40.26,40.26,2018-02-12 04:00:00
2018,2.0,12.0,5.0,40.26,40.26,2018-02-12 05:00:00
2018,2.0,12.0,6.0,41.7,41.7,2018-02-12 06:00:00
2018,2.0,12.0,7.0,47.57,47.57,2018-02-12 07:00:00
2018,2.0,12.0,8.0,58.87,58.87,2018-02-12 08:00:00
2018,2.0,12.0,9.0,61.11,61.11,2018-02-12 09:00:00
2018,2.0,12.0,10.0,62.09,62.09,2018-02-12 10:00:00
2018,2.0,12.0,11.0,62.25,62.25,2018-02-12 11:00:00
2018,2.0,12.0,12.0,61.28,61.28,2018-02-12 12:00:00
2018,2.0,12.0,13.0,60.65,60.65,2018-02-12 13:00:00
2018,2.0,12.0,14.0,60.07,60.07,2018-02-12 14:00:00
2018,2.0,12.0,15.0,59.92,59.92,2018-02-12 15:00:00
2018,2.0,12.0,16.0,55.21,55.21,2018-02-12 16:00:00
2018,2.0,12.0,17.0,54.95,54.95,2018-02-12 17:00:00
2018,2.0,12.0,18.0,58.64,58.64,2018-02-12 18:00:00
2018,2.0,12.0,19.0,61.44,61.44,2018-02-12 19:00:00
2018,2.0,12.0,20.0,64.0,64.0,2018-02-12 20:00:00
2018,2.0,12.0,21.0,65.01,65.01,2018-02-12 21:00:00
2018,2.0,12.0,22.0,64.99,64.99,2018-02-12 22:00:00
2018,2.0,12.0,23.0,62.28,62.28,2018-02-12 23:00:00
2018,2.0,12.0,24.0,61.01,61.01,2018-02-13 00:00:00
2018,2.0,13.0,1.0,60.05,60.05,2018-02-13 01:00:00
2018,2.0,13.0,2.0,48.4,48.4,2018-02-13 02:00:00
2018,2.0,13.0,3.0,44.32,44.32,2018-02-13 03:00:00
2018,2.0,13.0,4.0,42.79,42.79,2018-02-13 04:00:00
2018,2.0,13.0,5.0,41.71,41.71,2018-02-13 05:00:00
2018,2.0,13.0,6.0,41.71,41.71,2018-02-13 06:00:00
2018,2.0,13.0,7.0,43.99,43.99,2018-02-13 07:00:00
2018,2.0,13.0,8.0,56.81,56.81,2018-02-13 08:00:00
2018,2.0,13.0,9.0,60.69,60.69,2018-02-13 09:00:00
2018,2.0,13.0,10.0,60.45,61.28,2018-02-13 10:00:00
2018,2.0,13.0,11.0,60.05,60.05,2018-02-13 11:00:00
2018,2.0,13.0,12.0,52.8,52.8,2018-02-13 12:00:00
2018,2.0,13.0,13.0,49.62,49.62,2018-02-13 13:00:00
2018,2.0,13.0,14.0,49.3,49.3,2018-02-13 14:00:00
2018,2.0,13.0,15.0,45.56,45.56,2018-02-13 15:00:00
2018,2.0,13.0,16.0,43.99,43.99,2018-02-13 16:00:00
2018,2.0,13.0,17.0,45.36,45.36,2018-02-13 17:00:00
2018,2.0,13.0,18.0,49.85,49.85,2018-02-13 18:00:00
2018,2.0,13.0,19.0,54.38,54.38,2018-02-13 19:00:00
2018,2.0,13.0,20.0,60.61,60.61,2018-02-13 20:00:00
2018,2.0,13.0,21.0,61.92,61.92,2018-02-13 21:00:00
2018,2.0,13.0,22.0,61.48,61.48,2018-02-13 22:00:00
2018,2.0,13.0,23.0,58.19,58.19,2018-02-13 23:00:00
2018,2.0,13.0,24.0,47.06,47.06,2018-02-14 00:00:00
2018,2.0,14.0,1.0,41.85,41.85,2018-02-14 01:00:00
2018,2.0,14.0,2.0,40.99,39.89,2018-02-14 02:00:00
2018,2.0,14.0,3.0,38.85,38.85,2018-02-14 03:00:00
2018,2.0,14.0,4.0,37.14,35.75,2018-02-14 04:00:00
2018,2.0,14.0,5.0,37.0,35.91,2018-02-14 05:00:00
2018,2.0,14.0,6.0,37.17,37.17,2018-02-14 06:00:00
2018,2.0,14.0,7.0,42.82,42.82,2018-02-14 07:00:00
2018,2.0,14.0,8.0,49.47,49.47,2018-02-14 08:00:00
2018,2.0,14.0,9.0,58.8,58.8,2018-02-14 09:00:00
2018,2.0,14.0,10.0,57.19,57.19,2018-02-14 10:00:00
2018,2.0,14.0,11.0,56.96,56.96,2018-02-14 11:00:00
2018,2.0,14.0,12.0,50.81,50.81,2018-02-14 12:00:00
2018,2.0,14.0,13.0,48.41,48.41,2018-02-14 13:00:00
2018,2.0,14.0,14.0,47.48,47.48,2018-02-14 14:00:00
2018,2.0,14.0,15.0,45.99,45.99,2018-02-14 15:00:00
2018,2.0,14.0,16.0,45.0,45.0,2018-02-14 16:00:00
2018,2.0,14.0,17.0,45.99,45.99,2018-02-14 17:00:00
2018,2.0,14.0,18.0,45.75,45.75,2018-02-14 18:00:00
2018,2.0,14.0,19.0,52.08,52.08,2018-02-14 19:00:00
2018,2.0,14.0,20.0,60.54,60.54,2018-02-14 20:00:00
2018,2.0,14.0,21.0,61.87,61.87,2018-02-14 21:00:00
2018,2.0,14.0,22.0,61.11,61.11,2018-02-14 22:00:00
2018,2.0,14.0,23.0,57.19,57.19,2018-02-14 23:00:00
2018,2.0,14.0,24.0,44.93,44.93,2018-02-15 00:00:00
2018,2.0,15.0,1.0,43.22,42.3,2018-02-15 01:00:00
2018,2.0,15.0,2.0,43.22,41.7,2018-02-15 02:00:00
2018,2.0,15.0,3.0,42.84,39.88,2018-02-15 03:00:00
2018,2.0,15.0,4.0,42.59,39.6,2018-02-15 04:00:00
2018,2.0,15.0,5.0,42.72,39.88,2018-02-15 05:00:00
2018,2.0,15.0,6.0,42.72,41.7,2018-02-15 06:00:00
2018,2.0,15.0,7.0,43.98,43.98,2018-02-15 07:00:00
2018,2.0,15.0,8.0,53.99,53.99,2018-02-15 08:00:00
2018,2.0,15.0,9.0,58.3,58.3,2018-02-15 09:00:00
2018,2.0,15.0,10.0,59.68,59.68,2018-02-15 10:00:00
2018,2.0,15.0,11.0,59.83,59.83,2018-02-15 11:00:00
2018,2.0,15.0,12.0,59.68,59.68,2018-02-15 12:00:00
2018,2.0,15.0,13.0,59.01,59.01,2018-02-15 13:00:00
2018,2.0,15.0,14.0,59.94,59.94,2018-02-15 14:00:00
2018,2.0,15.0,15.0,59.68,59.68,2018-02-15 15:00:00
2018,2.0,15.0,16.0,59.94,59.94,2018-02-15 16:00:00
2018,2.0,15.0,17.0,60.18,60.18,2018-02-15 17:00:00
2018,2.0,15.0,18.0,60.53,60.53,2018-02-15 18:00:00
2018,2.0,15.0,19.0,61.28,61.28,2018-02-15 19:00:00
2018,2.0,15.0,20.0,63.7,63.7,2018-02-15 20:00:00
2018,2.0,15.0,21.0,65.03,65.03,2018-02-15 21:00:00
2018,2.0,15.0,22.0,64.63,64.63,2018-02-15 22:00:00
2018,2.0,15.0,23.0,61.9,61.9,2018-02-15 23:00:00
2018,2.0,15.0,24.0,60.19,60.19,2018-02-16 00:00:00
2018,2.0,16.0,1.0,60.69,60.69,2018-02-16 01:00:00
2018,2.0,16.0,2.0,60.0,60.0,2018-02-16 02:00:00
2018,2.0,16.0,3.0,56.91,56.91,2018-02-16 03:00:00
2018,2.0,16.0,4.0,52.8,52.8,2018-02-16 04:00:00
2018,2.0,16.0,5.0,51.14,51.14,2018-02-16 05:00:00
2018,2.0,16.0,6.0,54.87,54.87,2018-02-16 06:00:00
2018,2.0,16.0,7.0,60.38,60.38,2018-02-16 07:00:00
2018,2.0,16.0,8.0,61.4,61.4,2018-02-16 08:00:00
2018,2.0,16.0,9.0,62.19,62.19,2018-02-16 09:00:00
2018,2.0,16.0,10.0,62.28,62.28,2018-02-16 10:00:00
2018,2.0,16.0,11.0,62.09,62.09,2018-02-16 11:00:00
2018,2.0,16.0,12.0,61.39,61.39,2018-02-16 12:00:00
2018,2.0,16.0,13.0,60.75,60.75,2018-02-16 13:00:00
2018,2.0,16.0,14.0,60.69,60.69,2018-02-16 14:00:00
2018,2.0,16.0,15.0,60.21,60.21,2018-02-16 15:00:00
2018,2.0,16.0,16.0,60.08,59.01,2018-02-16 16:00:00
2018,2.0,16.0,17.0,60.01,60.01,2018-02-16 17:00:00
2018,2.0,16.0,18.0,60.05,60.05,2018-02-16 18:00:00
2018,2.0,16.0,19.0,60.69,60.69,2018-02-16 19:00:00
2018,2.0,16.0,20.0,62.55,62.55,2018-02-16 20:00:00
2018,2.0,16.0,21.0,62.61,62.61,2018-02-16 21:00:00
2018,2.0,16.0,22.0,62.59,62.59,2018-02-16 22:00:00
2018,2.0,16.0,23.0,61.65,61.65,2018-02-16 23:00:00
2018,2.0,16.0,24.0,61.87,61.87,2018-02-17 00:00:00
2018,2.0,17.0,1.0,61.57,61.57,2018-02-17 01:00:00
2018,2.0,17.0,2.0,60.69,60.69,2018-02-17 02:00:00
2018,2.0,17.0,3.0,58.01,58.01,2018-02-17 03:00:00
2018,2.0,17.0,4.0,51.13,51.13,2018-02-17 04:00:00
2018,2.0,17.0,5.0,46.96,46.96,2018-02-17 05:00:00
2018,2.0,17.0,6.0,44.34,44.34,2018-02-17 06:00:00
2018,2.0,17.0,7.0,43.84,43.84,2018-02-17 07:00:00
2018,2.0,17.0,8.0,44.43,44.43,2018-02-17 08:00:00
2018,2.0,17.0,9.0,44.43,44.43,2018-02-17 09:00:00
2018,2.0,17.0,10.0,50.0,50.0,2018-02-17 10:00:00
2018,2.0,17.0,11.0,59.01,59.01,2018-02-17 11:00:00
2018,2.0,17.0,12.0,50.26,50.26,2018-02-17 12:00:00
2018,2.0,17.0,13.0,46.95,46.95,2018-02-17 13:00:00
2018,2.0,17.0,14.0,46.96,46.96,2018-02-17 14:00:00
2018,2.0,17.0,15.0,45.0,45.0,2018-02-17 15:00:00
2018,2.0,17.0,16.0,44.14,44.14,2018-02-17 16:00:00
2018,2.0,17.0,17.0,43.07,43.07,2018-02-17 17:00:00
2018,2.0,17.0,18.0,44.99,44.99,2018-02-17 18:00:00
2018,2.0,17.0,19.0,49.77,49.77,2018-02-17 19:00:00
2018,2.0,17.0,20.0,57.01,57.01,2018-02-17 20:00:00
2018,2.0,17.0,21.0,60.38,60.38,2018-02-17 21:00:00
2018,2.0,17.0,22.0,60.05,60.05,2018-02-17 22:00:00
2018,2.0,17.0,23.0,55.01,55.01,2018-02-17 23:00:00
2018,2.0,17.0,24.0,54.34,54.34,2018-02-18 00:00:00
2018,2.0,18.0,1.0,55.09,55.09,2018-02-18 01:00:00
2018,2.0,18.0,2.0,47.42,47.42,2018-02-18 02:00:00
2018,2.0,18.0,3.0,44.43,44.43,2018-02-18 03:00:00
2018,2.0,18.0,4.0,43.31,43.31,2018-02-18 04:00:00
2018,2.0,18.0,5.0,42.99,42.99,2018-02-18 05:00:00
2018,2.0,18.0,6.0,43.14,43.14,2018-02-18 06:00:00
2018,2.0,18.0,7.0,43.31,43.31,2018-02-18 07:00:00
2018,2.0,18.0,8.0,44.09,44.09,2018-02-18 08:00:00
2018,2.0,18.0,9.0,44.09,44.09,2018-02-18 09:00:00
2018,2.0,18.0,10.0,47.42,47.42,2018-02-18 10:00:00
2018,2.0,18.0,11.0,51.23,51.23,2018-02-18 11:00:00
2018,2.0,18.0,12.0,55.01,55.01,2018-02-18 12:00:00
2018,2.0,18.0,13.0,51.5,51.5,2018-02-18 13:00:00
2018,2.0,18.0,14.0,56.01,56.01,2018-02-18 14:00:00
2018,2.0,18.0,15.0,52.15,52.15,2018-02-18 15:00:00
2018,2.0,18.0,16.0,47.42,47.42,2018-02-18 16:00:00
2018,2.0,18.0,17.0,45.01,45.01,2018-02-18 17:00:00
2018,2.0,18.0,18.0,47.42,47.42,2018-02-18 18:00:00
2018,2.0,18.0,19.0,56.01,56.01,2018-02-18 19:00:00
2018,2.0,18.0,20.0,61.11,61.11,2018-02-18 20:00:00
2018,2.0,18.0,21.0,61.96,61.96,2018-02-18 21:00:00
2018,2.0,18.0,22.0,62.19,62.19,2018-02-18 22:00:00
2018,2.0,18.0,23.0,61.89,61.89,2018-02-18 23:00:00
2018,2.0,18.0,24.0,60.45,60.45,2018-02-19 00:00:00
2018,2.0,19.0,1.0,58.58,58.58,2018-02-19 01:00:00
2018,2.0,19.0,2.0,49.06,49.06,2018-02-19 02:00:00
2018,2.0,19.0,3.0,45.59,45.59,2018-02-19 03:00:00
2018,2.0,19.0,4.0,45.4,45.4,2018-02-19 04:00:00
2018,2.0,19.0,5.0,45.4,45.4,2018-02-19 05:00:00
2018,2.0,19.0,6.0,45.59,45.59,2018-02-19 06:00:00
2018,2.0,19.0,7.0,53.0,53.0,2018-02-19 07:00:00
2018,2.0,19.0,8.0,59.89,59.89,2018-02-19 08:00:00
2018,2.0,19.0,9.0,61.28,61.28,2018-02-19 09:00:00
2018,2.0,19.0,10.0,61.63,61.63,2018-02-19 10:00:00
2018,2.0,19.0,11.0,61.28,61.28,2018-02-19 11:00:00
2018,2.0,19.0,12.0,60.84,60.84,2018-02-19 12:00:00
2018,2.0,19.0,13.0,60.39,60.39,2018-02-19 13:00:00
2018,2.0,19.0,14.0,60.69,60.69,2018-02-19 14:00:00
2018,2.0,19.0,15.0,60.05,60.05,2018-02-19 15:00:00
2018,2.0,19.0,16.0,59.08,59.08,2018-02-19 16:00:00
2018,2.0,19.0,17.0,57.0,57.0,2018-02-19 17:00:00
2018,2.0,19.0,18.0,59.92,59.92,2018-02-19 18:00:00
2018,2.0,19.0,19.0,62.28,62.28,2018-02-19 19:00:00
2018,2.0,19.0,20.0,62.04,62.04,2018-02-19 20:00:00
2018,2.0,19.0,21.0,60.88,60.88,2018-02-19 21:00:00
2018,2.0,19.0,22.0,60.38,60.38,2018-02-19 22:00:00
2018,2.0,19.0,23.0,56.54,56.54,2018-02-19 23:00:00
2018,2.0,19.0,24.0,51.4,51.4,2018-02-20 00:00:00
2018,2.0,20.0,1.0,50.68,50.68,2018-02-20 01:00:00
2018,2.0,20.0,2.0,46.95,46.95,2018-02-20 02:00:00
2018,2.0,20.0,3.0,45.19,42.43,2018-02-20 03:00:00
2018,2.0,20.0,4.0,43.14,42.41,2018-02-20 04:00:00
2018,2.0,20.0,5.0,43.13,42.21,2018-02-20 05:00:00
2018,2.0,20.0,6.0,42.41,42.41,2018-02-20 06:00:00
2018,2.0,20.0,7.0,47.19,47.19,2018-02-20 07:00:00
2018,2.0,20.0,8.0,60.05,60.05,2018-02-20 08:00:00
2018,2.0,20.0,9.0,61.92,61.92,2018-02-20 09:00:00
2018,2.0,20.0,10.0,61.85,61.85,2018-02-20 10:00:00
2018,2.0,20.0,11.0,59.89,59.89,2018-02-20 11:00:00
2018,2.0,20.0,12.0,56.1,56.1,2018-02-20 12:00:00
2018,2.0,20.0,13.0,53.38,53.38,2018-02-20 13:00:00
2018,2.0,20.0,14.0,51.67,51.67,2018-02-20 14:00:00
2018,2.0,20.0,15.0,50.7,50.7,2018-02-20 15:00:00
2018,2.0,20.0,16.0,49.87,49.87,2018-02-20 16:00:00
2018,2.0,20.0,17.0,50.25,50.25,2018-02-20 17:00:00
2018,2.0,20.0,18.0,53.51,53.51,2018-02-20 18:00:00
2018,2.0,20.0,19.0,60.05,60.05,2018-02-20 19:00:00
2018,2.0,20.0,20.0,59.62,59.62,2018-02-20 20:00:00
2018,2.0,20.0,21.0,59.89,59.89,2018-02-20 21:00:00
2018,2.0,20.0,22.0,57.65,57.65,2018-02-20 22:00:00
2018,2.0,20.0,23.0,50.0,50.0,2018-02-20 23:00:00
2018,2.0,20.0,24.0,44.22,44.22,2018-02-21 00:00:00
2018,2.0,21.0,1.0,42.4,42.4,2018-02-21 01:00:00
2018,2.0,21.0,2.0,41.79,39.15,2018-02-21 02:00:00
2018,2.0,21.0,3.0,41.29,38.65,2018-02-21 03:00:00
2018,2.0,21.0,4.0,41.29,37.86,2018-02-21 04:00:00
2018,2.0,21.0,5.0,41.79,37.33,2018-02-21 05:00:00
2018,2.0,21.0,6.0,41.79,39.06,2018-02-21 06:00:00
2018,2.0,21.0,7.0,45.65,45.65,2018-02-21 07:00:00
2018,2.0,21.0,8.0,59.13,59.13,2018-02-21 08:00:00
2018,2.0,21.0,9.0,60.69,60.69,2018-02-21 09:00:00
2018,2.0,21.0,10.0,60.49,60.49,2018-02-21 10:00:00
2018,2.0,21.0,11.0,55.51,55.51,2018-02-21 11:00:00
2018,2.0,21.0,12.0,49.71,49.71,2018-02-21 12:00:00
2018,2.0,21.0,13.0,47.65,47.65,2018-02-21 13:00:00
2018,2.0,21.0,14.0,46.06,46.06,2018-02-21 14:00:00
2018,2.0,21.0,15.0,45.4,44.4,2018-02-21 15:00:00
2018,2.0,21.0,16.0,45.19,44.97,2018-02-21 16:00:00
2018,2.0,21.0,17.0,47.41,47.41,2018-02-21 17:00:00
2018,2.0,21.0,18.0,55.43,55.43,2018-02-21 18:00:00
2018,2.0,21.0,19.0,58.93,58.93,2018-02-21 19:00:00
2018,2.0,21.0,20.0,60.36,60.36,2018-02-21 20:00:00
2018,2.0,21.0,21.0,60.29,60.29,2018-02-21 21:00:00
2018,2.0,21.0,22.0,60.03,60.03,2018-02-21 22:00:00
2018,2.0,21.0,23.0,55.01,55.01,2018-02-21 23:00:00
2018,2.0,21.0,24.0,47.92,47.92,2018-02-22 00:00:00
2018,2.0,22.0,1.0,46.01,46.01,2018-02-22 01:00:00
2018,2.0,22.0,2.0,43.69,43.69,2018-02-22 02:00:00
2018,2.0,22.0,3.0,42.87,42.87,2018-02-22 03:00:00
2018,2.0,22.0,4.0,42.8,42.8,2018-02-22 04:00:00
2018,2.0,22.0,5.0,42.7,42.7,2018-02-22 05:00:00
2018,2.0,22.0,6.0,42.85,42.85,2018-02-22 06:00:00
2018,2.0,22.0,7.0,49.93,49.93,2018-02-22 07:00:00
2018,2.0,22.0,8.0,59.19,59.19,2018-02-22 08:00:00
2018,2.0,22.0,9.0,60.97,60.97,2018-02-22 09:00:00
2018,2.0,22.0,10.0,60.07,60.07,2018-02-22 10:00:00
2018,2.0,22.0,11.0,58.69,58.69,2018-02-22 11:00:00
2018,2.0,22.0,12.0,58.69,58.69,2018-02-22 12:00:00
2018,2.0,22.0,13.0,56.3,56.3,2018-02-22 13:00:00
2018,2.0,22.0,14.0,53.9,53.9,2018-02-22 14:00:00
2018,2.0,22.0,15.0,51.2,49.93,2018-02-22 15:00:00
2018,2.0,22.0,16.0,57.65,47.65,2018-02-22 16:00:00
2018,2.0,22.0,17.0,53.9,49.8,2018-02-22 17:00:00
2018,2.0,22.0,18.0,56.34,56.34,2018-02-22 18:00:00
2018,2.0,22.0,19.0,59.98,59.98,2018-02-22 19:00:00
2018,2.0,22.0,20.0,61.61,61.61,2018-02-22 20:00:00
2018,2.0,22.0,21.0,61.54,61.54,2018-02-22 21:00:00
2018,2.0,22.0,22.0,61.48,61.48,2018-02-22 22:00:00
2018,2.0,22.0,23.0,59.19,59.19,2018-02-22 23:00:00
2018,2.0,22.0,24.0,56.01,56.01,2018-02-23 00:00:00
2018,2.0,23.0,1.0,49.8,49.8,2018-02-23 01:00:00
2018,2.0,23.0,2.0,47.11,47.11,2018-02-23 02:00:00
2018,2.0,23.0,3.0,45.94,45.9,2018-02-23 03:00:00
2018,2.0,23.0,4.0,44.79,44.79,2018-02-23 04:00:00
2018,2.0,23.0,5.0,44.79,44.79,2018-02-23 05:00:00
2018,2.0,23.0,6.0,45.94,45.94,2018-02-23 06:00:00
2018,2.0,23.0,7.0,52.25,52.25,2018-02-23 07:00:00
2018,2.0,23.0,8.0,61.62,61.62,2018-02-23 08:00:00
2018,2.0,23.0,9.0,62.44,63.03,2018-02-23 09:00:00
2018,2.0,23.0,10.0,61.88,61.88,2018-02-23 10:00:00
2018,2.0,23.0,11.0,61.6,61.6,2018-02-23 11:00:00
2018,2.0,23.0,12.0,60.96,60.96,2018-02-23 12:00:00
2018,2.0,23.0,13.0,61.25,61.25,2018-02-23 13:00:00
2018,2.0,23.0,14.0,61.45,61.45,2018-02-23 14:00:00
2018,2.0,23.0,15.0,61.12,61.12,2018-02-23 15:00:00
2018,2.0,23.0,16.0,60.96,60.96,2018-02-23 16:00:00
2018,2.0,23.0,17.0,61.03,61.03,2018-02-23 17:00:00
2018,2.0,23.0,18.0,60.74,60.74,2018-02-23 18:00:00
2018,2.0,23.0,19.0,61.87,61.87,2018-02-23 19:00:00
2018,2.0,23.0,20.0,63.79,63.79,2018-02-23 20:00:00
2018,2.0,23.0,21.0,63.85,63.85,2018-02-23 21:00:00
2018,2.0,23.0,22.0,63.8,63.8,2018-02-23 22:00:00
2018,2.0,23.0,23.0,62.01,62.01,2018-02-23 23:00:00
2018,2.0,23.0,24.0,62.01,62.01,2018-02-24 00:00:00
2018,2.0,24.0,1.0,61.34,61.34,2018-02-24 01:00:00
2018,2.0,24.0,2.0,60.21,60.21,2018-02-24 02:00:00
2018,2.0,24.0,3.0,58.1,58.1,2018-02-24 03:00:00
2018,2.0,24.0,4.0,55.35,55.35,2018-02-24 04:00:00
2018,2.0,24.0,5.0,53.86,53.86,2018-02-24 05:00:00
2018,2.0,24.0,6.0,53.58,53.58,2018-02-24 06:00:00
2018,2.0,24.0,7.0,55.0,55.0,2018-02-24 07:00:00
2018,2.0,24.0,8.0,58.0,58.0,2018-02-24 08:00:00
2018,2.0,24.0,9.0,55.01,55.01,2018-02-24 09:00:00
2018,2.0,24.0,10.0,60.25,60.25,2018-02-24 10:00:00
2018,2.0,24.0,11.0,60.85,60.85,2018-02-24 11:00:00
2018,2.0,24.0,12.0,61.48,61.48,2018-02-24 12:00:00
2018,2.0,24.0,13.0,61.34,61.34,2018-02-24 13:00:00
2018,2.0,24.0,14.0,61.05,61.05,2018-02-24 14:00:00
2018,2.0,24.0,15.0,60.85,60.85,2018-02-24 15:00:00
2018,2.0,24.0,16.0,59.83,59.83,2018-02-24 16:00:00
2018,2.0,24.0,17.0,58.68,58.68,2018-02-24 17:00:00
2018,2.0,24.0,18.0,59.01,59.01,2018-02-24 18:00:00
2018,2.0,24.0,19.0,60.65,60.65,2018-02-24 19:00:00
2018,2.0,24.0,20.0,62.11,62.11,2018-02-24 20:00:00
2018,2.0,24.0,21.0,62.94,62.94,2018-02-24 21:00:00
2018,2.0,24.0,22.0,62.58,62.58,2018-02-24 22:00:00
2018,2.0,24.0,23.0,62.09,62.09,2018-02-24 23:00:00
2018,2.0,24.0,24.0,62.11,62.11,2018-02-25 00:00:00
2018,2.0,25.0,1.0,62.28,62.28,2018-02-25 01:00:00
2018,2.0,25.0,2.0,60.96,60.96,2018-02-25 02:00:00
2018,2.0,25.0,3.0,59.0,59.0,2018-02-25 03:00:00
2018,2.0,25.0,4.0,55.01,55.01,2018-02-25 04:00:00
2018,2.0,25.0,5.0,54.1,54.1,2018-02-25 05:00:00
2018,2.0,25.0,6.0,52.41,52.41,2018-02-25 06:00:00
2018,2.0,25.0,7.0,51.26,51.26,2018-02-25 07:00:00
2018,2.0,25.0,8.0,55.11,55.11,2018-02-25 08:00:00
2018,2.0,25.0,9.0,54.1,54.1,2018-02-25 09:00:00
2018,2.0,25.0,10.0,59.95,59.95,2018-02-25 10:00:00
2018,2.0,25.0,11.0,60.45,60.45,2018-02-25 11:00:00
2018,2.0,25.0,12.0,60.6,60.6,2018-02-25 12:00:00
2018,2.0,25.0,13.0,60.21,60.21,2018-02-25 13:00:00
2018,2.0,25.0,14.0,60.43,60.43,2018-02-25 14:00:00
2018,2.0,25.0,15.0,60.0,60.0,2018-02-25 15:00:00
2018,2.0,25.0,16.0,57.01,57.01,2018-02-25 16:00:00
2018,2.0,25.0,17.0,51.26,51.26,2018-02-25 17:00:00
2018,2.0,25.0,18.0,51.64,51.64,2018-02-25 18:00:00
2018,2.0,25.0,19.0,59.08,59.08,2018-02-25 19:00:00
2018,2.0,25.0,20.0,62.83,62.83,2018-02-25 20:00:00
2018,2.0,25.0,21.0,62.94,62.94,2018-02-25 21:00:00
2018,2.0,25.0,22.0,62.94,62.94,2018-02-25 22:00:00
2018,2.0,25.0,23.0,61.87,61.87,2018-02-25 23:00:00
2018,2.0,25.0,24.0,55.69,55.69,2018-02-26 00:00:00
2018,2.0,26.0,1.0,50.64,50.64,2018-02-26 01:00:00
2018,2.0,26.0,2.0,47.0,47.0,2018-02-26 02:00:00
2018,2.0,26.0,3.0,46.27,46.27,2018-02-26 03:00:00
2018,2.0,26.0,4.0,44.22,44.07,2018-02-26 04:00:00
2018,2.0,26.0,5.0,44.61,44.61,2018-02-26 05:00:00
2018,2.0,26.0,6.0,46.44,46.44,2018-02-26 06:00:00
2018,2.0,26.0,7.0,53.97,53.97,2018-02-26 07:00:00
2018,2.0,26.0,8.0,62.44,62.44,2018-02-26 08:00:00
2018,2.0,26.0,9.0,64.97,64.97,2018-02-26 09:00:00
2018,2.0,26.0,10.0,65.62,65.62,2018-02-26 10:00:00
2018,2.0,26.0,11.0,64.28,64.28,2018-02-26 11:00:00
2018,2.0,26.0,12.0,63.3,63.3,2018-02-26 12:00:00
2018,2.0,26.0,13.0,61.87,61.87,2018-02-26 13:00:00
2018,2.0,26.0,14.0,61.97,61.97,2018-02-26 14:00:00
2018,2.0,26.0,15.0,61.05,61.05,2018-02-26 15:00:00
2018,2.0,26.0,16.0,60.61,60.61,2018-02-26 16:00:00
2018,2.0,26.0,17.0,60.05,60.05,2018-02-26 17:00:00
2018,2.0,26.0,18.0,62.1,62.1,2018-02-26 18:00:00
2018,2.0,26.0,19.0,64.13,64.13,2018-02-26 19:00:00
2018,2.0,26.0,20.0,66.15,66.15,2018-02-26 20:00:00
2018,2.0,26.0,21.0,70.76,70.76,2018-02-26 21:00:00
2018,2.0,26.0,22.0,64.63,64.63,2018-02-26 22:00:00
2018,2.0,26.0,23.0,63.03,63.03,2018-02-26 23:00:00
2018,2.0,26.0,24.0,61.01,61.01,2018-02-27 00:00:00
2018,2.0,27.0,1.0,57.95,57.95,2018-02-27 01:00:00
2018,2.0,27.0,2.0,54.4,54.4,2018-02-27 02:00:00
2018,2.0,27.0,3.0,49.79,49.79,2018-02-27 03:00:00
2018,2.0,27.0,4.0,49.55,49.55,2018-02-27 04:00:00
2018,2.0,27.0,5.0,49.44,49.44,2018-02-27 05:00:00
2018,2.0,27.0,6.0,49.9,49.9,2018-02-27 06:00:00
2018,2.0,27.0,7.0,55.15,55.15,2018-02-27 07:00:00
2018,2.0,27.0,8.0,65.02,65.02,2018-02-27 08:00:00
2018,2.0,27.0,9.0,66.15,66.15,2018-02-27 09:00:00
2018,2.0,27.0,10.0,70.0,70.0,2018-02-27 10:00:00
2018,2.0,27.0,11.0,70.82,70.82,2018-02-27 11:00:00
2018,2.0,27.0,12.0,70.03,70.03,2018-02-27 12:00:00
2018,2.0,27.0,13.0,71.01,71.01,2018-02-27 13:00:00
2018,2.0,27.0,14.0,71.04,71.04,2018-02-27 14:00:00
2018,2.0,27.0,15.0,70.82,70.82,2018-02-27 15:00:00
2018,2.0,27.0,16.0,65.84,65.84,2018-02-27 16:00:00
2018,2.0,27.0,17.0,69.68,69.68,2018-02-27 17:00:00
2018,2.0,27.0,18.0,67.49,67.49,2018-02-27 18:00:00
2018,2.0,27.0,19.0,66.0,66.0,2018-02-27 19:00:00
2018,2.0,27.0,20.0,71.88,71.88,2018-02-27 20:00:00
2018,2.0,27.0,21.0,74.15,74.15,2018-02-27 21:00:00
2018,2.0,27.0,22.0,72.0,72.0,2018-02-27 22:00:00
2018,2.0,27.0,23.0,67.08,67.08,2018-02-27 23:00:00
2018,2.0,27.0,24.0,63.12,63.12,2018-02-28 00:00:00
2018,2.0,28.0,1.0,61.05,61.05,2018-02-28 01:00:00
2018,2.0,28.0,2.0,59.18,59.18,2018-02-28 02:00:00
2018,2.0,28.0,3.0,51.5,51.5,2018-02-28 03:00:00
2018,2.0,28.0,4.0,49.44,49.44,2018-02-28 04:00:00
2018,2.0,28.0,5.0,47.51,47.51,2018-02-28 05:00:00
2018,2.0,28.0,6.0,48.0,48.0,2018-02-28 06:00:00
2018,2.0,28.0,7.0,49.79,49.79,2018-02-28 07:00:00
2018,2.0,28.0,8.0,61.01,61.01,2018-02-28 08:00:00
2018,2.0,28.0,9.0,62.01,62.01,2018-02-28 09:00:00
2018,2.0,28.0,10.0,62.48,62.48,2018-02-28 10:00:00
2018,2.0,28.0,11.0,62.09,62.09,2018-02-28 11:00:00
2018,2.0,28.0,12.0,61.28,61.28,2018-02-28 12:00:00
2018,2.0,28.0,13.0,61.68,61.68,2018-02-28 13:00:00
2018,2.0,28.0,14.0,61.48,61.48,2018-02-28 14:00:00
2018,2.0,28.0,15.0,60.05,60.05,2018-02-28 15:00:00
2018,2.0,28.0,16.0,58.93,58.93,2018-02-28 16:00:00
2018,2.0,28.0,17.0,58.19,58.19,2018-02-28 17:00:00
2018,2.0,28.0,18.0,55.25,55.25,2018-02-28 18:00:00
2018,2.0,28.0,19.0,55.25,55.25,2018-02-28 19:00:00
2018,2.0,28.0,20.0,60.57,60.57,2018-02-28 20:00:00
2018,2.0,28.0,21.0,62.88,62.88,2018-02-28 21:00:00
2018,2.0,28.0,22.0,62.28,62.28,2018-02-28 22:00:00
2018,2.0,28.0,23.0,59.59,59.59,2018-02-28 23:00:00
2018,2.0,28.0,24.0,49.79,49.79,2018-03-01 00:00:00
2018,3.0,1.0,1.0,50.01,50.01,2018-03-01 01:00:00
2018,3.0,1.0,2.0,45.02,45.02,2018-03-01 02:00:00
2018,3.0,1.0,3.0,44.51,44.51,2018-03-01 03:00:00
2018,3.0,1.0,4.0,44.51,44.51,2018-03-01 04:00:00
2018,3.0,1.0,5.0,44.27,44.27,2018-03-01 05:00:00
2018,3.0,1.0,6.0,44.51,44.51,2018-03-01 06:00:00
2018,3.0,1.0,7.0,45.01,45.01,2018-03-01 07:00:00
2018,3.0,1.0,8.0,56.01,56.01,2018-03-01 08:00:00
2018,3.0,1.0,9.0,60.84,60.84,2018-03-01 09:00:00
2018,3.0,1.0,10.0,63.83,63.83,2018-03-01 10:00:00
2018,3.0,1.0,11.0,63.53,63.53,2018-03-01 11:00:00
2018,3.0,1.0,12.0,61.48,61.48,2018-03-01 12:00:00
2018,3.0,1.0,13.0,59.01,59.01,2018-03-01 13:00:00
2018,3.0,1.0,14.0,56.01,56.01,2018-03-01 14:00:00
2018,3.0,1.0,15.0,53.53,53.53,2018-03-01 15:00:00
2018,3.0,1.0,16.0,49.73,49.73,2018-03-01 16:00:00
2018,3.0,1.0,17.0,45.01,45.01,2018-03-01 17:00:00
2018,3.0,1.0,18.0,44.52,44.52,2018-03-01 18:00:00
2018,3.0,1.0,19.0,44.62,44.62,2018-03-01 19:00:00
2018,3.0,1.0,20.0,53.04,53.04,2018-03-01 20:00:00
2018,3.0,1.0,21.0,56.51,56.51,2018-03-01 21:00:00
2018,3.0,1.0,22.0,56.01,56.01,2018-03-01 22:00:00
2018,3.0,1.0,23.0,52.26,52.26,2018-03-01 23:00:00
2018,3.0,1.0,24.0,44.52,44.52,2018-03-02 00:00:00
2018,3.0,2.0,1.0,37.45,37.45,2018-03-02 01:00:00
2018,3.0,2.0,2.0,40.68,36.68,2018-03-02 02:00:00
2018,3.0,2.0,3.0,40.91,36.68,2018-03-02 03:00:00
2018,3.0,2.0,4.0,40.91,37.0,2018-03-02 04:00:00
2018,3.0,2.0,5.0,40.91,39.5,2018-03-02 05:00:00
2018,3.0,2.0,6.0,42.82,42.82,2018-03-02 06:00:00
2018,3.0,2.0,7.0,51.09,51.09,2018-03-02 07:00:00
2018,3.0,2.0,8.0,57.57,57.57,2018-03-02 08:00:00
2018,3.0,2.0,9.0,62.09,62.09,2018-03-02 09:00:00
2018,3.0,2.0,10.0,65.0,65.0,2018-03-02 10:00:00
2018,3.0,2.0,11.0,65.0,65.0,2018-03-02 11:00:00
2018,3.0,2.0,12.0,64.13,64.13,2018-03-02 12:00:00
2018,3.0,2.0,13.0,63.53,63.53,2018-03-02 13:00:00
2018,3.0,2.0,14.0,61.68,61.68,2018-03-02 14:00:00
2018,3.0,2.0,15.0,58.07,58.07,2018-03-02 15:00:00
2018,3.0,2.0,16.0,55.19,55.19,2018-03-02 16:00:00
2018,3.0,2.0,17.0,50.25,50.25,2018-03-02 17:00:00
2018,3.0,2.0,18.0,46.0,46.0,2018-03-02 18:00:00
2018,3.0,2.0,19.0,44.62,44.62,2018-03-02 19:00:00
2018,3.0,2.0,20.0,47.73,47.73,2018-03-02 20:00:00
2018,3.0,2.0,21.0,52.19,52.19,2018-03-02 21:00:00
2018,3.0,2.0,22.0,52.19,52.19,2018-03-02 22:00:00
2018,3.0,2.0,23.0,46.95,46.95,2018-03-02 23:00:00
2018,3.0,2.0,24.0,41.18,41.18,2018-03-03 00:00:00
2018,3.0,3.0,1.0,42.0,42.0,2018-03-03 01:00:00
2018,3.0,3.0,2.0,38.85,38.85,2018-03-03 02:00:00
2018,3.0,3.0,3.0,38.2,38.2,2018-03-03 03:00:00
2018,3.0,3.0,4.0,36.68,36.68,2018-03-03 04:00:00
2018,3.0,3.0,5.0,36.23,36.23,2018-03-03 05:00:00
2018,3.0,3.0,6.0,36.36,36.36,2018-03-03 06:00:00
2018,3.0,3.0,7.0,36.61,36.61,2018-03-03 07:00:00
2018,3.0,3.0,8.0,38.0,38.0,2018-03-03 08:00:00
2018,3.0,3.0,9.0,38.0,38.0,2018-03-03 09:00:00
2018,3.0,3.0,10.0,45.19,45.19,2018-03-03 10:00:00
2018,3.0,3.0,11.0,48.39,48.39,2018-03-03 11:00:00
2018,3.0,3.0,12.0,46.46,46.46,2018-03-03 12:00:00
2018,3.0,3.0,13.0,44.45,44.45,2018-03-03 13:00:00
2018,3.0,3.0,14.0,43.29,43.29,2018-03-03 14:00:00
2018,3.0,3.0,15.0,40.89,40.89,2018-03-03 15:00:00
2018,3.0,3.0,16.0,40.37,40.37,2018-03-03 16:00:00
2018,3.0,3.0,17.0,41.7,41.7,2018-03-03 17:00:00
2018,3.0,3.0,18.0,44.92,44.92,2018-03-03 18:00:00
2018,3.0,3.0,19.0,52.52,52.52,2018-03-03 19:00:00
2018,3.0,3.0,20.0,63.14,63.14,2018-03-03 20:00:00
2018,3.0,3.0,21.0,56.56,56.56,2018-03-03 21:00:00
2018,3.0,3.0,22.0,57.45,57.45,2018-03-03 22:00:00
2018,3.0,3.0,23.0,52.0,52.0,2018-03-03 23:00:00
2018,3.0,3.0,24.0,50.48,50.48,2018-03-04 00:00:00
2018,3.0,4.0,1.0,50.0,50.0,2018-03-04 01:00:00
2018,3.0,4.0,2.0,45.94,45.94,2018-03-04 02:00:00
2018,3.0,4.0,3.0,42.0,42.0,2018-03-04 03:00:00
2018,3.0,4.0,4.0,38.85,38.85,2018-03-04 04:00:00
2018,3.0,4.0,5.0,38.6,37.91,2018-03-04 05:00:00
2018,3.0,4.0,6.0,38.6,38.6,2018-03-04 06:00:00
2018,3.0,4.0,7.0,39.1,39.1,2018-03-04 07:00:00
2018,3.0,4.0,8.0,39.81,39.81,2018-03-04 08:00:00
2018,3.0,4.0,9.0,40.0,40.0,2018-03-04 09:00:00
2018,3.0,4.0,10.0,46.0,46.0,2018-03-04 10:00:00
2018,3.0,4.0,11.0,49.0,49.0,2018-03-04 11:00:00
2018,3.0,4.0,12.0,50.0,50.0,2018-03-04 12:00:00
2018,3.0,4.0,13.0,50.45,50.45,2018-03-04 13:00:00
2018,3.0,4.0,14.0,49.29,49.29,2018-03-04 14:00:00
2018,3.0,4.0,15.0,46.46,46.46,2018-03-04 15:00:00
2018,3.0,4.0,16.0,40.16,40.16,2018-03-04 16:00:00
2018,3.0,4.0,17.0,38.85,38.85,2018-03-04 17:00:00
2018,3.0,4.0,18.0,40.6,40.6,2018-03-04 18:00:00
2018,3.0,4.0,19.0,45.84,45.84,2018-03-04 19:00:00
2018,3.0,4.0,20.0,53.21,53.21,2018-03-04 20:00:00
2018,3.0,4.0,21.0,52.14,52.14,2018-03-04 21:00:00
2018,3.0,4.0,22.0,46.02,46.02,2018-03-04 22:00:00
2018,3.0,4.0,23.0,45.94,45.94,2018-03-04 23:00:00
2018,3.0,4.0,24.0,42.0,42.0,2018-03-05 00:00:00
2018,3.0,5.0,1.0,39.1,39.1,2018-03-05 01:00:00
2018,3.0,5.0,2.0,38.37,38.37,2018-03-05 02:00:00
2018,3.0,5.0,3.0,36.19,36.19,2018-03-05 03:00:00
2018,3.0,5.0,4.0,34.39,34.39,2018-03-05 04:00:00
2018,3.0,5.0,5.0,33.0,33.0,2018-03-05 05:00:00
2018,3.0,5.0,6.0,38.2,38.2,2018-03-05 06:00:00
2018,3.0,5.0,7.0,40.22,40.22,2018-03-05 07:00:00
2018,3.0,5.0,8.0,50.69,51.17,2018-03-05 08:00:00
2018,3.0,5.0,9.0,50.69,60.0,2018-03-05 09:00:00
2018,3.0,5.0,10.0,51.04,62.48,2018-03-05 10:00:00
2018,3.0,5.0,11.0,52.39,62.0,2018-03-05 11:00:00
2018,3.0,5.0,12.0,54.54,59.9,2018-03-05 12:00:00
2018,3.0,5.0,13.0,54.89,56.08,2018-03-05 13:00:00
2018,3.0,5.0,14.0,53.69,55.03,2018-03-05 14:00:00
2018,3.0,5.0,15.0,52.39,54.01,2018-03-05 15:00:00
2018,3.0,5.0,16.0,51.94,55.1,2018-03-05 16:00:00
2018,3.0,5.0,17.0,50.79,55.01,2018-03-05 17:00:00
2018,3.0,5.0,18.0,51.19,54.94,2018-03-05 18:00:00
2018,3.0,5.0,19.0,51.04,56.68,2018-03-05 19:00:00
2018,3.0,5.0,20.0,52.39,63.39,2018-03-05 20:00:00
2018,3.0,5.0,21.0,55.24,62.48,2018-03-05 21:00:00
2018,3.0,5.0,22.0,54.96,54.96,2018-03-05 22:00:00
2018,3.0,5.0,23.0,52.01,52.01,2018-03-05 23:00:00
2018,3.0,5.0,24.0,49.08,49.08,2018-03-06 00:00:00
2018,3.0,6.0,1.0,40.25,40.25,2018-03-06 01:00:00
2018,3.0,6.0,2.0,38.1,38.1,2018-03-06 02:00:00
2018,3.0,6.0,3.0,37.39,37.39,2018-03-06 03:00:00
2018,3.0,6.0,4.0,36.61,36.61,2018-03-06 04:00:00
2018,3.0,6.0,5.0,36.91,36.91,2018-03-06 05:00:00
2018,3.0,6.0,6.0,38.76,38.76,2018-03-06 06:00:00
2018,3.0,6.0,7.0,39.96,39.96,2018-03-06 07:00:00
2018,3.0,6.0,8.0,52.39,52.39,2018-03-06 08:00:00
2018,3.0,6.0,9.0,52.89,59.95,2018-03-06 09:00:00
2018,3.0,6.0,10.0,54.54,59.39,2018-03-06 10:00:00
2018,3.0,6.0,11.0,55.94,59.24,2018-03-06 11:00:00
2018,3.0,6.0,12.0,55.03,55.03,2018-03-06 12:00:00
2018,3.0,6.0,13.0,52.39,52.39,2018-03-06 13:00:00
2018,3.0,6.0,14.0,50.07,50.07,2018-03-06 14:00:00
2018,3.0,6.0,15.0,48.98,48.98,2018-03-06 15:00:00
2018,3.0,6.0,16.0,48.76,48.76,2018-03-06 16:00:00
2018,3.0,6.0,17.0,49.42,49.42,2018-03-06 17:00:00
2018,3.0,6.0,18.0,53.99,53.99,2018-03-06 18:00:00
2018,3.0,6.0,19.0,54.58,59.14,2018-03-06 19:00:00
2018,3.0,6.0,20.0,56.56,64.63,2018-03-06 20:00:00
2018,3.0,6.0,21.0,59.9,59.9,2018-03-06 21:00:00
2018,3.0,6.0,22.0,56.58,56.58,2018-03-06 22:00:00
2018,3.0,6.0,23.0,52.39,52.39,2018-03-06 23:00:00
2018,3.0,6.0,24.0,48.01,48.01,2018-03-07 00:00:00
2018,3.0,7.0,1.0,41.83,41.83,2018-03-07 01:00:00
2018,3.0,7.0,2.0,40.14,39.8,2018-03-07 02:00:00
2018,3.0,7.0,3.0,39.46,37.81,2018-03-07 03:00:00
2018,3.0,7.0,4.0,40.14,37.61,2018-03-07 04:00:00
2018,3.0,7.0,5.0,40.39,37.54,2018-03-07 05:00:00
2018,3.0,7.0,6.0,40.39,39.9,2018-03-07 06:00:00
2018,3.0,7.0,7.0,46.69,46.69,2018-03-07 07:00:00
2018,3.0,7.0,8.0,55.85,55.85,2018-03-07 08:00:00
2018,3.0,7.0,9.0,61.79,61.79,2018-03-07 09:00:00
2018,3.0,7.0,10.0,60.0,60.0,2018-03-07 10:00:00
2018,3.0,7.0,11.0,56.69,56.69,2018-03-07 11:00:00
2018,3.0,7.0,12.0,56.51,56.51,2018-03-07 12:00:00
2018,3.0,7.0,13.0,51.51,51.51,2018-03-07 13:00:00
2018,3.0,7.0,14.0,51.17,51.17,2018-03-07 14:00:00
2018,3.0,7.0,15.0,50.75,50.75,2018-03-07 15:00:00
2018,3.0,7.0,16.0,50.6,50.6,2018-03-07 16:00:00
2018,3.0,7.0,17.0,50.75,50.75,2018-03-07 17:00:00
2018,3.0,7.0,18.0,53.7,53.7,2018-03-07 18:00:00
2018,3.0,7.0,19.0,55.69,60.95,2018-03-07 19:00:00
2018,3.0,7.0,20.0,56.46,64.34,2018-03-07 20:00:00
2018,3.0,7.0,21.0,56.94,64.63,2018-03-07 21:00:00
2018,3.0,7.0,22.0,55.94,61.95,2018-03-07 22:00:00
2018,3.0,7.0,23.0,52.83,52.83,2018-03-07 23:00:00
2018,3.0,7.0,24.0,47.11,47.11,2018-03-08 00:00:00
2018,3.0,8.0,1.0,41.84,41.84,2018-03-08 01:00:00
2018,3.0,8.0,2.0,40.39,40.39,2018-03-08 02:00:00
2018,3.0,8.0,3.0,40.14,40.14,2018-03-08 03:00:00
2018,3.0,8.0,4.0,40.0,40.0,2018-03-08 04:00:00
2018,3.0,8.0,5.0,40.39,40.39,2018-03-08 05:00:00
2018,3.0,8.0,6.0,41.83,41.83,2018-03-08 06:00:00
2018,3.0,8.0,7.0,47.24,47.24,2018-03-08 07:00:00
2018,3.0,8.0,8.0,51.49,51.49,2018-03-08 08:00:00
2018,3.0,8.0,9.0,55.03,55.03,2018-03-08 09:00:00
2018,3.0,8.0,10.0,57.8,57.8,2018-03-08 10:00:00
2018,3.0,8.0,11.0,53.51,53.51,2018-03-08 11:00:00
2018,3.0,8.0,12.0,52.15,52.15,2018-03-08 12:00:00
2018,3.0,8.0,13.0,51.0,51.0,2018-03-08 13:00:00
2018,3.0,8.0,14.0,50.0,50.0,2018-03-08 14:00:00
2018,3.0,8.0,15.0,48.39,48.39,2018-03-08 15:00:00
2018,3.0,8.0,16.0,44.28,44.28,2018-03-08 16:00:00
2018,3.0,8.0,17.0,43.59,43.59,2018-03-08 17:00:00
2018,3.0,8.0,18.0,43.43,43.43,2018-03-08 18:00:00
2018,3.0,8.0,19.0,48.21,48.21,2018-03-08 19:00:00
2018,3.0,8.0,20.0,56.84,56.84,2018-03-08 20:00:00
2018,3.0,8.0,21.0,58.15,58.15,2018-03-08 21:00:00
2018,3.0,8.0,22.0,52.65,52.65,2018-03-08 22:00:00
2018,3.0,8.0,23.0,50.01,50.01,2018-03-08 23:00:00
2018,3.0,8.0,24.0,43.53,43.53,2018-03-09 00:00:00
2018,3.0,9.0,1.0,45.27,45.27,2018-03-09 01:00:00
2018,3.0,9.0,2.0,38.12,38.12,2018-03-09 02:00:00
2018,3.0,9.0,3.0,37.21,37.21,2018-03-09 03:00:00
2018,3.0,9.0,4.0,35.65,35.65,2018-03-09 04:00:00
2018,3.0,9.0,5.0,32.26,32.26,2018-03-09 05:00:00
2018,3.0,9.0,6.0,33.9,33.9,2018-03-09 06:00:00
2018,3.0,9.0,7.0,37.93,37.93,2018-03-09 07:00:00
2018,3.0,9.0,8.0,45.67,45.67,2018-03-09 08:00:00
2018,3.0,9.0,9.0,48.88,48.88,2018-03-09 09:00:00
2018,3.0,9.0,10.0,48.88,48.88,2018-03-09 10:00:00
2018,3.0,9.0,11.0,48.01,48.01,2018-03-09 11:00:00
2018,3.0,9.0,12.0,46.96,46.96,2018-03-09 12:00:00
2018,3.0,9.0,13.0,47.81,47.81,2018-03-09 13:00:00
2018,3.0,9.0,14.0,43.69,43.69,2018-03-09 14:00:00
2018,3.0,9.0,15.0,40.88,40.88,2018-03-09 15:00:00
2018,3.0,9.0,16.0,42.19,42.19,2018-03-09 16:00:00
2018,3.0,9.0,17.0,44.46,44.46,2018-03-09 17:00:00
2018,3.0,9.0,18.0,46.46,46.46,2018-03-09 18:00:00
2018,3.0,9.0,19.0,46.29,46.29,2018-03-09 19:00:00
2018,3.0,9.0,20.0,51.88,51.88,2018-03-09 20:00:00
2018,3.0,9.0,21.0,48.88,48.88,2018-03-09 21:00:00
2018,3.0,9.0,22.0,44.21,44.21,2018-03-09 22:00:00
2018,3.0,9.0,23.0,41.08,41.08,2018-03-09 23:00:00
2018,3.0,9.0,24.0,38.66,38.66,2018-03-10 00:00:00
2018,3.0,10.0,1.0,32.31,32.31,2018-03-10 01:00:00
2018,3.0,10.0,2.0,30.0,30.0,2018-03-10 02:00:00
2018,3.0,10.0,3.0,27.3,27.3,2018-03-10 03:00:00
2018,3.0,10.0,4.0,26.01,26.01,2018-03-10 04:00:00
2018,3.0,10.0,5.0,24.86,24.86,2018-03-10 05:00:00
2018,3.0,10.0,6.0,25.81,25.81,2018-03-10 06:00:00
2018,3.0,10.0,7.0,25.91,25.91,2018-03-10 07:00:00
2018,3.0,10.0,8.0,25.91,25.91,2018-03-10 08:00:00
2018,3.0,10.0,9.0,29.61,29.61,2018-03-10 09:00:00
2018,3.0,10.0,10.0,36.01,36.01,2018-03-10 10:00:00
2018,3.0,10.0,11.0,37.52,37.52,2018-03-10 11:00:00
2018,3.0,10.0,12.0,37.39,37.39,2018-03-10 12:00:00
2018,3.0,10.0,13.0,36.6,36.6,2018-03-10 13:00:00
2018,3.0,10.0,14.0,35.64,35.64,2018-03-10 14:00:00
2018,3.0,10.0,15.0,34.01,34.01,2018-03-10 15:00:00
2018,3.0,10.0,16.0,32.0,32.0,2018-03-10 16:00:00
2018,3.0,10.0,17.0,29.03,29.03,2018-03-10 17:00:00
2018,3.0,10.0,18.0,29.89,29.89,2018-03-10 18:00:00
2018,3.0,10.0,19.0,32.31,32.31,2018-03-10 19:00:00
2018,3.0,10.0,20.0,38.36,38.36,2018-03-10 20:00:00
2018,3.0,10.0,21.0,39.7,39.7,2018-03-10 21:00:00
2018,3.0,10.0,22.0,36.1,36.1,2018-03-10 22:00:00
2018,3.0,10.0,23.0,35.3,35.3,2018-03-10 23:00:00
2018,3.0,10.0,24.0,29.5,29.5,2018-03-11 00:00:00
2018,3.0,11.0,1.0,9.2,9.2,2018-03-11 01:00:00
2018,3.0,11.0,2.0,8.0,8.0,2018-03-11 02:00:00
2018,3.0,11.0,3.0,5.48,5.48,2018-03-11 03:00:00
2018,3.0,11.0,4.0,5.0,5.0,2018-03-11 04:00:00
2018,3.0,11.0,5.0,4.0,4.0,2018-03-11 05:00:00
2018,3.0,11.0,6.0,3.98,3.98,2018-03-11 06:00:00
2018,3.0,11.0,7.0,3.0,3.0,2018-03-11 07:00:00
2018,3.0,11.0,8.0,3.0,3.0,2018-03-11 08:00:00
2018,3.0,11.0,9.0,4.0,4.0,2018-03-11 09:00:00
2018,3.0,11.0,10.0,5.48,5.48,2018-03-11 10:00:00
2018,3.0,11.0,11.0,7.99,7.99,2018-03-11 11:00:00
2018,3.0,11.0,12.0,8.0,8.0,2018-03-11 12:00:00
2018,3.0,11.0,13.0,6.7,6.7,2018-03-11 13:00:00
2018,3.0,11.0,14.0,7.99,7.99,2018-03-11 14:00:00
2018,3.0,11.0,15.0,5.48,5.48,2018-03-11 15:00:00
2018,3.0,11.0,16.0,5.09,5.09,2018-03-11 16:00:00
2018,3.0,11.0,17.0,5.0,5.0,2018-03-11 17:00:00
2018,3.0,11.0,18.0,5.0,5.0,2018-03-11 18:00:00
2018,3.0,11.0,19.0,4.0,4.0,2018-03-11 19:00:00
2018,3.0,11.0,20.0,9.0,9.0,2018-03-11 20:00:00
2018,3.0,11.0,21.0,20.22,20.22,2018-03-11 21:00:00
2018,3.0,11.0,22.0,20.36,20.36,2018-03-11 22:00:00
2018,3.0,11.0,23.0,19.4,19.4,2018-03-11 23:00:00
2018,3.0,11.0,24.0,8.0,8.0,2018-03-12 00:00:00
2018,3.0,12.0,1.0,23.8,23.8,2018-03-12 01:00:00
2018,3.0,12.0,2.0,12.0,12.0,2018-03-12 02:00:00
2018,3.0,12.0,3.0,8.0,8.0,2018-03-12 03:00:00
2018,3.0,12.0,4.0,6.7,6.7,2018-03-12 04:00:00
2018,3.0,12.0,5.0,8.0,8.0,2018-03-12 05:00:00
2018,3.0,12.0,6.0,12.0,12.0,2018-03-12 06:00:00
2018,3.0,12.0,7.0,27.24,27.24,2018-03-12 07:00:00
2018,3.0,12.0,8.0,40.35,44.45,2018-03-12 08:00:00
2018,3.0,12.0,9.0,38.93,48.34,2018-03-12 09:00:00
2018,3.0,12.0,10.0,48.05,48.05,2018-03-12 10:00:00
2018,3.0,12.0,11.0,46.02,46.02,2018-03-12 11:00:00
2018,3.0,12.0,12.0,44.41,44.41,2018-03-12 12:00:00
2018,3.0,12.0,13.0,45.0,45.0,2018-03-12 13:00:00
2018,3.0,12.0,14.0,41.5,41.5,2018-03-12 14:00:00
2018,3.0,12.0,15.0,38.38,38.38,2018-03-12 15:00:00
2018,3.0,12.0,16.0,37.24,37.24,2018-03-12 16:00:00
2018,3.0,12.0,17.0,37.61,37.61,2018-03-12 17:00:00
2018,3.0,12.0,18.0,42.23,42.23,2018-03-12 18:00:00
2018,3.0,12.0,19.0,50.24,50.24,2018-03-12 19:00:00
2018,3.0,12.0,20.0,62.0,62.0,2018-03-12 20:00:00
2018,3.0,12.0,21.0,70.0,70.0,2018-03-12 21:00:00
2018,3.0,12.0,22.0,66.64,66.64,2018-03-12 22:00:00
2018,3.0,12.0,23.0,56.13,56.13,2018-03-12 23:00:00
2018,3.0,12.0,24.0,50.6,50.6,2018-03-13 00:00:00
2018,3.0,13.0,1.0,44.44,44.44,2018-03-13 01:00:00
2018,3.0,13.0,2.0,39.63,39.63,2018-03-13 02:00:00
2018,3.0,13.0,3.0,34.21,34.21,2018-03-13 03:00:00
2018,3.0,13.0,4.0,33.71,33.71,2018-03-13 04:00:00
2018,3.0,13.0,5.0,33.61,33.61,2018-03-13 05:00:00
2018,3.0,13.0,6.0,34.01,34.01,2018-03-13 06:00:00
2018,3.0,13.0,7.0,41.06,41.06,2018-03-13 07:00:00
2018,3.0,13.0,8.0,50.19,51.17,2018-03-13 08:00:00
2018,3.0,13.0,9.0,47.22,54.02,2018-03-13 09:00:00
2018,3.0,13.0,10.0,54.99,57.68,2018-03-13 10:00:00
2018,3.0,13.0,11.0,57.9,57.9,2018-03-13 11:00:00
2018,3.0,13.0,12.0,55.0,55.0,2018-03-13 12:00:00
2018,3.0,13.0,13.0,52.56,52.56,2018-03-13 13:00:00
2018,3.0,13.0,14.0,50.32,50.32,2018-03-13 14:00:00
2018,3.0,13.0,15.0,48.47,48.47,2018-03-13 15:00:00
2018,3.0,13.0,16.0,44.67,44.67,2018-03-13 16:00:00
2018,3.0,13.0,17.0,46.48,46.48,2018-03-13 17:00:00
2018,3.0,13.0,18.0,48.56,48.56,2018-03-13 18:00:00
2018,3.0,13.0,19.0,50.19,55.24,2018-03-13 19:00:00
2018,3.0,13.0,20.0,52.99,65.3,2018-03-13 20:00:00
2018,3.0,13.0,21.0,62.0,66.15,2018-03-13 21:00:00
2018,3.0,13.0,22.0,53.99,56.66,2018-03-13 22:00:00
2018,3.0,13.0,23.0,45.25,50.43,2018-03-13 23:00:00
2018,3.0,13.0,24.0,42.02,42.73,2018-03-14 00:00:00
2018,3.0,14.0,1.0,40.23,40.23,2018-03-14 01:00:00
2018,3.0,14.0,2.0,39.56,39.56,2018-03-14 02:00:00
2018,3.0,14.0,3.0,37.02,37.02,2018-03-14 03:00:00
2018,3.0,14.0,4.0,35.56,35.56,2018-03-14 04:00:00
2018,3.0,14.0,5.0,34.01,34.01,2018-03-14 05:00:00
2018,3.0,14.0,6.0,36.13,36.13,2018-03-14 06:00:00
2018,3.0,14.0,7.0,37.91,37.91,2018-03-14 07:00:00
2018,3.0,14.0,8.0,37.02,50.58,2018-03-14 08:00:00
2018,3.0,14.0,9.0,33.33,52.03,2018-03-14 09:00:00
2018,3.0,14.0,10.0,44.02,52.26,2018-03-14 10:00:00
2018,3.0,14.0,11.0,44.44,50.58,2018-03-14 11:00:00
2018,3.0,14.0,12.0,44.44,48.78,2018-03-14 12:00:00
2018,3.0,14.0,13.0,44.02,44.02,2018-03-14 13:00:00
2018,3.0,14.0,14.0,39.69,39.69,2018-03-14 14:00:00
2018,3.0,14.0,15.0,36.72,36.72,2018-03-14 15:00:00
2018,3.0,14.0,16.0,31.31,31.31,2018-03-14 16:00:00
2018,3.0,14.0,17.0,24.7,24.7,2018-03-14 17:00:00
2018,3.0,14.0,18.0,20.1,20.1,2018-03-14 18:00:00
2018,3.0,14.0,19.0,15.0,15.0,2018-03-14 19:00:00
2018,3.0,14.0,20.0,37.61,37.61,2018-03-14 20:00:00
2018,3.0,14.0,21.0,48.21,48.21,2018-03-14 21:00:00
2018,3.0,14.0,22.0,41.11,41.11,2018-03-14 22:00:00
2018,3.0,14.0,23.0,36.72,36.72,2018-03-14 23:00:00
2018,3.0,14.0,24.0,21.2,21.2,2018-03-15 00:00:00
2018,3.0,15.0,1.0,25.36,25.36,2018-03-15 01:00:00
2018,3.0,15.0,2.0,12.4,12.4,2018-03-15 02:00:00
2018,3.0,15.0,3.0,5.48,5.48,2018-03-15 03:00:00
2018,3.0,15.0,4.0,5.48,5.48,2018-03-15 04:00:00
2018,3.0,15.0,5.0,5.48,5.48,2018-03-15 05:00:00
2018,3.0,15.0,6.0,8.55,8.55,2018-03-15 06:00:00
2018,3.0,15.0,7.0,29.31,29.31,2018-03-15 07:00:00
2018,3.0,15.0,8.0,31.31,37.07,2018-03-15 08:00:00
2018,3.0,15.0,9.0,38.83,44.51,2018-03-15 09:00:00
2018,3.0,15.0,10.0,44.44,46.25,2018-03-15 10:00:00
2018,3.0,15.0,11.0,44.51,45.78,2018-03-15 11:00:00
2018,3.0,15.0,12.0,44.44,44.44,2018-03-15 12:00:00
2018,3.0,15.0,13.0,41.76,41.76,2018-03-15 13:00:00
2018,3.0,15.0,14.0,39.7,39.7,2018-03-15 14:00:00
2018,3.0,15.0,15.0,35.17,35.17,2018-03-15 15:00:00
2018,3.0,15.0,16.0,34.01,34.01,2018-03-15 16:00:00
2018,3.0,15.0,17.0,33.61,33.61,2018-03-15 17:00:00
2018,3.0,15.0,18.0,36.05,36.05,2018-03-15 18:00:00
2018,3.0,15.0,19.0,44.51,44.51,2018-03-15 19:00:00
2018,3.0,15.0,20.0,53.69,53.69,2018-03-15 20:00:00
2018,3.0,15.0,21.0,54.01,54.01,2018-03-15 21:00:00
2018,3.0,15.0,22.0,47.75,47.75,2018-03-15 22:00:00
2018,3.0,15.0,23.0,40.04,40.04,2018-03-15 23:00:00
2018,3.0,15.0,24.0,34.01,34.01,2018-03-16 00:00:00
2018,3.0,16.0,1.0,45.42,45.42,2018-03-16 01:00:00
2018,3.0,16.0,2.0,37.17,37.17,2018-03-16 02:00:00
2018,3.0,16.0,3.0,34.0,34.0,2018-03-16 03:00:00
2018,3.0,16.0,4.0,30.55,30.55,2018-03-16 04:00:00
2018,3.0,16.0,5.0,29.97,29.97,2018-03-16 05:00:00
2018,3.0,16.0,6.0,35.55,35.55,2018-03-16 06:00:00
2018,3.0,16.0,7.0,44.46,44.46,2018-03-16 07:00:00
2018,3.0,16.0,8.0,45.44,50.54,2018-03-16 08:00:00
2018,3.0,16.0,9.0,50.44,55.29,2018-03-16 09:00:00
2018,3.0,16.0,10.0,53.6,55.99,2018-03-16 10:00:00
2018,3.0,16.0,11.0,52.8,52.8,2018-03-16 11:00:00
2018,3.0,16.0,12.0,51.17,51.17,2018-03-16 12:00:00
2018,3.0,16.0,13.0,50.54,50.54,2018-03-16 13:00:00
2018,3.0,16.0,14.0,50.18,50.18,2018-03-16 14:00:00
2018,3.0,16.0,15.0,46.5,46.5,2018-03-16 15:00:00
2018,3.0,16.0,16.0,44.3,44.3,2018-03-16 16:00:00
2018,3.0,16.0,17.0,41.91,41.91,2018-03-16 17:00:00
2018,3.0,16.0,18.0,42.89,42.89,2018-03-16 18:00:00
2018,3.0,16.0,19.0,45.44,45.44,2018-03-16 19:00:00
2018,3.0,16.0,20.0,50.44,50.54,2018-03-16 20:00:00
2018,3.0,16.0,21.0,50.13,50.13,2018-03-16 21:00:00
2018,3.0,16.0,22.0,50.17,50.17,2018-03-16 22:00:00
2018,3.0,16.0,23.0,49.89,49.89,2018-03-16 23:00:00
2018,3.0,16.0,24.0,44.01,44.01,2018-03-17 00:00:00
2018,3.0,17.0,1.0,41.71,41.71,2018-03-17 01:00:00
2018,3.0,17.0,2.0,36.27,36.27,2018-03-17 02:00:00
2018,3.0,17.0,3.0,35.0,35.0,2018-03-17 03:00:00
2018,3.0,17.0,4.0,35.55,35.55,2018-03-17 04:00:00
2018,3.0,17.0,5.0,36.37,36.37,2018-03-17 05:00:00
2018,3.0,17.0,6.0,36.96,36.96,2018-03-17 06:00:00
2018,3.0,17.0,7.0,37.89,37.89,2018-03-17 07:00:00
2018,3.0,17.0,8.0,37.87,37.87,2018-03-17 08:00:00
2018,3.0,17.0,9.0,40.8,40.8,2018-03-17 09:00:00
2018,3.0,17.0,10.0,49.0,49.0,2018-03-17 10:00:00
2018,3.0,17.0,11.0,50.44,50.44,2018-03-17 11:00:00
2018,3.0,17.0,12.0,50.44,50.44,2018-03-17 12:00:00
2018,3.0,17.0,13.0,50.72,50.72,2018-03-17 13:00:00
2018,3.0,17.0,14.0,50.27,50.27,2018-03-17 14:00:00
2018,3.0,17.0,15.0,46.52,46.52,2018-03-17 15:00:00
2018,3.0,17.0,16.0,43.09,43.09,2018-03-17 16:00:00
2018,3.0,17.0,17.0,41.7,41.7,2018-03-17 17:00:00
2018,3.0,17.0,18.0,42.78,42.78,2018-03-17 18:00:00
2018,3.0,17.0,19.0,47.13,47.13,2018-03-17 19:00:00
2018,3.0,17.0,20.0,52.5,52.5,2018-03-17 20:00:00
2018,3.0,17.0,21.0,63.83,63.83,2018-03-17 21:00:00
2018,3.0,17.0,22.0,57.4,57.4,2018-03-17 22:00:00
2018,3.0,17.0,23.0,57.89,57.89,2018-03-17 23:00:00
2018,3.0,17.0,24.0,52.53,52.53,2018-03-18 00:00:00
2018,3.0,18.0,1.0,46.72,46.72,2018-03-18 01:00:00
2018,3.0,18.0,2.0,43.97,43.97,2018-03-18 02:00:00
2018,3.0,18.0,3.0,40.63,40.63,2018-03-18 03:00:00
2018,3.0,18.0,4.0,38.75,38.75,2018-03-18 04:00:00
2018,3.0,18.0,5.0,37.1,37.1,2018-03-18 05:00:00
2018,3.0,18.0,6.0,37.89,37.89,2018-03-18 06:00:00
2018,3.0,18.0,7.0,37.6,37.6,2018-03-18 07:00:00
2018,3.0,18.0,8.0,36.29,36.29,2018-03-18 08:00:00
2018,3.0,18.0,9.0,36.8,36.8,2018-03-18 09:00:00
2018,3.0,18.0,10.0,37.9,37.9,2018-03-18 10:00:00
2018,3.0,18.0,11.0,38.95,38.95,2018-03-18 11:00:00
2018,3.0,18.0,12.0,40.11,40.11,2018-03-18 12:00:00
2018,3.0,18.0,13.0,39.05,39.05,2018-03-18 13:00:00
2018,3.0,18.0,14.0,39.05,39.05,2018-03-18 14:00:00
2018,3.0,18.0,15.0,37.7,37.7,2018-03-18 15:00:00
2018,3.0,18.0,16.0,33.33,33.33,2018-03-18 16:00:00
2018,3.0,18.0,17.0,20.1,20.1,2018-03-18 17:00:00
2018,3.0,18.0,18.0,28.13,28.13,2018-03-18 18:00:00
2018,3.0,18.0,19.0,38.0,38.0,2018-03-18 19:00:00
2018,3.0,18.0,20.0,44.44,44.44,2018-03-18 20:00:00
2018,3.0,18.0,21.0,49.7,49.7,2018-03-18 21:00:00
2018,3.0,18.0,22.0,50.5,50.5,2018-03-18 22:00:00
2018,3.0,18.0,23.0,47.48,47.48,2018-03-18 23:00:00
2018,3.0,18.0,24.0,44.99,44.99,2018-03-19 00:00:00
2018,3.0,19.0,1.0,43.63,43.63,2018-03-19 01:00:00
2018,3.0,19.0,2.0,40.8,40.8,2018-03-19 02:00:00
2018,3.0,19.0,3.0,39.91,39.91,2018-03-19 03:00:00
2018,3.0,19.0,4.0,37.7,37.7,2018-03-19 04:00:00
2018,3.0,19.0,5.0,37.5,37.5,2018-03-19 05:00:00
2018,3.0,19.0,6.0,39.81,39.81,2018-03-19 06:00:00
2018,3.0,19.0,7.0,40.21,40.21,2018-03-19 07:00:00
2018,3.0,19.0,8.0,42.55,54.1,2018-03-19 08:00:00
2018,3.0,19.0,9.0,44.44,62.63,2018-03-19 09:00:00
2018,3.0,19.0,10.0,45.49,60.0,2018-03-19 10:00:00
2018,3.0,19.0,11.0,47.49,52.4,2018-03-19 11:00:00
2018,3.0,19.0,12.0,49.55,50.27,2018-03-19 12:00:00
2018,3.0,19.0,13.0,46.49,46.49,2018-03-19 13:00:00
2018,3.0,19.0,14.0,44.99,44.99,2018-03-19 14:00:00
2018,3.0,19.0,15.0,43.63,43.63,2018-03-19 15:00:00
2018,3.0,19.0,16.0,41.79,41.79,2018-03-19 16:00:00
2018,3.0,19.0,17.0,40.11,40.11,2018-03-19 17:00:00
2018,3.0,19.0,18.0,40.11,40.11,2018-03-19 18:00:00
2018,3.0,19.0,19.0,42.01,42.01,2018-03-19 19:00:00
2018,3.0,19.0,20.0,47.0,47.0,2018-03-19 20:00:00
2018,3.0,19.0,21.0,54.02,54.02,2018-03-19 21:00:00
2018,3.0,19.0,22.0,50.17,50.17,2018-03-19 22:00:00
2018,3.0,19.0,23.0,44.44,44.44,2018-03-19 23:00:00
2018,3.0,19.0,24.0,39.71,39.71,2018-03-20 00:00:00
2018,3.0,20.0,1.0,35.0,35.0,2018-03-20 01:00:00
2018,3.0,20.0,2.0,34.69,34.69,2018-03-20 02:00:00
2018,3.0,20.0,3.0,33.59,33.59,2018-03-20 03:00:00
2018,3.0,20.0,4.0,33.02,33.02,2018-03-20 04:00:00
2018,3.0,20.0,5.0,31.38,31.38,2018-03-20 05:00:00
2018,3.0,20.0,6.0,33.89,33.89,2018-03-20 06:00:00
2018,3.0,20.0,7.0,35.0,35.0,2018-03-20 07:00:00
2018,3.0,20.0,8.0,36.4,36.4,2018-03-20 08:00:00
2018,3.0,20.0,9.0,43.77,43.77,2018-03-20 09:00:00
2018,3.0,20.0,10.0,44.01,44.01,2018-03-20 10:00:00
2018,3.0,20.0,11.0,39.81,39.81,2018-03-20 11:00:00
2018,3.0,20.0,12.0,36.4,36.4,2018-03-20 12:00:00
2018,3.0,20.0,13.0,36.1,36.1,2018-03-20 13:00:00
2018,3.0,20.0,14.0,36.1,36.1,2018-03-20 14:00:00
2018,3.0,20.0,15.0,35.9,35.9,2018-03-20 15:00:00
2018,3.0,20.0,16.0,36.1,36.1,2018-03-20 16:00:00
2018,3.0,20.0,17.0,36.2,36.2,2018-03-20 17:00:00
2018,3.0,20.0,18.0,36.3,36.3,2018-03-20 18:00:00
2018,3.0,20.0,19.0,37.74,37.74,2018-03-20 19:00:00
2018,3.0,20.0,20.0,47.01,47.01,2018-03-20 20:00:00
2018,3.0,20.0,21.0,55.99,55.99,2018-03-20 21:00:00
2018,3.0,20.0,22.0,50.25,50.25,2018-03-20 22:00:00
2018,3.0,20.0,23.0,46.6,46.6,2018-03-20 23:00:00
2018,3.0,20.0,24.0,39.1,39.1,2018-03-21 00:00:00
2018,3.0,21.0,1.0,37.89,37.89,2018-03-21 01:00:00
2018,3.0,21.0,2.0,37.89,37.89,2018-03-21 02:00:00
2018,3.0,21.0,3.0,34.02,34.02,2018-03-21 03:00:00
2018,3.0,21.0,4.0,33.89,33.89,2018-03-21 04:00:00
2018,3.0,21.0,5.0,33.89,33.89,2018-03-21 05:00:00
2018,3.0,21.0,6.0,34.02,34.02,2018-03-21 06:00:00
2018,3.0,21.0,7.0,39.81,39.81,2018-03-21 07:00:00
2018,3.0,21.0,8.0,45.89,45.89,2018-03-21 08:00:00
2018,3.0,21.0,9.0,49.44,49.44,2018-03-21 09:00:00
2018,3.0,21.0,10.0,49.38,49.38,2018-03-21 10:00:00
2018,3.0,21.0,11.0,48.5,48.5,2018-03-21 11:00:00
2018,3.0,21.0,12.0,47.43,47.43,2018-03-21 12:00:00
2018,3.0,21.0,13.0,47.05,47.05,2018-03-21 13:00:00
2018,3.0,21.0,14.0,47.05,47.05,2018-03-21 14:00:00
2018,3.0,21.0,15.0,45.79,45.79,2018-03-21 15:00:00
2018,3.0,21.0,16.0,45.69,45.69,2018-03-21 16:00:00
2018,3.0,21.0,17.0,44.51,44.51,2018-03-21 17:00:00
2018,3.0,21.0,18.0,45.4,45.4,2018-03-21 18:00:00
2018,3.0,21.0,19.0,47.52,47.52,2018-03-21 19:00:00
2018,3.0,21.0,20.0,54.11,54.11,2018-03-21 20:00:00
2018,3.0,21.0,21.0,63.83,63.83,2018-03-21 21:00:00
2018,3.0,21.0,22.0,54.96,54.96,2018-03-21 22:00:00
2018,3.0,21.0,23.0,54.22,54.22,2018-03-21 23:00:00
2018,3.0,21.0,24.0,49.66,49.66,2018-03-22 00:00:00
2018,3.0,22.0,1.0,51.45,51.45,2018-03-22 01:00:00
2018,3.0,22.0,2.0,50.78,50.78,2018-03-22 02:00:00
2018,3.0,22.0,3.0,51.05,51.05,2018-03-22 03:00:00
2018,3.0,22.0,4.0,48.77,48.77,2018-03-22 04:00:00
2018,3.0,22.0,5.0,47.31,47.31,2018-03-22 05:00:00
2018,3.0,22.0,6.0,50.0,50.0,2018-03-22 06:00:00
2018,3.0,22.0,7.0,51.02,51.02,2018-03-22 07:00:00
2018,3.0,22.0,8.0,54.99,54.99,2018-03-22 08:00:00
2018,3.0,22.0,9.0,56.01,63.15,2018-03-22 09:00:00
2018,3.0,22.0,10.0,59.59,59.59,2018-03-22 10:00:00
2018,3.0,22.0,11.0,58.91,58.91,2018-03-22 11:00:00
2018,3.0,22.0,12.0,58.56,58.56,2018-03-22 12:00:00
2018,3.0,22.0,13.0,56.01,56.01,2018-03-22 13:00:00
2018,3.0,22.0,14.0,57.32,57.32,2018-03-22 14:00:00
2018,3.0,22.0,15.0,53.36,53.36,2018-03-22 15:00:00
2018,3.0,22.0,16.0,52.28,52.28,2018-03-22 16:00:00
2018,3.0,22.0,17.0,50.74,50.74,2018-03-22 17:00:00
2018,3.0,22.0,18.0,50.27,50.27,2018-03-22 18:00:00
2018,3.0,22.0,19.0,51.31,51.31,2018-03-22 19:00:00
2018,3.0,22.0,20.0,55.01,58.71,2018-03-22 20:00:00
2018,3.0,22.0,21.0,58.01,65.0,2018-03-22 21:00:00
2018,3.0,22.0,22.0,57.01,58.42,2018-03-22 22:00:00
2018,3.0,22.0,23.0,52.52,52.52,2018-03-22 23:00:00
2018,3.0,22.0,24.0,46.77,46.77,2018-03-23 00:00:00
2018,3.0,23.0,1.0,41.94,41.94,2018-03-23 01:00:00
2018,3.0,23.0,2.0,41.48,41.48,2018-03-23 02:00:00
2018,3.0,23.0,3.0,40.95,40.95,2018-03-23 03:00:00
2018,3.0,23.0,4.0,40.49,40.49,2018-03-23 04:00:00
2018,3.0,23.0,5.0,40.55,40.55,2018-03-23 05:00:00
2018,3.0,23.0,6.0,42.78,42.78,2018-03-23 06:00:00
2018,3.0,23.0,7.0,45.45,45.45,2018-03-23 07:00:00
2018,3.0,23.0,8.0,51.31,51.31,2018-03-23 08:00:00
2018,3.0,23.0,9.0,56.05,56.05,2018-03-23 09:00:00
2018,3.0,23.0,10.0,57.05,57.05,2018-03-23 10:00:00
2018,3.0,23.0,11.0,56.91,56.91,2018-03-23 11:00:00
2018,3.0,23.0,12.0,53.89,53.89,2018-03-23 12:00:00
2018,3.0,23.0,13.0,51.87,51.87,2018-03-23 13:00:00
2018,3.0,23.0,14.0,50.35,50.35,2018-03-23 14:00:00
2018,3.0,23.0,15.0,49.23,49.23,2018-03-23 15:00:00
2018,3.0,23.0,16.0,44.51,44.51,2018-03-23 16:00:00
2018,3.0,23.0,17.0,42.81,42.81,2018-03-23 17:00:00
2018,3.0,23.0,18.0,41.79,41.79,2018-03-23 18:00:00
2018,3.0,23.0,19.0,41.69,41.69,2018-03-23 19:00:00
2018,3.0,23.0,20.0,44.51,44.67,2018-03-23 20:00:00
2018,3.0,23.0,21.0,50.41,50.41,2018-03-23 21:00:00
2018,3.0,23.0,22.0,49.51,49.51,2018-03-23 22:00:00
2018,3.0,23.0,23.0,45.04,45.04,2018-03-23 23:00:00
2018,3.0,23.0,24.0,35.89,35.89,2018-03-24 00:00:00
2018,3.0,24.0,1.0,30.0,30.0,2018-03-24 01:00:00
2018,3.0,24.0,2.0,22.23,22.23,2018-03-24 02:00:00
2018,3.0,24.0,3.0,19.1,19.1,2018-03-24 03:00:00
2018,3.0,24.0,4.0,11.0,11.0,2018-03-24 04:00:00
2018,3.0,24.0,5.0,10.49,10.49,2018-03-24 05:00:00
2018,3.0,24.0,6.0,10.49,10.49,2018-03-24 06:00:00
2018,3.0,24.0,7.0,11.0,11.0,2018-03-24 07:00:00
2018,3.0,24.0,8.0,13.0,13.0,2018-03-24 08:00:00
2018,3.0,24.0,9.0,13.2,13.2,2018-03-24 09:00:00
2018,3.0,24.0,10.0,19.98,19.98,2018-03-24 10:00:00
2018,3.0,24.0,11.0,21.0,21.0,2018-03-24 11:00:00
2018,3.0,24.0,12.0,20.31,20.31,2018-03-24 12:00:00
2018,3.0,24.0,13.0,19.98,19.98,2018-03-24 13:00:00
2018,3.0,24.0,14.0,20.39,20.39,2018-03-24 14:00:00
2018,3.0,24.0,15.0,20.01,20.01,2018-03-24 15:00:00
2018,3.0,24.0,16.0,15.89,15.89,2018-03-24 16:00:00
2018,3.0,24.0,17.0,15.33,15.33,2018-03-24 17:00:00
2018,3.0,24.0,18.0,19.98,19.98,2018-03-24 18:00:00
2018,3.0,24.0,19.0,23.57,23.57,2018-03-24 19:00:00
2018,3.0,24.0,20.0,33.3,33.3,2018-03-24 20:00:00
2018,3.0,24.0,21.0,49.0,49.0,2018-03-24 21:00:00
2018,3.0,24.0,22.0,49.8,49.8,2018-03-24 22:00:00
2018,3.0,24.0,23.0,45.45,45.45,2018-03-24 23:00:00
2018,3.0,24.0,24.0,35.4,35.4,2018-03-25 00:00:00
2018,3.0,25.0,1.0,46.74,46.74,2018-03-25 01:00:00
2018,3.0,25.0,2.0,45.0,45.0,2018-03-25 02:00:00
2018,3.0,25.0,3.0,41.5,37.85,2018-03-25 03:00:00
2018,3.0,25.0,4.0,41.5,37.28,2018-03-25 04:00:00
2018,3.0,25.0,5.0,39.1,37.24,2018-03-25 05:00:00
2018,3.0,25.0,6.0,38.0,38.0,2018-03-25 06:00:00
2018,3.0,25.0,7.0,39.6,39.6,2018-03-25 07:00:00
2018,3.0,25.0,8.0,42.23,42.23,2018-03-25 08:00:00
2018,3.0,25.0,9.0,45.45,45.45,2018-03-25 09:00:00
2018,3.0,25.0,10.0,46.36,46.36,2018-03-25 10:00:00
2018,3.0,25.0,11.0,46.17,46.17,2018-03-25 11:00:00
2018,3.0,25.0,12.0,45.7,45.7,2018-03-25 12:00:00
2018,3.0,25.0,13.0,42.1,42.1,2018-03-25 13:00:00
2018,3.0,25.0,14.0,37.95,37.95,2018-03-25 14:00:00
2018,3.0,25.0,15.0,34.9,34.9,2018-03-25 15:00:00
2018,3.0,25.0,16.0,36.0,36.0,2018-03-25 16:00:00
2018,3.0,25.0,17.0,36.86,36.86,2018-03-25 17:00:00
2018,3.0,25.0,18.0,41.38,41.38,2018-03-25 18:00:00
2018,3.0,25.0,19.0,45.16,45.16,2018-03-25 19:00:00
2018,3.0,25.0,20.0,53.12,53.12,2018-03-25 20:00:00
2018,3.0,25.0,21.0,54.02,54.02,2018-03-25 21:00:00
2018,3.0,25.0,22.0,53.24,53.24,2018-03-25 22:00:00
2018,3.0,25.0,23.0,49.39,49.39,2018-03-25 23:00:00
2018,3.0,25.0,24.0,49.39,49.39,2018-03-26 00:00:00
2018,3.0,26.0,1.0,44.12,44.12,2018-03-26 01:00:00
2018,3.0,26.0,2.0,39.53,39.53,2018-03-26 02:00:00
2018,3.0,26.0,3.0,38.92,38.92,2018-03-26 03:00:00
2018,3.0,26.0,4.0,38.01,38.01,2018-03-26 04:00:00
2018,3.0,26.0,5.0,37.25,37.25,2018-03-26 05:00:00
2018,3.0,26.0,6.0,40.86,40.86,2018-03-26 06:00:00
2018,3.0,26.0,7.0,52.28,52.28,2018-03-26 07:00:00
2018,3.0,26.0,8.0,52.55,61.15,2018-03-26 08:00:00
2018,3.0,26.0,9.0,52.52,60.13,2018-03-26 09:00:00
2018,3.0,26.0,10.0,52.8,60.13,2018-03-26 10:00:00
2018,3.0,26.0,11.0,53.69,55.66,2018-03-26 11:00:00
2018,3.0,26.0,12.0,54.28,54.28,2018-03-26 12:00:00
2018,3.0,26.0,13.0,53.99,53.99,2018-03-26 13:00:00
2018,3.0,26.0,14.0,52.52,52.52,2018-03-26 14:00:00
2018,3.0,26.0,15.0,48.84,48.84,2018-03-26 15:00:00
2018,3.0,26.0,16.0,45.34,45.34,2018-03-26 16:00:00
2018,3.0,26.0,17.0,44.03,44.03,2018-03-26 17:00:00
2018,3.0,26.0,18.0,45.09,45.09,2018-03-26 18:00:00
2018,3.0,26.0,19.0,50.8,50.8,2018-03-26 19:00:00
2018,3.0,26.0,20.0,53.69,53.69,2018-03-26 20:00:00
2018,3.0,26.0,21.0,61.64,61.64,2018-03-26 21:00:00
2018,3.0,26.0,22.0,62.42,62.42,2018-03-26 22:00:00
2018,3.0,26.0,23.0,54.91,54.91,2018-03-26 23:00:00
2018,3.0,26.0,24.0,49.18,49.18,2018-03-27 00:00:00
2018,3.0,27.0,1.0,42.49,42.49,2018-03-27 01:00:00
2018,3.0,27.0,2.0,38.83,38.83,2018-03-27 02:00:00
2018,3.0,27.0,3.0,38.0,38.0,2018-03-27 03:00:00
2018,3.0,27.0,4.0,38.01,38.01,2018-03-27 04:00:00
2018,3.0,27.0,5.0,37.83,37.83,2018-03-27 05:00:00
2018,3.0,27.0,6.0,38.98,38.98,2018-03-27 06:00:00
2018,3.0,27.0,7.0,48.47,48.47,2018-03-27 07:00:00
2018,3.0,27.0,8.0,52.5,56.01,2018-03-27 08:00:00
2018,3.0,27.0,9.0,52.5,58.11,2018-03-27 09:00:00
2018,3.0,27.0,10.0,55.5,58.11,2018-03-27 10:00:00
2018,3.0,27.0,11.0,55.99,55.99,2018-03-27 11:00:00
2018,3.0,27.0,12.0,52.73,52.73,2018-03-27 12:00:00
2018,3.0,27.0,13.0,49.52,49.52,2018-03-27 13:00:00
2018,3.0,27.0,14.0,47.34,47.34,2018-03-27 14:00:00
2018,3.0,27.0,15.0,43.98,43.98,2018-03-27 15:00:00
2018,3.0,27.0,16.0,42.31,42.31,2018-03-27 16:00:00
2018,3.0,27.0,17.0,40.73,40.73,2018-03-27 17:00:00
2018,3.0,27.0,18.0,41.22,41.22,2018-03-27 18:00:00
2018,3.0,27.0,19.0,42.0,42.0,2018-03-27 19:00:00
2018,3.0,27.0,20.0,48.41,48.41,2018-03-27 20:00:00
2018,3.0,27.0,21.0,52.68,52.68,2018-03-27 21:00:00
2018,3.0,27.0,22.0,54.99,54.99,2018-03-27 22:00:00
2018,3.0,27.0,23.0,50.92,50.92,2018-03-27 23:00:00
2018,3.0,27.0,24.0,45.01,45.01,2018-03-28 00:00:00
2018,3.0,28.0,1.0,41.74,41.74,2018-03-28 01:00:00
2018,3.0,28.0,2.0,41.95,35.45,2018-03-28 02:00:00
2018,3.0,28.0,3.0,41.63,33.72,2018-03-28 03:00:00
2018,3.0,28.0,4.0,40.72,32.62,2018-03-28 04:00:00
2018,3.0,28.0,5.0,34.43,33.3,2018-03-28 05:00:00
2018,3.0,28.0,6.0,35.05,35.05,2018-03-28 06:00:00
2018,3.0,28.0,7.0,41.94,41.94,2018-03-28 07:00:00
2018,3.0,28.0,8.0,50.69,50.69,2018-03-28 08:00:00
2018,3.0,28.0,9.0,50.69,56.76,2018-03-28 09:00:00
2018,3.0,28.0,10.0,54.99,56.8,2018-03-28 10:00:00
2018,3.0,28.0,11.0,53.02,53.02,2018-03-28 11:00:00
2018,3.0,28.0,12.0,50.92,50.92,2018-03-28 12:00:00
2018,3.0,28.0,13.0,49.62,49.62,2018-03-28 13:00:00
2018,3.0,28.0,14.0,48.99,48.99,2018-03-28 14:00:00
2018,3.0,28.0,15.0,45.7,45.7,2018-03-28 15:00:00
2018,3.0,28.0,16.0,44.07,44.07,2018-03-28 16:00:00
2018,3.0,28.0,17.0,42.35,42.35,2018-03-28 17:00:00
2018,3.0,28.0,18.0,40.72,40.72,2018-03-28 18:00:00
2018,3.0,28.0,19.0,40.16,40.16,2018-03-28 19:00:00
2018,3.0,28.0,20.0,45.99,45.99,2018-03-28 20:00:00
2018,3.0,28.0,21.0,48.19,48.19,2018-03-28 21:00:00
2018,3.0,28.0,22.0,49.69,49.69,2018-03-28 22:00:00
2018,3.0,28.0,23.0,45.39,45.39,2018-03-28 23:00:00
2018,3.0,28.0,24.0,38.46,38.46,2018-03-29 00:00:00
2018,3.0,29.0,1.0,34.23,34.23,2018-03-29 01:00:00
2018,3.0,29.0,2.0,31.0,31.0,2018-03-29 02:00:00
2018,3.0,29.0,3.0,26.23,26.23,2018-03-29 03:00:00
2018,3.0,29.0,4.0,25.22,25.22,2018-03-29 04:00:00
2018,3.0,29.0,5.0,25.49,25.49,2018-03-29 05:00:00
2018,3.0,29.0,6.0,25.98,25.98,2018-03-29 06:00:00
2018,3.0,29.0,7.0,26.74,26.74,2018-03-29 07:00:00
2018,3.0,29.0,8.0,33.73,33.73,2018-03-29 08:00:00
2018,3.0,29.0,9.0,39.84,39.84,2018-03-29 09:00:00
2018,3.0,29.0,10.0,43.01,43.01,2018-03-29 10:00:00
2018,3.0,29.0,11.0,40.54,40.54,2018-03-29 11:00:00
2018,3.0,29.0,12.0,38.86,38.86,2018-03-29 12:00:00
2018,3.0,29.0,13.0,34.73,34.73,2018-03-29 13:00:00
2018,3.0,29.0,14.0,32.48,32.48,2018-03-29 14:00:00
2018,3.0,29.0,15.0,26.74,26.74,2018-03-29 15:00:00
2018,3.0,29.0,16.0,23.32,23.32,2018-03-29 16:00:00
2018,3.0,29.0,17.0,15.33,15.33,2018-03-29 17:00:00
2018,3.0,29.0,18.0,12.0,12.0,2018-03-29 18:00:00
2018,3.0,29.0,19.0,12.4,12.4,2018-03-29 19:00:00
2018,3.0,29.0,20.0,12.4,12.4,2018-03-29 20:00:00
2018,3.0,29.0,21.0,25.52,25.52,2018-03-29 21:00:00
2018,3.0,29.0,22.0,30.0,30.0,2018-03-29 22:00:00
2018,3.0,29.0,23.0,26.74,26.74,2018-03-29 23:00:00
2018,3.0,29.0,24.0,23.02,23.02,2018-03-30 00:00:00
2018,3.0,30.0,1.0,7.5,7.5,2018-03-30 01:00:00
2018,3.0,30.0,2.0,5.48,5.48,2018-03-30 02:00:00
2018,3.0,30.0,3.0,4.35,4.35,2018-03-30 03:00:00
2018,3.0,30.0,4.0,3.54,3.54,2018-03-30 04:00:00
2018,3.0,30.0,5.0,2.35,2.35,2018-03-30 05:00:00
2018,3.0,30.0,6.0,2.61,2.61,2018-03-30 06:00:00
2018,3.0,30.0,7.0,4.25,4.25,2018-03-30 07:00:00
2018,3.0,30.0,8.0,2.35,2.35,2018-03-30 08:00:00
2018,3.0,30.0,9.0,2.35,2.35,2018-03-30 09:00:00
2018,3.0,30.0,10.0,5.09,5.09,2018-03-30 10:00:00
2018,3.0,30.0,11.0,5.35,5.35,2018-03-30 11:00:00
2018,3.0,30.0,12.0,5.48,5.48,2018-03-30 12:00:00
2018,3.0,30.0,13.0,5.09,5.09,2018-03-30 13:00:00
2018,3.0,30.0,14.0,5.48,5.48,2018-03-30 14:00:00
2018,3.0,30.0,15.0,4.5,4.5,2018-03-30 15:00:00
2018,3.0,30.0,16.0,2.32,2.32,2018-03-30 16:00:00
2018,3.0,30.0,17.0,2.3,2.3,2018-03-30 17:00:00
2018,3.0,30.0,18.0,2.3,2.3,2018-03-30 18:00:00
2018,3.0,30.0,19.0,2.31,2.31,2018-03-30 19:00:00
2018,3.0,30.0,20.0,5.0,5.0,2018-03-30 20:00:00
2018,3.0,30.0,21.0,5.35,5.35,2018-03-30 21:00:00
2018,3.0,30.0,22.0,9.97,9.97,2018-03-30 22:00:00
2018,3.0,30.0,23.0,7.5,7.5,2018-03-30 23:00:00
2018,3.0,30.0,24.0,5.09,5.09,2018-03-31 00:00:00
2018,3.0,31.0,1.0,5.48,5.48,2018-03-31 01:00:00
2018,3.0,31.0,2.0,2.31,2.31,2018-03-31 02:00:00
2018,3.0,31.0,3.0,2.3,2.3,2018-03-31 03:00:00
2018,3.0,31.0,4.0,2.3,2.3,2018-03-31 04:00:00
2018,3.0,31.0,5.0,2.3,2.3,2018-03-31 05:00:00
2018,3.0,31.0,6.0,2.3,2.3,2018-03-31 06:00:00
2018,3.0,31.0,7.0,2.3,2.3,2018-03-31 07:00:00
2018,3.0,31.0,8.0,2.54,2.54,2018-03-31 08:00:00
2018,3.0,31.0,9.0,5.27,5.27,2018-03-31 09:00:00
2018,3.0,31.0,10.0,8.85,8.85,2018-03-31 10:00:00
2018,3.0,31.0,11.0,10.65,10.65,2018-03-31 11:00:00
2018,3.0,31.0,12.0,8.85,8.85,2018-03-31 12:00:00
2018,3.0,31.0,13.0,6.7,6.7,2018-03-31 13:00:00
2018,3.0,31.0,14.0,8.85,8.85,2018-03-31 14:00:00
2018,3.0,31.0,15.0,9.2,9.2,2018-03-31 15:00:00
2018,3.0,31.0,16.0,5.48,5.48,2018-03-31 16:00:00
2018,3.0,31.0,17.0,5.48,5.48,2018-03-31 17:00:00
2018,3.0,31.0,18.0,6.06,6.06,2018-03-31 18:00:00
2018,3.0,31.0,19.0,12.4,12.4,2018-03-31 19:00:00
2018,3.0,31.0,20.0,25.61,25.61,2018-03-31 20:00:00
2018,3.0,31.0,21.0,39.64,39.64,2018-03-31 21:00:00
2018,3.0,31.0,22.0,44.22,44.22,2018-03-31 22:00:00
2018,3.0,31.0,23.0,44.45,44.45,2018-03-31 23:00:00
2018,3.0,31.0,24.0,38.78,38.78,2018-04-01 00:00:00
2018,4.0,1.0,1.0,40.43,40.43,2018-04-01 01:00:00
2018,4.0,1.0,2.0,32.02,32.02,2018-04-01 02:00:00
2018,4.0,1.0,3.0,30.02,29.03,2018-04-01 03:00:00
2018,4.0,1.0,4.0,29.85,25.09,2018-04-01 04:00:00
2018,4.0,1.0,5.0,22.14,22.14,2018-04-01 05:00:00
2018,4.0,1.0,6.0,22.49,22.49,2018-04-01 06:00:00
2018,4.0,1.0,7.0,22.97,22.97,2018-04-01 07:00:00
2018,4.0,1.0,8.0,23.05,23.05,2018-04-01 08:00:00
2018,4.0,1.0,9.0,22.44,22.44,2018-04-01 09:00:00
2018,4.0,1.0,10.0,25.81,25.81,2018-04-01 10:00:00
2018,4.0,1.0,11.0,28.34,28.34,2018-04-01 11:00:00
2018,4.0,1.0,12.0,28.3,28.3,2018-04-01 12:00:00
2018,4.0,1.0,13.0,26.23,26.23,2018-04-01 13:00:00
2018,4.0,1.0,14.0,22.14,22.14,2018-04-01 14:00:00
2018,4.0,1.0,15.0,19.01,19.01,2018-04-01 15:00:00
2018,4.0,1.0,16.0,13.72,13.72,2018-04-01 16:00:00
2018,4.0,1.0,17.0,14.27,14.27,2018-04-01 17:00:00
2018,4.0,1.0,18.0,19.54,19.54,2018-04-01 18:00:00
2018,4.0,1.0,19.0,20.54,20.54,2018-04-01 19:00:00
2018,4.0,1.0,20.0,25.31,25.31,2018-04-01 20:00:00
2018,4.0,1.0,21.0,30.03,30.03,2018-04-01 21:00:00
2018,4.0,1.0,22.0,38.87,38.87,2018-04-01 22:00:00
2018,4.0,1.0,23.0,38.83,38.83,2018-04-01 23:00:00
2018,4.0,1.0,24.0,32.02,32.02,2018-04-02 00:00:00
2018,4.0,2.0,1.0,30.69,30.69,2018-04-02 01:00:00
2018,4.0,2.0,2.0,25.31,25.31,2018-04-02 02:00:00
2018,4.0,2.0,3.0,18.89,18.89,2018-04-02 03:00:00
2018,4.0,2.0,4.0,18.89,18.89,2018-04-02 04:00:00
2018,4.0,2.0,5.0,18.89,18.89,2018-04-02 05:00:00
2018,4.0,2.0,6.0,20.0,20.0,2018-04-02 06:00:00
2018,4.0,2.0,7.0,24.91,24.91,2018-04-02 07:00:00
2018,4.0,2.0,8.0,28.89,28.89,2018-04-02 08:00:00
2018,4.0,2.0,9.0,32.23,32.23,2018-04-02 09:00:00
2018,4.0,2.0,10.0,33.1,33.1,2018-04-02 10:00:00
2018,4.0,2.0,11.0,32.92,32.92,2018-04-02 11:00:00
2018,4.0,2.0,12.0,32.52,32.52,2018-04-02 12:00:00
2018,4.0,2.0,13.0,32.52,32.52,2018-04-02 13:00:00
2018,4.0,2.0,14.0,30.92,30.92,2018-04-02 14:00:00
2018,4.0,2.0,15.0,25.98,25.98,2018-04-02 15:00:00
2018,4.0,2.0,16.0,21.82,21.82,2018-04-02 16:00:00
2018,4.0,2.0,17.0,22.88,22.88,2018-04-02 17:00:00
2018,4.0,2.0,18.0,24.47,24.47,2018-04-02 18:00:00
2018,4.0,2.0,19.0,25.98,25.98,2018-04-02 19:00:00
2018,4.0,2.0,20.0,30.69,30.69,2018-04-02 20:00:00
2018,4.0,2.0,21.0,37.56,37.56,2018-04-02 21:00:00
2018,4.0,2.0,22.0,41.69,41.69,2018-04-02 22:00:00
2018,4.0,2.0,23.0,37.3,37.3,2018-04-02 23:00:00
2018,4.0,2.0,24.0,32.36,32.36,2018-04-03 00:00:00
2018,4.0,3.0,1.0,27.31,27.31,2018-04-03 01:00:00
2018,4.0,3.0,2.0,25.2,25.2,2018-04-03 02:00:00
2018,4.0,3.0,3.0,17.27,17.27,2018-04-03 03:00:00
2018,4.0,3.0,4.0,12.0,12.0,2018-04-03 04:00:00
2018,4.0,3.0,5.0,10.68,10.68,2018-04-03 05:00:00
2018,4.0,3.0,6.0,19.56,19.56,2018-04-03 06:00:00
2018,4.0,3.0,7.0,29.54,29.54,2018-04-03 07:00:00
2018,4.0,3.0,8.0,40.0,40.0,2018-04-03 08:00:00
2018,4.0,3.0,9.0,43.13,43.13,2018-04-03 09:00:00
2018,4.0,3.0,10.0,43.89,43.89,2018-04-03 10:00:00
2018,4.0,3.0,11.0,43.13,43.13,2018-04-03 11:00:00
2018,4.0,3.0,12.0,40.71,40.71,2018-04-03 12:00:00
2018,4.0,3.0,13.0,36.89,36.89,2018-04-03 13:00:00
2018,4.0,3.0,14.0,35.02,35.02,2018-04-03 14:00:00
2018,4.0,3.0,15.0,32.5,32.5,2018-04-03 15:00:00
2018,4.0,3.0,16.0,29.29,29.29,2018-04-03 16:00:00
2018,4.0,3.0,17.0,27.0,27.0,2018-04-03 17:00:00
2018,4.0,3.0,18.0,26.9,26.9,2018-04-03 18:00:00
2018,4.0,3.0,19.0,26.9,26.9,2018-04-03 19:00:00
2018,4.0,3.0,20.0,27.61,27.61,2018-04-03 20:00:00
2018,4.0,3.0,21.0,36.89,36.89,2018-04-03 21:00:00
2018,4.0,3.0,22.0,42.87,42.87,2018-04-03 22:00:00
2018,4.0,3.0,23.0,38.69,38.69,2018-04-03 23:00:00
2018,4.0,3.0,24.0,32.89,32.89,2018-04-04 00:00:00
2018,4.0,4.0,1.0,27.78,27.78,2018-04-04 01:00:00
2018,4.0,4.0,2.0,26.29,26.29,2018-04-04 02:00:00
2018,4.0,4.0,3.0,20.72,20.72,2018-04-04 03:00:00
2018,4.0,4.0,4.0,15.25,15.25,2018-04-04 04:00:00
2018,4.0,4.0,5.0,12.79,12.79,2018-04-04 05:00:00
2018,4.0,4.0,6.0,20.5,20.5,2018-04-04 06:00:00
2018,4.0,4.0,7.0,26.29,26.29,2018-04-04 07:00:00
2018,4.0,4.0,8.0,32.29,32.29,2018-04-04 08:00:00
2018,4.0,4.0,9.0,36.89,36.89,2018-04-04 09:00:00
2018,4.0,4.0,10.0,37.0,37.0,2018-04-04 10:00:00
2018,4.0,4.0,11.0,35.59,35.59,2018-04-04 11:00:00
2018,4.0,4.0,12.0,31.68,31.68,2018-04-04 12:00:00
2018,4.0,4.0,13.0,30.5,30.5,2018-04-04 13:00:00
2018,4.0,4.0,14.0,30.64,30.64,2018-04-04 14:00:00
2018,4.0,4.0,15.0,28.02,28.02,2018-04-04 15:00:00
2018,4.0,4.0,16.0,27.92,27.92,2018-04-04 16:00:00
2018,4.0,4.0,17.0,27.8,27.8,2018-04-04 17:00:00
2018,4.0,4.0,18.0,28.0,28.0,2018-04-04 18:00:00
2018,4.0,4.0,19.0,31.04,31.04,2018-04-04 19:00:00
2018,4.0,4.0,20.0,38.16,38.16,2018-04-04 20:00:00
2018,4.0,4.0,21.0,43.74,43.74,2018-04-04 21:00:00
2018,4.0,4.0,22.0,49.89,49.89,2018-04-04 22:00:00
2018,4.0,4.0,23.0,43.09,43.09,2018-04-04 23:00:00
2018,4.0,4.0,24.0,42.91,42.91,2018-04-05 00:00:00
2018,4.0,5.0,1.0,49.3,49.3,2018-04-05 01:00:00
2018,4.0,5.0,2.0,48.8,48.8,2018-04-05 02:00:00
2018,4.0,5.0,3.0,47.6,47.6,2018-04-05 03:00:00
2018,4.0,5.0,4.0,47.55,47.55,2018-04-05 04:00:00
2018,4.0,5.0,5.0,47.66,47.66,2018-04-05 05:00:00
2018,4.0,5.0,6.0,48.6,48.6,2018-04-05 06:00:00
2018,4.0,5.0,7.0,46.85,46.85,2018-04-05 07:00:00
2018,4.0,5.0,8.0,49.3,49.3,2018-04-05 08:00:00
2018,4.0,5.0,9.0,54.92,54.92,2018-04-05 09:00:00
2018,4.0,5.0,10.0,55.92,55.92,2018-04-05 10:00:00
2018,4.0,5.0,11.0,52.5,52.5,2018-04-05 11:00:00
2018,4.0,5.0,12.0,49.1,49.1,2018-04-05 12:00:00
2018,4.0,5.0,13.0,47.17,47.17,2018-04-05 13:00:00
2018,4.0,5.0,14.0,47.52,47.52,2018-04-05 14:00:00
2018,4.0,5.0,15.0,46.3,46.3,2018-04-05 15:00:00
2018,4.0,5.0,16.0,45.07,45.07,2018-04-05 16:00:00
2018,4.0,5.0,17.0,45.01,45.01,2018-04-05 17:00:00
2018,4.0,5.0,18.0,43.01,43.01,2018-04-05 18:00:00
2018,4.0,5.0,19.0,44.49,44.49,2018-04-05 19:00:00
2018,4.0,5.0,20.0,47.18,47.18,2018-04-05 20:00:00
2018,4.0,5.0,21.0,49.1,49.1,2018-04-05 21:00:00
2018,4.0,5.0,22.0,49.4,49.4,2018-04-05 22:00:00
2018,4.0,5.0,23.0,46.4,46.4,2018-04-05 23:00:00
2018,4.0,5.0,24.0,46.4,46.4,2018-04-06 00:00:00
2018,4.0,6.0,1.0,37.0,37.0,2018-04-06 01:00:00
2018,4.0,6.0,2.0,29.41,29.41,2018-04-06 02:00:00
2018,4.0,6.0,3.0,30.0,30.0,2018-04-06 03:00:00
2018,4.0,6.0,4.0,29.06,29.06,2018-04-06 04:00:00
2018,4.0,6.0,5.0,29.0,29.0,2018-04-06 05:00:00
2018,4.0,6.0,6.0,31.88,31.88,2018-04-06 06:00:00
2018,4.0,6.0,7.0,43.18,43.18,2018-04-06 07:00:00
2018,4.0,6.0,8.0,45.2,45.2,2018-04-06 08:00:00
2018,4.0,6.0,9.0,48.24,48.24,2018-04-06 09:00:00
2018,4.0,6.0,10.0,48.09,48.09,2018-04-06 10:00:00
2018,4.0,6.0,11.0,44.61,44.61,2018-04-06 11:00:00
2018,4.0,6.0,12.0,43.25,43.25,2018-04-06 12:00:00
2018,4.0,6.0,13.0,40.86,40.86,2018-04-06 13:00:00
2018,4.0,6.0,14.0,35.2,35.2,2018-04-06 14:00:00
2018,4.0,6.0,15.0,31.7,31.7,2018-04-06 15:00:00
2018,4.0,6.0,16.0,28.63,28.63,2018-04-06 16:00:00
2018,4.0,6.0,17.0,28.65,28.65,2018-04-06 17:00:00
2018,4.0,6.0,18.0,31.68,31.68,2018-04-06 18:00:00
2018,4.0,6.0,19.0,38.76,38.76,2018-04-06 19:00:00
2018,4.0,6.0,20.0,42.17,42.17,2018-04-06 20:00:00
2018,4.0,6.0,21.0,42.99,42.99,2018-04-06 21:00:00
2018,4.0,6.0,22.0,45.01,45.01,2018-04-06 22:00:00
2018,4.0,6.0,23.0,41.69,41.69,2018-04-06 23:00:00
2018,4.0,6.0,24.0,41.0,41.0,2018-04-07 00:00:00
2018,4.0,7.0,1.0,42.68,42.68,2018-04-07 01:00:00
2018,4.0,7.0,2.0,35.8,35.8,2018-04-07 02:00:00
2018,4.0,7.0,3.0,34.32,34.32,2018-04-07 03:00:00
2018,4.0,7.0,4.0,32.01,32.01,2018-04-07 04:00:00
2018,4.0,7.0,5.0,31.7,31.7,2018-04-07 05:00:00
2018,4.0,7.0,6.0,31.68,31.68,2018-04-07 06:00:00
2018,4.0,7.0,7.0,33.1,33.1,2018-04-07 07:00:00
2018,4.0,7.0,8.0,34.32,34.32,2018-04-07 08:00:00
2018,4.0,7.0,9.0,34.21,34.21,2018-04-07 09:00:00
2018,4.0,7.0,10.0,42.4,42.4,2018-04-07 10:00:00
2018,4.0,7.0,11.0,47.43,47.43,2018-04-07 11:00:00
2018,4.0,7.0,12.0,49.09,49.09,2018-04-07 12:00:00
2018,4.0,7.0,13.0,47.79,47.79,2018-04-07 13:00:00
2018,4.0,7.0,14.0,45.68,45.68,2018-04-07 14:00:00
2018,4.0,7.0,15.0,44.99,44.99,2018-04-07 15:00:00
2018,4.0,7.0,16.0,41.12,41.12,2018-04-07 16:00:00
2018,4.0,7.0,17.0,37.68,37.68,2018-04-07 17:00:00
2018,4.0,7.0,18.0,36.69,36.69,2018-04-07 18:00:00
2018,4.0,7.0,19.0,41.43,41.43,2018-04-07 19:00:00
2018,4.0,7.0,20.0,42.83,42.83,2018-04-07 20:00:00
2018,4.0,7.0,21.0,49.77,49.77,2018-04-07 21:00:00
2018,4.0,7.0,22.0,55.16,55.16,2018-04-07 22:00:00
2018,4.0,7.0,23.0,51.8,51.8,2018-04-07 23:00:00
2018,4.0,7.0,24.0,50.07,50.07,2018-04-08 00:00:00
2018,4.0,8.0,1.0,44.5,44.5,2018-04-08 01:00:00
2018,4.0,8.0,2.0,39.55,39.55,2018-04-08 02:00:00
2018,4.0,8.0,3.0,31.8,31.8,2018-04-08 03:00:00
2018,4.0,8.0,4.0,31.48,31.48,2018-04-08 04:00:00
2018,4.0,8.0,5.0,31.27,31.27,2018-04-08 05:00:00
2018,4.0,8.0,6.0,30.1,30.1,2018-04-08 06:00:00
2018,4.0,8.0,7.0,30.0,30.0,2018-04-08 07:00:00
2018,4.0,8.0,8.0,30.1,30.1,2018-04-08 08:00:00
2018,4.0,8.0,9.0,30.0,30.0,2018-04-08 09:00:00
2018,4.0,8.0,10.0,31.77,31.77,2018-04-08 10:00:00
2018,4.0,8.0,11.0,32.01,32.01,2018-04-08 11:00:00
2018,4.0,8.0,12.0,32.28,32.28,2018-04-08 12:00:00
2018,4.0,8.0,13.0,32.01,32.01,2018-04-08 13:00:00
2018,4.0,8.0,14.0,31.8,31.8,2018-04-08 14:00:00
2018,4.0,8.0,15.0,31.47,31.47,2018-04-08 15:00:00
2018,4.0,8.0,16.0,25.52,25.52,2018-04-08 16:00:00
2018,4.0,8.0,17.0,22.22,22.22,2018-04-08 17:00:00
2018,4.0,8.0,18.0,23.17,23.17,2018-04-08 18:00:00
2018,4.0,8.0,19.0,27.27,27.27,2018-04-08 19:00:00
2018,4.0,8.0,20.0,37.19,37.19,2018-04-08 20:00:00
2018,4.0,8.0,21.0,40.38,40.38,2018-04-08 21:00:00
2018,4.0,8.0,22.0,45.24,50.0,2018-04-08 22:00:00
2018,4.0,8.0,23.0,45.24,49.82,2018-04-08 23:00:00
2018,4.0,8.0,24.0,44.44,44.44,2018-04-09 00:00:00
2018,4.0,9.0,1.0,43.83,43.83,2018-04-09 01:00:00
2018,4.0,9.0,2.0,41.05,41.05,2018-04-09 02:00:00
2018,4.0,9.0,3.0,39.64,39.64,2018-04-09 03:00:00
2018,4.0,9.0,4.0,38.83,38.83,2018-04-09 04:00:00
2018,4.0,9.0,5.0,38.83,38.83,2018-04-09 05:00:00
2018,4.0,9.0,6.0,42.03,42.03,2018-04-09 06:00:00
2018,4.0,9.0,7.0,49.68,49.68,2018-04-09 07:00:00
2018,4.0,9.0,8.0,56.5,56.5,2018-04-09 08:00:00
2018,4.0,9.0,9.0,59.85,62.13,2018-04-09 09:00:00
2018,4.0,9.0,10.0,59.64,59.64,2018-04-09 10:00:00
2018,4.0,9.0,11.0,58.58,58.58,2018-04-09 11:00:00
2018,4.0,9.0,12.0,54.77,54.77,2018-04-09 12:00:00
2018,4.0,9.0,13.0,54.77,54.77,2018-04-09 13:00:00
2018,4.0,9.0,14.0,53.07,53.07,2018-04-09 14:00:00
2018,4.0,9.0,15.0,50.69,50.69,2018-04-09 15:00:00
2018,4.0,9.0,16.0,49.59,49.59,2018-04-09 16:00:00
2018,4.0,9.0,17.0,48.0,48.0,2018-04-09 17:00:00
2018,4.0,9.0,18.0,47.69,47.69,2018-04-09 18:00:00
2018,4.0,9.0,19.0,47.69,47.69,2018-04-09 19:00:00
2018,4.0,9.0,20.0,49.92,49.92,2018-04-09 20:00:00
2018,4.0,9.0,21.0,50.69,51.95,2018-04-09 21:00:00
2018,4.0,9.0,22.0,54.77,54.77,2018-04-09 22:00:00
2018,4.0,9.0,23.0,50.87,50.87,2018-04-09 23:00:00
2018,4.0,9.0,24.0,46.14,46.14,2018-04-10 00:00:00
2018,4.0,10.0,1.0,38.44,38.44,2018-04-10 01:00:00
2018,4.0,10.0,2.0,34.32,34.32,2018-04-10 02:00:00
2018,4.0,10.0,3.0,29.0,29.0,2018-04-10 03:00:00
2018,4.0,10.0,4.0,27.32,27.32,2018-04-10 04:00:00
2018,4.0,10.0,5.0,28.05,28.05,2018-04-10 05:00:00
2018,4.0,10.0,6.0,32.51,32.51,2018-04-10 06:00:00
2018,4.0,10.0,7.0,41.37,41.37,2018-04-10 07:00:00
2018,4.0,10.0,8.0,43.57,44.32,2018-04-10 08:00:00
2018,4.0,10.0,9.0,44.36,52.49,2018-04-10 09:00:00
2018,4.0,10.0,10.0,44.13,55.61,2018-04-10 10:00:00
2018,4.0,10.0,11.0,50.21,52.5,2018-04-10 11:00:00
2018,4.0,10.0,12.0,50.21,52.28,2018-04-10 12:00:00
2018,4.0,10.0,13.0,49.68,49.68,2018-04-10 13:00:00
2018,4.0,10.0,14.0,49.96,49.96,2018-04-10 14:00:00
2018,4.0,10.0,15.0,49.96,49.96,2018-04-10 15:00:00
2018,4.0,10.0,16.0,49.94,49.94,2018-04-10 16:00:00
2018,4.0,10.0,17.0,49.92,49.92,2018-04-10 17:00:00
2018,4.0,10.0,18.0,49.92,49.92,2018-04-10 18:00:00
2018,4.0,10.0,19.0,44.61,49.47,2018-04-10 19:00:00
2018,4.0,10.0,20.0,50.0,50.0,2018-04-10 20:00:00
2018,4.0,10.0,21.0,53.44,55.6,2018-04-10 21:00:00
2018,4.0,10.0,22.0,55.31,61.15,2018-04-10 22:00:00
2018,4.0,10.0,23.0,55.6,55.6,2018-04-10 23:00:00
2018,4.0,10.0,24.0,52.1,52.1,2018-04-11 00:00:00
2018,4.0,11.0,1.0,39.6,39.6,2018-04-11 01:00:00
2018,4.0,11.0,2.0,35.0,35.0,2018-04-11 02:00:00
2018,4.0,11.0,3.0,33.9,33.9,2018-04-11 03:00:00
2018,4.0,11.0,4.0,31.37,31.37,2018-04-11 04:00:00
2018,4.0,11.0,5.0,27.27,27.27,2018-04-11 05:00:00
2018,4.0,11.0,6.0,28.4,28.4,2018-04-11 06:00:00
2018,4.0,11.0,7.0,36.0,36.0,2018-04-11 07:00:00
2018,4.0,11.0,8.0,42.52,42.52,2018-04-11 08:00:00
2018,4.0,11.0,9.0,48.63,48.63,2018-04-11 09:00:00
2018,4.0,11.0,10.0,52.49,52.49,2018-04-11 10:00:00
2018,4.0,11.0,11.0,52.37,52.37,2018-04-11 11:00:00
2018,4.0,11.0,12.0,49.92,49.92,2018-04-11 12:00:00
2018,4.0,11.0,13.0,48.57,48.57,2018-04-11 13:00:00
2018,4.0,11.0,14.0,43.95,43.95,2018-04-11 14:00:00
2018,4.0,11.0,15.0,41.85,41.85,2018-04-11 15:00:00
2018,4.0,11.0,16.0,39.1,39.1,2018-04-11 16:00:00
2018,4.0,11.0,17.0,38.91,38.91,2018-04-11 17:00:00
2018,4.0,11.0,18.0,36.13,36.13,2018-04-11 18:00:00
2018,4.0,11.0,19.0,35.3,35.3,2018-04-11 19:00:00
2018,4.0,11.0,20.0,40.96,40.96,2018-04-11 20:00:00
2018,4.0,11.0,21.0,42.38,42.38,2018-04-11 21:00:00
2018,4.0,11.0,22.0,47.76,47.76,2018-04-11 22:00:00
2018,4.0,11.0,23.0,41.85,41.85,2018-04-11 23:00:00
2018,4.0,11.0,24.0,41.05,41.05,2018-04-12 00:00:00
2018,4.0,12.0,1.0,34.42,34.42,2018-04-12 01:00:00
2018,4.0,12.0,2.0,32.32,32.32,2018-04-12 02:00:00
2018,4.0,12.0,3.0,31.37,31.37,2018-04-12 03:00:00
2018,4.0,12.0,4.0,30.34,30.34,2018-04-12 04:00:00
2018,4.0,12.0,5.0,30.0,30.0,2018-04-12 05:00:00
2018,4.0,12.0,6.0,31.87,31.87,2018-04-12 06:00:00
2018,4.0,12.0,7.0,41.05,41.05,2018-04-12 07:00:00
2018,4.0,12.0,8.0,48.37,48.37,2018-04-12 08:00:00
2018,4.0,12.0,9.0,52.03,52.03,2018-04-12 09:00:00
2018,4.0,12.0,10.0,51.89,56.56,2018-04-12 10:00:00
2018,4.0,12.0,11.0,47.29,56.06,2018-04-12 11:00:00
2018,4.0,12.0,12.0,45.29,54.96,2018-04-12 12:00:00
2018,4.0,12.0,13.0,45.29,52.61,2018-04-12 13:00:00
2018,4.0,12.0,14.0,45.29,52.34,2018-04-12 14:00:00
2018,4.0,12.0,15.0,45.29,50.86,2018-04-12 15:00:00
2018,4.0,12.0,16.0,49.66,49.66,2018-04-12 16:00:00
2018,4.0,12.0,17.0,49.03,49.03,2018-04-12 17:00:00
2018,4.0,12.0,18.0,50.54,50.54,2018-04-12 18:00:00
2018,4.0,12.0,19.0,51.8,51.8,2018-04-12 19:00:00
2018,4.0,12.0,20.0,52.45,52.45,2018-04-12 20:00:00
2018,4.0,12.0,21.0,53.69,57.06,2018-04-12 21:00:00
2018,4.0,12.0,22.0,56.99,75.0,2018-04-12 22:00:00
2018,4.0,12.0,23.0,56.21,56.21,2018-04-12 23:00:00
2018,4.0,12.0,24.0,53.31,53.31,2018-04-13 00:00:00
2018,4.0,13.0,1.0,59.5,59.5,2018-04-13 01:00:00
2018,4.0,13.0,2.0,55.6,55.6,2018-04-13 02:00:00
2018,4.0,13.0,3.0,51.95,51.95,2018-04-13 03:00:00
2018,4.0,13.0,4.0,50.52,50.52,2018-04-13 04:00:00
2018,4.0,13.0,5.0,50.1,50.1,2018-04-13 05:00:00
2018,4.0,13.0,6.0,51.35,51.35,2018-04-13 06:00:00
2018,4.0,13.0,7.0,57.0,57.0,2018-04-13 07:00:00
2018,4.0,13.0,8.0,59.99,59.99,2018-04-13 08:00:00
2018,4.0,13.0,9.0,61.61,64.1,2018-04-13 09:00:00
2018,4.0,13.0,10.0,61.61,65.04,2018-04-13 10:00:00
2018,4.0,13.0,11.0,61.88,61.88,2018-04-13 11:00:00
2018,4.0,13.0,12.0,61.61,61.61,2018-04-13 12:00:00
2018,4.0,13.0,13.0,61.64,61.64,2018-04-13 13:00:00
2018,4.0,13.0,14.0,61.61,61.61,2018-04-13 14:00:00
2018,4.0,13.0,15.0,60.62,60.62,2018-04-13 15:00:00
2018,4.0,13.0,16.0,59.59,59.59,2018-04-13 16:00:00
2018,4.0,13.0,17.0,59.59,59.59,2018-04-13 17:00:00
2018,4.0,13.0,18.0,57.42,57.42,2018-04-13 18:00:00
2018,4.0,13.0,19.0,55.43,55.43,2018-04-13 19:00:00
2018,4.0,13.0,20.0,56.5,56.5,2018-04-13 20:00:00
2018,4.0,13.0,21.0,58.58,61.64,2018-04-13 21:00:00
2018,4.0,13.0,22.0,60.0,69.0,2018-04-13 22:00:00
2018,4.0,13.0,23.0,59.99,62.9,2018-04-13 23:00:00
2018,4.0,13.0,24.0,58.0,60.62,2018-04-14 00:00:00
2018,4.0,14.0,1.0,56.35,56.35,2018-04-14 01:00:00
2018,4.0,14.0,2.0,53.89,53.89,2018-04-14 02:00:00
2018,4.0,14.0,3.0,52.28,52.28,2018-04-14 03:00:00
2018,4.0,14.0,4.0,51.8,51.8,2018-04-14 04:00:00
2018,4.0,14.0,5.0,50.83,50.83,2018-04-14 05:00:00
2018,4.0,14.0,6.0,50.1,50.1,2018-04-14 06:00:00
2018,4.0,14.0,7.0,50.83,50.83,2018-04-14 07:00:00
2018,4.0,14.0,8.0,49.58,49.58,2018-04-14 08:00:00
2018,4.0,14.0,9.0,47.43,47.43,2018-04-14 09:00:00
2018,4.0,14.0,10.0,52.99,54.61,2018-04-14 10:00:00
2018,4.0,14.0,11.0,52.99,56.21,2018-04-14 11:00:00
2018,4.0,14.0,12.0,55.6,55.6,2018-04-14 12:00:00
2018,4.0,14.0,13.0,53.61,53.61,2018-04-14 13:00:00
2018,4.0,14.0,14.0,52.49,52.49,2018-04-14 14:00:00
2018,4.0,14.0,15.0,51.01,51.01,2018-04-14 15:00:00
2018,4.0,14.0,16.0,44.5,44.5,2018-04-14 16:00:00
2018,4.0,14.0,17.0,42.22,42.22,2018-04-14 17:00:00
2018,4.0,14.0,18.0,39.1,39.1,2018-04-14 18:00:00
2018,4.0,14.0,19.0,42.32,42.32,2018-04-14 19:00:00
2018,4.0,14.0,20.0,43.59,43.59,2018-04-14 20:00:00
2018,4.0,14.0,21.0,49.39,49.39,2018-04-14 21:00:00
2018,4.0,14.0,22.0,55.43,55.43,2018-04-14 22:00:00
2018,4.0,14.0,23.0,51.8,51.8,2018-04-14 23:00:00
2018,4.0,14.0,24.0,47.43,47.43,2018-04-15 00:00:00
2018,4.0,15.0,1.0,37.71,37.71,2018-04-15 01:00:00
2018,4.0,15.0,2.0,36.1,36.1,2018-04-15 02:00:00
2018,4.0,15.0,3.0,32.33,32.07,2018-04-15 03:00:00
2018,4.0,15.0,4.0,32.33,31.67,2018-04-15 04:00:00
2018,4.0,15.0,5.0,31.83,30.0,2018-04-15 05:00:00
2018,4.0,15.0,6.0,31.83,29.5,2018-04-15 06:00:00
2018,4.0,15.0,7.0,32.32,31.37,2018-04-15 07:00:00
2018,4.0,15.0,8.0,31.77,31.77,2018-04-15 08:00:00
2018,4.0,15.0,9.0,31.87,31.87,2018-04-15 09:00:00
2018,4.0,15.0,10.0,36.3,36.3,2018-04-15 10:00:00
2018,4.0,15.0,11.0,38.38,38.38,2018-04-15 11:00:00
2018,4.0,15.0,12.0,40.35,40.35,2018-04-15 12:00:00
2018,4.0,15.0,13.0,40.0,40.0,2018-04-15 13:00:00
2018,4.0,15.0,14.0,39.0,39.0,2018-04-15 14:00:00
2018,4.0,15.0,15.0,37.2,37.2,2018-04-15 15:00:00
2018,4.0,15.0,16.0,36.3,36.3,2018-04-15 16:00:00
2018,4.0,15.0,17.0,33.33,31.87,2018-04-15 17:00:00
2018,4.0,15.0,18.0,33.33,32.5,2018-04-15 18:00:00
2018,4.0,15.0,19.0,32.33,32.33,2018-04-15 19:00:00
2018,4.0,15.0,20.0,35.0,35.0,2018-04-15 20:00:00
2018,4.0,15.0,21.0,45.0,45.0,2018-04-15 21:00:00
2018,4.0,15.0,22.0,61.53,61.53,2018-04-15 22:00:00
2018,4.0,15.0,23.0,59.98,59.98,2018-04-15 23:00:00
2018,4.0,15.0,24.0,51.8,51.8,2018-04-16 00:00:00
2018,4.0,16.0,1.0,45.23,45.23,2018-04-16 01:00:00
2018,4.0,16.0,2.0,36.1,36.1,2018-04-16 02:00:00
2018,4.0,16.0,3.0,34.0,34.0,2018-04-16 03:00:00
2018,4.0,16.0,4.0,33.4,33.4,2018-04-16 04:00:00
2018,4.0,16.0,5.0,32.94,32.94,2018-04-16 05:00:00
2018,4.0,16.0,6.0,37.4,37.4,2018-04-16 06:00:00
2018,4.0,16.0,7.0,47.2,47.2,2018-04-16 07:00:00
2018,4.0,16.0,8.0,56.1,56.1,2018-04-16 08:00:00
2018,4.0,16.0,9.0,53.9,57.09,2018-04-16 09:00:00
2018,4.0,16.0,10.0,57.1,57.1,2018-04-16 10:00:00
2018,4.0,16.0,11.0,55.74,55.74,2018-04-16 11:00:00
2018,4.0,16.0,12.0,52.97,52.97,2018-04-16 12:00:00
2018,4.0,16.0,13.0,51.81,51.81,2018-04-16 13:00:00
2018,4.0,16.0,14.0,49.99,49.99,2018-04-16 14:00:00
2018,4.0,16.0,15.0,46.3,46.3,2018-04-16 15:00:00
2018,4.0,16.0,16.0,45.79,45.79,2018-04-16 16:00:00
2018,4.0,16.0,17.0,44.51,44.51,2018-04-16 17:00:00
2018,4.0,16.0,18.0,45.74,45.74,2018-04-16 18:00:00
2018,4.0,16.0,19.0,48.49,48.49,2018-04-16 19:00:00
2018,4.0,16.0,20.0,52.84,52.84,2018-04-16 20:00:00
2018,4.0,16.0,21.0,55.0,55.0,2018-04-16 21:00:00
2018,4.0,16.0,22.0,60.02,60.02,2018-04-16 22:00:00
2018,4.0,16.0,23.0,55.9,55.9,2018-04-16 23:00:00
2018,4.0,16.0,24.0,53.0,53.0,2018-04-17 00:00:00
2018,4.0,17.0,1.0,44.54,44.54,2018-04-17 01:00:00
2018,4.0,17.0,2.0,43.68,43.68,2018-04-17 02:00:00
2018,4.0,17.0,3.0,42.08,42.08,2018-04-17 03:00:00
2018,4.0,17.0,4.0,40.68,40.68,2018-04-17 04:00:00
2018,4.0,17.0,5.0,40.5,40.5,2018-04-17 05:00:00
2018,4.0,17.0,6.0,42.97,42.97,2018-04-17 06:00:00
2018,4.0,17.0,7.0,48.01,48.01,2018-04-17 07:00:00
2018,4.0,17.0,8.0,53.85,54.88,2018-04-17 08:00:00
2018,4.0,17.0,9.0,53.9,56.0,2018-04-17 09:00:00
2018,4.0,17.0,10.0,55.6,55.6,2018-04-17 10:00:00
2018,4.0,17.0,11.0,55.0,55.0,2018-04-17 11:00:00
2018,4.0,17.0,12.0,53.9,53.9,2018-04-17 12:00:00
2018,4.0,17.0,13.0,54.39,54.39,2018-04-17 13:00:00
2018,4.0,17.0,14.0,54.0,54.0,2018-04-17 14:00:00
2018,4.0,17.0,15.0,52.28,52.28,2018-04-17 15:00:00
2018,4.0,17.0,16.0,52.03,52.03,2018-04-17 16:00:00
2018,4.0,17.0,17.0,52.02,52.02,2018-04-17 17:00:00
2018,4.0,17.0,18.0,53.25,53.25,2018-04-17 18:00:00
2018,4.0,17.0,19.0,53.01,53.01,2018-04-17 19:00:00
2018,4.0,17.0,20.0,55.06,55.06,2018-04-17 20:00:00
2018,4.0,17.0,21.0,58.51,58.51,2018-04-17 21:00:00
2018,4.0,17.0,22.0,66.61,66.61,2018-04-17 22:00:00
2018,4.0,17.0,23.0,58.0,58.0,2018-04-17 23:00:00
2018,4.0,17.0,24.0,54.95,54.95,2018-04-18 00:00:00
2018,4.0,18.0,1.0,54.54,54.54,2018-04-18 01:00:00
2018,4.0,18.0,2.0,54.01,54.01,2018-04-18 02:00:00
2018,4.0,18.0,3.0,52.52,52.52,2018-04-18 03:00:00
2018,4.0,18.0,4.0,50.42,50.42,2018-04-18 04:00:00
2018,4.0,18.0,5.0,48.0,48.0,2018-04-18 05:00:00
2018,4.0,18.0,6.0,49.3,49.3,2018-04-18 06:00:00
2018,4.0,18.0,7.0,52.52,52.52,2018-04-18 07:00:00
2018,4.0,18.0,8.0,52.52,54.5,2018-04-18 08:00:00
2018,4.0,18.0,9.0,53.52,55.43,2018-04-18 09:00:00
2018,4.0,18.0,10.0,54.54,55.0,2018-04-18 10:00:00
2018,4.0,18.0,11.0,54.33,54.33,2018-04-18 11:00:00
2018,4.0,18.0,12.0,52.01,52.01,2018-04-18 12:00:00
2018,4.0,18.0,13.0,51.35,51.35,2018-04-18 13:00:00
2018,4.0,18.0,14.0,50.0,50.0,2018-04-18 14:00:00
2018,4.0,18.0,15.0,46.95,46.95,2018-04-18 15:00:00
2018,4.0,18.0,16.0,47.43,47.43,2018-04-18 16:00:00
2018,4.0,18.0,17.0,47.99,47.99,2018-04-18 17:00:00
2018,4.0,18.0,18.0,48.08,48.08,2018-04-18 18:00:00
2018,4.0,18.0,19.0,48.01,48.01,2018-04-18 19:00:00
2018,4.0,18.0,20.0,50.0,50.0,2018-04-18 20:00:00
2018,4.0,18.0,21.0,53.52,53.52,2018-04-18 21:00:00
2018,4.0,18.0,22.0,55.1,55.1,2018-04-18 22:00:00
2018,4.0,18.0,23.0,53.52,53.52,2018-04-18 23:00:00
2018,4.0,18.0,24.0,50.0,50.0,2018-04-19 00:00:00
2018,4.0,19.0,1.0,46.5,46.5,2018-04-19 01:00:00
2018,4.0,19.0,2.0,45.22,45.22,2018-04-19 02:00:00
2018,4.0,19.0,3.0,45.01,45.01,2018-04-19 03:00:00
2018,4.0,19.0,4.0,43.67,43.67,2018-04-19 04:00:00
2018,4.0,19.0,5.0,42.74,42.74,2018-04-19 05:00:00
2018,4.0,19.0,6.0,44.95,44.95,2018-04-19 06:00:00
2018,4.0,19.0,7.0,45.57,45.57,2018-04-19 07:00:00
2018,4.0,19.0,8.0,50.0,50.0,2018-04-19 08:00:00
2018,4.0,19.0,9.0,50.99,50.99,2018-04-19 09:00:00
2018,4.0,19.0,10.0,51.0,51.0,2018-04-19 10:00:00
2018,4.0,19.0,11.0,48.64,48.64,2018-04-19 11:00:00
2018,4.0,19.0,12.0,46.0,46.0,2018-04-19 12:00:00
2018,4.0,19.0,13.0,45.99,45.99,2018-04-19 13:00:00
2018,4.0,19.0,14.0,45.49,45.49,2018-04-19 14:00:00
2018,4.0,19.0,15.0,44.5,44.5,2018-04-19 15:00:00
2018,4.0,19.0,16.0,43.59,43.59,2018-04-19 16:00:00
2018,4.0,19.0,17.0,42.42,42.42,2018-04-19 17:00:00
2018,4.0,19.0,18.0,42.64,42.64,2018-04-19 18:00:00
2018,4.0,19.0,19.0,44.51,44.51,2018-04-19 19:00:00
2018,4.0,19.0,20.0,47.84,47.84,2018-04-19 20:00:00
2018,4.0,19.0,21.0,50.31,50.31,2018-04-19 21:00:00
2018,4.0,19.0,22.0,52.52,52.52,2018-04-19 22:00:00
2018,4.0,19.0,23.0,47.19,47.19,2018-04-19 23:00:00
2018,4.0,19.0,24.0,45.0,45.0,2018-04-20 00:00:00
2018,4.0,20.0,1.0,37.13,37.13,2018-04-20 01:00:00
2018,4.0,20.0,2.0,41.41,36.41,2018-04-20 02:00:00
2018,4.0,20.0,3.0,35.81,35.81,2018-04-20 03:00:00
2018,4.0,20.0,4.0,35.11,35.11,2018-04-20 04:00:00
2018,4.0,20.0,5.0,35.0,35.0,2018-04-20 05:00:00
2018,4.0,20.0,6.0,35.31,35.31,2018-04-20 06:00:00
2018,4.0,20.0,7.0,42.28,42.28,2018-04-20 07:00:00
2018,4.0,20.0,8.0,44.44,47.49,2018-04-20 08:00:00
2018,4.0,20.0,9.0,44.92,49.97,2018-04-20 09:00:00
2018,4.0,20.0,10.0,48.69,48.69,2018-04-20 10:00:00
2018,4.0,20.0,11.0,43.41,43.41,2018-04-20 11:00:00
2018,4.0,20.0,12.0,42.19,42.19,2018-04-20 12:00:00
2018,4.0,20.0,13.0,40.72,40.72,2018-04-20 13:00:00
2018,4.0,20.0,14.0,38.08,38.08,2018-04-20 14:00:00
2018,4.0,20.0,15.0,35.51,35.51,2018-04-20 15:00:00
2018,4.0,20.0,16.0,34.69,34.69,2018-04-20 16:00:00
2018,4.0,20.0,17.0,34.15,34.15,2018-04-20 17:00:00
2018,4.0,20.0,18.0,36.71,36.71,2018-04-20 18:00:00
2018,4.0,20.0,19.0,40.01,40.01,2018-04-20 19:00:00
2018,4.0,20.0,20.0,41.72,41.72,2018-04-20 20:00:00
2018,4.0,20.0,21.0,44.69,44.69,2018-04-20 21:00:00
2018,4.0,20.0,22.0,46.18,46.18,2018-04-20 22:00:00
2018,4.0,20.0,23.0,43.69,43.69,2018-04-20 23:00:00
2018,4.0,20.0,24.0,42.01,42.01,2018-04-21 00:00:00
2018,4.0,21.0,1.0,42.0,42.0,2018-04-21 01:00:00
2018,4.0,21.0,2.0,40.78,40.78,2018-04-21 02:00:00
2018,4.0,21.0,3.0,35.2,35.2,2018-04-21 03:00:00
2018,4.0,21.0,4.0,34.85,34.85,2018-04-21 04:00:00
2018,4.0,21.0,5.0,34.69,34.69,2018-04-21 05:00:00
2018,4.0,21.0,6.0,34.5,34.5,2018-04-21 06:00:00
2018,4.0,21.0,7.0,33.69,33.69,2018-04-21 07:00:00
2018,4.0,21.0,8.0,31.8,31.77,2018-04-21 08:00:00
2018,4.0,21.0,9.0,33.69,33.69,2018-04-21 09:00:00
2018,4.0,21.0,10.0,36.1,36.1,2018-04-21 10:00:00
2018,4.0,21.0,11.0,40.88,40.88,2018-04-21 11:00:00
2018,4.0,21.0,12.0,41.41,41.41,2018-04-21 12:00:00
2018,4.0,21.0,13.0,39.99,39.99,2018-04-21 13:00:00
2018,4.0,21.0,14.0,40.43,40.43,2018-04-21 14:00:00
2018,4.0,21.0,15.0,38.0,38.0,2018-04-21 15:00:00
2018,4.0,21.0,16.0,35.2,35.2,2018-04-21 16:00:00
2018,4.0,21.0,17.0,35.0,35.0,2018-04-21 17:00:00
2018,4.0,21.0,18.0,35.5,35.5,2018-04-21 18:00:00
2018,4.0,21.0,19.0,35.8,35.8,2018-04-21 19:00:00
2018,4.0,21.0,20.0,41.24,41.24,2018-04-21 20:00:00
2018,4.0,21.0,21.0,43.89,43.89,2018-04-21 21:00:00
2018,4.0,21.0,22.0,47.69,47.69,2018-04-21 22:00:00
2018,4.0,21.0,23.0,44.92,44.92,2018-04-21 23:00:00
2018,4.0,21.0,24.0,43.69,43.69,2018-04-22 00:00:00
2018,4.0,22.0,1.0,43.89,43.89,2018-04-22 01:00:00
2018,4.0,22.0,2.0,41.31,41.31,2018-04-22 02:00:00
2018,4.0,22.0,3.0,41.05,41.05,2018-04-22 03:00:00
2018,4.0,22.0,4.0,39.72,39.72,2018-04-22 04:00:00
2018,4.0,22.0,5.0,37.5,37.5,2018-04-22 05:00:00
2018,4.0,22.0,6.0,38.81,38.81,2018-04-22 06:00:00
2018,4.0,22.0,7.0,39.5,39.5,2018-04-22 07:00:00
2018,4.0,22.0,8.0,38.81,38.81,2018-04-22 08:00:00
2018,4.0,22.0,9.0,39.97,39.97,2018-04-22 09:00:00
2018,4.0,22.0,10.0,42.42,42.42,2018-04-22 10:00:00
2018,4.0,22.0,11.0,43.69,43.69,2018-04-22 11:00:00
2018,4.0,22.0,12.0,43.69,43.69,2018-04-22 12:00:00
2018,4.0,22.0,13.0,42.42,42.0,2018-04-22 13:00:00
2018,4.0,22.0,14.0,43.69,39.54,2018-04-22 14:00:00
2018,4.0,22.0,15.0,42.42,41.42,2018-04-22 15:00:00
2018,4.0,22.0,16.0,41.31,35.45,2018-04-22 16:00:00
2018,4.0,22.0,17.0,41.31,35.15,2018-04-22 17:00:00
2018,4.0,22.0,18.0,40.1,35.11,2018-04-22 18:00:00
2018,4.0,22.0,19.0,36.0,36.0,2018-04-22 19:00:00
2018,4.0,22.0,20.0,38.0,38.0,2018-04-22 20:00:00
2018,4.0,22.0,21.0,43.69,43.69,2018-04-22 21:00:00
2018,4.0,22.0,22.0,53.24,53.24,2018-04-22 22:00:00
2018,4.0,22.0,23.0,50.0,50.0,2018-04-22 23:00:00
2018,4.0,22.0,24.0,45.0,45.0,2018-04-23 00:00:00
2018,4.0,23.0,1.0,51.84,51.84,2018-04-23 01:00:00
2018,4.0,23.0,2.0,48.97,48.97,2018-04-23 02:00:00
2018,4.0,23.0,3.0,45.07,45.07,2018-04-23 03:00:00
2018,4.0,23.0,4.0,44.01,44.01,2018-04-23 04:00:00
2018,4.0,23.0,5.0,45.0,45.0,2018-04-23 05:00:00
2018,4.0,23.0,6.0,45.07,45.07,2018-04-23 06:00:00
2018,4.0,23.0,7.0,51.53,51.53,2018-04-23 07:00:00
2018,4.0,23.0,8.0,51.43,51.43,2018-04-23 08:00:00
2018,4.0,23.0,9.0,53.73,53.73,2018-04-23 09:00:00
2018,4.0,23.0,10.0,54.5,54.5,2018-04-23 10:00:00
2018,4.0,23.0,11.0,54.3,54.3,2018-04-23 11:00:00
2018,4.0,23.0,12.0,53.73,53.73,2018-04-23 12:00:00
2018,4.0,23.0,13.0,53.6,53.6,2018-04-23 13:00:00
2018,4.0,23.0,14.0,52.5,52.5,2018-04-23 14:00:00
2018,4.0,23.0,15.0,51.53,51.53,2018-04-23 15:00:00
2018,4.0,23.0,16.0,50.69,50.69,2018-04-23 16:00:00
2018,4.0,23.0,17.0,50.0,50.0,2018-04-23 17:00:00
2018,4.0,23.0,18.0,48.08,48.08,2018-04-23 18:00:00
2018,4.0,23.0,19.0,45.99,45.99,2018-04-23 19:00:00
2018,4.0,23.0,20.0,48.01,48.01,2018-04-23 20:00:00
2018,4.0,23.0,21.0,50.69,50.69,2018-04-23 21:00:00
2018,4.0,23.0,22.0,54.1,54.1,2018-04-23 22:00:00
2018,4.0,23.0,23.0,51.12,51.12,2018-04-23 23:00:00
2018,4.0,23.0,24.0,50.0,50.0,2018-04-24 00:00:00
2018,4.0,24.0,1.0,45.49,45.49,2018-04-24 01:00:00
2018,4.0,24.0,2.0,44.0,44.0,2018-04-24 02:00:00
2018,4.0,24.0,3.0,42.1,42.1,2018-04-24 03:00:00
2018,4.0,24.0,4.0,42.0,42.0,2018-04-24 04:00:00
2018,4.0,24.0,5.0,42.0,42.0,2018-04-24 05:00:00
2018,4.0,24.0,6.0,43.6,43.6,2018-04-24 06:00:00
2018,4.0,24.0,7.0,48.01,48.01,2018-04-24 07:00:00
2018,4.0,24.0,8.0,50.0,50.0,2018-04-24 08:00:00
2018,4.0,24.0,9.0,52.01,52.01,2018-04-24 09:00:00
2018,4.0,24.0,10.0,53.6,53.6,2018-04-24 10:00:00
2018,4.0,24.0,11.0,52.01,52.01,2018-04-24 11:00:00
2018,4.0,24.0,12.0,50.69,50.69,2018-04-24 12:00:00
2018,4.0,24.0,13.0,50.69,50.69,2018-04-24 13:00:00
2018,4.0,24.0,14.0,50.0,50.0,2018-04-24 14:00:00
2018,4.0,24.0,15.0,49.1,49.1,2018-04-24 15:00:00
2018,4.0,24.0,16.0,47.4,47.4,2018-04-24 16:00:00
2018,4.0,24.0,17.0,46.01,46.01,2018-04-24 17:00:00
2018,4.0,24.0,18.0,47.3,47.3,2018-04-24 18:00:00
2018,4.0,24.0,19.0,46.86,46.86,2018-04-24 19:00:00
2018,4.0,24.0,20.0,48.36,48.36,2018-04-24 20:00:00
2018,4.0,24.0,21.0,51.98,51.98,2018-04-24 21:00:00
2018,4.0,24.0,22.0,54.53,54.53,2018-04-24 22:00:00
2018,4.0,24.0,23.0,52.0,52.0,2018-04-24 23:00:00
2018,4.0,24.0,24.0,50.69,50.69,2018-04-25 00:00:00
2018,4.0,25.0,1.0,45.0,45.0,2018-04-25 01:00:00
2018,4.0,25.0,2.0,42.17,42.17,2018-04-25 02:00:00
2018,4.0,25.0,3.0,46.37,46.37,2018-04-25 03:00:00
2018,4.0,25.0,4.0,46.0,46.0,2018-04-25 04:00:00
2018,4.0,25.0,5.0,45.12,45.12,2018-04-25 05:00:00
2018,4.0,25.0,6.0,43.87,43.87,2018-04-25 06:00:00
2018,4.0,25.0,7.0,47.47,47.47,2018-04-25 07:00:00
2018,4.0,25.0,8.0,51.98,51.98,2018-04-25 08:00:00
2018,4.0,25.0,9.0,52.69,52.69,2018-04-25 09:00:00
2018,4.0,25.0,10.0,53.1,53.1,2018-04-25 10:00:00
2018,4.0,25.0,11.0,52.69,52.69,2018-04-25 11:00:00
2018,4.0,25.0,12.0,52.45,52.45,2018-04-25 12:00:00
2018,4.0,25.0,13.0,52.0,52.0,2018-04-25 13:00:00
2018,4.0,25.0,14.0,52.01,52.01,2018-04-25 14:00:00
2018,4.0,25.0,15.0,48.0,48.0,2018-04-25 15:00:00
2018,4.0,25.0,16.0,42.09,42.09,2018-04-25 16:00:00
2018,4.0,25.0,17.0,42.08,42.08,2018-04-25 17:00:00
2018,4.0,25.0,18.0,40.69,40.69,2018-04-25 18:00:00
2018,4.0,25.0,19.0,39.65,39.65,2018-04-25 19:00:00
2018,4.0,25.0,20.0,40.44,40.44,2018-04-25 20:00:00
2018,4.0,25.0,21.0,40.69,40.69,2018-04-25 21:00:00
2018,4.0,25.0,22.0,47.09,47.09,2018-04-25 22:00:00
2018,4.0,25.0,23.0,40.69,40.69,2018-04-25 23:00:00
2018,4.0,25.0,24.0,38.27,38.27,2018-04-26 00:00:00
2018,4.0,26.0,1.0,36.88,36.88,2018-04-26 01:00:00
2018,4.0,26.0,2.0,39.38,35.57,2018-04-26 02:00:00
2018,4.0,26.0,3.0,39.15,34.3,2018-04-26 03:00:00
2018,4.0,26.0,4.0,35.66,34.31,2018-04-26 04:00:00
2018,4.0,26.0,5.0,35.55,34.31,2018-04-26 05:00:00
2018,4.0,26.0,6.0,39.15,35.27,2018-04-26 06:00:00
2018,4.0,26.0,7.0,39.38,37.0,2018-04-26 07:00:00
2018,4.0,26.0,8.0,44.5,44.5,2018-04-26 08:00:00
2018,4.0,26.0,9.0,46.01,46.01,2018-04-26 09:00:00
2018,4.0,26.0,10.0,49.77,49.77,2018-04-26 10:00:00
2018,4.0,26.0,11.0,49.77,49.77,2018-04-26 11:00:00
2018,4.0,26.0,12.0,50.0,50.0,2018-04-26 12:00:00
2018,4.0,26.0,13.0,50.21,50.21,2018-04-26 13:00:00
2018,4.0,26.0,14.0,51.36,51.36,2018-04-26 14:00:00
2018,4.0,26.0,15.0,50.03,50.03,2018-04-26 15:00:00
2018,4.0,26.0,16.0,51.33,51.33,2018-04-26 16:00:00
2018,4.0,26.0,17.0,51.43,51.43,2018-04-26 17:00:00
2018,4.0,26.0,18.0,51.43,51.43,2018-04-26 18:00:00
2018,4.0,26.0,19.0,50.5,50.5,2018-04-26 19:00:00
2018,4.0,26.0,20.0,52.0,52.0,2018-04-26 20:00:00
2018,4.0,26.0,21.0,54.53,54.53,2018-04-26 21:00:00
2018,4.0,26.0,22.0,56.89,56.89,2018-04-26 22:00:00
2018,4.0,26.0,23.0,54.02,54.02,2018-04-26 23:00:00
2018,4.0,26.0,24.0,50.53,50.53,2018-04-27 00:00:00
2018,4.0,27.0,1.0,53.69,53.69,2018-04-27 01:00:00
2018,4.0,27.0,2.0,51.73,51.73,2018-04-27 02:00:00
2018,4.0,27.0,3.0,49.5,49.5,2018-04-27 03:00:00
2018,4.0,27.0,4.0,46.69,46.69,2018-04-27 04:00:00
2018,4.0,27.0,5.0,45.99,45.99,2018-04-27 05:00:00
2018,4.0,27.0,6.0,47.1,47.1,2018-04-27 06:00:00
2018,4.0,27.0,7.0,52.01,52.01,2018-04-27 07:00:00
2018,4.0,27.0,8.0,53.4,53.4,2018-04-27 08:00:00
2018,4.0,27.0,9.0,54.08,54.08,2018-04-27 09:00:00
2018,4.0,27.0,10.0,54.47,54.47,2018-04-27 10:00:00
2018,4.0,27.0,11.0,54.17,54.17,2018-04-27 11:00:00
2018,4.0,27.0,12.0,52.69,52.69,2018-04-27 12:00:00
2018,4.0,27.0,13.0,52.69,52.69,2018-04-27 13:00:00
2018,4.0,27.0,14.0,51.73,51.73,2018-04-27 14:00:00
2018,4.0,27.0,15.0,50.23,50.23,2018-04-27 15:00:00
2018,4.0,27.0,16.0,49.46,49.46,2018-04-27 16:00:00
2018,4.0,27.0,17.0,47.02,47.02,2018-04-27 17:00:00
2018,4.0,27.0,18.0,45.1,45.1,2018-04-27 18:00:00
2018,4.0,27.0,19.0,42.14,42.14,2018-04-27 19:00:00
2018,4.0,27.0,20.0,44.01,44.01,2018-04-27 20:00:00
2018,4.0,27.0,21.0,48.71,48.71,2018-04-27 21:00:00
2018,4.0,27.0,22.0,52.01,52.01,2018-04-27 22:00:00
2018,4.0,27.0,23.0,49.77,49.77,2018-04-27 23:00:00
2018,4.0,27.0,24.0,45.0,45.0,2018-04-28 00:00:00
2018,4.0,28.0,1.0,44.58,44.58,2018-04-28 01:00:00
2018,4.0,28.0,2.0,40.1,40.1,2018-04-28 02:00:00
2018,4.0,28.0,3.0,39.93,39.93,2018-04-28 03:00:00
2018,4.0,28.0,4.0,44.01,44.01,2018-04-28 04:00:00
2018,4.0,28.0,5.0,46.01,46.01,2018-04-28 05:00:00
2018,4.0,28.0,6.0,46.01,46.01,2018-04-28 06:00:00
2018,4.0,28.0,7.0,47.94,47.94,2018-04-28 07:00:00
2018,4.0,28.0,8.0,47.93,47.93,2018-04-28 08:00:00
2018,4.0,28.0,9.0,46.01,46.01,2018-04-28 09:00:00
2018,4.0,28.0,10.0,49.71,49.71,2018-04-28 10:00:00
2018,4.0,28.0,11.0,49.6,49.6,2018-04-28 11:00:00
2018,4.0,28.0,12.0,48.48,48.48,2018-04-28 12:00:00
2018,4.0,28.0,13.0,48.5,48.5,2018-04-28 13:00:00
2018,4.0,28.0,14.0,47.64,47.64,2018-04-28 14:00:00
2018,4.0,28.0,15.0,42.99,42.99,2018-04-28 15:00:00
2018,4.0,28.0,16.0,34.34,34.34,2018-04-28 16:00:00
2018,4.0,28.0,17.0,33.63,33.63,2018-04-28 17:00:00
2018,4.0,28.0,18.0,32.5,32.5,2018-04-28 18:00:00
2018,4.0,28.0,19.0,33.63,33.63,2018-04-28 19:00:00
2018,4.0,28.0,20.0,35.37,35.37,2018-04-28 20:00:00
2018,4.0,28.0,21.0,45.93,45.93,2018-04-28 21:00:00
2018,4.0,28.0,22.0,50.23,50.23,2018-04-28 22:00:00
2018,4.0,28.0,23.0,49.01,49.01,2018-04-28 23:00:00
2018,4.0,28.0,24.0,48.35,48.35,2018-04-29 00:00:00
2018,4.0,29.0,1.0,47.94,47.94,2018-04-29 01:00:00
2018,4.0,29.0,2.0,44.44,39.0,2018-04-29 02:00:00
2018,4.0,29.0,3.0,40.1,34.31,2018-04-29 03:00:00
2018,4.0,29.0,4.0,34.34,34.34,2018-04-29 04:00:00
2018,4.0,29.0,5.0,33.95,33.95,2018-04-29 05:00:00
2018,4.0,29.0,6.0,33.84,33.8,2018-04-29 06:00:00
2018,4.0,29.0,7.0,33.8,33.8,2018-04-29 07:00:00
2018,4.0,29.0,8.0,29.6,29.6,2018-04-29 08:00:00
2018,4.0,29.0,9.0,26.99,26.99,2018-04-29 09:00:00
2018,4.0,29.0,10.0,32.38,32.38,2018-04-29 10:00:00
2018,4.0,29.0,11.0,32.38,32.38,2018-04-29 11:00:00
2018,4.0,29.0,12.0,29.69,29.69,2018-04-29 12:00:00
2018,4.0,29.0,13.0,22.69,22.45,2018-04-29 13:00:00
2018,4.0,29.0,14.0,22.69,12.84,2018-04-29 14:00:00
2018,4.0,29.0,15.0,8.0,8.0,2018-04-29 15:00:00
2018,4.0,29.0,16.0,5.09,5.09,2018-04-29 16:00:00
2018,4.0,29.0,17.0,5.0,5.0,2018-04-29 17:00:00
2018,4.0,29.0,18.0,6.37,6.37,2018-04-29 18:00:00
2018,4.0,29.0,19.0,8.0,8.0,2018-04-29 19:00:00
2018,4.0,29.0,20.0,14.0,14.0,2018-04-29 20:00:00
2018,4.0,29.0,21.0,33.68,33.68,2018-04-29 21:00:00
2018,4.0,29.0,22.0,44.44,44.44,2018-04-29 22:00:00
2018,4.0,29.0,23.0,45.0,45.0,2018-04-29 23:00:00
2018,4.0,29.0,24.0,40.0,40.0,2018-04-30 00:00:00
2018,4.0,30.0,1.0,35.17,35.17,2018-04-30 01:00:00
2018,4.0,30.0,2.0,36.69,30.0,2018-04-30 02:00:00
2018,4.0,30.0,3.0,36.69,22.45,2018-04-30 03:00:00
2018,4.0,30.0,4.0,41.13,22.45,2018-04-30 04:00:00
2018,4.0,30.0,5.0,44.68,30.0,2018-04-30 05:00:00
2018,4.0,30.0,6.0,44.68,33.8,2018-04-30 06:00:00
2018,4.0,30.0,7.0,45.99,35.67,2018-04-30 07:00:00
2018,4.0,30.0,8.0,44.02,44.02,2018-04-30 08:00:00
2018,4.0,30.0,9.0,47.23,47.23,2018-04-30 09:00:00
2018,4.0,30.0,10.0,48.48,48.48,2018-04-30 10:00:00
2018,4.0,30.0,11.0,48.23,48.23,2018-04-30 11:00:00
2018,4.0,30.0,12.0,49.0,49.0,2018-04-30 12:00:00
2018,4.0,30.0,13.0,48.39,48.39,2018-04-30 13:00:00
2018,4.0,30.0,14.0,48.54,48.54,2018-04-30 14:00:00
2018,4.0,30.0,15.0,48.23,48.23,2018-04-30 15:00:00
2018,4.0,30.0,16.0,47.01,47.01,2018-04-30 16:00:00
2018,4.0,30.0,17.0,46.23,46.23,2018-04-30 17:00:00
2018,4.0,30.0,18.0,45.4,45.4,2018-04-30 18:00:00
2018,4.0,30.0,19.0,44.0,44.0,2018-04-30 19:00:00
2018,4.0,30.0,20.0,45.0,45.0,2018-04-30 20:00:00
2018,4.0,30.0,21.0,47.23,47.23,2018-04-30 21:00:00
2018,4.0,30.0,22.0,50.0,50.0,2018-04-30 22:00:00
2018,4.0,30.0,23.0,48.54,48.54,2018-04-30 23:00:00
2018,4.0,30.0,24.0,47.01,47.01,2018-05-01 00:00:00
2018,5.0,1.0,1.0,46.23,46.23,2018-05-01 01:00:00
2018,5.0,1.0,2.0,36.08,36.08,2018-05-01 02:00:00
2018,5.0,1.0,3.0,38.13,34.3,2018-05-01 03:00:00
2018,5.0,1.0,4.0,35.01,32.72,2018-05-01 04:00:00
2018,5.0,1.0,5.0,34.99,32.6,2018-05-01 05:00:00
2018,5.0,1.0,6.0,34.99,34.99,2018-05-01 06:00:00
2018,5.0,1.0,7.0,35.49,35.49,2018-05-01 07:00:00
2018,5.0,1.0,8.0,34.99,34.99,2018-05-01 08:00:00
2018,5.0,1.0,9.0,34.99,34.99,2018-05-01 09:00:00
2018,5.0,1.0,10.0,40.88,40.88,2018-05-01 10:00:00
2018,5.0,1.0,11.0,44.68,44.68,2018-05-01 11:00:00
2018,5.0,1.0,12.0,45.43,45.43,2018-05-01 12:00:00
2018,5.0,1.0,13.0,45.15,45.15,2018-05-01 13:00:00
2018,5.0,1.0,14.0,45.13,45.13,2018-05-01 14:00:00
2018,5.0,1.0,15.0,44.5,44.5,2018-05-01 15:00:00
2018,5.0,1.0,16.0,35.59,35.59,2018-05-01 16:00:00
2018,5.0,1.0,17.0,34.91,34.91,2018-05-01 17:00:00
2018,5.0,1.0,18.0,34.94,32.72,2018-05-01 18:00:00
2018,5.0,1.0,19.0,34.54,34.54,2018-05-01 19:00:00
2018,5.0,1.0,20.0,35.4,35.4,2018-05-01 20:00:00
2018,5.0,1.0,21.0,45.0,45.0,2018-05-01 21:00:00
2018,5.0,1.0,22.0,49.65,49.65,2018-05-01 22:00:00
2018,5.0,1.0,23.0,49.01,49.01,2018-05-01 23:00:00
2018,5.0,1.0,24.0,47.1,47.1,2018-05-02 00:00:00
2018,5.0,2.0,1.0,42.4,42.4,2018-05-02 01:00:00
2018,5.0,2.0,2.0,35.78,35.78,2018-05-02 02:00:00
2018,5.0,2.0,3.0,35.01,33.57,2018-05-02 03:00:00
2018,5.0,2.0,4.0,35.01,33.27,2018-05-02 04:00:00
2018,5.0,2.0,5.0,35.01,32.4,2018-05-02 05:00:00
2018,5.0,2.0,6.0,34.99,33.57,2018-05-02 06:00:00
2018,5.0,2.0,7.0,44.68,44.68,2018-05-02 07:00:00
2018,5.0,2.0,8.0,48.32,48.32,2018-05-02 08:00:00
2018,5.0,2.0,9.0,50.23,50.23,2018-05-02 09:00:00
2018,5.0,2.0,10.0,51.73,51.73,2018-05-02 10:00:00
2018,5.0,2.0,11.0,49.89,49.89,2018-05-02 11:00:00
2018,5.0,2.0,12.0,49.7,49.7,2018-05-02 12:00:00
2018,5.0,2.0,13.0,49.79,49.79,2018-05-02 13:00:00
2018,5.0,2.0,14.0,49.69,49.69,2018-05-02 14:00:00
2018,5.0,2.0,15.0,49.19,49.19,2018-05-02 15:00:00
2018,5.0,2.0,16.0,49.01,49.01,2018-05-02 16:00:00
2018,5.0,2.0,17.0,48.48,48.48,2018-05-02 17:00:00
2018,5.0,2.0,18.0,46.23,46.23,2018-05-02 18:00:00
2018,5.0,2.0,19.0,47.0,47.0,2018-05-02 19:00:00
2018,5.0,2.0,20.0,48.18,48.18,2018-05-02 20:00:00
2018,5.0,2.0,21.0,48.23,48.23,2018-05-02 21:00:00
2018,5.0,2.0,22.0,50.0,50.0,2018-05-02 22:00:00
2018,5.0,2.0,23.0,48.23,48.23,2018-05-02 23:00:00
2018,5.0,2.0,24.0,46.23,46.23,2018-05-03 00:00:00
2018,5.0,3.0,1.0,45.0,45.0,2018-05-03 01:00:00
2018,5.0,3.0,2.0,45.99,38.02,2018-05-03 02:00:00
2018,5.0,3.0,3.0,40.1,35.59,2018-05-03 03:00:00
2018,5.0,3.0,4.0,44.68,34.17,2018-05-03 04:00:00
2018,5.0,3.0,5.0,35.01,33.87,2018-05-03 05:00:00
2018,5.0,3.0,6.0,34.99,34.17,2018-05-03 06:00:00
2018,5.0,3.0,7.0,40.56,40.56,2018-05-03 07:00:00
2018,5.0,3.0,8.0,49.91,49.91,2018-05-03 08:00:00
2018,5.0,3.0,9.0,52.69,52.69,2018-05-03 09:00:00
2018,5.0,3.0,10.0,52.46,52.46,2018-05-03 10:00:00
2018,5.0,3.0,11.0,49.74,49.74,2018-05-03 11:00:00
2018,5.0,3.0,12.0,48.77,48.77,2018-05-03 12:00:00
2018,5.0,3.0,13.0,46.47,46.47,2018-05-03 13:00:00
2018,5.0,3.0,14.0,45.71,45.71,2018-05-03 14:00:00
2018,5.0,3.0,15.0,43.0,43.0,2018-05-03 15:00:00
2018,5.0,3.0,16.0,43.21,43.21,2018-05-03 16:00:00
2018,5.0,3.0,17.0,43.0,43.0,2018-05-03 17:00:00
2018,5.0,3.0,18.0,39.68,39.68,2018-05-03 18:00:00
2018,5.0,3.0,19.0,37.02,37.02,2018-05-03 19:00:00
2018,5.0,3.0,20.0,40.0,40.0,2018-05-03 20:00:00
2018,5.0,3.0,21.0,41.51,41.51,2018-05-03 21:00:00
2018,5.0,3.0,22.0,46.44,46.44,2018-05-03 22:00:00
2018,5.0,3.0,23.0,46.7,46.7,2018-05-03 23:00:00
2018,5.0,3.0,24.0,41.26,41.26,2018-05-04 00:00:00
2018,5.0,4.0,1.0,36.61,36.61,2018-05-04 01:00:00
2018,5.0,4.0,2.0,34.65,34.65,2018-05-04 02:00:00
2018,5.0,4.0,3.0,33.28,33.28,2018-05-04 03:00:00
2018,5.0,4.0,4.0,32.33,32.33,2018-05-04 04:00:00
2018,5.0,4.0,5.0,32.0,32.0,2018-05-04 05:00:00
2018,5.0,4.0,6.0,33.59,33.59,2018-05-04 06:00:00
2018,5.0,4.0,7.0,36.07,36.07,2018-05-04 07:00:00
2018,5.0,4.0,8.0,47.51,47.51,2018-05-04 08:00:00
2018,5.0,4.0,9.0,50.64,50.64,2018-05-04 09:00:00
2018,5.0,4.0,10.0,49.69,49.69,2018-05-04 10:00:00
2018,5.0,4.0,11.0,45.56,45.56,2018-05-04 11:00:00
2018,5.0,4.0,12.0,42.56,42.56,2018-05-04 12:00:00
2018,5.0,4.0,13.0,43.59,43.59,2018-05-04 13:00:00
2018,5.0,4.0,14.0,44.69,44.69,2018-05-04 14:00:00
2018,5.0,4.0,15.0,43.22,43.22,2018-05-04 15:00:00
2018,5.0,4.0,16.0,43.89,43.89,2018-05-04 16:00:00
2018,5.0,4.0,17.0,43.89,43.89,2018-05-04 17:00:00
2018,5.0,4.0,18.0,43.89,43.89,2018-05-04 18:00:00
2018,5.0,4.0,19.0,40.03,40.03,2018-05-04 19:00:00
2018,5.0,4.0,20.0,43.59,43.59,2018-05-04 20:00:00
2018,5.0,4.0,21.0,46.44,46.44,2018-05-04 21:00:00
2018,5.0,4.0,22.0,49.69,49.69,2018-05-04 22:00:00
2018,5.0,4.0,23.0,48.01,48.01,2018-05-04 23:00:00
2018,5.0,4.0,24.0,46.3,46.3,2018-05-05 00:00:00
2018,5.0,5.0,1.0,47.18,47.18,2018-05-05 01:00:00
2018,5.0,5.0,2.0,41.83,41.83,2018-05-05 02:00:00
2018,5.0,5.0,3.0,38.19,38.19,2018-05-05 03:00:00
2018,5.0,5.0,4.0,37.73,37.73,2018-05-05 04:00:00
2018,5.0,5.0,5.0,38.02,38.02,2018-05-05 05:00:00
2018,5.0,5.0,6.0,38.69,38.69,2018-05-05 06:00:00
2018,5.0,5.0,7.0,39.64,39.64,2018-05-05 07:00:00
2018,5.0,5.0,8.0,40.49,40.49,2018-05-05 08:00:00
2018,5.0,5.0,9.0,43.62,43.62,2018-05-05 09:00:00
2018,5.0,5.0,10.0,46.54,46.54,2018-05-05 10:00:00
2018,5.0,5.0,11.0,48.43,48.43,2018-05-05 11:00:00
2018,5.0,5.0,12.0,49.51,49.51,2018-05-05 12:00:00
2018,5.0,5.0,13.0,49.44,49.44,2018-05-05 13:00:00
2018,5.0,5.0,14.0,49.69,49.69,2018-05-05 14:00:00
2018,5.0,5.0,15.0,49.19,49.19,2018-05-05 15:00:00
2018,5.0,5.0,16.0,46.63,46.63,2018-05-05 16:00:00
2018,5.0,5.0,17.0,45.07,45.07,2018-05-05 17:00:00
2018,5.0,5.0,18.0,46.54,46.54,2018-05-05 18:00:00
2018,5.0,5.0,19.0,47.0,47.0,2018-05-05 19:00:00
2018,5.0,5.0,20.0,46.44,46.44,2018-05-05 20:00:00
2018,5.0,5.0,21.0,48.43,48.43,2018-05-05 21:00:00
2018,5.0,5.0,22.0,51.15,51.15,2018-05-05 22:00:00
2018,5.0,5.0,23.0,50.0,50.0,2018-05-05 23:00:00
2018,5.0,5.0,24.0,49.14,49.14,2018-05-06 00:00:00
2018,5.0,6.0,1.0,49.44,49.44,2018-05-06 01:00:00
2018,5.0,6.0,2.0,47.89,47.89,2018-05-06 02:00:00
2018,5.0,6.0,3.0,44.08,44.08,2018-05-06 03:00:00
2018,5.0,6.0,4.0,42.74,42.74,2018-05-06 04:00:00
2018,5.0,6.0,5.0,42.68,42.68,2018-05-06 05:00:00
2018,5.0,6.0,6.0,44.01,44.01,2018-05-06 06:00:00
2018,5.0,6.0,7.0,45.99,45.99,2018-05-06 07:00:00
2018,5.0,6.0,8.0,45.0,45.0,2018-05-06 08:00:00
2018,5.0,6.0,9.0,45.0,45.0,2018-05-06 09:00:00
2018,5.0,6.0,10.0,49.1,49.1,2018-05-06 10:00:00
2018,5.0,6.0,11.0,47.89,47.89,2018-05-06 11:00:00
2018,5.0,6.0,12.0,48.5,48.5,2018-05-06 12:00:00
2018,5.0,6.0,13.0,48.53,48.53,2018-05-06 13:00:00
2018,5.0,6.0,14.0,49.44,49.44,2018-05-06 14:00:00
2018,5.0,6.0,15.0,49.1,49.1,2018-05-06 15:00:00
2018,5.0,6.0,16.0,48.22,48.22,2018-05-06 16:00:00
2018,5.0,6.0,17.0,45.99,45.99,2018-05-06 17:00:00
2018,5.0,6.0,18.0,45.64,45.64,2018-05-06 18:00:00
2018,5.0,6.0,19.0,46.52,46.52,2018-05-06 19:00:00
2018,5.0,6.0,20.0,46.64,46.64,2018-05-06 20:00:00
2018,5.0,6.0,21.0,50.23,50.23,2018-05-06 21:00:00
2018,5.0,6.0,22.0,53.89,53.89,2018-05-06 22:00:00
2018,5.0,6.0,23.0,53.78,53.78,2018-05-06 23:00:00
2018,5.0,6.0,24.0,52.14,52.14,2018-05-07 00:00:00
2018,5.0,7.0,1.0,55.84,55.84,2018-05-07 01:00:00
2018,5.0,7.0,2.0,55.33,55.33,2018-05-07 02:00:00
2018,5.0,7.0,3.0,54.6,54.6,2018-05-07 03:00:00
2018,5.0,7.0,4.0,54.78,54.78,2018-05-07 04:00:00
2018,5.0,7.0,5.0,54.88,54.88,2018-05-07 05:00:00
2018,5.0,7.0,6.0,55.15,55.15,2018-05-07 06:00:00
2018,5.0,7.0,7.0,55.75,55.75,2018-05-07 07:00:00
2018,5.0,7.0,8.0,57.0,57.0,2018-05-07 08:00:00
2018,5.0,7.0,9.0,57.05,57.05,2018-05-07 09:00:00
2018,5.0,7.0,10.0,57.25,57.25,2018-05-07 10:00:00
2018,5.0,7.0,11.0,57.19,57.19,2018-05-07 11:00:00
2018,5.0,7.0,12.0,57.25,57.25,2018-05-07 12:00:00
2018,5.0,7.0,13.0,57.75,57.75,2018-05-07 13:00:00
2018,5.0,7.0,14.0,57.09,57.09,2018-05-07 14:00:00
2018,5.0,7.0,15.0,56.95,56.95,2018-05-07 15:00:00
2018,5.0,7.0,16.0,56.15,56.15,2018-05-07 16:00:00
2018,5.0,7.0,17.0,56.47,56.47,2018-05-07 17:00:00
2018,5.0,7.0,18.0,56.47,56.47,2018-05-07 18:00:00
2018,5.0,7.0,19.0,56.47,56.47,2018-05-07 19:00:00
2018,5.0,7.0,20.0,56.95,56.95,2018-05-07 20:00:00
2018,5.0,7.0,21.0,57.05,57.05,2018-05-07 21:00:00
2018,5.0,7.0,22.0,58.05,58.05,2018-05-07 22:00:00
2018,5.0,7.0,23.0,56.95,56.95,2018-05-07 23:00:00
2018,5.0,7.0,24.0,56.01,56.01,2018-05-08 00:00:00
2018,5.0,8.0,1.0,57.69,57.69,2018-05-08 01:00:00
2018,5.0,8.0,2.0,56.95,56.95,2018-05-08 02:00:00
2018,5.0,8.0,3.0,55.5,55.5,2018-05-08 03:00:00
2018,5.0,8.0,4.0,55.5,55.5,2018-05-08 04:00:00
2018,5.0,8.0,5.0,55.43,55.43,2018-05-08 05:00:00
2018,5.0,8.0,6.0,55.6,55.6,2018-05-08 06:00:00
2018,5.0,8.0,7.0,56.95,56.95,2018-05-08 07:00:00
2018,5.0,8.0,8.0,57.69,57.69,2018-05-08 08:00:00
2018,5.0,8.0,9.0,59.56,59.64,2018-05-08 09:00:00
2018,5.0,8.0,10.0,59.64,59.64,2018-05-08 10:00:00
2018,5.0,8.0,11.0,59.05,59.05,2018-05-08 11:00:00
2018,5.0,8.0,12.0,58.58,58.58,2018-05-08 12:00:00
2018,5.0,8.0,13.0,58.3,58.3,2018-05-08 13:00:00
2018,5.0,8.0,14.0,57.9,57.9,2018-05-08 14:00:00
2018,5.0,8.0,15.0,57.69,57.69,2018-05-08 15:00:00
2018,5.0,8.0,16.0,56.95,56.95,2018-05-08 16:00:00
2018,5.0,8.0,17.0,55.9,55.9,2018-05-08 17:00:00
2018,5.0,8.0,18.0,55.44,55.44,2018-05-08 18:00:00
2018,5.0,8.0,19.0,53.04,53.04,2018-05-08 19:00:00
2018,5.0,8.0,20.0,53.1,53.1,2018-05-08 20:00:00
2018,5.0,8.0,21.0,56.0,56.0,2018-05-08 21:00:00
2018,5.0,8.0,22.0,58.3,58.3,2018-05-08 22:00:00
2018,5.0,8.0,23.0,57.05,57.05,2018-05-08 23:00:00
2018,5.0,8.0,24.0,54.01,54.01,2018-05-09 00:00:00
2018,5.0,9.0,1.0,56.47,56.47,2018-05-09 01:00:00
2018,5.0,9.0,2.0,55.94,55.94,2018-05-09 02:00:00
2018,5.0,9.0,3.0,52.46,52.46,2018-05-09 03:00:00
2018,5.0,9.0,4.0,51.97,51.97,2018-05-09 04:00:00
2018,5.0,9.0,5.0,51.97,51.97,2018-05-09 05:00:00
2018,5.0,9.0,6.0,53.1,53.1,2018-05-09 06:00:00
2018,5.0,9.0,7.0,56.95,56.95,2018-05-09 07:00:00
2018,5.0,9.0,8.0,58.58,58.58,2018-05-09 08:00:00
2018,5.0,9.0,9.0,58.5,58.5,2018-05-09 09:00:00
2018,5.0,9.0,10.0,58.75,58.75,2018-05-09 10:00:00
2018,5.0,9.0,11.0,58.55,58.55,2018-05-09 11:00:00
2018,5.0,9.0,12.0,57.69,57.69,2018-05-09 12:00:00
2018,5.0,9.0,13.0,58.44,58.44,2018-05-09 13:00:00
2018,5.0,9.0,14.0,58.0,58.0,2018-05-09 14:00:00
2018,5.0,9.0,15.0,57.09,57.09,2018-05-09 15:00:00
2018,5.0,9.0,16.0,56.95,56.95,2018-05-09 16:00:00
2018,5.0,9.0,17.0,56.47,56.47,2018-05-09 17:00:00
2018,5.0,9.0,18.0,55.6,55.6,2018-05-09 18:00:00
2018,5.0,9.0,19.0,53.36,53.36,2018-05-09 19:00:00
2018,5.0,9.0,20.0,52.87,52.87,2018-05-09 20:00:00
2018,5.0,9.0,21.0,56.0,56.0,2018-05-09 21:00:00
2018,5.0,9.0,22.0,57.69,57.69,2018-05-09 22:00:00
2018,5.0,9.0,23.0,55.6,55.6,2018-05-09 23:00:00
2018,5.0,9.0,24.0,48.26,48.26,2018-05-10 00:00:00
2018,5.0,10.0,1.0,45.6,45.6,2018-05-10 01:00:00
2018,5.0,10.0,2.0,42.88,42.88,2018-05-10 02:00:00
2018,5.0,10.0,3.0,38.95,38.95,2018-05-10 03:00:00
2018,5.0,10.0,4.0,38.8,38.8,2018-05-10 04:00:00
2018,5.0,10.0,5.0,38.8,38.8,2018-05-10 05:00:00
2018,5.0,10.0,6.0,39.0,39.0,2018-05-10 06:00:00
2018,5.0,10.0,7.0,44.04,44.04,2018-05-10 07:00:00
2018,5.0,10.0,8.0,48.31,48.31,2018-05-10 08:00:00
2018,5.0,10.0,9.0,55.01,55.01,2018-05-10 09:00:00
2018,5.0,10.0,10.0,56.95,56.95,2018-05-10 10:00:00
2018,5.0,10.0,11.0,56.47,56.47,2018-05-10 11:00:00
2018,5.0,10.0,12.0,56.1,56.1,2018-05-10 12:00:00
2018,5.0,10.0,13.0,56.95,56.95,2018-05-10 13:00:00
2018,5.0,10.0,14.0,57.09,57.09,2018-05-10 14:00:00
2018,5.0,10.0,15.0,58.01,58.01,2018-05-10 15:00:00
2018,5.0,10.0,16.0,58.01,58.01,2018-05-10 16:00:00
2018,5.0,10.0,17.0,58.44,58.44,2018-05-10 17:00:00
2018,5.0,10.0,18.0,58.58,58.58,2018-05-10 18:00:00
2018,5.0,10.0,19.0,57.09,57.09,2018-05-10 19:00:00
2018,5.0,10.0,20.0,57.09,57.09,2018-05-10 20:00:00
2018,5.0,10.0,21.0,59.99,59.99,2018-05-10 21:00:00
2018,5.0,10.0,22.0,62.3,62.3,2018-05-10 22:00:00
2018,5.0,10.0,23.0,61.55,61.55,2018-05-10 23:00:00
2018,5.0,10.0,24.0,59.84,59.84,2018-05-11 00:00:00
2018,5.0,11.0,1.0,62.19,62.19,2018-05-11 01:00:00
2018,5.0,11.0,2.0,61.51,61.51,2018-05-11 02:00:00
2018,5.0,11.0,3.0,60.0,60.0,2018-05-11 03:00:00
2018,5.0,11.0,4.0,58.1,58.1,2018-05-11 04:00:00
2018,5.0,11.0,5.0,57.09,57.09,2018-05-11 05:00:00
2018,5.0,11.0,6.0,57.09,57.09,2018-05-11 06:00:00
2018,5.0,11.0,7.0,58.78,58.78,2018-05-11 07:00:00
2018,5.0,11.0,8.0,59.5,59.5,2018-05-11 08:00:00
2018,5.0,11.0,9.0,61.26,61.26,2018-05-11 09:00:00
2018,5.0,11.0,10.0,61.29,61.29,2018-05-11 10:00:00
2018,5.0,11.0,11.0,60.0,60.0,2018-05-11 11:00:00
2018,5.0,11.0,12.0,58.8,58.8,2018-05-11 12:00:00
2018,5.0,11.0,13.0,58.58,58.58,2018-05-11 13:00:00
2018,5.0,11.0,14.0,58.01,58.01,2018-05-11 14:00:00
2018,5.0,11.0,15.0,57.53,57.53,2018-05-11 15:00:00
2018,5.0,11.0,16.0,56.95,56.95,2018-05-11 16:00:00
2018,5.0,11.0,17.0,56.95,56.95,2018-05-11 17:00:00
2018,5.0,11.0,18.0,56.95,56.95,2018-05-11 18:00:00
2018,5.0,11.0,19.0,57.09,57.09,2018-05-11 19:00:00
2018,5.0,11.0,20.0,57.09,57.09,2018-05-11 20:00:00
2018,5.0,11.0,21.0,58.12,58.12,2018-05-11 21:00:00
2018,5.0,11.0,22.0,59.8,59.8,2018-05-11 22:00:00
2018,5.0,11.0,23.0,58.15,58.15,2018-05-11 23:00:00
2018,5.0,11.0,24.0,58.0,58.0,2018-05-12 00:00:00
2018,5.0,12.0,1.0,59.13,59.13,2018-05-12 01:00:00
2018,5.0,12.0,2.0,58.58,58.58,2018-05-12 02:00:00
2018,5.0,12.0,3.0,57.09,57.09,2018-05-12 03:00:00
2018,5.0,12.0,4.0,56.95,56.95,2018-05-12 04:00:00
2018,5.0,12.0,5.0,55.0,55.0,2018-05-12 05:00:00
2018,5.0,12.0,6.0,52.46,52.46,2018-05-12 06:00:00
2018,5.0,12.0,7.0,51.97,51.97,2018-05-12 07:00:00
2018,5.0,12.0,8.0,51.97,51.97,2018-05-12 08:00:00
2018,5.0,12.0,9.0,52.46,52.46,2018-05-12 09:00:00
2018,5.0,12.0,10.0,53.36,53.36,2018-05-12 10:00:00
2018,5.0,12.0,11.0,50.68,50.68,2018-05-12 11:00:00
2018,5.0,12.0,12.0,46.13,46.13,2018-05-12 12:00:00
2018,5.0,12.0,13.0,42.49,42.49,2018-05-12 13:00:00
2018,5.0,12.0,14.0,38.05,38.05,2018-05-12 14:00:00
2018,5.0,12.0,15.0,36.4,36.4,2018-05-12 15:00:00
2018,5.0,12.0,16.0,31.09,28.07,2018-05-12 16:00:00
2018,5.0,12.0,17.0,31.09,27.69,2018-05-12 17:00:00
2018,5.0,12.0,18.0,32.59,26.09,2018-05-12 18:00:00
2018,5.0,12.0,19.0,36.35,27.94,2018-05-12 19:00:00
2018,5.0,12.0,20.0,36.35,31.99,2018-05-12 20:00:00
2018,5.0,12.0,21.0,36.2,36.2,2018-05-12 21:00:00
2018,5.0,12.0,22.0,38.55,38.55,2018-05-12 22:00:00
2018,5.0,12.0,23.0,39.9,39.9,2018-05-12 23:00:00
2018,5.0,12.0,24.0,38.05,38.05,2018-05-13 00:00:00
2018,5.0,13.0,1.0,36.0,36.0,2018-05-13 01:00:00
2018,5.0,13.0,2.0,34.76,34.76,2018-05-13 02:00:00
2018,5.0,13.0,3.0,34.5,34.5,2018-05-13 03:00:00
2018,5.0,13.0,4.0,33.49,33.49,2018-05-13 04:00:00
2018,5.0,13.0,5.0,34.05,34.05,2018-05-13 05:00:00
2018,5.0,13.0,6.0,34.05,34.05,2018-05-13 06:00:00
2018,5.0,13.0,7.0,34.27,34.27,2018-05-13 07:00:00
2018,5.0,13.0,8.0,31.77,31.77,2018-05-13 08:00:00
2018,5.0,13.0,9.0,34.05,34.05,2018-05-13 09:00:00
2018,5.0,13.0,10.0,34.5,34.5,2018-05-13 10:00:00
2018,5.0,13.0,11.0,34.5,34.5,2018-05-13 11:00:00
2018,5.0,13.0,12.0,34.76,34.76,2018-05-13 12:00:00
2018,5.0,13.0,13.0,34.76,34.76,2018-05-13 13:00:00
2018,5.0,13.0,14.0,34.61,34.61,2018-05-13 14:00:00
2018,5.0,13.0,15.0,34.5,34.5,2018-05-13 15:00:00
2018,5.0,13.0,16.0,34.05,22.45,2018-05-13 16:00:00
2018,5.0,13.0,17.0,32.35,15.0,2018-05-13 17:00:00
2018,5.0,13.0,18.0,29.21,15.0,2018-05-13 18:00:00
2018,5.0,13.0,19.0,28.69,17.48,2018-05-13 19:00:00
2018,5.0,13.0,20.0,34.05,34.05,2018-05-13 20:00:00
2018,5.0,13.0,21.0,36.56,36.56,2018-05-13 21:00:00
2018,5.0,13.0,22.0,55.16,55.16,2018-05-13 22:00:00
2018,5.0,13.0,23.0,56.18,56.18,2018-05-13 23:00:00
2018,5.0,13.0,24.0,55.02,55.02,2018-05-14 00:00:00
2018,5.0,14.0,1.0,55.62,55.62,2018-05-14 01:00:00
2018,5.0,14.0,2.0,50.97,50.97,2018-05-14 02:00:00
2018,5.0,14.0,3.0,45.73,45.73,2018-05-14 03:00:00
2018,5.0,14.0,4.0,44.15,44.15,2018-05-14 04:00:00
2018,5.0,14.0,5.0,44.27,44.27,2018-05-14 05:00:00
2018,5.0,14.0,6.0,45.79,45.79,2018-05-14 06:00:00
2018,5.0,14.0,7.0,53.74,53.74,2018-05-14 07:00:00
2018,5.0,14.0,8.0,54.92,54.92,2018-05-14 08:00:00
2018,5.0,14.0,9.0,58.01,58.01,2018-05-14 09:00:00
2018,5.0,14.0,10.0,55.83,55.83,2018-05-14 10:00:00
2018,5.0,14.0,11.0,53.71,53.71,2018-05-14 11:00:00
2018,5.0,14.0,12.0,52.62,52.62,2018-05-14 12:00:00
2018,5.0,14.0,13.0,53.71,53.71,2018-05-14 13:00:00
2018,5.0,14.0,14.0,53.59,53.59,2018-05-14 14:00:00
2018,5.0,14.0,15.0,53.71,53.71,2018-05-14 15:00:00
2018,5.0,14.0,16.0,52.62,52.62,2018-05-14 16:00:00
2018,5.0,14.0,17.0,52.47,52.47,2018-05-14 17:00:00
2018,5.0,14.0,18.0,52.49,52.49,2018-05-14 18:00:00
2018,5.0,14.0,19.0,52.0,52.0,2018-05-14 19:00:00
2018,5.0,14.0,20.0,51.47,51.47,2018-05-14 20:00:00
2018,5.0,14.0,21.0,55.0,55.0,2018-05-14 21:00:00
2018,5.0,14.0,22.0,57.35,57.35,2018-05-14 22:00:00
2018,5.0,14.0,23.0,55.5,55.5,2018-05-14 23:00:00
2018,5.0,14.0,24.0,51.84,51.84,2018-05-15 00:00:00
2018,5.0,15.0,1.0,50.12,50.12,2018-05-15 01:00:00
2018,5.0,15.0,2.0,45.88,45.88,2018-05-15 02:00:00
2018,5.0,15.0,3.0,40.0,40.0,2018-05-15 03:00:00
2018,5.0,15.0,4.0,36.65,36.65,2018-05-15 04:00:00
2018,5.0,15.0,5.0,36.6,36.6,2018-05-15 05:00:00
2018,5.0,15.0,6.0,39.98,39.98,2018-05-15 06:00:00
2018,5.0,15.0,7.0,47.5,47.5,2018-05-15 07:00:00
2018,5.0,15.0,8.0,54.6,54.6,2018-05-15 08:00:00
2018,5.0,15.0,9.0,58.6,58.6,2018-05-15 09:00:00
2018,5.0,15.0,10.0,57.01,57.01,2018-05-15 10:00:00
2018,5.0,15.0,11.0,55.0,55.0,2018-05-15 11:00:00
2018,5.0,15.0,12.0,54.92,54.92,2018-05-15 12:00:00
2018,5.0,15.0,13.0,55.0,55.0,2018-05-15 13:00:00
2018,5.0,15.0,14.0,53.87,53.87,2018-05-15 14:00:00
2018,5.0,15.0,15.0,52.47,52.47,2018-05-15 15:00:00
2018,5.0,15.0,16.0,51.37,51.37,2018-05-15 16:00:00
2018,5.0,15.0,17.0,50.63,50.63,2018-05-15 17:00:00
2018,5.0,15.0,18.0,50.0,50.0,2018-05-15 18:00:00
2018,5.0,15.0,19.0,47.9,47.9,2018-05-15 19:00:00
2018,5.0,15.0,20.0,50.0,50.0,2018-05-15 20:00:00
2018,5.0,15.0,21.0,52.0,52.0,2018-05-15 21:00:00
2018,5.0,15.0,22.0,56.16,56.16,2018-05-15 22:00:00
2018,5.0,15.0,23.0,52.49,52.49,2018-05-15 23:00:00
2018,5.0,15.0,24.0,47.76,47.76,2018-05-16 00:00:00
2018,5.0,16.0,1.0,46.76,46.76,2018-05-16 01:00:00
2018,5.0,16.0,2.0,40.0,40.0,2018-05-16 02:00:00
2018,5.0,16.0,3.0,38.2,38.0,2018-05-16 03:00:00
2018,5.0,16.0,4.0,36.87,36.87,2018-05-16 04:00:00
2018,5.0,16.0,5.0,38.0,38.0,2018-05-16 05:00:00
2018,5.0,16.0,6.0,39.9,39.9,2018-05-16 06:00:00
2018,5.0,16.0,7.0,46.78,46.78,2018-05-16 07:00:00
2018,5.0,16.0,8.0,55.01,55.01,2018-05-16 08:00:00
2018,5.0,16.0,9.0,57.67,57.67,2018-05-16 09:00:00
2018,5.0,16.0,10.0,57.12,57.12,2018-05-16 10:00:00
2018,5.0,16.0,11.0,55.55,55.55,2018-05-16 11:00:00
2018,5.0,16.0,12.0,56.23,56.23,2018-05-16 12:00:00
2018,5.0,16.0,13.0,56.97,56.97,2018-05-16 13:00:00
2018,5.0,16.0,14.0,56.97,56.97,2018-05-16 14:00:00
2018,5.0,16.0,15.0,56.23,56.23,2018-05-16 15:00:00
2018,5.0,16.0,16.0,56.4,56.4,2018-05-16 16:00:00
2018,5.0,16.0,17.0,56.4,56.4,2018-05-16 17:00:00
2018,5.0,16.0,18.0,56.35,56.35,2018-05-16 18:00:00
2018,5.0,16.0,19.0,55.23,55.23,2018-05-16 19:00:00
2018,5.0,16.0,20.0,54.5,54.5,2018-05-16 20:00:00
2018,5.0,16.0,21.0,56.4,56.4,2018-05-16 21:00:00
2018,5.0,16.0,22.0,57.57,57.57,2018-05-16 22:00:00
2018,5.0,16.0,23.0,55.72,55.72,2018-05-16 23:00:00
2018,5.0,16.0,24.0,49.01,49.01,2018-05-17 00:00:00
2018,5.0,17.0,1.0,48.02,48.02,2018-05-17 01:00:00
2018,5.0,17.0,2.0,46.0,46.0,2018-05-17 02:00:00
2018,5.0,17.0,3.0,44.44,44.44,2018-05-17 03:00:00
2018,5.0,17.0,4.0,44.44,44.44,2018-05-17 04:00:00
2018,5.0,17.0,5.0,44.88,44.88,2018-05-17 05:00:00
2018,5.0,17.0,6.0,47.49,47.49,2018-05-17 06:00:00
2018,5.0,17.0,7.0,50.79,50.79,2018-05-17 07:00:00
2018,5.0,17.0,8.0,56.05,56.05,2018-05-17 08:00:00
2018,5.0,17.0,9.0,57.03,57.03,2018-05-17 09:00:00
2018,5.0,17.0,10.0,57.72,57.72,2018-05-17 10:00:00
2018,5.0,17.0,11.0,56.97,56.97,2018-05-17 11:00:00
2018,5.0,17.0,12.0,57.49,57.49,2018-05-17 12:00:00
2018,5.0,17.0,13.0,58.45,58.45,2018-05-17 13:00:00
2018,5.0,17.0,14.0,58.37,58.37,2018-05-17 14:00:00
2018,5.0,17.0,15.0,57.46,57.46,2018-05-17 15:00:00
2018,5.0,17.0,16.0,57.03,57.03,2018-05-17 16:00:00
2018,5.0,17.0,17.0,57.12,57.12,2018-05-17 17:00:00
2018,5.0,17.0,18.0,56.97,56.97,2018-05-17 18:00:00
2018,5.0,17.0,19.0,56.69,56.69,2018-05-17 19:00:00
2018,5.0,17.0,20.0,56.05,56.05,2018-05-17 20:00:00
2018,5.0,17.0,21.0,56.69,56.69,2018-05-17 21:00:00
2018,5.0,17.0,22.0,58.22,58.22,2018-05-17 22:00:00
2018,5.0,17.0,23.0,56.79,56.79,2018-05-17 23:00:00
2018,5.0,17.0,24.0,55.0,55.0,2018-05-18 00:00:00
2018,5.0,18.0,1.0,55.11,55.11,2018-05-18 01:00:00
2018,5.0,18.0,2.0,51.9,51.9,2018-05-18 02:00:00
2018,5.0,18.0,3.0,49.84,49.84,2018-05-18 03:00:00
2018,5.0,18.0,4.0,49.1,49.1,2018-05-18 04:00:00
2018,5.0,18.0,5.0,49.93,49.93,2018-05-18 05:00:00
2018,5.0,18.0,6.0,53.04,53.04,2018-05-18 06:00:00
2018,5.0,18.0,7.0,57.06,57.06,2018-05-18 07:00:00
2018,5.0,18.0,8.0,59.01,59.01,2018-05-18 08:00:00
2018,5.0,18.0,9.0,59.69,59.69,2018-05-18 09:00:00
2018,5.0,18.0,10.0,60.0,60.0,2018-05-18 10:00:00
2018,5.0,18.0,11.0,59.63,59.63,2018-05-18 11:00:00
2018,5.0,18.0,12.0,59.45,59.45,2018-05-18 12:00:00
2018,5.0,18.0,13.0,59.45,59.45,2018-05-18 13:00:00
2018,5.0,18.0,14.0,59.35,59.35,2018-05-18 14:00:00
2018,5.0,18.0,15.0,59.01,59.01,2018-05-18 15:00:00
2018,5.0,18.0,16.0,58.89,58.89,2018-05-18 16:00:00
2018,5.0,18.0,17.0,59.21,59.21,2018-05-18 17:00:00
2018,5.0,18.0,18.0,59.01,59.01,2018-05-18 18:00:00
2018,5.0,18.0,19.0,59.01,59.01,2018-05-18 19:00:00
2018,5.0,18.0,20.0,58.89,58.89,2018-05-18 20:00:00
2018,5.0,18.0,21.0,59.45,59.45,2018-05-18 21:00:00
2018,5.0,18.0,22.0,60.1,60.1,2018-05-18 22:00:00
2018,5.0,18.0,23.0,59.52,59.52,2018-05-18 23:00:00
2018,5.0,18.0,24.0,58.0,58.0,2018-05-19 00:00:00
2018,5.0,19.0,1.0,61.3,61.3,2018-05-19 01:00:00
2018,5.0,19.0,2.0,60.01,60.01,2018-05-19 02:00:00
2018,5.0,19.0,3.0,59.63,59.63,2018-05-19 03:00:00
2018,5.0,19.0,4.0,59.63,59.63,2018-05-19 04:00:00
2018,5.0,19.0,5.0,59.59,59.59,2018-05-19 05:00:00
2018,5.0,19.0,6.0,60.5,60.5,2018-05-19 06:00:00
2018,5.0,19.0,7.0,60.01,60.01,2018-05-19 07:00:00
2018,5.0,19.0,8.0,60.01,60.01,2018-05-19 08:00:00
2018,5.0,19.0,9.0,59.63,59.63,2018-05-19 09:00:00
2018,5.0,19.0,10.0,61.52,61.52,2018-05-19 10:00:00
2018,5.0,19.0,11.0,61.7,61.7,2018-05-19 11:00:00
2018,5.0,19.0,12.0,61.42,61.42,2018-05-19 12:00:00
2018,5.0,19.0,13.0,61.3,61.3,2018-05-19 13:00:00
2018,5.0,19.0,14.0,61.3,61.3,2018-05-19 14:00:00
2018,5.0,19.0,15.0,61.18,61.18,2018-05-19 15:00:00
2018,5.0,19.0,16.0,59.63,59.63,2018-05-19 16:00:00
2018,5.0,19.0,17.0,58.65,58.65,2018-05-19 17:00:00
2018,5.0,19.0,18.0,58.47,58.47,2018-05-19 18:00:00
2018,5.0,19.0,19.0,58.6,58.6,2018-05-19 19:00:00
2018,5.0,19.0,20.0,59.56,59.56,2018-05-19 20:00:00
2018,5.0,19.0,21.0,60.5,60.5,2018-05-19 21:00:00
2018,5.0,19.0,22.0,61.98,61.98,2018-05-19 22:00:00
2018,5.0,19.0,23.0,61.71,61.71,2018-05-19 23:00:00
2018,5.0,19.0,24.0,61.6,61.6,2018-05-20 00:00:00
2018,5.0,20.0,1.0,60.5,60.5,2018-05-20 01:00:00
2018,5.0,20.0,2.0,60.14,60.14,2018-05-20 02:00:00
2018,5.0,20.0,3.0,59.97,59.97,2018-05-20 03:00:00
2018,5.0,20.0,4.0,59.63,59.63,2018-05-20 04:00:00
2018,5.0,20.0,5.0,59.45,59.45,2018-05-20 05:00:00
2018,5.0,20.0,6.0,59.21,59.21,2018-05-20 06:00:00
2018,5.0,20.0,7.0,57.67,57.67,2018-05-20 07:00:00
2018,5.0,20.0,8.0,54.98,54.98,2018-05-20 08:00:00
2018,5.0,20.0,9.0,56.35,56.35,2018-05-20 09:00:00
2018,5.0,20.0,10.0,59.21,59.21,2018-05-20 10:00:00
2018,5.0,20.0,11.0,59.63,59.63,2018-05-20 11:00:00
2018,5.0,20.0,12.0,59.97,59.97,2018-05-20 12:00:00
2018,5.0,20.0,13.0,59.97,59.97,2018-05-20 13:00:00
2018,5.0,20.0,14.0,60.0,60.0,2018-05-20 14:00:00
2018,5.0,20.0,15.0,60.0,60.0,2018-05-20 15:00:00
2018,5.0,20.0,16.0,59.21,59.21,2018-05-20 16:00:00
2018,5.0,20.0,17.0,57.33,57.33,2018-05-20 17:00:00
2018,5.0,20.0,18.0,56.04,56.04,2018-05-20 18:00:00
2018,5.0,20.0,19.0,55.5,55.5,2018-05-20 19:00:00
2018,5.0,20.0,20.0,57.63,57.63,2018-05-20 20:00:00
2018,5.0,20.0,21.0,59.45,59.45,2018-05-20 21:00:00
2018,5.0,20.0,22.0,62.98,62.98,2018-05-20 22:00:00
2018,5.0,20.0,23.0,63.01,63.01,2018-05-20 23:00:00
2018,5.0,20.0,24.0,62.07,62.07,2018-05-21 00:00:00
2018,5.0,21.0,1.0,59.63,59.63,2018-05-21 01:00:00
2018,5.0,21.0,2.0,59.63,59.63,2018-05-21 02:00:00
2018,5.0,21.0,3.0,59.45,59.45,2018-05-21 03:00:00
2018,5.0,21.0,4.0,59.45,59.45,2018-05-21 04:00:00
2018,5.0,21.0,5.0,59.63,59.63,2018-05-21 05:00:00
2018,5.0,21.0,6.0,60.0,60.0,2018-05-21 06:00:00
2018,5.0,21.0,7.0,61.8,61.8,2018-05-21 07:00:00
2018,5.0,21.0,8.0,62.25,62.25,2018-05-21 08:00:00
2018,5.0,21.0,9.0,64.09,64.09,2018-05-21 09:00:00
2018,5.0,21.0,10.0,65.0,65.0,2018-05-21 10:00:00
2018,5.0,21.0,11.0,64.62,64.62,2018-05-21 11:00:00
2018,5.0,21.0,12.0,64.61,64.61,2018-05-21 12:00:00
2018,5.0,21.0,13.0,64.62,64.62,2018-05-21 13:00:00
2018,5.0,21.0,14.0,64.39,64.39,2018-05-21 14:00:00
2018,5.0,21.0,15.0,64.09,64.09,2018-05-21 15:00:00
2018,5.0,21.0,16.0,63.26,63.26,2018-05-21 16:00:00
2018,5.0,21.0,17.0,63.0,63.0,2018-05-21 17:00:00
2018,5.0,21.0,18.0,62.8,62.8,2018-05-21 18:00:00
2018,5.0,21.0,19.0,61.3,61.3,2018-05-21 19:00:00
2018,5.0,21.0,20.0,62.3,62.3,2018-05-21 20:00:00
2018,5.0,21.0,21.0,64.01,64.01,2018-05-21 21:00:00
2018,5.0,21.0,22.0,66.0,66.0,2018-05-21 22:00:00
2018,5.0,21.0,23.0,65.0,65.0,2018-05-21 23:00:00
2018,5.0,21.0,24.0,63.5,63.5,2018-05-22 00:00:00
2018,5.0,22.0,1.0,65.1,65.1,2018-05-22 01:00:00
2018,5.0,22.0,2.0,65.0,65.0,2018-05-22 02:00:00
2018,5.0,22.0,3.0,64.62,64.62,2018-05-22 03:00:00
2018,5.0,22.0,4.0,64.2,64.2,2018-05-22 04:00:00
2018,5.0,22.0,5.0,64.01,64.01,2018-05-22 05:00:00
2018,5.0,22.0,6.0,64.3,64.3,2018-05-22 06:00:00
2018,5.0,22.0,7.0,64.62,64.62,2018-05-22 07:00:00
2018,5.0,22.0,8.0,63.56,63.56,2018-05-22 08:00:00
2018,5.0,22.0,9.0,63.36,63.36,2018-05-22 09:00:00
2018,5.0,22.0,10.0,64.01,64.01,2018-05-22 10:00:00
2018,5.0,22.0,11.0,63.0,63.0,2018-05-22 11:00:00
2018,5.0,22.0,12.0,62.47,62.47,2018-05-22 12:00:00
2018,5.0,22.0,13.0,62.69,62.69,2018-05-22 13:00:00
2018,5.0,22.0,14.0,63.16,63.16,2018-05-22 14:00:00
2018,5.0,22.0,15.0,62.7,62.7,2018-05-22 15:00:00
2018,5.0,22.0,16.0,62.47,62.47,2018-05-22 16:00:00
2018,5.0,22.0,17.0,62.47,62.47,2018-05-22 17:00:00
2018,5.0,22.0,18.0,62.47,62.47,2018-05-22 18:00:00
2018,5.0,22.0,19.0,62.26,62.26,2018-05-22 19:00:00
2018,5.0,22.0,20.0,62.47,62.47,2018-05-22 20:00:00
2018,5.0,22.0,21.0,63.16,63.16,2018-05-22 21:00:00
2018,5.0,22.0,22.0,64.69,64.69,2018-05-22 22:00:00
2018,5.0,22.0,23.0,63.56,63.56,2018-05-22 23:00:00
2018,5.0,22.0,24.0,62.29,62.29,2018-05-23 00:00:00
2018,5.0,23.0,1.0,64.21,64.21,2018-05-23 01:00:00
2018,5.0,23.0,2.0,64.22,64.22,2018-05-23 02:00:00
2018,5.0,23.0,3.0,63.69,63.69,2018-05-23 03:00:00
2018,5.0,23.0,4.0,63.5,63.5,2018-05-23 04:00:00
2018,5.0,23.0,5.0,63.79,63.79,2018-05-23 05:00:00
2018,5.0,23.0,6.0,64.22,64.22,2018-05-23 06:00:00
2018,5.0,23.0,7.0,65.0,65.0,2018-05-23 07:00:00
2018,5.0,23.0,8.0,64.64,64.64,2018-05-23 08:00:00
2018,5.0,23.0,9.0,65.99,65.99,2018-05-23 09:00:00
2018,5.0,23.0,10.0,66.01,66.01,2018-05-23 10:00:00
2018,5.0,23.0,11.0,65.88,65.88,2018-05-23 11:00:00
2018,5.0,23.0,12.0,65.59,65.59,2018-05-23 12:00:00
2018,5.0,23.0,13.0,65.89,65.89,2018-05-23 13:00:00
2018,5.0,23.0,14.0,65.88,65.88,2018-05-23 14:00:00
2018,5.0,23.0,15.0,64.89,64.89,2018-05-23 15:00:00
2018,5.0,23.0,16.0,64.49,64.49,2018-05-23 16:00:00
2018,5.0,23.0,17.0,64.79,64.79,2018-05-23 17:00:00
2018,5.0,23.0,18.0,64.49,64.49,2018-05-23 18:00:00
2018,5.0,23.0,19.0,64.22,64.22,2018-05-23 19:00:00
2018,5.0,23.0,20.0,64.63,64.63,2018-05-23 20:00:00
2018,5.0,23.0,21.0,65.03,65.03,2018-05-23 21:00:00
2018,5.0,23.0,22.0,66.64,66.64,2018-05-23 22:00:00
2018,5.0,23.0,23.0,65.1,65.1,2018-05-23 23:00:00
2018,5.0,23.0,24.0,65.0,65.0,2018-05-24 00:00:00
2018,5.0,24.0,1.0,66.45,66.45,2018-05-24 01:00:00
2018,5.0,24.0,2.0,65.96,65.96,2018-05-24 02:00:00
2018,5.0,24.0,3.0,64.97,64.97,2018-05-24 03:00:00
2018,5.0,24.0,4.0,64.64,64.64,2018-05-24 04:00:00
2018,5.0,24.0,5.0,64.63,64.63,2018-05-24 05:00:00
2018,5.0,24.0,6.0,64.65,64.65,2018-05-24 06:00:00
2018,5.0,24.0,7.0,65.0,65.0,2018-05-24 07:00:00
2018,5.0,24.0,8.0,64.97,64.97,2018-05-24 08:00:00
2018,5.0,24.0,9.0,65.01,65.01,2018-05-24 09:00:00
2018,5.0,24.0,10.0,65.96,65.96,2018-05-24 10:00:00
2018,5.0,24.0,11.0,65.0,65.0,2018-05-24 11:00:00
2018,5.0,24.0,12.0,64.65,64.65,2018-05-24 12:00:00
2018,5.0,24.0,13.0,64.63,64.63,2018-05-24 13:00:00
2018,5.0,24.0,14.0,64.52,64.52,2018-05-24 14:00:00
2018,5.0,24.0,15.0,63.47,63.47,2018-05-24 15:00:00
2018,5.0,24.0,16.0,62.03,62.03,2018-05-24 16:00:00
2018,5.0,24.0,17.0,60.34,60.34,2018-05-24 17:00:00
2018,5.0,24.0,18.0,60.68,60.68,2018-05-24 18:00:00
2018,5.0,24.0,19.0,61.36,61.36,2018-05-24 19:00:00
2018,5.0,24.0,20.0,63.34,63.34,2018-05-24 20:00:00
2018,5.0,24.0,21.0,64.45,64.45,2018-05-24 21:00:00
2018,5.0,24.0,22.0,64.99,64.99,2018-05-24 22:00:00
2018,5.0,24.0,23.0,64.45,64.45,2018-05-24 23:00:00
2018,5.0,24.0,24.0,64.01,64.01,2018-05-25 00:00:00
2018,5.0,25.0,1.0,64.63,64.63,2018-05-25 01:00:00
2018,5.0,25.0,2.0,64.49,64.49,2018-05-25 02:00:00
2018,5.0,25.0,3.0,63.49,63.49,2018-05-25 03:00:00
2018,5.0,25.0,4.0,63.47,63.47,2018-05-25 04:00:00
2018,5.0,25.0,5.0,63.47,63.47,2018-05-25 05:00:00
2018,5.0,25.0,6.0,64.21,64.21,2018-05-25 06:00:00
2018,5.0,25.0,7.0,64.84,64.84,2018-05-25 07:00:00
2018,5.0,25.0,8.0,64.79,64.79,2018-05-25 08:00:00
2018,5.0,25.0,9.0,65.88,65.88,2018-05-25 09:00:00
2018,5.0,25.0,10.0,66.71,66.71,2018-05-25 10:00:00
2018,5.0,25.0,11.0,66.7,66.7,2018-05-25 11:00:00
2018,5.0,25.0,12.0,65.96,65.96,2018-05-25 12:00:00
2018,5.0,25.0,13.0,65.52,65.52,2018-05-25 13:00:00
2018,5.0,25.0,14.0,65.0,65.0,2018-05-25 14:00:00
2018,5.0,25.0,15.0,64.45,64.45,2018-05-25 15:00:00
2018,5.0,25.0,16.0,63.43,63.43,2018-05-25 16:00:00
2018,5.0,25.0,17.0,62.95,62.95,2018-05-25 17:00:00
2018,5.0,25.0,18.0,62.03,62.03,2018-05-25 18:00:00
2018,5.0,25.0,19.0,63.43,63.43,2018-05-25 19:00:00
2018,5.0,25.0,20.0,64.49,64.49,2018-05-25 20:00:00
2018,5.0,25.0,21.0,64.99,64.99,2018-05-25 21:00:00
2018,5.0,25.0,22.0,67.05,67.05,2018-05-25 22:00:00
2018,5.0,25.0,23.0,66.1,66.1,2018-05-25 23:00:00
2018,5.0,25.0,24.0,65.66,65.66,2018-05-26 00:00:00
2018,5.0,26.0,1.0,64.97,64.97,2018-05-26 01:00:00
2018,5.0,26.0,2.0,63.65,63.65,2018-05-26 02:00:00
2018,5.0,26.0,3.0,60.9,60.9,2018-05-26 03:00:00
2018,5.0,26.0,4.0,60.9,60.9,2018-05-26 04:00:00
2018,5.0,26.0,5.0,60.59,60.59,2018-05-26 05:00:00
2018,5.0,26.0,6.0,60.6,60.6,2018-05-26 06:00:00
2018,5.0,26.0,7.0,59.41,59.41,2018-05-26 07:00:00
2018,5.0,26.0,8.0,57.99,57.99,2018-05-26 08:00:00
2018,5.0,26.0,9.0,61.88,61.88,2018-05-26 09:00:00
2018,5.0,26.0,10.0,64.16,64.16,2018-05-26 10:00:00
2018,5.0,26.0,11.0,64.5,64.5,2018-05-26 11:00:00
2018,5.0,26.0,12.0,64.45,64.45,2018-05-26 12:00:00
2018,5.0,26.0,13.0,63.99,63.99,2018-05-26 13:00:00
2018,5.0,26.0,14.0,63.47,63.47,2018-05-26 14:00:00
2018,5.0,26.0,15.0,60.71,60.71,2018-05-26 15:00:00
2018,5.0,26.0,16.0,55.0,55.0,2018-05-26 16:00:00
2018,5.0,26.0,17.0,51.2,51.2,2018-05-26 17:00:00
2018,5.0,26.0,18.0,51.2,51.2,2018-05-26 18:00:00
2018,5.0,26.0,19.0,53.08,53.08,2018-05-26 19:00:00
2018,5.0,26.0,20.0,60.99,60.99,2018-05-26 20:00:00
2018,5.0,26.0,21.0,64.45,64.45,2018-05-26 21:00:00
2018,5.0,26.0,22.0,66.26,66.26,2018-05-26 22:00:00
2018,5.0,26.0,23.0,66.29,66.29,2018-05-26 23:00:00
2018,5.0,26.0,24.0,66.1,66.1,2018-05-27 00:00:00
2018,5.0,27.0,1.0,64.97,64.97,2018-05-27 01:00:00
2018,5.0,27.0,2.0,64.45,64.45,2018-05-27 02:00:00
2018,5.0,27.0,3.0,63.47,63.47,2018-05-27 03:00:00
2018,5.0,27.0,4.0,63.19,63.19,2018-05-27 04:00:00
2018,5.0,27.0,5.0,61.85,61.85,2018-05-27 05:00:00
2018,5.0,27.0,6.0,60.0,60.0,2018-05-27 06:00:00
2018,5.0,27.0,7.0,59.0,59.0,2018-05-27 07:00:00
2018,5.0,27.0,8.0,55.43,55.43,2018-05-27 08:00:00
2018,5.0,27.0,9.0,59.43,59.43,2018-05-27 09:00:00
2018,5.0,27.0,10.0,62.21,62.21,2018-05-27 10:00:00
2018,5.0,27.0,11.0,63.47,63.47,2018-05-27 11:00:00
2018,5.0,27.0,12.0,64.21,64.21,2018-05-27 12:00:00
2018,5.0,27.0,13.0,64.45,64.45,2018-05-27 13:00:00
2018,5.0,27.0,14.0,64.45,64.45,2018-05-27 14:00:00
2018,5.0,27.0,15.0,63.43,63.43,2018-05-27 15:00:00
2018,5.0,27.0,16.0,58.0,58.0,2018-05-27 16:00:00
2018,5.0,27.0,17.0,52.0,52.0,2018-05-27 17:00:00
2018,5.0,27.0,18.0,51.15,51.15,2018-05-27 18:00:00
2018,5.0,27.0,19.0,50.22,50.22,2018-05-27 19:00:00
2018,5.0,27.0,20.0,51.17,51.17,2018-05-27 20:00:00
2018,5.0,27.0,21.0,55.43,55.43,2018-05-27 21:00:00
2018,5.0,27.0,22.0,64.21,64.21,2018-05-27 22:00:00
2018,5.0,27.0,23.0,64.45,64.45,2018-05-27 23:00:00
2018,5.0,27.0,24.0,61.85,61.85,2018-05-28 00:00:00
2018,5.0,28.0,1.0,62.0,62.0,2018-05-28 01:00:00
2018,5.0,28.0,2.0,59.01,59.01,2018-05-28 02:00:00
2018,5.0,28.0,3.0,51.17,51.17,2018-05-28 03:00:00
2018,5.0,28.0,4.0,50.22,50.22,2018-05-28 04:00:00
2018,5.0,28.0,5.0,50.22,50.22,2018-05-28 05:00:00
2018,5.0,28.0,6.0,51.17,51.17,2018-05-28 06:00:00
2018,5.0,28.0,7.0,59.9,59.9,2018-05-28 07:00:00
2018,5.0,28.0,8.0,63.47,63.47,2018-05-28 08:00:00
2018,5.0,28.0,9.0,64.64,64.64,2018-05-28 09:00:00
2018,5.0,28.0,10.0,66.1,66.1,2018-05-28 10:00:00
2018,5.0,28.0,11.0,66.19,66.19,2018-05-28 11:00:00
2018,5.0,28.0,12.0,66.29,66.29,2018-05-28 12:00:00
2018,5.0,28.0,13.0,66.69,66.69,2018-05-28 13:00:00
2018,5.0,28.0,14.0,65.9,65.9,2018-05-28 14:00:00
2018,5.0,28.0,15.0,64.63,64.63,2018-05-28 15:00:00
2018,5.0,28.0,16.0,64.45,64.45,2018-05-28 16:00:00
2018,5.0,28.0,17.0,63.65,63.65,2018-05-28 17:00:00
2018,5.0,28.0,18.0,63.19,63.19,2018-05-28 18:00:00
2018,5.0,28.0,19.0,61.88,61.88,2018-05-28 19:00:00
2018,5.0,28.0,20.0,64.21,64.21,2018-05-28 20:00:00
2018,5.0,28.0,21.0,65.2,65.2,2018-05-28 21:00:00
2018,5.0,28.0,22.0,67.13,67.13,2018-05-28 22:00:00
2018,5.0,28.0,23.0,66.29,66.29,2018-05-28 23:00:00
2018,5.0,28.0,24.0,65.2,65.2,2018-05-29 00:00:00
2018,5.0,29.0,1.0,65.9,65.9,2018-05-29 01:00:00
2018,5.0,29.0,2.0,64.97,64.97,2018-05-29 02:00:00
2018,5.0,29.0,3.0,64.53,64.53,2018-05-29 03:00:00
2018,5.0,29.0,4.0,64.5,64.5,2018-05-29 04:00:00
2018,5.0,29.0,5.0,64.93,64.93,2018-05-29 05:00:00
2018,5.0,29.0,6.0,65.15,65.15,2018-05-29 06:00:00
2018,5.0,29.0,7.0,66.13,66.13,2018-05-29 07:00:00
2018,5.0,29.0,8.0,66.26,66.26,2018-05-29 08:00:00
2018,5.0,29.0,9.0,66.22,66.22,2018-05-29 09:00:00
2018,5.0,29.0,10.0,66.47,66.47,2018-05-29 10:00:00
2018,5.0,29.0,11.0,66.26,66.26,2018-05-29 11:00:00
2018,5.0,29.0,12.0,66.13,66.13,2018-05-29 12:00:00
2018,5.0,29.0,13.0,66.26,66.26,2018-05-29 13:00:00
2018,5.0,29.0,14.0,66.13,66.13,2018-05-29 14:00:00
2018,5.0,29.0,15.0,65.71,65.71,2018-05-29 15:00:00
2018,5.0,29.0,16.0,64.97,64.97,2018-05-29 16:00:00
2018,5.0,29.0,17.0,64.5,64.5,2018-05-29 17:00:00
2018,5.0,29.0,18.0,63.57,63.57,2018-05-29 18:00:00
2018,5.0,29.0,19.0,63.29,63.29,2018-05-29 19:00:00
2018,5.0,29.0,20.0,64.79,64.79,2018-05-29 20:00:00
2018,5.0,29.0,21.0,66.0,66.0,2018-05-29 21:00:00
2018,5.0,29.0,22.0,66.5,66.5,2018-05-29 22:00:00
2018,5.0,29.0,23.0,66.1,66.1,2018-05-29 23:00:00
2018,5.0,29.0,24.0,65.81,65.81,2018-05-30 00:00:00
2018,5.0,30.0,1.0,64.97,64.97,2018-05-30 01:00:00
2018,5.0,30.0,2.0,64.29,64.29,2018-05-30 02:00:00
2018,5.0,30.0,3.0,61.79,61.79,2018-05-30 03:00:00
2018,5.0,30.0,4.0,60.0,60.0,2018-05-30 04:00:00
2018,5.0,30.0,5.0,59.41,59.41,2018-05-30 05:00:00
2018,5.0,30.0,6.0,61.79,61.79,2018-05-30 06:00:00
2018,5.0,30.0,7.0,63.85,63.85,2018-05-30 07:00:00
2018,5.0,30.0,8.0,65.94,65.94,2018-05-30 08:00:00
2018,5.0,30.0,9.0,66.87,66.87,2018-05-30 09:00:00
2018,5.0,30.0,10.0,67.67,67.67,2018-05-30 10:00:00
2018,5.0,30.0,11.0,66.95,66.95,2018-05-30 11:00:00
2018,5.0,30.0,12.0,67.0,67.0,2018-05-30 12:00:00
2018,5.0,30.0,13.0,67.16,67.16,2018-05-30 13:00:00
2018,5.0,30.0,14.0,66.79,66.79,2018-05-30 14:00:00
2018,5.0,30.0,15.0,66.26,66.26,2018-05-30 15:00:00
2018,5.0,30.0,16.0,65.95,65.95,2018-05-30 16:00:00
2018,5.0,30.0,17.0,65.69,65.69,2018-05-30 17:00:00
2018,5.0,30.0,18.0,64.97,64.97,2018-05-30 18:00:00
2018,5.0,30.0,19.0,65.15,65.15,2018-05-30 19:00:00
2018,5.0,30.0,20.0,65.79,65.79,2018-05-30 20:00:00
2018,5.0,30.0,21.0,66.26,66.26,2018-05-30 21:00:00
2018,5.0,30.0,22.0,66.81,66.81,2018-05-30 22:00:00
2018,5.0,30.0,23.0,66.1,66.1,2018-05-30 23:00:00
2018,5.0,30.0,24.0,65.15,65.15,2018-05-31 00:00:00
2018,5.0,31.0,1.0,63.77,63.77,2018-05-31 01:00:00
2018,5.0,31.0,2.0,54.95,54.95,2018-05-31 02:00:00
2018,5.0,31.0,3.0,55.85,55.85,2018-05-31 03:00:00
2018,5.0,31.0,4.0,55.43,55.43,2018-05-31 04:00:00
2018,5.0,31.0,5.0,55.43,55.43,2018-05-31 05:00:00
2018,5.0,31.0,6.0,57.8,57.8,2018-05-31 06:00:00
2018,5.0,31.0,7.0,63.24,63.24,2018-05-31 07:00:00
2018,5.0,31.0,8.0,63.82,63.82,2018-05-31 08:00:00
2018,5.0,31.0,9.0,64.97,64.97,2018-05-31 09:00:00
2018,5.0,31.0,10.0,64.63,64.63,2018-05-31 10:00:00
2018,5.0,31.0,11.0,63.99,63.99,2018-05-31 11:00:00
2018,5.0,31.0,12.0,64.01,64.01,2018-05-31 12:00:00
2018,5.0,31.0,13.0,64.6,64.6,2018-05-31 13:00:00
2018,5.0,31.0,14.0,64.67,64.67,2018-05-31 14:00:00
2018,5.0,31.0,15.0,63.82,63.82,2018-05-31 15:00:00
2018,5.0,31.0,16.0,63.47,63.47,2018-05-31 16:00:00
2018,5.0,31.0,17.0,63.29,63.29,2018-05-31 17:00:00
2018,5.0,31.0,18.0,63.01,63.01,2018-05-31 18:00:00
2018,5.0,31.0,19.0,63.01,63.01,2018-05-31 19:00:00
2018,5.0,31.0,20.0,63.82,63.82,2018-05-31 20:00:00
2018,5.0,31.0,21.0,65.54,65.54,2018-05-31 21:00:00
2018,5.0,31.0,22.0,67.0,67.0,2018-05-31 22:00:00
2018,5.0,31.0,23.0,66.69,66.69,2018-05-31 23:00:00
2018,5.0,31.0,24.0,64.97,64.97,2018-06-01 00:00:00
2018,6.0,1.0,1.0,65.61,65.61,2018-06-01 01:00:00
2018,6.0,1.0,2.0,64.82,64.82,2018-06-01 02:00:00
2018,6.0,1.0,3.0,63.35,63.35,2018-06-01 03:00:00
2018,6.0,1.0,4.0,63.04,63.04,2018-06-01 04:00:00
2018,6.0,1.0,5.0,62.69,62.69,2018-06-01 05:00:00
2018,6.0,1.0,6.0,62.4,62.4,2018-06-01 06:00:00
2018,6.0,1.0,7.0,64.97,64.97,2018-06-01 07:00:00
2018,6.0,1.0,8.0,64.97,64.97,2018-06-01 08:00:00
2018,6.0,1.0,9.0,66.13,66.13,2018-06-01 09:00:00
2018,6.0,1.0,10.0,66.26,66.26,2018-06-01 10:00:00
2018,6.0,1.0,11.0,65.95,65.95,2018-06-01 11:00:00
2018,6.0,1.0,12.0,65.08,65.08,2018-06-01 12:00:00
2018,6.0,1.0,13.0,65.08,65.08,2018-06-01 13:00:00
2018,6.0,1.0,14.0,64.97,64.97,2018-06-01 14:00:00
2018,6.0,1.0,15.0,62.86,62.86,2018-06-01 15:00:00
2018,6.0,1.0,16.0,60.52,60.52,2018-06-01 16:00:00
2018,6.0,1.0,17.0,60.0,60.0,2018-06-01 17:00:00
2018,6.0,1.0,18.0,59.85,59.85,2018-06-01 18:00:00
2018,6.0,1.0,19.0,59.72,59.72,2018-06-01 19:00:00
2018,6.0,1.0,20.0,60.75,60.75,2018-06-01 20:00:00
2018,6.0,1.0,21.0,62.81,62.81,2018-06-01 21:00:00
2018,6.0,1.0,22.0,64.14,64.14,2018-06-01 22:00:00
2018,6.0,1.0,23.0,63.04,63.04,2018-06-01 23:00:00
2018,6.0,1.0,24.0,60.16,60.16,2018-06-02 00:00:00
2018,6.0,2.0,1.0,60.69,60.69,2018-06-02 01:00:00
2018,6.0,2.0,2.0,59.74,59.74,2018-06-02 02:00:00
2018,6.0,2.0,3.0,59.3,59.3,2018-06-02 03:00:00
2018,6.0,2.0,4.0,58.33,58.33,2018-06-02 04:00:00
2018,6.0,2.0,5.0,58.0,58.0,2018-06-02 05:00:00
2018,6.0,2.0,6.0,57.07,57.07,2018-06-02 06:00:00
2018,6.0,2.0,7.0,56.64,56.64,2018-06-02 07:00:00
2018,6.0,2.0,8.0,56.64,56.64,2018-06-02 08:00:00
2018,6.0,2.0,9.0,57.13,57.13,2018-06-02 09:00:00
2018,6.0,2.0,10.0,63.61,63.61,2018-06-02 10:00:00
2018,6.0,2.0,11.0,64.97,64.97,2018-06-02 11:00:00
2018,6.0,2.0,12.0,64.97,64.97,2018-06-02 12:00:00
2018,6.0,2.0,13.0,64.97,64.97,2018-06-02 13:00:00
2018,6.0,2.0,14.0,64.97,64.97,2018-06-02 14:00:00
2018,6.0,2.0,15.0,62.86,62.86,2018-06-02 15:00:00
2018,6.0,2.0,16.0,58.64,58.64,2018-06-02 16:00:00
2018,6.0,2.0,17.0,55.0,55.0,2018-06-02 17:00:00
2018,6.0,2.0,18.0,54.54,54.54,2018-06-02 18:00:00
2018,6.0,2.0,19.0,56.13,56.13,2018-06-02 19:00:00
2018,6.0,2.0,20.0,61.0,61.0,2018-06-02 20:00:00
2018,6.0,2.0,21.0,64.29,64.29,2018-06-02 21:00:00
2018,6.0,2.0,22.0,66.0,66.0,2018-06-02 22:00:00
2018,6.0,2.0,23.0,66.0,66.0,2018-06-02 23:00:00
2018,6.0,2.0,24.0,65.71,65.71,2018-06-03 00:00:00
2018,6.0,3.0,1.0,64.97,64.97,2018-06-03 01:00:00
2018,6.0,3.0,2.0,64.93,64.93,2018-06-03 02:00:00
2018,6.0,3.0,3.0,62.86,62.86,2018-06-03 03:00:00
2018,6.0,3.0,4.0,61.37,61.37,2018-06-03 04:00:00
2018,6.0,3.0,5.0,56.64,56.64,2018-06-03 05:00:00
2018,6.0,3.0,6.0,52.0,52.0,2018-06-03 06:00:00
2018,6.0,3.0,7.0,50.2,50.2,2018-06-03 07:00:00
2018,6.0,3.0,8.0,49.95,49.95,2018-06-03 08:00:00
2018,6.0,3.0,9.0,50.0,50.0,2018-06-03 09:00:00
2018,6.0,3.0,10.0,53.01,53.01,2018-06-03 10:00:00
2018,6.0,3.0,11.0,55.0,55.0,2018-06-03 11:00:00
2018,6.0,3.0,12.0,54.64,54.64,2018-06-03 12:00:00
2018,6.0,3.0,13.0,53.13,53.13,2018-06-03 13:00:00
2018,6.0,3.0,14.0,52.04,52.04,2018-06-03 14:00:00
2018,6.0,3.0,15.0,52.51,52.51,2018-06-03 15:00:00
2018,6.0,3.0,16.0,49.71,49.71,2018-06-03 16:00:00
2018,6.0,3.0,17.0,48.75,46.97,2018-06-03 17:00:00
2018,6.0,3.0,18.0,47.92,46.87,2018-06-03 18:00:00
2018,6.0,3.0,19.0,46.75,46.75,2018-06-03 19:00:00
2018,6.0,3.0,20.0,49.0,49.0,2018-06-03 20:00:00
2018,6.0,3.0,21.0,51.5,51.5,2018-06-03 21:00:00
2018,6.0,3.0,22.0,63.03,63.03,2018-06-03 22:00:00
2018,6.0,3.0,23.0,64.97,64.97,2018-06-03 23:00:00
2018,6.0,3.0,24.0,61.79,61.79,2018-06-04 00:00:00
2018,6.0,4.0,1.0,55.69,55.69,2018-06-04 01:00:00
2018,6.0,4.0,2.0,51.94,51.94,2018-06-04 02:00:00
2018,6.0,4.0,3.0,49.95,49.95,2018-06-04 03:00:00
2018,6.0,4.0,4.0,49.66,49.66,2018-06-04 04:00:00
2018,6.0,4.0,5.0,49.0,49.0,2018-06-04 05:00:00
2018,6.0,4.0,6.0,49.89,49.89,2018-06-04 06:00:00
2018,6.0,4.0,7.0,55.0,55.0,2018-06-04 07:00:00
2018,6.0,4.0,8.0,61.01,61.01,2018-06-04 08:00:00
2018,6.0,4.0,9.0,63.01,63.01,2018-06-04 09:00:00
2018,6.0,4.0,10.0,63.35,63.35,2018-06-04 10:00:00
2018,6.0,4.0,11.0,62.8,62.8,2018-06-04 11:00:00
2018,6.0,4.0,12.0,61.79,61.79,2018-06-04 12:00:00
2018,6.0,4.0,13.0,61.97,61.97,2018-06-04 13:00:00
2018,6.0,4.0,14.0,61.29,61.29,2018-06-04 14:00:00
2018,6.0,4.0,15.0,58.67,58.67,2018-06-04 15:00:00
2018,6.0,4.0,16.0,56.0,56.0,2018-06-04 16:00:00
2018,6.0,4.0,17.0,55.0,55.0,2018-06-04 17:00:00
2018,6.0,4.0,18.0,56.07,56.07,2018-06-04 18:00:00
2018,6.0,4.0,19.0,58.27,58.27,2018-06-04 19:00:00
2018,6.0,4.0,20.0,61.79,61.79,2018-06-04 20:00:00
2018,6.0,4.0,21.0,61.17,61.17,2018-06-04 21:00:00
2018,6.0,4.0,22.0,64.53,64.53,2018-06-04 22:00:00
2018,6.0,4.0,23.0,63.79,63.79,2018-06-04 23:00:00
2018,6.0,4.0,24.0,58.51,58.51,2018-06-05 00:00:00
2018,6.0,5.0,1.0,53.22,53.22,2018-06-05 01:00:00
2018,6.0,5.0,2.0,52.33,52.33,2018-06-05 02:00:00
2018,6.0,5.0,3.0,51.0,51.0,2018-06-05 03:00:00
2018,6.0,5.0,4.0,50.17,50.17,2018-06-05 04:00:00
2018,6.0,5.0,5.0,50.01,50.01,2018-06-05 05:00:00
2018,6.0,5.0,6.0,50.79,50.79,2018-06-05 06:00:00
2018,6.0,5.0,7.0,53.13,53.13,2018-06-05 07:00:00
2018,6.0,5.0,8.0,58.01,58.01,2018-06-05 08:00:00
2018,6.0,5.0,9.0,62.8,62.8,2018-06-05 09:00:00
2018,6.0,5.0,10.0,63.9,63.9,2018-06-05 10:00:00
2018,6.0,5.0,11.0,63.79,63.79,2018-06-05 11:00:00
2018,6.0,5.0,12.0,62.8,62.8,2018-06-05 12:00:00
2018,6.0,5.0,13.0,62.86,62.86,2018-06-05 13:00:00
2018,6.0,5.0,14.0,62.87,62.87,2018-06-05 14:00:00
2018,6.0,5.0,15.0,62.8,62.8,2018-06-05 15:00:00
2018,6.0,5.0,16.0,60.0,60.0,2018-06-05 16:00:00
2018,6.0,5.0,17.0,60.0,60.0,2018-06-05 17:00:00
2018,6.0,5.0,18.0,60.0,60.0,2018-06-05 18:00:00
2018,6.0,5.0,19.0,59.46,59.46,2018-06-05 19:00:00
2018,6.0,5.0,20.0,62.7,62.7,2018-06-05 20:00:00
2018,6.0,5.0,21.0,62.07,62.07,2018-06-05 21:00:00
2018,6.0,5.0,22.0,64.0,64.0,2018-06-05 22:00:00
2018,6.0,5.0,23.0,63.0,63.0,2018-06-05 23:00:00
2018,6.0,5.0,24.0,59.0,59.0,2018-06-06 00:00:00
2018,6.0,6.0,1.0,62.03,62.03,2018-06-06 01:00:00
2018,6.0,6.0,2.0,61.33,61.33,2018-06-06 02:00:00
2018,6.0,6.0,3.0,58.02,58.02,2018-06-06 03:00:00
2018,6.0,6.0,4.0,56.64,56.64,2018-06-06 04:00:00
2018,6.0,6.0,5.0,56.64,56.64,2018-06-06 05:00:00
2018,6.0,6.0,6.0,57.52,57.52,2018-06-06 06:00:00
2018,6.0,6.0,7.0,62.21,62.21,2018-06-06 07:00:00
2018,6.0,6.0,8.0,64.29,64.93,2018-06-06 08:00:00
2018,6.0,6.0,9.0,64.55,65.35,2018-06-06 09:00:00
2018,6.0,6.0,10.0,64.96,65.65,2018-06-06 10:00:00
2018,6.0,6.0,11.0,65.11,65.11,2018-06-06 11:00:00
2018,6.0,6.0,12.0,65.0,65.0,2018-06-06 12:00:00
2018,6.0,6.0,13.0,65.19,65.19,2018-06-06 13:00:00
2018,6.0,6.0,14.0,65.0,65.0,2018-06-06 14:00:00
2018,6.0,6.0,15.0,64.13,64.13,2018-06-06 15:00:00
2018,6.0,6.0,16.0,62.86,62.86,2018-06-06 16:00:00
2018,6.0,6.0,17.0,62.8,62.8,2018-06-06 17:00:00
2018,6.0,6.0,18.0,62.79,62.79,2018-06-06 18:00:00
2018,6.0,6.0,19.0,61.25,61.25,2018-06-06 19:00:00
2018,6.0,6.0,20.0,63.31,63.31,2018-06-06 20:00:00
2018,6.0,6.0,21.0,62.79,62.79,2018-06-06 21:00:00
2018,6.0,6.0,22.0,64.4,64.4,2018-06-06 22:00:00
2018,6.0,6.0,23.0,63.35,63.35,2018-06-06 23:00:00
2018,6.0,6.0,24.0,62.0,62.0,2018-06-07 00:00:00
2018,6.0,7.0,1.0,61.03,61.03,2018-06-07 01:00:00
2018,6.0,7.0,2.0,60.96,60.96,2018-06-07 02:00:00
2018,6.0,7.0,3.0,59.47,59.47,2018-06-07 03:00:00
2018,6.0,7.0,4.0,56.64,56.64,2018-06-07 04:00:00
2018,6.0,7.0,5.0,56.64,56.64,2018-06-07 05:00:00
2018,6.0,7.0,6.0,56.0,56.0,2018-06-07 06:00:00
2018,6.0,7.0,7.0,58.21,58.21,2018-06-07 07:00:00
2018,6.0,7.0,8.0,60.96,60.96,2018-06-07 08:00:00
2018,6.0,7.0,9.0,64.06,64.06,2018-06-07 09:00:00
2018,6.0,7.0,10.0,65.2,65.2,2018-06-07 10:00:00
2018,6.0,7.0,11.0,64.6,64.6,2018-06-07 11:00:00
2018,6.0,7.0,12.0,64.6,64.6,2018-06-07 12:00:00
2018,6.0,7.0,13.0,64.67,64.67,2018-06-07 13:00:00
2018,6.0,7.0,14.0,63.73,63.73,2018-06-07 14:00:00
2018,6.0,7.0,15.0,63.02,63.02,2018-06-07 15:00:00
2018,6.0,7.0,16.0,62.99,62.99,2018-06-07 16:00:00
2018,6.0,7.0,17.0,64.0,64.0,2018-06-07 17:00:00
2018,6.0,7.0,18.0,64.29,64.29,2018-06-07 18:00:00
2018,6.0,7.0,19.0,64.6,64.6,2018-06-07 19:00:00
2018,6.0,7.0,20.0,65.51,65.51,2018-06-07 20:00:00
2018,6.0,7.0,21.0,65.57,65.57,2018-06-07 21:00:00
2018,6.0,7.0,22.0,65.96,65.96,2018-06-07 22:00:00
2018,6.0,7.0,23.0,65.77,65.77,2018-06-07 23:00:00
2018,6.0,7.0,24.0,64.6,64.6,2018-06-08 00:00:00
2018,6.0,8.0,1.0,62.8,62.8,2018-06-08 01:00:00
2018,6.0,8.0,2.0,62.01,62.01,2018-06-08 02:00:00
2018,6.0,8.0,3.0,61.55,61.55,2018-06-08 03:00:00
2018,6.0,8.0,4.0,60.0,60.0,2018-06-08 04:00:00
2018,6.0,8.0,5.0,58.12,58.12,2018-06-08 05:00:00
2018,6.0,8.0,6.0,58.31,58.31,2018-06-08 06:00:00
2018,6.0,8.0,7.0,60.09,60.09,2018-06-08 07:00:00
2018,6.0,8.0,8.0,61.6,61.6,2018-06-08 08:00:00
2018,6.0,8.0,9.0,63.06,63.06,2018-06-08 09:00:00
2018,6.0,8.0,10.0,64.6,64.6,2018-06-08 10:00:00
2018,6.0,8.0,11.0,64.67,64.67,2018-06-08 11:00:00
2018,6.0,8.0,12.0,64.6,64.6,2018-06-08 12:00:00
2018,6.0,8.0,13.0,64.6,64.6,2018-06-08 13:00:00
2018,6.0,8.0,14.0,63.5,63.5,2018-06-08 14:00:00
2018,6.0,8.0,15.0,62.8,62.8,2018-06-08 15:00:00
2018,6.0,8.0,16.0,61.55,61.55,2018-06-08 16:00:00
2018,6.0,8.0,17.0,61.01,61.01,2018-06-08 17:00:00
2018,6.0,8.0,18.0,61.01,61.01,2018-06-08 18:00:00
2018,6.0,8.0,19.0,60.96,60.96,2018-06-08 19:00:00
2018,6.0,8.0,20.0,61.9,61.9,2018-06-08 20:00:00
2018,6.0,8.0,21.0,62.79,62.79,2018-06-08 21:00:00
2018,6.0,8.0,22.0,63.5,63.5,2018-06-08 22:00:00
2018,6.0,8.0,23.0,62.91,62.91,2018-06-08 23:00:00
2018,6.0,8.0,24.0,61.9,61.9,2018-06-09 00:00:00
2018,6.0,9.0,1.0,62.19,62.19,2018-06-09 01:00:00
2018,6.0,9.0,2.0,61.1,61.1,2018-06-09 02:00:00
2018,6.0,9.0,3.0,61.1,61.1,2018-06-09 03:00:00
2018,6.0,9.0,4.0,61.1,61.1,2018-06-09 04:00:00
2018,6.0,9.0,5.0,60.78,60.78,2018-06-09 05:00:00
2018,6.0,9.0,6.0,59.59,59.59,2018-06-09 06:00:00
2018,6.0,9.0,7.0,58.05,58.05,2018-06-09 07:00:00
2018,6.0,9.0,8.0,56.47,56.47,2018-06-09 08:00:00
2018,6.0,9.0,9.0,56.48,56.48,2018-06-09 09:00:00
2018,6.0,9.0,10.0,60.96,60.96,2018-06-09 10:00:00
2018,6.0,9.0,11.0,61.5,61.5,2018-06-09 11:00:00
2018,6.0,9.0,12.0,61.03,61.03,2018-06-09 12:00:00
2018,6.0,9.0,13.0,59.53,59.53,2018-06-09 13:00:00
2018,6.0,9.0,14.0,59.59,59.59,2018-06-09 14:00:00
2018,6.0,9.0,15.0,59.59,59.59,2018-06-09 15:00:00
2018,6.0,9.0,16.0,53.1,53.1,2018-06-09 16:00:00
2018,6.0,9.0,17.0,51.1,51.1,2018-06-09 17:00:00
2018,6.0,9.0,18.0,50.34,50.34,2018-06-09 18:00:00
2018,6.0,9.0,19.0,51.93,51.93,2018-06-09 19:00:00
2018,6.0,9.0,20.0,56.07,56.07,2018-06-09 20:00:00
2018,6.0,9.0,21.0,59.5,59.5,2018-06-09 21:00:00
2018,6.0,9.0,22.0,62.78,62.78,2018-06-09 22:00:00
2018,6.0,9.0,23.0,63.51,63.51,2018-06-09 23:00:00
2018,6.0,9.0,24.0,62.79,62.79,2018-06-10 00:00:00
2018,6.0,10.0,1.0,58.01,58.01,2018-06-10 01:00:00
2018,6.0,10.0,2.0,57.12,57.12,2018-06-10 02:00:00
2018,6.0,10.0,3.0,52.9,52.9,2018-06-10 03:00:00
2018,6.0,10.0,4.0,52.97,52.97,2018-06-10 04:00:00
2018,6.0,10.0,5.0,51.7,51.7,2018-06-10 05:00:00
2018,6.0,10.0,6.0,51.62,51.62,2018-06-10 06:00:00
2018,6.0,10.0,7.0,51.2,51.2,2018-06-10 07:00:00
2018,6.0,10.0,8.0,50.0,50.0,2018-06-10 08:00:00
2018,6.0,10.0,9.0,51.45,51.45,2018-06-10 09:00:00
2018,6.0,10.0,10.0,53.5,53.5,2018-06-10 10:00:00
2018,6.0,10.0,11.0,58.1,58.1,2018-06-10 11:00:00
2018,6.0,10.0,12.0,59.01,59.01,2018-06-10 12:00:00
2018,6.0,10.0,13.0,60.0,60.0,2018-06-10 13:00:00
2018,6.0,10.0,14.0,60.6,60.6,2018-06-10 14:00:00
2018,6.0,10.0,15.0,60.9,60.9,2018-06-10 15:00:00
2018,6.0,10.0,16.0,60.0,60.0,2018-06-10 16:00:00
2018,6.0,10.0,17.0,55.0,55.0,2018-06-10 17:00:00
2018,6.0,10.0,18.0,52.0,52.0,2018-06-10 18:00:00
2018,6.0,10.0,19.0,49.64,49.64,2018-06-10 19:00:00
2018,6.0,10.0,20.0,51.49,51.49,2018-06-10 20:00:00
2018,6.0,10.0,21.0,56.46,56.46,2018-06-10 21:00:00
2018,6.0,10.0,22.0,62.62,62.62,2018-06-10 22:00:00
2018,6.0,10.0,23.0,63.3,63.3,2018-06-10 23:00:00
2018,6.0,10.0,24.0,62.16,62.16,2018-06-11 00:00:00
2018,6.0,11.0,1.0,56.47,56.47,2018-06-11 01:00:00
2018,6.0,11.0,2.0,54.9,54.9,2018-06-11 02:00:00
2018,6.0,11.0,3.0,51.43,51.43,2018-06-11 03:00:00
2018,6.0,11.0,4.0,51.43,51.43,2018-06-11 04:00:00
2018,6.0,11.0,5.0,51.07,51.07,2018-06-11 05:00:00
2018,6.0,11.0,6.0,51.67,51.67,2018-06-11 06:00:00
2018,6.0,11.0,7.0,57.12,57.12,2018-06-11 07:00:00
2018,6.0,11.0,8.0,59.0,59.0,2018-06-11 08:00:00
2018,6.0,11.0,9.0,62.17,62.17,2018-06-11 09:00:00
2018,6.0,11.0,10.0,63.04,63.04,2018-06-11 10:00:00
2018,6.0,11.0,11.0,63.24,63.24,2018-06-11 11:00:00
2018,6.0,11.0,12.0,63.44,63.44,2018-06-11 12:00:00
2018,6.0,11.0,13.0,63.24,63.24,2018-06-11 13:00:00
2018,6.0,11.0,14.0,63.04,63.04,2018-06-11 14:00:00
2018,6.0,11.0,15.0,62.1,62.1,2018-06-11 15:00:00
2018,6.0,11.0,16.0,60.87,60.87,2018-06-11 16:00:00
2018,6.0,11.0,17.0,60.51,60.51,2018-06-11 17:00:00
2018,6.0,11.0,18.0,60.2,60.2,2018-06-11 18:00:00
2018,6.0,11.0,19.0,59.62,59.62,2018-06-11 19:00:00
2018,6.0,11.0,20.0,59.09,59.09,2018-06-11 20:00:00
2018,6.0,11.0,21.0,60.51,60.51,2018-06-11 21:00:00
2018,6.0,11.0,22.0,62.78,62.78,2018-06-11 22:00:00
2018,6.0,11.0,23.0,60.59,60.59,2018-06-11 23:00:00
2018,6.0,11.0,24.0,58.37,58.37,2018-06-12 00:00:00
2018,6.0,12.0,1.0,56.09,56.09,2018-06-12 01:00:00
2018,6.0,12.0,2.0,52.01,52.01,2018-06-12 02:00:00
2018,6.0,12.0,3.0,51.92,51.92,2018-06-12 03:00:00
2018,6.0,12.0,4.0,51.42,51.42,2018-06-12 04:00:00
2018,6.0,12.0,5.0,51.18,51.18,2018-06-12 05:00:00
2018,6.0,12.0,6.0,51.48,51.48,2018-06-12 06:00:00
2018,6.0,12.0,7.0,55.14,55.14,2018-06-12 07:00:00
2018,6.0,12.0,8.0,55.02,55.02,2018-06-12 08:00:00
2018,6.0,12.0,9.0,60.11,60.11,2018-06-12 09:00:00
2018,6.0,12.0,10.0,60.51,60.51,2018-06-12 10:00:00
2018,6.0,12.0,11.0,60.11,60.11,2018-06-12 11:00:00
2018,6.0,12.0,12.0,60.11,60.11,2018-06-12 12:00:00
2018,6.0,12.0,13.0,60.11,60.11,2018-06-12 13:00:00
2018,6.0,12.0,14.0,59.0,59.0,2018-06-12 14:00:00
2018,6.0,12.0,15.0,55.41,55.41,2018-06-12 15:00:00
2018,6.0,12.0,16.0,51.5,51.5,2018-06-12 16:00:00
2018,6.0,12.0,17.0,50.98,50.98,2018-06-12 17:00:00
2018,6.0,12.0,18.0,51.62,51.62,2018-06-12 18:00:00
2018,6.0,12.0,19.0,52.93,52.93,2018-06-12 19:00:00
2018,6.0,12.0,20.0,54.08,54.08,2018-06-12 20:00:00
2018,6.0,12.0,21.0,52.78,52.78,2018-06-12 21:00:00
2018,6.0,12.0,22.0,58.39,58.39,2018-06-12 22:00:00
2018,6.0,12.0,23.0,55.15,55.15,2018-06-12 23:00:00
2018,6.0,12.0,24.0,50.66,50.66,2018-06-13 00:00:00
2018,6.0,13.0,1.0,50.38,50.38,2018-06-13 01:00:00
2018,6.0,13.0,2.0,51.0,51.0,2018-06-13 02:00:00
2018,6.0,13.0,3.0,50.0,50.0,2018-06-13 03:00:00
2018,6.0,13.0,4.0,48.0,48.0,2018-06-13 04:00:00
2018,6.0,13.0,5.0,48.0,48.0,2018-06-13 05:00:00
2018,6.0,13.0,6.0,49.65,49.65,2018-06-13 06:00:00
2018,6.0,13.0,7.0,51.94,51.94,2018-06-13 07:00:00
2018,6.0,13.0,8.0,54.05,54.05,2018-06-13 08:00:00
2018,6.0,13.0,9.0,55.77,55.77,2018-06-13 09:00:00
2018,6.0,13.0,10.0,55.2,55.2,2018-06-13 10:00:00
2018,6.0,13.0,11.0,54.94,54.94,2018-06-13 11:00:00
2018,6.0,13.0,12.0,55.0,55.0,2018-06-13 12:00:00
2018,6.0,13.0,13.0,53.29,53.29,2018-06-13 13:00:00
2018,6.0,13.0,14.0,54.05,54.05,2018-06-13 14:00:00
2018,6.0,13.0,15.0,55.0,55.0,2018-06-13 15:00:00
2018,6.0,13.0,16.0,53.85,53.85,2018-06-13 16:00:00
2018,6.0,13.0,17.0,53.01,53.01,2018-06-13 17:00:00
2018,6.0,13.0,18.0,52.7,52.7,2018-06-13 18:00:00
2018,6.0,13.0,19.0,52.7,52.7,2018-06-13 19:00:00
2018,6.0,13.0,20.0,54.94,54.94,2018-06-13 20:00:00
2018,6.0,13.0,21.0,53.73,53.73,2018-06-13 21:00:00
2018,6.0,13.0,22.0,55.09,55.09,2018-06-13 22:00:00
2018,6.0,13.0,23.0,54.53,54.53,2018-06-13 23:00:00
2018,6.0,13.0,24.0,51.71,51.71,2018-06-14 00:00:00
2018,6.0,14.0,1.0,57.26,57.26,2018-06-14 01:00:00
2018,6.0,14.0,2.0,57.05,57.05,2018-06-14 02:00:00
2018,6.0,14.0,3.0,55.09,55.09,2018-06-14 03:00:00
2018,6.0,14.0,4.0,54.98,54.98,2018-06-14 04:00:00
2018,6.0,14.0,5.0,54.87,54.87,2018-06-14 05:00:00
2018,6.0,14.0,6.0,55.09,55.09,2018-06-14 06:00:00
2018,6.0,14.0,7.0,57.39,57.39,2018-06-14 07:00:00
2018,6.0,14.0,8.0,54.98,54.98,2018-06-14 08:00:00
2018,6.0,14.0,9.0,56.65,56.65,2018-06-14 09:00:00
2018,6.0,14.0,10.0,58.75,58.75,2018-06-14 10:00:00
2018,6.0,14.0,11.0,58.54,58.54,2018-06-14 11:00:00
2018,6.0,14.0,12.0,58.5,58.5,2018-06-14 12:00:00
2018,6.0,14.0,13.0,59.51,59.51,2018-06-14 13:00:00
2018,6.0,14.0,14.0,59.29,59.29,2018-06-14 14:00:00
2018,6.0,14.0,15.0,58.75,58.75,2018-06-14 15:00:00
2018,6.0,14.0,16.0,59.67,59.67,2018-06-14 16:00:00
2018,6.0,14.0,17.0,59.67,59.67,2018-06-14 17:00:00
2018,6.0,14.0,18.0,59.67,59.67,2018-06-14 18:00:00
2018,6.0,14.0,19.0,58.7,58.7,2018-06-14 19:00:00
2018,6.0,14.0,20.0,57.02,57.02,2018-06-14 20:00:00
2018,6.0,14.0,21.0,58.7,58.7,2018-06-14 21:00:00
2018,6.0,14.0,22.0,60.11,60.11,2018-06-14 22:00:00
2018,6.0,14.0,23.0,59.67,59.67,2018-06-14 23:00:00
2018,6.0,14.0,24.0,58.24,58.24,2018-06-15 00:00:00
2018,6.0,15.0,1.0,56.89,56.89,2018-06-15 01:00:00
2018,6.0,15.0,2.0,57.38,57.38,2018-06-15 02:00:00
2018,6.0,15.0,3.0,56.47,56.47,2018-06-15 03:00:00
2018,6.0,15.0,4.0,55.19,55.19,2018-06-15 04:00:00
2018,6.0,15.0,5.0,55.2,55.2,2018-06-15 05:00:00
2018,6.0,15.0,6.0,56.89,56.89,2018-06-15 06:00:00
2018,6.0,15.0,7.0,56.74,56.74,2018-06-15 07:00:00
2018,6.0,15.0,8.0,59.92,59.92,2018-06-15 08:00:00
2018,6.0,15.0,9.0,61.9,61.9,2018-06-15 09:00:00
2018,6.0,15.0,10.0,61.76,61.76,2018-06-15 10:00:00
2018,6.0,15.0,11.0,60.67,60.67,2018-06-15 11:00:00
2018,6.0,15.0,12.0,60.46,60.46,2018-06-15 12:00:00
2018,6.0,15.0,13.0,60.89,60.89,2018-06-15 13:00:00
2018,6.0,15.0,14.0,60.54,60.54,2018-06-15 14:00:00
2018,6.0,15.0,15.0,59.5,59.5,2018-06-15 15:00:00
2018,6.0,15.0,16.0,57.51,57.51,2018-06-15 16:00:00
2018,6.0,15.0,17.0,56.23,56.23,2018-06-15 17:00:00
2018,6.0,15.0,18.0,56.69,56.69,2018-06-15 18:00:00
2018,6.0,15.0,19.0,56.23,56.23,2018-06-15 19:00:00
2018,6.0,15.0,20.0,56.35,56.35,2018-06-15 20:00:00
2018,6.0,15.0,21.0,56.1,56.1,2018-06-15 21:00:00
2018,6.0,15.0,22.0,56.49,56.49,2018-06-15 22:00:00
2018,6.0,15.0,23.0,56.53,56.53,2018-06-15 23:00:00
2018,6.0,15.0,24.0,53.12,53.12,2018-06-16 00:00:00
2018,6.0,16.0,1.0,51.84,51.84,2018-06-16 01:00:00
2018,6.0,16.0,2.0,51.22,51.22,2018-06-16 02:00:00
2018,6.0,16.0,3.0,51.4,51.4,2018-06-16 03:00:00
2018,6.0,16.0,4.0,51.1,51.1,2018-06-16 04:00:00
2018,6.0,16.0,5.0,51.6,51.6,2018-06-16 05:00:00
2018,6.0,16.0,6.0,51.4,51.4,2018-06-16 06:00:00
2018,6.0,16.0,7.0,54.0,54.0,2018-06-16 07:00:00
2018,6.0,16.0,8.0,51.63,51.63,2018-06-16 08:00:00
2018,6.0,16.0,9.0,52.06,52.06,2018-06-16 09:00:00
2018,6.0,16.0,10.0,52.19,52.19,2018-06-16 10:00:00
2018,6.0,16.0,11.0,54.02,54.02,2018-06-16 11:00:00
2018,6.0,16.0,12.0,55.0,55.0,2018-06-16 12:00:00
2018,6.0,16.0,13.0,55.0,55.0,2018-06-16 13:00:00
2018,6.0,16.0,14.0,55.0,55.0,2018-06-16 14:00:00
2018,6.0,16.0,15.0,57.0,57.0,2018-06-16 15:00:00
2018,6.0,16.0,16.0,52.11,52.11,2018-06-16 16:00:00
2018,6.0,16.0,17.0,51.7,51.7,2018-06-16 17:00:00
2018,6.0,16.0,18.0,51.2,51.2,2018-06-16 18:00:00
2018,6.0,16.0,19.0,51.39,51.39,2018-06-16 19:00:00
2018,6.0,16.0,20.0,51.18,51.18,2018-06-16 20:00:00
2018,6.0,16.0,21.0,52.0,52.0,2018-06-16 21:00:00
2018,6.0,16.0,22.0,56.9,56.9,2018-06-16 22:00:00
2018,6.0,16.0,23.0,54.9,54.9,2018-06-16 23:00:00
2018,6.0,16.0,24.0,52.15,52.15,2018-06-17 00:00:00
2018,6.0,17.0,1.0,47.4,47.4,2018-06-17 01:00:00
2018,6.0,17.0,2.0,48.0,48.0,2018-06-17 02:00:00
2018,6.0,17.0,3.0,44.1,44.1,2018-06-17 03:00:00
2018,6.0,17.0,4.0,43.49,43.49,2018-06-17 04:00:00
2018,6.0,17.0,5.0,42.74,42.74,2018-06-17 05:00:00
2018,6.0,17.0,6.0,42.61,42.61,2018-06-17 06:00:00
2018,6.0,17.0,7.0,41.98,41.98,2018-06-17 07:00:00
2018,6.0,17.0,8.0,41.98,41.98,2018-06-17 08:00:00
2018,6.0,17.0,9.0,42.99,42.99,2018-06-17 09:00:00
2018,6.0,17.0,10.0,44.1,44.1,2018-06-17 10:00:00
2018,6.0,17.0,11.0,44.1,44.1,2018-06-17 11:00:00
2018,6.0,17.0,12.0,44.76,44.76,2018-06-17 12:00:00
2018,6.0,17.0,13.0,46.89,46.89,2018-06-17 13:00:00
2018,6.0,17.0,14.0,50.0,50.0,2018-06-17 14:00:00
2018,6.0,17.0,15.0,47.5,47.5,2018-06-17 15:00:00
2018,6.0,17.0,16.0,46.89,44.1,2018-06-17 16:00:00
2018,6.0,17.0,17.0,46.89,41.78,2018-06-17 17:00:00
2018,6.0,17.0,18.0,46.89,41.58,2018-06-17 18:00:00
2018,6.0,17.0,19.0,42.99,41.58,2018-06-17 19:00:00
2018,6.0,17.0,20.0,42.99,41.88,2018-06-17 20:00:00
2018,6.0,17.0,21.0,43.99,43.99,2018-06-17 21:00:00
2018,6.0,17.0,22.0,50.4,50.4,2018-06-17 22:00:00
2018,6.0,17.0,23.0,53.07,53.07,2018-06-17 23:00:00
2018,6.0,17.0,24.0,45.5,45.5,2018-06-18 00:00:00
2018,6.0,18.0,1.0,55.23,55.23,2018-06-18 01:00:00
2018,6.0,18.0,2.0,54.38,54.38,2018-06-18 02:00:00
2018,6.0,18.0,3.0,53.13,53.13,2018-06-18 03:00:00
2018,6.0,18.0,4.0,46.89,46.89,2018-06-18 04:00:00
2018,6.0,18.0,5.0,46.89,46.89,2018-06-18 05:00:00
2018,6.0,18.0,6.0,52.0,52.0,2018-06-18 06:00:00
2018,6.0,18.0,7.0,54.97,54.97,2018-06-18 07:00:00
2018,6.0,18.0,8.0,55.73,55.73,2018-06-18 08:00:00
2018,6.0,18.0,9.0,55.48,55.48,2018-06-18 09:00:00
2018,6.0,18.0,10.0,55.48,55.48,2018-06-18 10:00:00
2018,6.0,18.0,11.0,55.13,55.13,2018-06-18 11:00:00
2018,6.0,18.0,12.0,55.7,55.7,2018-06-18 12:00:00
2018,6.0,18.0,13.0,57.47,57.47,2018-06-18 13:00:00
2018,6.0,18.0,14.0,57.47,57.47,2018-06-18 14:00:00
2018,6.0,18.0,15.0,56.87,56.87,2018-06-18 15:00:00
2018,6.0,18.0,16.0,56.66,56.66,2018-06-18 16:00:00
2018,6.0,18.0,17.0,55.7,55.7,2018-06-18 17:00:00
2018,6.0,18.0,18.0,55.7,55.7,2018-06-18 18:00:00
2018,6.0,18.0,19.0,55.73,55.73,2018-06-18 19:00:00
2018,6.0,18.0,20.0,55.23,55.23,2018-06-18 20:00:00
2018,6.0,18.0,21.0,56.4,56.4,2018-06-18 21:00:00
2018,6.0,18.0,22.0,57.34,57.34,2018-06-18 22:00:00
2018,6.0,18.0,23.0,55.0,55.0,2018-06-18 23:00:00
2018,6.0,18.0,24.0,51.42,51.42,2018-06-19 00:00:00
2018,6.0,19.0,1.0,50.86,50.86,2018-06-19 01:00:00
2018,6.0,19.0,2.0,46.89,46.89,2018-06-19 02:00:00
2018,6.0,19.0,3.0,42.99,42.99,2018-06-19 03:00:00
2018,6.0,19.0,4.0,42.61,42.61,2018-06-19 04:00:00
2018,6.0,19.0,5.0,42.6,42.6,2018-06-19 05:00:00
2018,6.0,19.0,6.0,43.69,43.69,2018-06-19 06:00:00
2018,6.0,19.0,7.0,49.57,49.57,2018-06-19 07:00:00
2018,6.0,19.0,8.0,51.75,51.75,2018-06-19 08:00:00
2018,6.0,19.0,9.0,53.42,53.42,2018-06-19 09:00:00
2018,6.0,19.0,10.0,54.89,54.89,2018-06-19 10:00:00
2018,6.0,19.0,11.0,56.66,56.66,2018-06-19 11:00:00
2018,6.0,19.0,12.0,58.02,58.02,2018-06-19 12:00:00
2018,6.0,19.0,13.0,59.29,59.29,2018-06-19 13:00:00
2018,6.0,19.0,14.0,60.3,60.3,2018-06-19 14:00:00
2018,6.0,19.0,15.0,59.69,59.69,2018-06-19 15:00:00
2018,6.0,19.0,16.0,59.77,59.77,2018-06-19 16:00:00
2018,6.0,19.0,17.0,59.98,59.98,2018-06-19 17:00:00
2018,6.0,19.0,18.0,60.0,60.0,2018-06-19 18:00:00
2018,6.0,19.0,19.0,59.52,59.52,2018-06-19 19:00:00
2018,6.0,19.0,20.0,59.01,59.01,2018-06-19 20:00:00
2018,6.0,19.0,21.0,59.52,59.52,2018-06-19 21:00:00
2018,6.0,19.0,22.0,60.78,60.78,2018-06-19 22:00:00
2018,6.0,19.0,23.0,59.69,59.69,2018-06-19 23:00:00
2018,6.0,19.0,24.0,58.43,58.43,2018-06-20 00:00:00
2018,6.0,20.0,1.0,61.3,61.3,2018-06-20 01:00:00
2018,6.0,20.0,2.0,61.14,61.14,2018-06-20 02:00:00
2018,6.0,20.0,3.0,60.17,60.17,2018-06-20 03:00:00
2018,6.0,20.0,4.0,60.03,60.03,2018-06-20 04:00:00
2018,6.0,20.0,5.0,60.13,60.13,2018-06-20 05:00:00
2018,6.0,20.0,6.0,60.5,60.5,2018-06-20 06:00:00
2018,6.0,20.0,7.0,61.89,61.89,2018-06-20 07:00:00
2018,6.0,20.0,8.0,62.22,62.22,2018-06-20 08:00:00
2018,6.0,20.0,9.0,62.83,62.83,2018-06-20 09:00:00
2018,6.0,20.0,10.0,62.59,62.59,2018-06-20 10:00:00
2018,6.0,20.0,11.0,62.23,62.23,2018-06-20 11:00:00
2018,6.0,20.0,12.0,62.0,62.0,2018-06-20 12:00:00
2018,6.0,20.0,13.0,62.41,62.41,2018-06-20 13:00:00
2018,6.0,20.0,14.0,62.16,62.16,2018-06-20 14:00:00
2018,6.0,20.0,15.0,61.87,61.87,2018-06-20 15:00:00
2018,6.0,20.0,16.0,61.92,61.92,2018-06-20 16:00:00
2018,6.0,20.0,17.0,61.74,61.74,2018-06-20 17:00:00
2018,6.0,20.0,18.0,61.74,61.74,2018-06-20 18:00:00
2018,6.0,20.0,19.0,61.39,61.39,2018-06-20 19:00:00
2018,6.0,20.0,20.0,61.14,61.14,2018-06-20 20:00:00
2018,6.0,20.0,21.0,61.39,61.39,2018-06-20 21:00:00
2018,6.0,20.0,22.0,61.99,61.99,2018-06-20 22:00:00
2018,6.0,20.0,23.0,61.46,61.46,2018-06-20 23:00:00
2018,6.0,20.0,24.0,59.7,59.7,2018-06-21 00:00:00
2018,6.0,21.0,1.0,60.17,60.17,2018-06-21 01:00:00
2018,6.0,21.0,2.0,60.0,60.0,2018-06-21 02:00:00
2018,6.0,21.0,3.0,60.0,60.0,2018-06-21 03:00:00
2018,6.0,21.0,4.0,59.92,59.92,2018-06-21 04:00:00
2018,6.0,21.0,5.0,59.67,59.67,2018-06-21 05:00:00
2018,6.0,21.0,6.0,59.67,59.67,2018-06-21 06:00:00
2018,6.0,21.0,7.0,60.09,60.09,2018-06-21 07:00:00
2018,6.0,21.0,8.0,60.49,60.49,2018-06-21 08:00:00
2018,6.0,21.0,9.0,61.14,61.14,2018-06-21 09:00:00
2018,6.0,21.0,10.0,61.97,61.97,2018-06-21 10:00:00
2018,6.0,21.0,11.0,61.39,61.39,2018-06-21 11:00:00
2018,6.0,21.0,12.0,61.5,61.5,2018-06-21 12:00:00
2018,6.0,21.0,13.0,61.99,61.99,2018-06-21 13:00:00
2018,6.0,21.0,14.0,61.97,61.97,2018-06-21 14:00:00
2018,6.0,21.0,15.0,61.83,61.83,2018-06-21 15:00:00
2018,6.0,21.0,16.0,61.83,61.83,2018-06-21 16:00:00
2018,6.0,21.0,17.0,61.99,61.99,2018-06-21 17:00:00
2018,6.0,21.0,18.0,61.83,61.83,2018-06-21 18:00:00
2018,6.0,21.0,19.0,61.0,61.0,2018-06-21 19:00:00
2018,6.0,21.0,20.0,60.8,60.8,2018-06-21 20:00:00
2018,6.0,21.0,21.0,60.69,60.69,2018-06-21 21:00:00
2018,6.0,21.0,22.0,61.39,61.39,2018-06-21 22:00:00
2018,6.0,21.0,23.0,60.69,60.69,2018-06-21 23:00:00
2018,6.0,21.0,24.0,58.68,58.68,2018-06-22 00:00:00
2018,6.0,22.0,1.0,59.92,59.92,2018-06-22 01:00:00
2018,6.0,22.0,2.0,59.12,59.12,2018-06-22 02:00:00
2018,6.0,22.0,3.0,58.19,58.19,2018-06-22 03:00:00
2018,6.0,22.0,4.0,55.3,55.3,2018-06-22 04:00:00
2018,6.0,22.0,5.0,55.01,55.01,2018-06-22 05:00:00
2018,6.0,22.0,6.0,55.3,55.3,2018-06-22 06:00:00
2018,6.0,22.0,7.0,58.68,58.68,2018-06-22 07:00:00
2018,6.0,22.0,8.0,60.1,60.1,2018-06-22 08:00:00
2018,6.0,22.0,9.0,60.41,60.89,2018-06-22 09:00:00
2018,6.0,22.0,10.0,60.89,60.89,2018-06-22 10:00:00
2018,6.0,22.0,11.0,61.14,61.14,2018-06-22 11:00:00
2018,6.0,22.0,12.0,61.49,61.49,2018-06-22 12:00:00
2018,6.0,22.0,13.0,62.01,62.01,2018-06-22 13:00:00
2018,6.0,22.0,14.0,61.5,61.5,2018-06-22 14:00:00
2018,6.0,22.0,15.0,60.92,60.92,2018-06-22 15:00:00
2018,6.0,22.0,16.0,60.77,60.77,2018-06-22 16:00:00
2018,6.0,22.0,17.0,60.92,60.92,2018-06-22 17:00:00
2018,6.0,22.0,18.0,60.65,60.65,2018-06-22 18:00:00
2018,6.0,22.0,19.0,60.27,60.27,2018-06-22 19:00:00
2018,6.0,22.0,20.0,60.27,60.27,2018-06-22 20:00:00
2018,6.0,22.0,21.0,60.41,60.41,2018-06-22 21:00:00
2018,6.0,22.0,22.0,60.3,60.3,2018-06-22 22:00:00
2018,6.0,22.0,23.0,60.23,60.23,2018-06-22 23:00:00
2018,6.0,22.0,24.0,59.69,59.69,2018-06-23 00:00:00
2018,6.0,23.0,1.0,52.35,52.35,2018-06-23 01:00:00
2018,6.0,23.0,2.0,51.15,51.15,2018-06-23 02:00:00
2018,6.0,23.0,3.0,51.02,51.02,2018-06-23 03:00:00
2018,6.0,23.0,4.0,51.43,51.43,2018-06-23 04:00:00
2018,6.0,23.0,5.0,51.5,51.5,2018-06-23 05:00:00
2018,6.0,23.0,6.0,52.0,52.0,2018-06-23 06:00:00
2018,6.0,23.0,7.0,51.02,51.02,2018-06-23 07:00:00
2018,6.0,23.0,8.0,51.2,51.2,2018-06-23 08:00:00
2018,6.0,23.0,9.0,55.0,55.0,2018-06-23 09:00:00
2018,6.0,23.0,10.0,58.57,58.57,2018-06-23 10:00:00
2018,6.0,23.0,11.0,60.1,60.1,2018-06-23 11:00:00
2018,6.0,23.0,12.0,60.17,60.17,2018-06-23 12:00:00
2018,6.0,23.0,13.0,60.17,60.17,2018-06-23 13:00:00
2018,6.0,23.0,14.0,60.4,60.4,2018-06-23 14:00:00
2018,6.0,23.0,15.0,60.1,60.1,2018-06-23 15:00:00
2018,6.0,23.0,16.0,60.1,60.1,2018-06-23 16:00:00
2018,6.0,23.0,17.0,59.19,59.19,2018-06-23 17:00:00
2018,6.0,23.0,18.0,59.09,59.09,2018-06-23 18:00:00
2018,6.0,23.0,19.0,59.19,59.19,2018-06-23 19:00:00
2018,6.0,23.0,20.0,59.69,59.69,2018-06-23 20:00:00
2018,6.0,23.0,21.0,59.09,59.09,2018-06-23 21:00:00
2018,6.0,23.0,22.0,59.98,59.98,2018-06-23 22:00:00
2018,6.0,23.0,23.0,60.1,60.1,2018-06-23 23:00:00
2018,6.0,23.0,24.0,59.03,59.03,2018-06-24 00:00:00
2018,6.0,24.0,1.0,60.17,60.17,2018-06-24 01:00:00
2018,6.0,24.0,2.0,60.0,60.0,2018-06-24 02:00:00
2018,6.0,24.0,3.0,59.12,59.12,2018-06-24 03:00:00
2018,6.0,24.0,4.0,58.68,58.68,2018-06-24 04:00:00
2018,6.0,24.0,5.0,58.68,58.68,2018-06-24 05:00:00
2018,6.0,24.0,6.0,59.09,59.09,2018-06-24 06:00:00
2018,6.0,24.0,7.0,58.68,58.68,2018-06-24 07:00:00
2018,6.0,24.0,8.0,56.0,56.0,2018-06-24 08:00:00
2018,6.0,24.0,9.0,58.18,58.18,2018-06-24 09:00:00
2018,6.0,24.0,10.0,58.68,58.68,2018-06-24 10:00:00
2018,6.0,24.0,11.0,59.19,59.19,2018-06-24 11:00:00
2018,6.0,24.0,12.0,59.09,59.09,2018-06-24 12:00:00
2018,6.0,24.0,13.0,59.69,59.69,2018-06-24 13:00:00
2018,6.0,24.0,14.0,60.1,60.1,2018-06-24 14:00:00
2018,6.0,24.0,15.0,60.1,60.1,2018-06-24 15:00:00
2018,6.0,24.0,16.0,59.96,59.96,2018-06-24 16:00:00
2018,6.0,24.0,17.0,59.19,59.19,2018-06-24 17:00:00
2018,6.0,24.0,18.0,58.45,58.45,2018-06-24 18:00:00
2018,6.0,24.0,19.0,58.43,58.43,2018-06-24 19:00:00
2018,6.0,24.0,20.0,58.99,58.99,2018-06-24 20:00:00
2018,6.0,24.0,21.0,60.09,60.09,2018-06-24 21:00:00
2018,6.0,24.0,22.0,60.41,60.41,2018-06-24 22:00:00
2018,6.0,24.0,23.0,61.14,61.14,2018-06-24 23:00:00
2018,6.0,24.0,24.0,60.41,60.41,2018-06-25 00:00:00
2018,6.0,25.0,1.0,60.89,60.89,2018-06-25 01:00:00
2018,6.0,25.0,2.0,59.46,59.46,2018-06-25 02:00:00
2018,6.0,25.0,3.0,56.4,56.4,2018-06-25 03:00:00
2018,6.0,25.0,4.0,53.0,53.0,2018-06-25 04:00:00
2018,6.0,25.0,5.0,52.87,52.87,2018-06-25 05:00:00
2018,6.0,25.0,6.0,54.9,54.9,2018-06-25 06:00:00
2018,6.0,25.0,7.0,58.89,58.89,2018-06-25 07:00:00
2018,6.0,25.0,8.0,61.68,61.68,2018-06-25 08:00:00
2018,6.0,25.0,9.0,63.43,63.43,2018-06-25 09:00:00
2018,6.0,25.0,10.0,64.36,64.36,2018-06-25 10:00:00
2018,6.0,25.0,11.0,64.24,64.24,2018-06-25 11:00:00
2018,6.0,25.0,12.0,63.94,63.94,2018-06-25 12:00:00
2018,6.0,25.0,13.0,64.36,64.36,2018-06-25 13:00:00
2018,6.0,25.0,14.0,64.36,64.36,2018-06-25 14:00:00
2018,6.0,25.0,15.0,64.01,64.01,2018-06-25 15:00:00
2018,6.0,25.0,16.0,63.9,63.9,2018-06-25 16:00:00
2018,6.0,25.0,17.0,63.8,63.8,2018-06-25 17:00:00
2018,6.0,25.0,18.0,63.68,63.68,2018-06-25 18:00:00
2018,6.0,25.0,19.0,63.17,63.17,2018-06-25 19:00:00
2018,6.0,25.0,20.0,63.05,63.05,2018-06-25 20:00:00
2018,6.0,25.0,21.0,63.05,63.05,2018-06-25 21:00:00
2018,6.0,25.0,22.0,63.36,63.36,2018-06-25 22:00:00
2018,6.0,25.0,23.0,62.93,62.93,2018-06-25 23:00:00
2018,6.0,25.0,24.0,62.45,62.45,2018-06-26 00:00:00
2018,6.0,26.0,1.0,62.9,62.9,2018-06-26 01:00:00
2018,6.0,26.0,2.0,61.3,61.3,2018-06-26 02:00:00
2018,6.0,26.0,3.0,60.17,60.17,2018-06-26 03:00:00
2018,6.0,26.0,4.0,59.89,59.89,2018-06-26 04:00:00
2018,6.0,26.0,5.0,60.17,60.17,2018-06-26 05:00:00
2018,6.0,26.0,6.0,61.02,61.02,2018-06-26 06:00:00
2018,6.0,26.0,7.0,61.24,61.24,2018-06-26 07:00:00
2018,6.0,26.0,8.0,63.17,63.17,2018-06-26 08:00:00
2018,6.0,26.0,9.0,63.69,63.69,2018-06-26 09:00:00
2018,6.0,26.0,10.0,64.17,64.17,2018-06-26 10:00:00
2018,6.0,26.0,11.0,63.87,63.87,2018-06-26 11:00:00
2018,6.0,26.0,12.0,63.87,63.87,2018-06-26 12:00:00
2018,6.0,26.0,13.0,64.2,64.2,2018-06-26 13:00:00
2018,6.0,26.0,14.0,64.1,64.1,2018-06-26 14:00:00
2018,6.0,26.0,15.0,63.87,63.87,2018-06-26 15:00:00
2018,6.0,26.0,16.0,63.45,63.45,2018-06-26 16:00:00
2018,6.0,26.0,17.0,63.02,63.02,2018-06-26 17:00:00
2018,6.0,26.0,18.0,62.99,62.99,2018-06-26 18:00:00
2018,6.0,26.0,19.0,62.66,62.66,2018-06-26 19:00:00
2018,6.0,26.0,20.0,62.59,62.59,2018-06-26 20:00:00
2018,6.0,26.0,21.0,63.17,63.17,2018-06-26 21:00:00
2018,6.0,26.0,22.0,63.87,63.87,2018-06-26 22:00:00
2018,6.0,26.0,23.0,63.68,63.68,2018-06-26 23:00:00
2018,6.0,26.0,24.0,61.14,61.14,2018-06-27 00:00:00
2018,6.0,27.0,1.0,62.32,62.32,2018-06-27 01:00:00
2018,6.0,27.0,2.0,61.33,61.33,2018-06-27 02:00:00
2018,6.0,27.0,3.0,60.89,60.89,2018-06-27 03:00:00
2018,6.0,27.0,4.0,60.17,60.17,2018-06-27 04:00:00
2018,6.0,27.0,5.0,60.17,60.17,2018-06-27 05:00:00
2018,6.0,27.0,6.0,60.96,60.96,2018-06-27 06:00:00
2018,6.0,27.0,7.0,60.96,60.96,2018-06-27 07:00:00
2018,6.0,27.0,8.0,62.41,62.41,2018-06-27 08:00:00
2018,6.0,27.0,9.0,63.45,63.45,2018-06-27 09:00:00
2018,6.0,27.0,10.0,63.45,63.45,2018-06-27 10:00:00
2018,6.0,27.0,11.0,63.49,63.49,2018-06-27 11:00:00
2018,6.0,27.0,12.0,63.75,63.75,2018-06-27 12:00:00
2018,6.0,27.0,13.0,64.3,64.3,2018-06-27 13:00:00
2018,6.0,27.0,14.0,64.24,64.24,2018-06-27 14:00:00
2018,6.0,27.0,15.0,63.8,63.8,2018-06-27 15:00:00
2018,6.0,27.0,16.0,63.49,63.49,2018-06-27 16:00:00
2018,6.0,27.0,17.0,63.6,63.6,2018-06-27 17:00:00
2018,6.0,27.0,18.0,63.49,63.49,2018-06-27 18:00:00
2018,6.0,27.0,19.0,63.01,63.01,2018-06-27 19:00:00
2018,6.0,27.0,20.0,63.01,63.01,2018-06-27 20:00:00
2018,6.0,27.0,21.0,62.62,62.62,2018-06-27 21:00:00
2018,6.0,27.0,22.0,62.45,62.45,2018-06-27 22:00:00
2018,6.0,27.0,23.0,63.11,63.11,2018-06-27 23:00:00
2018,6.0,27.0,24.0,61.0,61.0,2018-06-28 00:00:00
2018,6.0,28.0,1.0,61.42,61.42,2018-06-28 01:00:00
2018,6.0,28.0,2.0,60.17,60.17,2018-06-28 02:00:00
2018,6.0,28.0,3.0,59.73,59.73,2018-06-28 03:00:00
2018,6.0,28.0,4.0,58.49,58.49,2018-06-28 04:00:00
2018,6.0,28.0,5.0,58.18,58.18,2018-06-28 05:00:00
2018,6.0,28.0,6.0,58.68,58.68,2018-06-28 06:00:00
2018,6.0,28.0,7.0,59.19,59.19,2018-06-28 07:00:00
2018,6.0,28.0,8.0,60.0,60.0,2018-06-28 08:00:00
2018,6.0,28.0,9.0,62.32,62.32,2018-06-28 09:00:00
2018,6.0,28.0,10.0,63.17,63.17,2018-06-28 10:00:00
2018,6.0,28.0,11.0,63.36,63.36,2018-06-28 11:00:00
2018,6.0,28.0,12.0,63.5,63.5,2018-06-28 12:00:00
2018,6.0,28.0,13.0,63.9,63.9,2018-06-28 13:00:00
2018,6.0,28.0,14.0,63.5,63.5,2018-06-28 14:00:00
2018,6.0,28.0,15.0,63.29,63.29,2018-06-28 15:00:00
2018,6.0,28.0,16.0,63.17,63.17,2018-06-28 16:00:00
2018,6.0,28.0,17.0,63.17,63.17,2018-06-28 17:00:00
2018,6.0,28.0,18.0,63.09,63.09,2018-06-28 18:00:00
2018,6.0,28.0,19.0,62.8,62.8,2018-06-28 19:00:00
2018,6.0,28.0,20.0,62.3,62.3,2018-06-28 20:00:00
2018,6.0,28.0,21.0,62.01,62.01,2018-06-28 21:00:00
2018,6.0,28.0,22.0,62.93,62.93,2018-06-28 22:00:00
2018,6.0,28.0,23.0,62.99,62.99,2018-06-28 23:00:00
2018,6.0,28.0,24.0,61.14,61.14,2018-06-29 00:00:00
2018,6.0,29.0,1.0,61.89,61.89,2018-06-29 01:00:00
2018,6.0,29.0,2.0,60.43,60.43,2018-06-29 02:00:00
2018,6.0,29.0,3.0,59.98,59.98,2018-06-29 03:00:00
2018,6.0,29.0,4.0,59.18,59.18,2018-06-29 04:00:00
2018,6.0,29.0,5.0,59.01,59.01,2018-06-29 05:00:00
2018,6.0,29.0,6.0,60.13,60.13,2018-06-29 06:00:00
2018,6.0,29.0,7.0,61.14,61.14,2018-06-29 07:00:00
2018,6.0,29.0,8.0,61.76,61.76,2018-06-29 08:00:00
2018,6.0,29.0,9.0,63.17,63.17,2018-06-29 09:00:00
2018,6.0,29.0,10.0,63.17,63.17,2018-06-29 10:00:00
2018,6.0,29.0,11.0,63.19,63.19,2018-06-29 11:00:00
2018,6.0,29.0,12.0,63.17,63.17,2018-06-29 12:00:00
2018,6.0,29.0,13.0,63.19,63.19,2018-06-29 13:00:00
2018,6.0,29.0,14.0,63.17,63.17,2018-06-29 14:00:00
2018,6.0,29.0,15.0,62.64,62.64,2018-06-29 15:00:00
2018,6.0,29.0,16.0,62.01,62.01,2018-06-29 16:00:00
2018,6.0,29.0,17.0,62.01,62.01,2018-06-29 17:00:00
2018,6.0,29.0,18.0,62.01,62.01,2018-06-29 18:00:00
2018,6.0,29.0,19.0,62.0,62.0,2018-06-29 19:00:00
2018,6.0,29.0,20.0,61.14,61.14,2018-06-29 20:00:00
2018,6.0,29.0,21.0,61.89,61.89,2018-06-29 21:00:00
2018,6.0,29.0,22.0,62.0,62.0,2018-06-29 22:00:00
2018,6.0,29.0,23.0,62.52,62.52,2018-06-29 23:00:00
2018,6.0,29.0,24.0,61.89,61.89,2018-06-30 00:00:00
2018,6.0,30.0,1.0,62.81,62.81,2018-06-30 01:00:00
2018,6.0,30.0,2.0,61.69,61.69,2018-06-30 02:00:00
2018,6.0,30.0,3.0,60.89,60.89,2018-06-30 03:00:00
2018,6.0,30.0,4.0,60.43,60.43,2018-06-30 04:00:00
2018,6.0,30.0,5.0,59.19,59.19,2018-06-30 05:00:00
2018,6.0,30.0,6.0,58.68,58.68,2018-06-30 06:00:00
2018,6.0,30.0,7.0,57.89,57.89,2018-06-30 07:00:00
2018,6.0,30.0,8.0,56.82,56.82,2018-06-30 08:00:00
2018,6.0,30.0,9.0,56.69,56.69,2018-06-30 09:00:00
2018,6.0,30.0,10.0,57.89,57.89,2018-06-30 10:00:00
2018,6.0,30.0,11.0,57.89,57.89,2018-06-30 11:00:00
2018,6.0,30.0,12.0,57.89,57.89,2018-06-30 12:00:00
2018,6.0,30.0,13.0,58.0,58.0,2018-06-30 13:00:00
2018,6.0,30.0,14.0,57.89,57.89,2018-06-30 14:00:00
2018,6.0,30.0,15.0,57.89,57.89,2018-06-30 15:00:00
2018,6.0,30.0,16.0,55.58,55.58,2018-06-30 16:00:00
2018,6.0,30.0,17.0,54.15,54.15,2018-06-30 17:00:00
2018,6.0,30.0,18.0,54.5,54.5,2018-06-30 18:00:00
2018,6.0,30.0,19.0,56.96,56.96,2018-06-30 19:00:00
2018,6.0,30.0,20.0,58.34,58.34,2018-06-30 20:00:00
2018,6.0,30.0,21.0,61.01,61.01,2018-06-30 21:00:00
2018,6.0,30.0,22.0,61.89,61.89,2018-06-30 22:00:00
2018,6.0,30.0,23.0,62.64,62.64,2018-06-30 23:00:00
2018,6.0,30.0,24.0,62.96,62.96,2018-07-01 00:00:00
2018,7.0,1.0,1.0,62.0,62.0,2018-07-01 01:00:00
2018,7.0,1.0,2.0,61.14,61.14,2018-07-01 02:00:00
2018,7.0,1.0,3.0,60.89,60.89,2018-07-01 03:00:00
2018,7.0,1.0,4.0,58.68,58.68,2018-07-01 04:00:00
2018,7.0,1.0,5.0,58.43,58.43,2018-07-01 05:00:00
2018,7.0,1.0,6.0,58.34,58.34,2018-07-01 06:00:00
2018,7.0,1.0,7.0,56.69,56.69,2018-07-01 07:00:00
2018,7.0,1.0,8.0,52.99,52.99,2018-07-01 08:00:00
2018,7.0,1.0,9.0,52.99,52.99,2018-07-01 09:00:00
2018,7.0,1.0,10.0,55.19,55.19,2018-07-01 10:00:00
2018,7.0,1.0,11.0,55.19,55.19,2018-07-01 11:00:00
2018,7.0,1.0,12.0,55.67,55.67,2018-07-01 12:00:00
2018,7.0,1.0,13.0,55.19,55.19,2018-07-01 13:00:00
2018,7.0,1.0,14.0,55.0,55.0,2018-07-01 14:00:00
2018,7.0,1.0,15.0,55.0,55.0,2018-07-01 15:00:00
2018,7.0,1.0,16.0,51.33,51.33,2018-07-01 16:00:00
2018,7.0,1.0,17.0,50.19,50.19,2018-07-01 17:00:00
2018,7.0,1.0,18.0,50.15,50.15,2018-07-01 18:00:00
2018,7.0,1.0,19.0,50.25,50.25,2018-07-01 19:00:00
2018,7.0,1.0,20.0,52.09,52.09,2018-07-01 20:00:00
2018,7.0,1.0,21.0,55.75,55.75,2018-07-01 21:00:00
2018,7.0,1.0,22.0,61.14,61.14,2018-07-01 22:00:00
2018,7.0,1.0,23.0,63.19,63.19,2018-07-01 23:00:00
2018,7.0,1.0,24.0,62.78,62.78,2018-07-02 00:00:00
2018,7.0,2.0,1.0,58.69,58.69,2018-07-02 01:00:00
2018,7.0,2.0,2.0,54.41,54.41,2018-07-02 02:00:00
2018,7.0,2.0,3.0,52.09,52.09,2018-07-02 03:00:00
2018,7.0,2.0,4.0,52.08,52.08,2018-07-02 04:00:00
2018,7.0,2.0,5.0,52.09,52.09,2018-07-02 05:00:00
2018,7.0,2.0,6.0,54.41,54.41,2018-07-02 06:00:00
2018,7.0,2.0,7.0,59.16,59.16,2018-07-02 07:00:00
2018,7.0,2.0,8.0,59.41,59.41,2018-07-02 08:00:00
2018,7.0,2.0,9.0,60.69,62.16,2018-07-02 09:00:00
2018,7.0,2.0,10.0,62.45,63.17,2018-07-02 10:00:00
2018,7.0,2.0,11.0,62.32,63.97,2018-07-02 11:00:00
2018,7.0,2.0,12.0,62.41,63.95,2018-07-02 12:00:00
2018,7.0,2.0,13.0,62.78,64.97,2018-07-02 13:00:00
2018,7.0,2.0,14.0,61.9,64.97,2018-07-02 14:00:00
2018,7.0,2.0,15.0,62.01,63.8,2018-07-02 15:00:00
2018,7.0,2.0,16.0,62.01,63.17,2018-07-02 16:00:00
2018,7.0,2.0,17.0,61.9,62.64,2018-07-02 17:00:00
2018,7.0,2.0,18.0,62.19,62.64,2018-07-02 18:00:00
2018,7.0,2.0,19.0,62.36,62.47,2018-07-02 19:00:00
2018,7.0,2.0,20.0,62.19,62.47,2018-07-02 20:00:00
2018,7.0,2.0,21.0,62.01,62.8,2018-07-02 21:00:00
2018,7.0,2.0,22.0,61.12,63.9,2018-07-02 22:00:00
2018,7.0,2.0,23.0,62.45,63.0,2018-07-02 23:00:00
2018,7.0,2.0,24.0,62.41,62.41,2018-07-03 00:00:00
2018,7.0,3.0,1.0,61.14,61.14,2018-07-03 01:00:00
2018,7.0,3.0,2.0,59.19,59.19,2018-07-03 02:00:00
2018,7.0,3.0,3.0,57.89,57.89,2018-07-03 03:00:00
2018,7.0,3.0,4.0,56.25,56.25,2018-07-03 04:00:00
2018,7.0,3.0,5.0,56.0,56.0,2018-07-03 05:00:00
2018,7.0,3.0,6.0,58.0,58.0,2018-07-03 06:00:00
2018,7.0,3.0,7.0,59.19,59.19,2018-07-03 07:00:00
2018,7.0,3.0,8.0,59.01,59.01,2018-07-03 08:00:00
2018,7.0,3.0,9.0,61.89,61.89,2018-07-03 09:00:00
2018,7.0,3.0,10.0,63.0,63.0,2018-07-03 10:00:00
2018,7.0,3.0,11.0,62.96,62.96,2018-07-03 11:00:00
2018,7.0,3.0,12.0,63.01,63.01,2018-07-03 12:00:00
2018,7.0,3.0,13.0,62.78,62.78,2018-07-03 13:00:00
2018,7.0,3.0,14.0,62.52,62.52,2018-07-03 14:00:00
2018,7.0,3.0,15.0,62.01,62.01,2018-07-03 15:00:00
2018,7.0,3.0,16.0,61.89,61.89,2018-07-03 16:00:00
2018,7.0,3.0,17.0,61.96,61.96,2018-07-03 17:00:00
2018,7.0,3.0,18.0,62.0,62.0,2018-07-03 18:00:00
2018,7.0,3.0,19.0,63.17,63.17,2018-07-03 19:00:00
2018,7.0,3.0,20.0,62.93,62.93,2018-07-03 20:00:00
2018,7.0,3.0,21.0,63.03,63.03,2018-07-03 21:00:00
2018,7.0,3.0,22.0,62.69,62.69,2018-07-03 22:00:00
2018,7.0,3.0,23.0,63.87,65.0,2018-07-03 23:00:00
2018,7.0,3.0,24.0,61.45,61.45,2018-07-04 00:00:00
2018,7.0,4.0,1.0,61.4,61.4,2018-07-04 01:00:00
2018,7.0,4.0,2.0,59.19,59.19,2018-07-04 02:00:00
2018,7.0,4.0,3.0,59.09,59.09,2018-07-04 03:00:00
2018,7.0,4.0,4.0,59.19,59.19,2018-07-04 04:00:00
2018,7.0,4.0,5.0,59.19,59.19,2018-07-04 05:00:00
2018,7.0,4.0,6.0,60.0,60.0,2018-07-04 06:00:00
2018,7.0,4.0,7.0,60.15,60.15,2018-07-04 07:00:00
2018,7.0,4.0,8.0,59.98,59.98,2018-07-04 08:00:00
2018,7.0,4.0,9.0,62.19,62.64,2018-07-04 09:00:00
2018,7.0,4.0,10.0,63.12,66.03,2018-07-04 10:00:00
2018,7.0,4.0,11.0,63.3,63.3,2018-07-04 11:00:00
2018,7.0,4.0,12.0,63.49,63.49,2018-07-04 12:00:00
2018,7.0,4.0,13.0,62.83,62.83,2018-07-04 13:00:00
2018,7.0,4.0,14.0,62.5,62.5,2018-07-04 14:00:00
2018,7.0,4.0,15.0,62.01,62.01,2018-07-04 15:00:00
2018,7.0,4.0,16.0,61.14,61.14,2018-07-04 16:00:00
2018,7.0,4.0,17.0,60.5,60.5,2018-07-04 17:00:00
2018,7.0,4.0,18.0,60.83,60.83,2018-07-04 18:00:00
2018,7.0,4.0,19.0,60.83,60.83,2018-07-04 19:00:00
2018,7.0,4.0,20.0,60.38,60.38,2018-07-04 20:00:00
2018,7.0,4.0,21.0,59.93,59.93,2018-07-04 21:00:00
2018,7.0,4.0,22.0,58.59,58.59,2018-07-04 22:00:00
2018,7.0,4.0,23.0,62.01,62.01,2018-07-04 23:00:00
2018,7.0,4.0,24.0,58.68,58.68,2018-07-05 00:00:00
2018,7.0,5.0,1.0,56.88,56.88,2018-07-05 01:00:00
2018,7.0,5.0,2.0,52.09,52.09,2018-07-05 02:00:00
2018,7.0,5.0,3.0,51.75,51.75,2018-07-05 03:00:00
2018,7.0,5.0,4.0,51.79,51.79,2018-07-05 04:00:00
2018,7.0,5.0,5.0,51.63,51.63,2018-07-05 05:00:00
2018,7.0,5.0,6.0,52.34,52.34,2018-07-05 06:00:00
2018,7.0,5.0,7.0,55.35,55.35,2018-07-05 07:00:00
2018,7.0,5.0,8.0,57.71,57.71,2018-07-05 08:00:00
2018,7.0,5.0,9.0,61.21,61.21,2018-07-05 09:00:00
2018,7.0,5.0,10.0,61.21,61.21,2018-07-05 10:00:00
2018,7.0,5.0,11.0,61.85,61.85,2018-07-05 11:00:00
2018,7.0,5.0,12.0,62.09,62.09,2018-07-05 12:00:00
2018,7.0,5.0,13.0,61.89,61.89,2018-07-05 13:00:00
2018,7.0,5.0,14.0,62.01,62.01,2018-07-05 14:00:00
2018,7.0,5.0,15.0,62.19,62.19,2018-07-05 15:00:00
2018,7.0,5.0,16.0,62.64,62.64,2018-07-05 16:00:00
2018,7.0,5.0,17.0,62.19,62.19,2018-07-05 17:00:00
2018,7.0,5.0,18.0,62.12,62.12,2018-07-05 18:00:00
2018,7.0,5.0,19.0,61.99,61.99,2018-07-05 19:00:00
2018,7.0,5.0,20.0,61.75,61.75,2018-07-05 20:00:00
2018,7.0,5.0,21.0,61.4,61.4,2018-07-05 21:00:00
2018,7.0,5.0,22.0,61.79,61.79,2018-07-05 22:00:00
2018,7.0,5.0,23.0,61.86,61.89,2018-07-05 23:00:00
2018,7.0,5.0,24.0,61.85,61.85,2018-07-06 00:00:00
2018,7.0,6.0,1.0,61.03,61.03,2018-07-06 01:00:00
2018,7.0,6.0,2.0,58.01,58.01,2018-07-06 02:00:00
2018,7.0,6.0,3.0,56.08,56.08,2018-07-06 03:00:00
2018,7.0,6.0,4.0,55.0,55.0,2018-07-06 04:00:00
2018,7.0,6.0,5.0,54.43,54.43,2018-07-06 05:00:00
2018,7.0,6.0,6.0,56.9,56.9,2018-07-06 06:00:00
2018,7.0,6.0,7.0,60.15,60.15,2018-07-06 07:00:00
2018,7.0,6.0,8.0,59.4,59.4,2018-07-06 08:00:00
2018,7.0,6.0,9.0,61.4,61.4,2018-07-06 09:00:00
2018,7.0,6.0,10.0,62.0,62.0,2018-07-06 10:00:00
2018,7.0,6.0,11.0,62.0,62.0,2018-07-06 11:00:00
2018,7.0,6.0,12.0,62.41,62.41,2018-07-06 12:00:00
2018,7.0,6.0,13.0,63.01,63.01,2018-07-06 13:00:00
2018,7.0,6.0,14.0,63.09,63.09,2018-07-06 14:00:00
2018,7.0,6.0,15.0,62.64,62.64,2018-07-06 15:00:00
2018,7.0,6.0,16.0,62.18,62.18,2018-07-06 16:00:00
2018,7.0,6.0,17.0,61.9,61.9,2018-07-06 17:00:00
2018,7.0,6.0,18.0,61.7,61.7,2018-07-06 18:00:00
2018,7.0,6.0,19.0,61.4,61.4,2018-07-06 19:00:00
2018,7.0,6.0,20.0,61.25,61.25,2018-07-06 20:00:00
2018,7.0,6.0,21.0,61.86,61.86,2018-07-06 21:00:00
2018,7.0,6.0,22.0,62.0,62.0,2018-07-06 22:00:00
2018,7.0,6.0,23.0,61.4,61.4,2018-07-06 23:00:00
2018,7.0,6.0,24.0,60.55,60.55,2018-07-07 00:00:00
2018,7.0,7.0,1.0,61.81,61.81,2018-07-07 01:00:00
2018,7.0,7.0,2.0,60.55,60.55,2018-07-07 02:00:00
2018,7.0,7.0,3.0,61.21,61.21,2018-07-07 03:00:00
2018,7.0,7.0,4.0,61.14,61.14,2018-07-07 04:00:00
2018,7.0,7.0,5.0,61.1,61.1,2018-07-07 05:00:00
2018,7.0,7.0,6.0,61.14,61.14,2018-07-07 06:00:00
2018,7.0,7.0,7.0,60.55,60.55,2018-07-07 07:00:00
2018,7.0,7.0,8.0,60.0,60.0,2018-07-07 08:00:00
2018,7.0,7.0,9.0,60.02,60.02,2018-07-07 09:00:00
2018,7.0,7.0,10.0,61.1,61.1,2018-07-07 10:00:00
2018,7.0,7.0,11.0,61.21,61.21,2018-07-07 11:00:00
2018,7.0,7.0,12.0,61.14,61.14,2018-07-07 12:00:00
2018,7.0,7.0,13.0,61.1,61.1,2018-07-07 13:00:00
2018,7.0,7.0,14.0,61.21,61.21,2018-07-07 14:00:00
2018,7.0,7.0,15.0,61.12,61.12,2018-07-07 15:00:00
2018,7.0,7.0,16.0,60.5,60.5,2018-07-07 16:00:00
2018,7.0,7.0,17.0,60.0,60.0,2018-07-07 17:00:00
2018,7.0,7.0,18.0,59.51,59.51,2018-07-07 18:00:00
2018,7.0,7.0,19.0,59.51,59.51,2018-07-07 19:00:00
2018,7.0,7.0,20.0,59.51,59.51,2018-07-07 20:00:00
2018,7.0,7.0,21.0,60.22,60.22,2018-07-07 21:00:00
2018,7.0,7.0,22.0,61.14,61.14,2018-07-07 22:00:00
2018,7.0,7.0,23.0,61.4,61.4,2018-07-07 23:00:00
2018,7.0,7.0,24.0,60.29,60.29,2018-07-08 00:00:00
2018,7.0,8.0,1.0,58.68,58.68,2018-07-08 01:00:00
2018,7.0,8.0,2.0,56.93,56.93,2018-07-08 02:00:00
2018,7.0,8.0,3.0,55.06,55.06,2018-07-08 03:00:00
2018,7.0,8.0,4.0,52.41,52.41,2018-07-08 04:00:00
2018,7.0,8.0,5.0,52.0,52.0,2018-07-08 05:00:00
2018,7.0,8.0,6.0,52.0,52.0,2018-07-08 06:00:00
2018,7.0,8.0,7.0,52.02,52.02,2018-07-08 07:00:00
2018,7.0,8.0,8.0,51.17,51.17,2018-07-08 08:00:00
2018,7.0,8.0,9.0,52.27,52.27,2018-07-08 09:00:00
2018,7.0,8.0,10.0,53.58,53.58,2018-07-08 10:00:00
2018,7.0,8.0,11.0,57.6,57.6,2018-07-08 11:00:00
2018,7.0,8.0,12.0,60.07,60.07,2018-07-08 12:00:00
2018,7.0,8.0,13.0,60.95,60.95,2018-07-08 13:00:00
2018,7.0,8.0,14.0,60.97,60.97,2018-07-08 14:00:00
2018,7.0,8.0,15.0,61.14,61.14,2018-07-08 15:00:00
2018,7.0,8.0,16.0,60.95,60.95,2018-07-08 16:00:00
2018,7.0,8.0,17.0,60.15,60.15,2018-07-08 17:00:00
2018,7.0,8.0,18.0,60.95,60.95,2018-07-08 18:00:00
2018,7.0,8.0,19.0,60.0,60.0,2018-07-08 19:00:00
2018,7.0,8.0,20.0,60.03,60.03,2018-07-08 20:00:00
2018,7.0,8.0,21.0,57.6,57.6,2018-07-08 21:00:00
2018,7.0,8.0,22.0,61.4,61.4,2018-07-08 22:00:00
2018,7.0,8.0,23.0,62.27,62.27,2018-07-08 23:00:00
2018,7.0,8.0,24.0,61.4,61.4,2018-07-09 00:00:00
2018,7.0,9.0,1.0,61.4,61.4,2018-07-09 01:00:00
2018,7.0,9.0,2.0,58.15,58.15,2018-07-09 02:00:00
2018,7.0,9.0,3.0,53.27,53.27,2018-07-09 03:00:00
2018,7.0,9.0,4.0,52.05,52.05,2018-07-09 04:00:00
2018,7.0,9.0,5.0,51.98,51.98,2018-07-09 05:00:00
2018,7.0,9.0,6.0,52.26,52.26,2018-07-09 06:00:00
2018,7.0,9.0,7.0,58.18,58.18,2018-07-09 07:00:00
2018,7.0,9.0,8.0,61.55,61.55,2018-07-09 08:00:00
2018,7.0,9.0,9.0,62.89,62.89,2018-07-09 09:00:00
2018,7.0,9.0,10.0,63.17,63.17,2018-07-09 10:00:00
2018,7.0,9.0,11.0,63.91,63.91,2018-07-09 11:00:00
2018,7.0,9.0,12.0,64.5,64.5,2018-07-09 12:00:00
2018,7.0,9.0,13.0,64.86,64.86,2018-07-09 13:00:00
2018,7.0,9.0,14.0,64.95,64.95,2018-07-09 14:00:00
2018,7.0,9.0,15.0,64.75,64.75,2018-07-09 15:00:00
2018,7.0,9.0,16.0,64.1,64.1,2018-07-09 16:00:00
2018,7.0,9.0,17.0,63.91,63.91,2018-07-09 17:00:00
2018,7.0,9.0,18.0,63.67,63.67,2018-07-09 18:00:00
2018,7.0,9.0,19.0,63.01,63.01,2018-07-09 19:00:00
2018,7.0,9.0,20.0,62.64,62.64,2018-07-09 20:00:00
2018,7.0,9.0,21.0,62.41,62.41,2018-07-09 21:00:00
2018,7.0,9.0,22.0,62.97,62.97,2018-07-09 22:00:00
2018,7.0,9.0,23.0,63.17,63.17,2018-07-09 23:00:00
2018,7.0,9.0,24.0,61.86,61.86,2018-07-10 00:00:00
2018,7.0,10.0,1.0,61.14,61.14,2018-07-10 01:00:00
2018,7.0,10.0,2.0,56.9,56.9,2018-07-10 02:00:00
2018,7.0,10.0,3.0,54.18,54.18,2018-07-10 03:00:00
2018,7.0,10.0,4.0,52.74,52.74,2018-07-10 04:00:00
2018,7.0,10.0,5.0,52.3,52.3,2018-07-10 05:00:00
2018,7.0,10.0,6.0,53.26,53.26,2018-07-10 06:00:00
2018,7.0,10.0,7.0,57.93,57.93,2018-07-10 07:00:00
2018,7.0,10.0,8.0,60.69,60.69,2018-07-10 08:00:00
2018,7.0,10.0,9.0,62.0,62.0,2018-07-10 09:00:00
2018,7.0,10.0,10.0,63.17,63.17,2018-07-10 10:00:00
2018,7.0,10.0,11.0,63.17,63.17,2018-07-10 11:00:00
2018,7.0,10.0,12.0,63.57,63.57,2018-07-10 12:00:00
2018,7.0,10.0,13.0,64.09,64.09,2018-07-10 13:00:00
2018,7.0,10.0,14.0,64.71,64.71,2018-07-10 14:00:00
2018,7.0,10.0,15.0,64.02,64.02,2018-07-10 15:00:00
2018,7.0,10.0,16.0,63.8,63.8,2018-07-10 16:00:00
2018,7.0,10.0,17.0,63.53,63.53,2018-07-10 17:00:00
2018,7.0,10.0,18.0,63.17,63.17,2018-07-10 18:00:00
2018,7.0,10.0,19.0,62.24,62.24,2018-07-10 19:00:00
2018,7.0,10.0,20.0,61.76,61.76,2018-07-10 20:00:00
2018,7.0,10.0,21.0,61.89,61.89,2018-07-10 21:00:00
2018,7.0,10.0,22.0,62.64,62.64,2018-07-10 22:00:00
2018,7.0,10.0,23.0,62.49,62.49,2018-07-10 23:00:00
2018,7.0,10.0,24.0,61.14,61.14,2018-07-11 00:00:00
2018,7.0,11.0,1.0,61.0,61.0,2018-07-11 01:00:00
2018,7.0,11.0,2.0,54.44,54.44,2018-07-11 02:00:00
2018,7.0,11.0,3.0,52.31,52.31,2018-07-11 03:00:00
2018,7.0,11.0,4.0,51.79,51.79,2018-07-11 04:00:00
2018,7.0,11.0,5.0,51.66,51.66,2018-07-11 05:00:00
2018,7.0,11.0,6.0,51.91,51.91,2018-07-11 06:00:00
2018,7.0,11.0,7.0,56.83,56.83,2018-07-11 07:00:00
2018,7.0,11.0,8.0,61.14,61.14,2018-07-11 08:00:00
2018,7.0,11.0,9.0,63.17,63.17,2018-07-11 09:00:00
2018,7.0,11.0,10.0,63.91,63.91,2018-07-11 10:00:00
2018,7.0,11.0,11.0,63.8,63.8,2018-07-11 11:00:00
2018,7.0,11.0,12.0,64.03,64.03,2018-07-11 12:00:00
2018,7.0,11.0,13.0,65.5,65.5,2018-07-11 13:00:00
2018,7.0,11.0,14.0,65.73,65.73,2018-07-11 14:00:00
2018,7.0,11.0,15.0,65.01,65.01,2018-07-11 15:00:00
2018,7.0,11.0,16.0,64.02,64.02,2018-07-11 16:00:00
2018,7.0,11.0,17.0,63.67,63.67,2018-07-11 17:00:00
2018,7.0,11.0,18.0,63.01,63.01,2018-07-11 18:00:00
2018,7.0,11.0,19.0,62.46,62.46,2018-07-11 19:00:00
2018,7.0,11.0,20.0,61.9,61.9,2018-07-11 20:00:00
2018,7.0,11.0,21.0,62.49,62.49,2018-07-11 21:00:00
2018,7.0,11.0,22.0,63.49,63.49,2018-07-11 22:00:00
2018,7.0,11.0,23.0,63.49,63.49,2018-07-11 23:00:00
2018,7.0,11.0,24.0,61.89,61.89,2018-07-12 00:00:00
2018,7.0,12.0,1.0,62.0,62.0,2018-07-12 01:00:00
2018,7.0,12.0,2.0,61.14,61.14,2018-07-12 02:00:00
2018,7.0,12.0,3.0,58.0,58.0,2018-07-12 03:00:00
2018,7.0,12.0,4.0,57.0,57.0,2018-07-12 04:00:00
2018,7.0,12.0,5.0,56.95,56.95,2018-07-12 05:00:00
2018,7.0,12.0,6.0,57.93,57.93,2018-07-12 06:00:00
2018,7.0,12.0,7.0,61.5,61.5,2018-07-12 07:00:00
2018,7.0,12.0,8.0,63.17,63.17,2018-07-12 08:00:00
2018,7.0,12.0,9.0,65.02,65.02,2018-07-12 09:00:00
2018,7.0,12.0,10.0,65.75,66.86,2018-07-12 10:00:00
2018,7.0,12.0,11.0,66.51,66.51,2018-07-12 11:00:00
2018,7.0,12.0,12.0,66.69,66.69,2018-07-12 12:00:00
2018,7.0,12.0,13.0,68.0,68.0,2018-07-12 13:00:00
2018,7.0,12.0,14.0,68.05,68.3,2018-07-12 14:00:00
2018,7.0,12.0,15.0,67.94,67.94,2018-07-12 15:00:00
2018,7.0,12.0,16.0,66.85,66.85,2018-07-12 16:00:00
2018,7.0,12.0,17.0,66.67,66.67,2018-07-12 17:00:00
2018,7.0,12.0,18.0,66.09,66.09,2018-07-12 18:00:00
2018,7.0,12.0,19.0,65.01,65.01,2018-07-12 19:00:00
2018,7.0,12.0,20.0,64.35,64.35,2018-07-12 20:00:00
2018,7.0,12.0,21.0,64.67,64.67,2018-07-12 21:00:00
2018,7.0,12.0,22.0,65.01,65.01,2018-07-12 22:00:00
2018,7.0,12.0,23.0,64.67,64.67,2018-07-12 23:00:00
2018,7.0,12.0,24.0,62.64,62.64,2018-07-13 00:00:00
2018,7.0,13.0,1.0,61.86,61.86,2018-07-13 01:00:00
2018,7.0,13.0,2.0,60.26,60.26,2018-07-13 02:00:00
2018,7.0,13.0,3.0,57.93,57.93,2018-07-13 03:00:00
2018,7.0,13.0,4.0,56.21,56.21,2018-07-13 04:00:00
2018,7.0,13.0,5.0,56.01,56.01,2018-07-13 05:00:00
2018,7.0,13.0,6.0,57.93,57.93,2018-07-13 06:00:00
2018,7.0,13.0,7.0,61.54,61.54,2018-07-13 07:00:00
2018,7.0,13.0,8.0,63.01,63.01,2018-07-13 08:00:00
2018,7.0,13.0,9.0,65.0,65.0,2018-07-13 09:00:00
2018,7.0,13.0,10.0,66.09,66.09,2018-07-13 10:00:00
2018,7.0,13.0,11.0,65.89,65.89,2018-07-13 11:00:00
2018,7.0,13.0,12.0,66.0,66.0,2018-07-13 12:00:00
2018,7.0,13.0,13.0,66.69,66.69,2018-07-13 13:00:00
2018,7.0,13.0,14.0,66.69,66.69,2018-07-13 14:00:00
2018,7.0,13.0,15.0,65.17,65.17,2018-07-13 15:00:00
2018,7.0,13.0,16.0,65.02,65.02,2018-07-13 16:00:00
2018,7.0,13.0,17.0,64.94,64.94,2018-07-13 17:00:00
2018,7.0,13.0,18.0,64.94,64.94,2018-07-13 18:00:00
2018,7.0,13.0,19.0,63.99,63.99,2018-07-13 19:00:00
2018,7.0,13.0,20.0,63.8,63.8,2018-07-13 20:00:00
2018,7.0,13.0,21.0,64.5,64.5,2018-07-13 21:00:00
2018,7.0,13.0,22.0,65.22,65.22,2018-07-13 22:00:00
2018,7.0,13.0,23.0,65.17,65.17,2018-07-13 23:00:00
2018,7.0,13.0,24.0,63.91,63.91,2018-07-14 00:00:00
2018,7.0,14.0,1.0,64.39,64.39,2018-07-14 01:00:00
2018,7.0,14.0,2.0,63.43,63.43,2018-07-14 02:00:00
2018,7.0,14.0,3.0,62.86,62.86,2018-07-14 03:00:00
2018,7.0,14.0,4.0,62.24,62.24,2018-07-14 04:00:00
2018,7.0,14.0,5.0,62.14,62.14,2018-07-14 05:00:00
2018,7.0,14.0,6.0,62.0,62.0,2018-07-14 06:00:00
2018,7.0,14.0,7.0,61.15,61.15,2018-07-14 07:00:00
2018,7.0,14.0,8.0,61.18,61.18,2018-07-14 08:00:00
2018,7.0,14.0,9.0,62.14,62.14,2018-07-14 09:00:00
2018,7.0,14.0,10.0,62.76,62.76,2018-07-14 10:00:00
2018,7.0,14.0,11.0,63.69,63.69,2018-07-14 11:00:00
2018,7.0,14.0,12.0,63.81,63.81,2018-07-14 12:00:00
2018,7.0,14.0,13.0,63.81,63.81,2018-07-14 13:00:00
2018,7.0,14.0,14.0,63.04,63.04,2018-07-14 14:00:00
2018,7.0,14.0,15.0,62.7,62.7,2018-07-14 15:00:00
2018,7.0,14.0,16.0,61.81,61.81,2018-07-14 16:00:00
2018,7.0,14.0,17.0,60.01,60.01,2018-07-14 17:00:00
2018,7.0,14.0,18.0,59.0,59.0,2018-07-14 18:00:00
2018,7.0,14.0,19.0,58.43,58.43,2018-07-14 19:00:00
2018,7.0,14.0,20.0,59.96,59.96,2018-07-14 20:00:00
2018,7.0,14.0,21.0,62.14,62.14,2018-07-14 21:00:00
2018,7.0,14.0,22.0,63.13,63.13,2018-07-14 22:00:00
2018,7.0,14.0,23.0,63.86,63.86,2018-07-14 23:00:00
2018,7.0,14.0,24.0,63.23,63.23,2018-07-15 00:00:00
2018,7.0,15.0,1.0,63.69,63.69,2018-07-15 01:00:00
2018,7.0,15.0,2.0,62.21,62.21,2018-07-15 02:00:00
2018,7.0,15.0,3.0,61.15,61.15,2018-07-15 03:00:00
2018,7.0,15.0,4.0,60.95,60.95,2018-07-15 04:00:00
2018,7.0,15.0,5.0,58.0,58.0,2018-07-15 05:00:00
2018,7.0,15.0,6.0,58.43,58.43,2018-07-15 06:00:00
2018,7.0,15.0,7.0,58.07,58.07,2018-07-15 07:00:00
2018,7.0,15.0,8.0,57.75,57.75,2018-07-15 08:00:00
2018,7.0,15.0,9.0,61.0,61.0,2018-07-15 09:00:00
2018,7.0,15.0,10.0,62.16,62.16,2018-07-15 10:00:00
2018,7.0,15.0,11.0,62.45,62.45,2018-07-15 11:00:00
2018,7.0,15.0,12.0,63.04,63.04,2018-07-15 12:00:00
2018,7.0,15.0,13.0,63.01,63.01,2018-07-15 13:00:00
2018,7.0,15.0,14.0,63.0,63.0,2018-07-15 14:00:00
2018,7.0,15.0,15.0,62.14,62.14,2018-07-15 15:00:00
2018,7.0,15.0,16.0,58.0,58.0,2018-07-15 16:00:00
2018,7.0,15.0,17.0,54.83,54.83,2018-07-15 17:00:00
2018,7.0,15.0,18.0,52.0,52.0,2018-07-15 18:00:00
2018,7.0,15.0,19.0,51.72,51.72,2018-07-15 19:00:00
2018,7.0,15.0,20.0,54.25,54.25,2018-07-15 20:00:00
2018,7.0,15.0,21.0,56.05,56.05,2018-07-15 21:00:00
2018,7.0,15.0,22.0,59.01,59.01,2018-07-15 22:00:00
2018,7.0,15.0,23.0,62.86,62.86,2018-07-15 23:00:00
2018,7.0,15.0,24.0,59.01,59.01,2018-07-16 00:00:00
2018,7.0,16.0,1.0,60.0,60.0,2018-07-16 01:00:00
2018,7.0,16.0,2.0,52.84,52.84,2018-07-16 02:00:00
2018,7.0,16.0,3.0,50.35,50.35,2018-07-16 03:00:00
2018,7.0,16.0,4.0,50.0,50.0,2018-07-16 04:00:00
2018,7.0,16.0,5.0,49.83,49.83,2018-07-16 05:00:00
2018,7.0,16.0,6.0,50.0,50.0,2018-07-16 06:00:00
2018,7.0,16.0,7.0,53.05,53.05,2018-07-16 07:00:00
2018,7.0,16.0,8.0,58.09,58.09,2018-07-16 08:00:00
2018,7.0,16.0,9.0,62.16,62.16,2018-07-16 09:00:00
2018,7.0,16.0,10.0,62.75,62.75,2018-07-16 10:00:00
2018,7.0,16.0,11.0,62.86,62.86,2018-07-16 11:00:00
2018,7.0,16.0,12.0,63.0,63.0,2018-07-16 12:00:00
2018,7.0,16.0,13.0,63.6,63.6,2018-07-16 13:00:00
2018,7.0,16.0,14.0,63.9,63.9,2018-07-16 14:00:00
2018,7.0,16.0,15.0,63.78,63.78,2018-07-16 15:00:00
2018,7.0,16.0,16.0,63.31,63.31,2018-07-16 16:00:00
2018,7.0,16.0,17.0,64.0,64.0,2018-07-16 17:00:00
2018,7.0,16.0,18.0,64.39,64.39,2018-07-16 18:00:00
2018,7.0,16.0,19.0,64.0,64.0,2018-07-16 19:00:00
2018,7.0,16.0,20.0,64.0,64.0,2018-07-16 20:00:00
2018,7.0,16.0,21.0,64.5,64.5,2018-07-16 21:00:00
2018,7.0,16.0,22.0,65.22,66.3,2018-07-16 22:00:00
2018,7.0,16.0,23.0,65.69,66.3,2018-07-16 23:00:00
2018,7.0,16.0,24.0,64.56,64.56,2018-07-17 00:00:00
2018,7.0,17.0,1.0,63.03,63.03,2018-07-17 01:00:00
2018,7.0,17.0,2.0,61.15,61.15,2018-07-17 02:00:00
2018,7.0,17.0,3.0,57.46,57.46,2018-07-17 03:00:00
2018,7.0,17.0,4.0,56.85,56.85,2018-07-17 04:00:00
2018,7.0,17.0,5.0,56.0,56.0,2018-07-17 05:00:00
2018,7.0,17.0,6.0,56.85,56.85,2018-07-17 06:00:00
2018,7.0,17.0,7.0,61.15,61.15,2018-07-17 07:00:00
2018,7.0,17.0,8.0,62.86,62.86,2018-07-17 08:00:00
2018,7.0,17.0,9.0,64.59,64.59,2018-07-17 09:00:00
2018,7.0,17.0,10.0,65.36,65.36,2018-07-17 10:00:00
2018,7.0,17.0,11.0,65.69,65.69,2018-07-17 11:00:00
2018,7.0,17.0,12.0,65.69,65.69,2018-07-17 12:00:00
2018,7.0,17.0,13.0,66.76,66.76,2018-07-17 13:00:00
2018,7.0,17.0,14.0,66.94,66.94,2018-07-17 14:00:00
2018,7.0,17.0,15.0,66.01,66.01,2018-07-17 15:00:00
2018,7.0,17.0,16.0,65.67,65.67,2018-07-17 16:00:00
2018,7.0,17.0,17.0,65.36,65.36,2018-07-17 17:00:00
2018,7.0,17.0,18.0,65.0,65.0,2018-07-17 18:00:00
2018,7.0,17.0,19.0,64.46,64.46,2018-07-17 19:00:00
2018,7.0,17.0,20.0,63.9,63.9,2018-07-17 20:00:00
2018,7.0,17.0,21.0,64.02,64.02,2018-07-17 21:00:00
2018,7.0,17.0,22.0,64.46,64.46,2018-07-17 22:00:00
2018,7.0,17.0,23.0,63.97,63.97,2018-07-17 23:00:00
2018,7.0,17.0,24.0,60.57,60.57,2018-07-18 00:00:00
2018,7.0,18.0,1.0,60.62,60.62,2018-07-18 01:00:00
2018,7.0,18.0,2.0,56.85,56.85,2018-07-18 02:00:00
2018,7.0,18.0,3.0,55.0,55.0,2018-07-18 03:00:00
2018,7.0,18.0,4.0,54.65,54.65,2018-07-18 04:00:00
2018,7.0,18.0,5.0,54.65,54.65,2018-07-18 05:00:00
2018,7.0,18.0,6.0,55.53,55.53,2018-07-18 06:00:00
2018,7.0,18.0,7.0,61.15,61.15,2018-07-18 07:00:00
2018,7.0,18.0,8.0,64.0,64.0,2018-07-18 08:00:00
2018,7.0,18.0,9.0,65.52,65.52,2018-07-18 09:00:00
2018,7.0,18.0,10.0,66.69,66.69,2018-07-18 10:00:00
2018,7.0,18.0,11.0,66.69,66.69,2018-07-18 11:00:00
2018,7.0,18.0,12.0,66.69,66.69,2018-07-18 12:00:00
2018,7.0,18.0,13.0,66.69,66.69,2018-07-18 13:00:00
2018,7.0,18.0,14.0,66.76,66.76,2018-07-18 14:00:00
2018,7.0,18.0,15.0,66.07,66.07,2018-07-18 15:00:00
2018,7.0,18.0,16.0,65.61,65.61,2018-07-18 16:00:00
2018,7.0,18.0,17.0,65.61,65.61,2018-07-18 17:00:00
2018,7.0,18.0,18.0,65.67,65.67,2018-07-18 18:00:00
2018,7.0,18.0,19.0,65.2,65.2,2018-07-18 19:00:00
2018,7.0,18.0,20.0,64.69,64.69,2018-07-18 20:00:00
2018,7.0,18.0,21.0,65.32,65.32,2018-07-18 21:00:00
2018,7.0,18.0,22.0,66.1,66.1,2018-07-18 22:00:00
2018,7.0,18.0,23.0,65.69,65.69,2018-07-18 23:00:00
2018,7.0,18.0,24.0,65.36,65.36,2018-07-19 00:00:00
2018,7.0,19.0,1.0,64.46,64.46,2018-07-19 01:00:00
2018,7.0,19.0,2.0,63.18,63.18,2018-07-19 02:00:00
2018,7.0,19.0,3.0,62.0,62.0,2018-07-19 03:00:00
2018,7.0,19.0,4.0,59.4,59.4,2018-07-19 04:00:00
2018,7.0,19.0,5.0,59.4,59.4,2018-07-19 05:00:00
2018,7.0,19.0,6.0,61.15,61.15,2018-07-19 06:00:00
2018,7.0,19.0,7.0,63.9,63.9,2018-07-19 07:00:00
2018,7.0,19.0,8.0,64.46,64.46,2018-07-19 08:00:00
2018,7.0,19.0,9.0,65.9,65.9,2018-07-19 09:00:00
2018,7.0,19.0,10.0,67.02,67.02,2018-07-19 10:00:00
2018,7.0,19.0,11.0,66.89,66.89,2018-07-19 11:00:00
2018,7.0,19.0,12.0,66.69,66.69,2018-07-19 12:00:00
2018,7.0,19.0,13.0,67.02,67.02,2018-07-19 13:00:00
2018,7.0,19.0,14.0,66.69,66.69,2018-07-19 14:00:00
2018,7.0,19.0,15.0,65.69,65.69,2018-07-19 15:00:00
2018,7.0,19.0,16.0,65.59,65.59,2018-07-19 16:00:00
2018,7.0,19.0,17.0,65.21,65.21,2018-07-19 17:00:00
2018,7.0,19.0,18.0,64.69,64.69,2018-07-19 18:00:00
2018,7.0,19.0,19.0,64.14,64.14,2018-07-19 19:00:00
2018,7.0,19.0,20.0,63.9,63.9,2018-07-19 20:00:00
2018,7.0,19.0,21.0,64.07,64.07,2018-07-19 21:00:00
2018,7.0,19.0,22.0,64.39,64.39,2018-07-19 22:00:00
2018,7.0,19.0,23.0,64.33,64.33,2018-07-19 23:00:00
2018,7.0,19.0,24.0,63.68,63.68,2018-07-20 00:00:00
2018,7.0,20.0,1.0,62.21,62.21,2018-07-20 01:00:00
2018,7.0,20.0,2.0,58.0,58.0,2018-07-20 02:00:00
2018,7.0,20.0,3.0,56.85,56.85,2018-07-20 03:00:00
2018,7.0,20.0,4.0,55.99,55.99,2018-07-20 04:00:00
2018,7.0,20.0,5.0,55.68,55.68,2018-07-20 05:00:00
2018,7.0,20.0,6.0,56.85,56.85,2018-07-20 06:00:00
2018,7.0,20.0,7.0,61.36,61.36,2018-07-20 07:00:00
2018,7.0,20.0,8.0,63.01,63.01,2018-07-20 08:00:00
2018,7.0,20.0,9.0,64.46,64.46,2018-07-20 09:00:00
2018,7.0,20.0,10.0,65.67,65.67,2018-07-20 10:00:00
2018,7.0,20.0,11.0,65.96,65.96,2018-07-20 11:00:00
2018,7.0,20.0,12.0,65.96,65.96,2018-07-20 12:00:00
2018,7.0,20.0,13.0,66.49,66.49,2018-07-20 13:00:00
2018,7.0,20.0,14.0,66.3,66.3,2018-07-20 14:00:00
2018,7.0,20.0,15.0,64.81,64.81,2018-07-20 15:00:00
2018,7.0,20.0,16.0,63.9,63.9,2018-07-20 16:00:00
2018,7.0,20.0,17.0,62.5,62.5,2018-07-20 17:00:00
2018,7.0,20.0,18.0,61.17,61.17,2018-07-20 18:00:00
2018,7.0,20.0,19.0,58.5,58.5,2018-07-20 19:00:00
2018,7.0,20.0,20.0,58.95,58.95,2018-07-20 20:00:00
2018,7.0,20.0,21.0,60.99,60.99,2018-07-20 21:00:00
2018,7.0,20.0,22.0,62.5,62.5,2018-07-20 22:00:00
2018,7.0,20.0,23.0,63.0,63.0,2018-07-20 23:00:00
2018,7.0,20.0,24.0,62.12,62.12,2018-07-21 00:00:00
2018,7.0,21.0,1.0,62.14,62.14,2018-07-21 01:00:00
2018,7.0,21.0,2.0,60.0,60.0,2018-07-21 02:00:00
2018,7.0,21.0,3.0,57.93,57.93,2018-07-21 03:00:00
2018,7.0,21.0,4.0,58.01,58.01,2018-07-21 04:00:00
2018,7.0,21.0,5.0,58.01,58.01,2018-07-21 05:00:00
2018,7.0,21.0,6.0,58.68,58.68,2018-07-21 06:00:00
2018,7.0,21.0,7.0,60.0,60.0,2018-07-21 07:00:00
2018,7.0,21.0,8.0,60.01,60.01,2018-07-21 08:00:00
2018,7.0,21.0,9.0,61.15,61.15,2018-07-21 09:00:00
2018,7.0,21.0,10.0,62.76,62.76,2018-07-21 10:00:00
2018,7.0,21.0,11.0,63.86,63.86,2018-07-21 11:00:00
2018,7.0,21.0,12.0,63.9,63.9,2018-07-21 12:00:00
2018,7.0,21.0,13.0,64.21,64.21,2018-07-21 13:00:00
2018,7.0,21.0,14.0,64.21,64.21,2018-07-21 14:00:00
2018,7.0,21.0,15.0,64.14,64.14,2018-07-21 15:00:00
2018,7.0,21.0,16.0,63.01,63.01,2018-07-21 16:00:00
2018,7.0,21.0,17.0,62.14,62.14,2018-07-21 17:00:00
2018,7.0,21.0,18.0,60.89,60.89,2018-07-21 18:00:00
2018,7.0,21.0,19.0,59.58,59.58,2018-07-21 19:00:00
2018,7.0,21.0,20.0,60.89,60.89,2018-07-21 20:00:00
2018,7.0,21.0,21.0,62.21,62.21,2018-07-21 21:00:00
2018,7.0,21.0,22.0,63.19,63.19,2018-07-21 22:00:00
2018,7.0,21.0,23.0,64.14,64.14,2018-07-21 23:00:00
2018,7.0,21.0,24.0,63.5,63.5,2018-07-22 00:00:00
2018,7.0,22.0,1.0,64.14,64.14,2018-07-22 01:00:00
2018,7.0,22.0,2.0,62.91,62.91,2018-07-22 02:00:00
2018,7.0,22.0,3.0,61.66,61.66,2018-07-22 03:00:00
2018,7.0,22.0,4.0,59.41,59.41,2018-07-22 04:00:00
2018,7.0,22.0,5.0,57.93,57.93,2018-07-22 05:00:00
2018,7.0,22.0,6.0,57.56,57.56,2018-07-22 06:00:00
2018,7.0,22.0,7.0,56.7,56.7,2018-07-22 07:00:00
2018,7.0,22.0,8.0,54.6,54.6,2018-07-22 08:00:00
2018,7.0,22.0,9.0,57.09,57.09,2018-07-22 09:00:00
2018,7.0,22.0,10.0,57.81,57.81,2018-07-22 10:00:00
2018,7.0,22.0,11.0,57.5,57.5,2018-07-22 11:00:00
2018,7.0,22.0,12.0,58.07,58.07,2018-07-22 12:00:00
2018,7.0,22.0,13.0,61.0,61.0,2018-07-22 13:00:00
2018,7.0,22.0,14.0,62.21,62.21,2018-07-22 14:00:00
2018,7.0,22.0,15.0,62.21,62.21,2018-07-22 15:00:00
2018,7.0,22.0,16.0,61.15,61.15,2018-07-22 16:00:00
2018,7.0,22.0,17.0,60.16,60.16,2018-07-22 17:00:00
2018,7.0,22.0,18.0,58.5,58.5,2018-07-22 18:00:00
2018,7.0,22.0,19.0,57.09,57.09,2018-07-22 19:00:00
2018,7.0,22.0,20.0,57.46,57.46,2018-07-22 20:00:00
2018,7.0,22.0,21.0,58.43,58.43,2018-07-22 21:00:00
2018,7.0,22.0,22.0,62.14,62.14,2018-07-22 22:00:00
2018,7.0,22.0,23.0,64.14,64.14,2018-07-22 23:00:00
2018,7.0,22.0,24.0,62.14,62.14,2018-07-23 00:00:00
2018,7.0,23.0,1.0,62.14,62.14,2018-07-23 01:00:00
2018,7.0,23.0,2.0,58.14,58.14,2018-07-23 02:00:00
2018,7.0,23.0,3.0,55.51,55.51,2018-07-23 03:00:00
2018,7.0,23.0,4.0,54.48,54.48,2018-07-23 04:00:00
2018,7.0,23.0,5.0,53.93,53.93,2018-07-23 05:00:00
2018,7.0,23.0,6.0,54.48,54.48,2018-07-23 06:00:00
2018,7.0,23.0,7.0,58.18,58.18,2018-07-23 07:00:00
2018,7.0,23.0,8.0,62.76,62.76,2018-07-23 08:00:00
2018,7.0,23.0,9.0,65.59,65.59,2018-07-23 09:00:00
2018,7.0,23.0,10.0,66.8,66.8,2018-07-23 10:00:00
2018,7.0,23.0,11.0,66.79,66.79,2018-07-23 11:00:00
2018,7.0,23.0,12.0,66.41,66.41,2018-07-23 12:00:00
2018,7.0,23.0,13.0,67.0,67.0,2018-07-23 13:00:00
2018,7.0,23.0,14.0,66.9,66.9,2018-07-23 14:00:00
2018,7.0,23.0,15.0,66.3,66.3,2018-07-23 15:00:00
2018,7.0,23.0,16.0,65.41,65.41,2018-07-23 16:00:00
2018,7.0,23.0,17.0,65.4,65.4,2018-07-23 17:00:00
2018,7.0,23.0,18.0,65.4,65.4,2018-07-23 18:00:00
2018,7.0,23.0,19.0,65.36,65.36,2018-07-23 19:00:00
2018,7.0,23.0,20.0,64.39,64.39,2018-07-23 20:00:00
2018,7.0,23.0,21.0,65.41,65.41,2018-07-23 21:00:00
2018,7.0,23.0,22.0,66.24,66.24,2018-07-23 22:00:00
2018,7.0,23.0,23.0,66.01,66.01,2018-07-23 23:00:00
2018,7.0,23.0,24.0,65.36,65.36,2018-07-24 00:00:00
2018,7.0,24.0,1.0,64.75,64.75,2018-07-24 01:00:00
2018,7.0,24.0,2.0,63.18,63.18,2018-07-24 02:00:00
2018,7.0,24.0,3.0,61.17,61.17,2018-07-24 03:00:00
2018,7.0,24.0,4.0,58.68,58.68,2018-07-24 04:00:00
2018,7.0,24.0,5.0,58.4,58.4,2018-07-24 05:00:00
2018,7.0,24.0,6.0,59.88,59.88,2018-07-24 06:00:00
2018,7.0,24.0,7.0,62.21,62.21,2018-07-24 07:00:00
2018,7.0,24.0,8.0,63.68,63.68,2018-07-24 08:00:00
2018,7.0,24.0,9.0,65.99,65.99,2018-07-24 09:00:00
2018,7.0,24.0,10.0,67.07,67.07,2018-07-24 10:00:00
2018,7.0,24.0,11.0,67.81,67.81,2018-07-24 11:00:00
2018,7.0,24.0,12.0,67.98,67.98,2018-07-24 12:00:00
2018,7.0,24.0,13.0,68.81,68.81,2018-07-24 13:00:00
2018,7.0,24.0,14.0,68.81,68.81,2018-07-24 14:00:00
2018,7.0,24.0,15.0,67.98,67.98,2018-07-24 15:00:00
2018,7.0,24.0,16.0,67.35,67.35,2018-07-24 16:00:00
2018,7.0,24.0,17.0,67.01,67.01,2018-07-24 17:00:00
2018,7.0,24.0,18.0,67.0,67.0,2018-07-24 18:00:00
2018,7.0,24.0,19.0,65.67,65.67,2018-07-24 19:00:00
2018,7.0,24.0,20.0,65.51,65.51,2018-07-24 20:00:00
2018,7.0,24.0,21.0,64.22,64.22,2018-07-24 21:00:00
2018,7.0,24.0,22.0,65.36,65.36,2018-07-24 22:00:00
2018,7.0,24.0,23.0,65.01,65.01,2018-07-24 23:00:00
2018,7.0,24.0,24.0,63.3,63.3,2018-07-25 00:00:00
2018,7.0,25.0,1.0,63.75,63.75,2018-07-25 01:00:00
2018,7.0,25.0,2.0,62.21,62.21,2018-07-25 02:00:00
2018,7.0,25.0,3.0,60.0,60.0,2018-07-25 03:00:00
2018,7.0,25.0,4.0,57.93,57.93,2018-07-25 04:00:00
2018,7.0,25.0,5.0,57.43,57.43,2018-07-25 05:00:00
2018,7.0,25.0,6.0,58.43,58.43,2018-07-25 06:00:00
2018,7.0,25.0,7.0,62.46,62.46,2018-07-25 07:00:00
2018,7.0,25.0,8.0,63.9,63.9,2018-07-25 08:00:00
2018,7.0,25.0,9.0,65.33,65.33,2018-07-25 09:00:00
2018,7.0,25.0,10.0,66.39,66.39,2018-07-25 10:00:00
2018,7.0,25.0,11.0,67.0,67.0,2018-07-25 11:00:00
2018,7.0,25.0,12.0,67.0,67.0,2018-07-25 12:00:00
2018,7.0,25.0,13.0,68.69,68.69,2018-07-25 13:00:00
2018,7.0,25.0,14.0,68.02,68.02,2018-07-25 14:00:00
2018,7.0,25.0,15.0,67.81,67.81,2018-07-25 15:00:00
2018,7.0,25.0,16.0,67.0,67.0,2018-07-25 16:00:00
2018,7.0,25.0,17.0,67.0,67.0,2018-07-25 17:00:00
2018,7.0,25.0,18.0,67.0,67.0,2018-07-25 18:00:00
2018,7.0,25.0,19.0,65.8,65.8,2018-07-25 19:00:00
2018,7.0,25.0,20.0,66.9,66.9,2018-07-25 20:00:00
2018,7.0,25.0,21.0,65.67,65.67,2018-07-25 21:00:00
2018,7.0,25.0,22.0,66.66,66.66,2018-07-25 22:00:00
2018,7.0,25.0,23.0,66.39,66.39,2018-07-25 23:00:00
2018,7.0,25.0,24.0,65.39,65.39,2018-07-26 00:00:00
2018,7.0,26.0,1.0,65.67,65.67,2018-07-26 01:00:00
2018,7.0,26.0,2.0,64.23,64.23,2018-07-26 02:00:00
2018,7.0,26.0,3.0,63.5,63.5,2018-07-26 03:00:00
2018,7.0,26.0,4.0,62.21,62.21,2018-07-26 04:00:00
2018,7.0,26.0,5.0,62.21,62.21,2018-07-26 05:00:00
2018,7.0,26.0,6.0,63.18,63.18,2018-07-26 06:00:00
2018,7.0,26.0,7.0,64.39,64.39,2018-07-26 07:00:00
2018,7.0,26.0,8.0,65.01,65.01,2018-07-26 08:00:00
2018,7.0,26.0,9.0,66.09,66.09,2018-07-26 09:00:00
2018,7.0,26.0,10.0,67.09,67.09,2018-07-26 10:00:00
2018,7.0,26.0,11.0,68.0,68.0,2018-07-26 11:00:00
2018,7.0,26.0,12.0,68.09,68.09,2018-07-26 12:00:00
2018,7.0,26.0,13.0,68.98,68.98,2018-07-26 13:00:00
2018,7.0,26.0,14.0,68.99,68.99,2018-07-26 14:00:00
2018,7.0,26.0,15.0,68.0,68.0,2018-07-26 15:00:00
2018,7.0,26.0,16.0,67.22,67.22,2018-07-26 16:00:00
2018,7.0,26.0,17.0,67.0,67.0,2018-07-26 17:00:00
2018,7.0,26.0,18.0,67.09,67.09,2018-07-26 18:00:00
2018,7.0,26.0,19.0,67.19,67.19,2018-07-26 19:00:00
2018,7.0,26.0,20.0,67.59,69.3,2018-07-26 20:00:00
2018,7.0,26.0,21.0,66.3,66.3,2018-07-26 21:00:00
2018,7.0,26.0,22.0,65.36,65.36,2018-07-26 22:00:00
2018,7.0,26.0,23.0,65.7,65.7,2018-07-26 23:00:00
2018,7.0,26.0,24.0,63.64,63.64,2018-07-27 00:00:00
2018,7.0,27.0,1.0,65.5,65.5,2018-07-27 01:00:00
2018,7.0,27.0,2.0,64.21,64.21,2018-07-27 02:00:00
2018,7.0,27.0,3.0,63.19,63.19,2018-07-27 03:00:00
2018,7.0,27.0,4.0,62.21,62.21,2018-07-27 04:00:00
2018,7.0,27.0,5.0,62.39,62.39,2018-07-27 05:00:00
2018,7.0,27.0,6.0,63.43,63.43,2018-07-27 06:00:00
2018,7.0,27.0,7.0,65.41,65.41,2018-07-27 07:00:00
2018,7.0,27.0,8.0,65.67,65.67,2018-07-27 08:00:00
2018,7.0,27.0,9.0,66.84,66.84,2018-07-27 09:00:00
2018,7.0,27.0,10.0,68.09,68.09,2018-07-27 10:00:00
2018,7.0,27.0,11.0,68.41,68.41,2018-07-27 11:00:00
2018,7.0,27.0,12.0,68.36,68.36,2018-07-27 12:00:00
2018,7.0,27.0,13.0,68.86,68.86,2018-07-27 13:00:00
2018,7.0,27.0,14.0,67.61,67.61,2018-07-27 14:00:00
2018,7.0,27.0,15.0,66.03,66.03,2018-07-27 15:00:00
2018,7.0,27.0,16.0,64.88,64.88,2018-07-27 16:00:00
2018,7.0,27.0,17.0,64.23,64.23,2018-07-27 17:00:00
2018,7.0,27.0,18.0,63.9,63.9,2018-07-27 18:00:00
2018,7.0,27.0,19.0,63.12,63.12,2018-07-27 19:00:00
2018,7.0,27.0,20.0,62.46,62.46,2018-07-27 20:00:00
2018,7.0,27.0,21.0,62.21,62.21,2018-07-27 21:00:00
2018,7.0,27.0,22.0,62.21,62.21,2018-07-27 22:00:00
2018,7.0,27.0,23.0,62.14,62.14,2018-07-27 23:00:00
2018,7.0,27.0,24.0,58.21,58.21,2018-07-28 00:00:00
2018,7.0,28.0,1.0,64.0,64.0,2018-07-28 01:00:00
2018,7.0,28.0,2.0,63.9,63.9,2018-07-28 02:00:00
2018,7.0,28.0,3.0,63.2,63.2,2018-07-28 03:00:00
2018,7.0,28.0,4.0,62.21,62.21,2018-07-28 04:00:00
2018,7.0,28.0,5.0,62.21,62.21,2018-07-28 05:00:00
2018,7.0,28.0,6.0,62.21,62.21,2018-07-28 06:00:00
2018,7.0,28.0,7.0,62.8,62.8,2018-07-28 07:00:00
2018,7.0,28.0,8.0,62.5,62.5,2018-07-28 08:00:00
2018,7.0,28.0,9.0,63.1,63.1,2018-07-28 09:00:00
2018,7.0,28.0,10.0,62.8,62.8,2018-07-28 10:00:00
2018,7.0,28.0,11.0,64.01,64.01,2018-07-28 11:00:00
2018,7.0,28.0,12.0,64.39,64.39,2018-07-28 12:00:00
2018,7.0,28.0,13.0,64.71,64.71,2018-07-28 13:00:00
2018,7.0,28.0,14.0,65.0,65.0,2018-07-28 14:00:00
2018,7.0,28.0,15.0,64.39,64.39,2018-07-28 15:00:00
2018,7.0,28.0,16.0,64.14,64.14,2018-07-28 16:00:00
2018,7.0,28.0,17.0,63.06,63.06,2018-07-28 17:00:00
2018,7.0,28.0,18.0,62.21,62.21,2018-07-28 18:00:00
2018,7.0,28.0,19.0,62.14,62.14,2018-07-28 19:00:00
2018,7.0,28.0,20.0,62.21,62.21,2018-07-28 20:00:00
2018,7.0,28.0,21.0,63.9,63.9,2018-07-28 21:00:00
2018,7.0,28.0,22.0,65.67,65.67,2018-07-28 22:00:00
2018,7.0,28.0,23.0,65.86,65.86,2018-07-28 23:00:00
2018,7.0,28.0,24.0,65.7,65.7,2018-07-29 00:00:00
2018,7.0,29.0,1.0,66.21,66.21,2018-07-29 01:00:00
2018,7.0,29.0,2.0,64.67,64.67,2018-07-29 02:00:00
2018,7.0,29.0,3.0,62.21,62.21,2018-07-29 03:00:00
2018,7.0,29.0,4.0,63.0,63.0,2018-07-29 04:00:00
2018,7.0,29.0,5.0,62.0,62.0,2018-07-29 05:00:00
2018,7.0,29.0,6.0,60.61,60.61,2018-07-29 06:00:00
2018,7.0,29.0,7.0,58.81,58.81,2018-07-29 07:00:00
2018,7.0,29.0,8.0,56.75,56.75,2018-07-29 08:00:00
2018,7.0,29.0,9.0,56.79,56.79,2018-07-29 09:00:00
2018,7.0,29.0,10.0,55.47,55.47,2018-07-29 10:00:00
2018,7.0,29.0,11.0,57.99,57.99,2018-07-29 11:00:00
2018,7.0,29.0,12.0,58.43,58.43,2018-07-29 12:00:00
2018,7.0,29.0,13.0,58.91,58.91,2018-07-29 13:00:00
2018,7.0,29.0,14.0,61.0,61.0,2018-07-29 14:00:00
2018,7.0,29.0,15.0,61.11,61.11,2018-07-29 15:00:00
2018,7.0,29.0,16.0,58.19,58.19,2018-07-29 16:00:00
2018,7.0,29.0,17.0,54.25,54.25,2018-07-29 17:00:00
2018,7.0,29.0,18.0,53.93,53.93,2018-07-29 18:00:00
2018,7.0,29.0,19.0,52.15,52.15,2018-07-29 19:00:00
2018,7.0,29.0,20.0,55.76,55.76,2018-07-29 20:00:00
2018,7.0,29.0,21.0,57.43,57.43,2018-07-29 21:00:00
2018,7.0,29.0,22.0,63.71,63.71,2018-07-29 22:00:00
2018,7.0,29.0,23.0,65.4,65.4,2018-07-29 23:00:00
2018,7.0,29.0,24.0,62.8,62.8,2018-07-30 00:00:00
2018,7.0,30.0,1.0,62.21,62.21,2018-07-30 01:00:00
2018,7.0,30.0,2.0,60.4,60.4,2018-07-30 02:00:00
2018,7.0,30.0,3.0,57.85,57.85,2018-07-30 03:00:00
2018,7.0,30.0,4.0,56.41,56.41,2018-07-30 04:00:00
2018,7.0,30.0,5.0,56.03,56.03,2018-07-30 05:00:00
2018,7.0,30.0,6.0,58.01,58.01,2018-07-30 06:00:00
2018,7.0,30.0,7.0,63.18,63.18,2018-07-30 07:00:00
2018,7.0,30.0,8.0,64.07,64.07,2018-07-30 08:00:00
2018,7.0,30.0,9.0,65.7,65.7,2018-07-30 09:00:00
2018,7.0,30.0,10.0,67.53,67.53,2018-07-30 10:00:00
2018,7.0,30.0,11.0,67.8,67.8,2018-07-30 11:00:00
2018,7.0,30.0,12.0,67.8,67.8,2018-07-30 12:00:00
2018,7.0,30.0,13.0,67.98,67.98,2018-07-30 13:00:00
2018,7.0,30.0,14.0,68.01,68.01,2018-07-30 14:00:00
2018,7.0,30.0,15.0,67.55,67.55,2018-07-30 15:00:00
2018,7.0,30.0,16.0,66.3,66.3,2018-07-30 16:00:00
2018,7.0,30.0,17.0,65.86,65.86,2018-07-30 17:00:00
2018,7.0,30.0,18.0,65.86,65.86,2018-07-30 18:00:00
2018,7.0,30.0,19.0,65.35,65.35,2018-07-30 19:00:00
2018,7.0,30.0,20.0,64.8,64.8,2018-07-30 20:00:00
2018,7.0,30.0,21.0,65.67,65.67,2018-07-30 21:00:00
2018,7.0,30.0,22.0,66.8,67.28,2018-07-30 22:00:00
2018,7.0,30.0,23.0,66.92,66.92,2018-07-30 23:00:00
2018,7.0,30.0,24.0,66.3,66.3,2018-07-31 00:00:00
2018,7.0,31.0,1.0,65.67,65.67,2018-07-31 01:00:00
2018,7.0,31.0,2.0,65.07,65.07,2018-07-31 02:00:00
2018,7.0,31.0,3.0,63.9,63.9,2018-07-31 03:00:00
2018,7.0,31.0,4.0,62.5,62.5,2018-07-31 04:00:00
2018,7.0,31.0,5.0,62.21,62.21,2018-07-31 05:00:00
2018,7.0,31.0,6.0,63.0,63.0,2018-07-31 06:00:00
2018,7.0,31.0,7.0,64.5,64.5,2018-07-31 07:00:00
2018,7.0,31.0,8.0,64.39,64.39,2018-07-31 08:00:00
2018,7.0,31.0,9.0,65.77,65.77,2018-07-31 09:00:00
2018,7.0,31.0,10.0,66.3,66.3,2018-07-31 10:00:00
2018,7.0,31.0,11.0,67.08,67.08,2018-07-31 11:00:00
2018,7.0,31.0,12.0,67.42,67.42,2018-07-31 12:00:00
2018,7.0,31.0,13.0,67.97,67.97,2018-07-31 13:00:00
2018,7.0,31.0,14.0,68.19,68.19,2018-07-31 14:00:00
2018,7.0,31.0,15.0,67.97,67.97,2018-07-31 15:00:00
2018,7.0,31.0,16.0,67.42,67.42,2018-07-31 16:00:00
2018,7.0,31.0,17.0,66.9,66.9,2018-07-31 17:00:00
2018,7.0,31.0,18.0,66.3,66.3,2018-07-31 18:00:00
2018,7.0,31.0,19.0,65.67,65.67,2018-07-31 19:00:00
2018,7.0,31.0,20.0,65.96,65.96,2018-07-31 20:00:00
2018,7.0,31.0,21.0,65.32,65.32,2018-07-31 21:00:00
2018,7.0,31.0,22.0,65.32,65.32,2018-07-31 22:00:00
2018,7.0,31.0,23.0,64.14,64.14,2018-07-31 23:00:00
2018,7.0,31.0,24.0,60.91,60.91,2018-08-01 00:00:00
2018,8.0,1.0,1.0,62.01,62.01,2018-08-01 01:00:00
2018,8.0,1.0,2.0,58.01,58.01,2018-08-01 02:00:00
2018,8.0,1.0,3.0,54.25,54.25,2018-08-01 03:00:00
2018,8.0,1.0,4.0,52.74,52.74,2018-08-01 04:00:00
2018,8.0,1.0,5.0,52.3,52.3,2018-08-01 05:00:00
2018,8.0,1.0,6.0,52.33,52.33,2018-08-01 06:00:00
2018,8.0,1.0,7.0,55.0,55.0,2018-08-01 07:00:00
2018,8.0,1.0,8.0,58.44,58.44,2018-08-01 08:00:00
2018,8.0,1.0,9.0,63.9,63.9,2018-08-01 09:00:00
2018,8.0,1.0,10.0,65.1,65.1,2018-08-01 10:00:00
2018,8.0,1.0,11.0,65.7,65.7,2018-08-01 11:00:00
2018,8.0,1.0,12.0,66.8,66.8,2018-08-01 12:00:00
2018,8.0,1.0,13.0,67.97,67.97,2018-08-01 13:00:00
2018,8.0,1.0,14.0,68.34,68.34,2018-08-01 14:00:00
2018,8.0,1.0,15.0,68.19,68.19,2018-08-01 15:00:00
2018,8.0,1.0,16.0,67.89,67.89,2018-08-01 16:00:00
2018,8.0,1.0,17.0,67.51,67.51,2018-08-01 17:00:00
2018,8.0,1.0,18.0,67.0,67.0,2018-08-01 18:00:00
2018,8.0,1.0,19.0,65.87,65.87,2018-08-01 19:00:00
2018,8.0,1.0,20.0,65.87,65.87,2018-08-01 20:00:00
2018,8.0,1.0,21.0,65.01,65.01,2018-08-01 21:00:00
2018,8.0,1.0,22.0,65.86,65.86,2018-08-01 22:00:00
2018,8.0,1.0,23.0,65.32,65.32,2018-08-01 23:00:00
2018,8.0,1.0,24.0,62.51,62.51,2018-08-02 00:00:00
2018,8.0,2.0,1.0,60.71,60.71,2018-08-02 01:00:00
2018,8.0,2.0,2.0,58.4,58.4,2018-08-02 02:00:00
2018,8.0,2.0,3.0,54.9,54.9,2018-08-02 03:00:00
2018,8.0,2.0,4.0,53.2,53.2,2018-08-02 04:00:00
2018,8.0,2.0,5.0,52.93,52.93,2018-08-02 05:00:00
2018,8.0,2.0,6.0,53.2,53.2,2018-08-02 06:00:00
2018,8.0,2.0,7.0,58.07,58.07,2018-08-02 07:00:00
2018,8.0,2.0,8.0,62.21,62.21,2018-08-02 08:00:00
2018,8.0,2.0,9.0,64.66,64.66,2018-08-02 09:00:00
2018,8.0,2.0,10.0,65.7,65.7,2018-08-02 10:00:00
2018,8.0,2.0,11.0,65.7,65.7,2018-08-02 11:00:00
2018,8.0,2.0,12.0,66.66,66.66,2018-08-02 12:00:00
2018,8.0,2.0,13.0,68.02,68.02,2018-08-02 13:00:00
2018,8.0,2.0,14.0,68.89,68.89,2018-08-02 14:00:00
2018,8.0,2.0,15.0,68.86,68.86,2018-08-02 15:00:00
2018,8.0,2.0,16.0,68.5,68.5,2018-08-02 16:00:00
2018,8.0,2.0,17.0,68.48,68.48,2018-08-02 17:00:00
2018,8.0,2.0,18.0,68.5,68.5,2018-08-02 18:00:00
2018,8.0,2.0,19.0,67.98,67.98,2018-08-02 19:00:00
2018,8.0,2.0,20.0,69.41,69.41,2018-08-02 20:00:00
2018,8.0,2.0,21.0,68.0,68.0,2018-08-02 21:00:00
2018,8.0,2.0,22.0,69.81,69.81,2018-08-02 22:00:00
2018,8.0,2.0,23.0,69.3,69.3,2018-08-02 23:00:00
2018,8.0,2.0,24.0,66.66,66.66,2018-08-03 00:00:00
2018,8.0,3.0,1.0,67.76,67.76,2018-08-03 01:00:00
2018,8.0,3.0,2.0,65.6,65.6,2018-08-03 02:00:00
2018,8.0,3.0,3.0,63.9,63.9,2018-08-03 03:00:00
2018,8.0,3.0,4.0,62.21,62.21,2018-08-03 04:00:00
2018,8.0,3.0,5.0,62.14,62.14,2018-08-03 05:00:00
2018,8.0,3.0,6.0,62.68,62.68,2018-08-03 06:00:00
2018,8.0,3.0,7.0,65.67,65.67,2018-08-03 07:00:00
2018,8.0,3.0,8.0,67.76,67.76,2018-08-03 08:00:00
2018,8.0,3.0,9.0,69.21,69.21,2018-08-03 09:00:00
2018,8.0,3.0,10.0,70.26,70.26,2018-08-03 10:00:00
2018,8.0,3.0,11.0,70.46,70.46,2018-08-03 11:00:00
2018,8.0,3.0,12.0,70.0,70.0,2018-08-03 12:00:00
2018,8.0,3.0,13.0,70.7,70.7,2018-08-03 13:00:00
2018,8.0,3.0,14.0,70.41,70.41,2018-08-03 14:00:00
2018,8.0,3.0,15.0,70.0,70.0,2018-08-03 15:00:00
2018,8.0,3.0,16.0,69.0,69.0,2018-08-03 16:00:00
2018,8.0,3.0,17.0,68.0,68.0,2018-08-03 17:00:00
2018,8.0,3.0,18.0,69.72,69.72,2018-08-03 18:00:00
2018,8.0,3.0,19.0,70.51,70.51,2018-08-03 19:00:00
2018,8.0,3.0,20.0,70.26,70.26,2018-08-03 20:00:00
2018,8.0,3.0,21.0,70.35,70.35,2018-08-03 21:00:00
2018,8.0,3.0,22.0,70.01,70.01,2018-08-03 22:00:00
2018,8.0,3.0,23.0,66.98,66.98,2018-08-03 23:00:00
2018,8.0,3.0,24.0,65.7,65.7,2018-08-04 00:00:00
2018,8.0,4.0,1.0,69.61,69.61,2018-08-04 01:00:00
2018,8.0,4.0,2.0,66.8,66.8,2018-08-04 02:00:00
2018,8.0,4.0,3.0,65.67,65.67,2018-08-04 03:00:00
2018,8.0,4.0,4.0,64.39,64.39,2018-08-04 04:00:00
2018,8.0,4.0,5.0,63.9,63.9,2018-08-04 05:00:00
2018,8.0,4.0,6.0,63.67,63.67,2018-08-04 06:00:00
2018,8.0,4.0,7.0,62.21,62.21,2018-08-04 07:00:00
2018,8.0,4.0,8.0,62.0,62.0,2018-08-04 08:00:00
2018,8.0,4.0,9.0,62.21,62.21,2018-08-04 09:00:00
2018,8.0,4.0,10.0,65.0,65.0,2018-08-04 10:00:00
2018,8.0,4.0,11.0,66.3,66.3,2018-08-04 11:00:00
2018,8.0,4.0,12.0,67.67,67.67,2018-08-04 12:00:00
2018,8.0,4.0,13.0,68.0,68.0,2018-08-04 13:00:00
2018,8.0,4.0,14.0,69.61,69.61,2018-08-04 14:00:00
2018,8.0,4.0,15.0,69.23,69.23,2018-08-04 15:00:00
2018,8.0,4.0,16.0,66.92,66.92,2018-08-04 16:00:00
2018,8.0,4.0,17.0,65.67,65.67,2018-08-04 17:00:00
2018,8.0,4.0,18.0,64.39,64.39,2018-08-04 18:00:00
2018,8.0,4.0,19.0,63.52,63.52,2018-08-04 19:00:00
2018,8.0,4.0,20.0,63.43,63.43,2018-08-04 20:00:00
2018,8.0,4.0,21.0,64.14,64.14,2018-08-04 21:00:00
2018,8.0,4.0,22.0,65.7,65.7,2018-08-04 22:00:00
2018,8.0,4.0,23.0,65.7,65.7,2018-08-04 23:00:00
2018,8.0,4.0,24.0,64.39,64.39,2018-08-05 00:00:00
2018,8.0,5.0,1.0,65.7,65.7,2018-08-05 01:00:00
2018,8.0,5.0,2.0,63.43,63.43,2018-08-05 02:00:00
2018,8.0,5.0,3.0,62.01,62.01,2018-08-05 03:00:00
2018,8.0,5.0,4.0,58.76,58.76,2018-08-05 04:00:00
2018,8.0,5.0,5.0,58.35,58.35,2018-08-05 05:00:00
2018,8.0,5.0,6.0,58.27,58.27,2018-08-05 06:00:00
2018,8.0,5.0,7.0,58.27,58.27,2018-08-05 07:00:00
2018,8.0,5.0,8.0,55.46,55.46,2018-08-05 08:00:00
2018,8.0,5.0,9.0,57.46,57.46,2018-08-05 09:00:00
2018,8.0,5.0,10.0,61.16,61.16,2018-08-05 10:00:00
2018,8.0,5.0,11.0,62.21,62.21,2018-08-05 11:00:00
2018,8.0,5.0,12.0,65.32,65.32,2018-08-05 12:00:00
2018,8.0,5.0,13.0,66.3,66.3,2018-08-05 13:00:00
2018,8.0,5.0,14.0,67.75,67.75,2018-08-05 14:00:00
2018,8.0,5.0,15.0,68.01,68.01,2018-08-05 15:00:00
2018,8.0,5.0,16.0,66.8,66.8,2018-08-05 16:00:00
2018,8.0,5.0,17.0,66.24,66.24,2018-08-05 17:00:00
2018,8.0,5.0,18.0,65.67,65.67,2018-08-05 18:00:00
2018,8.0,5.0,19.0,65.67,65.67,2018-08-05 19:00:00
2018,8.0,5.0,20.0,65.32,65.32,2018-08-05 20:00:00
2018,8.0,5.0,21.0,66.69,66.69,2018-08-05 21:00:00
2018,8.0,5.0,22.0,70.0,70.0,2018-08-05 22:00:00
2018,8.0,5.0,23.0,70.97,70.97,2018-08-05 23:00:00
2018,8.0,5.0,24.0,70.0,70.0,2018-08-06 00:00:00
2018,8.0,6.0,1.0,66.3,66.3,2018-08-06 01:00:00
2018,8.0,6.0,2.0,63.9,63.9,2018-08-06 02:00:00
2018,8.0,6.0,3.0,62.21,62.21,2018-08-06 03:00:00
2018,8.0,6.0,4.0,61.15,61.15,2018-08-06 04:00:00
2018,8.0,6.0,5.0,60.02,60.02,2018-08-06 05:00:00
2018,8.0,6.0,6.0,62.14,62.14,2018-08-06 06:00:00
2018,8.0,6.0,7.0,64.55,64.55,2018-08-06 07:00:00
2018,8.0,6.0,8.0,65.67,65.67,2018-08-06 08:00:00
2018,8.0,6.0,9.0,68.01,68.01,2018-08-06 09:00:00
2018,8.0,6.0,10.0,70.0,70.0,2018-08-06 10:00:00
2018,8.0,6.0,11.0,70.26,70.26,2018-08-06 11:00:00
2018,8.0,6.0,12.0,70.41,70.41,2018-08-06 12:00:00
2018,8.0,6.0,13.0,70.66,70.66,2018-08-06 13:00:00
2018,8.0,6.0,14.0,70.69,70.69,2018-08-06 14:00:00
2018,8.0,6.0,15.0,70.49,70.49,2018-08-06 15:00:00
2018,8.0,6.0,16.0,70.23,70.23,2018-08-06 16:00:00
2018,8.0,6.0,17.0,70.0,70.0,2018-08-06 17:00:00
2018,8.0,6.0,18.0,71.71,71.71,2018-08-06 18:00:00
2018,8.0,6.0,19.0,71.71,74.02,2018-08-06 19:00:00
2018,8.0,6.0,20.0,70.89,74.0,2018-08-06 20:00:00
2018,8.0,6.0,21.0,71.21,73.79,2018-08-06 21:00:00
2018,8.0,6.0,22.0,71.21,74.82,2018-08-06 22:00:00
2018,8.0,6.0,23.0,71.61,71.61,2018-08-06 23:00:00
2018,8.0,6.0,24.0,67.5,67.5,2018-08-07 00:00:00
2018,8.0,7.0,1.0,62.21,62.21,2018-08-07 01:00:00
2018,8.0,7.0,2.0,58.96,58.96,2018-08-07 02:00:00
2018,8.0,7.0,3.0,55.85,55.85,2018-08-07 03:00:00
2018,8.0,7.0,4.0,54.57,54.57,2018-08-07 04:00:00
2018,8.0,7.0,5.0,53.49,53.49,2018-08-07 05:00:00
2018,8.0,7.0,6.0,53.49,53.49,2018-08-07 06:00:00
2018,8.0,7.0,7.0,57.99,57.99,2018-08-07 07:00:00
2018,8.0,7.0,8.0,64.45,64.45,2018-08-07 08:00:00
2018,8.0,7.0,9.0,66.19,66.8,2018-08-07 09:00:00
2018,8.0,7.0,10.0,67.01,70.44,2018-08-07 10:00:00
2018,8.0,7.0,11.0,67.67,69.0,2018-08-07 11:00:00
2018,8.0,7.0,12.0,67.94,67.94,2018-08-07 12:00:00
2018,8.0,7.0,13.0,67.0,67.0,2018-08-07 13:00:00
2018,8.0,7.0,14.0,67.01,67.01,2018-08-07 14:00:00
2018,8.0,7.0,15.0,66.3,66.3,2018-08-07 15:00:00
2018,8.0,7.0,16.0,66.99,66.99,2018-08-07 16:00:00
2018,8.0,7.0,17.0,67.19,67.19,2018-08-07 17:00:00
2018,8.0,7.0,18.0,69.0,69.0,2018-08-07 18:00:00
2018,8.0,7.0,19.0,68.41,68.64,2018-08-07 19:00:00
2018,8.0,7.0,20.0,67.01,68.0,2018-08-07 20:00:00
2018,8.0,7.0,21.0,67.33,67.33,2018-08-07 21:00:00
2018,8.0,7.0,22.0,67.99,67.99,2018-08-07 22:00:00
2018,8.0,7.0,23.0,66.91,66.91,2018-08-07 23:00:00
2018,8.0,7.0,24.0,62.21,62.21,2018-08-08 00:00:00
2018,8.0,8.0,1.0,64.39,64.39,2018-08-08 01:00:00
2018,8.0,8.0,2.0,62.21,62.21,2018-08-08 02:00:00
2018,8.0,8.0,3.0,60.01,60.01,2018-08-08 03:00:00
2018,8.0,8.0,4.0,58.79,58.79,2018-08-08 04:00:00
2018,8.0,8.0,5.0,58.76,58.76,2018-08-08 05:00:00
2018,8.0,8.0,6.0,60.0,60.0,2018-08-08 06:00:00
2018,8.0,8.0,7.0,63.18,63.18,2018-08-08 07:00:00
2018,8.0,8.0,8.0,64.14,64.14,2018-08-08 08:00:00
2018,8.0,8.0,9.0,65.67,65.67,2018-08-08 09:00:00
2018,8.0,8.0,10.0,67.61,67.61,2018-08-08 10:00:00
2018,8.0,8.0,11.0,67.19,67.19,2018-08-08 11:00:00
2018,8.0,8.0,12.0,67.06,67.06,2018-08-08 12:00:00
2018,8.0,8.0,13.0,68.0,68.0,2018-08-08 13:00:00
2018,8.0,8.0,14.0,68.01,68.01,2018-08-08 14:00:00
2018,8.0,8.0,15.0,67.75,67.75,2018-08-08 15:00:00
2018,8.0,8.0,16.0,66.41,66.41,2018-08-08 16:00:00
2018,8.0,8.0,17.0,65.67,65.67,2018-08-08 17:00:00
2018,8.0,8.0,18.0,64.14,64.14,2018-08-08 18:00:00
2018,8.0,8.0,19.0,65.7,65.7,2018-08-08 19:00:00
2018,8.0,8.0,20.0,65.67,65.67,2018-08-08 20:00:00
2018,8.0,8.0,21.0,66.41,66.41,2018-08-08 21:00:00
2018,8.0,8.0,22.0,68.0,68.0,2018-08-08 22:00:00
2018,8.0,8.0,23.0,68.01,68.01,2018-08-08 23:00:00
2018,8.0,8.0,24.0,64.97,64.97,2018-08-09 00:00:00
2018,8.0,9.0,1.0,62.48,62.48,2018-08-09 01:00:00
2018,8.0,9.0,2.0,59.91,59.91,2018-08-09 02:00:00
2018,8.0,9.0,3.0,55.3,55.3,2018-08-09 03:00:00
2018,8.0,9.0,4.0,54.57,54.57,2018-08-09 04:00:00
2018,8.0,9.0,5.0,53.69,53.69,2018-08-09 05:00:00
2018,8.0,9.0,6.0,55.3,55.3,2018-08-09 06:00:00
2018,8.0,9.0,7.0,58.96,58.96,2018-08-09 07:00:00
2018,8.0,9.0,8.0,62.14,62.14,2018-08-09 08:00:00
2018,8.0,9.0,9.0,63.9,63.9,2018-08-09 09:00:00
2018,8.0,9.0,10.0,64.88,64.88,2018-08-09 10:00:00
2018,8.0,9.0,11.0,64.67,64.67,2018-08-09 11:00:00
2018,8.0,9.0,12.0,64.59,64.59,2018-08-09 12:00:00
2018,8.0,9.0,13.0,65.67,65.67,2018-08-09 13:00:00
2018,8.0,9.0,14.0,66.01,66.01,2018-08-09 14:00:00
2018,8.0,9.0,15.0,65.41,65.41,2018-08-09 15:00:00
2018,8.0,9.0,16.0,64.99,64.99,2018-08-09 16:00:00
2018,8.0,9.0,17.0,64.39,64.39,2018-08-09 17:00:00
2018,8.0,9.0,18.0,64.0,64.0,2018-08-09 18:00:00
2018,8.0,9.0,19.0,62.48,62.48,2018-08-09 19:00:00
2018,8.0,9.0,20.0,62.3,62.3,2018-08-09 20:00:00
2018,8.0,9.0,21.0,63.9,63.9,2018-08-09 21:00:00
2018,8.0,9.0,22.0,65.7,65.7,2018-08-09 22:00:00
2018,8.0,9.0,23.0,65.67,65.67,2018-08-09 23:00:00
2018,8.0,9.0,24.0,63.67,63.67,2018-08-10 00:00:00
2018,8.0,10.0,1.0,59.32,59.32,2018-08-10 01:00:00
2018,8.0,10.0,2.0,55.46,55.46,2018-08-10 02:00:00
2018,8.0,10.0,3.0,53.14,53.14,2018-08-10 03:00:00
2018,8.0,10.0,4.0,52.26,52.26,2018-08-10 04:00:00
2018,8.0,10.0,5.0,52.19,52.19,2018-08-10 05:00:00
2018,8.0,10.0,6.0,52.5,52.5,2018-08-10 06:00:00
2018,8.0,10.0,7.0,55.0,55.0,2018-08-10 07:00:00
2018,8.0,10.0,8.0,58.08,58.08,2018-08-10 08:00:00
2018,8.0,10.0,9.0,62.21,62.21,2018-08-10 09:00:00
2018,8.0,10.0,10.0,64.14,64.14,2018-08-10 10:00:00
2018,8.0,10.0,11.0,65.23,65.23,2018-08-10 11:00:00
2018,8.0,10.0,12.0,66.24,66.24,2018-08-10 12:00:00
2018,8.0,10.0,13.0,68.5,68.5,2018-08-10 13:00:00
2018,8.0,10.0,14.0,69.21,69.21,2018-08-10 14:00:00
2018,8.0,10.0,15.0,68.54,68.54,2018-08-10 15:00:00
2018,8.0,10.0,16.0,67.35,67.35,2018-08-10 16:00:00
2018,8.0,10.0,17.0,66.8,66.8,2018-08-10 17:00:00
2018,8.0,10.0,18.0,66.01,66.01,2018-08-10 18:00:00
2018,8.0,10.0,19.0,65.3,65.3,2018-08-10 19:00:00
2018,8.0,10.0,20.0,64.14,64.14,2018-08-10 20:00:00
2018,8.0,10.0,21.0,64.14,64.14,2018-08-10 21:00:00
2018,8.0,10.0,22.0,65.7,65.7,2018-08-10 22:00:00
2018,8.0,10.0,23.0,65.84,65.84,2018-08-10 23:00:00
2018,8.0,10.0,24.0,64.39,64.39,2018-08-11 00:00:00
2018,8.0,11.0,1.0,63.9,63.9,2018-08-11 01:00:00
2018,8.0,11.0,2.0,62.21,62.21,2018-08-11 02:00:00
2018,8.0,11.0,3.0,62.14,62.14,2018-08-11 03:00:00
2018,8.0,11.0,4.0,61.15,61.15,2018-08-11 04:00:00
2018,8.0,11.0,5.0,61.12,61.12,2018-08-11 05:00:00
2018,8.0,11.0,6.0,60.68,60.68,2018-08-11 06:00:00
2018,8.0,11.0,7.0,59.19,59.19,2018-08-11 07:00:00
2018,8.0,11.0,8.0,59.19,59.19,2018-08-11 08:00:00
2018,8.0,11.0,9.0,61.15,61.15,2018-08-11 09:00:00
2018,8.0,11.0,10.0,63.0,63.0,2018-08-11 10:00:00
2018,8.0,11.0,11.0,63.78,63.78,2018-08-11 11:00:00
2018,8.0,11.0,12.0,64.03,64.03,2018-08-11 12:00:00
2018,8.0,11.0,13.0,65.18,65.18,2018-08-11 13:00:00
2018,8.0,11.0,14.0,65.67,65.67,2018-08-11 14:00:00
2018,8.0,11.0,15.0,65.67,65.67,2018-08-11 15:00:00
2018,8.0,11.0,16.0,64.66,64.66,2018-08-11 16:00:00
2018,8.0,11.0,17.0,64.19,64.19,2018-08-11 17:00:00
2018,8.0,11.0,18.0,63.9,63.9,2018-08-11 18:00:00
2018,8.0,11.0,19.0,63.1,63.1,2018-08-11 19:00:00
2018,8.0,11.0,20.0,63.9,63.9,2018-08-11 20:00:00
2018,8.0,11.0,21.0,65.2,65.2,2018-08-11 21:00:00
2018,8.0,11.0,22.0,66.95,66.95,2018-08-11 22:00:00
2018,8.0,11.0,23.0,67.69,67.69,2018-08-11 23:00:00
2018,8.0,11.0,24.0,65.67,65.67,2018-08-12 00:00:00
2018,8.0,12.0,1.0,65.57,65.57,2018-08-12 01:00:00
2018,8.0,12.0,2.0,64.14,64.14,2018-08-12 02:00:00
2018,8.0,12.0,3.0,64.14,64.14,2018-08-12 03:00:00
2018,8.0,12.0,4.0,64.39,64.39,2018-08-12 04:00:00
2018,8.0,12.0,5.0,63.9,63.9,2018-08-12 05:00:00
2018,8.0,12.0,6.0,63.9,63.9,2018-08-12 06:00:00
2018,8.0,12.0,7.0,63.9,63.9,2018-08-12 07:00:00
2018,8.0,12.0,8.0,62.14,62.14,2018-08-12 08:00:00
2018,8.0,12.0,9.0,59.9,59.9,2018-08-12 09:00:00
2018,8.0,12.0,10.0,61.99,61.99,2018-08-12 10:00:00
2018,8.0,12.0,11.0,60.0,60.0,2018-08-12 11:00:00
2018,8.0,12.0,12.0,62.14,62.14,2018-08-12 12:00:00
2018,8.0,12.0,13.0,62.14,62.14,2018-08-12 13:00:00
2018,8.0,12.0,14.0,62.0,62.0,2018-08-12 14:00:00
2018,8.0,12.0,15.0,60.0,60.0,2018-08-12 15:00:00
2018,8.0,12.0,16.0,57.5,57.5,2018-08-12 16:00:00
2018,8.0,12.0,17.0,52.37,52.37,2018-08-12 17:00:00
2018,8.0,12.0,18.0,51.77,51.77,2018-08-12 18:00:00
2018,8.0,12.0,19.0,51.61,51.61,2018-08-12 19:00:00
2018,8.0,12.0,20.0,57.55,57.55,2018-08-12 20:00:00
2018,8.0,12.0,21.0,61.35,61.35,2018-08-12 21:00:00
2018,8.0,12.0,22.0,65.67,65.67,2018-08-12 22:00:00
2018,8.0,12.0,23.0,67.75,67.75,2018-08-12 23:00:00
2018,8.0,12.0,24.0,66.01,66.01,2018-08-13 00:00:00
2018,8.0,13.0,1.0,64.14,64.14,2018-08-13 01:00:00
2018,8.0,13.0,2.0,62.14,62.14,2018-08-13 02:00:00
2018,8.0,13.0,3.0,59.46,59.46,2018-08-13 03:00:00
2018,8.0,13.0,4.0,58.9,58.9,2018-08-13 04:00:00
2018,8.0,13.0,5.0,58.0,58.0,2018-08-13 05:00:00
2018,8.0,13.0,6.0,59.16,59.16,2018-08-13 06:00:00
2018,8.0,13.0,7.0,62.14,62.14,2018-08-13 07:00:00
2018,8.0,13.0,8.0,62.21,62.21,2018-08-13 08:00:00
2018,8.0,13.0,9.0,64.44,64.44,2018-08-13 09:00:00
2018,8.0,13.0,10.0,66.19,66.19,2018-08-13 10:00:00
2018,8.0,13.0,11.0,65.7,65.7,2018-08-13 11:00:00
2018,8.0,13.0,12.0,66.04,66.04,2018-08-13 12:00:00
2018,8.0,13.0,13.0,67.3,67.3,2018-08-13 13:00:00
2018,8.0,13.0,14.0,67.77,67.77,2018-08-13 14:00:00
2018,8.0,13.0,15.0,67.02,67.02,2018-08-13 15:00:00
2018,8.0,13.0,16.0,65.99,65.99,2018-08-13 16:00:00
2018,8.0,13.0,17.0,65.19,65.19,2018-08-13 17:00:00
2018,8.0,13.0,18.0,64.24,64.24,2018-08-13 18:00:00
2018,8.0,13.0,19.0,63.06,63.06,2018-08-13 19:00:00
2018,8.0,13.0,20.0,62.18,62.18,2018-08-13 20:00:00
2018,8.0,13.0,21.0,62.89,62.89,2018-08-13 21:00:00
2018,8.0,13.0,22.0,64.24,64.24,2018-08-13 22:00:00
2018,8.0,13.0,23.0,64.18,64.18,2018-08-13 23:00:00
2018,8.0,13.0,24.0,61.15,61.15,2018-08-14 00:00:00
2018,8.0,14.0,1.0,62.14,62.14,2018-08-14 01:00:00
2018,8.0,14.0,2.0,61.07,61.07,2018-08-14 02:00:00
2018,8.0,14.0,3.0,54.61,54.61,2018-08-14 03:00:00
2018,8.0,14.0,4.0,52.32,52.32,2018-08-14 04:00:00
2018,8.0,14.0,5.0,51.85,51.85,2018-08-14 05:00:00
2018,8.0,14.0,6.0,51.79,51.79,2018-08-14 06:00:00
2018,8.0,14.0,7.0,58.03,58.03,2018-08-14 07:00:00
2018,8.0,14.0,8.0,61.71,61.71,2018-08-14 08:00:00
2018,8.0,14.0,9.0,64.07,64.07,2018-08-14 09:00:00
2018,8.0,14.0,10.0,64.39,64.39,2018-08-14 10:00:00
2018,8.0,14.0,11.0,64.03,64.03,2018-08-14 11:00:00
2018,8.0,14.0,12.0,63.53,63.53,2018-08-14 12:00:00
2018,8.0,14.0,13.0,64.03,64.03,2018-08-14 13:00:00
2018,8.0,14.0,14.0,64.8,64.8,2018-08-14 14:00:00
2018,8.0,14.0,15.0,64.56,64.56,2018-08-14 15:00:00
2018,8.0,14.0,16.0,64.11,64.11,2018-08-14 16:00:00
2018,8.0,14.0,17.0,63.9,63.9,2018-08-14 17:00:00
2018,8.0,14.0,18.0,64.0,64.0,2018-08-14 18:00:00
2018,8.0,14.0,19.0,63.29,63.29,2018-08-14 19:00:00
2018,8.0,14.0,20.0,63.53,63.53,2018-08-14 20:00:00
2018,8.0,14.0,21.0,63.53,63.53,2018-08-14 21:00:00
2018,8.0,14.0,22.0,64.39,64.39,2018-08-14 22:00:00
2018,8.0,14.0,23.0,63.9,63.9,2018-08-14 23:00:00
2018,8.0,14.0,24.0,61.99,61.99,2018-08-15 00:00:00
2018,8.0,15.0,1.0,59.01,59.01,2018-08-15 01:00:00
2018,8.0,15.0,2.0,54.79,54.79,2018-08-15 02:00:00
2018,8.0,15.0,3.0,50.81,50.81,2018-08-15 03:00:00
2018,8.0,15.0,4.0,50.64,50.64,2018-08-15 04:00:00
2018,8.0,15.0,5.0,50.3,50.3,2018-08-15 05:00:00
2018,8.0,15.0,6.0,50.3,50.3,2018-08-15 06:00:00
2018,8.0,15.0,7.0,50.69,50.69,2018-08-15 07:00:00
2018,8.0,15.0,8.0,51.8,51.8,2018-08-15 08:00:00
2018,8.0,15.0,9.0,51.79,51.79,2018-08-15 09:00:00
2018,8.0,15.0,10.0,57.85,57.85,2018-08-15 10:00:00
2018,8.0,15.0,11.0,59.07,59.07,2018-08-15 11:00:00
2018,8.0,15.0,12.0,62.0,62.0,2018-08-15 12:00:00
2018,8.0,15.0,13.0,63.51,63.51,2018-08-15 13:00:00
2018,8.0,15.0,14.0,64.19,64.19,2018-08-15 14:00:00
2018,8.0,15.0,15.0,64.39,64.39,2018-08-15 15:00:00
2018,8.0,15.0,16.0,64.0,64.0,2018-08-15 16:00:00
2018,8.0,15.0,17.0,64.04,64.04,2018-08-15 17:00:00
2018,8.0,15.0,18.0,64.0,64.0,2018-08-15 18:00:00
2018,8.0,15.0,19.0,62.21,62.21,2018-08-15 19:00:00
2018,8.0,15.0,20.0,64.28,64.28,2018-08-15 20:00:00
2018,8.0,15.0,21.0,65.0,65.0,2018-08-15 21:00:00
2018,8.0,15.0,22.0,67.0,67.0,2018-08-15 22:00:00
2018,8.0,15.0,23.0,67.75,67.75,2018-08-15 23:00:00
2018,8.0,15.0,24.0,65.69,65.69,2018-08-16 00:00:00
2018,8.0,16.0,1.0,64.75,64.75,2018-08-16 01:00:00
2018,8.0,16.0,2.0,62.5,62.5,2018-08-16 02:00:00
2018,8.0,16.0,3.0,60.66,60.66,2018-08-16 03:00:00
2018,8.0,16.0,4.0,59.89,59.89,2018-08-16 04:00:00
2018,8.0,16.0,5.0,58.7,58.7,2018-08-16 05:00:00
2018,8.0,16.0,6.0,60.1,60.1,2018-08-16 06:00:00
2018,8.0,16.0,7.0,63.58,63.58,2018-08-16 07:00:00
2018,8.0,16.0,8.0,64.39,64.39,2018-08-16 08:00:00
2018,8.0,16.0,9.0,64.94,64.94,2018-08-16 09:00:00
2018,8.0,16.0,10.0,65.7,65.7,2018-08-16 10:00:00
2018,8.0,16.0,11.0,65.8,65.8,2018-08-16 11:00:00
2018,8.0,16.0,12.0,66.1,66.1,2018-08-16 12:00:00
2018,8.0,16.0,13.0,66.51,66.51,2018-08-16 13:00:00
2018,8.0,16.0,14.0,66.51,66.51,2018-08-16 14:00:00
2018,8.0,16.0,15.0,66.18,66.18,2018-08-16 15:00:00
2018,8.0,16.0,16.0,65.0,65.0,2018-08-16 16:00:00
2018,8.0,16.0,17.0,64.39,64.39,2018-08-16 17:00:00
2018,8.0,16.0,18.0,64.14,64.14,2018-08-16 18:00:00
2018,8.0,16.0,19.0,65.7,65.7,2018-08-16 19:00:00
2018,8.0,16.0,20.0,66.51,66.51,2018-08-16 20:00:00
2018,8.0,16.0,21.0,66.51,66.51,2018-08-16 21:00:00
2018,8.0,16.0,22.0,66.2,66.2,2018-08-16 22:00:00
2018,8.0,16.0,23.0,64.39,64.39,2018-08-16 23:00:00
2018,8.0,16.0,24.0,60.03,60.03,2018-08-17 00:00:00
2018,8.0,17.0,1.0,62.25,62.25,2018-08-17 01:00:00
2018,8.0,17.0,2.0,61.15,61.15,2018-08-17 02:00:00
2018,8.0,17.0,3.0,53.8,53.8,2018-08-17 03:00:00
2018,8.0,17.0,4.0,51.85,51.85,2018-08-17 04:00:00
2018,8.0,17.0,5.0,50.3,50.3,2018-08-17 05:00:00
2018,8.0,17.0,6.0,50.3,50.3,2018-08-17 06:00:00
2018,8.0,17.0,7.0,56.64,56.64,2018-08-17 07:00:00
2018,8.0,17.0,8.0,62.82,62.82,2018-08-17 08:00:00
2018,8.0,17.0,9.0,63.99,63.99,2018-08-17 09:00:00
2018,8.0,17.0,10.0,64.39,64.39,2018-08-17 10:00:00
2018,8.0,17.0,11.0,63.05,63.05,2018-08-17 11:00:00
2018,8.0,17.0,12.0,62.82,62.82,2018-08-17 12:00:00
2018,8.0,17.0,13.0,63.0,63.0,2018-08-17 13:00:00
2018,8.0,17.0,14.0,63.9,63.9,2018-08-17 14:00:00
2018,8.0,17.0,15.0,63.9,63.9,2018-08-17 15:00:00
2018,8.0,17.0,16.0,62.38,62.38,2018-08-17 16:00:00
2018,8.0,17.0,17.0,62.38,62.38,2018-08-17 17:00:00
2018,8.0,17.0,18.0,63.0,63.0,2018-08-17 18:00:00
2018,8.0,17.0,19.0,64.46,64.46,2018-08-17 19:00:00
2018,8.0,17.0,20.0,64.6,64.6,2018-08-17 20:00:00
2018,8.0,17.0,21.0,64.57,64.57,2018-08-17 21:00:00
2018,8.0,17.0,22.0,64.48,64.48,2018-08-17 22:00:00
2018,8.0,17.0,23.0,63.9,63.9,2018-08-17 23:00:00
2018,8.0,17.0,24.0,54.58,54.58,2018-08-18 00:00:00
2018,8.0,18.0,1.0,57.28,57.28,2018-08-18 01:00:00
2018,8.0,18.0,2.0,55.41,55.41,2018-08-18 02:00:00
2018,8.0,18.0,3.0,49.31,49.31,2018-08-18 03:00:00
2018,8.0,18.0,4.0,47.55,47.55,2018-08-18 04:00:00
2018,8.0,18.0,5.0,47.3,47.3,2018-08-18 05:00:00
2018,8.0,18.0,6.0,47.05,47.05,2018-08-18 06:00:00
2018,8.0,18.0,7.0,47.89,47.89,2018-08-18 07:00:00
2018,8.0,18.0,8.0,49.5,49.5,2018-08-18 08:00:00
2018,8.0,18.0,9.0,53.89,53.89,2018-08-18 09:00:00
2018,8.0,18.0,10.0,56.41,56.41,2018-08-18 10:00:00
2018,8.0,18.0,11.0,53.6,53.6,2018-08-18 11:00:00
2018,8.0,18.0,12.0,53.9,53.9,2018-08-18 12:00:00
2018,8.0,18.0,13.0,58.27,58.27,2018-08-18 13:00:00
2018,8.0,18.0,14.0,62.14,62.14,2018-08-18 14:00:00
2018,8.0,18.0,15.0,63.8,63.8,2018-08-18 15:00:00
2018,8.0,18.0,16.0,62.32,62.32,2018-08-18 16:00:00
2018,8.0,18.0,17.0,62.14,62.14,2018-08-18 17:00:00
2018,8.0,18.0,18.0,61.75,61.75,2018-08-18 18:00:00
2018,8.0,18.0,19.0,62.14,62.14,2018-08-18 19:00:00
2018,8.0,18.0,20.0,64.45,64.45,2018-08-18 20:00:00
2018,8.0,18.0,21.0,64.9,64.9,2018-08-18 21:00:00
2018,8.0,18.0,22.0,65.04,65.04,2018-08-18 22:00:00
2018,8.0,18.0,23.0,64.98,64.98,2018-08-18 23:00:00
2018,8.0,18.0,24.0,62.14,62.14,2018-08-19 00:00:00
2018,8.0,19.0,1.0,55.56,55.56,2018-08-19 01:00:00
2018,8.0,19.0,2.0,54.5,54.5,2018-08-19 02:00:00
2018,8.0,19.0,3.0,52.5,52.5,2018-08-19 03:00:00
2018,8.0,19.0,4.0,50.2,50.2,2018-08-19 04:00:00
2018,8.0,19.0,5.0,50.0,50.0,2018-08-19 05:00:00
2018,8.0,19.0,6.0,49.19,49.19,2018-08-19 06:00:00
2018,8.0,19.0,7.0,49.69,49.69,2018-08-19 07:00:00
2018,8.0,19.0,8.0,49.19,49.19,2018-08-19 08:00:00
2018,8.0,19.0,9.0,49.19,49.19,2018-08-19 09:00:00
2018,8.0,19.0,10.0,50.5,50.5,2018-08-19 10:00:00
2018,8.0,19.0,11.0,52.26,52.26,2018-08-19 11:00:00
2018,8.0,19.0,12.0,54.74,54.74,2018-08-19 12:00:00
2018,8.0,19.0,13.0,60.4,60.4,2018-08-19 13:00:00
2018,8.0,19.0,14.0,62.21,62.21,2018-08-19 14:00:00
2018,8.0,19.0,15.0,63.14,63.14,2018-08-19 15:00:00
2018,8.0,19.0,16.0,62.14,62.14,2018-08-19 16:00:00
2018,8.0,19.0,17.0,61.15,61.15,2018-08-19 17:00:00
2018,8.0,19.0,18.0,58.0,58.0,2018-08-19 18:00:00
2018,8.0,19.0,19.0,57.85,57.85,2018-08-19 19:00:00
2018,8.0,19.0,20.0,62.26,62.26,2018-08-19 20:00:00
2018,8.0,19.0,21.0,63.41,63.41,2018-08-19 21:00:00
2018,8.0,19.0,22.0,64.23,64.23,2018-08-19 22:00:00
2018,8.0,19.0,23.0,64.6,64.6,2018-08-19 23:00:00
2018,8.0,19.0,24.0,62.26,62.26,2018-08-20 00:00:00
2018,8.0,20.0,1.0,61.0,61.0,2018-08-20 01:00:00
2018,8.0,20.0,2.0,54.98,54.98,2018-08-20 02:00:00
2018,8.0,20.0,3.0,52.52,52.52,2018-08-20 03:00:00
2018,8.0,20.0,4.0,52.52,52.52,2018-08-20 04:00:00
2018,8.0,20.0,5.0,50.2,50.2,2018-08-20 05:00:00
2018,8.0,20.0,6.0,50.8,50.8,2018-08-20 06:00:00
2018,8.0,20.0,7.0,55.57,55.57,2018-08-20 07:00:00
2018,8.0,20.0,8.0,63.43,63.43,2018-08-20 08:00:00
2018,8.0,20.0,9.0,64.46,64.46,2018-08-20 09:00:00
2018,8.0,20.0,10.0,64.99,64.99,2018-08-20 10:00:00
2018,8.0,20.0,11.0,65.55,65.55,2018-08-20 11:00:00
2018,8.0,20.0,12.0,67.41,67.41,2018-08-20 12:00:00
2018,8.0,20.0,13.0,67.75,67.75,2018-08-20 13:00:00
2018,8.0,20.0,14.0,68.55,68.55,2018-08-20 14:00:00
2018,8.0,20.0,15.0,68.68,68.68,2018-08-20 15:00:00
2018,8.0,20.0,16.0,68.55,68.55,2018-08-20 16:00:00
2018,8.0,20.0,17.0,68.01,68.01,2018-08-20 17:00:00
2018,8.0,20.0,18.0,67.75,67.75,2018-08-20 18:00:00
2018,8.0,20.0,19.0,66.78,66.78,2018-08-20 19:00:00
2018,8.0,20.0,20.0,67.03,67.03,2018-08-20 20:00:00
2018,8.0,20.0,21.0,67.01,67.01,2018-08-20 21:00:00
2018,8.0,20.0,22.0,66.98,66.98,2018-08-20 22:00:00
2018,8.0,20.0,23.0,66.65,66.65,2018-08-20 23:00:00
2018,8.0,20.0,24.0,63.5,63.5,2018-08-21 00:00:00
2018,8.0,21.0,1.0,59.83,59.83,2018-08-21 01:00:00
2018,8.0,21.0,2.0,56.65,56.65,2018-08-21 02:00:00
2018,8.0,21.0,3.0,55.38,55.38,2018-08-21 03:00:00
2018,8.0,21.0,4.0,54.37,54.37,2018-08-21 04:00:00
2018,8.0,21.0,5.0,54.61,54.61,2018-08-21 05:00:00
2018,8.0,21.0,6.0,54.98,54.98,2018-08-21 06:00:00
2018,8.0,21.0,7.0,65.0,65.0,2018-08-21 07:00:00
2018,8.0,21.0,8.0,67.42,67.42,2018-08-21 08:00:00
2018,8.0,21.0,9.0,68.52,68.52,2018-08-21 09:00:00
2018,8.0,21.0,10.0,70.69,70.69,2018-08-21 10:00:00
2018,8.0,21.0,11.0,70.69,70.69,2018-08-21 11:00:00
2018,8.0,21.0,12.0,71.02,71.02,2018-08-21 12:00:00
2018,8.0,21.0,13.0,71.34,71.34,2018-08-21 13:00:00
2018,8.0,21.0,14.0,71.1,71.1,2018-08-21 14:00:00
2018,8.0,21.0,15.0,70.51,70.51,2018-08-21 15:00:00
2018,8.0,21.0,16.0,69.06,69.06,2018-08-21 16:00:00
2018,8.0,21.0,17.0,69.0,69.0,2018-08-21 17:00:00
2018,8.0,21.0,18.0,71.1,71.1,2018-08-21 18:00:00
2018,8.0,21.0,19.0,71.01,71.01,2018-08-21 19:00:00
2018,8.0,21.0,20.0,70.53,70.53,2018-08-21 20:00:00
2018,8.0,21.0,21.0,70.69,70.69,2018-08-21 21:00:00
2018,8.0,21.0,22.0,71.42,71.42,2018-08-21 22:00:00
2018,8.0,21.0,23.0,68.93,68.93,2018-08-21 23:00:00
2018,8.0,21.0,24.0,63.55,63.55,2018-08-22 00:00:00
2018,8.0,22.0,1.0,64.39,64.39,2018-08-22 01:00:00
2018,8.0,22.0,2.0,62.71,62.71,2018-08-22 02:00:00
2018,8.0,22.0,3.0,61.26,61.26,2018-08-22 03:00:00
2018,8.0,22.0,4.0,60.54,60.54,2018-08-22 04:00:00
2018,8.0,22.0,5.0,60.63,60.63,2018-08-22 05:00:00
2018,8.0,22.0,6.0,62.08,62.08,2018-08-22 06:00:00
2018,8.0,22.0,7.0,66.06,66.06,2018-08-22 07:00:00
2018,8.0,22.0,8.0,70.0,70.0,2018-08-22 08:00:00
2018,8.0,22.0,9.0,71.9,71.9,2018-08-22 09:00:00
2018,8.0,22.0,10.0,72.14,72.14,2018-08-22 10:00:00
2018,8.0,22.0,11.0,70.53,70.53,2018-08-22 11:00:00
2018,8.0,22.0,12.0,70.51,70.51,2018-08-22 12:00:00
2018,8.0,22.0,13.0,71.79,71.79,2018-08-22 13:00:00
2018,8.0,22.0,14.0,71.16,71.16,2018-08-22 14:00:00
2018,8.0,22.0,15.0,71.68,71.68,2018-08-22 15:00:00
2018,8.0,22.0,16.0,71.69,71.69,2018-08-22 16:00:00
2018,8.0,22.0,17.0,70.67,70.67,2018-08-22 17:00:00
2018,8.0,22.0,18.0,70.51,70.51,2018-08-22 18:00:00
2018,8.0,22.0,19.0,70.51,70.51,2018-08-22 19:00:00
2018,8.0,22.0,20.0,70.34,70.34,2018-08-22 20:00:00
2018,8.0,22.0,21.0,71.01,71.01,2018-08-22 21:00:00
2018,8.0,22.0,22.0,72.89,72.89,2018-08-22 22:00:00
2018,8.0,22.0,23.0,72.14,72.14,2018-08-22 23:00:00
2018,8.0,22.0,24.0,67.43,67.43,2018-08-23 00:00:00
2018,8.0,23.0,1.0,67.9,67.9,2018-08-23 01:00:00
2018,8.0,23.0,2.0,63.43,63.43,2018-08-23 02:00:00
2018,8.0,23.0,3.0,61.26,61.26,2018-08-23 03:00:00
2018,8.0,23.0,4.0,60.69,60.69,2018-08-23 04:00:00
2018,8.0,23.0,5.0,60.0,60.0,2018-08-23 05:00:00
2018,8.0,23.0,6.0,60.69,60.69,2018-08-23 06:00:00
2018,8.0,23.0,7.0,66.67,66.67,2018-08-23 07:00:00
2018,8.0,23.0,8.0,69.89,69.89,2018-08-23 08:00:00
2018,8.0,23.0,9.0,70.1,70.1,2018-08-23 09:00:00
2018,8.0,23.0,10.0,71.98,71.98,2018-08-23 10:00:00
2018,8.0,23.0,11.0,71.69,71.69,2018-08-23 11:00:00
2018,8.0,23.0,12.0,71.14,71.14,2018-08-23 12:00:00
2018,8.0,23.0,13.0,70.0,70.0,2018-08-23 13:00:00
2018,8.0,23.0,14.0,69.11,69.11,2018-08-23 14:00:00
2018,8.0,23.0,15.0,68.89,68.89,2018-08-23 15:00:00
2018,8.0,23.0,16.0,67.0,67.0,2018-08-23 16:00:00
2018,8.0,23.0,17.0,67.86,67.86,2018-08-23 17:00:00
2018,8.0,23.0,18.0,70.0,70.0,2018-08-23 18:00:00
2018,8.0,23.0,19.0,70.52,70.52,2018-08-23 19:00:00
2018,8.0,23.0,20.0,70.09,70.09,2018-08-23 20:00:00
2018,8.0,23.0,21.0,70.0,70.0,2018-08-23 21:00:00
2018,8.0,23.0,22.0,71.74,71.74,2018-08-23 22:00:00
2018,8.0,23.0,23.0,69.89,69.89,2018-08-23 23:00:00
2018,8.0,23.0,24.0,64.0,64.0,2018-08-24 00:00:00
2018,8.0,24.0,1.0,65.18,65.18,2018-08-24 01:00:00
2018,8.0,24.0,2.0,61.26,61.26,2018-08-24 02:00:00
2018,8.0,24.0,3.0,59.16,59.16,2018-08-24 03:00:00
2018,8.0,24.0,4.0,57.57,57.57,2018-08-24 04:00:00
2018,8.0,24.0,5.0,55.71,55.71,2018-08-24 05:00:00
2018,8.0,24.0,6.0,55.62,55.62,2018-08-24 06:00:00
2018,8.0,24.0,7.0,61.26,61.26,2018-08-24 07:00:00
2018,8.0,24.0,8.0,66.9,66.9,2018-08-24 08:00:00
2018,8.0,24.0,9.0,68.67,68.67,2018-08-24 09:00:00
2018,8.0,24.0,10.0,68.84,68.84,2018-08-24 10:00:00
2018,8.0,24.0,11.0,68.32,68.32,2018-08-24 11:00:00
2018,8.0,24.0,12.0,67.86,67.86,2018-08-24 12:00:00
2018,8.0,24.0,13.0,67.46,67.46,2018-08-24 13:00:00
2018,8.0,24.0,14.0,67.53,67.53,2018-08-24 14:00:00
2018,8.0,24.0,15.0,67.24,67.24,2018-08-24 15:00:00
2018,8.0,24.0,16.0,65.21,65.21,2018-08-24 16:00:00
2018,8.0,24.0,17.0,65.0,65.0,2018-08-24 17:00:00
2018,8.0,24.0,18.0,63.14,63.14,2018-08-24 18:00:00
2018,8.0,24.0,19.0,64.5,64.5,2018-08-24 19:00:00
2018,8.0,24.0,20.0,68.47,68.47,2018-08-24 20:00:00
2018,8.0,24.0,21.0,68.0,68.0,2018-08-24 21:00:00
2018,8.0,24.0,22.0,67.14,67.14,2018-08-24 22:00:00
2018,8.0,24.0,23.0,65.94,65.94,2018-08-24 23:00:00
2018,8.0,24.0,24.0,64.67,64.67,2018-08-25 00:00:00
2018,8.0,25.0,1.0,64.03,64.03,2018-08-25 01:00:00
2018,8.0,25.0,2.0,61.26,61.26,2018-08-25 02:00:00
2018,8.0,25.0,3.0,60.0,60.0,2018-08-25 03:00:00
2018,8.0,25.0,4.0,58.0,58.0,2018-08-25 04:00:00
2018,8.0,25.0,5.0,57.5,57.5,2018-08-25 05:00:00
2018,8.0,25.0,6.0,56.7,56.7,2018-08-25 06:00:00
2018,8.0,25.0,7.0,57.57,57.57,2018-08-25 07:00:00
2018,8.0,25.0,8.0,57.0,57.0,2018-08-25 08:00:00
2018,8.0,25.0,9.0,58.05,58.05,2018-08-25 09:00:00
2018,8.0,25.0,10.0,61.26,61.26,2018-08-25 10:00:00
2018,8.0,25.0,11.0,61.26,61.26,2018-08-25 11:00:00
2018,8.0,25.0,12.0,62.0,62.0,2018-08-25 12:00:00
2018,8.0,25.0,13.0,64.47,64.47,2018-08-25 13:00:00
2018,8.0,25.0,14.0,65.21,65.21,2018-08-25 14:00:00
2018,8.0,25.0,15.0,65.23,65.23,2018-08-25 15:00:00
2018,8.0,25.0,16.0,64.16,64.16,2018-08-25 16:00:00
2018,8.0,25.0,17.0,61.26,61.26,2018-08-25 17:00:00
2018,8.0,25.0,18.0,59.02,59.02,2018-08-25 18:00:00
2018,8.0,25.0,19.0,64.15,64.15,2018-08-25 19:00:00
2018,8.0,25.0,20.0,66.01,66.01,2018-08-25 20:00:00
2018,8.0,25.0,21.0,67.99,67.99,2018-08-25 21:00:00
2018,8.0,25.0,22.0,67.67,67.67,2018-08-25 22:00:00
2018,8.0,25.0,23.0,66.69,66.69,2018-08-25 23:00:00
2018,8.0,25.0,24.0,66.05,66.05,2018-08-26 00:00:00
2018,8.0,26.0,1.0,65.5,65.5,2018-08-26 01:00:00
2018,8.0,26.0,2.0,64.69,64.69,2018-08-26 02:00:00
2018,8.0,26.0,3.0,60.64,60.64,2018-08-26 03:00:00
2018,8.0,26.0,4.0,60.64,60.64,2018-08-26 04:00:00
2018,8.0,26.0,5.0,59.0,59.0,2018-08-26 05:00:00
2018,8.0,26.0,6.0,59.3,59.3,2018-08-26 06:00:00
2018,8.0,26.0,7.0,60.64,60.64,2018-08-26 07:00:00
2018,8.0,26.0,8.0,60.64,60.64,2018-08-26 08:00:00
2018,8.0,26.0,9.0,60.64,60.64,2018-08-26 09:00:00
2018,8.0,26.0,10.0,63.24,63.24,2018-08-26 10:00:00
2018,8.0,26.0,11.0,63.42,63.42,2018-08-26 11:00:00
2018,8.0,26.0,12.0,64.69,64.69,2018-08-26 12:00:00
2018,8.0,26.0,13.0,65.21,65.21,2018-08-26 13:00:00
2018,8.0,26.0,14.0,66.8,66.8,2018-08-26 14:00:00
2018,8.0,26.0,15.0,67.14,67.14,2018-08-26 15:00:00
2018,8.0,26.0,16.0,65.21,65.21,2018-08-26 16:00:00
2018,8.0,26.0,17.0,64.69,64.69,2018-08-26 17:00:00
2018,8.0,26.0,18.0,64.69,64.69,2018-08-26 18:00:00
2018,8.0,26.0,19.0,63.38,63.38,2018-08-26 19:00:00
2018,8.0,26.0,20.0,68.1,68.1,2018-08-26 20:00:00
2018,8.0,26.0,21.0,70.0,70.0,2018-08-26 21:00:00
2018,8.0,26.0,22.0,71.69,71.69,2018-08-26 22:00:00
2018,8.0,26.0,23.0,71.74,71.74,2018-08-26 23:00:00
2018,8.0,26.0,24.0,70.46,70.46,2018-08-27 00:00:00
2018,8.0,27.0,1.0,67.14,67.14,2018-08-27 01:00:00
2018,8.0,27.0,2.0,64.0,64.0,2018-08-27 02:00:00
2018,8.0,27.0,3.0,60.38,60.38,2018-08-27 03:00:00
2018,8.0,27.0,4.0,57.0,57.0,2018-08-27 04:00:00
2018,8.0,27.0,5.0,56.38,56.38,2018-08-27 05:00:00
2018,8.0,27.0,6.0,56.66,56.66,2018-08-27 06:00:00
2018,8.0,27.0,7.0,60.64,60.64,2018-08-27 07:00:00
2018,8.0,27.0,8.0,64.69,64.69,2018-08-27 08:00:00
2018,8.0,27.0,9.0,66.9,66.9,2018-08-27 09:00:00
2018,8.0,27.0,10.0,68.06,68.06,2018-08-27 10:00:00
2018,8.0,27.0,11.0,68.34,68.34,2018-08-27 11:00:00
2018,8.0,27.0,12.0,67.9,67.9,2018-08-27 12:00:00
2018,8.0,27.0,13.0,68.55,68.55,2018-08-27 13:00:00
2018,8.0,27.0,14.0,68.67,68.67,2018-08-27 14:00:00
2018,8.0,27.0,15.0,68.67,68.67,2018-08-27 15:00:00
2018,8.0,27.0,16.0,67.9,67.9,2018-08-27 16:00:00
2018,8.0,27.0,17.0,67.98,67.98,2018-08-27 17:00:00
2018,8.0,27.0,18.0,70.25,70.25,2018-08-27 18:00:00
2018,8.0,27.0,19.0,70.89,70.89,2018-08-27 19:00:00
2018,8.0,27.0,20.0,71.69,71.69,2018-08-27 20:00:00
2018,8.0,27.0,21.0,72.09,72.09,2018-08-27 21:00:00
2018,8.0,27.0,22.0,72.51,72.51,2018-08-27 22:00:00
2018,8.0,27.0,23.0,71.74,71.74,2018-08-27 23:00:00
2018,8.0,27.0,24.0,68.52,68.52,2018-08-28 00:00:00
2018,8.0,28.0,1.0,65.58,65.58,2018-08-28 01:00:00
2018,8.0,28.0,2.0,62.5,62.5,2018-08-28 02:00:00
2018,8.0,28.0,3.0,60.4,60.4,2018-08-28 03:00:00
2018,8.0,28.0,4.0,59.12,59.12,2018-08-28 04:00:00
2018,8.0,28.0,5.0,58.07,58.07,2018-08-28 05:00:00
2018,8.0,28.0,6.0,58.78,58.78,2018-08-28 06:00:00
2018,8.0,28.0,7.0,64.69,64.69,2018-08-28 07:00:00
2018,8.0,28.0,8.0,70.0,70.0,2018-08-28 08:00:00
2018,8.0,28.0,9.0,70.69,70.69,2018-08-28 09:00:00
2018,8.0,28.0,10.0,72.24,72.24,2018-08-28 10:00:00
2018,8.0,28.0,11.0,72.14,72.14,2018-08-28 11:00:00
2018,8.0,28.0,12.0,71.19,71.19,2018-08-28 12:00:00
2018,8.0,28.0,13.0,70.19,70.19,2018-08-28 13:00:00
2018,8.0,28.0,14.0,67.47,67.47,2018-08-28 14:00:00
2018,8.0,28.0,15.0,68.01,68.01,2018-08-28 15:00:00
2018,8.0,28.0,16.0,67.14,67.14,2018-08-28 16:00:00
2018,8.0,28.0,17.0,68.74,68.74,2018-08-28 17:00:00
2018,8.0,28.0,18.0,70.0,70.0,2018-08-28 18:00:00
2018,8.0,28.0,19.0,70.0,70.0,2018-08-28 19:00:00
2018,8.0,28.0,20.0,70.19,70.19,2018-08-28 20:00:00
2018,8.0,28.0,21.0,72.14,72.14,2018-08-28 21:00:00
2018,8.0,28.0,22.0,72.66,74.46,2018-08-28 22:00:00
2018,8.0,28.0,23.0,72.14,72.14,2018-08-28 23:00:00
2018,8.0,28.0,24.0,68.19,68.19,2018-08-29 00:00:00
2018,8.0,29.0,1.0,70.5,70.5,2018-08-29 01:00:00
2018,8.0,29.0,2.0,68.03,68.03,2018-08-29 02:00:00
2018,8.0,29.0,3.0,67.14,67.14,2018-08-29 03:00:00
2018,8.0,29.0,4.0,65.21,65.21,2018-08-29 04:00:00
2018,8.0,29.0,5.0,64.99,64.99,2018-08-29 05:00:00
2018,8.0,29.0,6.0,64.99,64.99,2018-08-29 06:00:00
2018,8.0,29.0,7.0,66.9,66.9,2018-08-29 07:00:00
2018,8.0,29.0,8.0,71.95,71.95,2018-08-29 08:00:00
2018,8.0,29.0,9.0,73.49,73.66,2018-08-29 09:00:00
2018,8.0,29.0,10.0,73.77,76.58,2018-08-29 10:00:00
2018,8.0,29.0,11.0,74.23,75.01,2018-08-29 11:00:00
2018,8.0,29.0,12.0,75.0,75.0,2018-08-29 12:00:00
2018,8.0,29.0,13.0,75.0,75.0,2018-08-29 13:00:00
2018,8.0,29.0,14.0,75.18,75.18,2018-08-29 14:00:00
2018,8.0,29.0,15.0,74.01,74.01,2018-08-29 15:00:00
2018,8.0,29.0,16.0,72.5,72.5,2018-08-29 16:00:00
2018,8.0,29.0,17.0,72.53,72.53,2018-08-29 17:00:00
2018,8.0,29.0,18.0,72.19,72.19,2018-08-29 18:00:00
2018,8.0,29.0,19.0,72.63,72.63,2018-08-29 19:00:00
2018,8.0,29.0,20.0,72.01,72.01,2018-08-29 20:00:00
2018,8.0,29.0,21.0,72.4,72.4,2018-08-29 21:00:00
2018,8.0,29.0,22.0,70.74,70.74,2018-08-29 22:00:00
2018,8.0,29.0,23.0,69.84,69.84,2018-08-29 23:00:00
2018,8.0,29.0,24.0,64.69,64.69,2018-08-30 00:00:00
2018,8.0,30.0,1.0,65.14,65.14,2018-08-30 01:00:00
2018,8.0,30.0,2.0,61.21,61.21,2018-08-30 02:00:00
2018,8.0,30.0,3.0,59.59,59.59,2018-08-30 03:00:00
2018,8.0,30.0,4.0,58.5,58.5,2018-08-30 04:00:00
2018,8.0,30.0,5.0,57.99,57.99,2018-08-30 05:00:00
2018,8.0,30.0,6.0,59.12,59.12,2018-08-30 06:00:00
2018,8.0,30.0,7.0,64.15,64.15,2018-08-30 07:00:00
2018,8.0,30.0,8.0,71.34,71.34,2018-08-30 08:00:00
2018,8.0,30.0,9.0,73.77,74.01,2018-08-30 09:00:00
2018,8.0,30.0,10.0,74.23,76.75,2018-08-30 10:00:00
2018,8.0,30.0,11.0,75.17,75.43,2018-08-30 11:00:00
2018,8.0,30.0,12.0,74.52,74.52,2018-08-30 12:00:00
2018,8.0,30.0,13.0,74.23,74.23,2018-08-30 13:00:00
2018,8.0,30.0,14.0,74.96,74.96,2018-08-30 14:00:00
2018,8.0,30.0,15.0,73.77,73.77,2018-08-30 15:00:00
2018,8.0,30.0,16.0,73.77,73.77,2018-08-30 16:00:00
2018,8.0,30.0,17.0,72.93,72.93,2018-08-30 17:00:00
2018,8.0,30.0,18.0,72.13,72.13,2018-08-30 18:00:00
2018,8.0,30.0,19.0,73.66,73.66,2018-08-30 19:00:00
2018,8.0,30.0,20.0,73.77,73.77,2018-08-30 20:00:00
2018,8.0,30.0,21.0,73.69,73.69,2018-08-30 21:00:00
2018,8.0,30.0,22.0,73.34,73.34,2018-08-30 22:00:00
2018,8.0,30.0,23.0,71.59,71.59,2018-08-30 23:00:00
2018,8.0,30.0,24.0,66.19,66.19,2018-08-31 00:00:00
2018,8.0,31.0,1.0,64.69,64.69,2018-08-31 01:00:00
2018,8.0,31.0,2.0,61.0,61.0,2018-08-31 02:00:00
2018,8.0,31.0,3.0,59.29,59.29,2018-08-31 03:00:00
2018,8.0,31.0,4.0,57.82,57.82,2018-08-31 04:00:00
2018,8.0,31.0,5.0,57.82,57.82,2018-08-31 05:00:00
2018,8.0,31.0,6.0,57.82,57.82,2018-08-31 06:00:00
2018,8.0,31.0,7.0,64.15,64.15,2018-08-31 07:00:00
2018,8.0,31.0,8.0,72.18,72.18,2018-08-31 08:00:00
2018,8.0,31.0,9.0,73.51,73.51,2018-08-31 09:00:00
2018,8.0,31.0,10.0,74.4,74.4,2018-08-31 10:00:00
2018,8.0,31.0,11.0,73.66,73.66,2018-08-31 11:00:00
2018,8.0,31.0,12.0,73.49,73.49,2018-08-31 12:00:00
2018,8.0,31.0,13.0,72.5,72.5,2018-08-31 13:00:00
2018,8.0,31.0,14.0,72.47,72.47,2018-08-31 14:00:00
2018,8.0,31.0,15.0,72.45,72.45,2018-08-31 15:00:00
2018,8.0,31.0,16.0,71.29,71.29,2018-08-31 16:00:00
2018,8.0,31.0,17.0,70.5,70.5,2018-08-31 17:00:00
2018,8.0,31.0,18.0,70.27,70.27,2018-08-31 18:00:00
2018,8.0,31.0,19.0,72.17,72.17,2018-08-31 19:00:00
2018,8.0,31.0,20.0,72.19,72.19,2018-08-31 20:00:00
2018,8.0,31.0,21.0,73.31,73.31,2018-08-31 21:00:00
2018,8.0,31.0,22.0,72.51,72.51,2018-08-31 22:00:00
2018,8.0,31.0,23.0,69.98,69.98,2018-08-31 23:00:00
2018,8.0,31.0,24.0,65.25,65.25,2018-09-01 00:00:00
2018,9.0,1.0,1.0,67.49,67.49,2018-09-01 01:00:00
2018,9.0,1.0,2.0,61.91,61.91,2018-09-01 02:00:00
2018,9.0,1.0,3.0,59.28,59.28,2018-09-01 03:00:00
2018,9.0,1.0,4.0,58.07,58.07,2018-09-01 04:00:00
2018,9.0,1.0,5.0,57.57,57.57,2018-09-01 05:00:00
2018,9.0,1.0,6.0,56.74,56.74,2018-09-01 06:00:00
2018,9.0,1.0,7.0,56.62,56.62,2018-09-01 07:00:00
2018,9.0,1.0,8.0,57.95,57.95,2018-09-01 08:00:00
2018,9.0,1.0,9.0,60.91,60.91,2018-09-01 09:00:00
2018,9.0,1.0,10.0,66.5,66.5,2018-09-01 10:00:00
2018,9.0,1.0,11.0,64.68,64.68,2018-09-01 11:00:00
2018,9.0,1.0,12.0,64.86,64.86,2018-09-01 12:00:00
2018,9.0,1.0,13.0,63.62,63.62,2018-09-01 13:00:00
2018,9.0,1.0,14.0,66.86,66.86,2018-09-01 14:00:00
2018,9.0,1.0,15.0,67.19,67.19,2018-09-01 15:00:00
2018,9.0,1.0,16.0,66.37,66.37,2018-09-01 16:00:00
2018,9.0,1.0,17.0,63.96,63.96,2018-09-01 17:00:00
2018,9.0,1.0,18.0,62.43,62.43,2018-09-01 18:00:00
2018,9.0,1.0,19.0,68.49,68.49,2018-09-01 19:00:00
2018,9.0,1.0,20.0,70.0,70.0,2018-09-01 20:00:00
2018,9.0,1.0,21.0,71.14,71.14,2018-09-01 21:00:00
2018,9.0,1.0,22.0,70.67,70.67,2018-09-01 22:00:00
2018,9.0,1.0,23.0,68.72,68.72,2018-09-01 23:00:00
2018,9.0,1.0,24.0,67.15,67.15,2018-09-02 00:00:00
2018,9.0,2.0,1.0,65.8,65.8,2018-09-02 01:00:00
2018,9.0,2.0,2.0,60.91,60.91,2018-09-02 02:00:00
2018,9.0,2.0,3.0,59.28,59.28,2018-09-02 03:00:00
2018,9.0,2.0,4.0,59.28,59.28,2018-09-02 04:00:00
2018,9.0,2.0,5.0,58.95,58.95,2018-09-02 05:00:00
2018,9.0,2.0,6.0,59.28,59.28,2018-09-02 06:00:00
2018,9.0,2.0,7.0,59.28,59.28,2018-09-02 07:00:00
2018,9.0,2.0,8.0,59.28,59.28,2018-09-02 08:00:00
2018,9.0,2.0,9.0,59.28,59.28,2018-09-02 09:00:00
2018,9.0,2.0,10.0,61.69,61.69,2018-09-02 10:00:00
2018,9.0,2.0,11.0,61.69,61.69,2018-09-02 11:00:00
2018,9.0,2.0,12.0,63.5,63.5,2018-09-02 12:00:00
2018,9.0,2.0,13.0,64.78,64.78,2018-09-02 13:00:00
2018,9.0,2.0,14.0,65.8,65.8,2018-09-02 14:00:00
2018,9.0,2.0,15.0,65.8,65.8,2018-09-02 15:00:00
2018,9.0,2.0,16.0,63.96,63.96,2018-09-02 16:00:00
2018,9.0,2.0,17.0,65.01,65.01,2018-09-02 17:00:00
2018,9.0,2.0,18.0,65.8,65.8,2018-09-02 18:00:00
2018,9.0,2.0,19.0,63.5,63.5,2018-09-02 19:00:00
2018,9.0,2.0,20.0,67.72,67.72,2018-09-02 20:00:00
2018,9.0,2.0,21.0,70.67,70.67,2018-09-02 21:00:00
2018,9.0,2.0,22.0,73.07,73.07,2018-09-02 22:00:00
2018,9.0,2.0,23.0,72.3,72.3,2018-09-02 23:00:00
2018,9.0,2.0,24.0,71.39,71.39,2018-09-03 00:00:00
2018,9.0,3.0,1.0,70.47,70.47,2018-09-03 01:00:00
2018,9.0,3.0,2.0,68.14,68.14,2018-09-03 02:00:00
2018,9.0,3.0,3.0,65.1,65.1,2018-09-03 03:00:00
2018,9.0,3.0,4.0,62.52,62.52,2018-09-03 04:00:00
2018,9.0,3.0,5.0,61.69,61.69,2018-09-03 05:00:00
2018,9.0,3.0,6.0,61.69,61.69,2018-09-03 06:00:00
2018,9.0,3.0,7.0,68.14,68.14,2018-09-03 07:00:00
2018,9.0,3.0,8.0,72.0,72.0,2018-09-03 08:00:00
2018,9.0,3.0,9.0,73.55,73.55,2018-09-03 09:00:00
2018,9.0,3.0,10.0,73.91,73.91,2018-09-03 10:00:00
2018,9.0,3.0,11.0,73.51,73.51,2018-09-03 11:00:00
2018,9.0,3.0,12.0,73.6,73.6,2018-09-03 12:00:00
2018,9.0,3.0,13.0,74.17,74.17,2018-09-03 13:00:00
2018,9.0,3.0,14.0,74.17,74.17,2018-09-03 14:00:00
2018,9.0,3.0,15.0,72.5,72.5,2018-09-03 15:00:00
2018,9.0,3.0,16.0,72.19,72.19,2018-09-03 16:00:00
2018,9.0,3.0,17.0,71.68,71.68,2018-09-03 17:00:00
2018,9.0,3.0,18.0,71.07,71.07,2018-09-03 18:00:00
2018,9.0,3.0,19.0,72.3,72.3,2018-09-03 19:00:00
2018,9.0,3.0,20.0,72.99,72.99,2018-09-03 20:00:00
2018,9.0,3.0,21.0,72.91,72.91,2018-09-03 21:00:00
2018,9.0,3.0,22.0,72.19,72.19,2018-09-03 22:00:00
2018,9.0,3.0,23.0,71.14,71.14,2018-09-03 23:00:00
2018,9.0,3.0,24.0,69.02,69.02,2018-09-04 00:00:00
2018,9.0,4.0,1.0,68.77,68.77,2018-09-04 01:00:00
2018,9.0,4.0,2.0,67.15,67.15,2018-09-04 02:00:00
2018,9.0,4.0,3.0,64.07,64.07,2018-09-04 03:00:00
2018,9.0,4.0,4.0,61.69,61.69,2018-09-04 04:00:00
2018,9.0,4.0,5.0,61.69,61.69,2018-09-04 05:00:00
2018,9.0,4.0,6.0,62.99,62.99,2018-09-04 06:00:00
2018,9.0,4.0,7.0,68.21,68.21,2018-09-04 07:00:00
2018,9.0,4.0,8.0,73.02,73.02,2018-09-04 08:00:00
2018,9.0,4.0,9.0,74.68,74.68,2018-09-04 09:00:00
2018,9.0,4.0,10.0,74.91,74.91,2018-09-04 10:00:00
2018,9.0,4.0,11.0,74.42,74.42,2018-09-04 11:00:00
2018,9.0,4.0,12.0,74.3,74.3,2018-09-04 12:00:00
2018,9.0,4.0,13.0,74.42,74.42,2018-09-04 13:00:00
2018,9.0,4.0,14.0,74.7,74.7,2018-09-04 14:00:00
2018,9.0,4.0,15.0,74.42,74.42,2018-09-04 15:00:00
2018,9.0,4.0,16.0,73.73,73.73,2018-09-04 16:00:00
2018,9.0,4.0,17.0,73.18,73.18,2018-09-04 17:00:00
2018,9.0,4.0,18.0,72.94,72.94,2018-09-04 18:00:00
2018,9.0,4.0,19.0,73.99,73.99,2018-09-04 19:00:00
2018,9.0,4.0,20.0,75.0,75.0,2018-09-04 20:00:00
2018,9.0,4.0,21.0,75.0,75.0,2018-09-04 21:00:00
2018,9.0,4.0,22.0,73.81,73.81,2018-09-04 22:00:00
2018,9.0,4.0,23.0,73.01,73.01,2018-09-04 23:00:00
2018,9.0,4.0,24.0,71.25,71.25,2018-09-05 00:00:00
2018,9.0,5.0,1.0,71.02,71.02,2018-09-05 01:00:00
2018,9.0,5.0,2.0,70.0,70.0,2018-09-05 02:00:00
2018,9.0,5.0,3.0,68.21,68.21,2018-09-05 03:00:00
2018,9.0,5.0,4.0,68.14,68.14,2018-09-05 04:00:00
2018,9.0,5.0,5.0,68.0,68.0,2018-09-05 05:00:00
2018,9.0,5.0,6.0,68.21,68.21,2018-09-05 06:00:00
2018,9.0,5.0,7.0,71.54,71.54,2018-09-05 07:00:00
2018,9.0,5.0,8.0,75.65,75.65,2018-09-05 08:00:00
2018,9.0,5.0,9.0,76.76,76.76,2018-09-05 09:00:00
2018,9.0,5.0,10.0,77.06,77.06,2018-09-05 10:00:00
2018,9.0,5.0,11.0,77.01,77.01,2018-09-05 11:00:00
2018,9.0,5.0,12.0,77.47,77.47,2018-09-05 12:00:00
2018,9.0,5.0,13.0,77.61,77.61,2018-09-05 13:00:00
2018,9.0,5.0,14.0,77.1,77.1,2018-09-05 14:00:00
2018,9.0,5.0,15.0,76.72,76.72,2018-09-05 15:00:00
2018,9.0,5.0,16.0,76.03,76.03,2018-09-05 16:00:00
2018,9.0,5.0,17.0,75.7,75.7,2018-09-05 17:00:00
2018,9.0,5.0,18.0,75.57,75.57,2018-09-05 18:00:00
2018,9.0,5.0,19.0,76.76,76.76,2018-09-05 19:00:00
2018,9.0,5.0,20.0,78.34,78.34,2018-09-05 20:00:00
2018,9.0,5.0,21.0,79.33,79.33,2018-09-05 21:00:00
2018,9.0,5.0,22.0,77.25,77.25,2018-09-05 22:00:00
2018,9.0,5.0,23.0,75.7,75.7,2018-09-05 23:00:00
2018,9.0,5.0,24.0,74.8,74.8,2018-09-06 00:00:00
2018,9.0,6.0,1.0,71.39,71.39,2018-09-06 01:00:00
2018,9.0,6.0,2.0,69.9,69.9,2018-09-06 02:00:00
2018,9.0,6.0,3.0,67.15,67.15,2018-09-06 03:00:00
2018,9.0,6.0,4.0,64.52,64.52,2018-09-06 04:00:00
2018,9.0,6.0,5.0,61.69,61.69,2018-09-06 05:00:00
2018,9.0,6.0,6.0,62.99,62.99,2018-09-06 06:00:00
2018,9.0,6.0,7.0,68.98,68.98,2018-09-06 07:00:00
2018,9.0,6.0,8.0,73.78,73.78,2018-09-06 08:00:00
2018,9.0,6.0,9.0,74.95,74.95,2018-09-06 09:00:00
2018,9.0,6.0,10.0,75.57,75.57,2018-09-06 10:00:00
2018,9.0,6.0,11.0,74.36,74.36,2018-09-06 11:00:00
2018,9.0,6.0,12.0,73.4,73.4,2018-09-06 12:00:00
2018,9.0,6.0,13.0,72.01,72.01,2018-09-06 13:00:00
2018,9.0,6.0,14.0,72.3,72.3,2018-09-06 14:00:00
2018,9.0,6.0,15.0,72.01,72.01,2018-09-06 15:00:00
2018,9.0,6.0,16.0,71.8,71.8,2018-09-06 16:00:00
2018,9.0,6.0,17.0,71.42,71.42,2018-09-06 17:00:00
2018,9.0,6.0,18.0,73.73,73.73,2018-09-06 18:00:00
2018,9.0,6.0,19.0,73.89,73.89,2018-09-06 19:00:00
2018,9.0,6.0,20.0,74.03,74.03,2018-09-06 20:00:00
2018,9.0,6.0,21.0,74.3,74.3,2018-09-06 21:00:00
2018,9.0,6.0,22.0,72.3,72.3,2018-09-06 22:00:00
2018,9.0,6.0,23.0,70.39,70.39,2018-09-06 23:00:00
2018,9.0,6.0,24.0,68.14,68.14,2018-09-07 00:00:00
2018,9.0,7.0,1.0,67.0,67.0,2018-09-07 01:00:00
2018,9.0,7.0,2.0,60.91,60.91,2018-09-07 02:00:00
2018,9.0,7.0,3.0,57.95,57.95,2018-09-07 03:00:00
2018,9.0,7.0,4.0,56.33,56.33,2018-09-07 04:00:00
2018,9.0,7.0,5.0,55.69,55.69,2018-09-07 05:00:00
2018,9.0,7.0,6.0,55.88,55.88,2018-09-07 06:00:00
2018,9.0,7.0,7.0,66.98,66.98,2018-09-07 07:00:00
2018,9.0,7.0,8.0,71.14,71.14,2018-09-07 08:00:00
2018,9.0,7.0,9.0,72.66,72.66,2018-09-07 09:00:00
2018,9.0,7.0,10.0,74.42,74.42,2018-09-07 10:00:00
2018,9.0,7.0,11.0,72.68,72.68,2018-09-07 11:00:00
2018,9.0,7.0,12.0,71.3,71.3,2018-09-07 12:00:00
2018,9.0,7.0,13.0,71.14,71.14,2018-09-07 13:00:00
2018,9.0,7.0,14.0,70.97,70.97,2018-09-07 14:00:00
2018,9.0,7.0,15.0,70.97,70.97,2018-09-07 15:00:00
2018,9.0,7.0,16.0,71.08,71.08,2018-09-07 16:00:00
2018,9.0,7.0,17.0,71.39,71.39,2018-09-07 17:00:00
2018,9.0,7.0,18.0,71.39,71.39,2018-09-07 18:00:00
2018,9.0,7.0,19.0,70.67,70.67,2018-09-07 19:00:00
2018,9.0,7.0,20.0,71.14,71.14,2018-09-07 20:00:00
2018,9.0,7.0,21.0,72.01,72.01,2018-09-07 21:00:00
2018,9.0,7.0,22.0,71.68,71.68,2018-09-07 22:00:00
2018,9.0,7.0,23.0,69.72,69.72,2018-09-07 23:00:00
2018,9.0,7.0,24.0,68.14,68.14,2018-09-08 00:00:00
2018,9.0,8.0,1.0,69.9,69.9,2018-09-08 01:00:00
2018,9.0,8.0,2.0,68.14,68.14,2018-09-08 02:00:00
2018,9.0,8.0,3.0,65.62,65.62,2018-09-08 03:00:00
2018,9.0,8.0,4.0,63.51,63.51,2018-09-08 04:00:00
2018,9.0,8.0,5.0,61.51,61.51,2018-09-08 05:00:00
2018,9.0,8.0,6.0,61.45,61.45,2018-09-08 06:00:00
2018,9.0,8.0,7.0,64.1,64.1,2018-09-08 07:00:00
2018,9.0,8.0,8.0,65.55,65.55,2018-09-08 08:00:00
2018,9.0,8.0,9.0,65.55,65.55,2018-09-08 09:00:00
2018,9.0,8.0,10.0,69.67,69.67,2018-09-08 10:00:00
2018,9.0,8.0,11.0,70.4,70.4,2018-09-08 11:00:00
2018,9.0,8.0,12.0,70.67,70.67,2018-09-08 12:00:00
2018,9.0,8.0,13.0,70.67,70.67,2018-09-08 13:00:00
2018,9.0,8.0,14.0,71.14,71.14,2018-09-08 14:00:00
2018,9.0,8.0,15.0,71.01,71.01,2018-09-08 15:00:00
2018,9.0,8.0,16.0,70.0,70.0,2018-09-08 16:00:00
2018,9.0,8.0,17.0,69.7,69.7,2018-09-08 17:00:00
2018,9.0,8.0,18.0,69.9,69.9,2018-09-08 18:00:00
2018,9.0,8.0,19.0,70.35,70.35,2018-09-08 19:00:00
2018,9.0,8.0,20.0,72.3,72.3,2018-09-08 20:00:00
2018,9.0,8.0,21.0,74.91,74.91,2018-09-08 21:00:00
2018,9.0,8.0,22.0,76.04,76.04,2018-09-08 22:00:00
2018,9.0,8.0,23.0,74.8,74.8,2018-09-08 23:00:00
2018,9.0,8.0,24.0,73.73,73.73,2018-09-09 00:00:00
2018,9.0,9.0,1.0,74.0,74.0,2018-09-09 01:00:00
2018,9.0,9.0,2.0,71.68,71.68,2018-09-09 02:00:00
2018,9.0,9.0,3.0,70.66,70.66,2018-09-09 03:00:00
2018,9.0,9.0,4.0,69.9,69.9,2018-09-09 04:00:00
2018,9.0,9.0,5.0,69.5,69.5,2018-09-09 05:00:00
2018,9.0,9.0,6.0,69.67,69.67,2018-09-09 06:00:00
2018,9.0,9.0,7.0,69.9,69.9,2018-09-09 07:00:00
2018,9.0,9.0,8.0,69.67,69.67,2018-09-09 08:00:00
2018,9.0,9.0,9.0,69.67,69.67,2018-09-09 09:00:00
2018,9.0,9.0,10.0,70.67,70.67,2018-09-09 10:00:00
2018,9.0,9.0,11.0,71.6,71.6,2018-09-09 11:00:00
2018,9.0,9.0,12.0,71.39,71.39,2018-09-09 12:00:00
2018,9.0,9.0,13.0,71.39,71.39,2018-09-09 13:00:00
2018,9.0,9.0,14.0,71.79,71.79,2018-09-09 14:00:00
2018,9.0,9.0,15.0,71.85,71.85,2018-09-09 15:00:00
2018,9.0,9.0,16.0,70.0,70.0,2018-09-09 16:00:00
2018,9.0,9.0,17.0,68.21,68.21,2018-09-09 17:00:00
2018,9.0,9.0,18.0,68.07,68.07,2018-09-09 18:00:00
2018,9.0,9.0,19.0,68.14,68.14,2018-09-09 19:00:00
2018,9.0,9.0,20.0,71.9,71.9,2018-09-09 20:00:00
2018,9.0,9.0,21.0,74.11,74.11,2018-09-09 21:00:00
2018,9.0,9.0,22.0,74.42,74.42,2018-09-09 22:00:00
2018,9.0,9.0,23.0,72.01,72.01,2018-09-09 23:00:00
2018,9.0,9.0,24.0,70.67,70.67,2018-09-10 00:00:00
2018,9.0,10.0,1.0,69.67,69.67,2018-09-10 01:00:00
2018,9.0,10.0,2.0,67.15,67.15,2018-09-10 02:00:00
2018,9.0,10.0,3.0,64.09,64.09,2018-09-10 03:00:00
2018,9.0,10.0,4.0,62.69,62.69,2018-09-10 04:00:00
2018,9.0,10.0,5.0,62.19,62.19,2018-09-10 05:00:00
2018,9.0,10.0,6.0,62.91,62.91,2018-09-10 06:00:00
2018,9.0,10.0,7.0,70.24,70.24,2018-09-10 07:00:00
2018,9.0,10.0,8.0,74.3,74.3,2018-09-10 08:00:00
2018,9.0,10.0,9.0,75.19,75.19,2018-09-10 09:00:00
2018,9.0,10.0,10.0,76.04,76.04,2018-09-10 10:00:00
2018,9.0,10.0,11.0,75.43,75.43,2018-09-10 11:00:00
2018,9.0,10.0,12.0,75.36,75.36,2018-09-10 12:00:00
2018,9.0,10.0,13.0,75.7,75.7,2018-09-10 13:00:00
2018,9.0,10.0,14.0,75.7,75.7,2018-09-10 14:00:00
2018,9.0,10.0,15.0,75.43,75.43,2018-09-10 15:00:00
2018,9.0,10.0,16.0,74.95,74.95,2018-09-10 16:00:00
2018,9.0,10.0,17.0,74.51,74.51,2018-09-10 17:00:00
2018,9.0,10.0,18.0,74.74,74.74,2018-09-10 18:00:00
2018,9.0,10.0,19.0,75.4,75.4,2018-09-10 19:00:00
2018,9.0,10.0,20.0,77.36,77.36,2018-09-10 20:00:00
2018,9.0,10.0,21.0,79.93,79.93,2018-09-10 21:00:00
2018,9.0,10.0,22.0,75.74,75.74,2018-09-10 22:00:00
2018,9.0,10.0,23.0,73.18,73.18,2018-09-10 23:00:00
2018,9.0,10.0,24.0,70.67,70.67,2018-09-11 00:00:00
2018,9.0,11.0,1.0,69.69,69.69,2018-09-11 01:00:00
2018,9.0,11.0,2.0,67.15,67.15,2018-09-11 02:00:00
2018,9.0,11.0,3.0,64.95,64.95,2018-09-11 03:00:00
2018,9.0,11.0,4.0,63.62,63.62,2018-09-11 04:00:00
2018,9.0,11.0,5.0,61.56,61.56,2018-09-11 05:00:00
2018,9.0,11.0,6.0,63.62,63.62,2018-09-11 06:00:00
2018,9.0,11.0,7.0,68.21,68.21,2018-09-11 07:00:00
2018,9.0,11.0,8.0,72.5,72.5,2018-09-11 08:00:00
2018,9.0,11.0,9.0,73.92,73.92,2018-09-11 09:00:00
2018,9.0,11.0,10.0,73.85,73.85,2018-09-11 10:00:00
2018,9.0,11.0,11.0,73.51,73.51,2018-09-11 11:00:00
2018,9.0,11.0,12.0,73.09,73.09,2018-09-11 12:00:00
2018,9.0,11.0,13.0,73.74,73.74,2018-09-11 13:00:00
2018,9.0,11.0,14.0,73.93,73.93,2018-09-11 14:00:00
2018,9.0,11.0,15.0,73.92,73.92,2018-09-11 15:00:00
2018,9.0,11.0,16.0,73.92,73.92,2018-09-11 16:00:00
2018,9.0,11.0,17.0,73.92,73.92,2018-09-11 17:00:00
2018,9.0,11.0,18.0,73.96,73.96,2018-09-11 18:00:00
2018,9.0,11.0,19.0,75.12,75.12,2018-09-11 19:00:00
2018,9.0,11.0,20.0,76.04,76.04,2018-09-11 20:00:00
2018,9.0,11.0,21.0,79.0,79.0,2018-09-11 21:00:00
2018,9.0,11.0,22.0,76.23,76.23,2018-09-11 22:00:00
2018,9.0,11.0,23.0,74.42,74.42,2018-09-11 23:00:00
2018,9.0,11.0,24.0,73.01,73.01,2018-09-12 00:00:00
2018,9.0,12.0,1.0,71.71,71.71,2018-09-12 01:00:00
2018,9.0,12.0,2.0,70.67,70.67,2018-09-12 02:00:00
2018,9.0,12.0,3.0,69.9,69.9,2018-09-12 03:00:00
2018,9.0,12.0,4.0,68.21,68.21,2018-09-12 04:00:00
2018,9.0,12.0,5.0,68.62,68.62,2018-09-12 05:00:00
2018,9.0,12.0,6.0,70.0,70.0,2018-09-12 06:00:00
2018,9.0,12.0,7.0,73.92,73.92,2018-09-12 07:00:00
2018,9.0,12.0,8.0,76.04,76.04,2018-09-12 08:00:00
2018,9.0,12.0,9.0,76.04,76.04,2018-09-12 09:00:00
2018,9.0,12.0,10.0,77.7,77.7,2018-09-12 10:00:00
2018,9.0,12.0,11.0,77.07,77.07,2018-09-12 11:00:00
2018,9.0,12.0,12.0,77.0,77.0,2018-09-12 12:00:00
2018,9.0,12.0,13.0,77.88,77.88,2018-09-12 13:00:00
2018,9.0,12.0,14.0,78.0,78.0,2018-09-12 14:00:00
2018,9.0,12.0,15.0,77.89,77.89,2018-09-12 15:00:00
2018,9.0,12.0,16.0,77.69,77.69,2018-09-12 16:00:00
2018,9.0,12.0,17.0,77.69,77.69,2018-09-12 17:00:00
2018,9.0,12.0,18.0,77.03,77.03,2018-09-12 18:00:00
2018,9.0,12.0,19.0,77.64,77.64,2018-09-12 19:00:00
2018,9.0,12.0,20.0,78.78,78.78,2018-09-12 20:00:00
2018,9.0,12.0,21.0,80.08,80.08,2018-09-12 21:00:00
2018,9.0,12.0,22.0,79.05,79.05,2018-09-12 22:00:00
2018,9.0,12.0,23.0,76.04,76.04,2018-09-12 23:00:00
2018,9.0,12.0,24.0,74.74,74.74,2018-09-13 00:00:00
2018,9.0,13.0,1.0,73.27,73.27,2018-09-13 01:00:00
2018,9.0,13.0,2.0,71.39,71.39,2018-09-13 02:00:00
2018,9.0,13.0,3.0,69.9,69.9,2018-09-13 03:00:00
2018,9.0,13.0,4.0,68.21,68.21,2018-09-13 04:00:00
2018,9.0,13.0,5.0,68.0,68.0,2018-09-13 05:00:00
2018,9.0,13.0,6.0,68.21,68.21,2018-09-13 06:00:00
2018,9.0,13.0,7.0,72.11,72.11,2018-09-13 07:00:00
2018,9.0,13.0,8.0,77.89,77.89,2018-09-13 08:00:00
2018,9.0,13.0,9.0,79.66,79.66,2018-09-13 09:00:00
2018,9.0,13.0,10.0,79.94,79.94,2018-09-13 10:00:00
2018,9.0,13.0,11.0,78.89,78.89,2018-09-13 11:00:00
2018,9.0,13.0,12.0,77.75,77.75,2018-09-13 12:00:00
2018,9.0,13.0,13.0,76.66,76.66,2018-09-13 13:00:00
2018,9.0,13.0,14.0,76.26,76.26,2018-09-13 14:00:00
2018,9.0,13.0,15.0,75.99,75.99,2018-09-13 15:00:00
2018,9.0,13.0,16.0,75.0,75.0,2018-09-13 16:00:00
2018,9.0,13.0,17.0,75.25,75.25,2018-09-13 17:00:00
2018,9.0,13.0,18.0,75.7,75.7,2018-09-13 18:00:00
2018,9.0,13.0,19.0,77.6,77.6,2018-09-13 19:00:00
2018,9.0,13.0,20.0,78.19,78.19,2018-09-13 20:00:00
2018,9.0,13.0,21.0,78.8,78.8,2018-09-13 21:00:00
2018,9.0,13.0,22.0,76.04,76.04,2018-09-13 22:00:00
2018,9.0,13.0,23.0,72.9,72.9,2018-09-13 23:00:00
2018,9.0,13.0,24.0,70.67,70.67,2018-09-14 00:00:00
2018,9.0,14.0,1.0,69.9,69.9,2018-09-14 01:00:00
2018,9.0,14.0,2.0,67.03,67.03,2018-09-14 02:00:00
2018,9.0,14.0,3.0,63.62,63.62,2018-09-14 03:00:00
2018,9.0,14.0,4.0,63.11,63.11,2018-09-14 04:00:00
2018,9.0,14.0,5.0,63.49,63.49,2018-09-14 05:00:00
2018,9.0,14.0,6.0,66.0,66.0,2018-09-14 06:00:00
2018,9.0,14.0,7.0,70.91,70.91,2018-09-14 07:00:00
2018,9.0,14.0,8.0,75.16,75.16,2018-09-14 08:00:00
2018,9.0,14.0,9.0,78.45,78.45,2018-09-14 09:00:00
2018,9.0,14.0,10.0,78.46,78.46,2018-09-14 10:00:00
2018,9.0,14.0,11.0,77.45,77.45,2018-09-14 11:00:00
2018,9.0,14.0,12.0,76.8,76.8,2018-09-14 12:00:00
2018,9.0,14.0,13.0,77.07,77.07,2018-09-14 13:00:00
2018,9.0,14.0,14.0,77.75,77.75,2018-09-14 14:00:00
2018,9.0,14.0,15.0,77.13,77.13,2018-09-14 15:00:00
2018,9.0,14.0,16.0,76.04,76.04,2018-09-14 16:00:00
2018,9.0,14.0,17.0,75.95,75.95,2018-09-14 17:00:00
2018,9.0,14.0,18.0,75.7,75.7,2018-09-14 18:00:00
2018,9.0,14.0,19.0,74.92,74.92,2018-09-14 19:00:00
2018,9.0,14.0,20.0,74.91,74.91,2018-09-14 20:00:00
2018,9.0,14.0,21.0,74.74,74.74,2018-09-14 21:00:00
2018,9.0,14.0,22.0,74.93,74.93,2018-09-14 22:00:00
2018,9.0,14.0,23.0,72.3,72.3,2018-09-14 23:00:00
2018,9.0,14.0,24.0,70.29,70.29,2018-09-15 00:00:00
2018,9.0,15.0,1.0,70.9,70.9,2018-09-15 01:00:00
2018,9.0,15.0,2.0,69.93,69.93,2018-09-15 02:00:00
2018,9.0,15.0,3.0,68.21,68.21,2018-09-15 03:00:00
2018,9.0,15.0,4.0,67.4,67.4,2018-09-15 04:00:00
2018,9.0,15.0,5.0,67.0,67.0,2018-09-15 05:00:00
2018,9.0,15.0,6.0,66.82,66.82,2018-09-15 06:00:00
2018,9.0,15.0,7.0,67.4,67.4,2018-09-15 07:00:00
2018,9.0,15.0,8.0,69.4,69.4,2018-09-15 08:00:00
2018,9.0,15.0,9.0,67.15,67.15,2018-09-15 09:00:00
2018,9.0,15.0,10.0,69.74,69.74,2018-09-15 10:00:00
2018,9.0,15.0,11.0,70.67,70.67,2018-09-15 11:00:00
2018,9.0,15.0,12.0,71.14,71.14,2018-09-15 12:00:00
2018,9.0,15.0,13.0,71.39,71.39,2018-09-15 13:00:00
2018,9.0,15.0,14.0,72.3,72.3,2018-09-15 14:00:00
2018,9.0,15.0,15.0,72.0,72.0,2018-09-15 15:00:00
2018,9.0,15.0,16.0,70.67,70.67,2018-09-15 16:00:00
2018,9.0,15.0,17.0,69.5,69.5,2018-09-15 17:00:00
2018,9.0,15.0,18.0,68.57,68.57,2018-09-15 18:00:00
2018,9.0,15.0,19.0,69.64,69.64,2018-09-15 19:00:00
2018,9.0,15.0,20.0,71.14,71.14,2018-09-15 20:00:00
2018,9.0,15.0,21.0,74.64,74.64,2018-09-15 21:00:00
2018,9.0,15.0,22.0,75.7,75.7,2018-09-15 22:00:00
2018,9.0,15.0,23.0,74.42,74.42,2018-09-15 23:00:00
2018,9.0,15.0,24.0,75.0,75.0,2018-09-16 00:00:00
2018,9.0,16.0,1.0,73.75,73.75,2018-09-16 01:00:00
2018,9.0,16.0,2.0,71.76,71.76,2018-09-16 02:00:00
2018,9.0,16.0,3.0,71.14,71.14,2018-09-16 03:00:00
2018,9.0,16.0,4.0,71.14,71.14,2018-09-16 04:00:00
2018,9.0,16.0,5.0,69.9,69.9,2018-09-16 05:00:00
2018,9.0,16.0,6.0,69.67,69.67,2018-09-16 06:00:00
2018,9.0,16.0,7.0,69.9,69.9,2018-09-16 07:00:00
2018,9.0,16.0,8.0,69.9,69.9,2018-09-16 08:00:00
2018,9.0,16.0,9.0,69.67,69.67,2018-09-16 09:00:00
2018,9.0,16.0,10.0,71.02,71.02,2018-09-16 10:00:00
2018,9.0,16.0,11.0,70.67,70.67,2018-09-16 11:00:00
2018,9.0,16.0,12.0,70.17,70.17,2018-09-16 12:00:00
2018,9.0,16.0,13.0,69.99,69.99,2018-09-16 13:00:00
2018,9.0,16.0,14.0,71.25,71.25,2018-09-16 14:00:00
2018,9.0,16.0,15.0,71.14,71.14,2018-09-16 15:00:00
2018,9.0,16.0,16.0,69.9,69.9,2018-09-16 16:00:00
2018,9.0,16.0,17.0,68.21,68.21,2018-09-16 17:00:00
2018,9.0,16.0,18.0,68.14,68.14,2018-09-16 18:00:00
2018,9.0,16.0,19.0,63.13,63.13,2018-09-16 19:00:00
2018,9.0,16.0,20.0,70.78,70.78,2018-09-16 20:00:00
2018,9.0,16.0,21.0,74.8,74.8,2018-09-16 21:00:00
2018,9.0,16.0,22.0,77.99,77.99,2018-09-16 22:00:00
2018,9.0,16.0,23.0,75.69,75.69,2018-09-16 23:00:00
2018,9.0,16.0,24.0,74.6,74.6,2018-09-17 00:00:00
2018,9.0,17.0,1.0,68.21,68.21,2018-09-17 01:00:00
2018,9.0,17.0,2.0,66.65,66.65,2018-09-17 02:00:00
2018,9.0,17.0,3.0,65.86,65.86,2018-09-17 03:00:00
2018,9.0,17.0,4.0,63.62,63.62,2018-09-17 04:00:00
2018,9.0,17.0,5.0,63.09,63.09,2018-09-17 05:00:00
2018,9.0,17.0,6.0,63.09,63.09,2018-09-17 06:00:00
2018,9.0,17.0,7.0,69.9,69.9,2018-09-17 07:00:00
2018,9.0,17.0,8.0,75.47,75.47,2018-09-17 08:00:00
2018,9.0,17.0,9.0,75.91,75.91,2018-09-17 09:00:00
2018,9.0,17.0,10.0,75.91,75.91,2018-09-17 10:00:00
2018,9.0,17.0,11.0,74.69,74.69,2018-09-17 11:00:00
2018,9.0,17.0,12.0,72.26,72.26,2018-09-17 12:00:00
2018,9.0,17.0,13.0,72.3,72.3,2018-09-17 13:00:00
2018,9.0,17.0,14.0,72.25,72.25,2018-09-17 14:00:00
2018,9.0,17.0,15.0,71.68,71.68,2018-09-17 15:00:00
2018,9.0,17.0,16.0,72.25,72.25,2018-09-17 16:00:00
2018,9.0,17.0,17.0,72.29,72.29,2018-09-17 17:00:00
2018,9.0,17.0,18.0,75.0,75.0,2018-09-17 18:00:00
2018,9.0,17.0,19.0,77.03,77.03,2018-09-17 19:00:00
2018,9.0,17.0,20.0,80.01,80.01,2018-09-17 20:00:00
2018,9.0,17.0,21.0,81.82,81.82,2018-09-17 21:00:00
2018,9.0,17.0,22.0,78.75,78.75,2018-09-17 22:00:00
2018,9.0,17.0,23.0,74.42,74.42,2018-09-17 23:00:00
2018,9.0,17.0,24.0,74.42,74.42,2018-09-18 00:00:00
2018,9.0,18.0,1.0,72.25,72.25,2018-09-18 01:00:00
2018,9.0,18.0,2.0,71.14,71.14,2018-09-18 02:00:00
2018,9.0,18.0,3.0,69.9,69.9,2018-09-18 03:00:00
2018,9.0,18.0,4.0,69.19,69.19,2018-09-18 04:00:00
2018,9.0,18.0,5.0,69.19,69.19,2018-09-18 05:00:00
2018,9.0,18.0,6.0,70.14,70.14,2018-09-18 06:00:00
2018,9.0,18.0,7.0,73.35,73.35,2018-09-18 07:00:00
2018,9.0,18.0,8.0,74.5,74.5,2018-09-18 08:00:00
2018,9.0,18.0,9.0,75.43,75.43,2018-09-18 09:00:00
2018,9.0,18.0,10.0,75.99,75.99,2018-09-18 10:00:00
2018,9.0,18.0,11.0,76.01,76.01,2018-09-18 11:00:00
2018,9.0,18.0,12.0,76.0,76.0,2018-09-18 12:00:00
2018,9.0,18.0,13.0,77.01,77.01,2018-09-18 13:00:00
2018,9.0,18.0,14.0,76.93,76.93,2018-09-18 14:00:00
2018,9.0,18.0,15.0,75.89,75.89,2018-09-18 15:00:00
2018,9.0,18.0,16.0,75.7,75.7,2018-09-18 16:00:00
2018,9.0,18.0,17.0,75.69,75.69,2018-09-18 17:00:00
2018,9.0,18.0,18.0,75.89,75.89,2018-09-18 18:00:00
2018,9.0,18.0,19.0,75.0,75.0,2018-09-18 19:00:00
2018,9.0,18.0,20.0,77.65,77.65,2018-09-18 20:00:00
2018,9.0,18.0,21.0,81.1,81.1,2018-09-18 21:00:00
2018,9.0,18.0,22.0,80.2,80.2,2018-09-18 22:00:00
2018,9.0,18.0,23.0,75.89,75.89,2018-09-18 23:00:00
2018,9.0,18.0,24.0,76.0,76.0,2018-09-19 00:00:00
2018,9.0,19.0,1.0,75.89,75.89,2018-09-19 01:00:00
2018,9.0,19.0,2.0,75.0,75.0,2018-09-19 02:00:00
2018,9.0,19.0,3.0,73.64,73.64,2018-09-19 03:00:00
2018,9.0,19.0,4.0,72.3,72.3,2018-09-19 04:00:00
2018,9.0,19.0,5.0,72.11,72.11,2018-09-19 05:00:00
2018,9.0,19.0,6.0,72.25,72.25,2018-09-19 06:00:00
2018,9.0,19.0,7.0,74.86,74.86,2018-09-19 07:00:00
2018,9.0,19.0,8.0,75.99,75.99,2018-09-19 08:00:00
2018,9.0,19.0,9.0,79.79,79.79,2018-09-19 09:00:00
2018,9.0,19.0,10.0,80.01,80.01,2018-09-19 10:00:00
2018,9.0,19.0,11.0,77.86,77.86,2018-09-19 11:00:00
2018,9.0,19.0,12.0,75.23,75.23,2018-09-19 12:00:00
2018,9.0,19.0,13.0,75.89,75.89,2018-09-19 13:00:00
2018,9.0,19.0,14.0,75.99,75.99,2018-09-19 14:00:00
2018,9.0,19.0,15.0,75.89,75.89,2018-09-19 15:00:00
2018,9.0,19.0,16.0,75.87,75.87,2018-09-19 16:00:00
2018,9.0,19.0,17.0,75.89,75.89,2018-09-19 17:00:00
2018,9.0,19.0,18.0,75.89,75.89,2018-09-19 18:00:00
2018,9.0,19.0,19.0,75.23,75.23,2018-09-19 19:00:00
2018,9.0,19.0,20.0,75.99,75.99,2018-09-19 20:00:00
2018,9.0,19.0,21.0,79.87,79.87,2018-09-19 21:00:00
2018,9.0,19.0,22.0,79.39,79.39,2018-09-19 22:00:00
2018,9.0,19.0,23.0,75.7,75.7,2018-09-19 23:00:00
2018,9.0,19.0,24.0,75.89,75.89,2018-09-20 00:00:00
2018,9.0,20.0,1.0,74.89,74.89,2018-09-20 01:00:00
2018,9.0,20.0,2.0,73.95,73.95,2018-09-20 02:00:00
2018,9.0,20.0,3.0,72.3,72.3,2018-09-20 03:00:00
2018,9.0,20.0,4.0,71.75,71.75,2018-09-20 04:00:00
2018,9.0,20.0,5.0,71.22,71.22,2018-09-20 05:00:00
2018,9.0,20.0,6.0,72.0,72.0,2018-09-20 06:00:00
2018,9.0,20.0,7.0,74.21,74.21,2018-09-20 07:00:00
2018,9.0,20.0,8.0,75.7,75.7,2018-09-20 08:00:00
2018,9.0,20.0,9.0,75.94,75.94,2018-09-20 09:00:00
2018,9.0,20.0,10.0,76.3,76.3,2018-09-20 10:00:00
2018,9.0,20.0,11.0,75.0,75.0,2018-09-20 11:00:00
2018,9.0,20.0,12.0,74.3,74.3,2018-09-20 12:00:00
2018,9.0,20.0,13.0,74.73,74.73,2018-09-20 13:00:00
2018,9.0,20.0,14.0,74.3,74.3,2018-09-20 14:00:00
2018,9.0,20.0,15.0,73.54,73.54,2018-09-20 15:00:00
2018,9.0,20.0,16.0,73.5,73.5,2018-09-20 16:00:00
2018,9.0,20.0,17.0,73.24,73.24,2018-09-20 17:00:00
2018,9.0,20.0,18.0,73.95,73.95,2018-09-20 18:00:00
2018,9.0,20.0,19.0,75.01,75.01,2018-09-20 19:00:00
2018,9.0,20.0,20.0,79.63,79.63,2018-09-20 20:00:00
2018,9.0,20.0,21.0,78.89,78.89,2018-09-20 21:00:00
2018,9.0,20.0,22.0,76.04,76.04,2018-09-20 22:00:00
2018,9.0,20.0,23.0,72.3,72.3,2018-09-20 23:00:00
2018,9.0,20.0,24.0,74.01,74.01,2018-09-21 00:00:00
2018,9.0,21.0,1.0,72.3,72.3,2018-09-21 01:00:00
2018,9.0,21.0,2.0,70.67,70.67,2018-09-21 02:00:00
2018,9.0,21.0,3.0,69.5,69.5,2018-09-21 03:00:00
2018,9.0,21.0,4.0,69.5,69.5,2018-09-21 04:00:00
2018,9.0,21.0,5.0,68.62,68.62,2018-09-21 05:00:00
2018,9.0,21.0,6.0,69.0,69.0,2018-09-21 06:00:00
2018,9.0,21.0,7.0,72.26,72.26,2018-09-21 07:00:00
2018,9.0,21.0,8.0,72.25,72.25,2018-09-21 08:00:00
2018,9.0,21.0,9.0,74.29,74.29,2018-09-21 09:00:00
2018,9.0,21.0,10.0,75.0,75.0,2018-09-21 10:00:00
2018,9.0,21.0,11.0,75.01,75.01,2018-09-21 11:00:00
2018,9.0,21.0,12.0,75.0,75.0,2018-09-21 12:00:00
2018,9.0,21.0,13.0,75.7,75.7,2018-09-21 13:00:00
2018,9.0,21.0,14.0,75.7,75.7,2018-09-21 14:00:00
2018,9.0,21.0,15.0,75.15,75.15,2018-09-21 15:00:00
2018,9.0,21.0,16.0,74.6,74.6,2018-09-21 16:00:00
2018,9.0,21.0,17.0,74.3,74.3,2018-09-21 17:00:00
2018,9.0,21.0,18.0,74.0,74.0,2018-09-21 18:00:00
2018,9.0,21.0,19.0,72.35,72.35,2018-09-21 19:00:00
2018,9.0,21.0,20.0,75.0,75.0,2018-09-21 20:00:00
2018,9.0,21.0,21.0,75.79,75.79,2018-09-21 21:00:00
2018,9.0,21.0,22.0,75.01,75.01,2018-09-21 22:00:00
2018,9.0,21.0,23.0,72.75,72.75,2018-09-21 23:00:00
2018,9.0,21.0,24.0,73.95,73.95,2018-09-22 00:00:00
2018,9.0,22.0,1.0,74.4,74.4,2018-09-22 01:00:00
2018,9.0,22.0,2.0,73.37,73.37,2018-09-22 02:00:00
2018,9.0,22.0,3.0,72.3,72.3,2018-09-22 03:00:00
2018,9.0,22.0,4.0,71.86,71.86,2018-09-22 04:00:00
2018,9.0,22.0,5.0,71.39,71.39,2018-09-22 05:00:00
2018,9.0,22.0,6.0,71.39,71.39,2018-09-22 06:00:00
2018,9.0,22.0,7.0,72.17,72.17,2018-09-22 07:00:00
2018,9.0,22.0,8.0,72.59,72.59,2018-09-22 08:00:00
2018,9.0,22.0,9.0,69.93,69.93,2018-09-22 09:00:00
2018,9.0,22.0,10.0,73.37,73.37,2018-09-22 10:00:00
2018,9.0,22.0,11.0,73.24,73.24,2018-09-22 11:00:00
2018,9.0,22.0,12.0,72.59,72.59,2018-09-22 12:00:00
2018,9.0,22.0,13.0,71.15,71.15,2018-09-22 13:00:00
2018,9.0,22.0,14.0,70.67,70.67,2018-09-22 14:00:00
2018,9.0,22.0,15.0,70.59,70.59,2018-09-22 15:00:00
2018,9.0,22.0,16.0,68.47,68.47,2018-09-22 16:00:00
2018,9.0,22.0,17.0,68.11,68.11,2018-09-22 17:00:00
2018,9.0,22.0,18.0,68.1,68.1,2018-09-22 18:00:00
2018,9.0,22.0,19.0,71.39,71.39,2018-09-22 19:00:00
2018,9.0,22.0,20.0,75.7,75.7,2018-09-22 20:00:00
2018,9.0,22.0,21.0,77.08,77.08,2018-09-22 21:00:00
2018,9.0,22.0,22.0,75.69,75.69,2018-09-22 22:00:00
2018,9.0,22.0,23.0,72.01,72.01,2018-09-22 23:00:00
2018,9.0,22.0,24.0,72.01,72.01,2018-09-23 00:00:00
2018,9.0,23.0,1.0,71.39,71.39,2018-09-23 01:00:00
2018,9.0,23.0,2.0,69.93,69.93,2018-09-23 02:00:00
2018,9.0,23.0,3.0,69.9,69.9,2018-09-23 03:00:00
2018,9.0,23.0,4.0,70.59,70.59,2018-09-23 04:00:00
2018,9.0,23.0,5.0,69.93,69.93,2018-09-23 05:00:00
2018,9.0,23.0,6.0,69.93,69.93,2018-09-23 06:00:00
2018,9.0,23.0,7.0,70.67,70.67,2018-09-23 07:00:00
2018,9.0,23.0,8.0,70.67,70.67,2018-09-23 08:00:00
2018,9.0,23.0,9.0,71.14,71.14,2018-09-23 09:00:00
2018,9.0,23.0,10.0,72.3,72.3,2018-09-23 10:00:00
2018,9.0,23.0,11.0,72.01,72.01,2018-09-23 11:00:00
2018,9.0,23.0,12.0,71.39,71.39,2018-09-23 12:00:00
2018,9.0,23.0,13.0,71.5,71.5,2018-09-23 13:00:00
2018,9.0,23.0,14.0,71.5,71.5,2018-09-23 14:00:00
2018,9.0,23.0,15.0,72.0,72.0,2018-09-23 15:00:00
2018,9.0,23.0,16.0,70.59,70.59,2018-09-23 16:00:00
2018,9.0,23.0,17.0,68.21,68.21,2018-09-23 17:00:00
2018,9.0,23.0,18.0,65.0,65.0,2018-09-23 18:00:00
2018,9.0,23.0,19.0,59.31,59.31,2018-09-23 19:00:00
2018,9.0,23.0,20.0,61.78,61.78,2018-09-23 20:00:00
2018,9.0,23.0,21.0,67.36,67.36,2018-09-23 21:00:00
2018,9.0,23.0,22.0,72.3,72.3,2018-09-23 22:00:00
2018,9.0,23.0,23.0,70.01,70.01,2018-09-23 23:00:00
2018,9.0,23.0,24.0,68.21,68.21,2018-09-24 00:00:00
2018,9.0,24.0,1.0,57.51,57.51,2018-09-24 01:00:00
2018,9.0,24.0,2.0,55.96,55.78,2018-09-24 02:00:00
2018,9.0,24.0,3.0,54.21,48.1,2018-09-24 03:00:00
2018,9.0,24.0,4.0,54.06,48.1,2018-09-24 04:00:00
2018,9.0,24.0,5.0,50.99,47.9,2018-09-24 05:00:00
2018,9.0,24.0,6.0,50.42,50.42,2018-09-24 06:00:00
2018,9.0,24.0,7.0,60.46,60.46,2018-09-24 07:00:00
2018,9.0,24.0,8.0,71.39,71.39,2018-09-24 08:00:00
2018,9.0,24.0,9.0,72.3,72.3,2018-09-24 09:00:00
2018,9.0,24.0,10.0,72.3,72.3,2018-09-24 10:00:00
2018,9.0,24.0,11.0,72.13,72.13,2018-09-24 11:00:00
2018,9.0,24.0,12.0,71.49,71.49,2018-09-24 12:00:00
2018,9.0,24.0,13.0,71.06,71.06,2018-09-24 13:00:00
2018,9.0,24.0,14.0,70.92,70.92,2018-09-24 14:00:00
2018,9.0,24.0,15.0,69.9,69.9,2018-09-24 15:00:00
2018,9.0,24.0,16.0,69.29,69.29,2018-09-24 16:00:00
2018,9.0,24.0,17.0,68.8,68.8,2018-09-24 17:00:00
2018,9.0,24.0,18.0,69.56,69.56,2018-09-24 18:00:00
2018,9.0,24.0,19.0,71.68,71.68,2018-09-24 19:00:00
2018,9.0,24.0,20.0,72.45,72.45,2018-09-24 20:00:00
2018,9.0,24.0,21.0,74.29,74.29,2018-09-24 21:00:00
2018,9.0,24.0,22.0,72.13,72.13,2018-09-24 22:00:00
2018,9.0,24.0,23.0,70.01,70.01,2018-09-24 23:00:00
2018,9.0,24.0,24.0,69.29,69.29,2018-09-25 00:00:00
2018,9.0,25.0,1.0,55.96,55.96,2018-09-25 01:00:00
2018,9.0,25.0,2.0,54.06,52.49,2018-09-25 02:00:00
2018,9.0,25.0,3.0,51.61,51.61,2018-09-25 03:00:00
2018,9.0,25.0,4.0,51.8,51.8,2018-09-25 04:00:00
2018,9.0,25.0,5.0,51.8,51.8,2018-09-25 05:00:00
2018,9.0,25.0,6.0,54.5,54.5,2018-09-25 06:00:00
2018,9.0,25.0,7.0,65.5,65.5,2018-09-25 07:00:00
2018,9.0,25.0,8.0,74.21,74.21,2018-09-25 08:00:00
2018,9.0,25.0,9.0,74.89,74.9,2018-09-25 09:00:00
2018,9.0,25.0,10.0,75.21,75.21,2018-09-25 10:00:00
2018,9.0,25.0,11.0,74.21,74.21,2018-09-25 11:00:00
2018,9.0,25.0,12.0,71.29,71.29,2018-09-25 12:00:00
2018,9.0,25.0,13.0,72.01,72.01,2018-09-25 13:00:00
2018,9.0,25.0,14.0,73.01,73.01,2018-09-25 14:00:00
2018,9.0,25.0,15.0,73.6,73.6,2018-09-25 15:00:00
2018,9.0,25.0,16.0,73.24,73.24,2018-09-25 16:00:00
2018,9.0,25.0,17.0,72.51,72.51,2018-09-25 17:00:00
2018,9.0,25.0,18.0,72.39,72.39,2018-09-25 18:00:00
2018,9.0,25.0,19.0,75.09,75.09,2018-09-25 19:00:00
2018,9.0,25.0,20.0,75.94,75.94,2018-09-25 20:00:00
2018,9.0,25.0,21.0,79.73,79.73,2018-09-25 21:00:00
2018,9.0,25.0,22.0,74.39,74.39,2018-09-25 22:00:00
2018,9.0,25.0,23.0,70.0,70.0,2018-09-25 23:00:00
2018,9.0,25.0,24.0,69.7,69.7,2018-09-26 00:00:00
2018,9.0,26.0,1.0,64.36,64.36,2018-09-26 01:00:00
2018,9.0,26.0,2.0,63.5,63.5,2018-09-26 02:00:00
2018,9.0,26.0,3.0,60.0,60.0,2018-09-26 03:00:00
2018,9.0,26.0,4.0,60.0,60.0,2018-09-26 04:00:00
2018,9.0,26.0,5.0,60.0,60.0,2018-09-26 05:00:00
2018,9.0,26.0,6.0,60.46,60.46,2018-09-26 06:00:00
2018,9.0,26.0,7.0,70.0,70.0,2018-09-26 07:00:00
2018,9.0,26.0,8.0,75.36,75.36,2018-09-26 08:00:00
2018,9.0,26.0,9.0,75.25,75.25,2018-09-26 09:00:00
2018,9.0,26.0,10.0,74.9,74.9,2018-09-26 10:00:00
2018,9.0,26.0,11.0,74.1,74.1,2018-09-26 11:00:00
2018,9.0,26.0,12.0,72.5,72.5,2018-09-26 12:00:00
2018,9.0,26.0,13.0,73.29,73.29,2018-09-26 13:00:00
2018,9.0,26.0,14.0,73.62,73.62,2018-09-26 14:00:00
2018,9.0,26.0,15.0,73.6,73.6,2018-09-26 15:00:00
2018,9.0,26.0,16.0,73.62,73.62,2018-09-26 16:00:00
2018,9.0,26.0,17.0,73.67,73.67,2018-09-26 17:00:00
2018,9.0,26.0,18.0,73.67,73.67,2018-09-26 18:00:00
2018,9.0,26.0,19.0,74.75,74.75,2018-09-26 19:00:00
2018,9.0,26.0,20.0,76.78,76.78,2018-09-26 20:00:00
2018,9.0,26.0,21.0,79.99,79.99,2018-09-26 21:00:00
2018,9.0,26.0,22.0,75.54,75.54,2018-09-26 22:00:00
2018,9.0,26.0,23.0,74.21,74.21,2018-09-26 23:00:00
2018,9.0,26.0,24.0,73.62,73.62,2018-09-27 00:00:00
2018,9.0,27.0,1.0,69.93,69.93,2018-09-27 01:00:00
2018,9.0,27.0,2.0,67.36,67.36,2018-09-27 02:00:00
2018,9.0,27.0,3.0,64.36,64.36,2018-09-27 03:00:00
2018,9.0,27.0,4.0,63.91,63.91,2018-09-27 04:00:00
2018,9.0,27.0,5.0,63.91,63.91,2018-09-27 05:00:00
2018,9.0,27.0,6.0,64.36,64.36,2018-09-27 06:00:00
2018,9.0,27.0,7.0,72.3,72.3,2018-09-27 07:00:00
2018,9.0,27.0,8.0,74.9,74.9,2018-09-27 08:00:00
2018,9.0,27.0,9.0,78.0,78.0,2018-09-27 09:00:00
2018,9.0,27.0,10.0,75.21,75.21,2018-09-27 10:00:00
2018,9.0,27.0,11.0,74.89,74.89,2018-09-27 11:00:00
2018,9.0,27.0,12.0,74.5,74.5,2018-09-27 12:00:00
2018,9.0,27.0,13.0,75.0,75.0,2018-09-27 13:00:00
2018,9.0,27.0,14.0,75.1,75.1,2018-09-27 14:00:00
2018,9.0,27.0,15.0,75.0,75.0,2018-09-27 15:00:00
2018,9.0,27.0,16.0,75.0,75.0,2018-09-27 16:00:00
2018,9.0,27.0,17.0,75.1,75.1,2018-09-27 17:00:00
2018,9.0,27.0,18.0,75.01,75.01,2018-09-27 18:00:00
2018,9.0,27.0,19.0,75.0,75.0,2018-09-27 19:00:00
2018,9.0,27.0,20.0,78.26,78.26,2018-09-27 20:00:00
2018,9.0,27.0,21.0,79.73,79.73,2018-09-27 21:00:00
2018,9.0,27.0,22.0,78.0,78.0,2018-09-27 22:00:00
2018,9.0,27.0,23.0,75.21,75.21,2018-09-27 23:00:00
2018,9.0,27.0,24.0,74.9,74.9,2018-09-28 00:00:00
2018,9.0,28.0,1.0,76.3,76.3,2018-09-28 01:00:00
2018,9.0,28.0,2.0,75.0,75.0,2018-09-28 02:00:00
2018,9.0,28.0,3.0,74.25,74.25,2018-09-28 03:00:00
2018,9.0,28.0,4.0,74.0,74.0,2018-09-28 04:00:00
2018,9.0,28.0,5.0,73.64,73.64,2018-09-28 05:00:00
2018,9.0,28.0,6.0,74.07,74.07,2018-09-28 06:00:00
2018,9.0,28.0,7.0,75.67,75.67,2018-09-28 07:00:00
2018,9.0,28.0,8.0,78.0,78.0,2018-09-28 08:00:00
2018,9.0,28.0,9.0,80.0,80.0,2018-09-28 09:00:00
2018,9.0,28.0,10.0,79.91,79.91,2018-09-28 10:00:00
2018,9.0,28.0,11.0,79.0,79.0,2018-09-28 11:00:00
2018,9.0,28.0,12.0,76.47,76.47,2018-09-28 12:00:00
2018,9.0,28.0,13.0,77.42,77.42,2018-09-28 13:00:00
2018,9.0,28.0,14.0,77.37,77.37,2018-09-28 14:00:00
2018,9.0,28.0,15.0,76.45,76.45,2018-09-28 15:00:00
2018,9.0,28.0,16.0,76.39,76.39,2018-09-28 16:00:00
2018,9.0,28.0,17.0,75.71,75.71,2018-09-28 17:00:00
2018,9.0,28.0,18.0,75.0,75.0,2018-09-28 18:00:00
2018,9.0,28.0,19.0,74.75,74.75,2018-09-28 19:00:00
2018,9.0,28.0,20.0,74.69,74.69,2018-09-28 20:00:00
2018,9.0,28.0,21.0,76.3,76.3,2018-09-28 21:00:00
2018,9.0,28.0,22.0,75.89,75.89,2018-09-28 22:00:00
2018,9.0,28.0,23.0,74.14,74.14,2018-09-28 23:00:00
2018,9.0,28.0,24.0,71.75,71.75,2018-09-29 00:00:00
2018,9.0,29.0,1.0,71.3,71.3,2018-09-29 01:00:00
2018,9.0,29.0,2.0,65.1,65.1,2018-09-29 02:00:00
2018,9.0,29.0,3.0,63.91,63.91,2018-09-29 03:00:00
2018,9.0,29.0,4.0,63.53,63.53,2018-09-29 04:00:00
2018,9.0,29.0,5.0,61.62,61.62,2018-09-29 05:00:00
2018,9.0,29.0,6.0,61.03,61.03,2018-09-29 06:00:00
2018,9.0,29.0,7.0,63.91,63.91,2018-09-29 07:00:00
2018,9.0,29.0,8.0,68.2,68.2,2018-09-29 08:00:00
2018,9.0,29.0,9.0,64.8,64.8,2018-09-29 09:00:00
2018,9.0,29.0,10.0,72.69,72.69,2018-09-29 10:00:00
2018,9.0,29.0,11.0,73.17,73.17,2018-09-29 11:00:00
2018,9.0,29.0,12.0,72.69,72.69,2018-09-29 12:00:00
2018,9.0,29.0,13.0,73.67,73.67,2018-09-29 13:00:00
2018,9.0,29.0,14.0,74.14,74.14,2018-09-29 14:00:00
2018,9.0,29.0,15.0,73.69,73.69,2018-09-29 15:00:00
2018,9.0,29.0,16.0,72.16,72.16,2018-09-29 16:00:00
2018,9.0,29.0,17.0,69.7,69.7,2018-09-29 17:00:00
2018,9.0,29.0,18.0,68.62,68.62,2018-09-29 18:00:00
2018,9.0,29.0,19.0,70.01,70.01,2018-09-29 19:00:00
2018,9.0,29.0,20.0,75.46,75.46,2018-09-29 20:00:00
2018,9.0,29.0,21.0,77.49,77.49,2018-09-29 21:00:00
2018,9.0,29.0,22.0,76.3,76.3,2018-09-29 22:00:00
2018,9.0,29.0,23.0,74.33,74.33,2018-09-29 23:00:00
2018,9.0,29.0,24.0,74.21,74.21,2018-09-30 00:00:00
2018,9.0,30.0,1.0,73.03,73.03,2018-09-30 01:00:00
2018,9.0,30.0,2.0,73.37,73.37,2018-09-30 02:00:00
2018,9.0,30.0,3.0,69.65,69.65,2018-09-30 03:00:00
2018,9.0,30.0,4.0,67.01,67.01,2018-09-30 04:00:00
2018,9.0,30.0,5.0,65.1,65.1,2018-09-30 05:00:00
2018,9.0,30.0,6.0,64.4,64.4,2018-09-30 06:00:00
2018,9.0,30.0,7.0,66.19,66.19,2018-09-30 07:00:00
2018,9.0,30.0,8.0,69.68,69.68,2018-09-30 08:00:00
2018,9.0,30.0,9.0,69.5,69.5,2018-09-30 09:00:00
2018,9.0,30.0,10.0,73.69,73.69,2018-09-30 10:00:00
2018,9.0,30.0,11.0,73.03,73.03,2018-09-30 11:00:00
2018,9.0,30.0,12.0,70.67,70.67,2018-09-30 12:00:00
2018,9.0,30.0,13.0,72.14,72.14,2018-09-30 13:00:00
2018,9.0,30.0,14.0,73.03,73.03,2018-09-30 14:00:00
2018,9.0,30.0,15.0,72.31,72.31,2018-09-30 15:00:00
2018,9.0,30.0,16.0,67.0,67.0,2018-09-30 16:00:00
2018,9.0,30.0,17.0,61.87,61.87,2018-09-30 17:00:00
2018,9.0,30.0,18.0,61.03,61.03,2018-09-30 18:00:00
2018,9.0,30.0,19.0,64.62,64.62,2018-09-30 19:00:00
2018,9.0,30.0,20.0,74.21,74.21,2018-09-30 20:00:00
2018,9.0,30.0,21.0,74.39,74.39,2018-09-30 21:00:00
2018,9.0,30.0,22.0,74.27,74.27,2018-09-30 22:00:00
2018,9.0,30.0,23.0,69.5,69.5,2018-09-30 23:00:00
2018,9.0,30.0,24.0,61.19,61.19,2018-10-01 00:00:00
2018,10.0,1.0,1.0,59.53,59.53,2018-10-01 01:00:00
2018,10.0,1.0,2.0,56.46,56.1,2018-10-01 02:00:00
2018,10.0,1.0,3.0,56.34,51.41,2018-10-01 03:00:00
2018,10.0,1.0,4.0,55.98,47.38,2018-10-01 04:00:00
2018,10.0,1.0,5.0,55.93,47.59,2018-10-01 05:00:00
2018,10.0,1.0,6.0,55.49,51.61,2018-10-01 06:00:00
2018,10.0,1.0,7.0,69.13,69.13,2018-10-01 07:00:00
2018,10.0,1.0,8.0,74.9,74.9,2018-10-01 08:00:00
2018,10.0,1.0,9.0,75.67,75.67,2018-10-01 09:00:00
2018,10.0,1.0,10.0,76.24,76.24,2018-10-01 10:00:00
2018,10.0,1.0,11.0,73.7,73.7,2018-10-01 11:00:00
2018,10.0,1.0,12.0,72.45,72.45,2018-10-01 12:00:00
2018,10.0,1.0,13.0,69.95,69.95,2018-10-01 13:00:00
2018,10.0,1.0,14.0,66.23,66.23,2018-10-01 14:00:00
2018,10.0,1.0,15.0,61.17,61.17,2018-10-01 15:00:00
2018,10.0,1.0,16.0,59.45,59.45,2018-10-01 16:00:00
2018,10.0,1.0,17.0,58.18,58.18,2018-10-01 17:00:00
2018,10.0,1.0,18.0,60.42,60.42,2018-10-01 18:00:00
2018,10.0,1.0,19.0,69.93,69.93,2018-10-01 19:00:00
2018,10.0,1.0,20.0,75.0,75.0,2018-10-01 20:00:00
2018,10.0,1.0,21.0,75.67,75.67,2018-10-01 21:00:00
2018,10.0,1.0,22.0,70.08,70.08,2018-10-01 22:00:00
2018,10.0,1.0,23.0,64.91,64.91,2018-10-01 23:00:00
2018,10.0,1.0,24.0,59.49,59.49,2018-10-02 00:00:00
2018,10.0,2.0,1.0,59.14,59.14,2018-10-02 01:00:00
2018,10.0,2.0,2.0,56.97,56.97,2018-10-02 02:00:00
2018,10.0,2.0,3.0,51.41,51.41,2018-10-02 03:00:00
2018,10.0,2.0,4.0,48.55,48.55,2018-10-02 04:00:00
2018,10.0,2.0,5.0,48.29,48.29,2018-10-02 05:00:00
2018,10.0,2.0,6.0,50.64,50.64,2018-10-02 06:00:00
2018,10.0,2.0,7.0,58.18,58.18,2018-10-02 07:00:00
2018,10.0,2.0,8.0,73.43,73.43,2018-10-02 08:00:00
2018,10.0,2.0,9.0,74.26,74.26,2018-10-02 09:00:00
2018,10.0,2.0,10.0,75.49,75.49,2018-10-02 10:00:00
2018,10.0,2.0,11.0,73.7,73.7,2018-10-02 11:00:00
2018,10.0,2.0,12.0,70.47,70.47,2018-10-02 12:00:00
2018,10.0,2.0,13.0,71.5,71.5,2018-10-02 13:00:00
2018,10.0,2.0,14.0,69.93,69.93,2018-10-02 14:00:00
2018,10.0,2.0,15.0,65.99,65.99,2018-10-02 15:00:00
2018,10.0,2.0,16.0,65.1,65.1,2018-10-02 16:00:00
2018,10.0,2.0,17.0,65.01,65.01,2018-10-02 17:00:00
2018,10.0,2.0,18.0,67.13,67.13,2018-10-02 18:00:00
2018,10.0,2.0,19.0,73.94,73.94,2018-10-02 19:00:00
2018,10.0,2.0,20.0,78.76,78.76,2018-10-02 20:00:00
2018,10.0,2.0,21.0,80.0,80.0,2018-10-02 21:00:00
2018,10.0,2.0,22.0,75.21,75.21,2018-10-02 22:00:00
2018,10.0,2.0,23.0,69.95,69.95,2018-10-02 23:00:00
2018,10.0,2.0,24.0,65.1,65.1,2018-10-03 00:00:00
2018,10.0,3.0,1.0,61.87,61.87,2018-10-03 01:00:00
2018,10.0,3.0,2.0,58.79,58.79,2018-10-03 02:00:00
2018,10.0,3.0,3.0,57.55,57.55,2018-10-03 03:00:00
2018,10.0,3.0,4.0,57.0,57.0,2018-10-03 04:00:00
2018,10.0,3.0,5.0,57.0,57.0,2018-10-03 05:00:00
2018,10.0,3.0,6.0,57.0,57.0,2018-10-03 06:00:00
2018,10.0,3.0,7.0,61.03,61.03,2018-10-03 07:00:00
2018,10.0,3.0,8.0,77.0,77.0,2018-10-03 08:00:00
2018,10.0,3.0,9.0,78.68,78.68,2018-10-03 09:00:00
2018,10.0,3.0,10.0,79.73,79.73,2018-10-03 10:00:00
2018,10.0,3.0,11.0,78.0,78.0,2018-10-03 11:00:00
2018,10.0,3.0,12.0,76.89,76.89,2018-10-03 12:00:00
2018,10.0,3.0,13.0,75.67,75.67,2018-10-03 13:00:00
2018,10.0,3.0,14.0,75.85,75.85,2018-10-03 14:00:00
2018,10.0,3.0,15.0,74.01,74.01,2018-10-03 15:00:00
2018,10.0,3.0,16.0,73.78,73.78,2018-10-03 16:00:00
2018,10.0,3.0,17.0,73.7,73.7,2018-10-03 17:00:00
2018,10.0,3.0,18.0,74.14,74.14,2018-10-03 18:00:00
2018,10.0,3.0,19.0,77.03,77.03,2018-10-03 19:00:00
2018,10.0,3.0,20.0,80.0,80.0,2018-10-03 20:00:00
2018,10.0,3.0,21.0,81.65,81.65,2018-10-03 21:00:00
2018,10.0,3.0,22.0,78.27,78.27,2018-10-03 22:00:00
2018,10.0,3.0,23.0,74.89,74.89,2018-10-03 23:00:00
2018,10.0,3.0,24.0,71.1,71.1,2018-10-04 00:00:00
2018,10.0,4.0,1.0,65.08,65.08,2018-10-04 01:00:00
2018,10.0,4.0,2.0,62.21,62.21,2018-10-04 02:00:00
2018,10.0,4.0,3.0,61.85,61.85,2018-10-04 03:00:00
2018,10.0,4.0,4.0,61.67,61.67,2018-10-04 04:00:00
2018,10.0,4.0,5.0,61.85,61.85,2018-10-04 05:00:00
2018,10.0,4.0,6.0,61.89,61.89,2018-10-04 06:00:00
2018,10.0,4.0,7.0,74.67,74.67,2018-10-04 07:00:00
2018,10.0,4.0,8.0,80.37,80.37,2018-10-04 08:00:00
2018,10.0,4.0,9.0,81.22,81.22,2018-10-04 09:00:00
2018,10.0,4.0,10.0,82.3,82.3,2018-10-04 10:00:00
2018,10.0,4.0,11.0,79.17,79.17,2018-10-04 11:00:00
2018,10.0,4.0,12.0,76.89,76.89,2018-10-04 12:00:00
2018,10.0,4.0,13.0,75.04,75.04,2018-10-04 13:00:00
2018,10.0,4.0,14.0,75.21,75.21,2018-10-04 14:00:00
2018,10.0,4.0,15.0,74.9,74.9,2018-10-04 15:00:00
2018,10.0,4.0,16.0,74.89,74.89,2018-10-04 16:00:00
2018,10.0,4.0,17.0,74.89,74.89,2018-10-04 17:00:00
2018,10.0,4.0,18.0,77.24,77.24,2018-10-04 18:00:00
2018,10.0,4.0,19.0,80.0,80.0,2018-10-04 19:00:00
2018,10.0,4.0,20.0,80.48,80.48,2018-10-04 20:00:00
2018,10.0,4.0,21.0,84.13,84.13,2018-10-04 21:00:00
2018,10.0,4.0,22.0,79.81,79.81,2018-10-04 22:00:00
2018,10.0,4.0,23.0,76.2,76.2,2018-10-04 23:00:00
2018,10.0,4.0,24.0,71.18,71.18,2018-10-05 00:00:00
2018,10.0,5.0,1.0,72.16,72.16,2018-10-05 01:00:00
2018,10.0,5.0,2.0,69.8,69.8,2018-10-05 02:00:00
2018,10.0,5.0,3.0,64.4,64.4,2018-10-05 03:00:00
2018,10.0,5.0,4.0,63.25,63.25,2018-10-05 04:00:00
2018,10.0,5.0,5.0,63.19,63.19,2018-10-05 05:00:00
2018,10.0,5.0,6.0,61.74,61.74,2018-10-05 06:00:00
2018,10.0,5.0,7.0,71.92,71.92,2018-10-05 07:00:00
2018,10.0,5.0,8.0,79.08,79.08,2018-10-05 08:00:00
2018,10.0,5.0,9.0,80.0,80.0,2018-10-05 09:00:00
2018,10.0,5.0,10.0,79.47,79.47,2018-10-05 10:00:00
2018,10.0,5.0,11.0,76.39,76.39,2018-10-05 11:00:00
2018,10.0,5.0,12.0,75.0,75.0,2018-10-05 12:00:00
2018,10.0,5.0,13.0,74.9,74.9,2018-10-05 13:00:00
2018,10.0,5.0,14.0,74.9,74.9,2018-10-05 14:00:00
2018,10.0,5.0,15.0,72.89,72.89,2018-10-05 15:00:00
2018,10.0,5.0,16.0,69.95,69.95,2018-10-05 16:00:00
2018,10.0,5.0,17.0,69.25,69.25,2018-10-05 17:00:00
2018,10.0,5.0,18.0,75.0,75.0,2018-10-05 18:00:00
2018,10.0,5.0,19.0,78.09,78.09,2018-10-05 19:00:00
2018,10.0,5.0,20.0,79.91,79.91,2018-10-05 20:00:00
2018,10.0,5.0,21.0,79.9,79.9,2018-10-05 21:00:00
2018,10.0,5.0,22.0,76.89,76.89,2018-10-05 22:00:00
2018,10.0,5.0,23.0,74.14,74.14,2018-10-05 23:00:00
2018,10.0,5.0,24.0,68.67,68.67,2018-10-06 00:00:00
2018,10.0,6.0,1.0,74.9,74.9,2018-10-06 01:00:00
2018,10.0,6.0,2.0,74.62,74.62,2018-10-06 02:00:00
2018,10.0,6.0,3.0,73.43,73.43,2018-10-06 03:00:00
2018,10.0,6.0,4.0,71.01,71.01,2018-10-06 04:00:00
2018,10.0,6.0,5.0,69.4,69.4,2018-10-06 05:00:00
2018,10.0,6.0,6.0,65.67,65.67,2018-10-06 06:00:00
2018,10.0,6.0,7.0,63.8,63.8,2018-10-06 07:00:00
2018,10.0,6.0,8.0,66.08,66.08,2018-10-06 08:00:00
2018,10.0,6.0,9.0,68.0,68.0,2018-10-06 09:00:00
2018,10.0,6.0,10.0,74.14,74.14,2018-10-06 10:00:00
2018,10.0,6.0,11.0,74.39,74.39,2018-10-06 11:00:00
2018,10.0,6.0,12.0,73.58,73.58,2018-10-06 12:00:00
2018,10.0,6.0,13.0,71.99,71.99,2018-10-06 13:00:00
2018,10.0,6.0,14.0,69.68,69.68,2018-10-06 14:00:00
2018,10.0,6.0,15.0,61.89,61.89,2018-10-06 15:00:00
2018,10.0,6.0,16.0,57.51,57.51,2018-10-06 16:00:00
2018,10.0,6.0,17.0,56.98,54.94,2018-10-06 17:00:00
2018,10.0,6.0,18.0,59.93,59.93,2018-10-06 18:00:00
2018,10.0,6.0,19.0,70.0,70.0,2018-10-06 19:00:00
2018,10.0,6.0,20.0,74.75,74.75,2018-10-06 20:00:00
2018,10.0,6.0,21.0,75.78,75.78,2018-10-06 21:00:00
2018,10.0,6.0,22.0,70.0,70.0,2018-10-06 22:00:00
2018,10.0,6.0,23.0,61.95,61.95,2018-10-06 23:00:00
2018,10.0,6.0,24.0,61.84,61.84,2018-10-07 00:00:00
2018,10.0,7.0,1.0,57.87,57.87,2018-10-07 01:00:00
2018,10.0,7.0,2.0,56.42,54.6,2018-10-07 02:00:00
2018,10.0,7.0,3.0,56.23,53.0,2018-10-07 03:00:00
2018,10.0,7.0,4.0,55.98,50.4,2018-10-07 04:00:00
2018,10.0,7.0,5.0,54.98,46.5,2018-10-07 05:00:00
2018,10.0,7.0,6.0,53.23,46.0,2018-10-07 06:00:00
2018,10.0,7.0,7.0,52.98,49.97,2018-10-07 07:00:00
2018,10.0,7.0,8.0,53.5,53.5,2018-10-07 08:00:00
2018,10.0,7.0,9.0,54.2,54.2,2018-10-07 09:00:00
2018,10.0,7.0,10.0,55.98,55.98,2018-10-07 10:00:00
2018,10.0,7.0,11.0,55.98,55.09,2018-10-07 11:00:00
2018,10.0,7.0,12.0,56.39,55.13,2018-10-07 12:00:00
2018,10.0,7.0,13.0,57.39,54.06,2018-10-07 13:00:00
2018,10.0,7.0,14.0,60.0,50.9,2018-10-07 14:00:00
2018,10.0,7.0,15.0,60.88,49.91,2018-10-07 15:00:00
2018,10.0,7.0,16.0,60.88,49.05,2018-10-07 16:00:00
2018,10.0,7.0,17.0,72.72,50.21,2018-10-07 17:00:00
2018,10.0,7.0,18.0,73.58,55.48,2018-10-07 18:00:00
2018,10.0,7.0,19.0,63.01,63.01,2018-10-07 19:00:00
2018,10.0,7.0,20.0,72.2,72.2,2018-10-07 20:00:00
2018,10.0,7.0,21.0,77.07,77.07,2018-10-07 21:00:00
2018,10.0,7.0,22.0,71.47,71.47,2018-10-07 22:00:00
2018,10.0,7.0,23.0,69.11,69.11,2018-10-07 23:00:00
2018,10.0,7.0,24.0,64.02,64.02,2018-10-08 00:00:00
2018,10.0,8.0,1.0,55.88,55.88,2018-10-08 01:00:00
2018,10.0,8.0,2.0,53.98,53.98,2018-10-08 02:00:00
2018,10.0,8.0,3.0,51.5,51.5,2018-10-08 03:00:00
2018,10.0,8.0,4.0,50.39,50.39,2018-10-08 04:00:00
2018,10.0,8.0,5.0,50.39,50.39,2018-10-08 05:00:00
2018,10.0,8.0,6.0,53.4,53.4,2018-10-08 06:00:00
2018,10.0,8.0,7.0,62.94,62.94,2018-10-08 07:00:00
2018,10.0,8.0,8.0,73.67,73.67,2018-10-08 08:00:00
2018,10.0,8.0,9.0,74.67,74.67,2018-10-08 09:00:00
2018,10.0,8.0,10.0,74.04,74.04,2018-10-08 10:00:00
2018,10.0,8.0,11.0,73.0,73.0,2018-10-08 11:00:00
2018,10.0,8.0,12.0,72.88,72.88,2018-10-08 12:00:00
2018,10.0,8.0,13.0,71.69,71.69,2018-10-08 13:00:00
2018,10.0,8.0,14.0,71.69,71.69,2018-10-08 14:00:00
2018,10.0,8.0,15.0,70.73,70.73,2018-10-08 15:00:00
2018,10.0,8.0,16.0,70.53,70.53,2018-10-08 16:00:00
2018,10.0,8.0,17.0,71.0,71.0,2018-10-08 17:00:00
2018,10.0,8.0,18.0,74.9,74.9,2018-10-08 18:00:00
2018,10.0,8.0,19.0,75.0,75.0,2018-10-08 19:00:00
2018,10.0,8.0,20.0,76.34,76.34,2018-10-08 20:00:00
2018,10.0,8.0,21.0,79.23,79.23,2018-10-08 21:00:00
2018,10.0,8.0,22.0,78.31,78.31,2018-10-08 22:00:00
2018,10.0,8.0,23.0,74.27,74.27,2018-10-08 23:00:00
2018,10.0,8.0,24.0,71.69,71.69,2018-10-09 00:00:00
2018,10.0,9.0,1.0,68.51,68.51,2018-10-09 01:00:00
2018,10.0,9.0,2.0,62.51,62.51,2018-10-09 02:00:00
2018,10.0,9.0,3.0,61.23,61.23,2018-10-09 03:00:00
2018,10.0,9.0,4.0,60.15,60.15,2018-10-09 04:00:00
2018,10.0,9.0,5.0,59.76,59.76,2018-10-09 05:00:00
2018,10.0,9.0,6.0,60.77,60.77,2018-10-09 06:00:00
2018,10.0,9.0,7.0,74.27,74.27,2018-10-09 07:00:00
2018,10.0,9.0,8.0,74.25,74.25,2018-10-09 08:00:00
2018,10.0,9.0,9.0,74.29,74.29,2018-10-09 09:00:00
2018,10.0,9.0,10.0,74.81,74.81,2018-10-09 10:00:00
2018,10.0,9.0,11.0,74.81,74.81,2018-10-09 11:00:00
2018,10.0,9.0,12.0,72.2,72.2,2018-10-09 12:00:00
2018,10.0,9.0,13.0,72.05,72.05,2018-10-09 13:00:00
2018,10.0,9.0,14.0,71.0,71.0,2018-10-09 14:00:00
2018,10.0,9.0,15.0,66.72,66.72,2018-10-09 15:00:00
2018,10.0,9.0,16.0,67.25,67.25,2018-10-09 16:00:00
2018,10.0,9.0,17.0,70.79,70.79,2018-10-09 17:00:00
2018,10.0,9.0,18.0,74.27,74.27,2018-10-09 18:00:00
2018,10.0,9.0,19.0,72.78,72.78,2018-10-09 19:00:00
2018,10.0,9.0,20.0,74.27,74.27,2018-10-09 20:00:00
2018,10.0,9.0,21.0,77.62,77.62,2018-10-09 21:00:00
2018,10.0,9.0,22.0,77.24,77.24,2018-10-09 22:00:00
2018,10.0,9.0,23.0,70.02,70.02,2018-10-09 23:00:00
2018,10.0,9.0,24.0,63.15,63.15,2018-10-10 00:00:00
2018,10.0,10.0,1.0,62.47,62.47,2018-10-10 01:00:00
2018,10.0,10.0,2.0,59.64,59.64,2018-10-10 02:00:00
2018,10.0,10.0,3.0,58.11,58.11,2018-10-10 03:00:00
2018,10.0,10.0,4.0,57.63,57.63,2018-10-10 04:00:00
2018,10.0,10.0,5.0,57.6,57.6,2018-10-10 05:00:00
2018,10.0,10.0,6.0,56.93,56.93,2018-10-10 06:00:00
2018,10.0,10.0,7.0,72.16,72.16,2018-10-10 07:00:00
2018,10.0,10.0,8.0,75.36,75.36,2018-10-10 08:00:00
2018,10.0,10.0,9.0,76.82,76.82,2018-10-10 09:00:00
2018,10.0,10.0,10.0,77.2,77.2,2018-10-10 10:00:00
2018,10.0,10.0,11.0,77.54,77.54,2018-10-10 11:00:00
2018,10.0,10.0,12.0,74.49,74.49,2018-10-10 12:00:00
2018,10.0,10.0,13.0,73.0,73.0,2018-10-10 13:00:00
2018,10.0,10.0,14.0,69.39,69.39,2018-10-10 14:00:00
2018,10.0,10.0,15.0,65.27,65.27,2018-10-10 15:00:00
2018,10.0,10.0,16.0,61.45,61.45,2018-10-10 16:00:00
2018,10.0,10.0,17.0,61.19,61.19,2018-10-10 17:00:00
2018,10.0,10.0,18.0,69.3,69.3,2018-10-10 18:00:00
2018,10.0,10.0,19.0,70.46,70.46,2018-10-10 19:00:00
2018,10.0,10.0,20.0,73.01,73.01,2018-10-10 20:00:00
2018,10.0,10.0,21.0,73.82,73.82,2018-10-10 21:00:00
2018,10.0,10.0,22.0,71.07,71.07,2018-10-10 22:00:00
2018,10.0,10.0,23.0,62.4,62.4,2018-10-10 23:00:00
2018,10.0,10.0,24.0,59.63,59.63,2018-10-11 00:00:00
2018,10.0,11.0,1.0,56.93,56.93,2018-10-11 01:00:00
2018,10.0,11.0,2.0,53.53,53.53,2018-10-11 02:00:00
2018,10.0,11.0,3.0,50.03,50.03,2018-10-11 03:00:00
2018,10.0,11.0,4.0,49.67,49.67,2018-10-11 04:00:00
2018,10.0,11.0,5.0,49.57,49.57,2018-10-11 05:00:00
2018,10.0,11.0,6.0,49.87,49.87,2018-10-11 06:00:00
2018,10.0,11.0,7.0,56.12,56.12,2018-10-11 07:00:00
2018,10.0,11.0,8.0,70.05,70.05,2018-10-11 08:00:00
2018,10.0,11.0,9.0,72.85,72.85,2018-10-11 09:00:00
2018,10.0,11.0,10.0,73.36,73.36,2018-10-11 10:00:00
2018,10.0,11.0,11.0,73.17,73.17,2018-10-11 11:00:00
2018,10.0,11.0,12.0,70.78,70.78,2018-10-11 12:00:00
2018,10.0,11.0,13.0,70.15,70.15,2018-10-11 13:00:00
2018,10.0,11.0,14.0,66.83,66.83,2018-10-11 14:00:00
2018,10.0,11.0,15.0,62.0,62.0,2018-10-11 15:00:00
2018,10.0,11.0,16.0,61.46,61.46,2018-10-11 16:00:00
2018,10.0,11.0,17.0,65.06,65.06,2018-10-11 17:00:00
2018,10.0,11.0,18.0,72.85,72.85,2018-10-11 18:00:00
2018,10.0,11.0,19.0,73.65,73.65,2018-10-11 19:00:00
2018,10.0,11.0,20.0,75.0,75.0,2018-10-11 20:00:00
2018,10.0,11.0,21.0,76.44,76.44,2018-10-11 21:00:00
2018,10.0,11.0,22.0,72.82,72.82,2018-10-11 22:00:00
2018,10.0,11.0,23.0,69.68,69.68,2018-10-11 23:00:00
2018,10.0,11.0,24.0,65.03,65.03,2018-10-12 00:00:00
2018,10.0,12.0,1.0,57.22,57.22,2018-10-12 01:00:00
2018,10.0,12.0,2.0,54.99,54.99,2018-10-12 02:00:00
2018,10.0,12.0,3.0,52.25,52.25,2018-10-12 03:00:00
2018,10.0,12.0,4.0,50.43,50.43,2018-10-12 04:00:00
2018,10.0,12.0,5.0,50.3,50.3,2018-10-12 05:00:00
2018,10.0,12.0,6.0,50.3,50.3,2018-10-12 06:00:00
2018,10.0,12.0,7.0,56.63,56.63,2018-10-12 07:00:00
2018,10.0,12.0,8.0,65.2,65.2,2018-10-12 08:00:00
2018,10.0,12.0,9.0,68.01,68.01,2018-10-12 09:00:00
2018,10.0,12.0,10.0,69.76,69.76,2018-10-12 10:00:00
2018,10.0,12.0,11.0,69.64,69.64,2018-10-12 11:00:00
2018,10.0,12.0,12.0,66.14,66.14,2018-10-12 12:00:00
2018,10.0,12.0,13.0,63.73,63.73,2018-10-12 13:00:00
2018,10.0,12.0,14.0,56.9,56.9,2018-10-12 14:00:00
2018,10.0,12.0,15.0,56.64,56.64,2018-10-12 15:00:00
2018,10.0,12.0,16.0,56.06,55.0,2018-10-12 16:00:00
2018,10.0,12.0,17.0,56.96,56.96,2018-10-12 17:00:00
2018,10.0,12.0,18.0,67.32,67.32,2018-10-12 18:00:00
2018,10.0,12.0,19.0,68.68,68.68,2018-10-12 19:00:00
2018,10.0,12.0,20.0,70.46,70.46,2018-10-12 20:00:00
2018,10.0,12.0,21.0,72.82,72.82,2018-10-12 21:00:00
2018,10.0,12.0,22.0,70.15,70.15,2018-10-12 22:00:00
2018,10.0,12.0,23.0,67.85,67.85,2018-10-12 23:00:00
2018,10.0,12.0,24.0,62.41,62.41,2018-10-13 00:00:00
2018,10.0,13.0,1.0,64.45,64.45,2018-10-13 01:00:00
2018,10.0,13.0,2.0,57.11,57.11,2018-10-13 02:00:00
2018,10.0,13.0,3.0,54.87,54.87,2018-10-13 03:00:00
2018,10.0,13.0,4.0,54.57,54.57,2018-10-13 04:00:00
2018,10.0,13.0,5.0,54.42,54.42,2018-10-13 05:00:00
2018,10.0,13.0,6.0,54.17,54.17,2018-10-13 06:00:00
2018,10.0,13.0,7.0,54.47,54.47,2018-10-13 07:00:00
2018,10.0,13.0,8.0,58.71,58.71,2018-10-13 08:00:00
2018,10.0,13.0,9.0,62.9,62.9,2018-10-13 09:00:00
2018,10.0,13.0,10.0,65.92,65.92,2018-10-13 10:00:00
2018,10.0,13.0,11.0,64.93,64.93,2018-10-13 11:00:00
2018,10.0,13.0,12.0,60.46,60.46,2018-10-13 12:00:00
2018,10.0,13.0,13.0,58.82,58.82,2018-10-13 13:00:00
2018,10.0,13.0,14.0,58.35,58.35,2018-10-13 14:00:00
2018,10.0,13.0,15.0,57.19,57.19,2018-10-13 15:00:00
2018,10.0,13.0,16.0,54.87,54.87,2018-10-13 16:00:00
2018,10.0,13.0,17.0,54.87,54.87,2018-10-13 17:00:00
2018,10.0,13.0,18.0,60.46,60.46,2018-10-13 18:00:00
2018,10.0,13.0,19.0,64.93,64.93,2018-10-13 19:00:00
2018,10.0,13.0,20.0,72.82,72.82,2018-10-13 20:00:00
2018,10.0,13.0,21.0,75.4,75.4,2018-10-13 21:00:00
2018,10.0,13.0,22.0,73.36,73.36,2018-10-13 22:00:00
2018,10.0,13.0,23.0,70.15,70.15,2018-10-13 23:00:00
2018,10.0,13.0,24.0,69.39,69.39,2018-10-14 00:00:00
2018,10.0,14.0,1.0,54.47,54.47,2018-10-14 01:00:00
2018,10.0,14.0,2.0,54.05,54.05,2018-10-14 02:00:00
2018,10.0,14.0,3.0,50.03,50.03,2018-10-14 03:00:00
2018,10.0,14.0,4.0,49.47,49.47,2018-10-14 04:00:00
2018,10.0,14.0,5.0,46.44,46.44,2018-10-14 05:00:00
2018,10.0,14.0,6.0,40.0,40.0,2018-10-14 06:00:00
2018,10.0,14.0,7.0,38.39,38.39,2018-10-14 07:00:00
2018,10.0,14.0,8.0,38.5,38.5,2018-10-14 08:00:00
2018,10.0,14.0,9.0,38.87,38.87,2018-10-14 09:00:00
2018,10.0,14.0,10.0,49.05,49.05,2018-10-14 10:00:00
2018,10.0,14.0,11.0,50.0,50.0,2018-10-14 11:00:00
2018,10.0,14.0,12.0,49.6,49.6,2018-10-14 12:00:00
2018,10.0,14.0,13.0,50.34,50.34,2018-10-14 13:00:00
2018,10.0,14.0,14.0,53.5,53.5,2018-10-14 14:00:00
2018,10.0,14.0,15.0,54.01,54.01,2018-10-14 15:00:00
2018,10.0,14.0,16.0,51.6,51.6,2018-10-14 16:00:00
2018,10.0,14.0,17.0,51.6,51.6,2018-10-14 17:00:00
2018,10.0,14.0,18.0,54.2,54.2,2018-10-14 18:00:00
2018,10.0,14.0,19.0,56.56,56.56,2018-10-14 19:00:00
2018,10.0,14.0,20.0,68.09,68.09,2018-10-14 20:00:00
2018,10.0,14.0,21.0,73.36,73.36,2018-10-14 21:00:00
2018,10.0,14.0,22.0,71.62,71.62,2018-10-14 22:00:00
2018,10.0,14.0,23.0,70.09,70.09,2018-10-14 23:00:00
2018,10.0,14.0,24.0,68.78,66.57,2018-10-15 00:00:00
2018,10.0,15.0,1.0,56.65,49.23,2018-10-15 01:00:00
2018,10.0,15.0,2.0,57.19,39.5,2018-10-15 02:00:00
2018,10.0,15.0,3.0,56.65,35.81,2018-10-15 03:00:00
2018,10.0,15.0,4.0,52.25,35.61,2018-10-15 04:00:00
2018,10.0,15.0,5.0,50.43,33.0,2018-10-15 05:00:00
2018,10.0,15.0,6.0,48.25,42.0,2018-10-15 06:00:00
2018,10.0,15.0,7.0,50.43,50.43,2018-10-15 07:00:00
2018,10.0,15.0,8.0,57.16,57.16,2018-10-15 08:00:00
2018,10.0,15.0,9.0,63.57,63.57,2018-10-15 09:00:00
2018,10.0,15.0,10.0,65.18,65.18,2018-10-15 10:00:00
2018,10.0,15.0,11.0,66.78,66.78,2018-10-15 11:00:00
2018,10.0,15.0,12.0,65.97,65.97,2018-10-15 12:00:00
2018,10.0,15.0,13.0,69.89,69.89,2018-10-15 13:00:00
2018,10.0,15.0,14.0,70.0,70.0,2018-10-15 14:00:00
2018,10.0,15.0,15.0,69.64,69.64,2018-10-15 15:00:00
2018,10.0,15.0,16.0,70.46,70.46,2018-10-15 16:00:00
2018,10.0,15.0,17.0,71.86,71.86,2018-10-15 17:00:00
2018,10.0,15.0,18.0,73.47,73.47,2018-10-15 18:00:00
2018,10.0,15.0,19.0,74.25,74.25,2018-10-15 19:00:00
2018,10.0,15.0,20.0,75.14,75.14,2018-10-15 20:00:00
2018,10.0,15.0,21.0,78.89,78.89,2018-10-15 21:00:00
2018,10.0,15.0,22.0,75.57,75.57,2018-10-15 22:00:00
2018,10.0,15.0,23.0,70.46,70.46,2018-10-15 23:00:00
2018,10.0,15.0,24.0,69.39,69.39,2018-10-16 00:00:00
2018,10.0,16.0,1.0,71.07,71.07,2018-10-16 01:00:00
2018,10.0,16.0,2.0,70.46,70.46,2018-10-16 02:00:00
2018,10.0,16.0,3.0,69.64,69.64,2018-10-16 03:00:00
2018,10.0,16.0,4.0,68.95,68.95,2018-10-16 04:00:00
2018,10.0,16.0,5.0,66.8,66.8,2018-10-16 05:00:00
2018,10.0,16.0,6.0,66.48,66.48,2018-10-16 06:00:00
2018,10.0,16.0,7.0,73.36,73.36,2018-10-16 07:00:00
2018,10.0,16.0,8.0,76.11,76.11,2018-10-16 08:00:00
2018,10.0,16.0,9.0,76.34,76.34,2018-10-16 09:00:00
2018,10.0,16.0,10.0,76.56,76.56,2018-10-16 10:00:00
2018,10.0,16.0,11.0,76.44,76.44,2018-10-16 11:00:00
2018,10.0,16.0,12.0,75.68,75.68,2018-10-16 12:00:00
2018,10.0,16.0,13.0,74.51,74.51,2018-10-16 13:00:00
2018,10.0,16.0,14.0,74.57,74.57,2018-10-16 14:00:00
2018,10.0,16.0,15.0,71.79,71.79,2018-10-16 15:00:00
2018,10.0,16.0,16.0,72.41,72.41,2018-10-16 16:00:00
2018,10.0,16.0,17.0,74.04,74.04,2018-10-16 17:00:00
2018,10.0,16.0,18.0,75.45,75.45,2018-10-16 18:00:00
2018,10.0,16.0,19.0,75.25,75.25,2018-10-16 19:00:00
2018,10.0,16.0,20.0,75.57,75.57,2018-10-16 20:00:00
2018,10.0,16.0,21.0,78.78,78.78,2018-10-16 21:00:00
2018,10.0,16.0,22.0,76.71,76.71,2018-10-16 22:00:00
2018,10.0,16.0,23.0,73.36,73.36,2018-10-16 23:00:00
2018,10.0,16.0,24.0,70.0,70.0,2018-10-17 00:00:00
2018,10.0,17.0,1.0,70.15,70.15,2018-10-17 01:00:00
2018,10.0,17.0,2.0,70.08,70.08,2018-10-17 02:00:00
2018,10.0,17.0,3.0,68.95,68.95,2018-10-17 03:00:00
2018,10.0,17.0,4.0,66.89,66.89,2018-10-17 04:00:00
2018,10.0,17.0,5.0,64.93,64.93,2018-10-17 05:00:00
2018,10.0,17.0,6.0,63.76,63.76,2018-10-17 06:00:00
2018,10.0,17.0,7.0,73.6,73.6,2018-10-17 07:00:00
2018,10.0,17.0,8.0,75.56,75.56,2018-10-17 08:00:00
2018,10.0,17.0,9.0,75.89,75.89,2018-10-17 09:00:00
2018,10.0,17.0,10.0,76.03,76.03,2018-10-17 10:00:00
2018,10.0,17.0,11.0,75.57,75.57,2018-10-17 11:00:00
2018,10.0,17.0,12.0,75.0,75.0,2018-10-17 12:00:00
2018,10.0,17.0,13.0,75.09,75.09,2018-10-17 13:00:00
2018,10.0,17.0,14.0,74.51,74.51,2018-10-17 14:00:00
2018,10.0,17.0,15.0,72.25,72.25,2018-10-17 15:00:00
2018,10.0,17.0,16.0,71.84,71.84,2018-10-17 16:00:00
2018,10.0,17.0,17.0,73.36,73.36,2018-10-17 17:00:00
2018,10.0,17.0,18.0,73.65,73.65,2018-10-17 18:00:00
2018,10.0,17.0,19.0,73.08,73.08,2018-10-17 19:00:00
2018,10.0,17.0,20.0,74.51,74.51,2018-10-17 20:00:00
2018,10.0,17.0,21.0,76.61,76.61,2018-10-17 21:00:00
2018,10.0,17.0,22.0,75.57,75.57,2018-10-17 22:00:00
2018,10.0,17.0,23.0,70.0,70.0,2018-10-17 23:00:00
2018,10.0,17.0,24.0,63.08,63.08,2018-10-18 00:00:00
2018,10.0,18.0,1.0,65.94,65.94,2018-10-18 01:00:00
2018,10.0,18.0,2.0,61.33,61.33,2018-10-18 02:00:00
2018,10.0,18.0,3.0,57.37,57.37,2018-10-18 03:00:00
2018,10.0,18.0,4.0,55.95,55.95,2018-10-18 04:00:00
2018,10.0,18.0,5.0,54.5,54.5,2018-10-18 05:00:00
2018,10.0,18.0,6.0,54.09,54.09,2018-10-18 06:00:00
2018,10.0,18.0,7.0,61.06,61.06,2018-10-18 07:00:00
2018,10.0,18.0,8.0,70.42,70.42,2018-10-18 08:00:00
2018,10.0,18.0,9.0,71.46,71.47,2018-10-18 09:00:00
2018,10.0,18.0,10.0,71.2,71.93,2018-10-18 10:00:00
2018,10.0,18.0,11.0,71.2,72.1,2018-10-18 11:00:00
2018,10.0,18.0,12.0,71.1,71.1,2018-10-18 12:00:00
2018,10.0,18.0,13.0,70.15,70.15,2018-10-18 13:00:00
2018,10.0,18.0,14.0,68.95,68.95,2018-10-18 14:00:00
2018,10.0,18.0,15.0,64.16,64.16,2018-10-18 15:00:00
2018,10.0,18.0,16.0,62.53,62.53,2018-10-18 16:00:00
2018,10.0,18.0,17.0,62.53,62.53,2018-10-18 17:00:00
2018,10.0,18.0,18.0,70.5,70.5,2018-10-18 18:00:00
2018,10.0,18.0,19.0,70.0,70.0,2018-10-18 19:00:00
2018,10.0,18.0,20.0,71.01,71.01,2018-10-18 20:00:00
2018,10.0,18.0,21.0,74.1,74.1,2018-10-18 21:00:00
2018,10.0,18.0,22.0,66.22,66.22,2018-10-18 22:00:00
2018,10.0,18.0,23.0,62.07,62.07,2018-10-18 23:00:00
2018,10.0,18.0,24.0,59.32,59.32,2018-10-19 00:00:00
2018,10.0,19.0,1.0,54.12,54.12,2018-10-19 01:00:00
2018,10.0,19.0,2.0,52.51,52.51,2018-10-19 02:00:00
2018,10.0,19.0,3.0,50.63,50.63,2018-10-19 03:00:00
2018,10.0,19.0,4.0,49.94,49.94,2018-10-19 04:00:00
2018,10.0,19.0,5.0,50.22,50.22,2018-10-19 05:00:00
2018,10.0,19.0,6.0,52.25,52.25,2018-10-19 06:00:00
2018,10.0,19.0,7.0,57.16,57.16,2018-10-19 07:00:00
2018,10.0,19.0,8.0,69.17,69.17,2018-10-19 08:00:00
2018,10.0,19.0,9.0,70.0,70.0,2018-10-19 09:00:00
2018,10.0,19.0,10.0,70.11,70.46,2018-10-19 10:00:00
2018,10.0,19.0,11.0,70.11,70.46,2018-10-19 11:00:00
2018,10.0,19.0,12.0,70.0,70.0,2018-10-19 12:00:00
2018,10.0,19.0,13.0,69.4,69.4,2018-10-19 13:00:00
2018,10.0,19.0,14.0,63.5,63.5,2018-10-19 14:00:00
2018,10.0,19.0,15.0,60.91,60.91,2018-10-19 15:00:00
2018,10.0,19.0,16.0,60.92,60.92,2018-10-19 16:00:00
2018,10.0,19.0,17.0,62.17,62.17,2018-10-19 17:00:00
2018,10.0,19.0,18.0,68.95,68.95,2018-10-19 18:00:00
2018,10.0,19.0,19.0,68.95,68.95,2018-10-19 19:00:00
2018,10.0,19.0,20.0,70.0,70.0,2018-10-19 20:00:00
2018,10.0,19.0,21.0,73.19,73.19,2018-10-19 21:00:00
2018,10.0,19.0,22.0,68.95,68.95,2018-10-19 22:00:00
2018,10.0,19.0,23.0,60.43,60.43,2018-10-19 23:00:00
2018,10.0,19.0,24.0,57.98,57.98,2018-10-20 00:00:00
2018,10.0,20.0,1.0,64.75,64.75,2018-10-20 01:00:00
2018,10.0,20.0,2.0,56.55,56.55,2018-10-20 02:00:00
2018,10.0,20.0,3.0,53.01,53.01,2018-10-20 03:00:00
2018,10.0,20.0,4.0,52.55,52.55,2018-10-20 04:00:00
2018,10.0,20.0,5.0,52.46,52.46,2018-10-20 05:00:00
2018,10.0,20.0,6.0,51.2,51.2,2018-10-20 06:00:00
2018,10.0,20.0,7.0,52.4,52.4,2018-10-20 07:00:00
2018,10.0,20.0,8.0,56.03,56.03,2018-10-20 08:00:00
2018,10.0,20.0,9.0,60.0,60.0,2018-10-20 09:00:00
2018,10.0,20.0,10.0,67.26,67.26,2018-10-20 10:00:00
2018,10.0,20.0,11.0,66.48,66.48,2018-10-20 11:00:00
2018,10.0,20.0,12.0,61.78,61.78,2018-10-20 12:00:00
2018,10.0,20.0,13.0,59.21,59.21,2018-10-20 13:00:00
2018,10.0,20.0,14.0,57.35,57.35,2018-10-20 14:00:00
2018,10.0,20.0,15.0,55.01,55.01,2018-10-20 15:00:00
2018,10.0,20.0,16.0,53.05,53.05,2018-10-20 16:00:00
2018,10.0,20.0,17.0,55.11,55.11,2018-10-20 17:00:00
2018,10.0,20.0,18.0,61.24,61.24,2018-10-20 18:00:00
2018,10.0,20.0,19.0,68.4,68.4,2018-10-20 19:00:00
2018,10.0,20.0,20.0,70.01,70.01,2018-10-20 20:00:00
2018,10.0,20.0,21.0,71.69,71.69,2018-10-20 21:00:00
2018,10.0,20.0,22.0,64.75,64.75,2018-10-20 22:00:00
2018,10.0,20.0,23.0,60.01,60.01,2018-10-20 23:00:00
2018,10.0,20.0,24.0,60.86,60.86,2018-10-21 00:00:00
2018,10.0,21.0,1.0,55.0,55.0,2018-10-21 01:00:00
2018,10.0,21.0,2.0,54.01,54.01,2018-10-21 02:00:00
2018,10.0,21.0,3.0,51.53,51.53,2018-10-21 03:00:00
2018,10.0,21.0,4.0,50.5,50.5,2018-10-21 04:00:00
2018,10.0,21.0,5.0,50.33,50.33,2018-10-21 05:00:00
2018,10.0,21.0,6.0,50.5,50.5,2018-10-21 06:00:00
2018,10.0,21.0,7.0,52.02,52.02,2018-10-21 07:00:00
2018,10.0,21.0,8.0,56.03,56.03,2018-10-21 08:00:00
2018,10.0,21.0,9.0,59.0,59.0,2018-10-21 09:00:00
2018,10.0,21.0,10.0,61.03,61.03,2018-10-21 10:00:00
2018,10.0,21.0,11.0,60.94,60.94,2018-10-21 11:00:00
2018,10.0,21.0,12.0,60.79,60.79,2018-10-21 12:00:00
2018,10.0,21.0,13.0,61.0,61.0,2018-10-21 13:00:00
2018,10.0,21.0,14.0,65.92,65.92,2018-10-21 14:00:00
2018,10.0,21.0,15.0,66.16,66.16,2018-10-21 15:00:00
2018,10.0,21.0,16.0,60.0,60.0,2018-10-21 16:00:00
2018,10.0,21.0,17.0,58.64,58.64,2018-10-21 17:00:00
2018,10.0,21.0,18.0,60.99,60.99,2018-10-21 18:00:00
2018,10.0,21.0,19.0,68.95,68.95,2018-10-21 19:00:00
2018,10.0,21.0,20.0,72.82,72.82,2018-10-21 20:00:00
2018,10.0,21.0,21.0,72.5,72.5,2018-10-21 21:00:00
2018,10.0,21.0,22.0,71.01,71.01,2018-10-21 22:00:00
2018,10.0,21.0,23.0,69.69,69.69,2018-10-21 23:00:00
2018,10.0,21.0,24.0,66.56,66.56,2018-10-22 00:00:00
2018,10.0,22.0,1.0,60.59,60.59,2018-10-22 01:00:00
2018,10.0,22.0,2.0,56.55,56.55,2018-10-22 02:00:00
2018,10.0,22.0,3.0,54.64,54.64,2018-10-22 03:00:00
2018,10.0,22.0,4.0,54.08,54.08,2018-10-22 04:00:00
2018,10.0,22.0,5.0,53.55,53.55,2018-10-22 05:00:00
2018,10.0,22.0,6.0,53.55,53.55,2018-10-22 06:00:00
2018,10.0,22.0,7.0,60.0,60.0,2018-10-22 07:00:00
2018,10.0,22.0,8.0,71.31,71.31,2018-10-22 08:00:00
2018,10.0,22.0,9.0,72.89,72.89,2018-10-22 09:00:00
2018,10.0,22.0,10.0,72.82,72.82,2018-10-22 10:00:00
2018,10.0,22.0,11.0,71.15,71.15,2018-10-22 11:00:00
2018,10.0,22.0,12.0,70.17,70.17,2018-10-22 12:00:00
2018,10.0,22.0,13.0,68.37,68.37,2018-10-22 13:00:00
2018,10.0,22.0,14.0,62.17,62.17,2018-10-22 14:00:00
2018,10.0,22.0,15.0,58.79,58.79,2018-10-22 15:00:00
2018,10.0,22.0,16.0,58.0,58.0,2018-10-22 16:00:00
2018,10.0,22.0,17.0,57.88,57.88,2018-10-22 17:00:00
2018,10.0,22.0,18.0,66.54,66.54,2018-10-22 18:00:00
2018,10.0,22.0,19.0,68.17,68.17,2018-10-22 19:00:00
2018,10.0,22.0,20.0,70.03,70.03,2018-10-22 20:00:00
2018,10.0,22.0,21.0,72.82,72.82,2018-10-22 21:00:00
2018,10.0,22.0,22.0,67.55,67.55,2018-10-22 22:00:00
2018,10.0,22.0,23.0,59.72,59.72,2018-10-22 23:00:00
2018,10.0,22.0,24.0,55.11,55.11,2018-10-23 00:00:00
2018,10.0,23.0,1.0,54.23,54.23,2018-10-23 01:00:00
2018,10.0,23.0,2.0,52.9,52.9,2018-10-23 02:00:00
2018,10.0,23.0,3.0,50.14,50.14,2018-10-23 03:00:00
2018,10.0,23.0,4.0,49.14,49.14,2018-10-23 04:00:00
2018,10.0,23.0,5.0,49.0,49.0,2018-10-23 05:00:00
2018,10.0,23.0,6.0,50.0,50.0,2018-10-23 06:00:00
2018,10.0,23.0,7.0,54.4,54.4,2018-10-23 07:00:00
2018,10.0,23.0,8.0,68.64,68.64,2018-10-23 08:00:00
2018,10.0,23.0,9.0,70.0,70.0,2018-10-23 09:00:00
2018,10.0,23.0,10.0,70.46,70.46,2018-10-23 10:00:00
2018,10.0,23.0,11.0,70.46,70.46,2018-10-23 11:00:00
2018,10.0,23.0,12.0,70.01,70.01,2018-10-23 12:00:00
2018,10.0,23.0,13.0,68.89,68.89,2018-10-23 13:00:00
2018,10.0,23.0,14.0,64.96,64.96,2018-10-23 14:00:00
2018,10.0,23.0,15.0,60.85,60.85,2018-10-23 15:00:00
2018,10.0,23.0,16.0,58.99,58.99,2018-10-23 16:00:00
2018,10.0,23.0,17.0,59.25,59.25,2018-10-23 17:00:00
2018,10.0,23.0,18.0,64.26,64.26,2018-10-23 18:00:00
2018,10.0,23.0,19.0,70.99,70.99,2018-10-23 19:00:00
2018,10.0,23.0,20.0,73.41,73.41,2018-10-23 20:00:00
2018,10.0,23.0,21.0,75.45,75.45,2018-10-23 21:00:00
2018,10.0,23.0,22.0,70.46,70.46,2018-10-23 22:00:00
2018,10.0,23.0,23.0,67.64,67.64,2018-10-23 23:00:00
2018,10.0,23.0,24.0,59.78,59.78,2018-10-24 00:00:00
2018,10.0,24.0,1.0,58.64,58.64,2018-10-24 01:00:00
2018,10.0,24.0,2.0,58.08,58.08,2018-10-24 02:00:00
2018,10.0,24.0,3.0,55.11,55.11,2018-10-24 03:00:00
2018,10.0,24.0,4.0,55.0,55.0,2018-10-24 04:00:00
2018,10.0,24.0,5.0,54.23,54.23,2018-10-24 05:00:00
2018,10.0,24.0,6.0,54.31,54.31,2018-10-24 06:00:00
2018,10.0,24.0,7.0,58.0,58.0,2018-10-24 07:00:00
2018,10.0,24.0,8.0,70.46,70.46,2018-10-24 08:00:00
2018,10.0,24.0,9.0,73.34,73.34,2018-10-24 09:00:00
2018,10.0,24.0,10.0,73.36,73.36,2018-10-24 10:00:00
2018,10.0,24.0,11.0,73.36,73.36,2018-10-24 11:00:00
2018,10.0,24.0,12.0,71.51,71.51,2018-10-24 12:00:00
2018,10.0,24.0,13.0,70.67,70.67,2018-10-24 13:00:00
2018,10.0,24.0,14.0,70.0,70.0,2018-10-24 14:00:00
2018,10.0,24.0,15.0,67.0,67.0,2018-10-24 15:00:00
2018,10.0,24.0,16.0,64.2,64.2,2018-10-24 16:00:00
2018,10.0,24.0,17.0,64.93,64.93,2018-10-24 17:00:00
2018,10.0,24.0,18.0,67.85,67.85,2018-10-24 18:00:00
2018,10.0,24.0,19.0,69.17,69.17,2018-10-24 19:00:00
2018,10.0,24.0,20.0,72.24,72.24,2018-10-24 20:00:00
2018,10.0,24.0,21.0,75.0,75.0,2018-10-24 21:00:00
2018,10.0,24.0,22.0,73.36,73.36,2018-10-24 22:00:00
2018,10.0,24.0,23.0,68.62,68.62,2018-10-24 23:00:00
2018,10.0,24.0,24.0,66.9,66.9,2018-10-25 00:00:00
2018,10.0,25.0,1.0,65.2,65.2,2018-10-25 01:00:00
2018,10.0,25.0,2.0,64.75,64.75,2018-10-25 02:00:00
2018,10.0,25.0,3.0,60.19,60.19,2018-10-25 03:00:00
2018,10.0,25.0,4.0,59.87,59.87,2018-10-25 04:00:00
2018,10.0,25.0,5.0,59.85,59.85,2018-10-25 05:00:00
2018,10.0,25.0,6.0,62.01,62.01,2018-10-25 06:00:00
2018,10.0,25.0,7.0,68.94,68.94,2018-10-25 07:00:00
2018,10.0,25.0,8.0,73.45,73.45,2018-10-25 08:00:00
2018,10.0,25.0,9.0,74.75,74.75,2018-10-25 09:00:00
2018,10.0,25.0,10.0,75.36,75.36,2018-10-25 10:00:00
2018,10.0,25.0,11.0,75.18,75.18,2018-10-25 11:00:00
2018,10.0,25.0,12.0,74.07,74.07,2018-10-25 12:00:00
2018,10.0,25.0,13.0,74.25,74.25,2018-10-25 13:00:00
2018,10.0,25.0,14.0,74.05,74.05,2018-10-25 14:00:00
2018,10.0,25.0,15.0,72.82,72.82,2018-10-25 15:00:00
2018,10.0,25.0,16.0,70.15,70.15,2018-10-25 16:00:00
2018,10.0,25.0,17.0,70.0,70.0,2018-10-25 17:00:00
2018,10.0,25.0,18.0,74.15,74.15,2018-10-25 18:00:00
2018,10.0,25.0,19.0,74.67,74.67,2018-10-25 19:00:00
2018,10.0,25.0,20.0,75.75,75.75,2018-10-25 20:00:00
2018,10.0,25.0,21.0,78.05,78.05,2018-10-25 21:00:00
2018,10.0,25.0,22.0,75.75,75.75,2018-10-25 22:00:00
2018,10.0,25.0,23.0,72.39,72.39,2018-10-25 23:00:00
2018,10.0,25.0,24.0,70.0,70.0,2018-10-26 00:00:00
2018,10.0,26.0,1.0,72.82,72.82,2018-10-26 01:00:00
2018,10.0,26.0,2.0,70.46,70.46,2018-10-26 02:00:00
2018,10.0,26.0,3.0,69.39,69.39,2018-10-26 03:00:00
2018,10.0,26.0,4.0,67.08,67.08,2018-10-26 04:00:00
2018,10.0,26.0,5.0,65.41,65.41,2018-10-26 05:00:00
2018,10.0,26.0,6.0,65.18,65.18,2018-10-26 06:00:00
2018,10.0,26.0,7.0,70.22,70.22,2018-10-26 07:00:00
2018,10.0,26.0,8.0,75.01,75.01,2018-10-26 08:00:00
2018,10.0,26.0,9.0,76.01,76.01,2018-10-26 09:00:00
2018,10.0,26.0,10.0,77.06,77.06,2018-10-26 10:00:00
2018,10.0,26.0,11.0,77.14,77.14,2018-10-26 11:00:00
2018,10.0,26.0,12.0,77.01,77.01,2018-10-26 12:00:00
2018,10.0,26.0,13.0,76.82,76.82,2018-10-26 13:00:00
2018,10.0,26.0,14.0,74.23,74.23,2018-10-26 14:00:00
2018,10.0,26.0,15.0,70.46,70.46,2018-10-26 15:00:00
2018,10.0,26.0,16.0,69.36,69.36,2018-10-26 16:00:00
2018,10.0,26.0,17.0,68.01,68.01,2018-10-26 17:00:00
2018,10.0,26.0,18.0,69.64,69.64,2018-10-26 18:00:00
2018,10.0,26.0,19.0,70.15,70.15,2018-10-26 19:00:00
2018,10.0,26.0,20.0,71.78,71.78,2018-10-26 20:00:00
2018,10.0,26.0,21.0,73.65,73.65,2018-10-26 21:00:00
2018,10.0,26.0,22.0,68.2,68.2,2018-10-26 22:00:00
2018,10.0,26.0,23.0,66.02,66.02,2018-10-26 23:00:00
2018,10.0,26.0,24.0,64.02,64.02,2018-10-27 00:00:00
2018,10.0,27.0,1.0,68.49,68.49,2018-10-27 01:00:00
2018,10.0,27.0,2.0,64.51,64.51,2018-10-27 02:00:00
2018,10.0,27.0,3.0,61.65,61.65,2018-10-27 03:00:00
2018,10.0,27.0,4.0,54.6,54.6,2018-10-27 04:00:00
2018,10.0,27.0,5.0,53.07,53.07,2018-10-27 05:00:00
2018,10.0,27.0,6.0,53.14,53.14,2018-10-27 06:00:00
2018,10.0,27.0,7.0,53.99,53.99,2018-10-27 07:00:00
2018,10.0,27.0,8.0,55.0,55.0,2018-10-27 08:00:00
2018,10.0,27.0,9.0,55.49,55.49,2018-10-27 09:00:00
2018,10.0,27.0,10.0,66.18,66.18,2018-10-27 10:00:00
2018,10.0,27.0,11.0,70.0,70.0,2018-10-27 11:00:00
2018,10.0,27.0,12.0,69.39,69.39,2018-10-27 12:00:00
2018,10.0,27.0,13.0,65.99,65.99,2018-10-27 13:00:00
2018,10.0,27.0,14.0,65.61,65.61,2018-10-27 14:00:00
2018,10.0,27.0,15.0,60.17,60.17,2018-10-27 15:00:00
2018,10.0,27.0,16.0,53.56,53.56,2018-10-27 16:00:00
2018,10.0,27.0,17.0,52.6,52.6,2018-10-27 17:00:00
2018,10.0,27.0,18.0,52.6,52.6,2018-10-27 18:00:00
2018,10.0,27.0,19.0,53.35,53.35,2018-10-27 19:00:00
2018,10.0,27.0,20.0,63.11,63.11,2018-10-27 20:00:00
2018,10.0,27.0,21.0,70.44,70.44,2018-10-27 21:00:00
2018,10.0,27.0,22.0,68.95,68.95,2018-10-27 22:00:00
2018,10.0,27.0,23.0,65.18,65.18,2018-10-27 23:00:00
2018,10.0,27.0,24.0,59.49,59.49,2018-10-28 00:00:00
2018,10.0,28.0,1.0,64.47,64.47,2018-10-28 01:00:00
2018,10.0,28.0,2.0,54.83,54.83,2018-10-28 02:00:00
2018,10.0,28.0,3.0,52.4,52.4,2018-10-28 03:00:00
2018,10.0,28.0,4.0,50.12,50.12,2018-10-28 04:00:00
2018,10.0,28.0,5.0,45.92,45.92,2018-10-28 05:00:00
2018,10.0,28.0,6.0,44.0,44.0,2018-10-28 06:00:00
2018,10.0,28.0,7.0,44.79,44.79,2018-10-28 07:00:00
2018,10.0,28.0,8.0,47.27,47.27,2018-10-28 08:00:00
2018,10.0,28.0,9.0,48.86,48.86,2018-10-28 09:00:00
2018,10.0,28.0,10.0,50.1,50.1,2018-10-28 10:00:00
2018,10.0,28.0,11.0,51.1,51.1,2018-10-28 11:00:00
2018,10.0,28.0,12.0,50.1,50.1,2018-10-28 12:00:00
2018,10.0,28.0,13.0,50.62,50.62,2018-10-28 13:00:00
2018,10.0,28.0,14.0,52.6,52.6,2018-10-28 14:00:00
2018,10.0,28.0,15.0,51.9,51.9,2018-10-28 15:00:00
2018,10.0,28.0,16.0,49.68,49.68,2018-10-28 16:00:00
2018,10.0,28.0,17.0,46.99,46.99,2018-10-28 17:00:00
2018,10.0,28.0,18.0,47.36,47.36,2018-10-28 18:00:00
2018,10.0,28.0,19.0,54.92,54.92,2018-10-28 19:00:00
2018,10.0,28.0,20.0,65.02,65.02,2018-10-28 20:00:00
2018,10.0,28.0,21.0,69.14,69.14,2018-10-28 21:00:00
2018,10.0,28.0,22.0,70.0,70.0,2018-10-28 22:00:00
2018,10.0,28.0,23.0,70.0,70.0,2018-10-28 23:00:00
2018,10.0,28.0,24.0,68.61,68.61,2018-10-29 00:00:00
2018,10.0,29.0,1.0,51.75,51.75,2018-10-29 01:00:00
2018,10.0,29.0,2.0,48.0,48.0,2018-10-29 02:00:00
2018,10.0,29.0,3.0,42.92,42.92,2018-10-29 03:00:00
2018,10.0,29.0,4.0,36.33,36.33,2018-10-29 04:00:00
2018,10.0,29.0,5.0,36.66,36.66,2018-10-29 05:00:00
2018,10.0,29.0,6.0,47.62,47.62,2018-10-29 06:00:00
2018,10.0,29.0,7.0,53.31,53.31,2018-10-29 07:00:00
2018,10.0,29.0,8.0,65.5,65.5,2018-10-29 08:00:00
2018,10.0,29.0,9.0,68.69,68.69,2018-10-29 09:00:00
2018,10.0,29.0,10.0,69.1,69.1,2018-10-29 10:00:00
2018,10.0,29.0,11.0,66.87,66.87,2018-10-29 11:00:00
2018,10.0,29.0,12.0,64.01,64.01,2018-10-29 12:00:00
2018,10.0,29.0,13.0,61.41,61.41,2018-10-29 13:00:00
2018,10.0,29.0,14.0,63.97,63.97,2018-10-29 14:00:00
2018,10.0,29.0,15.0,57.05,57.05,2018-10-29 15:00:00
2018,10.0,29.0,16.0,56.01,56.01,2018-10-29 16:00:00
2018,10.0,29.0,17.0,58.07,58.07,2018-10-29 17:00:00
2018,10.0,29.0,18.0,65.86,65.86,2018-10-29 18:00:00
2018,10.0,29.0,19.0,69.64,69.64,2018-10-29 19:00:00
2018,10.0,29.0,20.0,73.36,73.36,2018-10-29 20:00:00
2018,10.0,29.0,21.0,75.57,75.57,2018-10-29 21:00:00
2018,10.0,29.0,22.0,73.0,73.0,2018-10-29 22:00:00
2018,10.0,29.0,23.0,69.39,69.39,2018-10-29 23:00:00
2018,10.0,29.0,24.0,65.01,65.01,2018-10-30 00:00:00
2018,10.0,30.0,1.0,54.08,54.08,2018-10-30 01:00:00
2018,10.0,30.0,2.0,53.13,53.13,2018-10-30 02:00:00
2018,10.0,30.0,3.0,52.9,52.9,2018-10-30 03:00:00
2018,10.0,30.0,4.0,52.52,52.52,2018-10-30 04:00:00
2018,10.0,30.0,5.0,53.0,53.0,2018-10-30 05:00:00
2018,10.0,30.0,6.0,55.49,55.49,2018-10-30 06:00:00
2018,10.0,30.0,7.0,59.2,59.2,2018-10-30 07:00:00
2018,10.0,30.0,8.0,67.9,67.9,2018-10-30 08:00:00
2018,10.0,30.0,9.0,69.69,69.69,2018-10-30 09:00:00
2018,10.0,30.0,10.0,70.4,70.4,2018-10-30 10:00:00
2018,10.0,30.0,11.0,70.42,70.42,2018-10-30 11:00:00
2018,10.0,30.0,12.0,70.25,70.25,2018-10-30 12:00:00
2018,10.0,30.0,13.0,70.45,70.45,2018-10-30 13:00:00
2018,10.0,30.0,14.0,70.2,70.2,2018-10-30 14:00:00
2018,10.0,30.0,15.0,69.43,69.43,2018-10-30 15:00:00
2018,10.0,30.0,16.0,67.81,67.81,2018-10-30 16:00:00
2018,10.0,30.0,17.0,67.89,67.89,2018-10-30 17:00:00
2018,10.0,30.0,18.0,69.72,69.72,2018-10-30 18:00:00
2018,10.0,30.0,19.0,70.09,70.09,2018-10-30 19:00:00
2018,10.0,30.0,20.0,72.1,72.1,2018-10-30 20:00:00
2018,10.0,30.0,21.0,74.28,74.28,2018-10-30 21:00:00
2018,10.0,30.0,22.0,73.01,73.01,2018-10-30 22:00:00
2018,10.0,30.0,23.0,70.29,70.29,2018-10-30 23:00:00
2018,10.0,30.0,24.0,65.46,65.46,2018-10-31 00:00:00
2018,10.0,31.0,1.0,65.55,65.55,2018-10-31 01:00:00
2018,10.0,31.0,2.0,60.77,60.77,2018-10-31 02:00:00
2018,10.0,31.0,3.0,59.57,59.57,2018-10-31 03:00:00
2018,10.0,31.0,4.0,56.16,56.16,2018-10-31 04:00:00
2018,10.0,31.0,5.0,55.49,55.49,2018-10-31 05:00:00
2018,10.0,31.0,6.0,57.05,57.05,2018-10-31 06:00:00
2018,10.0,31.0,7.0,68.68,68.68,2018-10-31 07:00:00
2018,10.0,31.0,8.0,71.07,71.07,2018-10-31 08:00:00
2018,10.0,31.0,9.0,71.7,71.7,2018-10-31 09:00:00
2018,10.0,31.0,10.0,72.98,72.98,2018-10-31 10:00:00
2018,10.0,31.0,11.0,73.1,73.1,2018-10-31 11:00:00
2018,10.0,31.0,12.0,71.9,71.9,2018-10-31 12:00:00
2018,10.0,31.0,13.0,71.9,71.9,2018-10-31 13:00:00
2018,10.0,31.0,14.0,72.1,72.1,2018-10-31 14:00:00
2018,10.0,31.0,15.0,71.61,71.61,2018-10-31 15:00:00
2018,10.0,31.0,16.0,71.18,71.18,2018-10-31 16:00:00
2018,10.0,31.0,17.0,71.22,71.22,2018-10-31 17:00:00
2018,10.0,31.0,18.0,72.59,72.59,2018-10-31 18:00:00
2018,10.0,31.0,19.0,73.0,73.0,2018-10-31 19:00:00
2018,10.0,31.0,20.0,74.81,74.81,2018-10-31 20:00:00
2018,10.0,31.0,21.0,75.93,75.93,2018-10-31 21:00:00
2018,10.0,31.0,22.0,70.13,70.13,2018-10-31 22:00:00
2018,10.0,31.0,23.0,67.89,67.89,2018-10-31 23:00:00
2018,10.0,31.0,24.0,67.64,67.64,2018-11-01 00:00:00
2018,11.0,1.0,1.0,71.61,71.61,2018-11-01 01:00:00
2018,11.0,1.0,2.0,68.71,68.71,2018-11-01 02:00:00
2018,11.0,1.0,3.0,67.64,67.64,2018-11-01 03:00:00
2018,11.0,1.0,4.0,66.53,66.53,2018-11-01 04:00:00
2018,11.0,1.0,5.0,62.45,62.45,2018-11-01 05:00:00
2018,11.0,1.0,6.0,59.2,59.2,2018-11-01 06:00:00
2018,11.0,1.0,7.0,59.2,59.2,2018-11-01 07:00:00
2018,11.0,1.0,8.0,59.52,59.52,2018-11-01 08:00:00
2018,11.0,1.0,9.0,59.2,59.2,2018-11-01 09:00:00
2018,11.0,1.0,10.0,64.18,64.18,2018-11-01 10:00:00
2018,11.0,1.0,11.0,64.99,64.99,2018-11-01 11:00:00
2018,11.0,1.0,12.0,64.46,64.46,2018-11-01 12:00:00
2018,11.0,1.0,13.0,62.88,62.88,2018-11-01 13:00:00
2018,11.0,1.0,14.0,63.28,63.28,2018-11-01 14:00:00
2018,11.0,1.0,15.0,58.36,58.36,2018-11-01 15:00:00
2018,11.0,1.0,16.0,54.69,54.69,2018-11-01 16:00:00
2018,11.0,1.0,17.0,54.49,54.49,2018-11-01 17:00:00
2018,11.0,1.0,18.0,62.99,62.99,2018-11-01 18:00:00
2018,11.0,1.0,19.0,70.69,70.69,2018-11-01 19:00:00
2018,11.0,1.0,20.0,71.28,71.28,2018-11-01 20:00:00
2018,11.0,1.0,21.0,71.07,71.07,2018-11-01 21:00:00
2018,11.0,1.0,22.0,69.8,69.8,2018-11-01 22:00:00
2018,11.0,1.0,23.0,67.64,67.64,2018-11-01 23:00:00
2018,11.0,1.0,24.0,59.11,59.11,2018-11-02 00:00:00
2018,11.0,2.0,1.0,56.86,56.86,2018-11-02 01:00:00
2018,11.0,2.0,2.0,54.24,54.24,2018-11-02 02:00:00
2018,11.0,2.0,3.0,49.55,49.55,2018-11-02 03:00:00
2018,11.0,2.0,4.0,48.9,48.9,2018-11-02 04:00:00
2018,11.0,2.0,5.0,48.1,48.1,2018-11-02 05:00:00
2018,11.0,2.0,6.0,51.15,51.15,2018-11-02 06:00:00
2018,11.0,2.0,7.0,60.18,60.18,2018-11-02 07:00:00
2018,11.0,2.0,8.0,67.2,67.2,2018-11-02 08:00:00
2018,11.0,2.0,9.0,68.4,68.4,2018-11-02 09:00:00
2018,11.0,2.0,10.0,70.07,70.07,2018-11-02 10:00:00
2018,11.0,2.0,11.0,70.71,70.71,2018-11-02 11:00:00
2018,11.0,2.0,12.0,69.8,69.8,2018-11-02 12:00:00
2018,11.0,2.0,13.0,68.4,68.4,2018-11-02 13:00:00
2018,11.0,2.0,14.0,67.2,67.2,2018-11-02 14:00:00
2018,11.0,2.0,15.0,64.2,64.2,2018-11-02 15:00:00
2018,11.0,2.0,16.0,65.82,65.82,2018-11-02 16:00:00
2018,11.0,2.0,17.0,65.85,65.85,2018-11-02 17:00:00
2018,11.0,2.0,18.0,67.64,67.64,2018-11-02 18:00:00
2018,11.0,2.0,19.0,70.69,70.69,2018-11-02 19:00:00
2018,11.0,2.0,20.0,72.5,72.5,2018-11-02 20:00:00
2018,11.0,2.0,21.0,71.42,71.42,2018-11-02 21:00:00
2018,11.0,2.0,22.0,67.23,67.23,2018-11-02 22:00:00
2018,11.0,2.0,23.0,67.89,67.89,2018-11-02 23:00:00
2018,11.0,2.0,24.0,67.16,67.16,2018-11-03 00:00:00
2018,11.0,3.0,1.0,65.21,65.21,2018-11-03 01:00:00
2018,11.0,3.0,2.0,56.27,56.27,2018-11-03 02:00:00
2018,11.0,3.0,3.0,54.94,54.94,2018-11-03 03:00:00
2018,11.0,3.0,4.0,54.13,52.12,2018-11-03 04:00:00
2018,11.0,3.0,5.0,53.74,50.1,2018-11-03 05:00:00
2018,11.0,3.0,6.0,53.74,52.61,2018-11-03 06:00:00
2018,11.0,3.0,7.0,54.24,54.24,2018-11-03 07:00:00
2018,11.0,3.0,8.0,57.0,57.0,2018-11-03 08:00:00
2018,11.0,3.0,9.0,61.5,61.5,2018-11-03 09:00:00
2018,11.0,3.0,10.0,65.03,65.03,2018-11-03 10:00:00
2018,11.0,3.0,11.0,64.45,64.45,2018-11-03 11:00:00
2018,11.0,3.0,12.0,66.58,66.58,2018-11-03 12:00:00
2018,11.0,3.0,13.0,67.13,67.13,2018-11-03 13:00:00
2018,11.0,3.0,14.0,67.21,67.21,2018-11-03 14:00:00
2018,11.0,3.0,15.0,66.26,66.26,2018-11-03 15:00:00
2018,11.0,3.0,16.0,63.08,63.08,2018-11-03 16:00:00
2018,11.0,3.0,17.0,62.18,62.18,2018-11-03 17:00:00
2018,11.0,3.0,18.0,70.0,70.0,2018-11-03 18:00:00
2018,11.0,3.0,19.0,75.0,75.0,2018-11-03 19:00:00
2018,11.0,3.0,20.0,75.56,75.56,2018-11-03 20:00:00
2018,11.0,3.0,21.0,72.69,72.69,2018-11-03 21:00:00
2018,11.0,3.0,22.0,71.96,71.96,2018-11-03 22:00:00
2018,11.0,3.0,23.0,69.36,69.36,2018-11-03 23:00:00
2018,11.0,3.0,24.0,70.0,70.0,2018-11-04 00:00:00
2018,11.0,4.0,1.0,69.94,69.94,2018-11-04 01:00:00
2018,11.0,4.0,2.0,67.2,67.2,2018-11-04 02:00:00
2018,11.0,4.0,3.0,63.93,63.93,2018-11-04 03:00:00
2018,11.0,4.0,4.0,58.0,58.0,2018-11-04 04:00:00
2018,11.0,4.0,5.0,54.94,54.94,2018-11-04 05:00:00
2018,11.0,4.0,6.0,54.79,54.79,2018-11-04 06:00:00
2018,11.0,4.0,7.0,54.84,54.84,2018-11-04 07:00:00
2018,11.0,4.0,8.0,54.94,54.94,2018-11-04 08:00:00
2018,11.0,4.0,9.0,54.99,54.99,2018-11-04 09:00:00
2018,11.0,4.0,10.0,58.61,58.61,2018-11-04 10:00:00
2018,11.0,4.0,11.0,62.5,62.5,2018-11-04 11:00:00
2018,11.0,4.0,12.0,62.8,62.8,2018-11-04 12:00:00
2018,11.0,4.0,13.0,58.97,58.97,2018-11-04 13:00:00
2018,11.0,4.0,14.0,56.42,56.42,2018-11-04 14:00:00
2018,11.0,4.0,15.0,54.99,54.99,2018-11-04 15:00:00
2018,11.0,4.0,16.0,52.3,52.3,2018-11-04 16:00:00
2018,11.0,4.0,17.0,52.3,52.3,2018-11-04 17:00:00
2018,11.0,4.0,18.0,62.99,62.99,2018-11-04 18:00:00
2018,11.0,4.0,19.0,67.17,67.17,2018-11-04 19:00:00
2018,11.0,4.0,20.0,68.68,68.68,2018-11-04 20:00:00
2018,11.0,4.0,21.0,64.28,64.28,2018-11-04 21:00:00
2018,11.0,4.0,22.0,64.18,64.18,2018-11-04 22:00:00
2018,11.0,4.0,23.0,60.5,60.5,2018-11-04 23:00:00
2018,11.0,4.0,24.0,54.99,54.99,2018-11-05 00:00:00
2018,11.0,5.0,1.0,50.77,50.77,2018-11-05 01:00:00
2018,11.0,5.0,2.0,46.61,46.61,2018-11-05 02:00:00
2018,11.0,5.0,3.0,44.56,44.56,2018-11-05 03:00:00
2018,11.0,5.0,4.0,41.92,41.92,2018-11-05 04:00:00
2018,11.0,5.0,5.0,41.07,41.07,2018-11-05 05:00:00
2018,11.0,5.0,6.0,46.17,46.17,2018-11-05 06:00:00
2018,11.0,5.0,7.0,54.22,54.22,2018-11-05 07:00:00
2018,11.0,5.0,8.0,67.64,67.64,2018-11-05 08:00:00
2018,11.0,5.0,9.0,69.0,69.0,2018-11-05 09:00:00
2018,11.0,5.0,10.0,70.02,70.02,2018-11-05 10:00:00
2018,11.0,5.0,11.0,68.68,68.68,2018-11-05 11:00:00
2018,11.0,5.0,12.0,68.31,68.31,2018-11-05 12:00:00
2018,11.0,5.0,13.0,66.07,66.07,2018-11-05 13:00:00
2018,11.0,5.0,14.0,67.2,67.2,2018-11-05 14:00:00
2018,11.0,5.0,15.0,66.0,66.0,2018-11-05 15:00:00
2018,11.0,5.0,16.0,64.62,64.62,2018-11-05 16:00:00
2018,11.0,5.0,17.0,63.8,63.8,2018-11-05 17:00:00
2018,11.0,5.0,18.0,67.2,67.2,2018-11-05 18:00:00
2018,11.0,5.0,19.0,70.0,70.0,2018-11-05 19:00:00
2018,11.0,5.0,20.0,72.43,72.43,2018-11-05 20:00:00
2018,11.0,5.0,21.0,69.21,69.21,2018-11-05 21:00:00
2018,11.0,5.0,22.0,64.18,64.18,2018-11-05 22:00:00
2018,11.0,5.0,23.0,62.03,62.03,2018-11-05 23:00:00
2018,11.0,5.0,24.0,54.84,54.84,2018-11-06 00:00:00
2018,11.0,6.0,1.0,51.0,51.0,2018-11-06 01:00:00
2018,11.0,6.0,2.0,48.94,47.64,2018-11-06 02:00:00
2018,11.0,6.0,3.0,44.82,44.82,2018-11-06 03:00:00
2018,11.0,6.0,4.0,43.53,43.53,2018-11-06 04:00:00
2018,11.0,6.0,5.0,43.93,43.93,2018-11-06 05:00:00
2018,11.0,6.0,6.0,48.18,48.18,2018-11-06 06:00:00
2018,11.0,6.0,7.0,52.3,52.3,2018-11-06 07:00:00
2018,11.0,6.0,8.0,64.43,64.43,2018-11-06 08:00:00
2018,11.0,6.0,9.0,67.32,67.32,2018-11-06 09:00:00
2018,11.0,6.0,10.0,68.25,68.25,2018-11-06 10:00:00
2018,11.0,6.0,11.0,65.44,65.44,2018-11-06 11:00:00
2018,11.0,6.0,12.0,63.86,63.86,2018-11-06 12:00:00
2018,11.0,6.0,13.0,60.73,60.73,2018-11-06 13:00:00
2018,11.0,6.0,14.0,62.41,62.41,2018-11-06 14:00:00
2018,11.0,6.0,15.0,63.14,63.14,2018-11-06 15:00:00
2018,11.0,6.0,16.0,64.0,64.0,2018-11-06 16:00:00
2018,11.0,6.0,17.0,65.2,65.2,2018-11-06 17:00:00
2018,11.0,6.0,18.0,67.64,67.64,2018-11-06 18:00:00
2018,11.0,6.0,19.0,69.87,69.87,2018-11-06 19:00:00
2018,11.0,6.0,20.0,71.61,71.61,2018-11-06 20:00:00
2018,11.0,6.0,21.0,67.2,67.2,2018-11-06 21:00:00
2018,11.0,6.0,22.0,59.9,59.9,2018-11-06 22:00:00
2018,11.0,6.0,23.0,55.22,55.22,2018-11-06 23:00:00
2018,11.0,6.0,24.0,52.07,52.07,2018-11-07 00:00:00
2018,11.0,7.0,1.0,44.65,44.65,2018-11-07 01:00:00
2018,11.0,7.0,2.0,43.6,43.6,2018-11-07 02:00:00
2018,11.0,7.0,3.0,41.59,41.59,2018-11-07 03:00:00
2018,11.0,7.0,4.0,40.64,40.64,2018-11-07 04:00:00
2018,11.0,7.0,5.0,39.37,39.37,2018-11-07 05:00:00
2018,11.0,7.0,6.0,43.77,43.77,2018-11-07 06:00:00
2018,11.0,7.0,7.0,50.79,50.79,2018-11-07 07:00:00
2018,11.0,7.0,8.0,61.99,61.99,2018-11-07 08:00:00
2018,11.0,7.0,9.0,64.18,64.18,2018-11-07 09:00:00
2018,11.0,7.0,10.0,63.01,63.01,2018-11-07 10:00:00
2018,11.0,7.0,11.0,61.56,61.56,2018-11-07 11:00:00
2018,11.0,7.0,12.0,61.06,61.06,2018-11-07 12:00:00
2018,11.0,7.0,13.0,60.0,60.0,2018-11-07 13:00:00
2018,11.0,7.0,14.0,62.1,62.1,2018-11-07 14:00:00
2018,11.0,7.0,15.0,62.94,62.94,2018-11-07 15:00:00
2018,11.0,7.0,16.0,65.61,65.61,2018-11-07 16:00:00
2018,11.0,7.0,17.0,67.7,67.7,2018-11-07 17:00:00
2018,11.0,7.0,18.0,70.99,70.99,2018-11-07 18:00:00
2018,11.0,7.0,19.0,73.57,73.57,2018-11-07 19:00:00
2018,11.0,7.0,20.0,73.09,73.09,2018-11-07 20:00:00
2018,11.0,7.0,21.0,73.9,73.9,2018-11-07 21:00:00
2018,11.0,7.0,22.0,73.0,73.0,2018-11-07 22:00:00
2018,11.0,7.0,23.0,70.03,70.03,2018-11-07 23:00:00
2018,11.0,7.0,24.0,68.4,68.4,2018-11-08 00:00:00
2018,11.0,8.0,1.0,65.0,65.0,2018-11-08 01:00:00
2018,11.0,8.0,2.0,62.76,62.76,2018-11-08 02:00:00
2018,11.0,8.0,3.0,55.86,55.86,2018-11-08 03:00:00
2018,11.0,8.0,4.0,53.34,53.34,2018-11-08 04:00:00
2018,11.0,8.0,5.0,51.4,51.4,2018-11-08 05:00:00
2018,11.0,8.0,6.0,50.98,50.98,2018-11-08 06:00:00
2018,11.0,8.0,7.0,57.11,57.11,2018-11-08 07:00:00
2018,11.0,8.0,8.0,67.0,67.0,2018-11-08 08:00:00
2018,11.0,8.0,9.0,68.4,68.4,2018-11-08 09:00:00
2018,11.0,8.0,10.0,68.59,68.59,2018-11-08 10:00:00
2018,11.0,8.0,11.0,67.71,67.71,2018-11-08 11:00:00
2018,11.0,8.0,12.0,65.51,65.51,2018-11-08 12:00:00
2018,11.0,8.0,13.0,64.82,64.82,2018-11-08 13:00:00
2018,11.0,8.0,14.0,63.93,63.93,2018-11-08 14:00:00
2018,11.0,8.0,15.0,62.64,62.64,2018-11-08 15:00:00
2018,11.0,8.0,16.0,63.0,63.0,2018-11-08 16:00:00
2018,11.0,8.0,17.0,63.92,63.92,2018-11-08 17:00:00
2018,11.0,8.0,18.0,65.2,65.2,2018-11-08 18:00:00
2018,11.0,8.0,19.0,68.25,68.25,2018-11-08 19:00:00
2018,11.0,8.0,20.0,70.01,70.01,2018-11-08 20:00:00
2018,11.0,8.0,21.0,69.07,69.07,2018-11-08 21:00:00
2018,11.0,8.0,22.0,63.75,63.75,2018-11-08 22:00:00
2018,11.0,8.0,23.0,59.63,59.63,2018-11-08 23:00:00
2018,11.0,8.0,24.0,54.97,54.97,2018-11-09 00:00:00
2018,11.0,9.0,1.0,52.3,52.3,2018-11-09 01:00:00
2018,11.0,9.0,2.0,50.6,50.6,2018-11-09 02:00:00
2018,11.0,9.0,3.0,48.12,48.12,2018-11-09 03:00:00
2018,11.0,9.0,4.0,47.74,47.64,2018-11-09 04:00:00
2018,11.0,9.0,5.0,47.84,47.84,2018-11-09 05:00:00
2018,11.0,9.0,6.0,51.0,51.0,2018-11-09 06:00:00
2018,11.0,9.0,7.0,62.04,62.04,2018-11-09 07:00:00
2018,11.0,9.0,8.0,67.14,67.14,2018-11-09 08:00:00
2018,11.0,9.0,9.0,68.07,68.07,2018-11-09 09:00:00
2018,11.0,9.0,10.0,68.0,68.0,2018-11-09 10:00:00
2018,11.0,9.0,11.0,66.93,66.93,2018-11-09 11:00:00
2018,11.0,9.0,12.0,65.0,65.0,2018-11-09 12:00:00
2018,11.0,9.0,13.0,63.25,63.25,2018-11-09 13:00:00
2018,11.0,9.0,14.0,62.01,62.01,2018-11-09 14:00:00
2018,11.0,9.0,15.0,59.82,59.82,2018-11-09 15:00:00
2018,11.0,9.0,16.0,59.4,59.4,2018-11-09 16:00:00
2018,11.0,9.0,17.0,60.65,60.65,2018-11-09 17:00:00
2018,11.0,9.0,18.0,63.49,63.49,2018-11-09 18:00:00
2018,11.0,9.0,19.0,66.78,66.78,2018-11-09 19:00:00
2018,11.0,9.0,20.0,66.44,66.44,2018-11-09 20:00:00
2018,11.0,9.0,21.0,61.26,61.26,2018-11-09 21:00:00
2018,11.0,9.0,22.0,56.12,56.12,2018-11-09 22:00:00
2018,11.0,9.0,23.0,54.64,54.64,2018-11-09 23:00:00
2018,11.0,9.0,24.0,51.84,51.84,2018-11-10 00:00:00
2018,11.0,10.0,1.0,48.8,48.8,2018-11-10 01:00:00
2018,11.0,10.0,2.0,43.45,43.45,2018-11-10 02:00:00
2018,11.0,10.0,3.0,40.59,40.59,2018-11-10 03:00:00
2018,11.0,10.0,4.0,38.92,38.92,2018-11-10 04:00:00
2018,11.0,10.0,5.0,38.05,38.05,2018-11-10 05:00:00
2018,11.0,10.0,6.0,38.2,38.2,2018-11-10 06:00:00
2018,11.0,10.0,7.0,39.65,39.65,2018-11-10 07:00:00
2018,11.0,10.0,8.0,42.69,42.69,2018-11-10 08:00:00
2018,11.0,10.0,9.0,46.0,46.0,2018-11-10 09:00:00
2018,11.0,10.0,10.0,51.0,51.0,2018-11-10 10:00:00
2018,11.0,10.0,11.0,54.07,54.07,2018-11-10 11:00:00
2018,11.0,10.0,12.0,55.5,55.5,2018-11-10 12:00:00
2018,11.0,10.0,13.0,56.15,56.15,2018-11-10 13:00:00
2018,11.0,10.0,14.0,56.96,56.96,2018-11-10 14:00:00
2018,11.0,10.0,15.0,55.05,55.05,2018-11-10 15:00:00
2018,11.0,10.0,16.0,54.72,54.72,2018-11-10 16:00:00
2018,11.0,10.0,17.0,53.09,53.09,2018-11-10 17:00:00
2018,11.0,10.0,18.0,60.1,60.1,2018-11-10 18:00:00
2018,11.0,10.0,19.0,68.1,68.1,2018-11-10 19:00:00
2018,11.0,10.0,20.0,67.33,67.33,2018-11-10 20:00:00
2018,11.0,10.0,21.0,62.6,62.6,2018-11-10 21:00:00
2018,11.0,10.0,22.0,61.0,61.0,2018-11-10 22:00:00
2018,11.0,10.0,23.0,56.01,56.01,2018-11-10 23:00:00
2018,11.0,10.0,24.0,53.05,53.05,2018-11-11 00:00:00
2018,11.0,11.0,1.0,53.64,53.64,2018-11-11 01:00:00
2018,11.0,11.0,2.0,46.3,46.3,2018-11-11 02:00:00
2018,11.0,11.0,3.0,42.81,42.81,2018-11-11 03:00:00
2018,11.0,11.0,4.0,36.08,36.08,2018-11-11 04:00:00
2018,11.0,11.0,5.0,34.38,34.38,2018-11-11 05:00:00
2018,11.0,11.0,6.0,34.49,34.49,2018-11-11 06:00:00
2018,11.0,11.0,7.0,35.46,35.46,2018-11-11 07:00:00
2018,11.0,11.0,8.0,40.38,40.38,2018-11-11 08:00:00
2018,11.0,11.0,9.0,44.19,44.19,2018-11-11 09:00:00
2018,11.0,11.0,10.0,46.7,46.7,2018-11-11 10:00:00
2018,11.0,11.0,11.0,50.0,50.0,2018-11-11 11:00:00
2018,11.0,11.0,12.0,56.07,56.07,2018-11-11 12:00:00
2018,11.0,11.0,13.0,60.0,60.0,2018-11-11 13:00:00
2018,11.0,11.0,14.0,62.08,62.08,2018-11-11 14:00:00
2018,11.0,11.0,15.0,60.2,60.2,2018-11-11 15:00:00
2018,11.0,11.0,16.0,56.09,56.09,2018-11-11 16:00:00
2018,11.0,11.0,17.0,56.09,56.09,2018-11-11 17:00:00
2018,11.0,11.0,18.0,62.55,62.55,2018-11-11 18:00:00
2018,11.0,11.0,19.0,68.28,68.28,2018-11-11 19:00:00
2018,11.0,11.0,20.0,69.66,69.66,2018-11-11 20:00:00
2018,11.0,11.0,21.0,70.78,70.78,2018-11-11 21:00:00
2018,11.0,11.0,22.0,70.99,70.99,2018-11-11 22:00:00
2018,11.0,11.0,23.0,69.83,69.83,2018-11-11 23:00:00
2018,11.0,11.0,24.0,67.06,67.06,2018-11-12 00:00:00
2018,11.0,12.0,1.0,54.89,54.89,2018-11-12 01:00:00
2018,11.0,12.0,2.0,56.19,49.55,2018-11-12 02:00:00
2018,11.0,12.0,3.0,54.49,46.9,2018-11-12 03:00:00
2018,11.0,12.0,4.0,49.49,46.9,2018-11-12 04:00:00
2018,11.0,12.0,5.0,49.08,47.0,2018-11-12 05:00:00
2018,11.0,12.0,6.0,49.13,49.13,2018-11-12 06:00:00
2018,11.0,12.0,7.0,64.68,64.68,2018-11-12 07:00:00
2018,11.0,12.0,8.0,69.87,69.87,2018-11-12 08:00:00
2018,11.0,12.0,9.0,68.71,68.71,2018-11-12 09:00:00
2018,11.0,12.0,10.0,69.62,69.62,2018-11-12 10:00:00
2018,11.0,12.0,11.0,68.71,68.71,2018-11-12 11:00:00
2018,11.0,12.0,12.0,69.06,69.06,2018-11-12 12:00:00
2018,11.0,12.0,13.0,67.73,67.73,2018-11-12 13:00:00
2018,11.0,12.0,14.0,67.39,67.39,2018-11-12 14:00:00
2018,11.0,12.0,15.0,67.18,67.18,2018-11-12 15:00:00
2018,11.0,12.0,16.0,68.0,68.0,2018-11-12 16:00:00
2018,11.0,12.0,17.0,68.85,68.85,2018-11-12 17:00:00
2018,11.0,12.0,18.0,72.8,72.8,2018-11-12 18:00:00
2018,11.0,12.0,19.0,75.0,75.0,2018-11-12 19:00:00
2018,11.0,12.0,20.0,75.43,75.43,2018-11-12 20:00:00
2018,11.0,12.0,21.0,71.11,71.11,2018-11-12 21:00:00
2018,11.0,12.0,22.0,70.16,70.16,2018-11-12 22:00:00
2018,11.0,12.0,23.0,67.18,67.18,2018-11-12 23:00:00
2018,11.0,12.0,24.0,60.5,60.5,2018-11-13 00:00:00
2018,11.0,13.0,1.0,63.68,63.68,2018-11-13 01:00:00
2018,11.0,13.0,2.0,60.81,60.81,2018-11-13 02:00:00
2018,11.0,13.0,3.0,57.5,57.5,2018-11-13 03:00:00
2018,11.0,13.0,4.0,54.68,54.68,2018-11-13 04:00:00
2018,11.0,13.0,5.0,53.9,53.9,2018-11-13 05:00:00
2018,11.0,13.0,6.0,53.08,53.08,2018-11-13 06:00:00
2018,11.0,13.0,7.0,62.22,62.22,2018-11-13 07:00:00
2018,11.0,13.0,8.0,68.25,68.25,2018-11-13 08:00:00
2018,11.0,13.0,9.0,70.0,70.0,2018-11-13 09:00:00
2018,11.0,13.0,10.0,70.49,70.49,2018-11-13 10:00:00
2018,11.0,13.0,11.0,68.31,68.31,2018-11-13 11:00:00
2018,11.0,13.0,12.0,68.07,68.07,2018-11-13 12:00:00
2018,11.0,13.0,13.0,66.4,66.4,2018-11-13 13:00:00
2018,11.0,13.0,14.0,66.83,66.83,2018-11-13 14:00:00
2018,11.0,13.0,15.0,67.14,67.14,2018-11-13 15:00:00
2018,11.0,13.0,16.0,68.07,68.07,2018-11-13 16:00:00
2018,11.0,13.0,17.0,68.68,68.68,2018-11-13 17:00:00
2018,11.0,13.0,18.0,69.66,69.66,2018-11-13 18:00:00
2018,11.0,13.0,19.0,71.48,71.48,2018-11-13 19:00:00
2018,11.0,13.0,20.0,72.36,72.36,2018-11-13 20:00:00
2018,11.0,13.0,21.0,72.46,72.46,2018-11-13 21:00:00
2018,11.0,13.0,22.0,67.14,67.14,2018-11-13 22:00:00
2018,11.0,13.0,23.0,65.87,65.87,2018-11-13 23:00:00
2018,11.0,13.0,24.0,58.55,58.55,2018-11-14 00:00:00
2018,11.0,14.0,1.0,60.16,60.16,2018-11-14 01:00:00
2018,11.0,14.0,2.0,55.13,55.13,2018-11-14 02:00:00
2018,11.0,14.0,3.0,51.95,51.95,2018-11-14 03:00:00
2018,11.0,14.0,4.0,50.01,50.01,2018-11-14 04:00:00
2018,11.0,14.0,5.0,49.91,49.91,2018-11-14 05:00:00
2018,11.0,14.0,6.0,50.77,50.77,2018-11-14 06:00:00
2018,11.0,14.0,7.0,60.3,60.3,2018-11-14 07:00:00
2018,11.0,14.0,8.0,66.91,66.91,2018-11-14 08:00:00
2018,11.0,14.0,9.0,68.25,68.25,2018-11-14 09:00:00
2018,11.0,14.0,10.0,68.42,68.42,2018-11-14 10:00:00
2018,11.0,14.0,11.0,67.62,67.62,2018-11-14 11:00:00
2018,11.0,14.0,12.0,66.03,66.03,2018-11-14 12:00:00
2018,11.0,14.0,13.0,63.2,63.2,2018-11-14 13:00:00
2018,11.0,14.0,14.0,64.18,64.18,2018-11-14 14:00:00
2018,11.0,14.0,15.0,65.9,65.9,2018-11-14 15:00:00
2018,11.0,14.0,16.0,67.89,67.89,2018-11-14 16:00:00
2018,11.0,14.0,17.0,68.25,68.25,2018-11-14 17:00:00
2018,11.0,14.0,18.0,69.03,69.03,2018-11-14 18:00:00
2018,11.0,14.0,19.0,70.16,70.16,2018-11-14 19:00:00
2018,11.0,14.0,20.0,70.31,70.31,2018-11-14 20:00:00
2018,11.0,14.0,21.0,68.88,68.88,2018-11-14 21:00:00
2018,11.0,14.0,22.0,63.0,63.0,2018-11-14 22:00:00
2018,11.0,14.0,23.0,60.0,60.0,2018-11-14 23:00:00
2018,11.0,14.0,24.0,57.49,57.49,2018-11-15 00:00:00
2018,11.0,15.0,1.0,56.83,56.83,2018-11-15 01:00:00
2018,11.0,15.0,2.0,51.95,51.95,2018-11-15 02:00:00
2018,11.0,15.0,3.0,51.27,51.27,2018-11-15 03:00:00
2018,11.0,15.0,4.0,50.29,50.29,2018-11-15 04:00:00
2018,11.0,15.0,5.0,51.03,51.03,2018-11-15 05:00:00
2018,11.0,15.0,6.0,53.17,53.17,2018-11-15 06:00:00
2018,11.0,15.0,7.0,65.05,65.05,2018-11-15 07:00:00
2018,11.0,15.0,8.0,67.49,67.49,2018-11-15 08:00:00
2018,11.0,15.0,9.0,68.24,68.24,2018-11-15 09:00:00
2018,11.0,15.0,10.0,68.71,68.71,2018-11-15 10:00:00
2018,11.0,15.0,11.0,69.21,69.21,2018-11-15 11:00:00
2018,11.0,15.0,12.0,68.4,68.4,2018-11-15 12:00:00
2018,11.0,15.0,13.0,67.19,67.19,2018-11-15 13:00:00
2018,11.0,15.0,14.0,67.51,67.51,2018-11-15 14:00:00
2018,11.0,15.0,15.0,68.43,68.43,2018-11-15 15:00:00
2018,11.0,15.0,16.0,68.99,68.99,2018-11-15 16:00:00
2018,11.0,15.0,17.0,69.03,69.03,2018-11-15 17:00:00
2018,11.0,15.0,18.0,70.0,70.0,2018-11-15 18:00:00
2018,11.0,15.0,19.0,71.61,71.61,2018-11-15 19:00:00
2018,11.0,15.0,20.0,72.5,72.5,2018-11-15 20:00:00
2018,11.0,15.0,21.0,71.07,71.07,2018-11-15 21:00:00
2018,11.0,15.0,22.0,68.27,68.27,2018-11-15 22:00:00
2018,11.0,15.0,23.0,67.49,67.49,2018-11-15 23:00:00
2018,11.0,15.0,24.0,64.01,64.01,2018-11-16 00:00:00
2018,11.0,16.0,1.0,62.6,62.6,2018-11-16 01:00:00
2018,11.0,16.0,2.0,56.85,56.85,2018-11-16 02:00:00
2018,11.0,16.0,3.0,53.89,53.89,2018-11-16 03:00:00
2018,11.0,16.0,4.0,51.97,51.97,2018-11-16 04:00:00
2018,11.0,16.0,5.0,51.49,51.49,2018-11-16 05:00:00
2018,11.0,16.0,6.0,55.77,55.77,2018-11-16 06:00:00
2018,11.0,16.0,7.0,65.05,65.05,2018-11-16 07:00:00
2018,11.0,16.0,8.0,68.4,68.4,2018-11-16 08:00:00
2018,11.0,16.0,9.0,69.47,69.47,2018-11-16 09:00:00
2018,11.0,16.0,10.0,69.99,69.99,2018-11-16 10:00:00
2018,11.0,16.0,11.0,69.98,69.98,2018-11-16 11:00:00
2018,11.0,16.0,12.0,69.64,69.64,2018-11-16 12:00:00
2018,11.0,16.0,13.0,68.24,68.24,2018-11-16 13:00:00
2018,11.0,16.0,14.0,67.0,67.0,2018-11-16 14:00:00
2018,11.0,16.0,15.0,67.0,67.0,2018-11-16 15:00:00
2018,11.0,16.0,16.0,68.09,68.09,2018-11-16 16:00:00
2018,11.0,16.0,17.0,68.4,68.4,2018-11-16 17:00:00
2018,11.0,16.0,18.0,68.71,68.71,2018-11-16 18:00:00
2018,11.0,16.0,19.0,70.0,70.0,2018-11-16 19:00:00
2018,11.0,16.0,20.0,70.81,70.81,2018-11-16 20:00:00
2018,11.0,16.0,21.0,68.69,68.69,2018-11-16 21:00:00
2018,11.0,16.0,22.0,64.48,64.48,2018-11-16 22:00:00
2018,11.0,16.0,23.0,62.61,62.61,2018-11-16 23:00:00
2018,11.0,16.0,24.0,59.96,59.96,2018-11-17 00:00:00
2018,11.0,17.0,1.0,64.98,64.98,2018-11-17 01:00:00
2018,11.0,17.0,2.0,60.97,60.97,2018-11-17 02:00:00
2018,11.0,17.0,3.0,56.42,56.42,2018-11-17 03:00:00
2018,11.0,17.0,4.0,53.99,53.99,2018-11-17 04:00:00
2018,11.0,17.0,5.0,50.39,50.39,2018-11-17 05:00:00
2018,11.0,17.0,6.0,55.87,55.87,2018-11-17 06:00:00
2018,11.0,17.0,7.0,55.69,55.69,2018-11-17 07:00:00
2018,11.0,17.0,8.0,58.56,58.56,2018-11-17 08:00:00
2018,11.0,17.0,9.0,61.21,61.21,2018-11-17 09:00:00
2018,11.0,17.0,10.0,66.0,66.0,2018-11-17 10:00:00
2018,11.0,17.0,11.0,65.76,65.76,2018-11-17 11:00:00
2018,11.0,17.0,12.0,61.98,61.98,2018-11-17 12:00:00
2018,11.0,17.0,13.0,59.41,59.41,2018-11-17 13:00:00
2018,11.0,17.0,14.0,60.05,60.05,2018-11-17 14:00:00
2018,11.0,17.0,15.0,60.85,60.85,2018-11-17 15:00:00
2018,11.0,17.0,16.0,59.34,59.34,2018-11-17 16:00:00
2018,11.0,17.0,17.0,61.46,61.46,2018-11-17 17:00:00
2018,11.0,17.0,18.0,66.0,66.0,2018-11-17 18:00:00
2018,11.0,17.0,19.0,69.81,69.81,2018-11-17 19:00:00
2018,11.0,17.0,20.0,70.0,70.01,2018-11-17 20:00:00
2018,11.0,17.0,21.0,65.0,65.0,2018-11-17 21:00:00
2018,11.0,17.0,22.0,63.75,63.75,2018-11-17 22:00:00
2018,11.0,17.0,23.0,60.08,60.08,2018-11-17 23:00:00
2018,11.0,17.0,24.0,57.99,57.99,2018-11-18 00:00:00
2018,11.0,18.0,1.0,56.7,56.7,2018-11-18 01:00:00
2018,11.0,18.0,2.0,51.18,51.18,2018-11-18 02:00:00
2018,11.0,18.0,3.0,50.01,50.01,2018-11-18 03:00:00
2018,11.0,18.0,4.0,47.96,47.96,2018-11-18 04:00:00
2018,11.0,18.0,5.0,47.47,47.47,2018-11-18 05:00:00
2018,11.0,18.0,6.0,48.75,48.75,2018-11-18 06:00:00
2018,11.0,18.0,7.0,48.01,48.01,2018-11-18 07:00:00
2018,11.0,18.0,8.0,49.67,49.67,2018-11-18 08:00:00
2018,11.0,18.0,9.0,53.05,53.05,2018-11-18 09:00:00
2018,11.0,18.0,10.0,54.43,54.43,2018-11-18 10:00:00
2018,11.0,18.0,11.0,58.34,58.34,2018-11-18 11:00:00
2018,11.0,18.0,12.0,59.41,59.41,2018-11-18 12:00:00
2018,11.0,18.0,13.0,59.98,59.98,2018-11-18 13:00:00
2018,11.0,18.0,14.0,59.41,59.41,2018-11-18 14:00:00
2018,11.0,18.0,15.0,59.41,59.41,2018-11-18 15:00:00
2018,11.0,18.0,16.0,53.28,53.28,2018-11-18 16:00:00
2018,11.0,18.0,17.0,53.22,53.22,2018-11-18 17:00:00
2018,11.0,18.0,18.0,60.01,60.01,2018-11-18 18:00:00
2018,11.0,18.0,19.0,68.4,68.4,2018-11-18 19:00:00
2018,11.0,18.0,20.0,69.87,69.87,2018-11-18 20:00:00
2018,11.0,18.0,21.0,69.57,69.57,2018-11-18 21:00:00
2018,11.0,18.0,22.0,66.84,66.84,2018-11-18 22:00:00
2018,11.0,18.0,23.0,66.84,66.84,2018-11-18 23:00:00
2018,11.0,18.0,24.0,66.39,64.54,2018-11-19 00:00:00
2018,11.0,19.0,1.0,66.26,66.26,2018-11-19 01:00:00
2018,11.0,19.0,2.0,62.44,62.44,2018-11-19 02:00:00
2018,11.0,19.0,3.0,59.93,59.93,2018-11-19 03:00:00
2018,11.0,19.0,4.0,56.53,56.53,2018-11-19 04:00:00
2018,11.0,19.0,5.0,55.14,55.14,2018-11-19 05:00:00
2018,11.0,19.0,6.0,60.95,60.95,2018-11-19 06:00:00
2018,11.0,19.0,7.0,70.0,70.0,2018-11-19 07:00:00
2018,11.0,19.0,8.0,71.05,71.05,2018-11-19 08:00:00
2018,11.0,19.0,9.0,72.0,72.0,2018-11-19 09:00:00
2018,11.0,19.0,10.0,72.2,72.2,2018-11-19 10:00:00
2018,11.0,19.0,11.0,72.69,72.69,2018-11-19 11:00:00
2018,11.0,19.0,12.0,72.2,72.2,2018-11-19 12:00:00
2018,11.0,19.0,13.0,72.2,72.2,2018-11-19 13:00:00
2018,11.0,19.0,14.0,72.2,72.2,2018-11-19 14:00:00
2018,11.0,19.0,15.0,71.05,71.05,2018-11-19 15:00:00
2018,11.0,19.0,16.0,70.11,70.11,2018-11-19 16:00:00
2018,11.0,19.0,17.0,70.0,70.0,2018-11-19 17:00:00
2018,11.0,19.0,18.0,70.0,70.0,2018-11-19 18:00:00
2018,11.0,19.0,19.0,71.91,71.91,2018-11-19 19:00:00
2018,11.0,19.0,20.0,73.0,73.0,2018-11-19 20:00:00
2018,11.0,19.0,21.0,73.1,73.1,2018-11-19 21:00:00
2018,11.0,19.0,22.0,71.0,71.0,2018-11-19 22:00:00
2018,11.0,19.0,23.0,70.0,70.0,2018-11-19 23:00:00
2018,11.0,19.0,24.0,67.89,67.89,2018-11-20 00:00:00
2018,11.0,20.0,1.0,64.55,64.55,2018-11-20 01:00:00
2018,11.0,20.0,2.0,59.9,59.9,2018-11-20 02:00:00
2018,11.0,20.0,3.0,55.66,55.66,2018-11-20 03:00:00
2018,11.0,20.0,4.0,51.87,51.87,2018-11-20 04:00:00
2018,11.0,20.0,5.0,52.07,52.07,2018-11-20 05:00:00
2018,11.0,20.0,6.0,55.61,55.61,2018-11-20 06:00:00
2018,11.0,20.0,7.0,60.83,60.83,2018-11-20 07:00:00
2018,11.0,20.0,8.0,67.2,67.2,2018-11-20 08:00:00
2018,11.0,20.0,9.0,68.4,68.4,2018-11-20 09:00:00
2018,11.0,20.0,10.0,68.71,68.71,2018-11-20 10:00:00
2018,11.0,20.0,11.0,68.49,68.49,2018-11-20 11:00:00
2018,11.0,20.0,12.0,67.89,67.89,2018-11-20 12:00:00
2018,11.0,20.0,13.0,66.0,66.0,2018-11-20 13:00:00
2018,11.0,20.0,14.0,65.0,65.0,2018-11-20 14:00:00
2018,11.0,20.0,15.0,62.0,62.0,2018-11-20 15:00:00
2018,11.0,20.0,16.0,62.35,62.35,2018-11-20 16:00:00
2018,11.0,20.0,17.0,62.55,62.55,2018-11-20 17:00:00
2018,11.0,20.0,18.0,64.67,64.67,2018-11-20 18:00:00
2018,11.0,20.0,19.0,68.05,68.05,2018-11-20 19:00:00
2018,11.0,20.0,20.0,68.75,68.75,2018-11-20 20:00:00
2018,11.0,20.0,21.0,69.9,69.9,2018-11-20 21:00:00
2018,11.0,20.0,22.0,68.71,68.71,2018-11-20 22:00:00
2018,11.0,20.0,23.0,67.2,67.2,2018-11-20 23:00:00
2018,11.0,20.0,24.0,64.7,64.7,2018-11-21 00:00:00
2018,11.0,21.0,1.0,59.41,59.41,2018-11-21 01:00:00
2018,11.0,21.0,2.0,57.0,57.0,2018-11-21 02:00:00
2018,11.0,21.0,3.0,56.07,56.07,2018-11-21 03:00:00
2018,11.0,21.0,4.0,54.82,54.82,2018-11-21 04:00:00
2018,11.0,21.0,5.0,54.34,54.34,2018-11-21 05:00:00
2018,11.0,21.0,6.0,56.12,56.12,2018-11-21 06:00:00
2018,11.0,21.0,7.0,59.41,59.41,2018-11-21 07:00:00
2018,11.0,21.0,8.0,66.22,66.22,2018-11-21 08:00:00
2018,11.0,21.0,9.0,68.21,68.21,2018-11-21 09:00:00
2018,11.0,21.0,10.0,68.38,68.38,2018-11-21 10:00:00
2018,11.0,21.0,11.0,68.01,68.01,2018-11-21 11:00:00
2018,11.0,21.0,12.0,67.66,67.66,2018-11-21 12:00:00
2018,11.0,21.0,13.0,67.0,67.0,2018-11-21 13:00:00
2018,11.0,21.0,14.0,66.22,66.22,2018-11-21 14:00:00
2018,11.0,21.0,15.0,64.0,64.0,2018-11-21 15:00:00
2018,11.0,21.0,16.0,64.71,64.71,2018-11-21 16:00:00
2018,11.0,21.0,17.0,66.13,66.13,2018-11-21 17:00:00
2018,11.0,21.0,18.0,68.07,68.07,2018-11-21 18:00:00
2018,11.0,21.0,19.0,70.0,70.0,2018-11-21 19:00:00
2018,11.0,21.0,20.0,70.52,70.52,2018-11-21 20:00:00
2018,11.0,21.0,21.0,71.51,71.51,2018-11-21 21:00:00
2018,11.0,21.0,22.0,70.1,70.1,2018-11-21 22:00:00
2018,11.0,21.0,23.0,68.59,68.59,2018-11-21 23:00:00
2018,11.0,21.0,24.0,67.66,67.66,2018-11-22 00:00:00
2018,11.0,22.0,1.0,60.0,60.0,2018-11-22 01:00:00
2018,11.0,22.0,2.0,57.62,57.62,2018-11-22 02:00:00
2018,11.0,22.0,3.0,56.07,56.07,2018-11-22 03:00:00
2018,11.0,22.0,4.0,55.04,55.04,2018-11-22 04:00:00
2018,11.0,22.0,5.0,55.04,55.04,2018-11-22 05:00:00
2018,11.0,22.0,6.0,56.7,56.7,2018-11-22 06:00:00
2018,11.0,22.0,7.0,60.0,60.0,2018-11-22 07:00:00
2018,11.0,22.0,8.0,67.59,67.59,2018-11-22 08:00:00
2018,11.0,22.0,9.0,68.71,68.71,2018-11-22 09:00:00
2018,11.0,22.0,10.0,69.99,69.99,2018-11-22 10:00:00
2018,11.0,22.0,11.0,69.57,69.57,2018-11-22 11:00:00
2018,11.0,22.0,12.0,69.05,69.05,2018-11-22 12:00:00
2018,11.0,22.0,13.0,68.73,68.73,2018-11-22 13:00:00
2018,11.0,22.0,14.0,68.4,68.4,2018-11-22 14:00:00
2018,11.0,22.0,15.0,68.01,68.01,2018-11-22 15:00:00
2018,11.0,22.0,16.0,68.28,68.28,2018-11-22 16:00:00
2018,11.0,22.0,17.0,68.71,68.71,2018-11-22 17:00:00
2018,11.0,22.0,18.0,69.57,69.57,2018-11-22 18:00:00
2018,11.0,22.0,19.0,70.99,70.99,2018-11-22 19:00:00
2018,11.0,22.0,20.0,71.92,71.92,2018-11-22 20:00:00
2018,11.0,22.0,21.0,71.94,71.94,2018-11-22 21:00:00
2018,11.0,22.0,22.0,71.51,71.51,2018-11-22 22:00:00
2018,11.0,22.0,23.0,69.57,69.57,2018-11-22 23:00:00
2018,11.0,22.0,24.0,68.25,68.25,2018-11-23 00:00:00
2018,11.0,23.0,1.0,66.93,66.93,2018-11-23 01:00:00
2018,11.0,23.0,2.0,64.07,64.07,2018-11-23 02:00:00
2018,11.0,23.0,3.0,61.21,61.21,2018-11-23 03:00:00
2018,11.0,23.0,4.0,59.5,59.5,2018-11-23 04:00:00
2018,11.0,23.0,5.0,59.41,59.41,2018-11-23 05:00:00
2018,11.0,23.0,6.0,62.7,62.7,2018-11-23 06:00:00
2018,11.0,23.0,7.0,68.05,68.05,2018-11-23 07:00:00
2018,11.0,23.0,8.0,70.16,70.16,2018-11-23 08:00:00
2018,11.0,23.0,9.0,70.99,70.99,2018-11-23 09:00:00
2018,11.0,23.0,10.0,71.63,71.63,2018-11-23 10:00:00
2018,11.0,23.0,11.0,71.07,71.07,2018-11-23 11:00:00
2018,11.0,23.0,12.0,70.3,70.3,2018-11-23 12:00:00
2018,11.0,23.0,13.0,70.0,70.0,2018-11-23 13:00:00
2018,11.0,23.0,14.0,68.71,68.71,2018-11-23 14:00:00
2018,11.0,23.0,15.0,67.17,67.17,2018-11-23 15:00:00
2018,11.0,23.0,16.0,64.8,64.8,2018-11-23 16:00:00
2018,11.0,23.0,17.0,64.72,64.72,2018-11-23 17:00:00
2018,11.0,23.0,18.0,67.17,67.17,2018-11-23 18:00:00
2018,11.0,23.0,19.0,69.92,69.92,2018-11-23 19:00:00
2018,11.0,23.0,20.0,70.16,70.16,2018-11-23 20:00:00
2018,11.0,23.0,21.0,70.16,70.16,2018-11-23 21:00:00
2018,11.0,23.0,22.0,68.71,68.71,2018-11-23 22:00:00
2018,11.0,23.0,23.0,67.45,67.45,2018-11-23 23:00:00
2018,11.0,23.0,24.0,65.0,65.0,2018-11-24 00:00:00
2018,11.0,24.0,1.0,63.77,63.77,2018-11-24 01:00:00
2018,11.0,24.0,2.0,61.51,61.51,2018-11-24 02:00:00
2018,11.0,24.0,3.0,59.76,59.76,2018-11-24 03:00:00
2018,11.0,24.0,4.0,55.67,55.67,2018-11-24 04:00:00
2018,11.0,24.0,5.0,54.01,54.01,2018-11-24 05:00:00
2018,11.0,24.0,6.0,55.42,55.42,2018-11-24 06:00:00
2018,11.0,24.0,7.0,57.78,57.78,2018-11-24 07:00:00
2018,11.0,24.0,8.0,61.7,61.7,2018-11-24 08:00:00
2018,11.0,24.0,9.0,65.09,65.09,2018-11-24 09:00:00
2018,11.0,24.0,10.0,69.13,69.13,2018-11-24 10:00:00
2018,11.0,24.0,11.0,70.01,70.01,2018-11-24 11:00:00
2018,11.0,24.0,12.0,68.71,68.71,2018-11-24 12:00:00
2018,11.0,24.0,13.0,66.21,66.21,2018-11-24 13:00:00
2018,11.0,24.0,14.0,64.8,64.8,2018-11-24 14:00:00
2018,11.0,24.0,15.0,62.0,62.0,2018-11-24 15:00:00
2018,11.0,24.0,16.0,58.33,58.33,2018-11-24 16:00:00
2018,11.0,24.0,17.0,57.73,57.73,2018-11-24 17:00:00
2018,11.0,24.0,18.0,59.0,59.0,2018-11-24 18:00:00
2018,11.0,24.0,19.0,67.09,67.09,2018-11-24 19:00:00
2018,11.0,24.0,20.0,68.24,68.24,2018-11-24 20:00:00
2018,11.0,24.0,21.0,67.18,67.18,2018-11-24 21:00:00
2018,11.0,24.0,22.0,63.14,63.14,2018-11-24 22:00:00
2018,11.0,24.0,23.0,61.53,61.53,2018-11-24 23:00:00
2018,11.0,24.0,24.0,55.67,55.67,2018-11-25 00:00:00
2018,11.0,25.0,1.0,53.89,53.89,2018-11-25 01:00:00
2018,11.0,25.0,2.0,51.67,51.67,2018-11-25 02:00:00
2018,11.0,25.0,3.0,50.34,50.34,2018-11-25 03:00:00
2018,11.0,25.0,4.0,48.46,48.46,2018-11-25 04:00:00
2018,11.0,25.0,5.0,48.5,48.07,2018-11-25 05:00:00
2018,11.0,25.0,6.0,49.11,48.07,2018-11-25 06:00:00
2018,11.0,25.0,7.0,49.15,49.09,2018-11-25 07:00:00
2018,11.0,25.0,8.0,53.33,53.33,2018-11-25 08:00:00
2018,11.0,25.0,9.0,54.26,54.26,2018-11-25 09:00:00
2018,11.0,25.0,10.0,59.06,59.06,2018-11-25 10:00:00
2018,11.0,25.0,11.0,62.02,62.02,2018-11-25 11:00:00
2018,11.0,25.0,12.0,63.26,63.26,2018-11-25 12:00:00
2018,11.0,25.0,13.0,65.15,65.15,2018-11-25 13:00:00
2018,11.0,25.0,14.0,63.41,63.41,2018-11-25 14:00:00
2018,11.0,25.0,15.0,58.97,58.97,2018-11-25 15:00:00
2018,11.0,25.0,16.0,59.03,59.03,2018-11-25 16:00:00
2018,11.0,25.0,17.0,61.47,61.47,2018-11-25 17:00:00
2018,11.0,25.0,18.0,67.65,67.65,2018-11-25 18:00:00
2018,11.0,25.0,19.0,70.0,70.0,2018-11-25 19:00:00
2018,11.0,25.0,20.0,70.62,70.62,2018-11-25 20:00:00
2018,11.0,25.0,21.0,70.0,70.0,2018-11-25 21:00:00
2018,11.0,25.0,22.0,65.45,65.45,2018-11-25 22:00:00
2018,11.0,25.0,23.0,62.7,62.7,2018-11-25 23:00:00
2018,11.0,25.0,24.0,58.54,58.54,2018-11-26 00:00:00
2018,11.0,26.0,1.0,52.57,52.57,2018-11-26 01:00:00
2018,11.0,26.0,2.0,49.44,49.44,2018-11-26 02:00:00
2018,11.0,26.0,3.0,47.41,47.41,2018-11-26 03:00:00
2018,11.0,26.0,4.0,45.6,45.6,2018-11-26 04:00:00
2018,11.0,26.0,5.0,42.1,42.1,2018-11-26 05:00:00
2018,11.0,26.0,6.0,46.34,46.34,2018-11-26 06:00:00
2018,11.0,26.0,7.0,49.01,49.01,2018-11-26 07:00:00
2018,11.0,26.0,8.0,54.45,54.45,2018-11-26 08:00:00
2018,11.0,26.0,9.0,60.38,60.38,2018-11-26 09:00:00
2018,11.0,26.0,10.0,63.96,63.96,2018-11-26 10:00:00
2018,11.0,26.0,11.0,63.93,63.93,2018-11-26 11:00:00
2018,11.0,26.0,12.0,61.71,61.71,2018-11-26 12:00:00
2018,11.0,26.0,13.0,59.0,59.0,2018-11-26 13:00:00
2018,11.0,26.0,14.0,58.33,58.33,2018-11-26 14:00:00
2018,11.0,26.0,15.0,57.8,57.8,2018-11-26 15:00:00
2018,11.0,26.0,16.0,58.8,58.8,2018-11-26 16:00:00
2018,11.0,26.0,17.0,62.01,62.01,2018-11-26 17:00:00
2018,11.0,26.0,18.0,65.69,65.69,2018-11-26 18:00:00
2018,11.0,26.0,19.0,68.4,68.4,2018-11-26 19:00:00
2018,11.0,26.0,20.0,69.49,69.49,2018-11-26 20:00:00
2018,11.0,26.0,21.0,70.15,70.15,2018-11-26 21:00:00
2018,11.0,26.0,22.0,70.0,70.0,2018-11-26 22:00:00
2018,11.0,26.0,23.0,67.5,67.5,2018-11-26 23:00:00
2018,11.0,26.0,24.0,62.31,62.31,2018-11-27 00:00:00
2018,11.0,27.0,1.0,61.1,61.1,2018-11-27 01:00:00
2018,11.0,27.0,2.0,58.33,58.33,2018-11-27 02:00:00
2018,11.0,27.0,3.0,56.61,56.61,2018-11-27 03:00:00
2018,11.0,27.0,4.0,51.89,51.67,2018-11-27 04:00:00
2018,11.0,27.0,5.0,51.97,51.97,2018-11-27 05:00:00
2018,11.0,27.0,6.0,56.19,56.19,2018-11-27 06:00:00
2018,11.0,27.0,7.0,63.04,63.04,2018-11-27 07:00:00
2018,11.0,27.0,8.0,67.18,67.18,2018-11-27 08:00:00
2018,11.0,27.0,9.0,68.53,68.53,2018-11-27 09:00:00
2018,11.0,27.0,10.0,68.89,68.89,2018-11-27 10:00:00
2018,11.0,27.0,11.0,69.5,69.5,2018-11-27 11:00:00
2018,11.0,27.0,12.0,68.69,68.69,2018-11-27 12:00:00
2018,11.0,27.0,13.0,68.4,68.4,2018-11-27 13:00:00
2018,11.0,27.0,14.0,68.07,68.07,2018-11-27 14:00:00
2018,11.0,27.0,15.0,67.33,67.33,2018-11-27 15:00:00
2018,11.0,27.0,16.0,67.39,67.39,2018-11-27 16:00:00
2018,11.0,27.0,17.0,67.96,67.96,2018-11-27 17:00:00
2018,11.0,27.0,18.0,68.74,68.74,2018-11-27 18:00:00
2018,11.0,27.0,19.0,70.15,70.15,2018-11-27 19:00:00
2018,11.0,27.0,20.0,71.51,71.51,2018-11-27 20:00:00
2018,11.0,27.0,21.0,70.61,70.61,2018-11-27 21:00:00
2018,11.0,27.0,22.0,67.54,67.54,2018-11-27 22:00:00
2018,11.0,27.0,23.0,63.87,63.87,2018-11-27 23:00:00
2018,11.0,27.0,24.0,59.4,59.4,2018-11-28 00:00:00
2018,11.0,28.0,1.0,58.22,58.22,2018-11-28 01:00:00
2018,11.0,28.0,2.0,51.9,51.9,2018-11-28 02:00:00
2018,11.0,28.0,3.0,50.06,50.06,2018-11-28 03:00:00
2018,11.0,28.0,4.0,48.57,48.57,2018-11-28 04:00:00
2018,11.0,28.0,5.0,48.41,48.41,2018-11-28 05:00:00
2018,11.0,28.0,6.0,49.1,49.1,2018-11-28 06:00:00
2018,11.0,28.0,7.0,57.63,57.63,2018-11-28 07:00:00
2018,11.0,28.0,8.0,67.98,67.98,2018-11-28 08:00:00
2018,11.0,28.0,9.0,69.47,69.47,2018-11-28 09:00:00
2018,11.0,28.0,10.0,68.07,68.07,2018-11-28 10:00:00
2018,11.0,28.0,11.0,67.63,67.63,2018-11-28 11:00:00
2018,11.0,28.0,12.0,66.94,66.94,2018-11-28 12:00:00
2018,11.0,28.0,13.0,65.61,65.61,2018-11-28 13:00:00
2018,11.0,28.0,14.0,65.5,65.5,2018-11-28 14:00:00
2018,11.0,28.0,15.0,65.51,65.51,2018-11-28 15:00:00
2018,11.0,28.0,16.0,65.97,65.97,2018-11-28 16:00:00
2018,11.0,28.0,17.0,67.03,67.03,2018-11-28 17:00:00
2018,11.0,28.0,18.0,69.47,69.47,2018-11-28 18:00:00
2018,11.0,28.0,19.0,70.83,70.83,2018-11-28 19:00:00
2018,11.0,28.0,20.0,70.01,70.01,2018-11-28 20:00:00
2018,11.0,28.0,21.0,68.25,68.25,2018-11-28 21:00:00
2018,11.0,28.0,22.0,67.49,67.49,2018-11-28 22:00:00
2018,11.0,28.0,23.0,61.3,61.3,2018-11-28 23:00:00
2018,11.0,28.0,24.0,57.98,57.98,2018-11-29 00:00:00
2018,11.0,29.0,1.0,56.3,56.3,2018-11-29 01:00:00
2018,11.0,29.0,2.0,51.84,51.84,2018-11-29 02:00:00
2018,11.0,29.0,3.0,50.1,50.1,2018-11-29 03:00:00
2018,11.0,29.0,4.0,47.0,47.0,2018-11-29 04:00:00
2018,11.0,29.0,5.0,46.67,46.67,2018-11-29 05:00:00
2018,11.0,29.0,6.0,49.64,49.64,2018-11-29 06:00:00
2018,11.0,29.0,7.0,58.33,58.33,2018-11-29 07:00:00
2018,11.0,29.0,8.0,65.24,65.24,2018-11-29 08:00:00
2018,11.0,29.0,9.0,67.33,67.33,2018-11-29 09:00:00
2018,11.0,29.0,10.0,67.34,67.34,2018-11-29 10:00:00
2018,11.0,29.0,11.0,67.09,67.09,2018-11-29 11:00:00
2018,11.0,29.0,12.0,65.96,65.96,2018-11-29 12:00:00
2018,11.0,29.0,13.0,64.3,64.3,2018-11-29 13:00:00
2018,11.0,29.0,14.0,63.94,63.94,2018-11-29 14:00:00
2018,11.0,29.0,15.0,63.09,63.09,2018-11-29 15:00:00
2018,11.0,29.0,16.0,63.92,63.92,2018-11-29 16:00:00
2018,11.0,29.0,17.0,67.2,67.2,2018-11-29 17:00:00
2018,11.0,29.0,18.0,68.71,68.71,2018-11-29 18:00:00
2018,11.0,29.0,19.0,70.15,70.15,2018-11-29 19:00:00
2018,11.0,29.0,20.0,70.83,70.83,2018-11-29 20:00:00
2018,11.0,29.0,21.0,69.22,69.22,2018-11-29 21:00:00
2018,11.0,29.0,22.0,67.0,67.0,2018-11-29 22:00:00
2018,11.0,29.0,23.0,63.05,63.05,2018-11-29 23:00:00
2018,11.0,29.0,24.0,61.01,61.01,2018-11-30 00:00:00
2018,11.0,30.0,1.0,61.04,61.04,2018-11-30 01:00:00
2018,11.0,30.0,2.0,55.67,55.67,2018-11-30 02:00:00
2018,11.0,30.0,3.0,51.56,51.56,2018-11-30 03:00:00
2018,11.0,30.0,4.0,50.0,50.0,2018-11-30 04:00:00
2018,11.0,30.0,5.0,48.91,48.57,2018-11-30 05:00:00
2018,11.0,30.0,6.0,49.07,49.07,2018-11-30 06:00:00
2018,11.0,30.0,7.0,55.2,55.2,2018-11-30 07:00:00
2018,11.0,30.0,8.0,67.2,67.2,2018-11-30 08:00:00
2018,11.0,30.0,9.0,68.25,68.25,2018-11-30 09:00:00
2018,11.0,30.0,10.0,68.03,68.03,2018-11-30 10:00:00
2018,11.0,30.0,11.0,68.19,68.19,2018-11-30 11:00:00
2018,11.0,30.0,12.0,67.92,67.92,2018-11-30 12:00:00
2018,11.0,30.0,13.0,67.2,67.2,2018-11-30 13:00:00
2018,11.0,30.0,14.0,66.19,66.19,2018-11-30 14:00:00
2018,11.0,30.0,15.0,63.89,63.89,2018-11-30 15:00:00
2018,11.0,30.0,16.0,63.81,63.81,2018-11-30 16:00:00
2018,11.0,30.0,17.0,64.79,64.79,2018-11-30 17:00:00
2018,11.0,30.0,18.0,67.2,67.2,2018-11-30 18:00:00
2018,11.0,30.0,19.0,68.49,68.49,2018-11-30 19:00:00
2018,11.0,30.0,20.0,69.04,69.04,2018-11-30 20:00:00
2018,11.0,30.0,21.0,68.4,68.4,2018-11-30 21:00:00
2018,11.0,30.0,22.0,66.39,66.39,2018-11-30 22:00:00
2018,11.0,30.0,23.0,63.75,63.75,2018-11-30 23:00:00
2018,11.0,30.0,24.0,63.89,63.89,2018-12-01 00:00:00
2018,12.0,1.0,1.0,67.2,67.2,2018-12-01 01:00:00
2018,12.0,1.0,2.0,63.34,63.34,2018-12-01 02:00:00
2018,12.0,1.0,3.0,54.89,54.89,2018-12-01 03:00:00
2018,12.0,1.0,4.0,55.29,55.29,2018-12-01 04:00:00
2018,12.0,1.0,5.0,52.01,52.01,2018-12-01 05:00:00
2018,12.0,1.0,6.0,52.01,52.01,2018-12-01 06:00:00
2018,12.0,1.0,7.0,55.9,55.9,2018-12-01 07:00:00
2018,12.0,1.0,8.0,57.0,57.0,2018-12-01 08:00:00
2018,12.0,1.0,9.0,58.46,58.46,2018-12-01 09:00:00
2018,12.0,1.0,10.0,63.98,63.98,2018-12-01 10:00:00
2018,12.0,1.0,11.0,65.1,65.1,2018-12-01 11:00:00
2018,12.0,1.0,12.0,65.76,65.76,2018-12-01 12:00:00
2018,12.0,1.0,13.0,64.77,64.77,2018-12-01 13:00:00
2018,12.0,1.0,14.0,62.76,62.76,2018-12-01 14:00:00
2018,12.0,1.0,15.0,59.65,59.65,2018-12-01 15:00:00
2018,12.0,1.0,16.0,55.79,55.79,2018-12-01 16:00:00
2018,12.0,1.0,17.0,53.14,53.14,2018-12-01 17:00:00
2018,12.0,1.0,18.0,63.89,63.89,2018-12-01 18:00:00
2018,12.0,1.0,19.0,67.09,67.09,2018-12-01 19:00:00
2018,12.0,1.0,20.0,67.03,67.03,2018-12-01 20:00:00
2018,12.0,1.0,21.0,65.67,65.67,2018-12-01 21:00:00
2018,12.0,1.0,22.0,65.01,65.01,2018-12-01 22:00:00
2018,12.0,1.0,23.0,63.65,63.65,2018-12-01 23:00:00
2018,12.0,1.0,24.0,60.05,60.05,2018-12-02 00:00:00
2018,12.0,2.0,1.0,55.79,55.79,2018-12-02 01:00:00
2018,12.0,2.0,2.0,48.57,48.57,2018-12-02 02:00:00
2018,12.0,2.0,3.0,47.89,46.65,2018-12-02 03:00:00
2018,12.0,2.0,4.0,46.66,45.65,2018-12-02 04:00:00
2018,12.0,2.0,5.0,46.2,45.15,2018-12-02 05:00:00
2018,12.0,2.0,6.0,46.05,45.65,2018-12-02 06:00:00
2018,12.0,2.0,7.0,46.14,46.14,2018-12-02 07:00:00
2018,12.0,2.0,8.0,46.65,46.65,2018-12-02 08:00:00
2018,12.0,2.0,9.0,47.0,47.0,2018-12-02 09:00:00
2018,12.0,2.0,10.0,49.68,49.68,2018-12-02 10:00:00
2018,12.0,2.0,11.0,55.79,55.79,2018-12-02 11:00:00
2018,12.0,2.0,12.0,58.46,58.46,2018-12-02 12:00:00
2018,12.0,2.0,13.0,58.46,58.46,2018-12-02 13:00:00
2018,12.0,2.0,14.0,63.17,63.17,2018-12-02 14:00:00
2018,12.0,2.0,15.0,62.01,62.01,2018-12-02 15:00:00
2018,12.0,2.0,16.0,57.27,57.27,2018-12-02 16:00:00
2018,12.0,2.0,17.0,57.0,57.0,2018-12-02 17:00:00
2018,12.0,2.0,18.0,62.31,62.31,2018-12-02 18:00:00
2018,12.0,2.0,19.0,66.92,66.92,2018-12-02 19:00:00
2018,12.0,2.0,20.0,67.2,67.2,2018-12-02 20:00:00
2018,12.0,2.0,21.0,67.67,67.67,2018-12-02 21:00:00
2018,12.0,2.0,22.0,67.53,67.53,2018-12-02 22:00:00
2018,12.0,2.0,23.0,67.09,67.09,2018-12-02 23:00:00
2018,12.0,2.0,24.0,62.76,62.76,2018-12-03 00:00:00
2018,12.0,3.0,1.0,50.99,49.62,2018-12-03 01:00:00
2018,12.0,3.0,2.0,50.89,47.07,2018-12-03 02:00:00
2018,12.0,3.0,3.0,50.89,45.67,2018-12-03 03:00:00
2018,12.0,3.0,4.0,49.57,45.51,2018-12-03 04:00:00
2018,12.0,3.0,5.0,49.57,45.67,2018-12-03 05:00:00
2018,12.0,3.0,6.0,49.5,47.07,2018-12-03 06:00:00
2018,12.0,3.0,7.0,54.34,54.34,2018-12-03 07:00:00
2018,12.0,3.0,8.0,64.82,64.82,2018-12-03 08:00:00
2018,12.0,3.0,9.0,64.98,64.98,2018-12-03 09:00:00
2018,12.0,3.0,10.0,66.77,66.77,2018-12-03 10:00:00
2018,12.0,3.0,11.0,67.18,67.18,2018-12-03 11:00:00
2018,12.0,3.0,12.0,67.1,67.1,2018-12-03 12:00:00
2018,12.0,3.0,13.0,66.76,66.76,2018-12-03 13:00:00
2018,12.0,3.0,14.0,67.1,67.1,2018-12-03 14:00:00
2018,12.0,3.0,15.0,65.0,65.0,2018-12-03 15:00:00
2018,12.0,3.0,16.0,66.0,66.0,2018-12-03 16:00:00
2018,12.0,3.0,17.0,67.2,67.2,2018-12-03 17:00:00
2018,12.0,3.0,18.0,68.83,68.83,2018-12-03 18:00:00
2018,12.0,3.0,19.0,70.15,70.15,2018-12-03 19:00:00
2018,12.0,3.0,20.0,70.0,70.0,2018-12-03 20:00:00
2018,12.0,3.0,21.0,70.01,70.01,2018-12-03 21:00:00
2018,12.0,3.0,22.0,69.89,69.89,2018-12-03 22:00:00
2018,12.0,3.0,23.0,68.4,68.4,2018-12-03 23:00:00
2018,12.0,3.0,24.0,67.51,67.51,2018-12-04 00:00:00
2018,12.0,4.0,1.0,64.01,64.01,2018-12-04 01:00:00
2018,12.0,4.0,2.0,60.0,60.0,2018-12-04 02:00:00
2018,12.0,4.0,3.0,58.62,58.62,2018-12-04 03:00:00
2018,12.0,4.0,4.0,58.46,58.46,2018-12-04 04:00:00
2018,12.0,4.0,5.0,58.46,58.46,2018-12-04 05:00:00
2018,12.0,4.0,6.0,60.22,60.22,2018-12-04 06:00:00
2018,12.0,4.0,7.0,64.62,64.62,2018-12-04 07:00:00
2018,12.0,4.0,8.0,68.91,68.91,2018-12-04 08:00:00
2018,12.0,4.0,9.0,69.69,69.69,2018-12-04 09:00:00
2018,12.0,4.0,10.0,69.68,69.68,2018-12-04 10:00:00
2018,12.0,4.0,11.0,68.8,68.8,2018-12-04 11:00:00
2018,12.0,4.0,12.0,68.79,68.79,2018-12-04 12:00:00
2018,12.0,4.0,13.0,67.75,67.75,2018-12-04 13:00:00
2018,12.0,4.0,14.0,67.51,67.51,2018-12-04 14:00:00
2018,12.0,4.0,15.0,68.01,68.01,2018-12-04 15:00:00
2018,12.0,4.0,16.0,68.64,68.64,2018-12-04 16:00:00
2018,12.0,4.0,17.0,69.02,69.02,2018-12-04 17:00:00
2018,12.0,4.0,18.0,69.83,69.83,2018-12-04 18:00:00
2018,12.0,4.0,19.0,71.19,71.19,2018-12-04 19:00:00
2018,12.0,4.0,20.0,71.42,71.42,2018-12-04 20:00:00
2018,12.0,4.0,21.0,69.04,69.04,2018-12-04 21:00:00
2018,12.0,4.0,22.0,68.91,68.91,2018-12-04 22:00:00
2018,12.0,4.0,23.0,68.25,68.25,2018-12-04 23:00:00
2018,12.0,4.0,24.0,67.2,67.2,2018-12-05 00:00:00
2018,12.0,5.0,1.0,63.75,63.75,2018-12-05 01:00:00
2018,12.0,5.0,2.0,58.46,58.46,2018-12-05 02:00:00
2018,12.0,5.0,3.0,55.53,55.53,2018-12-05 03:00:00
2018,12.0,5.0,4.0,53.31,53.31,2018-12-05 04:00:00
2018,12.0,5.0,5.0,52.0,52.0,2018-12-05 05:00:00
2018,12.0,5.0,6.0,55.0,55.0,2018-12-05 06:00:00
2018,12.0,5.0,7.0,58.46,58.46,2018-12-05 07:00:00
2018,12.0,5.0,8.0,67.03,67.03,2018-12-05 08:00:00
2018,12.0,5.0,9.0,68.01,68.01,2018-12-05 09:00:00
2018,12.0,5.0,10.0,68.07,68.07,2018-12-05 10:00:00
2018,12.0,5.0,11.0,68.0,68.0,2018-12-05 11:00:00
2018,12.0,5.0,12.0,67.18,67.18,2018-12-05 12:00:00
2018,12.0,5.0,13.0,66.58,66.58,2018-12-05 13:00:00
2018,12.0,5.0,14.0,66.1,66.1,2018-12-05 14:00:00
2018,12.0,5.0,15.0,65.55,65.55,2018-12-05 15:00:00
2018,12.0,5.0,16.0,65.38,65.38,2018-12-05 16:00:00
2018,12.0,5.0,17.0,65.64,65.64,2018-12-05 17:00:00
2018,12.0,5.0,18.0,67.03,67.03,2018-12-05 18:00:00
2018,12.0,5.0,19.0,68.09,68.09,2018-12-05 19:00:00
2018,12.0,5.0,20.0,65.91,65.91,2018-12-05 20:00:00
2018,12.0,5.0,21.0,65.58,65.58,2018-12-05 21:00:00
2018,12.0,5.0,22.0,65.04,65.04,2018-12-05 22:00:00
2018,12.0,5.0,23.0,64.33,64.33,2018-12-05 23:00:00
2018,12.0,5.0,24.0,61.94,61.94,2018-12-06 00:00:00
2018,12.0,6.0,1.0,56.7,56.7,2018-12-06 01:00:00
2018,12.0,6.0,2.0,52.84,52.84,2018-12-06 02:00:00
2018,12.0,6.0,3.0,49.08,49.08,2018-12-06 03:00:00
2018,12.0,6.0,4.0,48.68,48.68,2018-12-06 04:00:00
2018,12.0,6.0,5.0,48.68,48.68,2018-12-06 05:00:00
2018,12.0,6.0,6.0,48.88,48.88,2018-12-06 06:00:00
2018,12.0,6.0,7.0,54.04,54.04,2018-12-06 07:00:00
2018,12.0,6.0,8.0,64.04,64.04,2018-12-06 08:00:00
2018,12.0,6.0,9.0,64.33,64.33,2018-12-06 09:00:00
2018,12.0,6.0,10.0,65.75,65.75,2018-12-06 10:00:00
2018,12.0,6.0,11.0,67.09,67.09,2018-12-06 11:00:00
2018,12.0,6.0,12.0,67.07,67.07,2018-12-06 12:00:00
2018,12.0,6.0,13.0,66.11,66.11,2018-12-06 13:00:00
2018,12.0,6.0,14.0,65.23,65.23,2018-12-06 14:00:00
2018,12.0,6.0,15.0,64.23,64.23,2018-12-06 15:00:00
2018,12.0,6.0,16.0,60.85,60.85,2018-12-06 16:00:00
2018,12.0,6.0,17.0,62.48,62.48,2018-12-06 17:00:00
2018,12.0,6.0,18.0,66.58,66.58,2018-12-06 18:00:00
2018,12.0,6.0,19.0,67.83,67.83,2018-12-06 19:00:00
2018,12.0,6.0,20.0,66.1,66.1,2018-12-06 20:00:00
2018,12.0,6.0,21.0,65.01,65.01,2018-12-06 21:00:00
2018,12.0,6.0,22.0,65.23,65.23,2018-12-06 22:00:00
2018,12.0,6.0,23.0,65.23,65.23,2018-12-06 23:00:00
2018,12.0,6.0,24.0,64.18,64.18,2018-12-07 00:00:00
2018,12.0,7.0,1.0,64.23,64.23,2018-12-07 01:00:00
2018,12.0,7.0,2.0,63.0,63.0,2018-12-07 02:00:00
2018,12.0,7.0,3.0,56.7,56.7,2018-12-07 03:00:00
2018,12.0,7.0,4.0,54.1,54.1,2018-12-07 04:00:00
2018,12.0,7.0,5.0,51.72,51.72,2018-12-07 05:00:00
2018,12.0,7.0,6.0,53.31,53.31,2018-12-07 06:00:00
2018,12.0,7.0,7.0,60.0,60.0,2018-12-07 07:00:00
2018,12.0,7.0,8.0,63.89,63.89,2018-12-07 08:00:00
2018,12.0,7.0,9.0,64.62,64.62,2018-12-07 09:00:00
2018,12.0,7.0,10.0,64.23,64.23,2018-12-07 10:00:00
2018,12.0,7.0,11.0,64.07,64.07,2018-12-07 11:00:00
2018,12.0,7.0,12.0,63.71,63.71,2018-12-07 12:00:00
2018,12.0,7.0,13.0,62.24,62.24,2018-12-07 13:00:00
2018,12.0,7.0,14.0,63.0,63.0,2018-12-07 14:00:00
2018,12.0,7.0,15.0,62.12,62.12,2018-12-07 15:00:00
2018,12.0,7.0,16.0,60.22,60.22,2018-12-07 16:00:00
2018,12.0,7.0,17.0,59.87,59.87,2018-12-07 17:00:00
2018,12.0,7.0,18.0,63.0,63.0,2018-12-07 18:00:00
2018,12.0,7.0,19.0,64.21,64.21,2018-12-07 19:00:00
2018,12.0,7.0,20.0,64.41,64.41,2018-12-07 20:00:00
2018,12.0,7.0,21.0,64.8,64.8,2018-12-07 21:00:00
2018,12.0,7.0,22.0,64.3,64.3,2018-12-07 22:00:00
2018,12.0,7.0,23.0,64.01,64.01,2018-12-07 23:00:00
2018,12.0,7.0,24.0,62.19,62.19,2018-12-08 00:00:00
2018,12.0,8.0,1.0,54.1,54.1,2018-12-08 01:00:00
2018,12.0,8.0,2.0,50.9,50.9,2018-12-08 02:00:00
2018,12.0,8.0,3.0,49.0,49.0,2018-12-08 03:00:00
2018,12.0,8.0,4.0,48.91,48.91,2018-12-08 04:00:00
2018,12.0,8.0,5.0,48.57,48.57,2018-12-08 05:00:00
2018,12.0,8.0,6.0,48.91,48.91,2018-12-08 06:00:00
2018,12.0,8.0,7.0,49.47,49.47,2018-12-08 07:00:00
2018,12.0,8.0,8.0,51.0,51.0,2018-12-08 08:00:00
2018,12.0,8.0,9.0,59.41,59.41,2018-12-08 09:00:00
2018,12.0,8.0,10.0,63.93,63.93,2018-12-08 10:00:00
2018,12.0,8.0,11.0,64.12,64.12,2018-12-08 11:00:00
2018,12.0,8.0,12.0,64.16,64.16,2018-12-08 12:00:00
2018,12.0,8.0,13.0,64.18,64.18,2018-12-08 13:00:00
2018,12.0,8.0,14.0,64.33,64.33,2018-12-08 14:00:00
2018,12.0,8.0,15.0,64.23,64.23,2018-12-08 15:00:00
2018,12.0,8.0,16.0,64.13,64.13,2018-12-08 16:00:00
2018,12.0,8.0,17.0,64.15,64.15,2018-12-08 17:00:00
2018,12.0,8.0,18.0,64.78,64.78,2018-12-08 18:00:00
2018,12.0,8.0,19.0,66.58,66.58,2018-12-08 19:00:00
2018,12.0,8.0,20.0,67.15,67.15,2018-12-08 20:00:00
2018,12.0,8.0,21.0,67.75,67.75,2018-12-08 21:00:00
2018,12.0,8.0,22.0,67.83,67.83,2018-12-08 22:00:00
2018,12.0,8.0,23.0,67.17,67.17,2018-12-08 23:00:00
2018,12.0,8.0,24.0,65.04,65.04,2018-12-09 00:00:00
2018,12.0,9.0,1.0,64.23,64.23,2018-12-09 01:00:00
2018,12.0,9.0,2.0,59.17,59.17,2018-12-09 02:00:00
2018,12.0,9.0,3.0,53.84,53.84,2018-12-09 03:00:00
2018,12.0,9.0,4.0,51.28,51.28,2018-12-09 04:00:00
2018,12.0,9.0,5.0,50.28,50.28,2018-12-09 05:00:00
2018,12.0,9.0,6.0,50.17,50.17,2018-12-09 06:00:00
2018,12.0,9.0,7.0,50.31,50.31,2018-12-09 07:00:00
2018,12.0,9.0,8.0,50.28,50.28,2018-12-09 08:00:00
2018,12.0,9.0,9.0,51.2,51.2,2018-12-09 09:00:00
2018,12.0,9.0,10.0,56.0,56.0,2018-12-09 10:00:00
2018,12.0,9.0,11.0,62.19,62.19,2018-12-09 11:00:00
2018,12.0,9.0,12.0,62.76,62.76,2018-12-09 12:00:00
2018,12.0,9.0,13.0,62.01,62.01,2018-12-09 13:00:00
2018,12.0,9.0,14.0,64.05,64.05,2018-12-09 14:00:00
2018,12.0,9.0,15.0,63.93,63.93,2018-12-09 15:00:00
2018,12.0,9.0,16.0,60.28,60.28,2018-12-09 16:00:00
2018,12.0,9.0,17.0,59.41,59.41,2018-12-09 17:00:00
2018,12.0,9.0,18.0,64.01,64.01,2018-12-09 18:00:00
2018,12.0,9.0,19.0,66.01,66.01,2018-12-09 19:00:00
2018,12.0,9.0,20.0,65.04,65.04,2018-12-09 20:00:00
2018,12.0,9.0,21.0,66.46,66.46,2018-12-09 21:00:00
2018,12.0,9.0,22.0,66.69,66.69,2018-12-09 22:00:00
2018,12.0,9.0,23.0,65.98,65.98,2018-12-09 23:00:00
2018,12.0,9.0,24.0,63.93,63.93,2018-12-10 00:00:00
2018,12.0,10.0,1.0,64.25,62.72,2018-12-10 01:00:00
2018,12.0,10.0,2.0,55.84,55.84,2018-12-10 02:00:00
2018,12.0,10.0,3.0,51.99,51.99,2018-12-10 03:00:00
2018,12.0,10.0,4.0,51.2,51.2,2018-12-10 04:00:00
2018,12.0,10.0,5.0,50.17,50.17,2018-12-10 05:00:00
2018,12.0,10.0,6.0,50.31,50.31,2018-12-10 06:00:00
2018,12.0,10.0,7.0,55.0,55.0,2018-12-10 07:00:00
2018,12.0,10.0,8.0,64.2,64.2,2018-12-10 08:00:00
2018,12.0,10.0,9.0,66.22,66.22,2018-12-10 09:00:00
2018,12.0,10.0,10.0,65.9,65.9,2018-12-10 10:00:00
2018,12.0,10.0,11.0,64.92,64.92,2018-12-10 11:00:00
2018,12.0,10.0,12.0,64.24,64.24,2018-12-10 12:00:00
2018,12.0,10.0,13.0,64.12,64.12,2018-12-10 13:00:00
2018,12.0,10.0,14.0,64.65,64.65,2018-12-10 14:00:00
2018,12.0,10.0,15.0,63.9,63.9,2018-12-10 15:00:00
2018,12.0,10.0,16.0,63.93,63.93,2018-12-10 16:00:00
2018,12.0,10.0,17.0,64.65,64.65,2018-12-10 17:00:00
2018,12.0,10.0,18.0,68.03,68.03,2018-12-10 18:00:00
2018,12.0,10.0,19.0,69.71,69.71,2018-12-10 19:00:00
2018,12.0,10.0,20.0,68.53,68.53,2018-12-10 20:00:00
2018,12.0,10.0,21.0,68.25,68.25,2018-12-10 21:00:00
2018,12.0,10.0,22.0,68.07,68.07,2018-12-10 22:00:00
2018,12.0,10.0,23.0,67.05,67.05,2018-12-10 23:00:00
2018,12.0,10.0,24.0,65.04,65.04,2018-12-11 00:00:00
2018,12.0,11.0,1.0,66.23,66.23,2018-12-11 01:00:00
2018,12.0,11.0,2.0,61.79,61.79,2018-12-11 02:00:00
2018,12.0,11.0,3.0,59.24,59.24,2018-12-11 03:00:00
2018,12.0,11.0,4.0,56.7,56.7,2018-12-11 04:00:00
2018,12.0,11.0,5.0,56.7,56.7,2018-12-11 05:00:00
2018,12.0,11.0,6.0,56.7,56.7,2018-12-11 06:00:00
2018,12.0,11.0,7.0,61.01,61.01,2018-12-11 07:00:00
2018,12.0,11.0,8.0,67.98,67.98,2018-12-11 08:00:00
2018,12.0,11.0,9.0,69.9,69.9,2018-12-11 09:00:00
2018,12.0,11.0,10.0,69.88,69.88,2018-12-11 10:00:00
2018,12.0,11.0,11.0,68.53,68.53,2018-12-11 11:00:00
2018,12.0,11.0,12.0,67.21,67.21,2018-12-11 12:00:00
2018,12.0,11.0,13.0,64.62,64.62,2018-12-11 13:00:00
2018,12.0,11.0,14.0,65.06,65.06,2018-12-11 14:00:00
2018,12.0,11.0,15.0,65.91,65.91,2018-12-11 15:00:00
2018,12.0,11.0,16.0,67.65,67.65,2018-12-11 16:00:00
2018,12.0,11.0,17.0,68.07,68.07,2018-12-11 17:00:00
2018,12.0,11.0,18.0,68.71,68.71,2018-12-11 18:00:00
2018,12.0,11.0,19.0,69.65,69.65,2018-12-11 19:00:00
2018,12.0,11.0,20.0,69.95,69.95,2018-12-11 20:00:00
2018,12.0,11.0,21.0,68.04,68.04,2018-12-11 21:00:00
2018,12.0,11.0,22.0,67.3,67.3,2018-12-11 22:00:00
2018,12.0,11.0,23.0,64.62,64.62,2018-12-11 23:00:00
2018,12.0,11.0,24.0,63.47,63.47,2018-12-12 00:00:00
2018,12.0,12.0,1.0,62.93,62.93,2018-12-12 01:00:00
2018,12.0,12.0,2.0,57.0,57.0,2018-12-12 02:00:00
2018,12.0,12.0,3.0,54.76,54.76,2018-12-12 03:00:00
2018,12.0,12.0,4.0,52.1,52.1,2018-12-12 04:00:00
2018,12.0,12.0,5.0,52.1,52.1,2018-12-12 05:00:00
2018,12.0,12.0,6.0,53.86,53.86,2018-12-12 06:00:00
2018,12.0,12.0,7.0,66.47,66.47,2018-12-12 07:00:00
2018,12.0,12.0,8.0,68.65,68.65,2018-12-12 08:00:00
2018,12.0,12.0,9.0,69.53,69.53,2018-12-12 09:00:00
2018,12.0,12.0,10.0,70.0,70.0,2018-12-12 10:00:00
2018,12.0,12.0,11.0,69.88,69.88,2018-12-12 11:00:00
2018,12.0,12.0,12.0,69.43,69.43,2018-12-12 12:00:00
2018,12.0,12.0,13.0,69.01,69.01,2018-12-12 13:00:00
2018,12.0,12.0,14.0,68.75,68.75,2018-12-12 14:00:00
2018,12.0,12.0,15.0,68.15,68.15,2018-12-12 15:00:00
2018,12.0,12.0,16.0,68.07,68.07,2018-12-12 16:00:00
2018,12.0,12.0,17.0,67.83,67.83,2018-12-12 17:00:00
2018,12.0,12.0,18.0,68.07,68.07,2018-12-12 18:00:00
2018,12.0,12.0,19.0,68.4,68.4,2018-12-12 19:00:00
2018,12.0,12.0,20.0,68.25,68.25,2018-12-12 20:00:00
2018,12.0,12.0,21.0,68.15,68.15,2018-12-12 21:00:00
2018,12.0,12.0,22.0,66.1,66.1,2018-12-12 22:00:00
2018,12.0,12.0,23.0,63.45,63.45,2018-12-12 23:00:00
2018,12.0,12.0,24.0,57.32,57.32,2018-12-13 00:00:00
2018,12.0,13.0,1.0,55.0,55.0,2018-12-13 01:00:00
2018,12.0,13.0,2.0,51.28,51.28,2018-12-13 02:00:00
2018,12.0,13.0,3.0,49.1,49.1,2018-12-13 03:00:00
2018,12.0,13.0,4.0,47.99,47.99,2018-12-13 04:00:00
2018,12.0,13.0,5.0,47.47,47.47,2018-12-13 05:00:00
2018,12.0,13.0,6.0,47.67,47.67,2018-12-13 06:00:00
2018,12.0,13.0,7.0,51.1,51.1,2018-12-13 07:00:00
2018,12.0,13.0,8.0,62.34,62.34,2018-12-13 08:00:00
2018,12.0,13.0,9.0,66.06,67.0,2018-12-13 09:00:00
2018,12.0,13.0,10.0,66.78,68.07,2018-12-13 10:00:00
2018,12.0,13.0,11.0,67.15,68.01,2018-12-13 11:00:00
2018,12.0,13.0,12.0,67.18,67.18,2018-12-13 12:00:00
2018,12.0,13.0,13.0,66.75,66.75,2018-12-13 13:00:00
2018,12.0,13.0,14.0,66.06,66.06,2018-12-13 14:00:00
2018,12.0,13.0,15.0,63.9,63.9,2018-12-13 15:00:00
2018,12.0,13.0,16.0,60.88,60.88,2018-12-13 16:00:00
2018,12.0,13.0,17.0,59.41,59.41,2018-12-13 17:00:00
2018,12.0,13.0,18.0,62.0,62.0,2018-12-13 18:00:00
2018,12.0,13.0,19.0,65.81,65.81,2018-12-13 19:00:00
2018,12.0,13.0,20.0,66.75,66.75,2018-12-13 20:00:00
2018,12.0,13.0,21.0,67.2,67.2,2018-12-13 21:00:00
2018,12.0,13.0,22.0,67.2,67.2,2018-12-13 22:00:00
2018,12.0,13.0,23.0,65.66,65.66,2018-12-13 23:00:00
2018,12.0,13.0,24.0,59.41,59.41,2018-12-14 00:00:00
2018,12.0,14.0,1.0,52.16,52.16,2018-12-14 01:00:00
2018,12.0,14.0,2.0,51.2,51.2,2018-12-14 02:00:00
2018,12.0,14.0,3.0,49.7,49.7,2018-12-14 03:00:00
2018,12.0,14.0,4.0,49.5,49.5,2018-12-14 04:00:00
2018,12.0,14.0,5.0,49.7,49.7,2018-12-14 05:00:00
2018,12.0,14.0,6.0,50.96,50.96,2018-12-14 06:00:00
2018,12.0,14.0,7.0,53.0,53.0,2018-12-14 07:00:00
2018,12.0,14.0,8.0,64.45,64.45,2018-12-14 08:00:00
2018,12.0,14.0,9.0,67.5,67.5,2018-12-14 09:00:00
2018,12.0,14.0,10.0,68.07,68.07,2018-12-14 10:00:00
2018,12.0,14.0,11.0,68.0,68.0,2018-12-14 11:00:00
2018,12.0,14.0,12.0,67.18,67.18,2018-12-14 12:00:00
2018,12.0,14.0,13.0,65.09,65.09,2018-12-14 13:00:00
2018,12.0,14.0,14.0,64.45,64.45,2018-12-14 14:00:00
2018,12.0,14.0,15.0,62.19,62.19,2018-12-14 15:00:00
2018,12.0,14.0,16.0,61.79,61.79,2018-12-14 16:00:00
2018,12.0,14.0,17.0,63.7,63.7,2018-12-14 17:00:00
2018,12.0,14.0,18.0,67.1,67.1,2018-12-14 18:00:00
2018,12.0,14.0,19.0,68.25,68.25,2018-12-14 19:00:00
2018,12.0,14.0,20.0,68.53,68.53,2018-12-14 20:00:00
2018,12.0,14.0,21.0,68.64,68.64,2018-12-14 21:00:00
2018,12.0,14.0,22.0,68.5,68.5,2018-12-14 22:00:00
2018,12.0,14.0,23.0,67.67,67.67,2018-12-14 23:00:00
2018,12.0,14.0,24.0,66.0,66.0,2018-12-15 00:00:00
2018,12.0,15.0,1.0,66.3,66.3,2018-12-15 01:00:00
2018,12.0,15.0,2.0,60.9,60.9,2018-12-15 02:00:00
2018,12.0,15.0,3.0,58.0,58.0,2018-12-15 03:00:00
2018,12.0,15.0,4.0,52.74,52.74,2018-12-15 04:00:00
2018,12.0,15.0,5.0,51.25,51.25,2018-12-15 05:00:00
2018,12.0,15.0,6.0,50.81,50.81,2018-12-15 06:00:00
2018,12.0,15.0,7.0,51.76,51.76,2018-12-15 07:00:00
2018,12.0,15.0,8.0,56.7,56.7,2018-12-15 08:00:00
2018,12.0,15.0,9.0,57.5,57.5,2018-12-15 09:00:00
2018,12.0,15.0,10.0,64.18,64.18,2018-12-15 10:00:00
2018,12.0,15.0,11.0,65.96,65.96,2018-12-15 11:00:00
2018,12.0,15.0,12.0,64.97,64.97,2018-12-15 12:00:00
2018,12.0,15.0,13.0,63.75,63.75,2018-12-15 13:00:00
2018,12.0,15.0,14.0,63.1,63.1,2018-12-15 14:00:00
2018,12.0,15.0,15.0,58.0,58.0,2018-12-15 15:00:00
2018,12.0,15.0,16.0,58.72,58.72,2018-12-15 16:00:00
2018,12.0,15.0,17.0,59.07,59.07,2018-12-15 17:00:00
2018,12.0,15.0,18.0,62.72,62.72,2018-12-15 18:00:00
2018,12.0,15.0,19.0,66.88,66.88,2018-12-15 19:00:00
2018,12.0,15.0,20.0,67.5,67.5,2018-12-15 20:00:00
2018,12.0,15.0,21.0,60.78,60.78,2018-12-15 21:00:00
2018,12.0,15.0,22.0,59.53,59.53,2018-12-15 22:00:00
2018,12.0,15.0,23.0,60.48,60.48,2018-12-15 23:00:00
2018,12.0,15.0,24.0,59.41,59.41,2018-12-16 00:00:00
2018,12.0,16.0,1.0,55.19,55.19,2018-12-16 01:00:00
2018,12.0,16.0,2.0,51.2,51.2,2018-12-16 02:00:00
2018,12.0,16.0,3.0,49.58,49.58,2018-12-16 03:00:00
2018,12.0,16.0,4.0,46.74,46.74,2018-12-16 04:00:00
2018,12.0,16.0,5.0,46.24,46.0,2018-12-16 05:00:00
2018,12.0,16.0,6.0,46.77,46.77,2018-12-16 06:00:00
2018,12.0,16.0,7.0,49.11,49.11,2018-12-16 07:00:00
2018,12.0,16.0,8.0,50.81,50.81,2018-12-16 08:00:00
2018,12.0,16.0,9.0,51.6,51.6,2018-12-16 09:00:00
2018,12.0,16.0,10.0,56.72,56.72,2018-12-16 10:00:00
2018,12.0,16.0,11.0,57.98,57.98,2018-12-16 11:00:00
2018,12.0,16.0,12.0,58.82,58.82,2018-12-16 12:00:00
2018,12.0,16.0,13.0,57.21,57.21,2018-12-16 13:00:00
2018,12.0,16.0,14.0,57.21,57.21,2018-12-16 14:00:00
2018,12.0,16.0,15.0,57.05,57.05,2018-12-16 15:00:00
2018,12.0,16.0,16.0,54.1,54.1,2018-12-16 16:00:00
2018,12.0,16.0,17.0,57.21,57.21,2018-12-16 17:00:00
2018,12.0,16.0,18.0,62.01,62.01,2018-12-16 18:00:00
2018,12.0,16.0,19.0,67.31,67.31,2018-12-16 19:00:00
2018,12.0,16.0,20.0,68.1,68.1,2018-12-16 20:00:00
2018,12.0,16.0,21.0,68.07,68.07,2018-12-16 21:00:00
2018,12.0,16.0,22.0,64.12,64.12,2018-12-16 22:00:00
2018,12.0,16.0,23.0,66.01,66.01,2018-12-16 23:00:00
2018,12.0,16.0,24.0,59.1,57.26,2018-12-17 00:00:00
2018,12.0,17.0,1.0,61.79,52.08,2018-12-17 01:00:00
2018,12.0,17.0,2.0,54.15,51.0,2018-12-17 02:00:00
2018,12.0,17.0,3.0,54.1,49.92,2018-12-17 03:00:00
2018,12.0,17.0,4.0,51.6,49.05,2018-12-17 04:00:00
2018,12.0,17.0,5.0,51.6,49.47,2018-12-17 05:00:00
2018,12.0,17.0,6.0,52.03,52.03,2018-12-17 06:00:00
2018,12.0,17.0,7.0,65.15,65.15,2018-12-17 07:00:00
2018,12.0,17.0,8.0,69.59,69.59,2018-12-17 08:00:00
2018,12.0,17.0,9.0,69.2,69.2,2018-12-17 09:00:00
2018,12.0,17.0,10.0,69.99,69.99,2018-12-17 10:00:00
2018,12.0,17.0,11.0,70.0,70.0,2018-12-17 11:00:00
2018,12.0,17.0,12.0,69.95,69.95,2018-12-17 12:00:00
2018,12.0,17.0,13.0,69.88,69.88,2018-12-17 13:00:00
2018,12.0,17.0,14.0,69.54,69.54,2018-12-17 14:00:00
2018,12.0,17.0,15.0,68.99,68.99,2018-12-17 15:00:00
2018,12.0,17.0,16.0,69.08,69.08,2018-12-17 16:00:00
2018,12.0,17.0,17.0,69.11,69.11,2018-12-17 17:00:00
2018,12.0,17.0,18.0,69.59,69.59,2018-12-17 18:00:00
2018,12.0,17.0,19.0,70.64,70.64,2018-12-17 19:00:00
2018,12.0,17.0,20.0,70.95,70.95,2018-12-17 20:00:00
2018,12.0,17.0,21.0,71.1,71.1,2018-12-17 21:00:00
2018,12.0,17.0,22.0,68.15,68.15,2018-12-17 22:00:00
2018,12.0,17.0,23.0,64.8,64.8,2018-12-17 23:00:00
2018,12.0,17.0,24.0,58.78,58.78,2018-12-18 00:00:00
2018,12.0,18.0,1.0,53.0,53.0,2018-12-18 01:00:00
2018,12.0,18.0,2.0,51.03,51.03,2018-12-18 02:00:00
2018,12.0,18.0,3.0,50.0,50.0,2018-12-18 03:00:00
2018,12.0,18.0,4.0,49.04,49.04,2018-12-18 04:00:00
2018,12.0,18.0,5.0,49.0,49.0,2018-12-18 05:00:00
2018,12.0,18.0,6.0,50.87,50.87,2018-12-18 06:00:00
2018,12.0,18.0,7.0,58.81,58.81,2018-12-18 07:00:00
2018,12.0,18.0,8.0,66.14,66.14,2018-12-18 08:00:00
2018,12.0,18.0,9.0,66.15,67.83,2018-12-18 09:00:00
2018,12.0,18.0,10.0,66.15,68.07,2018-12-18 10:00:00
2018,12.0,18.0,11.0,66.15,67.73,2018-12-18 11:00:00
2018,12.0,18.0,12.0,66.15,66.15,2018-12-18 12:00:00
2018,12.0,18.0,13.0,65.83,65.83,2018-12-18 13:00:00
2018,12.0,18.0,14.0,66.05,66.05,2018-12-18 14:00:00
2018,12.0,18.0,15.0,66.01,66.01,2018-12-18 15:00:00
2018,12.0,18.0,16.0,66.15,66.15,2018-12-18 16:00:00
2018,12.0,18.0,17.0,65.87,65.87,2018-12-18 17:00:00
2018,12.0,18.0,18.0,67.0,67.0,2018-12-18 18:00:00
2018,12.0,18.0,19.0,67.23,67.23,2018-12-18 19:00:00
2018,12.0,18.0,20.0,67.65,67.65,2018-12-18 20:00:00
2018,12.0,18.0,21.0,66.2,66.2,2018-12-18 21:00:00
2018,12.0,18.0,22.0,66.03,66.03,2018-12-18 22:00:00
2018,12.0,18.0,23.0,63.64,63.64,2018-12-18 23:00:00
2018,12.0,18.0,24.0,58.0,58.0,2018-12-19 00:00:00
2018,12.0,19.0,1.0,53.58,53.58,2018-12-19 01:00:00
2018,12.0,19.0,2.0,50.0,50.0,2018-12-19 02:00:00
2018,12.0,19.0,3.0,47.61,47.1,2018-12-19 03:00:00
2018,12.0,19.0,4.0,46.41,46.41,2018-12-19 04:00:00
2018,12.0,19.0,5.0,45.7,45.7,2018-12-19 05:00:00
2018,12.0,19.0,6.0,47.99,47.99,2018-12-19 06:00:00
2018,12.0,19.0,7.0,52.27,52.27,2018-12-19 07:00:00
2018,12.0,19.0,8.0,63.75,63.75,2018-12-19 08:00:00
2018,12.0,19.0,9.0,64.85,65.15,2018-12-19 09:00:00
2018,12.0,19.0,10.0,65.45,66.58,2018-12-19 10:00:00
2018,12.0,19.0,11.0,65.05,65.05,2018-12-19 11:00:00
2018,12.0,19.0,12.0,64.43,64.43,2018-12-19 12:00:00
2018,12.0,19.0,13.0,64.18,64.18,2018-12-19 13:00:00
2018,12.0,19.0,14.0,64.1,64.1,2018-12-19 14:00:00
2018,12.0,19.0,15.0,63.7,63.7,2018-12-19 15:00:00
2018,12.0,19.0,16.0,64.18,64.18,2018-12-19 16:00:00
2018,12.0,19.0,17.0,64.47,64.47,2018-12-19 17:00:00
2018,12.0,19.0,18.0,66.15,66.15,2018-12-19 18:00:00
2018,12.0,19.0,19.0,69.49,69.49,2018-12-19 19:00:00
2018,12.0,19.0,20.0,69.08,69.08,2018-12-19 20:00:00
2018,12.0,19.0,21.0,66.96,66.96,2018-12-19 21:00:00
2018,12.0,19.0,22.0,64.47,64.47,2018-12-19 22:00:00
2018,12.0,19.0,23.0,63.16,63.16,2018-12-19 23:00:00
2018,12.0,19.0,24.0,59.11,59.11,2018-12-20 00:00:00
2018,12.0,20.0,1.0,62.3,62.3,2018-12-20 01:00:00
2018,12.0,20.0,2.0,56.2,56.2,2018-12-20 02:00:00
2018,12.0,20.0,3.0,53.17,53.17,2018-12-20 03:00:00
2018,12.0,20.0,4.0,52.79,52.79,2018-12-20 04:00:00
2018,12.0,20.0,5.0,52.79,52.79,2018-12-20 05:00:00
2018,12.0,20.0,6.0,54.1,54.1,2018-12-20 06:00:00
2018,12.0,20.0,7.0,60.0,60.0,2018-12-20 07:00:00
2018,12.0,20.0,8.0,66.29,66.29,2018-12-20 08:00:00
2018,12.0,20.0,9.0,68.49,68.49,2018-12-20 09:00:00
2018,12.0,20.0,10.0,68.4,68.4,2018-12-20 10:00:00
2018,12.0,20.0,11.0,67.04,67.04,2018-12-20 11:00:00
2018,12.0,20.0,12.0,66.8,66.8,2018-12-20 12:00:00
2018,12.0,20.0,13.0,65.25,65.25,2018-12-20 13:00:00
2018,12.0,20.0,14.0,65.25,65.25,2018-12-20 14:00:00
2018,12.0,20.0,15.0,64.64,64.64,2018-12-20 15:00:00
2018,12.0,20.0,16.0,64.89,64.89,2018-12-20 16:00:00
2018,12.0,20.0,17.0,65.01,65.01,2018-12-20 17:00:00
2018,12.0,20.0,18.0,67.83,67.83,2018-12-20 18:00:00
2018,12.0,20.0,19.0,68.49,68.49,2018-12-20 19:00:00
2018,12.0,20.0,20.0,67.84,67.84,2018-12-20 20:00:00
2018,12.0,20.0,21.0,68.01,68.01,2018-12-20 21:00:00
2018,12.0,20.0,22.0,67.2,67.2,2018-12-20 22:00:00
2018,12.0,20.0,23.0,65.19,65.19,2018-12-20 23:00:00
2018,12.0,20.0,24.0,63.57,63.57,2018-12-21 00:00:00
2018,12.0,21.0,1.0,59.95,59.95,2018-12-21 01:00:00
2018,12.0,21.0,2.0,54.1,54.1,2018-12-21 02:00:00
2018,12.0,21.0,3.0,52.27,52.27,2018-12-21 03:00:00
2018,12.0,21.0,4.0,50.1,50.1,2018-12-21 04:00:00
2018,12.0,21.0,5.0,49.99,49.99,2018-12-21 05:00:00
2018,12.0,21.0,6.0,50.59,50.59,2018-12-21 06:00:00
2018,12.0,21.0,7.0,55.0,55.0,2018-12-21 07:00:00
2018,12.0,21.0,8.0,64.01,64.01,2018-12-21 08:00:00
2018,12.0,21.0,9.0,64.49,64.49,2018-12-21 09:00:00
2018,12.0,21.0,10.0,64.64,64.64,2018-12-21 10:00:00
2018,12.0,21.0,11.0,64.25,64.25,2018-12-21 11:00:00
2018,12.0,21.0,12.0,63.93,63.93,2018-12-21 12:00:00
2018,12.0,21.0,13.0,62.71,62.71,2018-12-21 13:00:00
2018,12.0,21.0,14.0,63.2,63.2,2018-12-21 14:00:00
2018,12.0,21.0,15.0,60.48,60.48,2018-12-21 15:00:00
2018,12.0,21.0,16.0,60.48,60.48,2018-12-21 16:00:00
2018,12.0,21.0,17.0,61.24,61.24,2018-12-21 17:00:00
2018,12.0,21.0,18.0,64.25,64.25,2018-12-21 18:00:00
2018,12.0,21.0,19.0,65.01,65.01,2018-12-21 19:00:00
2018,12.0,21.0,20.0,65.25,65.25,2018-12-21 20:00:00
2018,12.0,21.0,21.0,65.78,65.78,2018-12-21 21:00:00
2018,12.0,21.0,22.0,65.0,65.0,2018-12-21 22:00:00
2018,12.0,21.0,23.0,64.25,64.25,2018-12-21 23:00:00
2018,12.0,21.0,24.0,62.45,62.45,2018-12-22 00:00:00
2018,12.0,22.0,1.0,63.12,63.12,2018-12-22 01:00:00
2018,12.0,22.0,2.0,57.75,57.75,2018-12-22 02:00:00
2018,12.0,22.0,3.0,54.72,54.72,2018-12-22 03:00:00
2018,12.0,22.0,4.0,54.1,54.1,2018-12-22 04:00:00
2018,12.0,22.0,5.0,54.1,54.1,2018-12-22 05:00:00
2018,12.0,22.0,6.0,54.39,54.39,2018-12-22 06:00:00
2018,12.0,22.0,7.0,55.29,55.29,2018-12-22 07:00:00
2018,12.0,22.0,8.0,58.85,58.85,2018-12-22 08:00:00
2018,12.0,22.0,9.0,58.19,58.19,2018-12-22 09:00:00
2018,12.0,22.0,10.0,63.59,63.59,2018-12-22 10:00:00
2018,12.0,22.0,11.0,65.01,65.01,2018-12-22 11:00:00
2018,12.0,22.0,12.0,64.7,64.7,2018-12-22 12:00:00
2018,12.0,22.0,13.0,64.51,64.51,2018-12-22 13:00:00
2018,12.0,22.0,14.0,65.0,65.0,2018-12-22 14:00:00
2018,12.0,22.0,15.0,64.85,64.85,2018-12-22 15:00:00
2018,12.0,22.0,16.0,64.7,64.7,2018-12-22 16:00:00
2018,12.0,22.0,17.0,64.7,64.7,2018-12-22 17:00:00
2018,12.0,22.0,18.0,66.25,66.25,2018-12-22 18:00:00
2018,12.0,22.0,19.0,68.07,68.07,2018-12-22 19:00:00
2018,12.0,22.0,20.0,67.9,67.9,2018-12-22 20:00:00
2018,12.0,22.0,21.0,68.01,68.01,2018-12-22 21:00:00
2018,12.0,22.0,22.0,67.9,67.9,2018-12-22 22:00:00
2018,12.0,22.0,23.0,67.18,67.18,2018-12-22 23:00:00
2018,12.0,22.0,24.0,66.8,66.8,2018-12-23 00:00:00
2018,12.0,23.0,1.0,66.25,66.25,2018-12-23 01:00:00
2018,12.0,23.0,2.0,63.13,63.13,2018-12-23 02:00:00
2018,12.0,23.0,3.0,58.02,58.02,2018-12-23 03:00:00
2018,12.0,23.0,4.0,54.71,54.71,2018-12-23 04:00:00
2018,12.0,23.0,5.0,54.42,54.42,2018-12-23 05:00:00
2018,12.0,23.0,6.0,54.1,54.1,2018-12-23 06:00:00
2018,12.0,23.0,7.0,54.99,54.99,2018-12-23 07:00:00
2018,12.0,23.0,8.0,57.36,57.36,2018-12-23 08:00:00
2018,12.0,23.0,9.0,57.75,57.75,2018-12-23 09:00:00
2018,12.0,23.0,10.0,62.73,62.73,2018-12-23 10:00:00
2018,12.0,23.0,11.0,64.45,64.45,2018-12-23 11:00:00
2018,12.0,23.0,12.0,65.0,65.0,2018-12-23 12:00:00
2018,12.0,23.0,13.0,65.18,65.18,2018-12-23 13:00:00
2018,12.0,23.0,14.0,66.01,66.01,2018-12-23 14:00:00
2018,12.0,23.0,15.0,66.0,66.0,2018-12-23 15:00:00
2018,12.0,23.0,16.0,64.8,64.8,2018-12-23 16:00:00
2018,12.0,23.0,17.0,64.51,64.51,2018-12-23 17:00:00
2018,12.0,23.0,18.0,65.44,65.44,2018-12-23 18:00:00
2018,12.0,23.0,19.0,68.01,68.01,2018-12-23 19:00:00
2018,12.0,23.0,20.0,68.25,68.25,2018-12-23 20:00:00
2018,12.0,23.0,21.0,68.4,68.4,2018-12-23 21:00:00
2018,12.0,23.0,22.0,68.98,68.98,2018-12-23 22:00:00
2018,12.0,23.0,23.0,67.62,67.62,2018-12-23 23:00:00
2018,12.0,23.0,24.0,65.55,65.55,2018-12-24 00:00:00
2018,12.0,24.0,1.0,67.2,67.2,2018-12-24 01:00:00
2018,12.0,24.0,2.0,63.59,63.59,2018-12-24 02:00:00
2018,12.0,24.0,3.0,59.87,59.87,2018-12-24 03:00:00
2018,12.0,24.0,4.0,55.25,55.25,2018-12-24 04:00:00
2018,12.0,24.0,5.0,55.0,55.0,2018-12-24 05:00:00
2018,12.0,24.0,6.0,55.11,55.11,2018-12-24 06:00:00
2018,12.0,24.0,7.0,59.71,59.71,2018-12-24 07:00:00
2018,12.0,24.0,8.0,61.07,61.07,2018-12-24 08:00:00
2018,12.0,24.0,9.0,65.01,65.01,2018-12-24 09:00:00
2018,12.0,24.0,10.0,67.18,67.18,2018-12-24 10:00:00
2018,12.0,24.0,11.0,67.51,67.51,2018-12-24 11:00:00
2018,12.0,24.0,12.0,67.2,67.2,2018-12-24 12:00:00
2018,12.0,24.0,13.0,66.64,66.64,2018-12-24 13:00:00
2018,12.0,24.0,14.0,66.64,66.64,2018-12-24 14:00:00
2018,12.0,24.0,15.0,65.52,65.52,2018-12-24 15:00:00
2018,12.0,24.0,16.0,64.18,64.18,2018-12-24 16:00:00
2018,12.0,24.0,17.0,63.38,63.38,2018-12-24 17:00:00
2018,12.0,24.0,18.0,68.7,68.7,2018-12-24 18:00:00
2018,12.0,24.0,19.0,69.0,69.0,2018-12-24 19:00:00
2018,12.0,24.0,20.0,68.07,68.07,2018-12-24 20:00:00
2018,12.0,24.0,21.0,67.65,67.65,2018-12-24 21:00:00
2018,12.0,24.0,22.0,65.97,65.97,2018-12-24 22:00:00
2018,12.0,24.0,23.0,64.24,64.24,2018-12-24 23:00:00
2018,12.0,24.0,24.0,64.45,64.45,2018-12-25 00:00:00
2018,12.0,25.0,1.0,67.2,67.2,2018-12-25 01:00:00
2018,12.0,25.0,2.0,65.0,65.0,2018-12-25 02:00:00
2018,12.0,25.0,3.0,60.49,60.49,2018-12-25 03:00:00
2018,12.0,25.0,4.0,55.0,55.0,2018-12-25 04:00:00
2018,12.0,25.0,5.0,54.5,54.5,2018-12-25 05:00:00
2018,12.0,25.0,6.0,54.5,54.5,2018-12-25 06:00:00
2018,12.0,25.0,7.0,54.6,54.6,2018-12-25 07:00:00
2018,12.0,25.0,8.0,55.25,55.25,2018-12-25 08:00:00
2018,12.0,25.0,9.0,55.25,55.25,2018-12-25 09:00:00
2018,12.0,25.0,10.0,59.92,59.92,2018-12-25 10:00:00
2018,12.0,25.0,11.0,63.59,63.59,2018-12-25 11:00:00
2018,12.0,25.0,12.0,65.52,65.52,2018-12-25 12:00:00
2018,12.0,25.0,13.0,65.67,65.67,2018-12-25 13:00:00
2018,12.0,25.0,14.0,66.58,66.58,2018-12-25 14:00:00
2018,12.0,25.0,15.0,65.52,65.52,2018-12-25 15:00:00
2018,12.0,25.0,16.0,62.75,62.75,2018-12-25 16:00:00
2018,12.0,25.0,17.0,62.73,62.73,2018-12-25 17:00:00
2018,12.0,25.0,18.0,63.59,63.59,2018-12-25 18:00:00
2018,12.0,25.0,19.0,65.52,65.52,2018-12-25 19:00:00
2018,12.0,25.0,20.0,66.7,66.7,2018-12-25 20:00:00
2018,12.0,25.0,21.0,67.65,67.65,2018-12-25 21:00:00
2018,12.0,25.0,22.0,68.7,68.7,2018-12-25 22:00:00
2018,12.0,25.0,23.0,68.07,68.07,2018-12-25 23:00:00
2018,12.0,25.0,24.0,64.89,64.89,2018-12-26 00:00:00
2018,12.0,26.0,1.0,60.94,60.94,2018-12-26 01:00:00
2018,12.0,26.0,2.0,54.71,54.71,2018-12-26 02:00:00
2018,12.0,26.0,3.0,50.93,50.93,2018-12-26 03:00:00
2018,12.0,26.0,4.0,50.29,49.3,2018-12-26 04:00:00
2018,12.0,26.0,5.0,50.59,49.3,2018-12-26 05:00:00
2018,12.0,26.0,6.0,50.89,50.89,2018-12-26 06:00:00
2018,12.0,26.0,7.0,54.71,54.71,2018-12-26 07:00:00
2018,12.0,26.0,8.0,60.0,60.0,2018-12-26 08:00:00
2018,12.0,26.0,9.0,64.18,64.18,2018-12-26 09:00:00
2018,12.0,26.0,10.0,67.0,67.0,2018-12-26 10:00:00
2018,12.0,26.0,11.0,67.02,67.02,2018-12-26 11:00:00
2018,12.0,26.0,12.0,66.89,66.89,2018-12-26 12:00:00
2018,12.0,26.0,13.0,66.66,66.66,2018-12-26 13:00:00
2018,12.0,26.0,14.0,67.2,67.2,2018-12-26 14:00:00
2018,12.0,26.0,15.0,67.01,67.01,2018-12-26 15:00:00
2018,12.0,26.0,16.0,66.14,66.14,2018-12-26 16:00:00
2018,12.0,26.0,17.0,67.01,67.01,2018-12-26 17:00:00
2018,12.0,26.0,18.0,68.4,68.4,2018-12-26 18:00:00
2018,12.0,26.0,19.0,70.15,70.15,2018-12-26 19:00:00
2018,12.0,26.0,20.0,69.8,69.8,2018-12-26 20:00:00
2018,12.0,26.0,21.0,69.15,69.15,2018-12-26 21:00:00
2018,12.0,26.0,22.0,69.15,69.15,2018-12-26 22:00:00
2018,12.0,26.0,23.0,68.1,68.1,2018-12-26 23:00:00
2018,12.0,26.0,24.0,67.2,67.2,2018-12-27 00:00:00
2018,12.0,27.0,1.0,68.52,68.52,2018-12-27 01:00:00
2018,12.0,27.0,2.0,67.01,67.01,2018-12-27 02:00:00
2018,12.0,27.0,3.0,63.75,63.75,2018-12-27 03:00:00
2018,12.0,27.0,4.0,60.69,60.69,2018-12-27 04:00:00
2018,12.0,27.0,5.0,59.86,59.86,2018-12-27 05:00:00
2018,12.0,27.0,6.0,62.72,62.72,2018-12-27 06:00:00
2018,12.0,27.0,7.0,66.01,66.01,2018-12-27 07:00:00
2018,12.0,27.0,8.0,68.01,68.01,2018-12-27 08:00:00
2018,12.0,27.0,9.0,68.25,68.25,2018-12-27 09:00:00
2018,12.0,27.0,10.0,68.85,68.85,2018-12-27 10:00:00
2018,12.0,27.0,11.0,68.7,68.7,2018-12-27 11:00:00
2018,12.0,27.0,12.0,68.25,68.25,2018-12-27 12:00:00
2018,12.0,27.0,13.0,68.07,68.07,2018-12-27 13:00:00
2018,12.0,27.0,14.0,68.12,68.12,2018-12-27 14:00:00
2018,12.0,27.0,15.0,68.01,68.01,2018-12-27 15:00:00
2018,12.0,27.0,16.0,68.11,68.11,2018-12-27 16:00:00
2018,12.0,27.0,17.0,69.22,69.22,2018-12-27 17:00:00
2018,12.0,27.0,18.0,70.74,70.74,2018-12-27 18:00:00
2018,12.0,27.0,19.0,71.97,71.97,2018-12-27 19:00:00
2018,12.0,27.0,20.0,71.25,71.25,2018-12-27 20:00:00
2018,12.0,27.0,21.0,70.0,70.0,2018-12-27 21:00:00
2018,12.0,27.0,22.0,70.01,70.01,2018-12-27 22:00:00
2018,12.0,27.0,23.0,68.71,68.71,2018-12-27 23:00:00
2018,12.0,27.0,24.0,68.4,68.4,2018-12-28 00:00:00
2018,12.0,28.0,1.0,67.34,67.34,2018-12-28 01:00:00
2018,12.0,28.0,2.0,64.64,64.64,2018-12-28 02:00:00
2018,12.0,28.0,3.0,60.0,60.0,2018-12-28 03:00:00
2018,12.0,28.0,4.0,58.02,58.02,2018-12-28 04:00:00
2018,12.0,28.0,5.0,55.0,55.0,2018-12-28 05:00:00
2018,12.0,28.0,6.0,55.0,55.0,2018-12-28 06:00:00
2018,12.0,28.0,7.0,59.87,59.87,2018-12-28 07:00:00
2018,12.0,28.0,8.0,62.8,62.8,2018-12-28 08:00:00
2018,12.0,28.0,9.0,65.77,65.77,2018-12-28 09:00:00
2018,12.0,28.0,10.0,68.01,68.01,2018-12-28 10:00:00
2018,12.0,28.0,11.0,68.0,68.0,2018-12-28 11:00:00
2018,12.0,28.0,12.0,66.36,66.36,2018-12-28 12:00:00
2018,12.0,28.0,13.0,66.01,66.01,2018-12-28 13:00:00
2018,12.0,28.0,14.0,64.64,64.64,2018-12-28 14:00:00
2018,12.0,28.0,15.0,64.64,64.64,2018-12-28 15:00:00
2018,12.0,28.0,16.0,63.35,63.35,2018-12-28 16:00:00
2018,12.0,28.0,17.0,66.01,66.01,2018-12-28 17:00:00
2018,12.0,28.0,18.0,68.01,68.01,2018-12-28 18:00:00
2018,12.0,28.0,19.0,70.16,70.16,2018-12-28 19:00:00
2018,12.0,28.0,20.0,68.93,68.93,2018-12-28 20:00:00
2018,12.0,28.0,21.0,66.0,66.0,2018-12-28 21:00:00
2018,12.0,28.0,22.0,62.09,62.09,2018-12-28 22:00:00
2018,12.0,28.0,23.0,61.77,61.77,2018-12-28 23:00:00
2018,12.0,28.0,24.0,58.43,58.43,2018-12-29 00:00:00
2018,12.0,29.0,1.0,61.61,61.61,2018-12-29 01:00:00
2018,12.0,29.0,2.0,54.87,54.87,2018-12-29 02:00:00
2018,12.0,29.0,3.0,50.39,50.39,2018-12-29 03:00:00
2018,12.0,29.0,4.0,48.81,48.81,2018-12-29 04:00:00
2018,12.0,29.0,5.0,47.87,47.87,2018-12-29 05:00:00
2018,12.0,29.0,6.0,47.67,47.67,2018-12-29 06:00:00
2018,12.0,29.0,7.0,48.27,48.27,2018-12-29 07:00:00
2018,12.0,29.0,8.0,50.02,50.02,2018-12-29 08:00:00
2018,12.0,29.0,9.0,52.26,52.26,2018-12-29 09:00:00
2018,12.0,29.0,10.0,60.41,60.41,2018-12-29 10:00:00
2018,12.0,29.0,11.0,62.45,62.45,2018-12-29 11:00:00
2018,12.0,29.0,12.0,60.09,60.09,2018-12-29 12:00:00
2018,12.0,29.0,13.0,58.97,58.97,2018-12-29 13:00:00
2018,12.0,29.0,14.0,57.39,57.39,2018-12-29 14:00:00
2018,12.0,29.0,15.0,55.01,55.01,2018-12-29 15:00:00
2018,12.0,29.0,16.0,52.99,52.99,2018-12-29 16:00:00
2018,12.0,29.0,17.0,53.73,53.73,2018-12-29 17:00:00
2018,12.0,29.0,18.0,58.57,58.57,2018-12-29 18:00:00
2018,12.0,29.0,19.0,64.97,64.97,2018-12-29 19:00:00
2018,12.0,29.0,20.0,65.27,65.27,2018-12-29 20:00:00
2018,12.0,29.0,21.0,65.0,65.0,2018-12-29 21:00:00
2018,12.0,29.0,22.0,64.6,64.6,2018-12-29 22:00:00
2018,12.0,29.0,23.0,64.01,64.01,2018-12-29 23:00:00
2018,12.0,29.0,24.0,63.93,63.93,2018-12-30 00:00:00
2018,12.0,30.0,1.0,62.51,62.51,2018-12-30 01:00:00
2018,12.0,30.0,2.0,51.1,51.1,2018-12-30 02:00:00
2018,12.0,30.0,3.0,49.63,49.63,2018-12-30 03:00:00
2018,12.0,30.0,4.0,48.23,48.23,2018-12-30 04:00:00
2018,12.0,30.0,5.0,47.86,47.86,2018-12-30 05:00:00
2018,12.0,30.0,6.0,47.86,47.86,2018-12-30 06:00:00
2018,12.0,30.0,7.0,48.23,48.23,2018-12-30 07:00:00
2018,12.0,30.0,8.0,49.43,49.43,2018-12-30 08:00:00
2018,12.0,30.0,9.0,50.12,50.12,2018-12-30 09:00:00
2018,12.0,30.0,10.0,54.77,54.77,2018-12-30 10:00:00
2018,12.0,30.0,11.0,60.01,60.01,2018-12-30 11:00:00
2018,12.0,30.0,12.0,60.14,60.14,2018-12-30 12:00:00
2018,12.0,30.0,13.0,61.0,61.0,2018-12-30 13:00:00
2018,12.0,30.0,14.0,63.91,63.91,2018-12-30 14:00:00
2018,12.0,30.0,15.0,64.16,64.16,2018-12-30 15:00:00
2018,12.0,30.0,16.0,61.12,61.12,2018-12-30 16:00:00
2018,12.0,30.0,17.0,59.59,59.59,2018-12-30 17:00:00
2018,12.0,30.0,18.0,62.51,62.51,2018-12-30 18:00:00
2018,12.0,30.0,19.0,65.51,65.51,2018-12-30 19:00:00
2018,12.0,30.0,20.0,67.02,67.02,2018-12-30 20:00:00
2018,12.0,30.0,21.0,67.83,67.83,2018-12-30 21:00:00
2018,12.0,30.0,22.0,68.4,68.4,2018-12-30 22:00:00
2018,12.0,30.0,23.0,67.64,67.64,2018-12-30 23:00:00
2018,12.0,30.0,24.0,65.27,65.27,2018-12-31 00:00:00
2018,12.0,31.0,1.0,63.93,63.93,2018-12-31 01:00:00
2018,12.0,31.0,2.0,54.87,54.87,2018-12-31 02:00:00
2018,12.0,31.0,3.0,52.6,52.6,2018-12-31 03:00:00
2018,12.0,31.0,4.0,51.09,51.09,2018-12-31 04:00:00
2018,12.0,31.0,5.0,50.89,50.89,2018-12-31 05:00:00
2018,12.0,31.0,6.0,51.1,51.1,2018-12-31 06:00:00
2018,12.0,31.0,7.0,54.77,54.77,2018-12-31 07:00:00
2018,12.0,31.0,8.0,54.87,54.87,2018-12-31 08:00:00
2018,12.0,31.0,9.0,60.0,60.0,2018-12-31 09:00:00
2018,12.0,31.0,10.0,64.97,64.97,2018-12-31 10:00:00
2018,12.0,31.0,11.0,65.88,65.88,2018-12-31 11:00:00
2018,12.0,31.0,12.0,65.01,65.01,2018-12-31 12:00:00
2018,12.0,31.0,13.0,65.01,65.01,2018-12-31 13:00:00
2018,12.0,31.0,14.0,65.22,65.22,2018-12-31 14:00:00
2018,12.0,31.0,15.0,64.97,64.97,2018-12-31 15:00:00
2018,12.0,31.0,16.0,64.18,64.18,2018-12-31 16:00:00
2018,12.0,31.0,17.0,64.8,64.8,2018-12-31 17:00:00
2018,12.0,31.0,18.0,68.01,68.01,2018-12-31 18:00:00
2018,12.0,31.0,19.0,68.58,68.58,2018-12-31 19:00:00
2018,12.0,31.0,20.0,68.85,68.85,2018-12-31 20:00:00
2018,12.0,31.0,21.0,68.4,68.4,2018-12-31 21:00:00
2018,12.0,31.0,22.0,66.88,66.88,2018-12-31 22:00:00
2018,12.0,31.0,23.0,63.93,63.93,2018-12-31 23:00:00
2018,12.0,31.0,24.0,64.27,64.27,2019-01-01 00:00:00
