Year,Month,Day,Hour,Spot_Price1,Spot_Price2,DateTime
2022,1.0,1.0,1.0,145.86,145.86,2022-01-01 01:00:00
2022,1.0,1.0,2.0,114.9,114.9,2022-01-01 02:00:00
2022,1.0,1.0,3.0,113.87,113.87,2022-01-01 03:00:00
2022,1.0,1.0,4.0,97.8,97.8,2022-01-01 04:00:00
2022,1.0,1.0,5.0,97.8,97.8,2022-01-01 05:00:00
2022,1.0,1.0,6.0,95.74,95.74,2022-01-01 06:00:00
2022,1.0,1.0,7.0,97.8,97.8,2022-01-01 07:00:00
2022,1.0,1.0,8.0,97.8,97.8,2022-01-01 08:00:00
2022,1.0,1.0,9.0,97.8,97.8,2022-01-01 09:00:00
2022,1.0,1.0,10.0,70.05,70.05,2022-01-01 10:00:00
2022,1.0,1.0,11.0,76.79,76.79,2022-01-01 11:00:00
2022,1.0,1.0,12.0,84.1,84.1,2022-01-01 12:00:00
2022,1.0,1.0,13.0,94.74,94.74,2022-01-01 13:00:00
2022,1.0,1.0,14.0,96.8,96.8,2022-01-01 14:00:00
2022,1.0,1.0,15.0,97.8,97.8,2022-01-01 15:00:00
2022,1.0,1.0,16.0,98.52,98.52,2022-01-01 16:00:00
2022,1.0,1.0,17.0,114.5,114.5,2022-01-01 17:00:00
2022,1.0,1.0,18.0,149.97,149.97,2022-01-01 18:00:00
2022,1.0,1.0,19.0,177.22,177.22,2022-01-01 19:00:00
2022,1.0,1.0,20.0,187.52,187.52,2022-01-01 20:00:00
2022,1.0,1.0,21.0,189.26,189.26,2022-01-01 21:00:00
2022,1.0,1.0,22.0,190.81,190.81,2022-01-01 22:00:00
2022,1.0,1.0,23.0,188.39,188.39,2022-01-01 23:00:00
2022,1.0,1.0,24.0,167.26,167.26,2022-01-02 00:00:00
2022,1.0,2.0,1.0,133.21,133.21,2022-01-02 01:00:00
2022,1.0,2.0,2.0,115.87,115.87,2022-01-02 02:00:00
2022,1.0,2.0,3.0,110.52,110.52,2022-01-02 03:00:00
2022,1.0,2.0,4.0,113.0,113.0,2022-01-02 04:00:00
2022,1.0,2.0,5.0,115.87,115.87,2022-01-02 05:00:00
2022,1.0,2.0,6.0,110.52,110.52,2022-01-02 06:00:00
2022,1.0,2.0,7.0,115.87,115.87,2022-01-02 07:00:00
2022,1.0,2.0,8.0,129.6,129.6,2022-01-02 08:00:00
2022,1.0,2.0,9.0,115.87,115.87,2022-01-02 09:00:00
2022,1.0,2.0,10.0,115.87,115.87,2022-01-02 10:00:00
2022,1.0,2.0,11.0,113.0,113.0,2022-01-02 11:00:00
2022,1.0,2.0,12.0,115.87,103.7,2022-01-02 12:00:00
2022,1.0,2.0,13.0,110.0,103.7,2022-01-02 13:00:00
2022,1.0,2.0,14.0,110.52,110.52,2022-01-02 14:00:00
2022,1.0,2.0,15.0,115.87,115.87,2022-01-02 15:00:00
2022,1.0,2.0,16.0,109.8,109.5,2022-01-02 16:00:00
2022,1.0,2.0,17.0,115.87,115.87,2022-01-02 17:00:00
2022,1.0,2.0,18.0,159.79,159.79,2022-01-02 18:00:00
2022,1.0,2.0,19.0,194.25,194.25,2022-01-02 19:00:00
2022,1.0,2.0,20.0,198.0,198.0,2022-01-02 20:00:00
2022,1.0,2.0,21.0,208.38,208.38,2022-01-02 21:00:00
2022,1.0,2.0,22.0,209.1,209.1,2022-01-02 22:00:00
2022,1.0,2.0,23.0,191.36,191.36,2022-01-02 23:00:00
2022,1.0,2.0,24.0,178.0,178.0,2022-01-03 00:00:00
2022,1.0,3.0,1.0,181.5,181.5,2022-01-03 01:00:00
2022,1.0,3.0,2.0,160.72,160.72,2022-01-03 02:00:00
2022,1.0,3.0,3.0,154.64,154.64,2022-01-03 03:00:00
2022,1.0,3.0,4.0,149.86,149.86,2022-01-03 04:00:00
2022,1.0,3.0,5.0,144.49,144.49,2022-01-03 05:00:00
2022,1.0,3.0,6.0,148.86,148.86,2022-01-03 06:00:00
2022,1.0,3.0,7.0,153.77,153.77,2022-01-03 07:00:00
2022,1.0,3.0,8.0,160.72,160.72,2022-01-03 08:00:00
2022,1.0,3.0,9.0,189.26,189.26,2022-01-03 09:00:00
2022,1.0,3.0,10.0,183.54,183.54,2022-01-03 10:00:00
2022,1.0,3.0,11.0,160.72,160.72,2022-01-03 11:00:00
2022,1.0,3.0,12.0,152.2,152.2,2022-01-03 12:00:00
2022,1.0,3.0,13.0,148.86,148.86,2022-01-03 13:00:00
2022,1.0,3.0,14.0,142.04,142.04,2022-01-03 14:00:00
2022,1.0,3.0,15.0,127.38,127.38,2022-01-03 15:00:00
2022,1.0,3.0,16.0,112.87,112.87,2022-01-03 16:00:00
2022,1.0,3.0,17.0,126.8,126.8,2022-01-03 17:00:00
2022,1.0,3.0,18.0,148.49,148.49,2022-01-03 18:00:00
2022,1.0,3.0,19.0,175.06,175.06,2022-01-03 19:00:00
2022,1.0,3.0,20.0,180.0,180.0,2022-01-03 20:00:00
2022,1.0,3.0,21.0,153.77,153.77,2022-01-03 21:00:00
2022,1.0,3.0,22.0,141.94,141.94,2022-01-03 22:00:00
2022,1.0,3.0,23.0,114.11,114.11,2022-01-03 23:00:00
2022,1.0,3.0,24.0,100.36,100.36,2022-01-04 00:00:00
2022,1.0,4.0,1.0,125.47,125.47,2022-01-04 01:00:00
2022,1.0,4.0,2.0,115.55,115.55,2022-01-04 02:00:00
2022,1.0,4.0,3.0,113.29,113.29,2022-01-04 03:00:00
2022,1.0,4.0,4.0,105.81,105.81,2022-01-04 04:00:00
2022,1.0,4.0,5.0,105.0,105.0,2022-01-04 05:00:00
2022,1.0,4.0,6.0,115.11,115.11,2022-01-04 06:00:00
2022,1.0,4.0,7.0,153.77,153.77,2022-01-04 07:00:00
2022,1.0,4.0,8.0,161.03,161.03,2022-01-04 08:00:00
2022,1.0,4.0,9.0,178.91,178.91,2022-01-04 09:00:00
2022,1.0,4.0,10.0,190.0,190.0,2022-01-04 10:00:00
2022,1.0,4.0,11.0,189.88,189.88,2022-01-04 11:00:00
2022,1.0,4.0,12.0,182.42,182.42,2022-01-04 12:00:00
2022,1.0,4.0,13.0,182.46,182.46,2022-01-04 13:00:00
2022,1.0,4.0,14.0,179.59,179.59,2022-01-04 14:00:00
2022,1.0,4.0,15.0,163.2,163.2,2022-01-04 15:00:00
2022,1.0,4.0,16.0,157.3,157.3,2022-01-04 16:00:00
2022,1.0,4.0,17.0,157.3,157.3,2022-01-04 17:00:00
2022,1.0,4.0,18.0,163.78,163.78,2022-01-04 18:00:00
2022,1.0,4.0,19.0,184.94,184.94,2022-01-04 19:00:00
2022,1.0,4.0,20.0,178.99,178.99,2022-01-04 20:00:00
2022,1.0,4.0,21.0,156.12,156.12,2022-01-04 21:00:00
2022,1.0,4.0,22.0,148.65,148.65,2022-01-04 22:00:00
2022,1.0,4.0,23.0,137.92,137.92,2022-01-04 23:00:00
2022,1.0,4.0,24.0,112.87,105.0,2022-01-05 00:00:00
2022,1.0,5.0,1.0,132.8,120.11,2022-01-05 01:00:00
2022,1.0,5.0,2.0,106.7,105.1,2022-01-05 02:00:00
2022,1.0,5.0,3.0,84.5,84.5,2022-01-05 03:00:00
2022,1.0,5.0,4.0,80.0,75.38,2022-01-05 04:00:00
2022,1.0,5.0,5.0,79.11,79.11,2022-01-05 05:00:00
2022,1.0,5.0,6.0,94.79,94.79,2022-01-05 06:00:00
2022,1.0,5.0,7.0,169.04,169.04,2022-01-05 07:00:00
2022,1.0,5.0,8.0,206.07,206.07,2022-01-05 08:00:00
2022,1.0,5.0,9.0,211.13,211.13,2022-01-05 09:00:00
2022,1.0,5.0,10.0,213.86,213.86,2022-01-05 10:00:00
2022,1.0,5.0,11.0,209.1,209.1,2022-01-05 11:00:00
2022,1.0,5.0,12.0,202.8,202.8,2022-01-05 12:00:00
2022,1.0,5.0,13.0,199.89,199.89,2022-01-05 13:00:00
2022,1.0,5.0,14.0,197.34,197.34,2022-01-05 14:00:00
2022,1.0,5.0,15.0,195.6,195.6,2022-01-05 15:00:00
2022,1.0,5.0,16.0,200.0,200.0,2022-01-05 16:00:00
2022,1.0,5.0,17.0,206.07,206.07,2022-01-05 17:00:00
2022,1.0,5.0,18.0,211.23,211.23,2022-01-05 18:00:00
2022,1.0,5.0,19.0,225.0,225.0,2022-01-05 19:00:00
2022,1.0,5.0,20.0,250.34,250.34,2022-01-05 20:00:00
2022,1.0,5.0,21.0,241.93,241.93,2022-01-05 21:00:00
2022,1.0,5.0,22.0,218.95,218.95,2022-01-05 22:00:00
2022,1.0,5.0,23.0,207.46,207.46,2022-01-05 23:00:00
2022,1.0,5.0,24.0,200.0,200.0,2022-01-06 00:00:00
2022,1.0,6.0,1.0,207.15,207.15,2022-01-06 01:00:00
2022,1.0,6.0,2.0,204.22,204.22,2022-01-06 02:00:00
2022,1.0,6.0,3.0,191.82,191.82,2022-01-06 03:00:00
2022,1.0,6.0,4.0,180.7,180.7,2022-01-06 04:00:00
2022,1.0,6.0,5.0,170.1,170.1,2022-01-06 05:00:00
2022,1.0,6.0,6.0,194.38,194.38,2022-01-06 06:00:00
2022,1.0,6.0,7.0,204.22,204.22,2022-01-06 07:00:00
2022,1.0,6.0,8.0,216.14,216.14,2022-01-06 08:00:00
2022,1.0,6.0,9.0,219.42,219.42,2022-01-06 09:00:00
2022,1.0,6.0,10.0,220.0,220.0,2022-01-06 10:00:00
2022,1.0,6.0,11.0,214.9,214.9,2022-01-06 11:00:00
2022,1.0,6.0,12.0,207.9,207.9,2022-01-06 12:00:00
2022,1.0,6.0,13.0,205.0,205.0,2022-01-06 13:00:00
2022,1.0,6.0,14.0,204.43,204.43,2022-01-06 14:00:00
2022,1.0,6.0,15.0,196.84,196.84,2022-01-06 15:00:00
2022,1.0,6.0,16.0,189.89,189.89,2022-01-06 16:00:00
2022,1.0,6.0,17.0,202.17,202.17,2022-01-06 17:00:00
2022,1.0,6.0,18.0,222.31,222.31,2022-01-06 18:00:00
2022,1.0,6.0,19.0,273.44,273.44,2022-01-06 19:00:00
2022,1.0,6.0,20.0,278.36,278.36,2022-01-06 20:00:00
2022,1.0,6.0,21.0,251.71,251.71,2022-01-06 21:00:00
2022,1.0,6.0,22.0,229.96,229.96,2022-01-06 22:00:00
2022,1.0,6.0,23.0,216.44,216.44,2022-01-06 23:00:00
2022,1.0,6.0,24.0,210.0,210.0,2022-01-07 00:00:00
2022,1.0,7.0,1.0,213.47,213.47,2022-01-07 01:00:00
2022,1.0,7.0,2.0,189.0,189.0,2022-01-07 02:00:00
2022,1.0,7.0,3.0,180.0,180.0,2022-01-07 03:00:00
2022,1.0,7.0,4.0,164.9,164.9,2022-01-07 04:00:00
2022,1.0,7.0,5.0,162.8,162.8,2022-01-07 05:00:00
2022,1.0,7.0,6.0,165.0,165.0,2022-01-07 06:00:00
2022,1.0,7.0,7.0,165.2,165.2,2022-01-07 07:00:00
2022,1.0,7.0,8.0,215.89,215.89,2022-01-07 08:00:00
2022,1.0,7.0,9.0,243.84,243.84,2022-01-07 09:00:00
2022,1.0,7.0,10.0,250.01,250.01,2022-01-07 10:00:00
2022,1.0,7.0,11.0,240.0,240.0,2022-01-07 11:00:00
2022,1.0,7.0,12.0,232.53,232.53,2022-01-07 12:00:00
2022,1.0,7.0,13.0,216.28,216.28,2022-01-07 13:00:00
2022,1.0,7.0,14.0,211.94,211.94,2022-01-07 14:00:00
2022,1.0,7.0,15.0,207.05,207.05,2022-01-07 15:00:00
2022,1.0,7.0,16.0,210.11,210.11,2022-01-07 16:00:00
2022,1.0,7.0,17.0,220.21,220.21,2022-01-07 17:00:00
2022,1.0,7.0,18.0,243.84,243.84,2022-01-07 18:00:00
2022,1.0,7.0,19.0,260.0,260.0,2022-01-07 19:00:00
2022,1.0,7.0,20.0,250.0,250.0,2022-01-07 20:00:00
2022,1.0,7.0,21.0,243.84,243.84,2022-01-07 21:00:00
2022,1.0,7.0,22.0,243.84,243.84,2022-01-07 22:00:00
2022,1.0,7.0,23.0,235.69,235.69,2022-01-07 23:00:00
2022,1.0,7.0,24.0,215.1,215.1,2022-01-08 00:00:00
2022,1.0,8.0,1.0,270.02,270.02,2022-01-08 01:00:00
2022,1.0,8.0,2.0,237.86,237.86,2022-01-08 02:00:00
2022,1.0,8.0,3.0,215.89,215.89,2022-01-08 03:00:00
2022,1.0,8.0,4.0,211.44,211.44,2022-01-08 04:00:00
2022,1.0,8.0,5.0,200.9,200.9,2022-01-08 05:00:00
2022,1.0,8.0,6.0,200.0,200.0,2022-01-08 06:00:00
2022,1.0,8.0,7.0,201.36,201.36,2022-01-08 07:00:00
2022,1.0,8.0,8.0,209.09,209.09,2022-01-08 08:00:00
2022,1.0,8.0,9.0,215.89,215.89,2022-01-08 09:00:00
2022,1.0,8.0,10.0,231.0,231.0,2022-01-08 10:00:00
2022,1.0,8.0,11.0,228.95,228.95,2022-01-08 11:00:00
2022,1.0,8.0,12.0,215.39,215.39,2022-01-08 12:00:00
2022,1.0,8.0,13.0,206.68,206.68,2022-01-08 13:00:00
2022,1.0,8.0,14.0,185.0,185.0,2022-01-08 14:00:00
2022,1.0,8.0,15.0,169.52,169.52,2022-01-08 15:00:00
2022,1.0,8.0,16.0,162.8,162.8,2022-01-08 16:00:00
2022,1.0,8.0,17.0,161.73,161.73,2022-01-08 17:00:00
2022,1.0,8.0,18.0,189.9,189.9,2022-01-08 18:00:00
2022,1.0,8.0,19.0,206.68,206.68,2022-01-08 19:00:00
2022,1.0,8.0,20.0,210.0,210.0,2022-01-08 20:00:00
2022,1.0,8.0,21.0,210.0,210.0,2022-01-08 21:00:00
2022,1.0,8.0,22.0,209.37,209.37,2022-01-08 22:00:00
2022,1.0,8.0,23.0,185.3,185.3,2022-01-08 23:00:00
2022,1.0,8.0,24.0,168.8,147.94,2022-01-09 00:00:00
2022,1.0,9.0,1.0,109.18,109.18,2022-01-09 01:00:00
2022,1.0,9.0,2.0,89.61,89.61,2022-01-09 02:00:00
2022,1.0,9.0,3.0,80.24,80.24,2022-01-09 03:00:00
2022,1.0,9.0,4.0,55.46,55.46,2022-01-09 04:00:00
2022,1.0,9.0,5.0,45.82,45.82,2022-01-09 05:00:00
2022,1.0,9.0,6.0,48.5,48.5,2022-01-09 06:00:00
2022,1.0,9.0,7.0,74.29,74.29,2022-01-09 07:00:00
2022,1.0,9.0,8.0,89.78,89.78,2022-01-09 08:00:00
2022,1.0,9.0,9.0,104.79,104.79,2022-01-09 09:00:00
2022,1.0,9.0,10.0,140.0,140.0,2022-01-09 10:00:00
2022,1.0,9.0,11.0,140.0,140.0,2022-01-09 11:00:00
2022,1.0,9.0,12.0,120.0,120.0,2022-01-09 12:00:00
2022,1.0,9.0,13.0,69.77,69.77,2022-01-09 13:00:00
2022,1.0,9.0,14.0,69.77,69.77,2022-01-09 14:00:00
2022,1.0,9.0,15.0,57.96,57.96,2022-01-09 15:00:00
2022,1.0,9.0,16.0,14.0,14.0,2022-01-09 16:00:00
2022,1.0,9.0,17.0,92.52,92.52,2022-01-09 17:00:00
2022,1.0,9.0,18.0,159.9,159.9,2022-01-09 18:00:00
2022,1.0,9.0,19.0,207.9,207.9,2022-01-09 19:00:00
2022,1.0,9.0,20.0,240.0,240.0,2022-01-09 20:00:00
2022,1.0,9.0,21.0,230.82,230.82,2022-01-09 21:00:00
2022,1.0,9.0,22.0,214.02,214.02,2022-01-09 22:00:00
2022,1.0,9.0,23.0,215.88,215.88,2022-01-09 23:00:00
2022,1.0,9.0,24.0,205.6,191.64,2022-01-10 00:00:00
2022,1.0,10.0,1.0,196.23,196.23,2022-01-10 01:00:00
2022,1.0,10.0,2.0,165.0,165.0,2022-01-10 02:00:00
2022,1.0,10.0,3.0,158.7,158.7,2022-01-10 03:00:00
2022,1.0,10.0,4.0,159.3,159.3,2022-01-10 04:00:00
2022,1.0,10.0,5.0,160.1,160.1,2022-01-10 05:00:00
2022,1.0,10.0,6.0,173.01,173.01,2022-01-10 06:00:00
2022,1.0,10.0,7.0,200.1,200.1,2022-01-10 07:00:00
2022,1.0,10.0,8.0,228.46,228.46,2022-01-10 08:00:00
2022,1.0,10.0,9.0,234.74,234.74,2022-01-10 09:00:00
2022,1.0,10.0,10.0,240.0,240.0,2022-01-10 10:00:00
2022,1.0,10.0,11.0,238.76,238.76,2022-01-10 11:00:00
2022,1.0,10.0,12.0,228.38,228.38,2022-01-10 12:00:00
2022,1.0,10.0,13.0,222.53,222.53,2022-01-10 13:00:00
2022,1.0,10.0,14.0,216.01,216.01,2022-01-10 14:00:00
2022,1.0,10.0,15.0,206.01,206.01,2022-01-10 15:00:00
2022,1.0,10.0,16.0,200.99,200.99,2022-01-10 16:00:00
2022,1.0,10.0,17.0,223.0,223.0,2022-01-10 17:00:00
2022,1.0,10.0,18.0,256.01,256.01,2022-01-10 18:00:00
2022,1.0,10.0,19.0,286.4,286.4,2022-01-10 19:00:00
2022,1.0,10.0,20.0,294.98,294.98,2022-01-10 20:00:00
2022,1.0,10.0,21.0,267.45,267.45,2022-01-10 21:00:00
2022,1.0,10.0,22.0,242.23,242.23,2022-01-10 22:00:00
2022,1.0,10.0,23.0,217.03,217.03,2022-01-10 23:00:00
2022,1.0,10.0,24.0,198.93,198.93,2022-01-11 00:00:00
2022,1.0,11.0,1.0,210.34,210.34,2022-01-11 01:00:00
2022,1.0,11.0,2.0,202.42,202.42,2022-01-11 02:00:00
2022,1.0,11.0,3.0,197.6,197.6,2022-01-11 03:00:00
2022,1.0,11.0,4.0,193.0,193.0,2022-01-11 04:00:00
2022,1.0,11.0,5.0,194.9,194.9,2022-01-11 05:00:00
2022,1.0,11.0,6.0,204.45,204.45,2022-01-11 06:00:00
2022,1.0,11.0,7.0,219.32,219.32,2022-01-11 07:00:00
2022,1.0,11.0,8.0,228.38,228.38,2022-01-11 08:00:00
2022,1.0,11.0,9.0,249.97,249.97,2022-01-11 09:00:00
2022,1.0,11.0,10.0,249.97,249.97,2022-01-11 10:00:00
2022,1.0,11.0,11.0,242.47,242.47,2022-01-11 11:00:00
2022,1.0,11.0,12.0,212.2,212.2,2022-01-11 12:00:00
2022,1.0,11.0,13.0,207.1,207.1,2022-01-11 13:00:00
2022,1.0,11.0,14.0,207.0,207.0,2022-01-11 14:00:00
2022,1.0,11.0,15.0,206.8,206.8,2022-01-11 15:00:00
2022,1.0,11.0,16.0,206.8,206.8,2022-01-11 16:00:00
2022,1.0,11.0,17.0,212.0,212.0,2022-01-11 17:00:00
2022,1.0,11.0,18.0,242.47,242.47,2022-01-11 18:00:00
2022,1.0,11.0,19.0,260.0,260.0,2022-01-11 19:00:00
2022,1.0,11.0,20.0,261.97,261.97,2022-01-11 20:00:00
2022,1.0,11.0,21.0,262.66,262.66,2022-01-11 21:00:00
2022,1.0,11.0,22.0,245.0,245.0,2022-01-11 22:00:00
2022,1.0,11.0,23.0,227.47,227.47,2022-01-11 23:00:00
2022,1.0,11.0,24.0,211.63,211.63,2022-01-12 00:00:00
2022,1.0,12.0,1.0,196.65,196.65,2022-01-12 01:00:00
2022,1.0,12.0,2.0,187.1,187.1,2022-01-12 02:00:00
2022,1.0,12.0,3.0,184.27,184.27,2022-01-12 03:00:00
2022,1.0,12.0,4.0,179.58,179.58,2022-01-12 04:00:00
2022,1.0,12.0,5.0,178.33,178.33,2022-01-12 05:00:00
2022,1.0,12.0,6.0,190.14,190.14,2022-01-12 06:00:00
2022,1.0,12.0,7.0,185.22,185.22,2022-01-12 07:00:00
2022,1.0,12.0,8.0,200.22,200.22,2022-01-12 08:00:00
2022,1.0,12.0,9.0,217.15,217.15,2022-01-12 09:00:00
2022,1.0,12.0,10.0,205.41,205.41,2022-01-12 10:00:00
2022,1.0,12.0,11.0,199.7,199.7,2022-01-12 11:00:00
2022,1.0,12.0,12.0,196.66,196.66,2022-01-12 12:00:00
2022,1.0,12.0,13.0,196.95,196.95,2022-01-12 13:00:00
2022,1.0,12.0,14.0,197.42,197.42,2022-01-12 14:00:00
2022,1.0,12.0,15.0,197.42,197.42,2022-01-12 15:00:00
2022,1.0,12.0,16.0,199.6,199.6,2022-01-12 16:00:00
2022,1.0,12.0,17.0,200.2,200.2,2022-01-12 17:00:00
2022,1.0,12.0,18.0,227.49,227.49,2022-01-12 18:00:00
2022,1.0,12.0,19.0,255.0,255.0,2022-01-12 19:00:00
2022,1.0,12.0,20.0,261.38,261.38,2022-01-12 20:00:00
2022,1.0,12.0,21.0,253.1,253.1,2022-01-12 21:00:00
2022,1.0,12.0,22.0,222.79,222.79,2022-01-12 22:00:00
2022,1.0,12.0,23.0,213.64,213.64,2022-01-12 23:00:00
2022,1.0,12.0,24.0,200.22,200.22,2022-01-13 00:00:00
2022,1.0,13.0,1.0,190.0,190.0,2022-01-13 01:00:00
2022,1.0,13.0,2.0,188.72,188.72,2022-01-13 02:00:00
2022,1.0,13.0,3.0,187.87,187.87,2022-01-13 03:00:00
2022,1.0,13.0,4.0,182.88,182.88,2022-01-13 04:00:00
2022,1.0,13.0,5.0,186.65,186.65,2022-01-13 05:00:00
2022,1.0,13.0,6.0,187.42,187.42,2022-01-13 06:00:00
2022,1.0,13.0,7.0,192.93,192.93,2022-01-13 07:00:00
2022,1.0,13.0,8.0,220.14,220.14,2022-01-13 08:00:00
2022,1.0,13.0,9.0,226.75,226.75,2022-01-13 09:00:00
2022,1.0,13.0,10.0,226.75,226.75,2022-01-13 10:00:00
2022,1.0,13.0,11.0,220.25,220.25,2022-01-13 11:00:00
2022,1.0,13.0,12.0,216.35,216.35,2022-01-13 12:00:00
2022,1.0,13.0,13.0,213.93,213.93,2022-01-13 13:00:00
2022,1.0,13.0,14.0,213.93,213.93,2022-01-13 14:00:00
2022,1.0,13.0,15.0,213.75,213.75,2022-01-13 15:00:00
2022,1.0,13.0,16.0,213.89,213.89,2022-01-13 16:00:00
2022,1.0,13.0,17.0,220.14,220.14,2022-01-13 17:00:00
2022,1.0,13.0,18.0,229.57,229.57,2022-01-13 18:00:00
2022,1.0,13.0,19.0,259.45,259.45,2022-01-13 19:00:00
2022,1.0,13.0,20.0,262.95,262.95,2022-01-13 20:00:00
2022,1.0,13.0,21.0,252.46,252.46,2022-01-13 21:00:00
2022,1.0,13.0,22.0,230.1,230.1,2022-01-13 22:00:00
2022,1.0,13.0,23.0,217.65,217.65,2022-01-13 23:00:00
2022,1.0,13.0,24.0,207.99,207.99,2022-01-14 00:00:00
2022,1.0,14.0,1.0,205.0,205.0,2022-01-14 01:00:00
2022,1.0,14.0,2.0,199.96,199.96,2022-01-14 02:00:00
2022,1.0,14.0,3.0,196.42,196.42,2022-01-14 03:00:00
2022,1.0,14.0,4.0,192.77,192.77,2022-01-14 04:00:00
2022,1.0,14.0,5.0,192.43,192.43,2022-01-14 05:00:00
2022,1.0,14.0,6.0,197.6,197.6,2022-01-14 06:00:00
2022,1.0,14.0,7.0,206.26,206.26,2022-01-14 07:00:00
2022,1.0,14.0,8.0,205.2,205.2,2022-01-14 08:00:00
2022,1.0,14.0,9.0,209.07,209.07,2022-01-14 09:00:00
2022,1.0,14.0,10.0,207.8,207.8,2022-01-14 10:00:00
2022,1.0,14.0,11.0,199.99,199.99,2022-01-14 11:00:00
2022,1.0,14.0,12.0,182.52,182.52,2022-01-14 12:00:00
2022,1.0,14.0,13.0,180.3,180.3,2022-01-14 13:00:00
2022,1.0,14.0,14.0,180.66,180.66,2022-01-14 14:00:00
2022,1.0,14.0,15.0,180.3,180.3,2022-01-14 15:00:00
2022,1.0,14.0,16.0,182.52,182.52,2022-01-14 16:00:00
2022,1.0,14.0,17.0,200.34,200.34,2022-01-14 17:00:00
2022,1.0,14.0,18.0,209.07,209.07,2022-01-14 18:00:00
2022,1.0,14.0,19.0,225.61,225.61,2022-01-14 19:00:00
2022,1.0,14.0,20.0,233.65,233.65,2022-01-14 20:00:00
2022,1.0,14.0,21.0,235.01,235.01,2022-01-14 21:00:00
2022,1.0,14.0,22.0,225.61,225.61,2022-01-14 22:00:00
2022,1.0,14.0,23.0,216.68,216.68,2022-01-14 23:00:00
2022,1.0,14.0,24.0,205.96,205.96,2022-01-15 00:00:00
2022,1.0,15.0,1.0,222.01,222.01,2022-01-15 01:00:00
2022,1.0,15.0,2.0,214.92,214.92,2022-01-15 02:00:00
2022,1.0,15.0,3.0,209.61,209.61,2022-01-15 03:00:00
2022,1.0,15.0,4.0,196.7,196.7,2022-01-15 04:00:00
2022,1.0,15.0,5.0,193.04,193.04,2022-01-15 05:00:00
2022,1.0,15.0,6.0,195.05,195.05,2022-01-15 06:00:00
2022,1.0,15.0,7.0,200.9,200.9,2022-01-15 07:00:00
2022,1.0,15.0,8.0,217.21,217.21,2022-01-15 08:00:00
2022,1.0,15.0,9.0,223.76,223.76,2022-01-15 09:00:00
2022,1.0,15.0,10.0,225.76,225.76,2022-01-15 10:00:00
2022,1.0,15.0,11.0,222.39,222.39,2022-01-15 11:00:00
2022,1.0,15.0,12.0,214.92,214.92,2022-01-15 12:00:00
2022,1.0,15.0,13.0,208.43,208.43,2022-01-15 13:00:00
2022,1.0,15.0,14.0,200.0,200.0,2022-01-15 14:00:00
2022,1.0,15.0,15.0,203.09,203.09,2022-01-15 15:00:00
2022,1.0,15.0,16.0,213.98,213.98,2022-01-15 16:00:00
2022,1.0,15.0,17.0,218.63,218.63,2022-01-15 17:00:00
2022,1.0,15.0,18.0,231.67,231.67,2022-01-15 18:00:00
2022,1.0,15.0,19.0,267.03,267.03,2022-01-15 19:00:00
2022,1.0,15.0,20.0,261.41,261.41,2022-01-15 20:00:00
2022,1.0,15.0,21.0,243.62,243.62,2022-01-15 21:00:00
2022,1.0,15.0,22.0,227.85,227.85,2022-01-15 22:00:00
2022,1.0,15.0,23.0,222.66,222.66,2022-01-15 23:00:00
2022,1.0,15.0,24.0,217.0,217.0,2022-01-16 00:00:00
2022,1.0,16.0,1.0,225.92,225.92,2022-01-16 01:00:00
2022,1.0,16.0,2.0,216.0,216.0,2022-01-16 02:00:00
2022,1.0,16.0,3.0,207.62,207.62,2022-01-16 03:00:00
2022,1.0,16.0,4.0,197.22,197.22,2022-01-16 04:00:00
2022,1.0,16.0,5.0,186.7,186.7,2022-01-16 05:00:00
2022,1.0,16.0,6.0,186.6,186.6,2022-01-16 06:00:00
2022,1.0,16.0,7.0,198.01,198.01,2022-01-16 07:00:00
2022,1.0,16.0,8.0,200.03,200.03,2022-01-16 08:00:00
2022,1.0,16.0,9.0,200.0,200.0,2022-01-16 09:00:00
2022,1.0,16.0,10.0,204.86,204.86,2022-01-16 10:00:00
2022,1.0,16.0,11.0,204.5,204.5,2022-01-16 11:00:00
2022,1.0,16.0,12.0,204.43,204.43,2022-01-16 12:00:00
2022,1.0,16.0,13.0,205.21,205.21,2022-01-16 13:00:00
2022,1.0,16.0,14.0,195.02,195.02,2022-01-16 14:00:00
2022,1.0,16.0,15.0,191.9,191.9,2022-01-16 15:00:00
2022,1.0,16.0,16.0,196.92,196.92,2022-01-16 16:00:00
2022,1.0,16.0,17.0,201.02,201.02,2022-01-16 17:00:00
2022,1.0,16.0,18.0,222.87,222.87,2022-01-16 18:00:00
2022,1.0,16.0,19.0,257.45,257.45,2022-01-16 19:00:00
2022,1.0,16.0,20.0,265.36,265.36,2022-01-16 20:00:00
2022,1.0,16.0,21.0,257.13,257.13,2022-01-16 21:00:00
2022,1.0,16.0,22.0,248.2,248.2,2022-01-16 22:00:00
2022,1.0,16.0,23.0,228.52,228.52,2022-01-16 23:00:00
2022,1.0,16.0,24.0,212.82,212.82,2022-01-17 00:00:00
2022,1.0,17.0,1.0,252.53,252.53,2022-01-17 01:00:00
2022,1.0,17.0,2.0,242.23,242.23,2022-01-17 02:00:00
2022,1.0,17.0,3.0,232.25,232.25,2022-01-17 03:00:00
2022,1.0,17.0,4.0,215.01,215.01,2022-01-17 04:00:00
2022,1.0,17.0,5.0,209.55,209.55,2022-01-17 05:00:00
2022,1.0,17.0,6.0,222.78,222.78,2022-01-17 06:00:00
2022,1.0,17.0,7.0,249.93,249.93,2022-01-17 07:00:00
2022,1.0,17.0,8.0,272.52,272.52,2022-01-17 08:00:00
2022,1.0,17.0,9.0,264.36,264.36,2022-01-17 09:00:00
2022,1.0,17.0,10.0,253.83,253.83,2022-01-17 10:00:00
2022,1.0,17.0,11.0,241.11,241.11,2022-01-17 11:00:00
2022,1.0,17.0,12.0,235.63,235.63,2022-01-17 12:00:00
2022,1.0,17.0,13.0,235.63,235.63,2022-01-17 13:00:00
2022,1.0,17.0,14.0,235.16,235.16,2022-01-17 14:00:00
2022,1.0,17.0,15.0,234.03,234.03,2022-01-17 15:00:00
2022,1.0,17.0,16.0,229.11,229.11,2022-01-17 16:00:00
2022,1.0,17.0,17.0,235.01,235.01,2022-01-17 17:00:00
2022,1.0,17.0,18.0,248.63,248.63,2022-01-17 18:00:00
2022,1.0,17.0,19.0,264.21,264.21,2022-01-17 19:00:00
2022,1.0,17.0,20.0,285.68,285.68,2022-01-17 20:00:00
2022,1.0,17.0,21.0,277.01,277.01,2022-01-17 21:00:00
2022,1.0,17.0,22.0,257.64,257.64,2022-01-17 22:00:00
2022,1.0,17.0,23.0,248.63,248.63,2022-01-17 23:00:00
2022,1.0,17.0,24.0,229.6,229.6,2022-01-18 00:00:00
2022,1.0,18.0,1.0,213.9,213.9,2022-01-18 01:00:00
2022,1.0,18.0,2.0,203.27,203.27,2022-01-18 02:00:00
2022,1.0,18.0,3.0,200.48,200.48,2022-01-18 03:00:00
2022,1.0,18.0,4.0,194.52,194.52,2022-01-18 04:00:00
2022,1.0,18.0,5.0,193.99,193.99,2022-01-18 05:00:00
2022,1.0,18.0,6.0,205.0,205.0,2022-01-18 06:00:00
2022,1.0,18.0,7.0,223.94,223.94,2022-01-18 07:00:00
2022,1.0,18.0,8.0,227.84,227.84,2022-01-18 08:00:00
2022,1.0,18.0,9.0,235.42,235.42,2022-01-18 09:00:00
2022,1.0,18.0,10.0,231.78,231.78,2022-01-18 10:00:00
2022,1.0,18.0,11.0,221.34,221.34,2022-01-18 11:00:00
2022,1.0,18.0,12.0,217.44,217.44,2022-01-18 12:00:00
2022,1.0,18.0,13.0,216.73,216.73,2022-01-18 13:00:00
2022,1.0,18.0,14.0,216.73,216.73,2022-01-18 14:00:00
2022,1.0,18.0,15.0,215.42,215.42,2022-01-18 15:00:00
2022,1.0,18.0,16.0,212.24,212.24,2022-01-18 16:00:00
2022,1.0,18.0,17.0,218.0,218.0,2022-01-18 17:00:00
2022,1.0,18.0,18.0,231.78,231.78,2022-01-18 18:00:00
2022,1.0,18.0,19.0,254.81,254.81,2022-01-18 19:00:00
2022,1.0,18.0,20.0,272.22,272.22,2022-01-18 20:00:00
2022,1.0,18.0,21.0,259.29,259.29,2022-01-18 21:00:00
2022,1.0,18.0,22.0,240.0,240.0,2022-01-18 22:00:00
2022,1.0,18.0,23.0,225.84,225.84,2022-01-18 23:00:00
2022,1.0,18.0,24.0,213.54,213.54,2022-01-19 00:00:00
2022,1.0,19.0,1.0,224.68,224.68,2022-01-19 01:00:00
2022,1.0,19.0,2.0,215.46,215.46,2022-01-19 02:00:00
2022,1.0,19.0,3.0,203.69,203.69,2022-01-19 03:00:00
2022,1.0,19.0,4.0,193.91,193.91,2022-01-19 04:00:00
2022,1.0,19.0,5.0,188.7,188.7,2022-01-19 05:00:00
2022,1.0,19.0,6.0,195.36,195.36,2022-01-19 06:00:00
2022,1.0,19.0,7.0,222.81,222.81,2022-01-19 07:00:00
2022,1.0,19.0,8.0,226.95,226.95,2022-01-19 08:00:00
2022,1.0,19.0,9.0,239.14,239.14,2022-01-19 09:00:00
2022,1.0,19.0,10.0,230.85,230.85,2022-01-19 10:00:00
2022,1.0,19.0,11.0,216.18,216.18,2022-01-19 11:00:00
2022,1.0,19.0,12.0,207.56,207.56,2022-01-19 12:00:00
2022,1.0,19.0,13.0,207.56,207.56,2022-01-19 13:00:00
2022,1.0,19.0,14.0,206.96,206.96,2022-01-19 14:00:00
2022,1.0,19.0,15.0,180.3,180.3,2022-01-19 15:00:00
2022,1.0,19.0,16.0,179.64,179.64,2022-01-19 16:00:00
2022,1.0,19.0,17.0,184.2,184.2,2022-01-19 17:00:00
2022,1.0,19.0,18.0,217.64,217.64,2022-01-19 18:00:00
2022,1.0,19.0,19.0,238.1,238.1,2022-01-19 19:00:00
2022,1.0,19.0,20.0,259.81,259.81,2022-01-19 20:00:00
2022,1.0,19.0,21.0,254.21,254.21,2022-01-19 21:00:00
2022,1.0,19.0,22.0,222.26,222.26,2022-01-19 22:00:00
2022,1.0,19.0,23.0,208.8,208.8,2022-01-19 23:00:00
2022,1.0,19.0,24.0,191.09,191.09,2022-01-20 00:00:00
2022,1.0,20.0,1.0,194.18,194.18,2022-01-20 01:00:00
2022,1.0,20.0,2.0,185.18,185.18,2022-01-20 02:00:00
2022,1.0,20.0,3.0,179.53,179.53,2022-01-20 03:00:00
2022,1.0,20.0,4.0,171.43,171.43,2022-01-20 04:00:00
2022,1.0,20.0,5.0,168.18,168.18,2022-01-20 05:00:00
2022,1.0,20.0,6.0,176.44,176.44,2022-01-20 06:00:00
2022,1.0,20.0,7.0,185.01,185.01,2022-01-20 07:00:00
2022,1.0,20.0,8.0,206.41,206.41,2022-01-20 08:00:00
2022,1.0,20.0,9.0,218.11,218.11,2022-01-20 09:00:00
2022,1.0,20.0,10.0,216.81,216.81,2022-01-20 10:00:00
2022,1.0,20.0,11.0,206.41,206.41,2022-01-20 11:00:00
2022,1.0,20.0,12.0,185.21,185.21,2022-01-20 12:00:00
2022,1.0,20.0,13.0,172.66,172.66,2022-01-20 13:00:00
2022,1.0,20.0,14.0,172.01,172.01,2022-01-20 14:00:00
2022,1.0,20.0,15.0,163.11,163.11,2022-01-20 15:00:00
2022,1.0,20.0,16.0,160.69,160.69,2022-01-20 16:00:00
2022,1.0,20.0,17.0,164.05,164.05,2022-01-20 17:00:00
2022,1.0,20.0,18.0,202.51,202.51,2022-01-20 18:00:00
2022,1.0,20.0,19.0,215.51,215.51,2022-01-20 19:00:00
2022,1.0,20.0,20.0,239.38,239.38,2022-01-20 20:00:00
2022,1.0,20.0,21.0,220.63,220.63,2022-01-20 21:00:00
2022,1.0,20.0,22.0,209.01,209.01,2022-01-20 22:00:00
2022,1.0,20.0,23.0,186.44,186.44,2022-01-20 23:00:00
2022,1.0,20.0,24.0,176.44,176.44,2022-01-21 00:00:00
2022,1.0,21.0,1.0,180.0,180.0,2022-01-21 01:00:00
2022,1.0,21.0,2.0,162.97,162.97,2022-01-21 02:00:00
2022,1.0,21.0,3.0,159.5,159.5,2022-01-21 03:00:00
2022,1.0,21.0,4.0,154.7,154.7,2022-01-21 04:00:00
2022,1.0,21.0,5.0,154.7,154.7,2022-01-21 05:00:00
2022,1.0,21.0,6.0,159.4,159.4,2022-01-21 06:00:00
2022,1.0,21.0,7.0,161.1,161.1,2022-01-21 07:00:00
2022,1.0,21.0,8.0,185.0,185.0,2022-01-21 08:00:00
2022,1.0,21.0,9.0,205.22,205.22,2022-01-21 09:00:00
2022,1.0,21.0,10.0,204.3,204.3,2022-01-21 10:00:00
2022,1.0,21.0,11.0,184.57,184.57,2022-01-21 11:00:00
2022,1.0,21.0,12.0,162.97,162.97,2022-01-21 12:00:00
2022,1.0,21.0,13.0,161.52,161.52,2022-01-21 13:00:00
2022,1.0,21.0,14.0,161.8,161.8,2022-01-21 14:00:00
2022,1.0,21.0,15.0,161.1,161.1,2022-01-21 15:00:00
2022,1.0,21.0,16.0,160.0,160.0,2022-01-21 16:00:00
2022,1.0,21.0,17.0,162.97,162.97,2022-01-21 17:00:00
2022,1.0,21.0,18.0,184.67,184.67,2022-01-21 18:00:00
2022,1.0,21.0,19.0,206.15,206.15,2022-01-21 19:00:00
2022,1.0,21.0,20.0,214.7,214.7,2022-01-21 20:00:00
2022,1.0,21.0,21.0,214.68,214.68,2022-01-21 21:00:00
2022,1.0,21.0,22.0,209.57,209.57,2022-01-21 22:00:00
2022,1.0,21.0,23.0,201.7,201.7,2022-01-21 23:00:00
2022,1.0,21.0,24.0,184.86,184.86,2022-01-22 00:00:00
2022,1.0,22.0,1.0,192.89,192.89,2022-01-22 01:00:00
2022,1.0,22.0,2.0,175.0,175.0,2022-01-22 02:00:00
2022,1.0,22.0,3.0,168.46,168.46,2022-01-22 03:00:00
2022,1.0,22.0,4.0,166.9,166.9,2022-01-22 04:00:00
2022,1.0,22.0,5.0,167.0,167.0,2022-01-22 05:00:00
2022,1.0,22.0,6.0,168.0,168.0,2022-01-22 06:00:00
2022,1.0,22.0,7.0,169.94,169.94,2022-01-22 07:00:00
2022,1.0,22.0,8.0,169.94,169.94,2022-01-22 08:00:00
2022,1.0,22.0,9.0,168.98,168.98,2022-01-22 09:00:00
2022,1.0,22.0,10.0,182.3,182.3,2022-01-22 10:00:00
2022,1.0,22.0,11.0,188.29,188.29,2022-01-22 11:00:00
2022,1.0,22.0,12.0,184.0,184.0,2022-01-22 12:00:00
2022,1.0,22.0,13.0,184.39,184.39,2022-01-22 13:00:00
2022,1.0,22.0,14.0,191.05,191.05,2022-01-22 14:00:00
2022,1.0,22.0,15.0,189.99,189.99,2022-01-22 15:00:00
2022,1.0,22.0,16.0,191.5,191.5,2022-01-22 16:00:00
2022,1.0,22.0,17.0,193.9,193.9,2022-01-22 17:00:00
2022,1.0,22.0,18.0,204.99,204.99,2022-01-22 18:00:00
2022,1.0,22.0,19.0,227.41,227.41,2022-01-22 19:00:00
2022,1.0,22.0,20.0,245.27,245.27,2022-01-22 20:00:00
2022,1.0,22.0,21.0,227.75,227.75,2022-01-22 21:00:00
2022,1.0,22.0,22.0,212.0,212.0,2022-01-22 22:00:00
2022,1.0,22.0,23.0,203.0,203.0,2022-01-22 23:00:00
2022,1.0,22.0,24.0,197.0,197.0,2022-01-23 00:00:00
2022,1.0,23.0,1.0,197.14,197.14,2022-01-23 01:00:00
2022,1.0,23.0,2.0,190.0,190.0,2022-01-23 02:00:00
2022,1.0,23.0,3.0,187.98,187.98,2022-01-23 03:00:00
2022,1.0,23.0,4.0,179.73,179.73,2022-01-23 04:00:00
2022,1.0,23.0,5.0,179.04,179.04,2022-01-23 05:00:00
2022,1.0,23.0,6.0,179.49,179.49,2022-01-23 06:00:00
2022,1.0,23.0,7.0,179.93,179.93,2022-01-23 07:00:00
2022,1.0,23.0,8.0,189.99,189.99,2022-01-23 08:00:00
2022,1.0,23.0,9.0,190.0,190.0,2022-01-23 09:00:00
2022,1.0,23.0,10.0,195.31,195.31,2022-01-23 10:00:00
2022,1.0,23.0,11.0,195.34,195.34,2022-01-23 11:00:00
2022,1.0,23.0,12.0,195.87,195.87,2022-01-23 12:00:00
2022,1.0,23.0,13.0,195.41,195.41,2022-01-23 13:00:00
2022,1.0,23.0,14.0,186.29,186.29,2022-01-23 14:00:00
2022,1.0,23.0,15.0,184.49,184.49,2022-01-23 15:00:00
2022,1.0,23.0,16.0,190.0,190.0,2022-01-23 16:00:00
2022,1.0,23.0,17.0,194.0,194.0,2022-01-23 17:00:00
2022,1.0,23.0,18.0,214.95,214.95,2022-01-23 18:00:00
2022,1.0,23.0,19.0,239.49,239.49,2022-01-23 19:00:00
2022,1.0,23.0,20.0,244.31,244.31,2022-01-23 20:00:00
2022,1.0,23.0,21.0,249.0,249.0,2022-01-23 21:00:00
2022,1.0,23.0,22.0,247.3,247.3,2022-01-23 22:00:00
2022,1.0,23.0,23.0,222.8,222.8,2022-01-23 23:00:00
2022,1.0,23.0,24.0,204.3,204.3,2022-01-24 00:00:00
2022,1.0,24.0,1.0,190.27,190.27,2022-01-24 01:00:00
2022,1.0,24.0,2.0,179.97,179.97,2022-01-24 02:00:00
2022,1.0,24.0,3.0,178.99,178.99,2022-01-24 03:00:00
2022,1.0,24.0,4.0,177.46,177.46,2022-01-24 04:00:00
2022,1.0,24.0,5.0,177.61,177.61,2022-01-24 05:00:00
2022,1.0,24.0,6.0,190.0,190.0,2022-01-24 06:00:00
2022,1.0,24.0,7.0,224.83,224.83,2022-01-24 07:00:00
2022,1.0,24.0,8.0,237.53,237.53,2022-01-24 08:00:00
2022,1.0,24.0,9.0,243.47,243.47,2022-01-24 09:00:00
2022,1.0,24.0,10.0,243.47,243.47,2022-01-24 10:00:00
2022,1.0,24.0,11.0,239.52,239.52,2022-01-24 11:00:00
2022,1.0,24.0,12.0,233.99,233.99,2022-01-24 12:00:00
2022,1.0,24.0,13.0,231.21,231.21,2022-01-24 13:00:00
2022,1.0,24.0,14.0,230.63,230.63,2022-01-24 14:00:00
2022,1.0,24.0,15.0,229.4,229.4,2022-01-24 15:00:00
2022,1.0,24.0,16.0,230.5,230.5,2022-01-24 16:00:00
2022,1.0,24.0,17.0,231.77,231.77,2022-01-24 17:00:00
2022,1.0,24.0,18.0,240.0,240.0,2022-01-24 18:00:00
2022,1.0,24.0,19.0,265.0,265.0,2022-01-24 19:00:00
2022,1.0,24.0,20.0,297.33,297.33,2022-01-24 20:00:00
2022,1.0,24.0,21.0,274.98,274.98,2022-01-24 21:00:00
2022,1.0,24.0,22.0,250.0,250.0,2022-01-24 22:00:00
2022,1.0,24.0,23.0,235.02,235.02,2022-01-24 23:00:00
2022,1.0,24.0,24.0,215.02,215.02,2022-01-25 00:00:00
2022,1.0,25.0,1.0,220.27,220.27,2022-01-25 01:00:00
2022,1.0,25.0,2.0,212.9,212.9,2022-01-25 02:00:00
2022,1.0,25.0,3.0,203.75,203.75,2022-01-25 03:00:00
2022,1.0,25.0,4.0,196.24,196.24,2022-01-25 04:00:00
2022,1.0,25.0,5.0,198.89,198.89,2022-01-25 05:00:00
2022,1.0,25.0,6.0,215.01,215.01,2022-01-25 06:00:00
2022,1.0,25.0,7.0,225.0,225.0,2022-01-25 07:00:00
2022,1.0,25.0,8.0,228.36,228.36,2022-01-25 08:00:00
2022,1.0,25.0,9.0,236.4,236.4,2022-01-25 09:00:00
2022,1.0,25.0,10.0,235.1,235.1,2022-01-25 10:00:00
2022,1.0,25.0,11.0,227.41,227.41,2022-01-25 11:00:00
2022,1.0,25.0,12.0,222.8,222.8,2022-01-25 12:00:00
2022,1.0,25.0,13.0,219.5,219.5,2022-01-25 13:00:00
2022,1.0,25.0,14.0,216.53,216.53,2022-01-25 14:00:00
2022,1.0,25.0,15.0,216.31,216.31,2022-01-25 15:00:00
2022,1.0,25.0,16.0,219.89,219.89,2022-01-25 16:00:00
2022,1.0,25.0,17.0,226.0,226.0,2022-01-25 17:00:00
2022,1.0,25.0,18.0,231.02,231.02,2022-01-25 18:00:00
2022,1.0,25.0,19.0,239.1,239.1,2022-01-25 19:00:00
2022,1.0,25.0,20.0,248.53,248.53,2022-01-25 20:00:00
2022,1.0,25.0,21.0,256.36,256.36,2022-01-25 21:00:00
2022,1.0,25.0,22.0,242.0,242.0,2022-01-25 22:00:00
2022,1.0,25.0,23.0,229.9,229.9,2022-01-25 23:00:00
2022,1.0,25.0,24.0,214.41,214.41,2022-01-26 00:00:00
2022,1.0,26.0,1.0,244.86,244.86,2022-01-26 01:00:00
2022,1.0,26.0,2.0,235.0,235.0,2022-01-26 02:00:00
2022,1.0,26.0,3.0,231.86,231.86,2022-01-26 03:00:00
2022,1.0,26.0,4.0,228.0,228.0,2022-01-26 04:00:00
2022,1.0,26.0,5.0,225.01,225.01,2022-01-26 05:00:00
2022,1.0,26.0,6.0,233.16,233.16,2022-01-26 06:00:00
2022,1.0,26.0,7.0,233.16,233.16,2022-01-26 07:00:00
2022,1.0,26.0,8.0,238.57,238.57,2022-01-26 08:00:00
2022,1.0,26.0,9.0,243.97,243.97,2022-01-26 09:00:00
2022,1.0,26.0,10.0,243.97,243.97,2022-01-26 10:00:00
2022,1.0,26.0,11.0,239.66,239.66,2022-01-26 11:00:00
2022,1.0,26.0,12.0,237.81,237.81,2022-01-26 12:00:00
2022,1.0,26.0,13.0,234.69,234.69,2022-01-26 13:00:00
2022,1.0,26.0,14.0,233.16,233.16,2022-01-26 14:00:00
2022,1.0,26.0,15.0,229.47,229.47,2022-01-26 15:00:00
2022,1.0,26.0,16.0,229.17,229.17,2022-01-26 16:00:00
2022,1.0,26.0,17.0,234.18,234.18,2022-01-26 17:00:00
2022,1.0,26.0,18.0,237.92,237.92,2022-01-26 18:00:00
2022,1.0,26.0,19.0,243.97,243.97,2022-01-26 19:00:00
2022,1.0,26.0,20.0,248.76,248.76,2022-01-26 20:00:00
2022,1.0,26.0,21.0,250.0,250.0,2022-01-26 21:00:00
2022,1.0,26.0,22.0,243.97,243.97,2022-01-26 22:00:00
2022,1.0,26.0,23.0,235.92,235.92,2022-01-26 23:00:00
2022,1.0,26.0,24.0,226.27,226.27,2022-01-27 00:00:00
2022,1.0,27.0,1.0,238.4,238.4,2022-01-27 01:00:00
2022,1.0,27.0,2.0,229.89,229.89,2022-01-27 02:00:00
2022,1.0,27.0,3.0,229.0,229.0,2022-01-27 03:00:00
2022,1.0,27.0,4.0,221.4,221.4,2022-01-27 04:00:00
2022,1.0,27.0,5.0,219.0,219.0,2022-01-27 05:00:00
2022,1.0,27.0,6.0,220.0,220.0,2022-01-27 06:00:00
2022,1.0,27.0,7.0,223.66,223.66,2022-01-27 07:00:00
2022,1.0,27.0,8.0,237.0,237.0,2022-01-27 08:00:00
2022,1.0,27.0,9.0,248.8,248.8,2022-01-27 09:00:00
2022,1.0,27.0,10.0,248.8,248.8,2022-01-27 10:00:00
2022,1.0,27.0,11.0,238.1,238.1,2022-01-27 11:00:00
2022,1.0,27.0,12.0,229.89,229.89,2022-01-27 12:00:00
2022,1.0,27.0,13.0,230.5,230.5,2022-01-27 13:00:00
2022,1.0,27.0,14.0,231.0,231.0,2022-01-27 14:00:00
2022,1.0,27.0,15.0,226.6,226.6,2022-01-27 15:00:00
2022,1.0,27.0,16.0,225.0,225.0,2022-01-27 16:00:00
2022,1.0,27.0,17.0,229.5,229.5,2022-01-27 17:00:00
2022,1.0,27.0,18.0,237.0,237.0,2022-01-27 18:00:00
2022,1.0,27.0,19.0,244.0,244.0,2022-01-27 19:00:00
2022,1.0,27.0,20.0,249.01,249.01,2022-01-27 20:00:00
2022,1.0,27.0,21.0,248.35,248.35,2022-01-27 21:00:00
2022,1.0,27.0,22.0,237.0,237.0,2022-01-27 22:00:00
2022,1.0,27.0,23.0,215.75,215.75,2022-01-27 23:00:00
2022,1.0,27.0,24.0,222.4,222.4,2022-01-28 00:00:00
2022,1.0,28.0,1.0,232.13,232.13,2022-01-28 01:00:00
2022,1.0,28.0,2.0,220.0,220.0,2022-01-28 02:00:00
2022,1.0,28.0,3.0,209.1,209.1,2022-01-28 03:00:00
2022,1.0,28.0,4.0,199.5,199.5,2022-01-28 04:00:00
2022,1.0,28.0,5.0,190.0,190.0,2022-01-28 05:00:00
2022,1.0,28.0,6.0,204.5,204.5,2022-01-28 06:00:00
2022,1.0,28.0,7.0,223.8,223.8,2022-01-28 07:00:00
2022,1.0,28.0,8.0,243.17,243.17,2022-01-28 08:00:00
2022,1.0,28.0,9.0,250.73,250.73,2022-01-28 09:00:00
2022,1.0,28.0,10.0,246.03,246.03,2022-01-28 10:00:00
2022,1.0,28.0,11.0,230.29,230.29,2022-01-28 11:00:00
2022,1.0,28.0,12.0,221.53,221.53,2022-01-28 12:00:00
2022,1.0,28.0,13.0,217.46,217.46,2022-01-28 13:00:00
2022,1.0,28.0,14.0,211.88,211.88,2022-01-28 14:00:00
2022,1.0,28.0,15.0,193.61,193.61,2022-01-28 15:00:00
2022,1.0,28.0,16.0,203.42,203.42,2022-01-28 16:00:00
2022,1.0,28.0,17.0,215.01,215.01,2022-01-28 17:00:00
2022,1.0,28.0,18.0,237.45,237.45,2022-01-28 18:00:00
2022,1.0,28.0,19.0,249.2,249.2,2022-01-28 19:00:00
2022,1.0,28.0,20.0,255.38,255.38,2022-01-28 20:00:00
2022,1.0,28.0,21.0,250.0,250.0,2022-01-28 21:00:00
2022,1.0,28.0,22.0,238.88,238.88,2022-01-28 22:00:00
2022,1.0,28.0,23.0,229.05,229.05,2022-01-28 23:00:00
2022,1.0,28.0,24.0,217.99,217.99,2022-01-29 00:00:00
2022,1.0,29.0,1.0,228.06,228.06,2022-01-29 01:00:00
2022,1.0,29.0,2.0,216.52,216.52,2022-01-29 02:00:00
2022,1.0,29.0,3.0,199.56,199.56,2022-01-29 03:00:00
2022,1.0,29.0,4.0,204.94,204.94,2022-01-29 04:00:00
2022,1.0,29.0,5.0,202.12,202.12,2022-01-29 05:00:00
2022,1.0,29.0,6.0,196.98,196.98,2022-01-29 06:00:00
2022,1.0,29.0,7.0,208.12,208.12,2022-01-29 07:00:00
2022,1.0,29.0,8.0,224.53,224.53,2022-01-29 08:00:00
2022,1.0,29.0,9.0,238.74,238.74,2022-01-29 09:00:00
2022,1.0,29.0,10.0,235.88,235.88,2022-01-29 10:00:00
2022,1.0,29.0,11.0,236.02,236.02,2022-01-29 11:00:00
2022,1.0,29.0,12.0,220.87,220.87,2022-01-29 12:00:00
2022,1.0,29.0,13.0,217.41,217.41,2022-01-29 13:00:00
2022,1.0,29.0,14.0,212.19,212.19,2022-01-29 14:00:00
2022,1.0,29.0,15.0,206.99,206.99,2022-01-29 15:00:00
2022,1.0,29.0,16.0,181.97,181.97,2022-01-29 16:00:00
2022,1.0,29.0,17.0,182.25,182.25,2022-01-29 17:00:00
2022,1.0,29.0,18.0,221.53,221.53,2022-01-29 18:00:00
2022,1.0,29.0,19.0,247.0,247.0,2022-01-29 19:00:00
2022,1.0,29.0,20.0,263.03,263.03,2022-01-29 20:00:00
2022,1.0,29.0,21.0,259.94,259.94,2022-01-29 21:00:00
2022,1.0,29.0,22.0,259.94,259.94,2022-01-29 22:00:00
2022,1.0,29.0,23.0,250.73,250.73,2022-01-29 23:00:00
2022,1.0,29.0,24.0,245.2,245.2,2022-01-30 00:00:00
2022,1.0,30.0,1.0,234.5,234.5,2022-01-30 01:00:00
2022,1.0,30.0,2.0,220.58,220.58,2022-01-30 02:00:00
2022,1.0,30.0,3.0,216.0,216.0,2022-01-30 03:00:00
2022,1.0,30.0,4.0,207.63,207.63,2022-01-30 04:00:00
2022,1.0,30.0,5.0,206.5,206.5,2022-01-30 05:00:00
2022,1.0,30.0,6.0,211.34,211.34,2022-01-30 06:00:00
2022,1.0,30.0,7.0,214.0,214.0,2022-01-30 07:00:00
2022,1.0,30.0,8.0,223.0,223.0,2022-01-30 08:00:00
2022,1.0,30.0,9.0,218.0,218.0,2022-01-30 09:00:00
2022,1.0,30.0,10.0,229.0,229.0,2022-01-30 10:00:00
2022,1.0,30.0,11.0,223.53,223.53,2022-01-30 11:00:00
2022,1.0,30.0,12.0,231.2,231.2,2022-01-30 12:00:00
2022,1.0,30.0,13.0,234.89,234.89,2022-01-30 13:00:00
2022,1.0,30.0,14.0,221.86,221.86,2022-01-30 14:00:00
2022,1.0,30.0,15.0,214.01,214.01,2022-01-30 15:00:00
2022,1.0,30.0,16.0,209.03,209.03,2022-01-30 16:00:00
2022,1.0,30.0,17.0,220.0,220.0,2022-01-30 17:00:00
2022,1.0,30.0,18.0,229.0,229.0,2022-01-30 18:00:00
2022,1.0,30.0,19.0,261.5,261.5,2022-01-30 19:00:00
2022,1.0,30.0,20.0,263.39,263.39,2022-01-30 20:00:00
2022,1.0,30.0,21.0,268.65,268.65,2022-01-30 21:00:00
2022,1.0,30.0,22.0,266.01,266.01,2022-01-30 22:00:00
2022,1.0,30.0,23.0,257.55,257.55,2022-01-30 23:00:00
2022,1.0,30.0,24.0,250.94,250.94,2022-01-31 00:00:00
2022,1.0,31.0,1.0,242.36,242.36,2022-01-31 01:00:00
2022,1.0,31.0,2.0,222.0,222.0,2022-01-31 02:00:00
2022,1.0,31.0,3.0,193.43,193.43,2022-01-31 03:00:00
2022,1.0,31.0,4.0,192.49,179.75,2022-01-31 04:00:00
2022,1.0,31.0,5.0,190.0,167.8,2022-01-31 05:00:00
2022,1.0,31.0,6.0,184.16,167.8,2022-01-31 06:00:00
2022,1.0,31.0,7.0,193.09,193.09,2022-01-31 07:00:00
2022,1.0,31.0,8.0,240.0,240.0,2022-01-31 08:00:00
2022,1.0,31.0,9.0,251.24,251.24,2022-01-31 09:00:00
2022,1.0,31.0,10.0,251.92,251.92,2022-01-31 10:00:00
2022,1.0,31.0,11.0,248.08,248.08,2022-01-31 11:00:00
2022,1.0,31.0,12.0,243.21,243.21,2022-01-31 12:00:00
2022,1.0,31.0,13.0,237.81,237.81,2022-01-31 13:00:00
2022,1.0,31.0,14.0,221.57,221.57,2022-01-31 14:00:00
2022,1.0,31.0,15.0,207.22,207.22,2022-01-31 15:00:00
2022,1.0,31.0,16.0,193.81,193.81,2022-01-31 16:00:00
2022,1.0,31.0,17.0,195.13,195.13,2022-01-31 17:00:00
2022,1.0,31.0,18.0,240.67,240.67,2022-01-31 18:00:00
2022,1.0,31.0,19.0,253.8,253.8,2022-01-31 19:00:00
2022,1.0,31.0,20.0,260.0,260.0,2022-01-31 20:00:00
2022,1.0,31.0,21.0,252.22,252.22,2022-01-31 21:00:00
2022,1.0,31.0,22.0,240.0,240.0,2022-01-31 22:00:00
2022,1.0,31.0,23.0,218.69,218.69,2022-01-31 23:00:00
2022,1.0,31.0,24.0,202.01,202.01,2022-02-01 00:00:00
2022,2.0,1.0,1.0,208.4,208.4,2022-02-01 01:00:00
2022,2.0,1.0,2.0,191.95,191.95,2022-02-01 02:00:00
2022,2.0,1.0,3.0,191.65,191.65,2022-02-01 03:00:00
2022,2.0,1.0,4.0,186.1,186.1,2022-02-01 04:00:00
2022,2.0,1.0,5.0,169.97,169.97,2022-02-01 05:00:00
2022,2.0,1.0,6.0,181.0,181.0,2022-02-01 06:00:00
2022,2.0,1.0,7.0,191.94,191.94,2022-02-01 07:00:00
2022,2.0,1.0,8.0,227.0,227.0,2022-02-01 08:00:00
2022,2.0,1.0,9.0,250.0,250.0,2022-02-01 09:00:00
2022,2.0,1.0,10.0,233.19,233.19,2022-02-01 10:00:00
2022,2.0,1.0,11.0,196.84,196.84,2022-02-01 11:00:00
2022,2.0,1.0,12.0,191.65,191.65,2022-02-01 12:00:00
2022,2.0,1.0,13.0,191.1,191.1,2022-02-01 13:00:00
2022,2.0,1.0,14.0,190.02,190.02,2022-02-01 14:00:00
2022,2.0,1.0,15.0,191.09,191.09,2022-02-01 15:00:00
2022,2.0,1.0,16.0,171.89,171.89,2022-02-01 16:00:00
2022,2.0,1.0,17.0,190.96,190.96,2022-02-01 17:00:00
2022,2.0,1.0,18.0,216.88,216.88,2022-02-01 18:00:00
2022,2.0,1.0,19.0,245.01,245.01,2022-02-01 19:00:00
2022,2.0,1.0,20.0,253.0,253.0,2022-02-01 20:00:00
2022,2.0,1.0,21.0,251.87,251.87,2022-02-01 21:00:00
2022,2.0,1.0,22.0,226.04,226.04,2022-02-01 22:00:00
2022,2.0,1.0,23.0,207.14,207.14,2022-02-01 23:00:00
2022,2.0,1.0,24.0,202.3,202.3,2022-02-02 00:00:00
2022,2.0,2.0,1.0,184.75,184.75,2022-02-02 01:00:00
2022,2.0,2.0,2.0,178.69,178.69,2022-02-02 02:00:00
2022,2.0,2.0,3.0,170.1,170.1,2022-02-02 03:00:00
2022,2.0,2.0,4.0,168.08,168.08,2022-02-02 04:00:00
2022,2.0,2.0,5.0,169.53,169.53,2022-02-02 05:00:00
2022,2.0,2.0,6.0,174.97,174.97,2022-02-02 06:00:00
2022,2.0,2.0,7.0,182.0,182.0,2022-02-02 07:00:00
2022,2.0,2.0,8.0,220.72,220.72,2022-02-02 08:00:00
2022,2.0,2.0,9.0,223.5,223.5,2022-02-02 09:00:00
2022,2.0,2.0,10.0,225.02,225.02,2022-02-02 10:00:00
2022,2.0,2.0,11.0,207.27,207.27,2022-02-02 11:00:00
2022,2.0,2.0,12.0,193.94,193.94,2022-02-02 12:00:00
2022,2.0,2.0,13.0,196.3,196.3,2022-02-02 13:00:00
2022,2.0,2.0,14.0,195.0,195.0,2022-02-02 14:00:00
2022,2.0,2.0,15.0,193.94,193.94,2022-02-02 15:00:00
2022,2.0,2.0,16.0,193.09,193.09,2022-02-02 16:00:00
2022,2.0,2.0,17.0,201.53,201.53,2022-02-02 17:00:00
2022,2.0,2.0,18.0,238.01,238.01,2022-02-02 18:00:00
2022,2.0,2.0,19.0,266.9,266.9,2022-02-02 19:00:00
2022,2.0,2.0,20.0,267.88,267.88,2022-02-02 20:00:00
2022,2.0,2.0,21.0,270.09,270.09,2022-02-02 21:00:00
2022,2.0,2.0,22.0,267.97,267.97,2022-02-02 22:00:00
2022,2.0,2.0,23.0,239.95,239.95,2022-02-02 23:00:00
2022,2.0,2.0,24.0,215.0,215.0,2022-02-03 00:00:00
2022,2.0,3.0,1.0,215.0,215.0,2022-02-03 01:00:00
2022,2.0,3.0,2.0,189.09,189.09,2022-02-03 02:00:00
2022,2.0,3.0,3.0,182.37,182.37,2022-02-03 03:00:00
2022,2.0,3.0,4.0,178.3,178.3,2022-02-03 04:00:00
2022,2.0,3.0,5.0,173.25,173.25,2022-02-03 05:00:00
2022,2.0,3.0,6.0,181.5,181.5,2022-02-03 06:00:00
2022,2.0,3.0,7.0,193.21,193.21,2022-02-03 07:00:00
2022,2.0,3.0,8.0,232.74,232.74,2022-02-03 08:00:00
2022,2.0,3.0,9.0,246.0,246.0,2022-02-03 09:00:00
2022,2.0,3.0,10.0,231.79,231.79,2022-02-03 10:00:00
2022,2.0,3.0,11.0,213.26,213.26,2022-02-03 11:00:00
2022,2.0,3.0,12.0,209.0,209.0,2022-02-03 12:00:00
2022,2.0,3.0,13.0,199.1,199.1,2022-02-03 13:00:00
2022,2.0,3.0,14.0,192.68,192.68,2022-02-03 14:00:00
2022,2.0,3.0,15.0,189.95,189.95,2022-02-03 15:00:00
2022,2.0,3.0,16.0,189.94,189.94,2022-02-03 16:00:00
2022,2.0,3.0,17.0,200.0,200.0,2022-02-03 17:00:00
2022,2.0,3.0,18.0,224.15,224.15,2022-02-03 18:00:00
2022,2.0,3.0,19.0,237.72,237.72,2022-02-03 19:00:00
2022,2.0,3.0,20.0,245.68,245.68,2022-02-03 20:00:00
2022,2.0,3.0,21.0,240.0,240.0,2022-02-03 21:00:00
2022,2.0,3.0,22.0,225.01,225.01,2022-02-03 22:00:00
2022,2.0,3.0,23.0,204.88,204.88,2022-02-03 23:00:00
2022,2.0,3.0,24.0,194.74,194.74,2022-02-04 00:00:00
2022,2.0,4.0,1.0,197.0,197.0,2022-02-04 01:00:00
2022,2.0,4.0,2.0,181.32,181.32,2022-02-04 02:00:00
2022,2.0,4.0,3.0,179.34,179.34,2022-02-04 03:00:00
2022,2.0,4.0,4.0,167.44,167.44,2022-02-04 04:00:00
2022,2.0,4.0,5.0,166.59,166.59,2022-02-04 05:00:00
2022,2.0,4.0,6.0,167.44,167.44,2022-02-04 06:00:00
2022,2.0,4.0,7.0,180.05,180.05,2022-02-04 07:00:00
2022,2.0,4.0,8.0,217.32,217.32,2022-02-04 08:00:00
2022,2.0,4.0,9.0,227.87,227.87,2022-02-04 09:00:00
2022,2.0,4.0,10.0,227.87,227.87,2022-02-04 10:00:00
2022,2.0,4.0,11.0,220.72,220.72,2022-02-04 11:00:00
2022,2.0,4.0,12.0,200.03,200.03,2022-02-04 12:00:00
2022,2.0,4.0,13.0,190.0,190.0,2022-02-04 13:00:00
2022,2.0,4.0,14.0,179.85,179.85,2022-02-04 14:00:00
2022,2.0,4.0,15.0,179.95,179.95,2022-02-04 15:00:00
2022,2.0,4.0,16.0,174.54,174.54,2022-02-04 16:00:00
2022,2.0,4.0,17.0,179.55,179.55,2022-02-04 17:00:00
2022,2.0,4.0,18.0,196.31,196.31,2022-02-04 18:00:00
2022,2.0,4.0,19.0,218.63,218.63,2022-02-04 19:00:00
2022,2.0,4.0,20.0,233.34,233.34,2022-02-04 20:00:00
2022,2.0,4.0,21.0,227.66,227.66,2022-02-04 21:00:00
2022,2.0,4.0,22.0,223.58,223.58,2022-02-04 22:00:00
2022,2.0,4.0,23.0,204.74,204.74,2022-02-04 23:00:00
2022,2.0,4.0,24.0,187.49,187.49,2022-02-05 00:00:00
2022,2.0,5.0,1.0,217.32,217.32,2022-02-05 01:00:00
2022,2.0,5.0,2.0,215.0,215.0,2022-02-05 02:00:00
2022,2.0,5.0,3.0,190.2,190.2,2022-02-05 03:00:00
2022,2.0,5.0,4.0,189.5,189.5,2022-02-05 04:00:00
2022,2.0,5.0,5.0,182.02,182.02,2022-02-05 05:00:00
2022,2.0,5.0,6.0,181.42,181.42,2022-02-05 06:00:00
2022,2.0,5.0,7.0,190.05,190.05,2022-02-05 07:00:00
2022,2.0,5.0,8.0,190.98,190.98,2022-02-05 08:00:00
2022,2.0,5.0,9.0,214.04,214.04,2022-02-05 09:00:00
2022,2.0,5.0,10.0,210.01,210.01,2022-02-05 10:00:00
2022,2.0,5.0,11.0,216.43,216.43,2022-02-05 11:00:00
2022,2.0,5.0,12.0,189.95,189.95,2022-02-05 12:00:00
2022,2.0,5.0,13.0,190.15,190.15,2022-02-05 13:00:00
2022,2.0,5.0,14.0,189.0,189.0,2022-02-05 14:00:00
2022,2.0,5.0,15.0,174.9,174.9,2022-02-05 15:00:00
2022,2.0,5.0,16.0,170.47,170.47,2022-02-05 16:00:00
2022,2.0,5.0,17.0,173.95,173.95,2022-02-05 17:00:00
2022,2.0,5.0,18.0,178.28,178.28,2022-02-05 18:00:00
2022,2.0,5.0,19.0,223.01,223.01,2022-02-05 19:00:00
2022,2.0,5.0,20.0,226.5,226.5,2022-02-05 20:00:00
2022,2.0,5.0,21.0,225.0,225.0,2022-02-05 21:00:00
2022,2.0,5.0,22.0,223.01,223.01,2022-02-05 22:00:00
2022,2.0,5.0,23.0,210.0,210.0,2022-02-05 23:00:00
2022,2.0,5.0,24.0,189.75,189.75,2022-02-06 00:00:00
2022,2.0,6.0,1.0,189.7,189.7,2022-02-06 01:00:00
2022,2.0,6.0,2.0,178.85,178.85,2022-02-06 02:00:00
2022,2.0,6.0,3.0,177.6,177.6,2022-02-06 03:00:00
2022,2.0,6.0,4.0,176.09,176.09,2022-02-06 04:00:00
2022,2.0,6.0,5.0,173.44,173.44,2022-02-06 05:00:00
2022,2.0,6.0,6.0,177.6,177.6,2022-02-06 06:00:00
2022,2.0,6.0,7.0,179.05,179.05,2022-02-06 07:00:00
2022,2.0,6.0,8.0,179.35,179.35,2022-02-06 08:00:00
2022,2.0,6.0,9.0,179.35,179.35,2022-02-06 09:00:00
2022,2.0,6.0,10.0,179.25,179.25,2022-02-06 10:00:00
2022,2.0,6.0,11.0,178.75,178.75,2022-02-06 11:00:00
2022,2.0,6.0,12.0,177.51,177.51,2022-02-06 12:00:00
2022,2.0,6.0,13.0,179.89,179.89,2022-02-06 13:00:00
2022,2.0,6.0,14.0,178.95,178.95,2022-02-06 14:00:00
2022,2.0,6.0,15.0,178.85,178.85,2022-02-06 15:00:00
2022,2.0,6.0,16.0,172.59,172.59,2022-02-06 16:00:00
2022,2.0,6.0,17.0,172.18,172.18,2022-02-06 17:00:00
2022,2.0,6.0,18.0,179.25,179.25,2022-02-06 18:00:00
2022,2.0,6.0,19.0,225.51,225.51,2022-02-06 19:00:00
2022,2.0,6.0,20.0,240.0,240.0,2022-02-06 20:00:00
2022,2.0,6.0,21.0,246.43,246.43,2022-02-06 21:00:00
2022,2.0,6.0,22.0,235.02,235.02,2022-02-06 22:00:00
2022,2.0,6.0,23.0,226.01,226.01,2022-02-06 23:00:00
2022,2.0,6.0,24.0,190.0,190.0,2022-02-07 00:00:00
2022,2.0,7.0,1.0,189.5,189.5,2022-02-07 01:00:00
2022,2.0,7.0,2.0,179.41,179.41,2022-02-07 02:00:00
2022,2.0,7.0,3.0,176.0,176.0,2022-02-07 03:00:00
2022,2.0,7.0,4.0,175.2,175.2,2022-02-07 04:00:00
2022,2.0,7.0,5.0,165.97,165.97,2022-02-07 05:00:00
2022,2.0,7.0,6.0,176.0,176.0,2022-02-07 06:00:00
2022,2.0,7.0,7.0,205.0,205.0,2022-02-07 07:00:00
2022,2.0,7.0,8.0,239.03,239.03,2022-02-07 08:00:00
2022,2.0,7.0,9.0,253.61,253.61,2022-02-07 09:00:00
2022,2.0,7.0,10.0,246.92,246.92,2022-02-07 10:00:00
2022,2.0,7.0,11.0,232.18,232.18,2022-02-07 11:00:00
2022,2.0,7.0,12.0,212.7,212.7,2022-02-07 12:00:00
2022,2.0,7.0,13.0,201.01,201.01,2022-02-07 13:00:00
2022,2.0,7.0,14.0,199.46,199.46,2022-02-07 14:00:00
2022,2.0,7.0,15.0,190.15,190.15,2022-02-07 15:00:00
2022,2.0,7.0,16.0,186.03,186.03,2022-02-07 16:00:00
2022,2.0,7.0,17.0,190.15,190.15,2022-02-07 17:00:00
2022,2.0,7.0,18.0,206.36,206.36,2022-02-07 18:00:00
2022,2.0,7.0,19.0,235.78,235.78,2022-02-07 19:00:00
2022,2.0,7.0,20.0,239.42,239.42,2022-02-07 20:00:00
2022,2.0,7.0,21.0,236.47,236.47,2022-02-07 21:00:00
2022,2.0,7.0,22.0,227.89,227.89,2022-02-07 22:00:00
2022,2.0,7.0,23.0,201.3,201.3,2022-02-07 23:00:00
2022,2.0,7.0,24.0,189.55,189.55,2022-02-08 00:00:00
2022,2.0,8.0,1.0,184.0,184.0,2022-02-08 01:00:00
2022,2.0,8.0,2.0,179.88,179.88,2022-02-08 02:00:00
2022,2.0,8.0,3.0,174.68,174.68,2022-02-08 03:00:00
2022,2.0,8.0,4.0,170.88,170.88,2022-02-08 04:00:00
2022,2.0,8.0,5.0,180.01,180.01,2022-02-08 05:00:00
2022,2.0,8.0,6.0,183.62,183.62,2022-02-08 06:00:00
2022,2.0,8.0,7.0,190.74,190.74,2022-02-08 07:00:00
2022,2.0,8.0,8.0,240.11,240.11,2022-02-08 08:00:00
2022,2.0,8.0,9.0,250.0,250.0,2022-02-08 09:00:00
2022,2.0,8.0,10.0,233.59,233.59,2022-02-08 10:00:00
2022,2.0,8.0,11.0,211.5,211.5,2022-02-08 11:00:00
2022,2.0,8.0,12.0,190.1,190.1,2022-02-08 12:00:00
2022,2.0,8.0,13.0,185.84,185.84,2022-02-08 13:00:00
2022,2.0,8.0,14.0,182.44,182.44,2022-02-08 14:00:00
2022,2.0,8.0,15.0,179.41,179.41,2022-02-08 15:00:00
2022,2.0,8.0,16.0,178.62,178.62,2022-02-08 16:00:00
2022,2.0,8.0,17.0,184.1,184.1,2022-02-08 17:00:00
2022,2.0,8.0,18.0,211.47,211.47,2022-02-08 18:00:00
2022,2.0,8.0,19.0,240.0,240.0,2022-02-08 19:00:00
2022,2.0,8.0,20.0,249.49,249.49,2022-02-08 20:00:00
2022,2.0,8.0,21.0,240.0,240.0,2022-02-08 21:00:00
2022,2.0,8.0,22.0,235.0,235.0,2022-02-08 22:00:00
2022,2.0,8.0,23.0,212.71,212.71,2022-02-08 23:00:00
2022,2.0,8.0,24.0,200.57,200.57,2022-02-09 00:00:00
2022,2.0,9.0,1.0,195.0,195.0,2022-02-09 01:00:00
2022,2.0,9.0,2.0,187.38,187.38,2022-02-09 02:00:00
2022,2.0,9.0,3.0,185.0,185.0,2022-02-09 03:00:00
2022,2.0,9.0,4.0,183.44,183.44,2022-02-09 04:00:00
2022,2.0,9.0,5.0,182.59,182.59,2022-02-09 05:00:00
2022,2.0,9.0,6.0,182.65,182.65,2022-02-09 06:00:00
2022,2.0,9.0,7.0,200.23,200.23,2022-02-09 07:00:00
2022,2.0,9.0,8.0,237.91,237.91,2022-02-09 08:00:00
2022,2.0,9.0,9.0,248.83,248.83,2022-02-09 09:00:00
2022,2.0,9.0,10.0,235.8,235.8,2022-02-09 10:00:00
2022,2.0,9.0,11.0,220.45,220.45,2022-02-09 11:00:00
2022,2.0,9.0,12.0,202.96,202.96,2022-02-09 12:00:00
2022,2.0,9.0,13.0,192.45,192.45,2022-02-09 13:00:00
2022,2.0,9.0,14.0,188.05,188.05,2022-02-09 14:00:00
2022,2.0,9.0,15.0,183.44,183.44,2022-02-09 15:00:00
2022,2.0,9.0,16.0,188.1,188.1,2022-02-09 16:00:00
2022,2.0,9.0,17.0,189.95,189.95,2022-02-09 17:00:00
2022,2.0,9.0,18.0,219.0,219.0,2022-02-09 18:00:00
2022,2.0,9.0,19.0,249.12,249.12,2022-02-09 19:00:00
2022,2.0,9.0,20.0,257.28,257.28,2022-02-09 20:00:00
2022,2.0,9.0,21.0,245.1,245.1,2022-02-09 21:00:00
2022,2.0,9.0,22.0,240.89,240.89,2022-02-09 22:00:00
2022,2.0,9.0,23.0,229.97,229.97,2022-02-09 23:00:00
2022,2.0,9.0,24.0,207.0,207.0,2022-02-10 00:00:00
2022,2.0,10.0,1.0,233.71,206.35,2022-02-10 01:00:00
2022,2.0,10.0,2.0,211.43,192.61,2022-02-10 02:00:00
2022,2.0,10.0,3.0,194.33,185.1,2022-02-10 03:00:00
2022,2.0,10.0,4.0,177.45,172.23,2022-02-10 04:00:00
2022,2.0,10.0,5.0,174.85,174.85,2022-02-10 05:00:00
2022,2.0,10.0,6.0,175.15,175.15,2022-02-10 06:00:00
2022,2.0,10.0,7.0,203.2,203.2,2022-02-10 07:00:00
2022,2.0,10.0,8.0,233.46,233.46,2022-02-10 08:00:00
2022,2.0,10.0,9.0,240.32,240.32,2022-02-10 09:00:00
2022,2.0,10.0,10.0,233.96,230.16,2022-02-10 10:00:00
2022,2.0,10.0,11.0,233.96,216.24,2022-02-10 11:00:00
2022,2.0,10.0,12.0,206.55,206.55,2022-02-10 12:00:00
2022,2.0,10.0,13.0,193.23,193.23,2022-02-10 13:00:00
2022,2.0,10.0,14.0,180.14,180.14,2022-02-10 14:00:00
2022,2.0,10.0,15.0,177.45,177.45,2022-02-10 15:00:00
2022,2.0,10.0,16.0,184.55,184.55,2022-02-10 16:00:00
2022,2.0,10.0,17.0,195.98,195.98,2022-02-10 17:00:00
2022,2.0,10.0,18.0,215.77,215.77,2022-02-10 18:00:00
2022,2.0,10.0,19.0,238.0,238.0,2022-02-10 19:00:00
2022,2.0,10.0,20.0,248.01,248.01,2022-02-10 20:00:00
2022,2.0,10.0,21.0,235.01,235.01,2022-02-10 21:00:00
2022,2.0,10.0,22.0,226.8,226.8,2022-02-10 22:00:00
2022,2.0,10.0,23.0,209.99,209.99,2022-02-10 23:00:00
2022,2.0,10.0,24.0,195.71,195.71,2022-02-11 00:00:00
2022,2.0,11.0,1.0,199.03,199.03,2022-02-11 01:00:00
2022,2.0,11.0,2.0,178.85,178.85,2022-02-11 02:00:00
2022,2.0,11.0,3.0,175.05,175.05,2022-02-11 03:00:00
2022,2.0,11.0,4.0,167.2,167.2,2022-02-11 04:00:00
2022,2.0,11.0,5.0,165.0,165.0,2022-02-11 05:00:00
2022,2.0,11.0,6.0,171.3,171.3,2022-02-11 06:00:00
2022,2.0,11.0,7.0,196.95,196.95,2022-02-11 07:00:00
2022,2.0,11.0,8.0,220.04,220.04,2022-02-11 08:00:00
2022,2.0,11.0,9.0,229.7,229.7,2022-02-11 09:00:00
2022,2.0,11.0,10.0,223.92,223.92,2022-02-11 10:00:00
2022,2.0,11.0,11.0,207.83,207.83,2022-02-11 11:00:00
2022,2.0,11.0,12.0,191.5,191.5,2022-02-11 12:00:00
2022,2.0,11.0,13.0,174.95,174.95,2022-02-11 13:00:00
2022,2.0,11.0,14.0,174.5,174.5,2022-02-11 14:00:00
2022,2.0,11.0,15.0,174.55,174.55,2022-02-11 15:00:00
2022,2.0,11.0,16.0,172.54,172.54,2022-02-11 16:00:00
2022,2.0,11.0,17.0,176.99,176.99,2022-02-11 17:00:00
2022,2.0,11.0,18.0,206.96,206.96,2022-02-11 18:00:00
2022,2.0,11.0,19.0,226.8,226.8,2022-02-11 19:00:00
2022,2.0,11.0,20.0,241.18,241.18,2022-02-11 20:00:00
2022,2.0,11.0,21.0,221.31,221.31,2022-02-11 21:00:00
2022,2.0,11.0,22.0,216.0,216.0,2022-02-11 22:00:00
2022,2.0,11.0,23.0,205.79,205.79,2022-02-11 23:00:00
2022,2.0,11.0,24.0,197.89,197.89,2022-02-12 00:00:00
2022,2.0,12.0,1.0,212.17,212.17,2022-02-12 01:00:00
2022,2.0,12.0,2.0,211.1,211.1,2022-02-12 02:00:00
2022,2.0,12.0,3.0,205.89,205.89,2022-02-12 03:00:00
2022,2.0,12.0,4.0,203.08,203.08,2022-02-12 04:00:00
2022,2.0,12.0,5.0,200.47,200.47,2022-02-12 05:00:00
2022,2.0,12.0,6.0,194.91,194.91,2022-02-12 06:00:00
2022,2.0,12.0,7.0,199.03,199.03,2022-02-12 07:00:00
2022,2.0,12.0,8.0,207.43,207.43,2022-02-12 08:00:00
2022,2.0,12.0,9.0,210.89,210.89,2022-02-12 09:00:00
2022,2.0,12.0,10.0,211.17,211.17,2022-02-12 10:00:00
2022,2.0,12.0,11.0,203.23,203.23,2022-02-12 11:00:00
2022,2.0,12.0,12.0,184.74,184.74,2022-02-12 12:00:00
2022,2.0,12.0,13.0,179.99,179.99,2022-02-12 13:00:00
2022,2.0,12.0,14.0,171.0,171.0,2022-02-12 14:00:00
2022,2.0,12.0,15.0,168.39,168.39,2022-02-12 15:00:00
2022,2.0,12.0,16.0,166.79,166.79,2022-02-12 16:00:00
2022,2.0,12.0,17.0,171.56,171.56,2022-02-12 17:00:00
2022,2.0,12.0,18.0,194.89,194.89,2022-02-12 18:00:00
2022,2.0,12.0,19.0,212.52,212.52,2022-02-12 19:00:00
2022,2.0,12.0,20.0,231.55,231.55,2022-02-12 20:00:00
2022,2.0,12.0,21.0,220.0,220.0,2022-02-12 21:00:00
2022,2.0,12.0,22.0,214.89,214.89,2022-02-12 22:00:00
2022,2.0,12.0,23.0,204.89,204.89,2022-02-12 23:00:00
2022,2.0,12.0,24.0,193.94,193.94,2022-02-13 00:00:00
2022,2.0,13.0,1.0,220.0,220.0,2022-02-13 01:00:00
2022,2.0,13.0,2.0,214.23,214.23,2022-02-13 02:00:00
2022,2.0,13.0,3.0,210.89,210.89,2022-02-13 03:00:00
2022,2.0,13.0,4.0,187.0,187.0,2022-02-13 04:00:00
2022,2.0,13.0,5.0,192.43,169.0,2022-02-13 05:00:00
2022,2.0,13.0,6.0,170.85,169.4,2022-02-13 06:00:00
2022,2.0,13.0,7.0,170.84,170.3,2022-02-13 07:00:00
2022,2.0,13.0,8.0,191.08,191.08,2022-02-13 08:00:00
2022,2.0,13.0,9.0,169.5,169.5,2022-02-13 09:00:00
2022,2.0,13.0,10.0,169.8,169.8,2022-02-13 10:00:00
2022,2.0,13.0,11.0,163.34,163.34,2022-02-13 11:00:00
2022,2.0,13.0,12.0,155.11,148.3,2022-02-13 12:00:00
2022,2.0,13.0,13.0,148.2,148.2,2022-02-13 13:00:00
2022,2.0,13.0,14.0,117.92,117.92,2022-02-13 14:00:00
2022,2.0,13.0,15.0,70.0,70.0,2022-02-13 15:00:00
2022,2.0,13.0,16.0,93.07,93.07,2022-02-13 16:00:00
2022,2.0,13.0,17.0,104.77,104.77,2022-02-13 17:00:00
2022,2.0,13.0,18.0,123.9,123.9,2022-02-13 18:00:00
2022,2.0,13.0,19.0,164.59,164.59,2022-02-13 19:00:00
2022,2.0,13.0,20.0,181.92,181.92,2022-02-13 20:00:00
2022,2.0,13.0,21.0,205.01,205.01,2022-02-13 21:00:00
2022,2.0,13.0,22.0,205.01,205.01,2022-02-13 22:00:00
2022,2.0,13.0,23.0,170.84,170.84,2022-02-13 23:00:00
2022,2.0,13.0,24.0,168.99,168.99,2022-02-14 00:00:00
2022,2.0,14.0,1.0,153.57,153.57,2022-02-14 01:00:00
2022,2.0,14.0,2.0,150.0,150.0,2022-02-14 02:00:00
2022,2.0,14.0,3.0,142.49,142.49,2022-02-14 03:00:00
2022,2.0,14.0,4.0,107.5,107.5,2022-02-14 04:00:00
2022,2.0,14.0,5.0,105.0,105.0,2022-02-14 05:00:00
2022,2.0,14.0,6.0,146.96,146.96,2022-02-14 06:00:00
2022,2.0,14.0,7.0,170.84,170.84,2022-02-14 07:00:00
2022,2.0,14.0,8.0,217.51,217.51,2022-02-14 08:00:00
2022,2.0,14.0,9.0,224.59,224.59,2022-02-14 09:00:00
2022,2.0,14.0,10.0,228.2,228.2,2022-02-14 10:00:00
2022,2.0,14.0,11.0,218.09,218.09,2022-02-14 11:00:00
2022,2.0,14.0,12.0,200.42,200.42,2022-02-14 12:00:00
2022,2.0,14.0,13.0,170.0,170.0,2022-02-14 13:00:00
2022,2.0,14.0,14.0,162.9,162.9,2022-02-14 14:00:00
2022,2.0,14.0,15.0,160.0,160.0,2022-02-14 15:00:00
2022,2.0,14.0,16.0,156.11,156.11,2022-02-14 16:00:00
2022,2.0,14.0,17.0,162.68,162.68,2022-02-14 17:00:00
2022,2.0,14.0,18.0,194.99,194.99,2022-02-14 18:00:00
2022,2.0,14.0,19.0,221.98,221.98,2022-02-14 19:00:00
2022,2.0,14.0,20.0,248.71,248.71,2022-02-14 20:00:00
2022,2.0,14.0,21.0,229.02,229.02,2022-02-14 21:00:00
2022,2.0,14.0,22.0,222.85,222.85,2022-02-14 22:00:00
2022,2.0,14.0,23.0,210.55,210.55,2022-02-14 23:00:00
2022,2.0,14.0,24.0,194.81,194.81,2022-02-15 00:00:00
2022,2.0,15.0,1.0,198.18,198.18,2022-02-15 01:00:00
2022,2.0,15.0,2.0,189.0,189.0,2022-02-15 02:00:00
2022,2.0,15.0,3.0,179.7,179.7,2022-02-15 03:00:00
2022,2.0,15.0,4.0,173.4,173.4,2022-02-15 04:00:00
2022,2.0,15.0,5.0,165.85,165.85,2022-02-15 05:00:00
2022,2.0,15.0,6.0,169.3,169.3,2022-02-15 06:00:00
2022,2.0,15.0,7.0,204.2,204.2,2022-02-15 07:00:00
2022,2.0,15.0,8.0,234.06,234.06,2022-02-15 08:00:00
2022,2.0,15.0,9.0,250.79,250.79,2022-02-15 09:00:00
2022,2.0,15.0,10.0,240.0,240.0,2022-02-15 10:00:00
2022,2.0,15.0,11.0,220.43,220.43,2022-02-15 11:00:00
2022,2.0,15.0,12.0,202.38,202.38,2022-02-15 12:00:00
2022,2.0,15.0,13.0,183.62,183.62,2022-02-15 13:00:00
2022,2.0,15.0,14.0,162.9,162.9,2022-02-15 14:00:00
2022,2.0,15.0,15.0,162.68,162.68,2022-02-15 15:00:00
2022,2.0,15.0,16.0,162.52,162.52,2022-02-15 16:00:00
2022,2.0,15.0,17.0,163.1,163.1,2022-02-15 17:00:00
2022,2.0,15.0,18.0,188.87,188.87,2022-02-15 18:00:00
2022,2.0,15.0,19.0,224.0,224.0,2022-02-15 19:00:00
2022,2.0,15.0,20.0,238.26,238.26,2022-02-15 20:00:00
2022,2.0,15.0,21.0,247.99,247.99,2022-02-15 21:00:00
2022,2.0,15.0,22.0,238.26,238.26,2022-02-15 22:00:00
2022,2.0,15.0,23.0,225.78,225.78,2022-02-15 23:00:00
2022,2.0,15.0,24.0,173.4,173.4,2022-02-16 00:00:00
2022,2.0,16.0,1.0,171.9,171.9,2022-02-16 01:00:00
2022,2.0,16.0,2.0,162.3,162.3,2022-02-16 02:00:00
2022,2.0,16.0,3.0,158.72,158.72,2022-02-16 03:00:00
2022,2.0,16.0,4.0,151.58,151.58,2022-02-16 04:00:00
2022,2.0,16.0,5.0,150.6,149.54,2022-02-16 05:00:00
2022,2.0,16.0,6.0,152.05,152.05,2022-02-16 06:00:00
2022,2.0,16.0,7.0,163.48,163.48,2022-02-16 07:00:00
2022,2.0,16.0,8.0,213.51,213.51,2022-02-16 08:00:00
2022,2.0,16.0,9.0,219.63,219.63,2022-02-16 09:00:00
2022,2.0,16.0,10.0,215.28,215.28,2022-02-16 10:00:00
2022,2.0,16.0,11.0,175.13,175.13,2022-02-16 11:00:00
2022,2.0,16.0,12.0,162.2,162.2,2022-02-16 12:00:00
2022,2.0,16.0,13.0,165.0,165.0,2022-02-16 13:00:00
2022,2.0,16.0,14.0,155.2,155.2,2022-02-16 14:00:00
2022,2.0,16.0,15.0,143.25,143.25,2022-02-16 15:00:00
2022,2.0,16.0,16.0,138.17,138.17,2022-02-16 16:00:00
2022,2.0,16.0,17.0,135.39,135.39,2022-02-16 17:00:00
2022,2.0,16.0,18.0,160.84,160.84,2022-02-16 18:00:00
2022,2.0,16.0,19.0,210.93,210.93,2022-02-16 19:00:00
2022,2.0,16.0,20.0,225.0,225.0,2022-02-16 20:00:00
2022,2.0,16.0,21.0,236.73,236.73,2022-02-16 21:00:00
2022,2.0,16.0,22.0,226.3,226.3,2022-02-16 22:00:00
2022,2.0,16.0,23.0,210.06,210.06,2022-02-16 23:00:00
2022,2.0,16.0,24.0,172.0,172.0,2022-02-17 00:00:00
2022,2.0,17.0,1.0,150.09,130.0,2022-02-17 01:00:00
2022,2.0,17.0,2.0,142.08,127.23,2022-02-17 02:00:00
2022,2.0,17.0,3.0,120.41,105.0,2022-02-17 03:00:00
2022,2.0,17.0,4.0,100.0,100.0,2022-02-17 04:00:00
2022,2.0,17.0,5.0,109.99,100.0,2022-02-17 05:00:00
2022,2.0,17.0,6.0,110.0,110.0,2022-02-17 06:00:00
2022,2.0,17.0,7.0,138.0,138.0,2022-02-17 07:00:00
2022,2.0,17.0,8.0,170.0,170.0,2022-02-17 08:00:00
2022,2.0,17.0,9.0,196.99,196.99,2022-02-17 09:00:00
2022,2.0,17.0,10.0,192.69,192.69,2022-02-17 10:00:00
2022,2.0,17.0,11.0,170.0,170.0,2022-02-17 11:00:00
2022,2.0,17.0,12.0,154.99,154.99,2022-02-17 12:00:00
2022,2.0,17.0,13.0,154.99,145.54,2022-02-17 13:00:00
2022,2.0,17.0,14.0,152.58,133.89,2022-02-17 14:00:00
2022,2.0,17.0,15.0,150.51,138.88,2022-02-17 15:00:00
2022,2.0,17.0,16.0,150.09,131.82,2022-02-17 16:00:00
2022,2.0,17.0,17.0,154.68,154.68,2022-02-17 17:00:00
2022,2.0,17.0,18.0,160.0,160.0,2022-02-17 18:00:00
2022,2.0,17.0,19.0,210.18,210.18,2022-02-17 19:00:00
2022,2.0,17.0,20.0,238.07,238.07,2022-02-17 20:00:00
2022,2.0,17.0,21.0,268.12,268.12,2022-02-17 21:00:00
2022,2.0,17.0,22.0,237.8,237.8,2022-02-17 22:00:00
2022,2.0,17.0,23.0,210.3,210.3,2022-02-17 23:00:00
2022,2.0,17.0,24.0,197.64,197.64,2022-02-18 00:00:00
2022,2.0,18.0,1.0,206.4,206.4,2022-02-18 01:00:00
2022,2.0,18.0,2.0,200.0,200.0,2022-02-18 02:00:00
2022,2.0,18.0,3.0,190.15,190.15,2022-02-18 03:00:00
2022,2.0,18.0,4.0,181.19,181.19,2022-02-18 04:00:00
2022,2.0,18.0,5.0,174.1,174.1,2022-02-18 05:00:00
2022,2.0,18.0,6.0,174.1,174.1,2022-02-18 06:00:00
2022,2.0,18.0,7.0,200.0,200.0,2022-02-18 07:00:00
2022,2.0,18.0,8.0,210.86,210.86,2022-02-18 08:00:00
2022,2.0,18.0,9.0,215.0,215.0,2022-02-18 09:00:00
2022,2.0,18.0,10.0,210.0,210.0,2022-02-18 10:00:00
2022,2.0,18.0,11.0,205.61,205.61,2022-02-18 11:00:00
2022,2.0,18.0,12.0,199.9,199.9,2022-02-18 12:00:00
2022,2.0,18.0,13.0,188.43,188.43,2022-02-18 13:00:00
2022,2.0,18.0,14.0,180.49,180.49,2022-02-18 14:00:00
2022,2.0,18.0,15.0,159.9,159.9,2022-02-18 15:00:00
2022,2.0,18.0,16.0,154.09,154.09,2022-02-18 16:00:00
2022,2.0,18.0,17.0,154.0,154.0,2022-02-18 17:00:00
2022,2.0,18.0,18.0,156.84,156.84,2022-02-18 18:00:00
2022,2.0,18.0,19.0,190.0,190.0,2022-02-18 19:00:00
2022,2.0,18.0,20.0,200.0,200.0,2022-02-18 20:00:00
2022,2.0,18.0,21.0,192.2,192.2,2022-02-18 21:00:00
2022,2.0,18.0,22.0,178.03,178.03,2022-02-18 22:00:00
2022,2.0,18.0,23.0,154.0,154.0,2022-02-18 23:00:00
2022,2.0,18.0,24.0,146.86,146.86,2022-02-19 00:00:00
2022,2.0,19.0,1.0,129.0,129.0,2022-02-19 01:00:00
2022,2.0,19.0,2.0,111.99,111.99,2022-02-19 02:00:00
2022,2.0,19.0,3.0,98.06,98.06,2022-02-19 03:00:00
2022,2.0,19.0,4.0,77.2,77.2,2022-02-19 04:00:00
2022,2.0,19.0,5.0,82.57,82.57,2022-02-19 05:00:00
2022,2.0,19.0,6.0,96.6,96.6,2022-02-19 06:00:00
2022,2.0,19.0,7.0,111.99,111.99,2022-02-19 07:00:00
2022,2.0,19.0,8.0,136.4,136.4,2022-02-19 08:00:00
2022,2.0,19.0,9.0,138.97,138.97,2022-02-19 09:00:00
2022,2.0,19.0,10.0,169.88,169.88,2022-02-19 10:00:00
2022,2.0,19.0,11.0,140.7,140.7,2022-02-19 11:00:00
2022,2.0,19.0,12.0,131.78,131.78,2022-02-19 12:00:00
2022,2.0,19.0,13.0,120.84,120.84,2022-02-19 13:00:00
2022,2.0,19.0,14.0,120.84,120.84,2022-02-19 14:00:00
2022,2.0,19.0,15.0,120.84,120.84,2022-02-19 15:00:00
2022,2.0,19.0,16.0,110.3,110.3,2022-02-19 16:00:00
2022,2.0,19.0,17.0,111.99,111.99,2022-02-19 17:00:00
2022,2.0,19.0,18.0,129.1,129.1,2022-02-19 18:00:00
2022,2.0,19.0,19.0,168.0,168.0,2022-02-19 19:00:00
2022,2.0,19.0,20.0,196.85,196.85,2022-02-19 20:00:00
2022,2.0,19.0,21.0,204.0,204.0,2022-02-19 21:00:00
2022,2.0,19.0,22.0,204.79,204.79,2022-02-19 22:00:00
2022,2.0,19.0,23.0,201.0,201.0,2022-02-19 23:00:00
2022,2.0,19.0,24.0,192.5,192.5,2022-02-20 00:00:00
2022,2.0,20.0,1.0,196.0,196.0,2022-02-20 01:00:00
2022,2.0,20.0,2.0,175.36,175.36,2022-02-20 02:00:00
2022,2.0,20.0,3.0,150.0,150.0,2022-02-20 03:00:00
2022,2.0,20.0,4.0,140.85,140.85,2022-02-20 04:00:00
2022,2.0,20.0,5.0,140.84,140.84,2022-02-20 05:00:00
2022,2.0,20.0,6.0,145.44,145.44,2022-02-20 06:00:00
2022,2.0,20.0,7.0,160.0,160.0,2022-02-20 07:00:00
2022,2.0,20.0,8.0,172.54,172.54,2022-02-20 08:00:00
2022,2.0,20.0,9.0,149.54,149.54,2022-02-20 09:00:00
2022,2.0,20.0,10.0,140.84,140.84,2022-02-20 10:00:00
2022,2.0,20.0,11.0,136.1,136.1,2022-02-20 11:00:00
2022,2.0,20.0,12.0,136.59,130.5,2022-02-20 12:00:00
2022,2.0,20.0,13.0,129.0,129.0,2022-02-20 13:00:00
2022,2.0,20.0,14.0,130.58,130.16,2022-02-20 14:00:00
2022,2.0,20.0,15.0,129.11,129.11,2022-02-20 15:00:00
2022,2.0,20.0,16.0,129.11,125.52,2022-02-20 16:00:00
2022,2.0,20.0,17.0,128.6,128.6,2022-02-20 17:00:00
2022,2.0,20.0,18.0,136.6,136.6,2022-02-20 18:00:00
2022,2.0,20.0,19.0,200.0,200.0,2022-02-20 19:00:00
2022,2.0,20.0,20.0,218.1,218.1,2022-02-20 20:00:00
2022,2.0,20.0,21.0,225.0,225.0,2022-02-20 21:00:00
2022,2.0,20.0,22.0,223.31,223.31,2022-02-20 22:00:00
2022,2.0,20.0,23.0,215.0,215.0,2022-02-20 23:00:00
2022,2.0,20.0,24.0,205.0,205.0,2022-02-21 00:00:00
2022,2.0,21.0,1.0,199.0,199.0,2022-02-21 01:00:00
2022,2.0,21.0,2.0,165.0,165.0,2022-02-21 02:00:00
2022,2.0,21.0,3.0,158.89,158.89,2022-02-21 03:00:00
2022,2.0,21.0,4.0,147.1,147.1,2022-02-21 04:00:00
2022,2.0,21.0,5.0,142.0,142.0,2022-02-21 05:00:00
2022,2.0,21.0,6.0,154.59,154.59,2022-02-21 06:00:00
2022,2.0,21.0,7.0,201.36,201.36,2022-02-21 07:00:00
2022,2.0,21.0,8.0,221.12,221.12,2022-02-21 08:00:00
2022,2.0,21.0,9.0,225.0,225.0,2022-02-21 09:00:00
2022,2.0,21.0,10.0,218.51,218.51,2022-02-21 10:00:00
2022,2.0,21.0,11.0,198.36,198.36,2022-02-21 11:00:00
2022,2.0,21.0,12.0,170.11,170.11,2022-02-21 12:00:00
2022,2.0,21.0,13.0,161.36,161.36,2022-02-21 13:00:00
2022,2.0,21.0,14.0,156.93,147.1,2022-02-21 14:00:00
2022,2.0,21.0,15.0,154.59,141.6,2022-02-21 15:00:00
2022,2.0,21.0,16.0,158.89,125.52,2022-02-21 16:00:00
2022,2.0,21.0,17.0,158.89,141.6,2022-02-21 17:00:00
2022,2.0,21.0,18.0,163.14,163.14,2022-02-21 18:00:00
2022,2.0,21.0,19.0,218.51,218.51,2022-02-21 19:00:00
2022,2.0,21.0,20.0,227.92,227.92,2022-02-21 20:00:00
2022,2.0,21.0,21.0,237.0,237.0,2022-02-21 21:00:00
2022,2.0,21.0,22.0,227.34,227.34,2022-02-21 22:00:00
2022,2.0,21.0,23.0,218.5,218.5,2022-02-21 23:00:00
2022,2.0,21.0,24.0,189.0,189.0,2022-02-22 00:00:00
2022,2.0,22.0,1.0,176.59,176.59,2022-02-22 01:00:00
2022,2.0,22.0,2.0,169.72,169.72,2022-02-22 02:00:00
2022,2.0,22.0,3.0,165.3,165.3,2022-02-22 03:00:00
2022,2.0,22.0,4.0,163.06,163.06,2022-02-22 04:00:00
2022,2.0,22.0,5.0,158.0,158.0,2022-02-22 05:00:00
2022,2.0,22.0,6.0,164.39,164.39,2022-02-22 06:00:00
2022,2.0,22.0,7.0,192.0,192.0,2022-02-22 07:00:00
2022,2.0,22.0,8.0,203.0,203.0,2022-02-22 08:00:00
2022,2.0,22.0,9.0,211.59,211.59,2022-02-22 09:00:00
2022,2.0,22.0,10.0,200.0,200.0,2022-02-22 10:00:00
2022,2.0,22.0,11.0,191.63,191.63,2022-02-22 11:00:00
2022,2.0,22.0,12.0,174.38,174.38,2022-02-22 12:00:00
2022,2.0,22.0,13.0,171.33,171.33,2022-02-22 13:00:00
2022,2.0,22.0,14.0,160.0,160.0,2022-02-22 14:00:00
2022,2.0,22.0,15.0,144.82,144.82,2022-02-22 15:00:00
2022,2.0,22.0,16.0,150.14,140.0,2022-02-22 16:00:00
2022,2.0,22.0,17.0,150.14,141.5,2022-02-22 17:00:00
2022,2.0,22.0,18.0,160.0,160.0,2022-02-22 18:00:00
2022,2.0,22.0,19.0,203.81,203.81,2022-02-22 19:00:00
2022,2.0,22.0,20.0,215.0,215.0,2022-02-22 20:00:00
2022,2.0,22.0,21.0,221.7,221.7,2022-02-22 21:00:00
2022,2.0,22.0,22.0,211.8,211.8,2022-02-22 22:00:00
2022,2.0,22.0,23.0,197.72,197.72,2022-02-22 23:00:00
2022,2.0,22.0,24.0,176.4,176.4,2022-02-23 00:00:00
2022,2.0,23.0,1.0,178.55,178.55,2022-02-23 01:00:00
2022,2.0,23.0,2.0,172.87,172.87,2022-02-23 02:00:00
2022,2.0,23.0,3.0,167.5,167.5,2022-02-23 03:00:00
2022,2.0,23.0,4.0,163.59,163.59,2022-02-23 04:00:00
2022,2.0,23.0,5.0,163.07,163.07,2022-02-23 05:00:00
2022,2.0,23.0,6.0,169.55,169.55,2022-02-23 06:00:00
2022,2.0,23.0,7.0,201.58,201.58,2022-02-23 07:00:00
2022,2.0,23.0,8.0,211.93,211.93,2022-02-23 08:00:00
2022,2.0,23.0,9.0,216.82,216.82,2022-02-23 09:00:00
2022,2.0,23.0,10.0,214.72,214.72,2022-02-23 10:00:00
2022,2.0,23.0,11.0,205.51,205.51,2022-02-23 11:00:00
2022,2.0,23.0,12.0,194.86,194.86,2022-02-23 12:00:00
2022,2.0,23.0,13.0,183.9,183.9,2022-02-23 13:00:00
2022,2.0,23.0,14.0,177.89,177.89,2022-02-23 14:00:00
2022,2.0,23.0,15.0,167.38,167.38,2022-02-23 15:00:00
2022,2.0,23.0,16.0,170.0,170.0,2022-02-23 16:00:00
2022,2.0,23.0,17.0,180.0,180.0,2022-02-23 17:00:00
2022,2.0,23.0,18.0,205.72,205.72,2022-02-23 18:00:00
2022,2.0,23.0,19.0,230.0,230.0,2022-02-23 19:00:00
2022,2.0,23.0,20.0,236.86,236.86,2022-02-23 20:00:00
2022,2.0,23.0,21.0,244.08,244.08,2022-02-23 21:00:00
2022,2.0,23.0,22.0,223.11,223.11,2022-02-23 22:00:00
2022,2.0,23.0,23.0,213.21,213.21,2022-02-23 23:00:00
2022,2.0,23.0,24.0,207.99,207.99,2022-02-24 00:00:00
2022,2.0,24.0,1.0,210.61,210.61,2022-02-24 01:00:00
2022,2.0,24.0,2.0,208.12,208.12,2022-02-24 02:00:00
2022,2.0,24.0,3.0,200.39,200.39,2022-02-24 03:00:00
2022,2.0,24.0,4.0,197.75,197.75,2022-02-24 04:00:00
2022,2.0,24.0,5.0,201.2,201.2,2022-02-24 05:00:00
2022,2.0,24.0,6.0,204.73,204.73,2022-02-24 06:00:00
2022,2.0,24.0,7.0,211.79,211.79,2022-02-24 07:00:00
2022,2.0,24.0,8.0,218.75,218.75,2022-02-24 08:00:00
2022,2.0,24.0,9.0,234.49,234.49,2022-02-24 09:00:00
2022,2.0,24.0,10.0,220.09,220.09,2022-02-24 10:00:00
2022,2.0,24.0,11.0,213.91,213.91,2022-02-24 11:00:00
2022,2.0,24.0,12.0,212.01,212.01,2022-02-24 12:00:00
2022,2.0,24.0,13.0,210.67,210.67,2022-02-24 13:00:00
2022,2.0,24.0,14.0,208.12,208.12,2022-02-24 14:00:00
2022,2.0,24.0,15.0,210.0,210.0,2022-02-24 15:00:00
2022,2.0,24.0,16.0,195.0,195.0,2022-02-24 16:00:00
2022,2.0,24.0,17.0,178.3,178.3,2022-02-24 17:00:00
2022,2.0,24.0,18.0,190.1,190.1,2022-02-24 18:00:00
2022,2.0,24.0,19.0,203.79,203.79,2022-02-24 19:00:00
2022,2.0,24.0,20.0,220.36,220.36,2022-02-24 20:00:00
2022,2.0,24.0,21.0,215.74,215.74,2022-02-24 21:00:00
2022,2.0,24.0,22.0,210.4,210.4,2022-02-24 22:00:00
2022,2.0,24.0,23.0,194.43,194.43,2022-02-24 23:00:00
2022,2.0,24.0,24.0,163.71,163.71,2022-02-25 00:00:00
2022,2.0,25.0,1.0,230.0,230.0,2022-02-25 01:00:00
2022,2.0,25.0,2.0,193.16,193.16,2022-02-25 02:00:00
2022,2.0,25.0,3.0,179.7,179.7,2022-02-25 03:00:00
2022,2.0,25.0,4.0,159.99,159.99,2022-02-25 04:00:00
2022,2.0,25.0,5.0,153.32,153.32,2022-02-25 05:00:00
2022,2.0,25.0,6.0,170.0,170.0,2022-02-25 06:00:00
2022,2.0,25.0,7.0,203.75,203.75,2022-02-25 07:00:00
2022,2.0,25.0,8.0,267.18,267.18,2022-02-25 08:00:00
2022,2.0,25.0,9.0,271.46,271.46,2022-02-25 09:00:00
2022,2.0,25.0,10.0,270.59,270.59,2022-02-25 10:00:00
2022,2.0,25.0,11.0,264.02,264.02,2022-02-25 11:00:00
2022,2.0,25.0,12.0,246.14,246.14,2022-02-25 12:00:00
2022,2.0,25.0,13.0,252.21,252.21,2022-02-25 13:00:00
2022,2.0,25.0,14.0,240.3,240.3,2022-02-25 14:00:00
2022,2.0,25.0,15.0,237.5,237.5,2022-02-25 15:00:00
2022,2.0,25.0,16.0,232.28,232.28,2022-02-25 16:00:00
2022,2.0,25.0,17.0,240.0,240.0,2022-02-25 17:00:00
2022,2.0,25.0,18.0,260.68,260.68,2022-02-25 18:00:00
2022,2.0,25.0,19.0,277.71,277.71,2022-02-25 19:00:00
2022,2.0,25.0,20.0,300.0,300.0,2022-02-25 20:00:00
2022,2.0,25.0,21.0,292.32,292.32,2022-02-25 21:00:00
2022,2.0,25.0,22.0,278.29,278.29,2022-02-25 22:00:00
2022,2.0,25.0,23.0,273.56,273.56,2022-02-25 23:00:00
2022,2.0,25.0,24.0,268.99,268.99,2022-02-26 00:00:00
2022,2.0,26.0,1.0,285.41,285.41,2022-02-26 01:00:00
2022,2.0,26.0,2.0,265.0,265.0,2022-02-26 02:00:00
2022,2.0,26.0,3.0,259.73,259.73,2022-02-26 03:00:00
2022,2.0,26.0,4.0,246.0,246.0,2022-02-26 04:00:00
2022,2.0,26.0,5.0,237.14,237.14,2022-02-26 05:00:00
2022,2.0,26.0,6.0,237.17,237.17,2022-02-26 06:00:00
2022,2.0,26.0,7.0,249.98,249.98,2022-02-26 07:00:00
2022,2.0,26.0,8.0,263.46,263.46,2022-02-26 08:00:00
2022,2.0,26.0,9.0,274.5,274.5,2022-02-26 09:00:00
2022,2.0,26.0,10.0,267.37,267.37,2022-02-26 10:00:00
2022,2.0,26.0,11.0,247.49,247.49,2022-02-26 11:00:00
2022,2.0,26.0,12.0,246.0,246.0,2022-02-26 12:00:00
2022,2.0,26.0,13.0,243.48,243.48,2022-02-26 13:00:00
2022,2.0,26.0,14.0,240.28,240.28,2022-02-26 14:00:00
2022,2.0,26.0,15.0,239.9,239.9,2022-02-26 15:00:00
2022,2.0,26.0,16.0,239.5,239.5,2022-02-26 16:00:00
2022,2.0,26.0,17.0,239.6,239.6,2022-02-26 17:00:00
2022,2.0,26.0,18.0,259.9,259.9,2022-02-26 18:00:00
2022,2.0,26.0,19.0,299.0,299.0,2022-02-26 19:00:00
2022,2.0,26.0,20.0,300.7,300.7,2022-02-26 20:00:00
2022,2.0,26.0,21.0,297.01,297.01,2022-02-26 21:00:00
2022,2.0,26.0,22.0,300.0,300.0,2022-02-26 22:00:00
2022,2.0,26.0,23.0,266.77,266.77,2022-02-26 23:00:00
2022,2.0,26.0,24.0,261.3,261.3,2022-02-27 00:00:00
2022,2.0,27.0,1.0,256.07,256.07,2022-02-27 01:00:00
2022,2.0,27.0,2.0,249.11,249.11,2022-02-27 02:00:00
2022,2.0,27.0,3.0,225.0,225.0,2022-02-27 03:00:00
2022,2.0,27.0,4.0,220.5,220.5,2022-02-27 04:00:00
2022,2.0,27.0,5.0,225.0,225.0,2022-02-27 05:00:00
2022,2.0,27.0,6.0,231.29,231.29,2022-02-27 06:00:00
2022,2.0,27.0,7.0,250.85,250.85,2022-02-27 07:00:00
2022,2.0,27.0,8.0,255.2,255.2,2022-02-27 08:00:00
2022,2.0,27.0,9.0,252.59,252.59,2022-02-27 09:00:00
2022,2.0,27.0,10.0,254.33,254.33,2022-02-27 10:00:00
2022,2.0,27.0,11.0,253.46,253.46,2022-02-27 11:00:00
2022,2.0,27.0,12.0,247.38,247.38,2022-02-27 12:00:00
2022,2.0,27.0,13.0,235.01,235.01,2022-02-27 13:00:00
2022,2.0,27.0,14.0,247.28,247.28,2022-02-27 14:00:00
2022,2.0,27.0,15.0,247.08,247.08,2022-02-27 15:00:00
2022,2.0,27.0,16.0,209.14,209.14,2022-02-27 16:00:00
2022,2.0,27.0,17.0,209.14,209.14,2022-02-27 17:00:00
2022,2.0,27.0,18.0,229.9,229.9,2022-02-27 18:00:00
2022,2.0,27.0,19.0,275.76,275.76,2022-02-27 19:00:00
2022,2.0,27.0,20.0,300.0,300.0,2022-02-27 20:00:00
2022,2.0,27.0,21.0,350.0,350.0,2022-02-27 21:00:00
2022,2.0,27.0,22.0,350.0,350.0,2022-02-27 22:00:00
2022,2.0,27.0,23.0,310.01,310.01,2022-02-27 23:00:00
2022,2.0,27.0,24.0,280.0,280.0,2022-02-28 00:00:00
2022,2.0,28.0,1.0,295.0,295.0,2022-02-28 01:00:00
2022,2.0,28.0,2.0,286.83,286.83,2022-02-28 02:00:00
2022,2.0,28.0,3.0,282.49,282.49,2022-02-28 03:00:00
2022,2.0,28.0,4.0,282.16,282.16,2022-02-28 04:00:00
2022,2.0,28.0,5.0,277.73,277.73,2022-02-28 05:00:00
2022,2.0,28.0,6.0,281.05,281.05,2022-02-28 06:00:00
2022,2.0,28.0,7.0,286.54,286.54,2022-02-28 07:00:00
2022,2.0,28.0,8.0,322.9,322.9,2022-02-28 08:00:00
2022,2.0,28.0,9.0,308.9,308.9,2022-02-28 09:00:00
2022,2.0,28.0,10.0,284.05,284.05,2022-02-28 10:00:00
2022,2.0,28.0,11.0,258.45,258.45,2022-02-28 11:00:00
2022,2.0,28.0,12.0,221.3,221.3,2022-02-28 12:00:00
2022,2.0,28.0,13.0,224.0,224.0,2022-02-28 13:00:00
2022,2.0,28.0,14.0,221.88,221.88,2022-02-28 14:00:00
2022,2.0,28.0,15.0,220.0,220.0,2022-02-28 15:00:00
2022,2.0,28.0,16.0,218.97,218.97,2022-02-28 16:00:00
2022,2.0,28.0,17.0,253.79,253.79,2022-02-28 17:00:00
2022,2.0,28.0,18.0,280.56,280.56,2022-02-28 18:00:00
2022,2.0,28.0,19.0,300.0,300.0,2022-02-28 19:00:00
2022,2.0,28.0,20.0,318.73,318.73,2022-02-28 20:00:00
2022,2.0,28.0,21.0,346.0,346.0,2022-02-28 21:00:00
2022,2.0,28.0,22.0,324.09,324.09,2022-02-28 22:00:00
2022,2.0,28.0,23.0,291.18,291.18,2022-02-28 23:00:00
2022,2.0,28.0,24.0,280.0,280.0,2022-03-01 00:00:00
2022,3.0,1.0,1.0,268.9,268.9,2022-03-01 01:00:00
2022,3.0,1.0,2.0,258.46,258.46,2022-03-01 02:00:00
2022,3.0,1.0,3.0,241.01,241.01,2022-03-01 03:00:00
2022,3.0,1.0,4.0,224.0,224.0,2022-03-01 04:00:00
2022,3.0,1.0,5.0,221.0,221.0,2022-03-01 05:00:00
2022,3.0,1.0,6.0,231.31,231.31,2022-03-01 06:00:00
2022,3.0,1.0,7.0,268.04,268.04,2022-03-01 07:00:00
2022,3.0,1.0,8.0,299.02,299.02,2022-03-01 08:00:00
2022,3.0,1.0,9.0,301.4,301.4,2022-03-01 09:00:00
2022,3.0,1.0,10.0,294.6,294.6,2022-03-01 10:00:00
2022,3.0,1.0,11.0,265.02,265.02,2022-03-01 11:00:00
2022,3.0,1.0,12.0,230.0,230.0,2022-03-01 12:00:00
2022,3.0,1.0,13.0,225.8,225.8,2022-03-01 13:00:00
2022,3.0,1.0,14.0,221.5,221.5,2022-03-01 14:00:00
2022,3.0,1.0,15.0,221.99,221.99,2022-03-01 15:00:00
2022,3.0,1.0,16.0,220.98,220.98,2022-03-01 16:00:00
2022,3.0,1.0,17.0,221.99,221.99,2022-03-01 17:00:00
2022,3.0,1.0,18.0,258.46,258.46,2022-03-01 18:00:00
2022,3.0,1.0,19.0,282.49,282.49,2022-03-01 19:00:00
2022,3.0,1.0,20.0,314.01,314.01,2022-03-01 20:00:00
2022,3.0,1.0,21.0,315.87,315.87,2022-03-01 21:00:00
2022,3.0,1.0,22.0,294.01,294.01,2022-03-01 22:00:00
2022,3.0,1.0,23.0,267.16,267.16,2022-03-01 23:00:00
2022,3.0,1.0,24.0,260.79,260.79,2022-03-02 00:00:00
2022,3.0,2.0,1.0,251.04,251.04,2022-03-02 01:00:00
2022,3.0,2.0,2.0,248.43,248.43,2022-03-02 02:00:00
2022,3.0,2.0,3.0,242.06,242.06,2022-03-02 03:00:00
2022,3.0,2.0,4.0,233.14,233.14,2022-03-02 04:00:00
2022,3.0,2.0,5.0,233.62,233.62,2022-03-02 05:00:00
2022,3.0,2.0,6.0,250.0,250.0,2022-03-02 06:00:00
2022,3.0,2.0,7.0,267.32,267.32,2022-03-02 07:00:00
2022,3.0,2.0,8.0,295.0,295.0,2022-03-02 08:00:00
2022,3.0,2.0,9.0,305.0,305.0,2022-03-02 09:00:00
2022,3.0,2.0,10.0,294.27,294.27,2022-03-02 10:00:00
2022,3.0,2.0,11.0,268.3,268.3,2022-03-02 11:00:00
2022,3.0,2.0,12.0,256.41,256.41,2022-03-02 12:00:00
2022,3.0,2.0,13.0,246.25,246.25,2022-03-02 13:00:00
2022,3.0,2.0,14.0,225.9,225.9,2022-03-02 14:00:00
2022,3.0,2.0,15.0,208.32,208.32,2022-03-02 15:00:00
2022,3.0,2.0,16.0,204.15,204.15,2022-03-02 16:00:00
2022,3.0,2.0,17.0,206.64,206.64,2022-03-02 17:00:00
2022,3.0,2.0,18.0,225.0,225.0,2022-03-02 18:00:00
2022,3.0,2.0,19.0,258.62,258.62,2022-03-02 19:00:00
2022,3.0,2.0,20.0,284.24,284.24,2022-03-02 20:00:00
2022,3.0,2.0,21.0,297.0,297.0,2022-03-02 21:00:00
2022,3.0,2.0,22.0,279.99,279.99,2022-03-02 22:00:00
2022,3.0,2.0,23.0,265.78,265.78,2022-03-02 23:00:00
2022,3.0,2.0,24.0,250.25,250.25,2022-03-03 00:00:00
2022,3.0,3.0,1.0,331.16,331.16,2022-03-03 01:00:00
2022,3.0,3.0,2.0,322.53,322.53,2022-03-03 02:00:00
2022,3.0,3.0,3.0,316.0,316.0,2022-03-03 03:00:00
2022,3.0,3.0,4.0,307.01,307.01,2022-03-03 04:00:00
2022,3.0,3.0,5.0,307.3,307.3,2022-03-03 05:00:00
2022,3.0,3.0,6.0,332.27,332.27,2022-03-03 06:00:00
2022,3.0,3.0,7.0,369.69,369.69,2022-03-03 07:00:00
2022,3.0,3.0,8.0,394.7,395.01,2022-03-03 08:00:00
2022,3.0,3.0,9.0,389.24,400.0,2022-03-03 09:00:00
2022,3.0,3.0,10.0,363.17,363.17,2022-03-03 10:00:00
2022,3.0,3.0,11.0,359.15,359.15,2022-03-03 11:00:00
2022,3.0,3.0,12.0,356.98,356.98,2022-03-03 12:00:00
2022,3.0,3.0,13.0,353.5,353.5,2022-03-03 13:00:00
2022,3.0,3.0,14.0,349.15,349.15,2022-03-03 14:00:00
2022,3.0,3.0,15.0,324.09,324.09,2022-03-03 15:00:00
2022,3.0,3.0,16.0,319.58,319.58,2022-03-03 16:00:00
2022,3.0,3.0,17.0,336.53,336.53,2022-03-03 17:00:00
2022,3.0,3.0,18.0,345.0,345.0,2022-03-03 18:00:00
2022,3.0,3.0,19.0,350.0,350.0,2022-03-03 19:00:00
2022,3.0,3.0,20.0,358.05,358.05,2022-03-03 20:00:00
2022,3.0,3.0,21.0,360.46,360.46,2022-03-03 21:00:00
2022,3.0,3.0,22.0,350.0,350.0,2022-03-03 22:00:00
2022,3.0,3.0,23.0,329.92,329.92,2022-03-03 23:00:00
2022,3.0,3.0,24.0,260.0,260.0,2022-03-04 00:00:00
2022,3.0,4.0,1.0,350.0,350.0,2022-03-04 01:00:00
2022,3.0,4.0,2.0,270.14,270.14,2022-03-04 02:00:00
2022,3.0,4.0,3.0,269.5,269.5,2022-03-04 03:00:00
2022,3.0,4.0,4.0,267.39,267.39,2022-03-04 04:00:00
2022,3.0,4.0,5.0,264.61,264.61,2022-03-04 05:00:00
2022,3.0,4.0,6.0,266.75,266.75,2022-03-04 06:00:00
2022,3.0,4.0,7.0,269.6,269.6,2022-03-04 07:00:00
2022,3.0,4.0,8.0,372.76,372.76,2022-03-04 08:00:00
2022,3.0,4.0,9.0,381.81,381.81,2022-03-04 09:00:00
2022,3.0,4.0,10.0,375.0,375.0,2022-03-04 10:00:00
2022,3.0,4.0,11.0,371.33,371.33,2022-03-04 11:00:00
2022,3.0,4.0,12.0,330.08,330.08,2022-03-04 12:00:00
2022,3.0,4.0,13.0,343.71,343.71,2022-03-04 13:00:00
2022,3.0,4.0,14.0,309.97,309.97,2022-03-04 14:00:00
2022,3.0,4.0,15.0,316.3,316.3,2022-03-04 15:00:00
2022,3.0,4.0,16.0,331.91,331.91,2022-03-04 16:00:00
2022,3.0,4.0,17.0,355.77,355.77,2022-03-04 17:00:00
2022,3.0,4.0,18.0,380.94,380.94,2022-03-04 18:00:00
2022,3.0,4.0,19.0,392.91,392.91,2022-03-04 19:00:00
2022,3.0,4.0,20.0,410.0,410.0,2022-03-04 20:00:00
2022,3.0,4.0,21.0,400.08,400.08,2022-03-04 21:00:00
2022,3.0,4.0,22.0,390.2,390.2,2022-03-04 22:00:00
2022,3.0,4.0,23.0,384.6,384.6,2022-03-04 23:00:00
2022,3.0,4.0,24.0,371.33,371.33,2022-03-05 00:00:00
2022,3.0,5.0,1.0,376.5,376.5,2022-03-05 01:00:00
2022,3.0,5.0,2.0,360.0,360.0,2022-03-05 02:00:00
2022,3.0,5.0,3.0,350.0,350.0,2022-03-05 03:00:00
2022,3.0,5.0,4.0,330.0,330.0,2022-03-05 04:00:00
2022,3.0,5.0,5.0,338.85,338.85,2022-03-05 05:00:00
2022,3.0,5.0,6.0,347.04,347.04,2022-03-05 06:00:00
2022,3.0,5.0,7.0,369.0,369.0,2022-03-05 07:00:00
2022,3.0,5.0,8.0,378.1,378.1,2022-03-05 08:00:00
2022,3.0,5.0,9.0,370.53,370.53,2022-03-05 09:00:00
2022,3.0,5.0,10.0,370.0,370.0,2022-03-05 10:00:00
2022,3.0,5.0,11.0,365.04,365.04,2022-03-05 11:00:00
2022,3.0,5.0,12.0,362.11,362.11,2022-03-05 12:00:00
2022,3.0,5.0,13.0,360.0,360.0,2022-03-05 13:00:00
2022,3.0,5.0,14.0,365.04,365.04,2022-03-05 14:00:00
2022,3.0,5.0,15.0,362.11,362.11,2022-03-05 15:00:00
2022,3.0,5.0,16.0,311.0,311.0,2022-03-05 16:00:00
2022,3.0,5.0,17.0,343.5,343.5,2022-03-05 17:00:00
2022,3.0,5.0,18.0,385.63,385.63,2022-03-05 18:00:00
2022,3.0,5.0,19.0,405.78,405.78,2022-03-05 19:00:00
2022,3.0,5.0,20.0,409.3,409.3,2022-03-05 20:00:00
2022,3.0,5.0,21.0,400.0,400.0,2022-03-05 21:00:00
2022,3.0,5.0,22.0,390.51,390.51,2022-03-05 22:00:00
2022,3.0,5.0,23.0,382.11,382.11,2022-03-05 23:00:00
2022,3.0,5.0,24.0,365.04,365.04,2022-03-06 00:00:00
2022,3.0,6.0,1.0,390.61,390.61,2022-03-06 01:00:00
2022,3.0,6.0,2.0,353.0,353.0,2022-03-06 02:00:00
2022,3.0,6.0,3.0,345.16,345.16,2022-03-06 03:00:00
2022,3.0,6.0,4.0,334.21,334.21,2022-03-06 04:00:00
2022,3.0,6.0,5.0,339.44,339.44,2022-03-06 05:00:00
2022,3.0,6.0,6.0,342.09,342.09,2022-03-06 06:00:00
2022,3.0,6.0,7.0,350.13,350.13,2022-03-06 07:00:00
2022,3.0,6.0,8.0,365.86,365.86,2022-03-06 08:00:00
2022,3.0,6.0,9.0,353.0,353.0,2022-03-06 09:00:00
2022,3.0,6.0,10.0,390.36,390.36,2022-03-06 10:00:00
2022,3.0,6.0,11.0,351.07,351.07,2022-03-06 11:00:00
2022,3.0,6.0,12.0,346.25,346.25,2022-03-06 12:00:00
2022,3.0,6.0,13.0,350.25,350.25,2022-03-06 13:00:00
2022,3.0,6.0,14.0,338.54,338.54,2022-03-06 14:00:00
2022,3.0,6.0,15.0,350.0,350.0,2022-03-06 15:00:00
2022,3.0,6.0,16.0,338.54,338.54,2022-03-06 16:00:00
2022,3.0,6.0,17.0,339.61,339.61,2022-03-06 17:00:00
2022,3.0,6.0,18.0,385.16,385.16,2022-03-06 18:00:00
2022,3.0,6.0,19.0,435.08,435.08,2022-03-06 19:00:00
2022,3.0,6.0,20.0,454.28,454.28,2022-03-06 20:00:00
2022,3.0,6.0,21.0,470.01,470.01,2022-03-06 21:00:00
2022,3.0,6.0,22.0,470.01,470.01,2022-03-06 22:00:00
2022,3.0,6.0,23.0,454.09,454.09,2022-03-06 23:00:00
2022,3.0,6.0,24.0,450.0,450.0,2022-03-07 00:00:00
2022,3.0,7.0,1.0,441.85,441.85,2022-03-07 01:00:00
2022,3.0,7.0,2.0,426.46,426.46,2022-03-07 02:00:00
2022,3.0,7.0,3.0,416.67,416.67,2022-03-07 03:00:00
2022,3.0,7.0,4.0,400.0,400.0,2022-03-07 04:00:00
2022,3.0,7.0,5.0,400.0,400.0,2022-03-07 05:00:00
2022,3.0,7.0,6.0,426.46,426.46,2022-03-07 06:00:00
2022,3.0,7.0,7.0,465.77,465.77,2022-03-07 07:00:00
2022,3.0,7.0,8.0,500.0,500.0,2022-03-07 08:00:00
2022,3.0,7.0,9.0,500.0,500.0,2022-03-07 09:00:00
2022,3.0,7.0,10.0,483.0,483.0,2022-03-07 10:00:00
2022,3.0,7.0,11.0,451.0,451.0,2022-03-07 11:00:00
2022,3.0,7.0,12.0,450.05,450.05,2022-03-07 12:00:00
2022,3.0,7.0,13.0,450.0,450.0,2022-03-07 13:00:00
2022,3.0,7.0,14.0,447.48,447.48,2022-03-07 14:00:00
2022,3.0,7.0,15.0,426.46,426.46,2022-03-07 15:00:00
2022,3.0,7.0,16.0,382.72,382.72,2022-03-07 16:00:00
2022,3.0,7.0,17.0,400.0,400.0,2022-03-07 17:00:00
2022,3.0,7.0,18.0,450.0,450.0,2022-03-07 18:00:00
2022,3.0,7.0,19.0,472.5,472.5,2022-03-07 19:00:00
2022,3.0,7.0,20.0,500.0,500.0,2022-03-07 20:00:00
2022,3.0,7.0,21.0,475.0,475.0,2022-03-07 21:00:00
2022,3.0,7.0,22.0,450.0,450.0,2022-03-07 22:00:00
2022,3.0,7.0,23.0,426.46,426.46,2022-03-07 23:00:00
2022,3.0,7.0,24.0,379.02,379.02,2022-03-08 00:00:00
2022,3.0,8.0,1.0,450.95,450.95,2022-03-08 01:00:00
2022,3.0,8.0,2.0,449.5,449.5,2022-03-08 02:00:00
2022,3.0,8.0,3.0,449.5,449.5,2022-03-08 03:00:00
2022,3.0,8.0,4.0,424.88,424.88,2022-03-08 04:00:00
2022,3.0,8.0,5.0,429.89,429.89,2022-03-08 05:00:00
2022,3.0,8.0,6.0,449.6,449.6,2022-03-08 06:00:00
2022,3.0,8.0,7.0,550.0,550.0,2022-03-08 07:00:00
2022,3.0,8.0,8.0,600.0,600.0,2022-03-08 08:00:00
2022,3.0,8.0,9.0,645.0,645.0,2022-03-08 09:00:00
2022,3.0,8.0,10.0,601.0,601.0,2022-03-08 10:00:00
2022,3.0,8.0,11.0,582.0,582.0,2022-03-08 11:00:00
2022,3.0,8.0,12.0,548.09,548.09,2022-03-08 12:00:00
2022,3.0,8.0,13.0,515.4,515.4,2022-03-08 13:00:00
2022,3.0,8.0,14.0,460.0,460.0,2022-03-08 14:00:00
2022,3.0,8.0,15.0,449.9,449.9,2022-03-08 15:00:00
2022,3.0,8.0,16.0,449.6,449.6,2022-03-08 16:00:00
2022,3.0,8.0,17.0,514.31,514.31,2022-03-08 17:00:00
2022,3.0,8.0,18.0,603.08,603.08,2022-03-08 18:00:00
2022,3.0,8.0,19.0,651.0,651.0,2022-03-08 19:00:00
2022,3.0,8.0,20.0,651.0,700.0,2022-03-08 20:00:00
2022,3.0,8.0,21.0,651.0,654.91,2022-03-08 21:00:00
2022,3.0,8.0,22.0,651.0,651.0,2022-03-08 22:00:00
2022,3.0,8.0,23.0,650.0,650.0,2022-03-08 23:00:00
2022,3.0,8.0,24.0,600.0,600.0,2022-03-09 00:00:00
2022,3.0,9.0,1.0,510.26,510.26,2022-03-09 01:00:00
2022,3.0,9.0,2.0,450.01,450.01,2022-03-09 02:00:00
2022,3.0,9.0,3.0,425.0,425.0,2022-03-09 03:00:00
2022,3.0,9.0,4.0,420.03,420.03,2022-03-09 04:00:00
2022,3.0,9.0,5.0,420.03,420.03,2022-03-09 05:00:00
2022,3.0,9.0,6.0,440.0,440.0,2022-03-09 06:00:00
2022,3.0,9.0,7.0,523.76,523.76,2022-03-09 07:00:00
2022,3.0,9.0,8.0,579.45,579.45,2022-03-09 08:00:00
2022,3.0,9.0,9.0,554.76,554.76,2022-03-09 09:00:00
2022,3.0,9.0,10.0,504.54,504.54,2022-03-09 10:00:00
2022,3.0,9.0,11.0,439.6,439.6,2022-03-09 11:00:00
2022,3.0,9.0,12.0,398.12,398.12,2022-03-09 12:00:00
2022,3.0,9.0,13.0,359.71,359.71,2022-03-09 13:00:00
2022,3.0,9.0,14.0,356.74,356.74,2022-03-09 14:00:00
2022,3.0,9.0,15.0,368.98,368.98,2022-03-09 15:00:00
2022,3.0,9.0,16.0,393.13,393.13,2022-03-09 16:00:00
2022,3.0,9.0,17.0,425.09,425.09,2022-03-09 17:00:00
2022,3.0,9.0,18.0,518.42,518.42,2022-03-09 18:00:00
2022,3.0,9.0,19.0,549.73,549.73,2022-03-09 19:00:00
2022,3.0,9.0,20.0,605.0,605.0,2022-03-09 20:00:00
2022,3.0,9.0,21.0,560.0,560.0,2022-03-09 21:00:00
2022,3.0,9.0,22.0,549.73,549.73,2022-03-09 22:00:00
2022,3.0,9.0,23.0,523.76,523.76,2022-03-09 23:00:00
2022,3.0,9.0,24.0,475.44,475.44,2022-03-10 00:00:00
2022,3.0,10.0,1.0,378.0,378.0,2022-03-10 01:00:00
2022,3.0,10.0,2.0,320.93,320.93,2022-03-10 02:00:00
2022,3.0,10.0,3.0,321.59,321.59,2022-03-10 03:00:00
2022,3.0,10.0,4.0,319.9,319.9,2022-03-10 04:00:00
2022,3.0,10.0,5.0,319.9,319.9,2022-03-10 05:00:00
2022,3.0,10.0,6.0,335.01,335.01,2022-03-10 06:00:00
2022,3.0,10.0,7.0,414.66,414.66,2022-03-10 07:00:00
2022,3.0,10.0,8.0,436.06,436.06,2022-03-10 08:00:00
2022,3.0,10.0,9.0,452.69,452.69,2022-03-10 09:00:00
2022,3.0,10.0,10.0,422.6,422.6,2022-03-10 10:00:00
2022,3.0,10.0,11.0,400.95,400.95,2022-03-10 11:00:00
2022,3.0,10.0,12.0,356.35,356.35,2022-03-10 12:00:00
2022,3.0,10.0,13.0,361.4,361.4,2022-03-10 13:00:00
2022,3.0,10.0,14.0,345.92,345.92,2022-03-10 14:00:00
2022,3.0,10.0,15.0,320.93,320.93,2022-03-10 15:00:00
2022,3.0,10.0,16.0,320.0,320.0,2022-03-10 16:00:00
2022,3.0,10.0,17.0,319.6,319.6,2022-03-10 17:00:00
2022,3.0,10.0,18.0,387.01,387.01,2022-03-10 18:00:00
2022,3.0,10.0,19.0,415.64,415.64,2022-03-10 19:00:00
2022,3.0,10.0,20.0,443.75,443.75,2022-03-10 20:00:00
2022,3.0,10.0,21.0,430.01,430.01,2022-03-10 21:00:00
2022,3.0,10.0,22.0,408.29,408.29,2022-03-10 22:00:00
2022,3.0,10.0,23.0,323.25,323.25,2022-03-10 23:00:00
2022,3.0,10.0,24.0,319.5,319.5,2022-03-11 00:00:00
2022,3.0,11.0,1.0,270.0,270.0,2022-03-11 01:00:00
2022,3.0,11.0,2.0,249.99,249.99,2022-03-11 02:00:00
2022,3.0,11.0,3.0,230.22,230.22,2022-03-11 03:00:00
2022,3.0,11.0,4.0,193.87,193.87,2022-03-11 04:00:00
2022,3.0,11.0,5.0,144.8,144.8,2022-03-11 05:00:00
2022,3.0,11.0,6.0,169.96,169.96,2022-03-11 06:00:00
2022,3.0,11.0,7.0,269.4,269.4,2022-03-11 07:00:00
2022,3.0,11.0,8.0,302.95,302.95,2022-03-11 08:00:00
2022,3.0,11.0,9.0,311.53,311.53,2022-03-11 09:00:00
2022,3.0,11.0,10.0,309.41,309.41,2022-03-11 10:00:00
2022,3.0,11.0,11.0,300.01,300.01,2022-03-11 11:00:00
2022,3.0,11.0,12.0,273.94,273.94,2022-03-11 12:00:00
2022,3.0,11.0,13.0,277.17,277.17,2022-03-11 13:00:00
2022,3.0,11.0,14.0,270.0,270.0,2022-03-11 14:00:00
2022,3.0,11.0,15.0,274.4,274.4,2022-03-11 15:00:00
2022,3.0,11.0,16.0,271.99,271.99,2022-03-11 16:00:00
2022,3.0,11.0,17.0,274.73,274.73,2022-03-11 17:00:00
2022,3.0,11.0,18.0,299.99,299.99,2022-03-11 18:00:00
2022,3.0,11.0,19.0,310.8,310.8,2022-03-11 19:00:00
2022,3.0,11.0,20.0,350.0,350.0,2022-03-11 20:00:00
2022,3.0,11.0,21.0,397.02,397.02,2022-03-11 21:00:00
2022,3.0,11.0,22.0,403.97,403.97,2022-03-11 22:00:00
2022,3.0,11.0,23.0,341.95,341.95,2022-03-11 23:00:00
2022,3.0,11.0,24.0,331.79,331.79,2022-03-12 00:00:00
2022,3.0,12.0,1.0,290.0,290.0,2022-03-12 01:00:00
2022,3.0,12.0,2.0,281.96,281.96,2022-03-12 02:00:00
2022,3.0,12.0,3.0,275.2,275.2,2022-03-12 03:00:00
2022,3.0,12.0,4.0,244.18,244.18,2022-03-12 04:00:00
2022,3.0,12.0,5.0,238.22,238.22,2022-03-12 05:00:00
2022,3.0,12.0,6.0,250.0,250.0,2022-03-12 06:00:00
2022,3.0,12.0,7.0,249.41,249.41,2022-03-12 07:00:00
2022,3.0,12.0,8.0,267.49,267.49,2022-03-12 08:00:00
2022,3.0,12.0,9.0,256.0,256.0,2022-03-12 09:00:00
2022,3.0,12.0,10.0,242.0,242.0,2022-03-12 10:00:00
2022,3.0,12.0,11.0,212.95,212.95,2022-03-12 11:00:00
2022,3.0,12.0,12.0,204.6,204.6,2022-03-12 12:00:00
2022,3.0,12.0,13.0,199.54,199.54,2022-03-12 13:00:00
2022,3.0,12.0,14.0,199.54,199.54,2022-03-12 14:00:00
2022,3.0,12.0,15.0,195.15,195.15,2022-03-12 15:00:00
2022,3.0,12.0,16.0,196.27,196.27,2022-03-12 16:00:00
2022,3.0,12.0,17.0,204.4,204.4,2022-03-12 17:00:00
2022,3.0,12.0,18.0,215.0,215.0,2022-03-12 18:00:00
2022,3.0,12.0,19.0,284.41,284.41,2022-03-12 19:00:00
2022,3.0,12.0,20.0,290.96,290.96,2022-03-12 20:00:00
2022,3.0,12.0,21.0,292.91,292.91,2022-03-12 21:00:00
2022,3.0,12.0,22.0,282.72,282.72,2022-03-12 22:00:00
2022,3.0,12.0,23.0,269.55,269.55,2022-03-12 23:00:00
2022,3.0,12.0,24.0,262.77,262.77,2022-03-13 00:00:00
2022,3.0,13.0,1.0,214.5,214.5,2022-03-13 01:00:00
2022,3.0,13.0,2.0,211.42,211.42,2022-03-13 02:00:00
2022,3.0,13.0,3.0,207.0,207.0,2022-03-13 03:00:00
2022,3.0,13.0,4.0,189.31,189.31,2022-03-13 04:00:00
2022,3.0,13.0,5.0,190.51,174.51,2022-03-13 05:00:00
2022,3.0,13.0,6.0,200.0,200.0,2022-03-13 06:00:00
2022,3.0,13.0,7.0,213.69,213.69,2022-03-13 07:00:00
2022,3.0,13.0,8.0,215.0,215.0,2022-03-13 08:00:00
2022,3.0,13.0,9.0,214.9,214.9,2022-03-13 09:00:00
2022,3.0,13.0,10.0,250.0,250.0,2022-03-13 10:00:00
2022,3.0,13.0,11.0,220.67,220.67,2022-03-13 11:00:00
2022,3.0,13.0,12.0,215.0,215.0,2022-03-13 12:00:00
2022,3.0,13.0,13.0,215.3,215.3,2022-03-13 13:00:00
2022,3.0,13.0,14.0,252.95,252.95,2022-03-13 14:00:00
2022,3.0,13.0,15.0,225.18,225.18,2022-03-13 15:00:00
2022,3.0,13.0,16.0,223.47,223.47,2022-03-13 16:00:00
2022,3.0,13.0,17.0,225.55,225.55,2022-03-13 17:00:00
2022,3.0,13.0,18.0,260.01,260.01,2022-03-13 18:00:00
2022,3.0,13.0,19.0,290.0,290.0,2022-03-13 19:00:00
2022,3.0,13.0,20.0,362.02,362.02,2022-03-13 20:00:00
2022,3.0,13.0,21.0,389.9,389.9,2022-03-13 21:00:00
2022,3.0,13.0,22.0,351.1,351.1,2022-03-13 22:00:00
2022,3.0,13.0,23.0,321.96,321.96,2022-03-13 23:00:00
2022,3.0,13.0,24.0,305.91,305.91,2022-03-14 00:00:00
2022,3.0,14.0,1.0,291.55,291.55,2022-03-14 01:00:00
2022,3.0,14.0,2.0,280.03,280.03,2022-03-14 02:00:00
2022,3.0,14.0,3.0,232.24,232.24,2022-03-14 03:00:00
2022,3.0,14.0,4.0,224.76,224.76,2022-03-14 04:00:00
2022,3.0,14.0,5.0,219.91,219.91,2022-03-14 05:00:00
2022,3.0,14.0,6.0,230.06,230.06,2022-03-14 06:00:00
2022,3.0,14.0,7.0,277.8,277.8,2022-03-14 07:00:00
2022,3.0,14.0,8.0,288.33,288.33,2022-03-14 08:00:00
2022,3.0,14.0,9.0,295.0,295.0,2022-03-14 09:00:00
2022,3.0,14.0,10.0,292.34,292.34,2022-03-14 10:00:00
2022,3.0,14.0,11.0,288.33,288.33,2022-03-14 11:00:00
2022,3.0,14.0,12.0,280.98,280.98,2022-03-14 12:00:00
2022,3.0,14.0,13.0,258.0,258.0,2022-03-14 13:00:00
2022,3.0,14.0,14.0,221.1,221.1,2022-03-14 14:00:00
2022,3.0,14.0,15.0,215.3,215.3,2022-03-14 15:00:00
2022,3.0,14.0,16.0,214.8,214.8,2022-03-14 16:00:00
2022,3.0,14.0,17.0,214.48,214.48,2022-03-14 17:00:00
2022,3.0,14.0,18.0,214.8,214.8,2022-03-14 18:00:00
2022,3.0,14.0,19.0,219.0,219.0,2022-03-14 19:00:00
2022,3.0,14.0,20.0,265.32,265.32,2022-03-14 20:00:00
2022,3.0,14.0,21.0,281.96,281.96,2022-03-14 21:00:00
2022,3.0,14.0,22.0,280.01,280.01,2022-03-14 22:00:00
2022,3.0,14.0,23.0,240.0,240.0,2022-03-14 23:00:00
2022,3.0,14.0,24.0,214.8,214.8,2022-03-15 00:00:00
2022,3.0,15.0,1.0,215.54,215.54,2022-03-15 01:00:00
2022,3.0,15.0,2.0,211.15,211.15,2022-03-15 02:00:00
2022,3.0,15.0,3.0,209.8,209.8,2022-03-15 03:00:00
2022,3.0,15.0,4.0,209.79,209.79,2022-03-15 04:00:00
2022,3.0,15.0,5.0,209.8,209.8,2022-03-15 05:00:00
2022,3.0,15.0,6.0,210.0,210.0,2022-03-15 06:00:00
2022,3.0,15.0,7.0,212.79,212.79,2022-03-15 07:00:00
2022,3.0,15.0,8.0,242.73,242.73,2022-03-15 08:00:00
2022,3.0,15.0,9.0,259.22,259.22,2022-03-15 09:00:00
2022,3.0,15.0,10.0,259.22,259.22,2022-03-15 10:00:00
2022,3.0,15.0,11.0,255.0,255.0,2022-03-15 11:00:00
2022,3.0,15.0,12.0,255.0,255.0,2022-03-15 12:00:00
2022,3.0,15.0,13.0,248.12,248.12,2022-03-15 13:00:00
2022,3.0,15.0,14.0,247.63,247.63,2022-03-15 14:00:00
2022,3.0,15.0,15.0,247.14,247.14,2022-03-15 15:00:00
2022,3.0,15.0,16.0,253.67,253.67,2022-03-15 16:00:00
2022,3.0,15.0,17.0,253.67,253.67,2022-03-15 17:00:00
2022,3.0,15.0,18.0,253.67,253.67,2022-03-15 18:00:00
2022,3.0,15.0,19.0,277.8,277.8,2022-03-15 19:00:00
2022,3.0,15.0,20.0,297.01,297.01,2022-03-15 20:00:00
2022,3.0,15.0,21.0,311.71,311.71,2022-03-15 21:00:00
2022,3.0,15.0,22.0,304.19,304.19,2022-03-15 22:00:00
2022,3.0,15.0,23.0,283.17,283.17,2022-03-15 23:00:00
2022,3.0,15.0,24.0,264.11,264.11,2022-03-16 00:00:00
2022,3.0,16.0,1.0,253.41,253.41,2022-03-16 01:00:00
2022,3.0,16.0,2.0,251.4,251.4,2022-03-16 02:00:00
2022,3.0,16.0,3.0,247.5,247.5,2022-03-16 03:00:00
2022,3.0,16.0,4.0,240.01,240.01,2022-03-16 04:00:00
2022,3.0,16.0,5.0,238.5,238.5,2022-03-16 05:00:00
2022,3.0,16.0,6.0,249.72,249.72,2022-03-16 06:00:00
2022,3.0,16.0,7.0,286.48,286.48,2022-03-16 07:00:00
2022,3.0,16.0,8.0,300.0,300.0,2022-03-16 08:00:00
2022,3.0,16.0,9.0,306.7,306.7,2022-03-16 09:00:00
2022,3.0,16.0,10.0,295.94,295.94,2022-03-16 10:00:00
2022,3.0,16.0,11.0,276.6,276.6,2022-03-16 11:00:00
2022,3.0,16.0,12.0,265.36,265.36,2022-03-16 12:00:00
2022,3.0,16.0,13.0,270.24,270.24,2022-03-16 13:00:00
2022,3.0,16.0,14.0,270.68,270.68,2022-03-16 14:00:00
2022,3.0,16.0,15.0,275.08,275.08,2022-03-16 15:00:00
2022,3.0,16.0,16.0,273.2,273.2,2022-03-16 16:00:00
2022,3.0,16.0,17.0,265.1,265.1,2022-03-16 17:00:00
2022,3.0,16.0,18.0,272.77,272.77,2022-03-16 18:00:00
2022,3.0,16.0,19.0,252.84,252.84,2022-03-16 19:00:00
2022,3.0,16.0,20.0,261.55,261.55,2022-03-16 20:00:00
2022,3.0,16.0,21.0,275.86,275.86,2022-03-16 21:00:00
2022,3.0,16.0,22.0,260.63,260.63,2022-03-16 22:00:00
2022,3.0,16.0,23.0,246.42,246.42,2022-03-16 23:00:00
2022,3.0,16.0,24.0,191.54,191.54,2022-03-17 00:00:00
2022,3.0,17.0,1.0,205.1,205.1,2022-03-17 01:00:00
2022,3.0,17.0,2.0,196.0,196.0,2022-03-17 02:00:00
2022,3.0,17.0,3.0,187.79,187.79,2022-03-17 03:00:00
2022,3.0,17.0,4.0,184.49,184.49,2022-03-17 04:00:00
2022,3.0,17.0,5.0,184.49,184.49,2022-03-17 05:00:00
2022,3.0,17.0,6.0,186.15,186.15,2022-03-17 06:00:00
2022,3.0,17.0,7.0,190.54,190.54,2022-03-17 07:00:00
2022,3.0,17.0,8.0,236.43,236.43,2022-03-17 08:00:00
2022,3.0,17.0,9.0,236.78,236.78,2022-03-17 09:00:00
2022,3.0,17.0,10.0,227.76,227.76,2022-03-17 10:00:00
2022,3.0,17.0,11.0,205.2,205.2,2022-03-17 11:00:00
2022,3.0,17.0,12.0,194.0,194.0,2022-03-17 12:00:00
2022,3.0,17.0,13.0,200.0,200.0,2022-03-17 13:00:00
2022,3.0,17.0,14.0,200.0,200.0,2022-03-17 14:00:00
2022,3.0,17.0,15.0,195.5,195.5,2022-03-17 15:00:00
2022,3.0,17.0,16.0,204.9,204.9,2022-03-17 16:00:00
2022,3.0,17.0,17.0,205.1,205.1,2022-03-17 17:00:00
2022,3.0,17.0,18.0,227.0,227.0,2022-03-17 18:00:00
2022,3.0,17.0,19.0,237.09,237.09,2022-03-17 19:00:00
2022,3.0,17.0,20.0,270.6,270.6,2022-03-17 20:00:00
2022,3.0,17.0,21.0,295.92,295.92,2022-03-17 21:00:00
2022,3.0,17.0,22.0,259.29,259.29,2022-03-17 22:00:00
2022,3.0,17.0,23.0,244.66,244.66,2022-03-17 23:00:00
2022,3.0,17.0,24.0,236.22,236.22,2022-03-18 00:00:00
2022,3.0,18.0,1.0,203.0,203.0,2022-03-18 01:00:00
2022,3.0,18.0,2.0,199.0,199.0,2022-03-18 02:00:00
2022,3.0,18.0,3.0,198.88,198.88,2022-03-18 03:00:00
2022,3.0,18.0,4.0,198.88,198.88,2022-03-18 04:00:00
2022,3.0,18.0,5.0,198.88,198.88,2022-03-18 05:00:00
2022,3.0,18.0,6.0,200.0,200.0,2022-03-18 06:00:00
2022,3.0,18.0,7.0,203.1,203.1,2022-03-18 07:00:00
2022,3.0,18.0,8.0,243.77,243.77,2022-03-18 08:00:00
2022,3.0,18.0,9.0,249.06,249.06,2022-03-18 09:00:00
2022,3.0,18.0,10.0,245.54,245.54,2022-03-18 10:00:00
2022,3.0,18.0,11.0,239.98,239.98,2022-03-18 11:00:00
2022,3.0,18.0,12.0,225.0,225.0,2022-03-18 12:00:00
2022,3.0,18.0,13.0,224.47,224.47,2022-03-18 13:00:00
2022,3.0,18.0,14.0,212.46,212.46,2022-03-18 14:00:00
2022,3.0,18.0,15.0,211.88,211.88,2022-03-18 15:00:00
2022,3.0,18.0,16.0,225.0,225.0,2022-03-18 16:00:00
2022,3.0,18.0,17.0,239.53,239.53,2022-03-18 17:00:00
2022,3.0,18.0,18.0,245.54,245.54,2022-03-18 18:00:00
2022,3.0,18.0,19.0,275.31,275.31,2022-03-18 19:00:00
2022,3.0,18.0,20.0,286.52,286.52,2022-03-18 20:00:00
2022,3.0,18.0,21.0,290.19,290.19,2022-03-18 21:00:00
2022,3.0,18.0,22.0,282.5,282.5,2022-03-18 22:00:00
2022,3.0,18.0,23.0,255.01,255.01,2022-03-18 23:00:00
2022,3.0,18.0,24.0,221.27,221.27,2022-03-19 00:00:00
2022,3.0,19.0,1.0,259.92,259.92,2022-03-19 01:00:00
2022,3.0,19.0,2.0,249.06,249.06,2022-03-19 02:00:00
2022,3.0,19.0,3.0,225.0,225.0,2022-03-19 03:00:00
2022,3.0,19.0,4.0,197.88,197.88,2022-03-19 04:00:00
2022,3.0,19.0,5.0,195.13,195.13,2022-03-19 05:00:00
2022,3.0,19.0,6.0,195.13,195.13,2022-03-19 06:00:00
2022,3.0,19.0,7.0,214.95,214.95,2022-03-19 07:00:00
2022,3.0,19.0,8.0,204.14,204.14,2022-03-19 08:00:00
2022,3.0,19.0,9.0,234.64,234.64,2022-03-19 09:00:00
2022,3.0,19.0,10.0,237.97,237.97,2022-03-19 10:00:00
2022,3.0,19.0,11.0,227.75,227.75,2022-03-19 11:00:00
2022,3.0,19.0,12.0,193.49,193.49,2022-03-19 12:00:00
2022,3.0,19.0,13.0,192.13,192.13,2022-03-19 13:00:00
2022,3.0,19.0,14.0,188.1,188.1,2022-03-19 14:00:00
2022,3.0,19.0,15.0,187.77,187.77,2022-03-19 15:00:00
2022,3.0,19.0,16.0,187.07,187.07,2022-03-19 16:00:00
2022,3.0,19.0,17.0,188.85,188.85,2022-03-19 17:00:00
2022,3.0,19.0,18.0,195.13,195.13,2022-03-19 18:00:00
2022,3.0,19.0,19.0,230.0,230.0,2022-03-19 19:00:00
2022,3.0,19.0,20.0,285.02,285.02,2022-03-19 20:00:00
2022,3.0,19.0,21.0,280.46,280.46,2022-03-19 21:00:00
2022,3.0,19.0,22.0,259.92,259.92,2022-03-19 22:00:00
2022,3.0,19.0,23.0,249.94,249.94,2022-03-19 23:00:00
2022,3.0,19.0,24.0,246.42,246.42,2022-03-20 00:00:00
2022,3.0,20.0,1.0,215.49,215.49,2022-03-20 01:00:00
2022,3.0,20.0,2.0,216.31,216.31,2022-03-20 02:00:00
2022,3.0,20.0,3.0,208.69,208.69,2022-03-20 03:00:00
2022,3.0,20.0,4.0,199.3,199.3,2022-03-20 04:00:00
2022,3.0,20.0,5.0,198.8,198.8,2022-03-20 05:00:00
2022,3.0,20.0,6.0,198.9,198.9,2022-03-20 06:00:00
2022,3.0,20.0,7.0,206.76,206.76,2022-03-20 07:00:00
2022,3.0,20.0,8.0,214.0,214.0,2022-03-20 08:00:00
2022,3.0,20.0,9.0,199.2,199.2,2022-03-20 09:00:00
2022,3.0,20.0,10.0,199.2,199.2,2022-03-20 10:00:00
2022,3.0,20.0,11.0,199.0,199.0,2022-03-20 11:00:00
2022,3.0,20.0,12.0,198.88,198.88,2022-03-20 12:00:00
2022,3.0,20.0,13.0,191.89,191.89,2022-03-20 13:00:00
2022,3.0,20.0,14.0,193.0,193.0,2022-03-20 14:00:00
2022,3.0,20.0,15.0,190.0,190.0,2022-03-20 15:00:00
2022,3.0,20.0,16.0,186.8,186.8,2022-03-20 16:00:00
2022,3.0,20.0,17.0,186.8,186.8,2022-03-20 17:00:00
2022,3.0,20.0,18.0,189.13,189.13,2022-03-20 18:00:00
2022,3.0,20.0,19.0,198.8,198.8,2022-03-20 19:00:00
2022,3.0,20.0,20.0,238.93,238.93,2022-03-20 20:00:00
2022,3.0,20.0,21.0,250.0,250.0,2022-03-20 21:00:00
2022,3.0,20.0,22.0,248.52,248.52,2022-03-20 22:00:00
2022,3.0,20.0,23.0,243.0,243.0,2022-03-20 23:00:00
2022,3.0,20.0,24.0,199.3,199.3,2022-03-21 00:00:00
2022,3.0,21.0,1.0,218.69,218.69,2022-03-21 01:00:00
2022,3.0,21.0,2.0,195.76,195.76,2022-03-21 02:00:00
2022,3.0,21.0,3.0,194.75,194.75,2022-03-21 03:00:00
2022,3.0,21.0,4.0,192.6,192.6,2022-03-21 04:00:00
2022,3.0,21.0,5.0,189.99,189.99,2022-03-21 05:00:00
2022,3.0,21.0,6.0,194.75,194.75,2022-03-21 06:00:00
2022,3.0,21.0,7.0,211.48,211.48,2022-03-21 07:00:00
2022,3.0,21.0,8.0,244.0,244.0,2022-03-21 08:00:00
2022,3.0,21.0,9.0,246.42,246.42,2022-03-21 09:00:00
2022,3.0,21.0,10.0,248.18,248.18,2022-03-21 10:00:00
2022,3.0,21.0,11.0,242.28,242.28,2022-03-21 11:00:00
2022,3.0,21.0,12.0,218.69,218.69,2022-03-21 12:00:00
2022,3.0,21.0,13.0,222.21,222.21,2022-03-21 13:00:00
2022,3.0,21.0,14.0,218.5,218.5,2022-03-21 14:00:00
2022,3.0,21.0,15.0,215.85,215.85,2022-03-21 15:00:00
2022,3.0,21.0,16.0,216.06,216.06,2022-03-21 16:00:00
2022,3.0,21.0,17.0,235.51,235.51,2022-03-21 17:00:00
2022,3.0,21.0,18.0,248.18,248.18,2022-03-21 18:00:00
2022,3.0,21.0,19.0,264.11,264.11,2022-03-21 19:00:00
2022,3.0,21.0,20.0,276.88,276.88,2022-03-21 20:00:00
2022,3.0,21.0,21.0,287.57,287.57,2022-03-21 21:00:00
2022,3.0,21.0,22.0,261.44,261.44,2022-03-21 22:00:00
2022,3.0,21.0,23.0,240.29,240.29,2022-03-21 23:00:00
2022,3.0,21.0,24.0,228.88,228.88,2022-03-22 00:00:00
2022,3.0,22.0,1.0,223.0,223.0,2022-03-22 01:00:00
2022,3.0,22.0,2.0,215.0,215.0,2022-03-22 02:00:00
2022,3.0,22.0,3.0,207.0,207.0,2022-03-22 03:00:00
2022,3.0,22.0,4.0,198.5,198.5,2022-03-22 04:00:00
2022,3.0,22.0,5.0,203.0,203.0,2022-03-22 05:00:00
2022,3.0,22.0,6.0,214.73,214.73,2022-03-22 06:00:00
2022,3.0,22.0,7.0,216.16,216.16,2022-03-22 07:00:00
2022,3.0,22.0,8.0,246.58,246.58,2022-03-22 08:00:00
2022,3.0,22.0,9.0,251.58,251.58,2022-03-22 09:00:00
2022,3.0,22.0,10.0,246.21,246.21,2022-03-22 10:00:00
2022,3.0,22.0,11.0,217.98,217.98,2022-03-22 11:00:00
2022,3.0,22.0,12.0,212.63,212.63,2022-03-22 12:00:00
2022,3.0,22.0,13.0,214.83,214.83,2022-03-22 13:00:00
2022,3.0,22.0,14.0,197.99,197.99,2022-03-22 14:00:00
2022,3.0,22.0,15.0,194.75,194.75,2022-03-22 15:00:00
2022,3.0,22.0,16.0,199.86,199.86,2022-03-22 16:00:00
2022,3.0,22.0,17.0,230.01,230.01,2022-03-22 17:00:00
2022,3.0,22.0,18.0,245.47,245.47,2022-03-22 18:00:00
2022,3.0,22.0,19.0,245.7,245.7,2022-03-22 19:00:00
2022,3.0,22.0,20.0,256.37,256.37,2022-03-22 20:00:00
2022,3.0,22.0,21.0,278.9,278.9,2022-03-22 21:00:00
2022,3.0,22.0,22.0,256.0,256.0,2022-03-22 22:00:00
2022,3.0,22.0,23.0,242.18,242.18,2022-03-22 23:00:00
2022,3.0,22.0,24.0,212.99,212.99,2022-03-23 00:00:00
2022,3.0,23.0,1.0,219.48,219.48,2022-03-23 01:00:00
2022,3.0,23.0,2.0,189.0,189.0,2022-03-23 02:00:00
2022,3.0,23.0,3.0,182.0,182.0,2022-03-23 03:00:00
2022,3.0,23.0,4.0,181.6,181.6,2022-03-23 04:00:00
2022,3.0,23.0,5.0,180.28,180.28,2022-03-23 05:00:00
2022,3.0,23.0,6.0,181.6,181.6,2022-03-23 06:00:00
2022,3.0,23.0,7.0,182.0,182.0,2022-03-23 07:00:00
2022,3.0,23.0,8.0,229.66,229.66,2022-03-23 08:00:00
2022,3.0,23.0,9.0,239.62,239.62,2022-03-23 09:00:00
2022,3.0,23.0,10.0,239.38,239.38,2022-03-23 10:00:00
2022,3.0,23.0,11.0,219.1,219.1,2022-03-23 11:00:00
2022,3.0,23.0,12.0,209.77,209.77,2022-03-23 12:00:00
2022,3.0,23.0,13.0,204.99,204.99,2022-03-23 13:00:00
2022,3.0,23.0,14.0,197.54,197.54,2022-03-23 14:00:00
2022,3.0,23.0,15.0,196.8,196.8,2022-03-23 15:00:00
2022,3.0,23.0,16.0,202.6,202.6,2022-03-23 16:00:00
2022,3.0,23.0,17.0,216.0,216.0,2022-03-23 17:00:00
2022,3.0,23.0,18.0,219.05,219.05,2022-03-23 18:00:00
2022,3.0,23.0,19.0,230.0,230.0,2022-03-23 19:00:00
2022,3.0,23.0,20.0,243.05,243.05,2022-03-23 20:00:00
2022,3.0,23.0,21.0,249.3,249.3,2022-03-23 21:00:00
2022,3.0,23.0,22.0,245.0,245.0,2022-03-23 22:00:00
2022,3.0,23.0,23.0,229.66,229.66,2022-03-23 23:00:00
2022,3.0,23.0,24.0,211.0,211.0,2022-03-24 00:00:00
2022,3.0,24.0,1.0,220.78,220.78,2022-03-24 01:00:00
2022,3.0,24.0,2.0,212.87,212.87,2022-03-24 02:00:00
2022,3.0,24.0,3.0,189.0,189.0,2022-03-24 03:00:00
2022,3.0,24.0,4.0,183.15,183.15,2022-03-24 04:00:00
2022,3.0,24.0,5.0,183.3,183.3,2022-03-24 05:00:00
2022,3.0,24.0,6.0,195.0,195.0,2022-03-24 06:00:00
2022,3.0,24.0,7.0,228.76,228.76,2022-03-24 07:00:00
2022,3.0,24.0,8.0,240.26,240.26,2022-03-24 08:00:00
2022,3.0,24.0,9.0,242.65,242.65,2022-03-24 09:00:00
2022,3.0,24.0,10.0,245.54,245.54,2022-03-24 10:00:00
2022,3.0,24.0,11.0,239.8,239.8,2022-03-24 11:00:00
2022,3.0,24.0,12.0,221.99,221.99,2022-03-24 12:00:00
2022,3.0,24.0,13.0,213.1,213.1,2022-03-24 13:00:00
2022,3.0,24.0,14.0,215.3,215.3,2022-03-24 14:00:00
2022,3.0,24.0,15.0,215.36,215.36,2022-03-24 15:00:00
2022,3.0,24.0,16.0,212.92,212.92,2022-03-24 16:00:00
2022,3.0,24.0,17.0,232.58,232.58,2022-03-24 17:00:00
2022,3.0,24.0,18.0,243.62,243.62,2022-03-24 18:00:00
2022,3.0,24.0,19.0,242.9,242.9,2022-03-24 19:00:00
2022,3.0,24.0,20.0,248.18,248.18,2022-03-24 20:00:00
2022,3.0,24.0,21.0,270.0,270.0,2022-03-24 21:00:00
2022,3.0,24.0,22.0,250.0,250.0,2022-03-24 22:00:00
2022,3.0,24.0,23.0,240.04,240.04,2022-03-24 23:00:00
2022,3.0,24.0,24.0,230.0,230.0,2022-03-25 00:00:00
2022,3.0,25.0,1.0,262.48,262.48,2022-03-25 01:00:00
2022,3.0,25.0,2.0,245.51,245.51,2022-03-25 02:00:00
2022,3.0,25.0,3.0,234.29,234.29,2022-03-25 03:00:00
2022,3.0,25.0,4.0,230.15,230.15,2022-03-25 04:00:00
2022,3.0,25.0,5.0,226.01,226.01,2022-03-25 05:00:00
2022,3.0,25.0,6.0,250.0,250.0,2022-03-25 06:00:00
2022,3.0,25.0,7.0,260.0,260.0,2022-03-25 07:00:00
2022,3.0,25.0,8.0,270.0,281.86,2022-03-25 08:00:00
2022,3.0,25.0,9.0,275.0,287.39,2022-03-25 09:00:00
2022,3.0,25.0,10.0,290.9,290.9,2022-03-25 10:00:00
2022,3.0,25.0,11.0,282.74,282.74,2022-03-25 11:00:00
2022,3.0,25.0,12.0,264.99,264.99,2022-03-25 12:00:00
2022,3.0,25.0,13.0,253.26,253.26,2022-03-25 13:00:00
2022,3.0,25.0,14.0,250.08,250.08,2022-03-25 14:00:00
2022,3.0,25.0,15.0,246.38,246.38,2022-03-25 15:00:00
2022,3.0,25.0,16.0,232.84,232.84,2022-03-25 16:00:00
2022,3.0,25.0,17.0,251.07,251.07,2022-03-25 17:00:00
2022,3.0,25.0,18.0,276.28,276.28,2022-03-25 18:00:00
2022,3.0,25.0,19.0,283.62,283.62,2022-03-25 19:00:00
2022,3.0,25.0,20.0,295.31,295.31,2022-03-25 20:00:00
2022,3.0,25.0,21.0,300.0,300.0,2022-03-25 21:00:00
2022,3.0,25.0,22.0,281.86,281.86,2022-03-25 22:00:00
2022,3.0,25.0,23.0,274.94,274.94,2022-03-25 23:00:00
2022,3.0,25.0,24.0,270.47,270.47,2022-03-26 00:00:00
2022,3.0,26.0,1.0,266.14,266.14,2022-03-26 01:00:00
2022,3.0,26.0,2.0,252.19,252.19,2022-03-26 02:00:00
2022,3.0,26.0,3.0,246.75,246.75,2022-03-26 03:00:00
2022,3.0,26.0,4.0,224.9,224.9,2022-03-26 04:00:00
2022,3.0,26.0,5.0,211.09,211.09,2022-03-26 05:00:00
2022,3.0,26.0,6.0,216.18,216.18,2022-03-26 06:00:00
2022,3.0,26.0,7.0,235.58,235.58,2022-03-26 07:00:00
2022,3.0,26.0,8.0,219.0,219.0,2022-03-26 08:00:00
2022,3.0,26.0,9.0,235.58,235.58,2022-03-26 09:00:00
2022,3.0,26.0,10.0,232.0,232.0,2022-03-26 10:00:00
2022,3.0,26.0,11.0,220.3,220.3,2022-03-26 11:00:00
2022,3.0,26.0,12.0,203.24,203.24,2022-03-26 12:00:00
2022,3.0,26.0,13.0,205.61,205.61,2022-03-26 13:00:00
2022,3.0,26.0,14.0,220.0,220.0,2022-03-26 14:00:00
2022,3.0,26.0,15.0,200.0,200.0,2022-03-26 15:00:00
2022,3.0,26.0,16.0,199.69,199.69,2022-03-26 16:00:00
2022,3.0,26.0,17.0,201.39,201.39,2022-03-26 17:00:00
2022,3.0,26.0,18.0,232.42,232.42,2022-03-26 18:00:00
2022,3.0,26.0,19.0,262.5,262.5,2022-03-26 19:00:00
2022,3.0,26.0,20.0,292.24,292.24,2022-03-26 20:00:00
2022,3.0,26.0,21.0,290.0,290.0,2022-03-26 21:00:00
2022,3.0,26.0,22.0,288.72,288.72,2022-03-26 22:00:00
2022,3.0,26.0,23.0,275.0,275.0,2022-03-26 23:00:00
2022,3.0,26.0,24.0,268.17,268.17,2022-03-27 00:00:00
2022,3.0,27.0,1.0,258.17,258.17,2022-03-27 01:00:00
2022,3.0,27.0,2.0,242.01,242.01,2022-03-27 02:00:00
2022,3.0,27.0,3.0,227.0,227.0,2022-03-27 03:00:00
2022,3.0,27.0,4.0,212.0,212.0,2022-03-27 04:00:00
2022,3.0,27.0,5.0,211.09,211.09,2022-03-27 05:00:00
2022,3.0,27.0,6.0,210.31,210.31,2022-03-27 06:00:00
2022,3.0,27.0,7.0,214.03,214.03,2022-03-27 07:00:00
2022,3.0,27.0,8.0,214.08,214.08,2022-03-27 08:00:00
2022,3.0,27.0,9.0,214.07,214.07,2022-03-27 09:00:00
2022,3.0,27.0,10.0,205.02,205.02,2022-03-27 10:00:00
2022,3.0,27.0,11.0,197.61,197.61,2022-03-27 11:00:00
2022,3.0,27.0,12.0,192.08,192.08,2022-03-27 12:00:00
2022,3.0,27.0,13.0,175.1,175.1,2022-03-27 13:00:00
2022,3.0,27.0,14.0,182.89,182.89,2022-03-27 14:00:00
2022,3.0,27.0,15.0,174.9,174.9,2022-03-27 15:00:00
2022,3.0,27.0,16.0,173.75,173.75,2022-03-27 16:00:00
2022,3.0,27.0,17.0,194.83,194.83,2022-03-27 17:00:00
2022,3.0,27.0,18.0,220.0,220.0,2022-03-27 18:00:00
2022,3.0,27.0,19.0,260.68,260.68,2022-03-27 19:00:00
2022,3.0,27.0,20.0,285.0,285.0,2022-03-27 20:00:00
2022,3.0,27.0,21.0,275.12,275.12,2022-03-27 21:00:00
2022,3.0,27.0,22.0,264.08,264.08,2022-03-27 22:00:00
2022,3.0,27.0,23.0,242.9,242.9,2022-03-27 23:00:00
2022,3.0,28.0,1.0,216.79,216.79,2022-03-28 01:00:00
2022,3.0,28.0,2.0,206.96,206.96,2022-03-28 02:00:00
2022,3.0,28.0,3.0,201.18,201.18,2022-03-28 03:00:00
2022,3.0,28.0,4.0,195.75,195.75,2022-03-28 04:00:00
2022,3.0,28.0,5.0,195.01,195.01,2022-03-28 05:00:00
2022,3.0,28.0,6.0,211.27,211.27,2022-03-28 06:00:00
2022,3.0,28.0,7.0,241.34,241.34,2022-03-28 07:00:00
2022,3.0,28.0,8.0,242.99,242.99,2022-03-28 08:00:00
2022,3.0,28.0,9.0,246.0,246.0,2022-03-28 09:00:00
2022,3.0,28.0,10.0,249.6,249.6,2022-03-28 10:00:00
2022,3.0,28.0,11.0,245.54,245.54,2022-03-28 11:00:00
2022,3.0,28.0,12.0,243.0,243.0,2022-03-28 12:00:00
2022,3.0,28.0,13.0,238.89,238.89,2022-03-28 13:00:00
2022,3.0,28.0,14.0,219.55,219.55,2022-03-28 14:00:00
2022,3.0,28.0,15.0,216.88,216.88,2022-03-28 15:00:00
2022,3.0,28.0,16.0,210.1,210.1,2022-03-28 16:00:00
2022,3.0,28.0,17.0,208.55,208.55,2022-03-28 17:00:00
2022,3.0,28.0,18.0,203.77,203.77,2022-03-28 18:00:00
2022,3.0,28.0,19.0,241.14,241.14,2022-03-28 19:00:00
2022,3.0,28.0,20.0,255.0,255.0,2022-03-28 20:00:00
2022,3.0,28.0,21.0,288.86,288.86,2022-03-28 21:00:00
2022,3.0,28.0,22.0,283.0,283.0,2022-03-28 22:00:00
2022,3.0,28.0,23.0,256.11,256.11,2022-03-28 23:00:00
2022,3.0,28.0,24.0,243.97,243.97,2022-03-29 00:00:00
2022,3.0,29.0,1.0,240.26,240.26,2022-03-29 01:00:00
2022,3.0,29.0,2.0,219.36,219.36,2022-03-29 02:00:00
2022,3.0,29.0,3.0,212.89,212.89,2022-03-29 03:00:00
2022,3.0,29.0,4.0,210.0,210.0,2022-03-29 04:00:00
2022,3.0,29.0,5.0,212.89,212.89,2022-03-29 05:00:00
2022,3.0,29.0,6.0,225.74,225.74,2022-03-29 06:00:00
2022,3.0,29.0,7.0,259.1,259.1,2022-03-29 07:00:00
2022,3.0,29.0,8.0,260.79,260.79,2022-03-29 08:00:00
2022,3.0,29.0,9.0,274.27,274.27,2022-03-29 09:00:00
2022,3.0,29.0,10.0,279.6,279.6,2022-03-29 10:00:00
2022,3.0,29.0,11.0,275.0,275.0,2022-03-29 11:00:00
2022,3.0,29.0,12.0,275.0,275.0,2022-03-29 12:00:00
2022,3.0,29.0,13.0,274.02,274.02,2022-03-29 13:00:00
2022,3.0,29.0,14.0,257.78,257.78,2022-03-29 14:00:00
2022,3.0,29.0,15.0,248.01,248.01,2022-03-29 15:00:00
2022,3.0,29.0,16.0,241.11,241.11,2022-03-29 16:00:00
2022,3.0,29.0,17.0,236.0,236.0,2022-03-29 17:00:00
2022,3.0,29.0,18.0,246.53,246.53,2022-03-29 18:00:00
2022,3.0,29.0,19.0,245.54,245.54,2022-03-29 19:00:00
2022,3.0,29.0,20.0,248.18,248.18,2022-03-29 20:00:00
2022,3.0,29.0,21.0,260.79,260.79,2022-03-29 21:00:00
2022,3.0,29.0,22.0,263.45,263.45,2022-03-29 22:00:00
2022,3.0,29.0,23.0,250.64,250.64,2022-03-29 23:00:00
2022,3.0,29.0,24.0,237.38,237.38,2022-03-30 00:00:00
2022,3.0,30.0,1.0,265.14,265.14,2022-03-30 01:00:00
2022,3.0,30.0,2.0,249.56,249.56,2022-03-30 02:00:00
2022,3.0,30.0,3.0,237.45,237.45,2022-03-30 03:00:00
2022,3.0,30.0,4.0,229.08,229.08,2022-03-30 04:00:00
2022,3.0,30.0,5.0,232.33,232.33,2022-03-30 05:00:00
2022,3.0,30.0,6.0,242.0,242.0,2022-03-30 06:00:00
2022,3.0,30.0,7.0,256.91,256.91,2022-03-30 07:00:00
2022,3.0,30.0,8.0,262.48,262.48,2022-03-30 08:00:00
2022,3.0,30.0,9.0,275.0,275.0,2022-03-30 09:00:00
2022,3.0,30.0,10.0,279.02,279.02,2022-03-30 10:00:00
2022,3.0,30.0,11.0,268.58,268.58,2022-03-30 11:00:00
2022,3.0,30.0,12.0,264.0,264.0,2022-03-30 12:00:00
2022,3.0,30.0,13.0,260.72,260.72,2022-03-30 13:00:00
2022,3.0,30.0,14.0,260.0,260.0,2022-03-30 14:00:00
2022,3.0,30.0,15.0,256.39,256.39,2022-03-30 15:00:00
2022,3.0,30.0,16.0,251.74,251.74,2022-03-30 16:00:00
2022,3.0,30.0,17.0,243.6,243.6,2022-03-30 17:00:00
2022,3.0,30.0,18.0,228.78,228.78,2022-03-30 18:00:00
2022,3.0,30.0,19.0,235.99,235.99,2022-03-30 19:00:00
2022,3.0,30.0,20.0,258.08,258.08,2022-03-30 20:00:00
2022,3.0,30.0,21.0,275.0,275.0,2022-03-30 21:00:00
2022,3.0,30.0,22.0,282.69,282.69,2022-03-30 22:00:00
2022,3.0,30.0,23.0,265.0,265.0,2022-03-30 23:00:00
2022,3.0,30.0,24.0,259.9,259.9,2022-03-31 00:00:00
2022,3.0,31.0,1.0,275.67,275.67,2022-03-31 01:00:00
2022,3.0,31.0,2.0,258.17,258.17,2022-03-31 02:00:00
2022,3.0,31.0,3.0,255.76,255.76,2022-03-31 03:00:00
2022,3.0,31.0,4.0,249.0,249.0,2022-03-31 04:00:00
2022,3.0,31.0,5.0,243.24,243.24,2022-03-31 05:00:00
2022,3.0,31.0,6.0,247.0,247.0,2022-03-31 06:00:00
2022,3.0,31.0,7.0,255.76,255.76,2022-03-31 07:00:00
2022,3.0,31.0,8.0,280.0,280.0,2022-03-31 08:00:00
2022,3.0,31.0,9.0,290.57,290.57,2022-03-31 09:00:00
2022,3.0,31.0,10.0,280.64,280.64,2022-03-31 10:00:00
2022,3.0,31.0,11.0,261.81,261.81,2022-03-31 11:00:00
2022,3.0,31.0,12.0,247.35,247.35,2022-03-31 12:00:00
2022,3.0,31.0,13.0,216.99,216.99,2022-03-31 13:00:00
2022,3.0,31.0,14.0,197.82,197.82,2022-03-31 14:00:00
2022,3.0,31.0,15.0,188.44,188.44,2022-03-31 15:00:00
2022,3.0,31.0,16.0,184.6,184.6,2022-03-31 16:00:00
2022,3.0,31.0,17.0,175.7,175.7,2022-03-31 17:00:00
2022,3.0,31.0,18.0,175.65,175.65,2022-03-31 18:00:00
2022,3.0,31.0,19.0,187.94,187.94,2022-03-31 19:00:00
2022,3.0,31.0,20.0,234.06,234.06,2022-03-31 20:00:00
2022,3.0,31.0,21.0,280.0,280.0,2022-03-31 21:00:00
2022,3.0,31.0,22.0,283.28,283.28,2022-03-31 22:00:00
2022,3.0,31.0,23.0,258.7,258.7,2022-03-31 23:00:00
2022,3.0,31.0,24.0,216.71,216.71,2022-04-01 00:00:00
2022,4.0,1.0,1.0,218.0,218.0,2022-04-01 01:00:00
2022,4.0,1.0,2.0,186.0,186.0,2022-04-01 02:00:00
2022,4.0,1.0,3.0,179.76,179.76,2022-04-01 03:00:00
2022,4.0,1.0,4.0,176.44,176.44,2022-04-01 04:00:00
2022,4.0,1.0,5.0,179.76,179.76,2022-04-01 05:00:00
2022,4.0,1.0,6.0,185.69,185.69,2022-04-01 06:00:00
2022,4.0,1.0,7.0,197.1,197.1,2022-04-01 07:00:00
2022,4.0,1.0,8.0,272.58,272.58,2022-04-01 08:00:00
2022,4.0,1.0,9.0,288.72,288.72,2022-04-01 09:00:00
2022,4.0,1.0,10.0,275.0,275.0,2022-04-01 10:00:00
2022,4.0,1.0,11.0,250.0,250.0,2022-04-01 11:00:00
2022,4.0,1.0,12.0,194.92,194.92,2022-04-01 12:00:00
2022,4.0,1.0,13.0,195.5,195.5,2022-04-01 13:00:00
2022,4.0,1.0,14.0,194.92,194.92,2022-04-01 14:00:00
2022,4.0,1.0,15.0,188.3,188.3,2022-04-01 15:00:00
2022,4.0,1.0,16.0,184.94,184.94,2022-04-01 16:00:00
2022,4.0,1.0,17.0,179.76,179.76,2022-04-01 17:00:00
2022,4.0,1.0,18.0,184.94,184.94,2022-04-01 18:00:00
2022,4.0,1.0,19.0,194.92,194.92,2022-04-01 19:00:00
2022,4.0,1.0,20.0,267.64,267.64,2022-04-01 20:00:00
2022,4.0,1.0,21.0,300.0,300.0,2022-04-01 21:00:00
2022,4.0,1.0,22.0,319.32,319.32,2022-04-01 22:00:00
2022,4.0,1.0,23.0,300.0,300.0,2022-04-01 23:00:00
2022,4.0,1.0,24.0,279.9,279.9,2022-04-02 00:00:00
2022,4.0,2.0,1.0,296.42,296.42,2022-04-02 01:00:00
2022,4.0,2.0,2.0,287.33,287.33,2022-04-02 02:00:00
2022,4.0,2.0,3.0,280.0,280.0,2022-04-02 03:00:00
2022,4.0,2.0,4.0,260.54,260.54,2022-04-02 04:00:00
2022,4.0,2.0,5.0,258.7,258.7,2022-04-02 05:00:00
2022,4.0,2.0,6.0,252.7,252.7,2022-04-02 06:00:00
2022,4.0,2.0,7.0,265.0,265.0,2022-04-02 07:00:00
2022,4.0,2.0,8.0,248.14,248.14,2022-04-02 08:00:00
2022,4.0,2.0,9.0,260.54,260.54,2022-04-02 09:00:00
2022,4.0,2.0,10.0,235.86,235.86,2022-04-02 10:00:00
2022,4.0,2.0,11.0,181.45,181.45,2022-04-02 11:00:00
2022,4.0,2.0,12.0,155.0,155.0,2022-04-02 12:00:00
2022,4.0,2.0,13.0,148.88,148.88,2022-04-02 13:00:00
2022,4.0,2.0,14.0,164.39,164.39,2022-04-02 14:00:00
2022,4.0,2.0,15.0,152.17,152.17,2022-04-02 15:00:00
2022,4.0,2.0,16.0,133.67,133.67,2022-04-02 16:00:00
2022,4.0,2.0,17.0,126.68,126.68,2022-04-02 17:00:00
2022,4.0,2.0,18.0,93.69,93.69,2022-04-02 18:00:00
2022,4.0,2.0,19.0,172.65,172.65,2022-04-02 19:00:00
2022,4.0,2.0,20.0,248.14,248.14,2022-04-02 20:00:00
2022,4.0,2.0,21.0,293.78,293.78,2022-04-02 21:00:00
2022,4.0,2.0,22.0,300.0,300.0,2022-04-02 22:00:00
2022,4.0,2.0,23.0,296.42,296.42,2022-04-02 23:00:00
2022,4.0,2.0,24.0,289.86,289.86,2022-04-03 00:00:00
2022,4.0,3.0,1.0,290.0,290.0,2022-04-03 01:00:00
2022,4.0,3.0,2.0,283.71,283.71,2022-04-03 02:00:00
2022,4.0,3.0,3.0,280.55,280.55,2022-04-03 03:00:00
2022,4.0,3.0,4.0,275.4,275.4,2022-04-03 04:00:00
2022,4.0,3.0,5.0,257.01,257.01,2022-04-03 05:00:00
2022,4.0,3.0,6.0,258.73,258.73,2022-04-03 06:00:00
2022,4.0,3.0,7.0,270.6,270.6,2022-04-03 07:00:00
2022,4.0,3.0,8.0,275.0,275.0,2022-04-03 08:00:00
2022,4.0,3.0,9.0,277.34,277.34,2022-04-03 09:00:00
2022,4.0,3.0,10.0,252.01,252.01,2022-04-03 10:00:00
2022,4.0,3.0,11.0,223.0,223.0,2022-04-03 11:00:00
2022,4.0,3.0,12.0,181.94,181.94,2022-04-03 12:00:00
2022,4.0,3.0,13.0,172.7,172.7,2022-04-03 13:00:00
2022,4.0,3.0,14.0,175.44,172.7,2022-04-03 14:00:00
2022,4.0,3.0,15.0,175.44,172.4,2022-04-03 15:00:00
2022,4.0,3.0,16.0,170.0,170.0,2022-04-03 16:00:00
2022,4.0,3.0,17.0,138.83,138.83,2022-04-03 17:00:00
2022,4.0,3.0,18.0,129.99,129.99,2022-04-03 18:00:00
2022,4.0,3.0,19.0,167.02,167.02,2022-04-03 19:00:00
2022,4.0,3.0,20.0,203.12,203.12,2022-04-03 20:00:00
2022,4.0,3.0,21.0,273.6,273.6,2022-04-03 21:00:00
2022,4.0,3.0,22.0,284.03,284.03,2022-04-03 22:00:00
2022,4.0,3.0,23.0,265.0,265.0,2022-04-03 23:00:00
2022,4.0,3.0,24.0,204.42,204.42,2022-04-04 00:00:00
2022,4.0,4.0,1.0,194.44,194.44,2022-04-04 01:00:00
2022,4.0,4.0,2.0,180.0,180.0,2022-04-04 02:00:00
2022,4.0,4.0,3.0,172.65,172.65,2022-04-04 03:00:00
2022,4.0,4.0,4.0,172.7,172.7,2022-04-04 04:00:00
2022,4.0,4.0,5.0,183.0,183.0,2022-04-04 05:00:00
2022,4.0,4.0,6.0,193.37,193.37,2022-04-04 06:00:00
2022,4.0,4.0,7.0,265.42,265.42,2022-04-04 07:00:00
2022,4.0,4.0,8.0,278.26,282.92,2022-04-04 08:00:00
2022,4.0,4.0,9.0,279.66,286.08,2022-04-04 09:00:00
2022,4.0,4.0,10.0,279.66,279.66,2022-04-04 10:00:00
2022,4.0,4.0,11.0,266.7,266.7,2022-04-04 11:00:00
2022,4.0,4.0,12.0,236.0,236.0,2022-04-04 12:00:00
2022,4.0,4.0,13.0,264.08,264.08,2022-04-04 13:00:00
2022,4.0,4.0,14.0,266.7,266.7,2022-04-04 14:00:00
2022,4.0,4.0,15.0,268.0,268.0,2022-04-04 15:00:00
2022,4.0,4.0,16.0,269.38,269.38,2022-04-04 16:00:00
2022,4.0,4.0,17.0,267.81,267.81,2022-04-04 17:00:00
2022,4.0,4.0,18.0,276.98,276.98,2022-04-04 18:00:00
2022,4.0,4.0,19.0,280.0,280.0,2022-04-04 19:00:00
2022,4.0,4.0,20.0,284.61,284.61,2022-04-04 20:00:00
2022,4.0,4.0,21.0,294.54,294.54,2022-04-04 21:00:00
2022,4.0,4.0,22.0,298.06,298.06,2022-04-04 22:00:00
2022,4.0,4.0,23.0,286.97,286.97,2022-04-04 23:00:00
2022,4.0,4.0,24.0,274.75,274.75,2022-04-05 00:00:00
2022,4.0,5.0,1.0,245.0,245.0,2022-04-05 01:00:00
2022,4.0,5.0,2.0,232.0,232.0,2022-04-05 02:00:00
2022,4.0,5.0,3.0,205.5,205.5,2022-04-05 03:00:00
2022,4.0,5.0,4.0,210.0,210.0,2022-04-05 04:00:00
2022,4.0,5.0,5.0,215.0,215.0,2022-04-05 05:00:00
2022,4.0,5.0,6.0,233.0,233.0,2022-04-05 06:00:00
2022,4.0,5.0,7.0,219.02,219.02,2022-04-05 07:00:00
2022,4.0,5.0,8.0,264.96,264.96,2022-04-05 08:00:00
2022,4.0,5.0,9.0,266.75,266.75,2022-04-05 09:00:00
2022,4.0,5.0,10.0,275.0,275.0,2022-04-05 10:00:00
2022,4.0,5.0,11.0,280.15,280.15,2022-04-05 11:00:00
2022,4.0,5.0,12.0,280.3,280.3,2022-04-05 12:00:00
2022,4.0,5.0,13.0,283.0,283.0,2022-04-05 13:00:00
2022,4.0,5.0,14.0,284.13,284.13,2022-04-05 14:00:00
2022,4.0,5.0,15.0,283.67,283.67,2022-04-05 15:00:00
2022,4.0,5.0,16.0,279.27,279.27,2022-04-05 16:00:00
2022,4.0,5.0,17.0,275.88,275.88,2022-04-05 17:00:00
2022,4.0,5.0,18.0,274.27,274.27,2022-04-05 18:00:00
2022,4.0,5.0,19.0,285.4,285.4,2022-04-05 19:00:00
2022,4.0,5.0,20.0,290.21,290.21,2022-04-05 20:00:00
2022,4.0,5.0,21.0,300.97,300.97,2022-04-05 21:00:00
2022,4.0,5.0,22.0,300.69,300.69,2022-04-05 22:00:00
2022,4.0,5.0,23.0,291.22,291.22,2022-04-05 23:00:00
2022,4.0,5.0,24.0,285.0,285.0,2022-04-06 00:00:00
2022,4.0,6.0,1.0,278.11,278.11,2022-04-06 01:00:00
2022,4.0,6.0,2.0,265.0,265.0,2022-04-06 02:00:00
2022,4.0,6.0,3.0,259.5,259.5,2022-04-06 03:00:00
2022,4.0,6.0,4.0,252.0,252.0,2022-04-06 04:00:00
2022,4.0,6.0,5.0,254.5,254.5,2022-04-06 05:00:00
2022,4.0,6.0,6.0,265.27,265.27,2022-04-06 06:00:00
2022,4.0,6.0,7.0,287.84,287.84,2022-04-06 07:00:00
2022,4.0,6.0,8.0,298.59,298.59,2022-04-06 08:00:00
2022,4.0,6.0,9.0,311.59,311.59,2022-04-06 09:00:00
2022,4.0,6.0,10.0,295.43,295.43,2022-04-06 10:00:00
2022,4.0,6.0,11.0,288.72,288.72,2022-04-06 11:00:00
2022,4.0,6.0,12.0,262.22,262.22,2022-04-06 12:00:00
2022,4.0,6.0,13.0,254.96,254.96,2022-04-06 13:00:00
2022,4.0,6.0,14.0,217.9,217.9,2022-04-06 14:00:00
2022,4.0,6.0,15.0,226.7,226.7,2022-04-06 15:00:00
2022,4.0,6.0,16.0,205.57,205.57,2022-04-06 16:00:00
2022,4.0,6.0,17.0,200.0,200.0,2022-04-06 17:00:00
2022,4.0,6.0,18.0,198.94,198.94,2022-04-06 18:00:00
2022,4.0,6.0,19.0,201.56,201.56,2022-04-06 19:00:00
2022,4.0,6.0,20.0,228.93,228.93,2022-04-06 20:00:00
2022,4.0,6.0,21.0,277.47,277.47,2022-04-06 21:00:00
2022,4.0,6.0,22.0,277.1,277.1,2022-04-06 22:00:00
2022,4.0,6.0,23.0,262.38,262.38,2022-04-06 23:00:00
2022,4.0,6.0,24.0,249.59,249.59,2022-04-07 00:00:00
2022,4.0,7.0,1.0,249.24,249.24,2022-04-07 01:00:00
2022,4.0,7.0,2.0,221.78,221.78,2022-04-07 02:00:00
2022,4.0,7.0,3.0,203.77,203.77,2022-04-07 03:00:00
2022,4.0,7.0,4.0,172.6,172.6,2022-04-07 04:00:00
2022,4.0,7.0,5.0,165.46,165.46,2022-04-07 05:00:00
2022,4.0,7.0,6.0,174.37,174.37,2022-04-07 06:00:00
2022,4.0,7.0,7.0,224.76,224.76,2022-04-07 07:00:00
2022,4.0,7.0,8.0,264.22,264.22,2022-04-07 08:00:00
2022,4.0,7.0,9.0,270.0,270.0,2022-04-07 09:00:00
2022,4.0,7.0,10.0,268.3,268.3,2022-04-07 10:00:00
2022,4.0,7.0,11.0,254.0,254.0,2022-04-07 11:00:00
2022,4.0,7.0,12.0,220.0,220.0,2022-04-07 12:00:00
2022,4.0,7.0,13.0,193.99,193.99,2022-04-07 13:00:00
2022,4.0,7.0,14.0,186.38,186.38,2022-04-07 14:00:00
2022,4.0,7.0,15.0,180.0,180.0,2022-04-07 15:00:00
2022,4.0,7.0,16.0,172.3,172.3,2022-04-07 16:00:00
2022,4.0,7.0,17.0,172.3,172.3,2022-04-07 17:00:00
2022,4.0,7.0,18.0,170.7,170.7,2022-04-07 18:00:00
2022,4.0,7.0,19.0,183.94,183.94,2022-04-07 19:00:00
2022,4.0,7.0,20.0,193.5,193.5,2022-04-07 20:00:00
2022,4.0,7.0,21.0,268.3,268.3,2022-04-07 21:00:00
2022,4.0,7.0,22.0,266.75,266.75,2022-04-07 22:00:00
2022,4.0,7.0,23.0,249.99,249.99,2022-04-07 23:00:00
2022,4.0,7.0,24.0,228.38,228.38,2022-04-08 00:00:00
2022,4.0,8.0,1.0,218.98,218.98,2022-04-08 01:00:00
2022,4.0,8.0,2.0,181.6,181.6,2022-04-08 02:00:00
2022,4.0,8.0,3.0,167.12,167.12,2022-04-08 03:00:00
2022,4.0,8.0,4.0,165.8,165.8,2022-04-08 04:00:00
2022,4.0,8.0,5.0,165.8,165.8,2022-04-08 05:00:00
2022,4.0,8.0,6.0,165.91,165.91,2022-04-08 06:00:00
2022,4.0,8.0,7.0,172.5,172.5,2022-04-08 07:00:00
2022,4.0,8.0,8.0,240.0,240.0,2022-04-08 08:00:00
2022,4.0,8.0,9.0,249.41,249.41,2022-04-08 09:00:00
2022,4.0,8.0,10.0,193.2,193.2,2022-04-08 10:00:00
2022,4.0,8.0,11.0,158.04,158.04,2022-04-08 11:00:00
2022,4.0,8.0,12.0,145.1,145.1,2022-04-08 12:00:00
2022,4.0,8.0,13.0,102.9,102.9,2022-04-08 13:00:00
2022,4.0,8.0,14.0,82.0,82.0,2022-04-08 14:00:00
2022,4.0,8.0,15.0,20.0,20.0,2022-04-08 15:00:00
2022,4.0,8.0,16.0,7.0,7.0,2022-04-08 16:00:00
2022,4.0,8.0,17.0,7.0,7.0,2022-04-08 17:00:00
2022,4.0,8.0,18.0,14.0,14.0,2022-04-08 18:00:00
2022,4.0,8.0,19.0,101.4,101.4,2022-04-08 19:00:00
2022,4.0,8.0,20.0,165.8,165.8,2022-04-08 20:00:00
2022,4.0,8.0,21.0,248.58,248.58,2022-04-08 21:00:00
2022,4.0,8.0,22.0,252.08,252.08,2022-04-08 22:00:00
2022,4.0,8.0,23.0,248.58,248.58,2022-04-08 23:00:00
2022,4.0,8.0,24.0,239.91,239.91,2022-04-09 00:00:00
2022,4.0,9.0,1.0,244.12,244.12,2022-04-09 01:00:00
2022,4.0,9.0,2.0,235.7,235.7,2022-04-09 02:00:00
2022,4.0,9.0,3.0,236.91,236.91,2022-04-09 03:00:00
2022,4.0,9.0,4.0,232.0,232.0,2022-04-09 04:00:00
2022,4.0,9.0,5.0,233.35,233.35,2022-04-09 05:00:00
2022,4.0,9.0,6.0,236.91,236.91,2022-04-09 06:00:00
2022,4.0,9.0,7.0,236.21,236.21,2022-04-09 07:00:00
2022,4.0,9.0,8.0,237.38,237.38,2022-04-09 08:00:00
2022,4.0,9.0,9.0,237.18,237.18,2022-04-09 09:00:00
2022,4.0,9.0,10.0,261.91,261.91,2022-04-09 10:00:00
2022,4.0,9.0,11.0,240.0,240.0,2022-04-09 11:00:00
2022,4.0,9.0,12.0,232.25,232.25,2022-04-09 12:00:00
2022,4.0,9.0,13.0,234.02,234.02,2022-04-09 13:00:00
2022,4.0,9.0,14.0,230.0,230.0,2022-04-09 14:00:00
2022,4.0,9.0,15.0,221.01,221.01,2022-04-09 15:00:00
2022,4.0,9.0,16.0,186.4,186.4,2022-04-09 16:00:00
2022,4.0,9.0,17.0,184.67,184.67,2022-04-09 17:00:00
2022,4.0,9.0,18.0,217.1,217.1,2022-04-09 18:00:00
2022,4.0,9.0,19.0,238.04,238.04,2022-04-09 19:00:00
2022,4.0,9.0,20.0,260.56,260.56,2022-04-09 20:00:00
2022,4.0,9.0,21.0,294.88,294.88,2022-04-09 21:00:00
2022,4.0,9.0,22.0,294.88,294.88,2022-04-09 22:00:00
2022,4.0,9.0,23.0,284.75,284.75,2022-04-09 23:00:00
2022,4.0,9.0,24.0,287.84,287.84,2022-04-10 00:00:00
2022,4.0,10.0,1.0,282.48,282.48,2022-04-10 01:00:00
2022,4.0,10.0,2.0,266.3,266.3,2022-04-10 02:00:00
2022,4.0,10.0,3.0,270.93,270.93,2022-04-10 03:00:00
2022,4.0,10.0,4.0,256.79,256.79,2022-04-10 04:00:00
2022,4.0,10.0,5.0,246.89,246.89,2022-04-10 05:00:00
2022,4.0,10.0,6.0,239.91,239.91,2022-04-10 06:00:00
2022,4.0,10.0,7.0,250.41,250.41,2022-04-10 07:00:00
2022,4.0,10.0,8.0,249.53,249.53,2022-04-10 08:00:00
2022,4.0,10.0,9.0,249.53,249.53,2022-04-10 09:00:00
2022,4.0,10.0,10.0,200.0,200.0,2022-04-10 10:00:00
2022,4.0,10.0,11.0,149.81,149.81,2022-04-10 11:00:00
2022,4.0,10.0,12.0,81.0,81.0,2022-04-10 12:00:00
2022,4.0,10.0,13.0,3.7,3.7,2022-04-10 13:00:00
2022,4.0,10.0,14.0,3.7,3.7,2022-04-10 14:00:00
2022,4.0,10.0,15.0,3.7,3.7,2022-04-10 15:00:00
2022,4.0,10.0,16.0,1.03,1.03,2022-04-10 16:00:00
2022,4.0,10.0,17.0,1.03,1.03,2022-04-10 17:00:00
2022,4.0,10.0,18.0,1.03,1.03,2022-04-10 18:00:00
2022,4.0,10.0,19.0,3.7,3.7,2022-04-10 19:00:00
2022,4.0,10.0,20.0,114.0,114.0,2022-04-10 20:00:00
2022,4.0,10.0,21.0,227.91,227.91,2022-04-10 21:00:00
2022,4.0,10.0,22.0,260.0,260.0,2022-04-10 22:00:00
2022,4.0,10.0,23.0,245.57,245.57,2022-04-10 23:00:00
2022,4.0,10.0,24.0,215.0,215.0,2022-04-11 00:00:00
2022,4.0,11.0,1.0,150.0,150.0,2022-04-11 01:00:00
2022,4.0,11.0,2.0,114.0,114.0,2022-04-11 02:00:00
2022,4.0,11.0,3.0,96.0,96.0,2022-04-11 03:00:00
2022,4.0,11.0,4.0,100.1,100.1,2022-04-11 04:00:00
2022,4.0,11.0,5.0,117.0,117.0,2022-04-11 05:00:00
2022,4.0,11.0,6.0,149.81,149.81,2022-04-11 06:00:00
2022,4.0,11.0,7.0,160.0,160.0,2022-04-11 07:00:00
2022,4.0,11.0,8.0,255.0,255.0,2022-04-11 08:00:00
2022,4.0,11.0,9.0,263.4,263.4,2022-04-11 09:00:00
2022,4.0,11.0,10.0,255.0,255.0,2022-04-11 10:00:00
2022,4.0,11.0,11.0,214.92,214.92,2022-04-11 11:00:00
2022,4.0,11.0,12.0,152.5,152.5,2022-04-11 12:00:00
2022,4.0,11.0,13.0,122.97,122.97,2022-04-11 13:00:00
2022,4.0,11.0,14.0,90.0,90.0,2022-04-11 14:00:00
2022,4.0,11.0,15.0,62.75,62.75,2022-04-11 15:00:00
2022,4.0,11.0,16.0,55.1,55.1,2022-04-11 16:00:00
2022,4.0,11.0,17.0,62.6,62.6,2022-04-11 17:00:00
2022,4.0,11.0,18.0,111.0,111.0,2022-04-11 18:00:00
2022,4.0,11.0,19.0,152.6,152.6,2022-04-11 19:00:00
2022,4.0,11.0,20.0,239.91,239.91,2022-04-11 20:00:00
2022,4.0,11.0,21.0,270.2,270.2,2022-04-11 21:00:00
2022,4.0,11.0,22.0,267.81,267.81,2022-04-11 22:00:00
2022,4.0,11.0,23.0,247.99,247.99,2022-04-11 23:00:00
2022,4.0,11.0,24.0,204.4,204.4,2022-04-12 00:00:00
2022,4.0,12.0,1.0,220.26,220.26,2022-04-12 01:00:00
2022,4.0,12.0,2.0,188.71,188.71,2022-04-12 02:00:00
2022,4.0,12.0,3.0,188.15,188.15,2022-04-12 03:00:00
2022,4.0,12.0,4.0,183.0,183.0,2022-04-12 04:00:00
2022,4.0,12.0,5.0,185.55,185.55,2022-04-12 05:00:00
2022,4.0,12.0,6.0,191.53,191.53,2022-04-12 06:00:00
2022,4.0,12.0,7.0,228.09,228.09,2022-04-12 07:00:00
2022,4.0,12.0,8.0,249.53,249.53,2022-04-12 08:00:00
2022,4.0,12.0,9.0,252.65,252.65,2022-04-12 09:00:00
2022,4.0,12.0,10.0,252.88,252.88,2022-04-12 10:00:00
2022,4.0,12.0,11.0,253.05,253.05,2022-04-12 11:00:00
2022,4.0,12.0,12.0,249.53,249.53,2022-04-12 12:00:00
2022,4.0,12.0,13.0,246.2,246.2,2022-04-12 13:00:00
2022,4.0,12.0,14.0,242.85,242.85,2022-04-12 14:00:00
2022,4.0,12.0,15.0,244.81,244.81,2022-04-12 15:00:00
2022,4.0,12.0,16.0,241.58,241.58,2022-04-12 16:00:00
2022,4.0,12.0,17.0,240.24,240.24,2022-04-12 17:00:00
2022,4.0,12.0,18.0,231.32,231.32,2022-04-12 18:00:00
2022,4.0,12.0,19.0,250.96,250.96,2022-04-12 19:00:00
2022,4.0,12.0,20.0,262.0,262.0,2022-04-12 20:00:00
2022,4.0,12.0,21.0,280.04,280.04,2022-04-12 21:00:00
2022,4.0,12.0,22.0,282.26,282.26,2022-04-12 22:00:00
2022,4.0,12.0,23.0,270.0,270.0,2022-04-12 23:00:00
2022,4.0,12.0,24.0,260.0,260.0,2022-04-13 00:00:00
2022,4.0,13.0,1.0,242.75,242.75,2022-04-13 01:00:00
2022,4.0,13.0,2.0,229.77,229.77,2022-04-13 02:00:00
2022,4.0,13.0,3.0,220.0,220.0,2022-04-13 03:00:00
2022,4.0,13.0,4.0,201.85,201.85,2022-04-13 04:00:00
2022,4.0,13.0,5.0,190.9,190.9,2022-04-13 05:00:00
2022,4.0,13.0,6.0,212.32,212.32,2022-04-13 06:00:00
2022,4.0,13.0,7.0,248.74,248.74,2022-04-13 07:00:00
2022,4.0,13.0,8.0,257.02,257.02,2022-04-13 08:00:00
2022,4.0,13.0,9.0,260.0,260.0,2022-04-13 09:00:00
2022,4.0,13.0,10.0,254.25,254.25,2022-04-13 10:00:00
2022,4.0,13.0,11.0,242.75,242.75,2022-04-13 11:00:00
2022,4.0,13.0,12.0,234.99,234.99,2022-04-13 12:00:00
2022,4.0,13.0,13.0,227.67,227.67,2022-04-13 13:00:00
2022,4.0,13.0,14.0,208.0,208.0,2022-04-13 14:00:00
2022,4.0,13.0,15.0,201.18,201.18,2022-04-13 15:00:00
2022,4.0,13.0,16.0,196.0,196.0,2022-04-13 16:00:00
2022,4.0,13.0,17.0,200.47,200.47,2022-04-13 17:00:00
2022,4.0,13.0,18.0,221.2,221.2,2022-04-13 18:00:00
2022,4.0,13.0,19.0,219.28,219.28,2022-04-13 19:00:00
2022,4.0,13.0,20.0,242.36,242.36,2022-04-13 20:00:00
2022,4.0,13.0,21.0,254.0,254.0,2022-04-13 21:00:00
2022,4.0,13.0,22.0,259.0,259.0,2022-04-13 22:00:00
2022,4.0,13.0,23.0,250.0,250.0,2022-04-13 23:00:00
2022,4.0,13.0,24.0,231.94,231.94,2022-04-14 00:00:00
2022,4.0,14.0,1.0,232.45,232.45,2022-04-14 01:00:00
2022,4.0,14.0,2.0,207.63,207.63,2022-04-14 02:00:00
2022,4.0,14.0,3.0,200.14,200.14,2022-04-14 03:00:00
2022,4.0,14.0,4.0,198.05,198.05,2022-04-14 04:00:00
2022,4.0,14.0,5.0,199.97,199.97,2022-04-14 05:00:00
2022,4.0,14.0,6.0,204.46,204.46,2022-04-14 06:00:00
2022,4.0,14.0,7.0,239.86,239.86,2022-04-14 07:00:00
2022,4.0,14.0,8.0,245.07,245.07,2022-04-14 08:00:00
2022,4.0,14.0,9.0,245.07,245.07,2022-04-14 09:00:00
2022,4.0,14.0,10.0,240.0,240.0,2022-04-14 10:00:00
2022,4.0,14.0,11.0,216.35,216.35,2022-04-14 11:00:00
2022,4.0,14.0,12.0,200.0,200.0,2022-04-14 12:00:00
2022,4.0,14.0,13.0,192.0,192.0,2022-04-14 13:00:00
2022,4.0,14.0,14.0,195.19,195.19,2022-04-14 14:00:00
2022,4.0,14.0,15.0,193.64,193.64,2022-04-14 15:00:00
2022,4.0,14.0,16.0,191.0,191.0,2022-04-14 16:00:00
2022,4.0,14.0,17.0,190.0,190.0,2022-04-14 17:00:00
2022,4.0,14.0,18.0,201.55,201.55,2022-04-14 18:00:00
2022,4.0,14.0,19.0,230.19,230.19,2022-04-14 19:00:00
2022,4.0,14.0,20.0,245.22,245.22,2022-04-14 20:00:00
2022,4.0,14.0,21.0,272.31,272.31,2022-04-14 21:00:00
2022,4.0,14.0,22.0,265.46,265.46,2022-04-14 22:00:00
2022,4.0,14.0,23.0,253.68,253.68,2022-04-14 23:00:00
2022,4.0,14.0,24.0,238.98,238.98,2022-04-15 00:00:00
2022,4.0,15.0,1.0,214.9,214.9,2022-04-15 01:00:00
2022,4.0,15.0,2.0,202.21,202.21,2022-04-15 02:00:00
2022,4.0,15.0,3.0,197.03,197.03,2022-04-15 03:00:00
2022,4.0,15.0,4.0,193.7,193.7,2022-04-15 04:00:00
2022,4.0,15.0,5.0,192.21,192.21,2022-04-15 05:00:00
2022,4.0,15.0,6.0,196.86,196.86,2022-04-15 06:00:00
2022,4.0,15.0,7.0,205.33,205.33,2022-04-15 07:00:00
2022,4.0,15.0,8.0,221.41,221.41,2022-04-15 08:00:00
2022,4.0,15.0,9.0,229.31,229.31,2022-04-15 09:00:00
2022,4.0,15.0,10.0,228.43,228.43,2022-04-15 10:00:00
2022,4.0,15.0,11.0,191.87,191.87,2022-04-15 11:00:00
2022,4.0,15.0,12.0,170.91,170.91,2022-04-15 12:00:00
2022,4.0,15.0,13.0,170.9,170.9,2022-04-15 13:00:00
2022,4.0,15.0,14.0,167.65,167.65,2022-04-15 14:00:00
2022,4.0,15.0,15.0,157.38,157.38,2022-04-15 15:00:00
2022,4.0,15.0,16.0,151.11,151.11,2022-04-15 16:00:00
2022,4.0,15.0,17.0,155.01,155.01,2022-04-15 17:00:00
2022,4.0,15.0,18.0,170.5,170.5,2022-04-15 18:00:00
2022,4.0,15.0,19.0,196.21,196.21,2022-04-15 19:00:00
2022,4.0,15.0,20.0,228.35,228.35,2022-04-15 20:00:00
2022,4.0,15.0,21.0,235.99,235.99,2022-04-15 21:00:00
2022,4.0,15.0,22.0,237.29,237.29,2022-04-15 22:00:00
2022,4.0,15.0,23.0,233.44,233.44,2022-04-15 23:00:00
2022,4.0,15.0,24.0,215.35,215.35,2022-04-16 00:00:00
2022,4.0,16.0,1.0,222.43,222.43,2022-04-16 01:00:00
2022,4.0,16.0,2.0,191.0,191.0,2022-04-16 02:00:00
2022,4.0,16.0,3.0,178.09,178.09,2022-04-16 03:00:00
2022,4.0,16.0,4.0,184.99,184.99,2022-04-16 04:00:00
2022,4.0,16.0,5.0,184.99,184.99,2022-04-16 05:00:00
2022,4.0,16.0,6.0,185.0,185.0,2022-04-16 06:00:00
2022,4.0,16.0,7.0,200.0,200.0,2022-04-16 07:00:00
2022,4.0,16.0,8.0,202.51,202.51,2022-04-16 08:00:00
2022,4.0,16.0,9.0,189.6,189.6,2022-04-16 09:00:00
2022,4.0,16.0,10.0,172.62,172.62,2022-04-16 10:00:00
2022,4.0,16.0,11.0,146.58,146.58,2022-04-16 11:00:00
2022,4.0,16.0,12.0,121.99,121.99,2022-04-16 12:00:00
2022,4.0,16.0,13.0,111.35,99.99,2022-04-16 13:00:00
2022,4.0,16.0,14.0,111.35,89.99,2022-04-16 14:00:00
2022,4.0,16.0,15.0,111.35,42.97,2022-04-16 15:00:00
2022,4.0,16.0,16.0,111.35,40.32,2022-04-16 16:00:00
2022,4.0,16.0,17.0,104.04,65.84,2022-04-16 17:00:00
2022,4.0,16.0,18.0,107.71,107.71,2022-04-16 18:00:00
2022,4.0,16.0,19.0,138.49,138.49,2022-04-16 19:00:00
2022,4.0,16.0,20.0,178.76,178.76,2022-04-16 20:00:00
2022,4.0,16.0,21.0,205.81,205.81,2022-04-16 21:00:00
2022,4.0,16.0,22.0,200.0,200.0,2022-04-16 22:00:00
2022,4.0,16.0,23.0,175.84,175.84,2022-04-16 23:00:00
2022,4.0,16.0,24.0,166.88,166.88,2022-04-17 00:00:00
2022,4.0,17.0,1.0,160.22,160.22,2022-04-17 01:00:00
2022,4.0,17.0,2.0,139.97,139.97,2022-04-17 02:00:00
2022,4.0,17.0,3.0,128.46,128.46,2022-04-17 03:00:00
2022,4.0,17.0,4.0,123.38,123.38,2022-04-17 04:00:00
2022,4.0,17.0,5.0,133.96,133.96,2022-04-17 05:00:00
2022,4.0,17.0,6.0,139.96,139.96,2022-04-17 06:00:00
2022,4.0,17.0,7.0,146.1,146.1,2022-04-17 07:00:00
2022,4.0,17.0,8.0,168.5,168.5,2022-04-17 08:00:00
2022,4.0,17.0,9.0,133.55,133.55,2022-04-17 09:00:00
2022,4.0,17.0,10.0,100.0,100.0,2022-04-17 10:00:00
2022,4.0,17.0,11.0,75.92,75.92,2022-04-17 11:00:00
2022,4.0,17.0,12.0,99.9,60.14,2022-04-17 12:00:00
2022,4.0,17.0,13.0,99.9,50.08,2022-04-17 13:00:00
2022,4.0,17.0,14.0,99.9,25.21,2022-04-17 14:00:00
2022,4.0,17.0,15.0,64.85,11.0,2022-04-17 15:00:00
2022,4.0,17.0,16.0,3.7,3.7,2022-04-17 16:00:00
2022,4.0,17.0,17.0,15.0,15.0,2022-04-17 17:00:00
2022,4.0,17.0,18.0,66.2,66.2,2022-04-17 18:00:00
2022,4.0,17.0,19.0,99.9,99.9,2022-04-17 19:00:00
2022,4.0,17.0,20.0,180.51,180.51,2022-04-17 20:00:00
2022,4.0,17.0,21.0,191.54,191.54,2022-04-17 21:00:00
2022,4.0,17.0,22.0,189.59,189.59,2022-04-17 22:00:00
2022,4.0,17.0,23.0,171.46,171.46,2022-04-17 23:00:00
2022,4.0,17.0,24.0,158.07,158.07,2022-04-18 00:00:00
2022,4.0,18.0,1.0,95.9,95.9,2022-04-18 01:00:00
2022,4.0,18.0,2.0,81.0,81.0,2022-04-18 02:00:00
2022,4.0,18.0,3.0,84.0,84.0,2022-04-18 03:00:00
2022,4.0,18.0,4.0,81.0,81.0,2022-04-18 04:00:00
2022,4.0,18.0,5.0,85.25,85.25,2022-04-18 05:00:00
2022,4.0,18.0,6.0,92.31,92.31,2022-04-18 06:00:00
2022,4.0,18.0,7.0,100.94,100.94,2022-04-18 07:00:00
2022,4.0,18.0,8.0,112.53,112.53,2022-04-18 08:00:00
2022,4.0,18.0,9.0,120.57,120.57,2022-04-18 09:00:00
2022,4.0,18.0,10.0,121.77,121.77,2022-04-18 10:00:00
2022,4.0,18.0,11.0,97.49,97.49,2022-04-18 11:00:00
2022,4.0,18.0,12.0,89.89,89.89,2022-04-18 12:00:00
2022,4.0,18.0,13.0,95.9,95.9,2022-04-18 13:00:00
2022,4.0,18.0,14.0,63.15,63.15,2022-04-18 14:00:00
2022,4.0,18.0,15.0,45.0,45.0,2022-04-18 15:00:00
2022,4.0,18.0,16.0,60.58,60.58,2022-04-18 16:00:00
2022,4.0,18.0,17.0,80.0,80.0,2022-04-18 17:00:00
2022,4.0,18.0,18.0,63.15,63.15,2022-04-18 18:00:00
2022,4.0,18.0,19.0,67.8,67.8,2022-04-18 19:00:00
2022,4.0,18.0,20.0,95.9,95.9,2022-04-18 20:00:00
2022,4.0,18.0,21.0,196.0,196.0,2022-04-18 21:00:00
2022,4.0,18.0,22.0,219.69,219.69,2022-04-18 22:00:00
2022,4.0,18.0,23.0,177.0,177.0,2022-04-18 23:00:00
2022,4.0,18.0,24.0,151.02,151.02,2022-04-19 00:00:00
2022,4.0,19.0,1.0,120.0,120.0,2022-04-19 01:00:00
2022,4.0,19.0,2.0,92.91,92.91,2022-04-19 02:00:00
2022,4.0,19.0,3.0,87.85,87.85,2022-04-19 03:00:00
2022,4.0,19.0,4.0,87.85,87.85,2022-04-19 04:00:00
2022,4.0,19.0,5.0,87.85,87.85,2022-04-19 05:00:00
2022,4.0,19.0,6.0,90.0,90.0,2022-04-19 06:00:00
2022,4.0,19.0,7.0,135.0,135.0,2022-04-19 07:00:00
2022,4.0,19.0,8.0,155.67,155.67,2022-04-19 08:00:00
2022,4.0,19.0,9.0,170.91,170.91,2022-04-19 09:00:00
2022,4.0,19.0,10.0,160.2,160.2,2022-04-19 10:00:00
2022,4.0,19.0,11.0,150.0,150.0,2022-04-19 11:00:00
2022,4.0,19.0,12.0,135.4,135.4,2022-04-19 12:00:00
2022,4.0,19.0,13.0,120.0,120.0,2022-04-19 13:00:00
2022,4.0,19.0,14.0,106.17,106.17,2022-04-19 14:00:00
2022,4.0,19.0,15.0,89.61,89.61,2022-04-19 15:00:00
2022,4.0,19.0,16.0,75.0,75.0,2022-04-19 16:00:00
2022,4.0,19.0,17.0,61.0,61.0,2022-04-19 17:00:00
2022,4.0,19.0,18.0,55.11,55.11,2022-04-19 18:00:00
2022,4.0,19.0,19.0,64.0,64.0,2022-04-19 19:00:00
2022,4.0,19.0,20.0,87.85,87.85,2022-04-19 20:00:00
2022,4.0,19.0,21.0,149.17,149.17,2022-04-19 21:00:00
2022,4.0,19.0,22.0,160.2,160.2,2022-04-19 22:00:00
2022,4.0,19.0,23.0,149.17,149.17,2022-04-19 23:00:00
2022,4.0,19.0,24.0,100.0,100.0,2022-04-20 00:00:00
2022,4.0,20.0,1.0,125.01,125.01,2022-04-20 01:00:00
2022,4.0,20.0,2.0,100.0,100.0,2022-04-20 02:00:00
2022,4.0,20.0,3.0,80.11,80.11,2022-04-20 03:00:00
2022,4.0,20.0,4.0,70.02,70.02,2022-04-20 04:00:00
2022,4.0,20.0,5.0,76.24,76.24,2022-04-20 05:00:00
2022,4.0,20.0,6.0,86.04,86.04,2022-04-20 06:00:00
2022,4.0,20.0,7.0,95.54,95.54,2022-04-20 07:00:00
2022,4.0,20.0,8.0,145.0,145.0,2022-04-20 08:00:00
2022,4.0,20.0,9.0,148.0,148.0,2022-04-20 09:00:00
2022,4.0,20.0,10.0,145.58,145.58,2022-04-20 10:00:00
2022,4.0,20.0,11.0,125.01,125.01,2022-04-20 11:00:00
2022,4.0,20.0,12.0,86.04,86.04,2022-04-20 12:00:00
2022,4.0,20.0,13.0,69.39,69.39,2022-04-20 13:00:00
2022,4.0,20.0,14.0,60.24,60.24,2022-04-20 14:00:00
2022,4.0,20.0,15.0,38.08,38.08,2022-04-20 15:00:00
2022,4.0,20.0,16.0,8.99,8.99,2022-04-20 16:00:00
2022,4.0,20.0,17.0,6.0,6.0,2022-04-20 17:00:00
2022,4.0,20.0,18.0,7.0,7.0,2022-04-20 18:00:00
2022,4.0,20.0,19.0,33.06,33.06,2022-04-20 19:00:00
2022,4.0,20.0,20.0,66.94,66.94,2022-04-20 20:00:00
2022,4.0,20.0,21.0,105.6,105.6,2022-04-20 21:00:00
2022,4.0,20.0,22.0,147.02,147.02,2022-04-20 22:00:00
2022,4.0,20.0,23.0,126.61,126.61,2022-04-20 23:00:00
2022,4.0,20.0,24.0,93.02,93.02,2022-04-21 00:00:00
2022,4.0,21.0,1.0,154.5,154.5,2022-04-21 01:00:00
2022,4.0,21.0,2.0,145.8,145.8,2022-04-21 02:00:00
2022,4.0,21.0,3.0,145.8,145.8,2022-04-21 03:00:00
2022,4.0,21.0,4.0,149.18,149.18,2022-04-21 04:00:00
2022,4.0,21.0,5.0,155.2,155.2,2022-04-21 05:00:00
2022,4.0,21.0,6.0,167.0,167.0,2022-04-21 06:00:00
2022,4.0,21.0,7.0,173.57,173.57,2022-04-21 07:00:00
2022,4.0,21.0,8.0,203.56,203.56,2022-04-21 08:00:00
2022,4.0,21.0,9.0,209.0,209.0,2022-04-21 09:00:00
2022,4.0,21.0,10.0,176.82,176.82,2022-04-21 10:00:00
2022,4.0,21.0,11.0,161.0,161.0,2022-04-21 11:00:00
2022,4.0,21.0,12.0,153.0,153.0,2022-04-21 12:00:00
2022,4.0,21.0,13.0,147.02,147.02,2022-04-21 13:00:00
2022,4.0,21.0,14.0,145.0,145.0,2022-04-21 14:00:00
2022,4.0,21.0,15.0,104.0,104.0,2022-04-21 15:00:00
2022,4.0,21.0,16.0,101.0,101.0,2022-04-21 16:00:00
2022,4.0,21.0,17.0,101.77,101.77,2022-04-21 17:00:00
2022,4.0,21.0,18.0,123.67,123.67,2022-04-21 18:00:00
2022,4.0,21.0,19.0,154.69,154.69,2022-04-21 19:00:00
2022,4.0,21.0,20.0,178.07,178.07,2022-04-21 20:00:00
2022,4.0,21.0,21.0,223.61,223.61,2022-04-21 21:00:00
2022,4.0,21.0,22.0,220.44,220.44,2022-04-21 22:00:00
2022,4.0,21.0,23.0,199.71,199.71,2022-04-21 23:00:00
2022,4.0,21.0,24.0,187.81,187.81,2022-04-22 00:00:00
2022,4.0,22.0,1.0,216.06,216.06,2022-04-22 01:00:00
2022,4.0,22.0,2.0,200.0,200.0,2022-04-22 02:00:00
2022,4.0,22.0,3.0,187.01,187.01,2022-04-22 03:00:00
2022,4.0,22.0,4.0,179.41,179.41,2022-04-22 04:00:00
2022,4.0,22.0,5.0,176.09,176.09,2022-04-22 05:00:00
2022,4.0,22.0,6.0,189.58,189.58,2022-04-22 06:00:00
2022,4.0,22.0,7.0,218.07,218.07,2022-04-22 07:00:00
2022,4.0,22.0,8.0,239.95,239.95,2022-04-22 08:00:00
2022,4.0,22.0,9.0,244.1,244.1,2022-04-22 09:00:00
2022,4.0,22.0,10.0,221.05,221.05,2022-04-22 10:00:00
2022,4.0,22.0,11.0,229.0,229.0,2022-04-22 11:00:00
2022,4.0,22.0,12.0,211.27,211.27,2022-04-22 12:00:00
2022,4.0,22.0,13.0,207.77,207.77,2022-04-22 13:00:00
2022,4.0,22.0,14.0,207.0,207.0,2022-04-22 14:00:00
2022,4.0,22.0,15.0,204.45,204.45,2022-04-22 15:00:00
2022,4.0,22.0,16.0,201.98,201.98,2022-04-22 16:00:00
2022,4.0,22.0,17.0,201.98,201.98,2022-04-22 17:00:00
2022,4.0,22.0,18.0,201.42,201.42,2022-04-22 18:00:00
2022,4.0,22.0,19.0,206.43,206.43,2022-04-22 19:00:00
2022,4.0,22.0,20.0,209.61,209.61,2022-04-22 20:00:00
2022,4.0,22.0,21.0,209.97,209.97,2022-04-22 21:00:00
2022,4.0,22.0,22.0,215.35,215.35,2022-04-22 22:00:00
2022,4.0,22.0,23.0,209.89,209.89,2022-04-22 23:00:00
2022,4.0,22.0,24.0,199.01,199.01,2022-04-23 00:00:00
2022,4.0,23.0,1.0,180.21,180.21,2022-04-23 01:00:00
2022,4.0,23.0,2.0,173.15,173.15,2022-04-23 02:00:00
2022,4.0,23.0,3.0,168.03,168.03,2022-04-23 03:00:00
2022,4.0,23.0,4.0,142.0,142.0,2022-04-23 04:00:00
2022,4.0,23.0,5.0,126.58,126.58,2022-04-23 05:00:00
2022,4.0,23.0,6.0,122.45,122.45,2022-04-23 06:00:00
2022,4.0,23.0,7.0,135.31,135.31,2022-04-23 07:00:00
2022,4.0,23.0,8.0,120.1,120.1,2022-04-23 08:00:00
2022,4.0,23.0,9.0,86.69,86.69,2022-04-23 09:00:00
2022,4.0,23.0,10.0,72.02,72.02,2022-04-23 10:00:00
2022,4.0,23.0,11.0,55.39,55.39,2022-04-23 11:00:00
2022,4.0,23.0,12.0,4.79,4.79,2022-04-23 12:00:00
2022,4.0,23.0,13.0,3.7,3.7,2022-04-23 13:00:00
2022,4.0,23.0,14.0,3.7,3.7,2022-04-23 14:00:00
2022,4.0,23.0,15.0,3.7,3.7,2022-04-23 15:00:00
2022,4.0,23.0,16.0,1.17,1.17,2022-04-23 16:00:00
2022,4.0,23.0,17.0,1.17,1.17,2022-04-23 17:00:00
2022,4.0,23.0,18.0,1.17,1.17,2022-04-23 18:00:00
2022,4.0,23.0,19.0,3.7,3.7,2022-04-23 19:00:00
2022,4.0,23.0,20.0,18.94,18.94,2022-04-23 20:00:00
2022,4.0,23.0,21.0,119.99,119.99,2022-04-23 21:00:00
2022,4.0,23.0,22.0,173.15,173.15,2022-04-23 22:00:00
2022,4.0,23.0,23.0,182.48,182.48,2022-04-23 23:00:00
2022,4.0,23.0,24.0,170.38,170.38,2022-04-24 00:00:00
2022,4.0,24.0,1.0,144.0,144.0,2022-04-24 01:00:00
2022,4.0,24.0,2.0,115.0,115.0,2022-04-24 02:00:00
2022,4.0,24.0,3.0,112.99,112.99,2022-04-24 03:00:00
2022,4.0,24.0,4.0,108.45,108.45,2022-04-24 04:00:00
2022,4.0,24.0,5.0,102.39,102.39,2022-04-24 05:00:00
2022,4.0,24.0,6.0,112.99,112.99,2022-04-24 06:00:00
2022,4.0,24.0,7.0,130.04,130.04,2022-04-24 07:00:00
2022,4.0,24.0,8.0,137.02,137.02,2022-04-24 08:00:00
2022,4.0,24.0,9.0,154.0,154.0,2022-04-24 09:00:00
2022,4.0,24.0,10.0,150.01,150.01,2022-04-24 10:00:00
2022,4.0,24.0,11.0,120.0,120.0,2022-04-24 11:00:00
2022,4.0,24.0,12.0,109.95,109.95,2022-04-24 12:00:00
2022,4.0,24.0,13.0,112.99,112.99,2022-04-24 13:00:00
2022,4.0,24.0,14.0,130.04,130.04,2022-04-24 14:00:00
2022,4.0,24.0,15.0,116.95,116.95,2022-04-24 15:00:00
2022,4.0,24.0,16.0,108.24,108.24,2022-04-24 16:00:00
2022,4.0,24.0,17.0,102.0,102.0,2022-04-24 17:00:00
2022,4.0,24.0,18.0,112.99,112.99,2022-04-24 18:00:00
2022,4.0,24.0,19.0,165.01,165.01,2022-04-24 19:00:00
2022,4.0,24.0,20.0,198.65,198.65,2022-04-24 20:00:00
2022,4.0,24.0,21.0,224.95,224.95,2022-04-24 21:00:00
2022,4.0,24.0,22.0,257.04,257.04,2022-04-24 22:00:00
2022,4.0,24.0,23.0,255.0,255.0,2022-04-24 23:00:00
2022,4.0,24.0,24.0,246.02,246.02,2022-04-25 00:00:00
2022,4.0,25.0,1.0,267.43,267.43,2022-04-25 01:00:00
2022,4.0,25.0,2.0,260.51,260.51,2022-04-25 02:00:00
2022,4.0,25.0,3.0,248.87,248.87,2022-04-25 03:00:00
2022,4.0,25.0,4.0,238.52,238.52,2022-04-25 04:00:00
2022,4.0,25.0,5.0,232.61,232.61,2022-04-25 05:00:00
2022,4.0,25.0,6.0,230.88,230.88,2022-04-25 06:00:00
2022,4.0,25.0,7.0,237.23,237.23,2022-04-25 07:00:00
2022,4.0,25.0,8.0,254.12,261.87,2022-04-25 08:00:00
2022,4.0,25.0,9.0,249.59,272.47,2022-04-25 09:00:00
2022,4.0,25.0,10.0,238.77,238.77,2022-04-25 10:00:00
2022,4.0,25.0,11.0,221.75,221.75,2022-04-25 11:00:00
2022,4.0,25.0,12.0,204.26,204.26,2022-04-25 12:00:00
2022,4.0,25.0,13.0,181.98,181.98,2022-04-25 13:00:00
2022,4.0,25.0,14.0,180.1,180.1,2022-04-25 14:00:00
2022,4.0,25.0,15.0,173.76,173.76,2022-04-25 15:00:00
2022,4.0,25.0,16.0,170.0,170.0,2022-04-25 16:00:00
2022,4.0,25.0,17.0,170.56,170.56,2022-04-25 17:00:00
2022,4.0,25.0,18.0,180.0,180.0,2022-04-25 18:00:00
2022,4.0,25.0,19.0,207.0,207.0,2022-04-25 19:00:00
2022,4.0,25.0,20.0,231.76,231.76,2022-04-25 20:00:00
2022,4.0,25.0,21.0,260.0,275.71,2022-04-25 21:00:00
2022,4.0,25.0,22.0,264.93,264.93,2022-04-25 22:00:00
2022,4.0,25.0,23.0,254.0,254.0,2022-04-25 23:00:00
2022,4.0,25.0,24.0,232.61,232.61,2022-04-26 00:00:00
2022,4.0,26.0,1.0,237.76,237.76,2022-04-26 01:00:00
2022,4.0,26.0,2.0,231.13,231.13,2022-04-26 02:00:00
2022,4.0,26.0,3.0,222.62,222.62,2022-04-26 03:00:00
2022,4.0,26.0,4.0,211.79,211.79,2022-04-26 04:00:00
2022,4.0,26.0,5.0,214.47,214.47,2022-04-26 05:00:00
2022,4.0,26.0,6.0,232.95,232.95,2022-04-26 06:00:00
2022,4.0,26.0,7.0,251.07,251.07,2022-04-26 07:00:00
2022,4.0,26.0,8.0,255.6,255.6,2022-04-26 08:00:00
2022,4.0,26.0,9.0,256.0,256.0,2022-04-26 09:00:00
2022,4.0,26.0,10.0,246.0,246.0,2022-04-26 10:00:00
2022,4.0,26.0,11.0,237.76,237.76,2022-04-26 11:00:00
2022,4.0,26.0,12.0,228.57,228.57,2022-04-26 12:00:00
2022,4.0,26.0,13.0,223.0,223.0,2022-04-26 13:00:00
2022,4.0,26.0,14.0,215.0,215.0,2022-04-26 14:00:00
2022,4.0,26.0,15.0,205.53,205.53,2022-04-26 15:00:00
2022,4.0,26.0,16.0,205.0,205.0,2022-04-26 16:00:00
2022,4.0,26.0,17.0,207.26,207.26,2022-04-26 17:00:00
2022,4.0,26.0,18.0,223.0,223.0,2022-04-26 18:00:00
2022,4.0,26.0,19.0,229.13,229.13,2022-04-26 19:00:00
2022,4.0,26.0,20.0,241.55,241.55,2022-04-26 20:00:00
2022,4.0,26.0,21.0,265.01,265.01,2022-04-26 21:00:00
2022,4.0,26.0,22.0,270.01,270.01,2022-04-26 22:00:00
2022,4.0,26.0,23.0,255.0,255.0,2022-04-26 23:00:00
2022,4.0,26.0,24.0,245.51,245.51,2022-04-27 00:00:00
2022,4.0,27.0,1.0,211.96,211.96,2022-04-27 01:00:00
2022,4.0,27.0,2.0,205.0,205.0,2022-04-27 02:00:00
2022,4.0,27.0,3.0,196.36,196.36,2022-04-27 03:00:00
2022,4.0,27.0,4.0,194.53,194.53,2022-04-27 04:00:00
2022,4.0,27.0,5.0,197.51,197.51,2022-04-27 05:00:00
2022,4.0,27.0,6.0,209.94,209.94,2022-04-27 06:00:00
2022,4.0,27.0,7.0,242.97,242.97,2022-04-27 07:00:00
2022,4.0,27.0,8.0,254.94,254.94,2022-04-27 08:00:00
2022,4.0,27.0,9.0,262.0,265.98,2022-04-27 09:00:00
2022,4.0,27.0,10.0,252.74,252.74,2022-04-27 10:00:00
2022,4.0,27.0,11.0,235.38,235.38,2022-04-27 11:00:00
2022,4.0,27.0,12.0,216.74,216.74,2022-04-27 12:00:00
2022,4.0,27.0,13.0,207.66,207.66,2022-04-27 13:00:00
2022,4.0,27.0,14.0,200.62,200.62,2022-04-27 14:00:00
2022,4.0,27.0,15.0,193.22,193.22,2022-04-27 15:00:00
2022,4.0,27.0,16.0,190.96,190.96,2022-04-27 16:00:00
2022,4.0,27.0,17.0,191.35,191.35,2022-04-27 17:00:00
2022,4.0,27.0,18.0,206.49,206.49,2022-04-27 18:00:00
2022,4.0,27.0,19.0,223.86,223.86,2022-04-27 19:00:00
2022,4.0,27.0,20.0,235.17,235.17,2022-04-27 20:00:00
2022,4.0,27.0,21.0,254.07,254.07,2022-04-27 21:00:00
2022,4.0,27.0,22.0,254.94,254.94,2022-04-27 22:00:00
2022,4.0,27.0,23.0,235.33,235.33,2022-04-27 23:00:00
2022,4.0,27.0,24.0,224.99,224.99,2022-04-28 00:00:00
2022,4.0,28.0,1.0,219.39,219.39,2022-04-28 01:00:00
2022,4.0,28.0,2.0,206.12,206.12,2022-04-28 02:00:00
2022,4.0,28.0,3.0,198.0,198.0,2022-04-28 03:00:00
2022,4.0,28.0,4.0,202.5,202.5,2022-04-28 04:00:00
2022,4.0,28.0,5.0,201.5,201.5,2022-04-28 05:00:00
2022,4.0,28.0,6.0,218.35,218.35,2022-04-28 06:00:00
2022,4.0,28.0,7.0,250.0,250.0,2022-04-28 07:00:00
2022,4.0,28.0,8.0,250.16,263.45,2022-04-28 08:00:00
2022,4.0,28.0,9.0,263.43,267.15,2022-04-28 09:00:00
2022,4.0,28.0,10.0,251.26,251.26,2022-04-28 10:00:00
2022,4.0,28.0,11.0,224.93,224.93,2022-04-28 11:00:00
2022,4.0,28.0,12.0,214.7,214.7,2022-04-28 12:00:00
2022,4.0,28.0,13.0,208.0,208.0,2022-04-28 13:00:00
2022,4.0,28.0,14.0,200.09,200.09,2022-04-28 14:00:00
2022,4.0,28.0,15.0,197.05,197.05,2022-04-28 15:00:00
2022,4.0,28.0,16.0,196.3,196.3,2022-04-28 16:00:00
2022,4.0,28.0,17.0,197.13,197.13,2022-04-28 17:00:00
2022,4.0,28.0,18.0,217.63,217.63,2022-04-28 18:00:00
2022,4.0,28.0,19.0,230.0,230.0,2022-04-28 19:00:00
2022,4.0,28.0,20.0,240.34,240.34,2022-04-28 20:00:00
2022,4.0,28.0,21.0,254.48,254.48,2022-04-28 21:00:00
2022,4.0,28.0,22.0,267.85,267.85,2022-04-28 22:00:00
2022,4.0,28.0,23.0,250.16,250.16,2022-04-28 23:00:00
2022,4.0,28.0,24.0,222.78,222.78,2022-04-29 00:00:00
2022,4.0,29.0,1.0,206.05,206.05,2022-04-29 01:00:00
2022,4.0,29.0,2.0,203.15,203.15,2022-04-29 02:00:00
2022,4.0,29.0,3.0,202.52,202.52,2022-04-29 03:00:00
2022,4.0,29.0,4.0,203.23,203.23,2022-04-29 04:00:00
2022,4.0,29.0,5.0,205.09,205.09,2022-04-29 05:00:00
2022,4.0,29.0,6.0,213.86,213.86,2022-04-29 06:00:00
2022,4.0,29.0,7.0,230.0,230.0,2022-04-29 07:00:00
2022,4.0,29.0,8.0,244.74,245.24,2022-04-29 08:00:00
2022,4.0,29.0,9.0,248.41,248.41,2022-04-29 09:00:00
2022,4.0,29.0,10.0,234.45,234.45,2022-04-29 10:00:00
2022,4.0,29.0,11.0,213.32,213.32,2022-04-29 11:00:00
2022,4.0,29.0,12.0,204.66,204.66,2022-04-29 12:00:00
2022,4.0,29.0,13.0,195.0,195.0,2022-04-29 13:00:00
2022,4.0,29.0,14.0,191.0,191.0,2022-04-29 14:00:00
2022,4.0,29.0,15.0,186.0,186.0,2022-04-29 15:00:00
2022,4.0,29.0,16.0,186.0,186.0,2022-04-29 16:00:00
2022,4.0,29.0,17.0,195.0,195.0,2022-04-29 17:00:00
2022,4.0,29.0,18.0,202.11,202.11,2022-04-29 18:00:00
2022,4.0,29.0,19.0,204.84,204.84,2022-04-29 19:00:00
2022,4.0,29.0,20.0,218.19,218.19,2022-04-29 20:00:00
2022,4.0,29.0,21.0,250.01,250.01,2022-04-29 21:00:00
2022,4.0,29.0,22.0,254.97,254.97,2022-04-29 22:00:00
2022,4.0,29.0,23.0,241.56,241.56,2022-04-29 23:00:00
2022,4.0,29.0,24.0,221.46,221.46,2022-04-30 00:00:00
2022,4.0,30.0,1.0,204.78,204.78,2022-04-30 01:00:00
2022,4.0,30.0,2.0,189.1,189.1,2022-04-30 02:00:00
2022,4.0,30.0,3.0,189.91,189.91,2022-04-30 03:00:00
2022,4.0,30.0,4.0,187.47,187.47,2022-04-30 04:00:00
2022,4.0,30.0,5.0,189.96,189.96,2022-04-30 05:00:00
2022,4.0,30.0,6.0,194.81,194.81,2022-04-30 06:00:00
2022,4.0,30.0,7.0,201.0,201.0,2022-04-30 07:00:00
2022,4.0,30.0,8.0,206.59,206.59,2022-04-30 08:00:00
2022,4.0,30.0,9.0,210.01,210.01,2022-04-30 09:00:00
2022,4.0,30.0,10.0,195.5,195.5,2022-04-30 10:00:00
2022,4.0,30.0,11.0,178.0,178.0,2022-04-30 11:00:00
2022,4.0,30.0,12.0,175.0,175.0,2022-04-30 12:00:00
2022,4.0,30.0,13.0,175.0,175.0,2022-04-30 13:00:00
2022,4.0,30.0,14.0,172.94,172.94,2022-04-30 14:00:00
2022,4.0,30.0,15.0,166.35,166.35,2022-04-30 15:00:00
2022,4.0,30.0,16.0,159.69,159.69,2022-04-30 16:00:00
2022,4.0,30.0,17.0,145.0,145.0,2022-04-30 17:00:00
2022,4.0,30.0,18.0,138.0,138.0,2022-04-30 18:00:00
2022,4.0,30.0,19.0,164.25,164.25,2022-04-30 19:00:00
2022,4.0,30.0,20.0,175.0,175.0,2022-04-30 20:00:00
2022,4.0,30.0,21.0,212.0,212.0,2022-04-30 21:00:00
2022,4.0,30.0,22.0,232.01,232.01,2022-04-30 22:00:00
2022,4.0,30.0,23.0,218.5,218.5,2022-04-30 23:00:00
2022,4.0,30.0,24.0,193.91,193.91,2022-05-01 00:00:00
2022,5.0,1.0,1.0,206.0,206.0,2022-05-01 01:00:00
2022,5.0,1.0,2.0,199.7,199.7,2022-05-01 02:00:00
2022,5.0,1.0,3.0,197.56,197.56,2022-05-01 03:00:00
2022,5.0,1.0,4.0,192.2,192.2,2022-05-01 04:00:00
2022,5.0,1.0,5.0,197.43,197.43,2022-05-01 05:00:00
2022,5.0,1.0,6.0,201.32,201.32,2022-05-01 06:00:00
2022,5.0,1.0,7.0,195.0,195.0,2022-05-01 07:00:00
2022,5.0,1.0,8.0,194.95,194.95,2022-05-01 08:00:00
2022,5.0,1.0,9.0,186.94,186.94,2022-05-01 09:00:00
2022,5.0,1.0,10.0,182.04,182.04,2022-05-01 10:00:00
2022,5.0,1.0,11.0,177.31,177.31,2022-05-01 11:00:00
2022,5.0,1.0,12.0,170.93,170.93,2022-05-01 12:00:00
2022,5.0,1.0,13.0,167.39,167.39,2022-05-01 13:00:00
2022,5.0,1.0,14.0,150.74,150.74,2022-05-01 14:00:00
2022,5.0,1.0,15.0,140.4,140.4,2022-05-01 15:00:00
2022,5.0,1.0,16.0,131.7,131.7,2022-05-01 16:00:00
2022,5.0,1.0,17.0,117.77,117.77,2022-05-01 17:00:00
2022,5.0,1.0,18.0,95.05,95.05,2022-05-01 18:00:00
2022,5.0,1.0,19.0,128.27,128.27,2022-05-01 19:00:00
2022,5.0,1.0,20.0,164.06,164.06,2022-05-01 20:00:00
2022,5.0,1.0,21.0,211.62,211.62,2022-05-01 21:00:00
2022,5.0,1.0,22.0,227.0,227.0,2022-05-01 22:00:00
2022,5.0,1.0,23.0,222.96,222.96,2022-05-01 23:00:00
2022,5.0,1.0,24.0,210.26,210.26,2022-05-02 00:00:00
2022,5.0,2.0,1.0,198.0,198.0,2022-05-02 01:00:00
2022,5.0,2.0,2.0,197.52,197.52,2022-05-02 02:00:00
2022,5.0,2.0,3.0,194.69,194.69,2022-05-02 03:00:00
2022,5.0,2.0,4.0,193.76,193.76,2022-05-02 04:00:00
2022,5.0,2.0,5.0,196.34,196.34,2022-05-02 05:00:00
2022,5.0,2.0,6.0,209.31,209.31,2022-05-02 06:00:00
2022,5.0,2.0,7.0,209.31,209.31,2022-05-02 07:00:00
2022,5.0,2.0,8.0,212.93,212.93,2022-05-02 08:00:00
2022,5.0,2.0,9.0,212.61,212.61,2022-05-02 09:00:00
2022,5.0,2.0,10.0,208.64,208.64,2022-05-02 10:00:00
2022,5.0,2.0,11.0,192.45,192.45,2022-05-02 11:00:00
2022,5.0,2.0,12.0,168.57,168.57,2022-05-02 12:00:00
2022,5.0,2.0,13.0,185.01,185.01,2022-05-02 13:00:00
2022,5.0,2.0,14.0,190.45,190.45,2022-05-02 14:00:00
2022,5.0,2.0,15.0,184.45,184.45,2022-05-02 15:00:00
2022,5.0,2.0,16.0,168.57,168.57,2022-05-02 16:00:00
2022,5.0,2.0,17.0,161.88,161.88,2022-05-02 17:00:00
2022,5.0,2.0,18.0,155.01,155.01,2022-05-02 18:00:00
2022,5.0,2.0,19.0,161.0,161.0,2022-05-02 19:00:00
2022,5.0,2.0,20.0,163.94,163.94,2022-05-02 20:00:00
2022,5.0,2.0,21.0,206.01,206.01,2022-05-02 21:00:00
2022,5.0,2.0,22.0,217.2,217.2,2022-05-02 22:00:00
2022,5.0,2.0,23.0,210.0,210.0,2022-05-02 23:00:00
2022,5.0,2.0,24.0,205.7,205.7,2022-05-03 00:00:00
2022,5.0,3.0,1.0,152.89,152.89,2022-05-03 01:00:00
2022,5.0,3.0,2.0,153.89,153.89,2022-05-03 02:00:00
2022,5.0,3.0,3.0,184.08,184.08,2022-05-03 03:00:00
2022,5.0,3.0,4.0,185.12,185.12,2022-05-03 04:00:00
2022,5.0,3.0,5.0,187.04,187.04,2022-05-03 05:00:00
2022,5.0,3.0,6.0,191.19,191.19,2022-05-03 06:00:00
2022,5.0,3.0,7.0,155.74,155.74,2022-05-03 07:00:00
2022,5.0,3.0,8.0,199.68,199.68,2022-05-03 08:00:00
2022,5.0,3.0,9.0,205.7,205.7,2022-05-03 09:00:00
2022,5.0,3.0,10.0,200.0,200.0,2022-05-03 10:00:00
2022,5.0,3.0,11.0,175.0,175.0,2022-05-03 11:00:00
2022,5.0,3.0,12.0,195.01,195.01,2022-05-03 12:00:00
2022,5.0,3.0,13.0,196.39,196.39,2022-05-03 13:00:00
2022,5.0,3.0,14.0,196.01,196.01,2022-05-03 14:00:00
2022,5.0,3.0,15.0,183.33,183.33,2022-05-03 15:00:00
2022,5.0,3.0,16.0,195.54,195.54,2022-05-03 16:00:00
2022,5.0,3.0,17.0,195.5,195.5,2022-05-03 17:00:00
2022,5.0,3.0,18.0,195.5,195.5,2022-05-03 18:00:00
2022,5.0,3.0,19.0,197.78,197.78,2022-05-03 19:00:00
2022,5.0,3.0,20.0,205.19,205.19,2022-05-03 20:00:00
2022,5.0,3.0,21.0,211.96,211.96,2022-05-03 21:00:00
2022,5.0,3.0,22.0,223.5,223.5,2022-05-03 22:00:00
2022,5.0,3.0,23.0,211.25,211.25,2022-05-03 23:00:00
2022,5.0,3.0,24.0,198.02,198.02,2022-05-04 00:00:00
2022,5.0,4.0,1.0,205.25,205.25,2022-05-04 01:00:00
2022,5.0,4.0,2.0,200.0,200.0,2022-05-04 02:00:00
2022,5.0,4.0,3.0,199.45,199.45,2022-05-04 03:00:00
2022,5.0,4.0,4.0,200.56,200.56,2022-05-04 04:00:00
2022,5.0,4.0,5.0,201.14,201.14,2022-05-04 05:00:00
2022,5.0,4.0,6.0,201.95,201.95,2022-05-04 06:00:00
2022,5.0,4.0,7.0,203.6,203.6,2022-05-04 07:00:00
2022,5.0,4.0,8.0,208.45,208.45,2022-05-04 08:00:00
2022,5.0,4.0,9.0,213.07,213.07,2022-05-04 09:00:00
2022,5.0,4.0,10.0,203.29,203.29,2022-05-04 10:00:00
2022,5.0,4.0,11.0,192.41,192.41,2022-05-04 11:00:00
2022,5.0,4.0,12.0,185.25,185.25,2022-05-04 12:00:00
2022,5.0,4.0,13.0,200.78,200.78,2022-05-04 13:00:00
2022,5.0,4.0,14.0,200.78,200.78,2022-05-04 14:00:00
2022,5.0,4.0,15.0,200.11,200.11,2022-05-04 15:00:00
2022,5.0,4.0,16.0,201.16,201.16,2022-05-04 16:00:00
2022,5.0,4.0,17.0,200.78,200.78,2022-05-04 17:00:00
2022,5.0,4.0,18.0,200.0,200.0,2022-05-04 18:00:00
2022,5.0,4.0,19.0,199.45,199.45,2022-05-04 19:00:00
2022,5.0,4.0,20.0,199.0,199.0,2022-05-04 20:00:00
2022,5.0,4.0,21.0,210.0,210.0,2022-05-04 21:00:00
2022,5.0,4.0,22.0,218.0,218.0,2022-05-04 22:00:00
2022,5.0,4.0,23.0,208.1,208.1,2022-05-04 23:00:00
2022,5.0,4.0,24.0,199.0,199.0,2022-05-05 00:00:00
2022,5.0,5.0,1.0,199.42,199.42,2022-05-05 01:00:00
2022,5.0,5.0,2.0,190.99,190.99,2022-05-05 02:00:00
2022,5.0,5.0,3.0,185.0,185.0,2022-05-05 03:00:00
2022,5.0,5.0,4.0,191.96,191.96,2022-05-05 04:00:00
2022,5.0,5.0,5.0,199.84,199.84,2022-05-05 05:00:00
2022,5.0,5.0,6.0,200.04,200.04,2022-05-05 06:00:00
2022,5.0,5.0,7.0,200.56,200.56,2022-05-05 07:00:00
2022,5.0,5.0,8.0,210.0,210.0,2022-05-05 08:00:00
2022,5.0,5.0,9.0,212.87,212.87,2022-05-05 09:00:00
2022,5.0,5.0,10.0,205.0,205.0,2022-05-05 10:00:00
2022,5.0,5.0,11.0,198.92,198.92,2022-05-05 11:00:00
2022,5.0,5.0,12.0,168.78,168.78,2022-05-05 12:00:00
2022,5.0,5.0,13.0,180.0,180.0,2022-05-05 13:00:00
2022,5.0,5.0,14.0,179.0,179.0,2022-05-05 14:00:00
2022,5.0,5.0,15.0,161.19,161.19,2022-05-05 15:00:00
2022,5.0,5.0,16.0,160.25,160.25,2022-05-05 16:00:00
2022,5.0,5.0,17.0,157.24,157.24,2022-05-05 17:00:00
2022,5.0,5.0,18.0,159.0,159.0,2022-05-05 18:00:00
2022,5.0,5.0,19.0,170.1,170.1,2022-05-05 19:00:00
2022,5.0,5.0,20.0,191.45,191.45,2022-05-05 20:00:00
2022,5.0,5.0,21.0,213.0,213.0,2022-05-05 21:00:00
2022,5.0,5.0,22.0,225.14,225.14,2022-05-05 22:00:00
2022,5.0,5.0,23.0,214.34,214.34,2022-05-05 23:00:00
2022,5.0,5.0,24.0,204.45,204.45,2022-05-06 00:00:00
2022,5.0,6.0,1.0,217.9,217.9,2022-05-06 01:00:00
2022,5.0,6.0,2.0,213.74,213.74,2022-05-06 02:00:00
2022,5.0,6.0,3.0,207.56,207.56,2022-05-06 03:00:00
2022,5.0,6.0,4.0,204.02,204.02,2022-05-06 04:00:00
2022,5.0,6.0,5.0,206.57,206.57,2022-05-06 05:00:00
2022,5.0,6.0,6.0,213.11,213.11,2022-05-06 06:00:00
2022,5.0,6.0,7.0,215.01,215.01,2022-05-06 07:00:00
2022,5.0,6.0,8.0,220.69,220.69,2022-05-06 08:00:00
2022,5.0,6.0,9.0,217.68,217.68,2022-05-06 09:00:00
2022,5.0,6.0,10.0,204.55,204.55,2022-05-06 10:00:00
2022,5.0,6.0,11.0,200.55,200.55,2022-05-06 11:00:00
2022,5.0,6.0,12.0,194.55,194.55,2022-05-06 12:00:00
2022,5.0,6.0,13.0,190.55,190.55,2022-05-06 13:00:00
2022,5.0,6.0,14.0,181.0,181.0,2022-05-06 14:00:00
2022,5.0,6.0,15.0,164.03,164.03,2022-05-06 15:00:00
2022,5.0,6.0,16.0,160.0,160.0,2022-05-06 16:00:00
2022,5.0,6.0,17.0,150.5,150.5,2022-05-06 17:00:00
2022,5.0,6.0,18.0,150.05,150.05,2022-05-06 18:00:00
2022,5.0,6.0,19.0,156.41,156.41,2022-05-06 19:00:00
2022,5.0,6.0,20.0,198.55,198.55,2022-05-06 20:00:00
2022,5.0,6.0,21.0,210.0,210.0,2022-05-06 21:00:00
2022,5.0,6.0,22.0,231.47,231.47,2022-05-06 22:00:00
2022,5.0,6.0,23.0,224.3,224.3,2022-05-06 23:00:00
2022,5.0,6.0,24.0,210.38,210.38,2022-05-07 00:00:00
2022,5.0,7.0,1.0,209.78,209.78,2022-05-07 01:00:00
2022,5.0,7.0,2.0,205.0,205.0,2022-05-07 02:00:00
2022,5.0,7.0,3.0,202.83,202.83,2022-05-07 03:00:00
2022,5.0,7.0,4.0,200.01,200.01,2022-05-07 04:00:00
2022,5.0,7.0,5.0,199.5,199.5,2022-05-07 05:00:00
2022,5.0,7.0,6.0,200.1,200.1,2022-05-07 06:00:00
2022,5.0,7.0,7.0,201.78,201.78,2022-05-07 07:00:00
2022,5.0,7.0,8.0,205.61,205.61,2022-05-07 08:00:00
2022,5.0,7.0,9.0,205.0,205.0,2022-05-07 09:00:00
2022,5.0,7.0,10.0,170.7,170.7,2022-05-07 10:00:00
2022,5.0,7.0,11.0,156.99,156.99,2022-05-07 11:00:00
2022,5.0,7.0,12.0,151.42,151.42,2022-05-07 12:00:00
2022,5.0,7.0,13.0,149.99,149.99,2022-05-07 13:00:00
2022,5.0,7.0,14.0,152.0,152.0,2022-05-07 14:00:00
2022,5.0,7.0,15.0,148.0,148.0,2022-05-07 15:00:00
2022,5.0,7.0,16.0,148.0,148.0,2022-05-07 16:00:00
2022,5.0,7.0,17.0,145.23,145.23,2022-05-07 17:00:00
2022,5.0,7.0,18.0,145.23,145.23,2022-05-07 18:00:00
2022,5.0,7.0,19.0,155.11,155.11,2022-05-07 19:00:00
2022,5.0,7.0,20.0,205.61,205.61,2022-05-07 20:00:00
2022,5.0,7.0,21.0,218.34,218.34,2022-05-07 21:00:00
2022,5.0,7.0,22.0,229.0,229.0,2022-05-07 22:00:00
2022,5.0,7.0,23.0,223.12,223.12,2022-05-07 23:00:00
2022,5.0,7.0,24.0,208.38,208.38,2022-05-08 00:00:00
2022,5.0,8.0,1.0,208.1,208.1,2022-05-08 01:00:00
2022,5.0,8.0,2.0,193.3,193.3,2022-05-08 02:00:00
2022,5.0,8.0,3.0,191.92,191.92,2022-05-08 03:00:00
2022,5.0,8.0,4.0,186.01,186.01,2022-05-08 04:00:00
2022,5.0,8.0,5.0,182.98,182.98,2022-05-08 05:00:00
2022,5.0,8.0,6.0,186.06,186.06,2022-05-08 06:00:00
2022,5.0,8.0,7.0,184.97,184.97,2022-05-08 07:00:00
2022,5.0,8.0,8.0,185.93,185.93,2022-05-08 08:00:00
2022,5.0,8.0,9.0,183.62,183.62,2022-05-08 09:00:00
2022,5.0,8.0,10.0,163.45,163.45,2022-05-08 10:00:00
2022,5.0,8.0,11.0,140.33,140.33,2022-05-08 11:00:00
2022,5.0,8.0,12.0,128.17,123.17,2022-05-08 12:00:00
2022,5.0,8.0,13.0,135.0,128.06,2022-05-08 13:00:00
2022,5.0,8.0,14.0,135.0,116.87,2022-05-08 14:00:00
2022,5.0,8.0,15.0,117.99,110.68,2022-05-08 15:00:00
2022,5.0,8.0,16.0,96.62,93.26,2022-05-08 16:00:00
2022,5.0,8.0,17.0,113.6,113.6,2022-05-08 17:00:00
2022,5.0,8.0,18.0,149.4,149.4,2022-05-08 18:00:00
2022,5.0,8.0,19.0,180.0,180.0,2022-05-08 19:00:00
2022,5.0,8.0,20.0,209.78,209.78,2022-05-08 20:00:00
2022,5.0,8.0,21.0,223.76,223.76,2022-05-08 21:00:00
2022,5.0,8.0,22.0,238.35,238.35,2022-05-08 22:00:00
2022,5.0,8.0,23.0,225.91,225.91,2022-05-08 23:00:00
2022,5.0,8.0,24.0,217.9,217.9,2022-05-09 00:00:00
2022,5.0,9.0,1.0,209.08,209.08,2022-05-09 01:00:00
2022,5.0,9.0,2.0,199.21,199.21,2022-05-09 02:00:00
2022,5.0,9.0,3.0,196.07,196.07,2022-05-09 03:00:00
2022,5.0,9.0,4.0,191.11,191.11,2022-05-09 04:00:00
2022,5.0,9.0,5.0,193.68,193.68,2022-05-09 05:00:00
2022,5.0,9.0,6.0,210.72,210.72,2022-05-09 06:00:00
2022,5.0,9.0,7.0,222.0,222.0,2022-05-09 07:00:00
2022,5.0,9.0,8.0,231.76,231.76,2022-05-09 08:00:00
2022,5.0,9.0,9.0,228.47,228.47,2022-05-09 09:00:00
2022,5.0,9.0,10.0,219.21,219.21,2022-05-09 10:00:00
2022,5.0,9.0,11.0,199.95,199.95,2022-05-09 11:00:00
2022,5.0,9.0,12.0,197.6,197.6,2022-05-09 12:00:00
2022,5.0,9.0,13.0,200.23,200.23,2022-05-09 13:00:00
2022,5.0,9.0,14.0,199.15,199.15,2022-05-09 14:00:00
2022,5.0,9.0,15.0,191.92,191.92,2022-05-09 15:00:00
2022,5.0,9.0,16.0,183.94,183.94,2022-05-09 16:00:00
2022,5.0,9.0,17.0,190.63,190.63,2022-05-09 17:00:00
2022,5.0,9.0,18.0,202.01,202.01,2022-05-09 18:00:00
2022,5.0,9.0,19.0,205.4,205.4,2022-05-09 19:00:00
2022,5.0,9.0,20.0,211.99,211.99,2022-05-09 20:00:00
2022,5.0,9.0,21.0,226.82,226.82,2022-05-09 21:00:00
2022,5.0,9.0,22.0,250.44,250.44,2022-05-09 22:00:00
2022,5.0,9.0,23.0,231.57,231.57,2022-05-09 23:00:00
2022,5.0,9.0,24.0,216.72,216.72,2022-05-10 00:00:00
2022,5.0,10.0,1.0,216.41,216.41,2022-05-10 01:00:00
2022,5.0,10.0,2.0,205.61,205.61,2022-05-10 02:00:00
2022,5.0,10.0,3.0,197.97,197.97,2022-05-10 03:00:00
2022,5.0,10.0,4.0,198.0,198.0,2022-05-10 04:00:00
2022,5.0,10.0,5.0,198.35,198.35,2022-05-10 05:00:00
2022,5.0,10.0,6.0,202.35,202.35,2022-05-10 06:00:00
2022,5.0,10.0,7.0,224.08,224.08,2022-05-10 07:00:00
2022,5.0,10.0,8.0,237.95,237.95,2022-05-10 08:00:00
2022,5.0,10.0,9.0,235.0,235.0,2022-05-10 09:00:00
2022,5.0,10.0,10.0,220.0,220.0,2022-05-10 10:00:00
2022,5.0,10.0,11.0,210.02,210.02,2022-05-10 11:00:00
2022,5.0,10.0,12.0,201.5,201.5,2022-05-10 12:00:00
2022,5.0,10.0,13.0,195.63,195.63,2022-05-10 13:00:00
2022,5.0,10.0,14.0,186.52,186.52,2022-05-10 14:00:00
2022,5.0,10.0,15.0,185.0,185.0,2022-05-10 15:00:00
2022,5.0,10.0,16.0,176.22,176.22,2022-05-10 16:00:00
2022,5.0,10.0,17.0,179.37,179.37,2022-05-10 17:00:00
2022,5.0,10.0,18.0,193.58,193.58,2022-05-10 18:00:00
2022,5.0,10.0,19.0,209.78,209.78,2022-05-10 19:00:00
2022,5.0,10.0,20.0,215.95,215.95,2022-05-10 20:00:00
2022,5.0,10.0,21.0,230.0,230.0,2022-05-10 21:00:00
2022,5.0,10.0,22.0,236.96,236.96,2022-05-10 22:00:00
2022,5.0,10.0,23.0,229.09,229.09,2022-05-10 23:00:00
2022,5.0,10.0,24.0,223.61,223.61,2022-05-11 00:00:00
2022,5.0,11.0,1.0,207.15,207.15,2022-05-11 01:00:00
2022,5.0,11.0,2.0,192.8,192.8,2022-05-11 02:00:00
2022,5.0,11.0,3.0,185.5,185.5,2022-05-11 03:00:00
2022,5.0,11.0,4.0,179.0,179.0,2022-05-11 04:00:00
2022,5.0,11.0,5.0,179.46,179.46,2022-05-11 05:00:00
2022,5.0,11.0,6.0,185.72,185.72,2022-05-11 06:00:00
2022,5.0,11.0,7.0,216.37,216.37,2022-05-11 07:00:00
2022,5.0,11.0,8.0,228.84,228.84,2022-05-11 08:00:00
2022,5.0,11.0,9.0,224.0,224.0,2022-05-11 09:00:00
2022,5.0,11.0,10.0,200.0,200.0,2022-05-11 10:00:00
2022,5.0,11.0,11.0,180.24,180.24,2022-05-11 11:00:00
2022,5.0,11.0,12.0,171.25,171.25,2022-05-11 12:00:00
2022,5.0,11.0,13.0,166.04,166.04,2022-05-11 13:00:00
2022,5.0,11.0,14.0,163.98,163.98,2022-05-11 14:00:00
2022,5.0,11.0,15.0,161.4,161.4,2022-05-11 15:00:00
2022,5.0,11.0,16.0,155.31,154.4,2022-05-11 16:00:00
2022,5.0,11.0,17.0,155.11,155.11,2022-05-11 17:00:00
2022,5.0,11.0,18.0,157.37,157.37,2022-05-11 18:00:00
2022,5.0,11.0,19.0,166.04,166.04,2022-05-11 19:00:00
2022,5.0,11.0,20.0,174.16,174.16,2022-05-11 20:00:00
2022,5.0,11.0,21.0,216.37,216.37,2022-05-11 21:00:00
2022,5.0,11.0,22.0,220.0,220.0,2022-05-11 22:00:00
2022,5.0,11.0,23.0,206.01,206.01,2022-05-11 23:00:00
2022,5.0,11.0,24.0,192.93,192.93,2022-05-12 00:00:00
2022,5.0,12.0,1.0,166.04,166.04,2022-05-12 01:00:00
2022,5.0,12.0,2.0,164.99,164.99,2022-05-12 02:00:00
2022,5.0,12.0,3.0,163.98,163.98,2022-05-12 03:00:00
2022,5.0,12.0,4.0,161.11,161.11,2022-05-12 04:00:00
2022,5.0,12.0,5.0,163.02,163.02,2022-05-12 05:00:00
2022,5.0,12.0,6.0,172.42,172.42,2022-05-12 06:00:00
2022,5.0,12.0,7.0,209.78,209.78,2022-05-12 07:00:00
2022,5.0,12.0,8.0,212.97,212.97,2022-05-12 08:00:00
2022,5.0,12.0,9.0,216.06,216.06,2022-05-12 09:00:00
2022,5.0,12.0,10.0,210.0,210.0,2022-05-12 10:00:00
2022,5.0,12.0,11.0,204.22,204.22,2022-05-12 11:00:00
2022,5.0,12.0,12.0,186.18,186.18,2022-05-12 12:00:00
2022,5.0,12.0,13.0,175.01,175.01,2022-05-12 13:00:00
2022,5.0,12.0,14.0,166.04,166.04,2022-05-12 14:00:00
2022,5.0,12.0,15.0,164.99,164.99,2022-05-12 15:00:00
2022,5.0,12.0,16.0,163.98,163.98,2022-05-12 16:00:00
2022,5.0,12.0,17.0,163.98,163.98,2022-05-12 17:00:00
2022,5.0,12.0,18.0,165.68,165.68,2022-05-12 18:00:00
2022,5.0,12.0,19.0,186.18,186.18,2022-05-12 19:00:00
2022,5.0,12.0,20.0,200.01,200.01,2022-05-12 20:00:00
2022,5.0,12.0,21.0,212.97,212.97,2022-05-12 21:00:00
2022,5.0,12.0,22.0,227.49,227.49,2022-05-12 22:00:00
2022,5.0,12.0,23.0,224.32,224.32,2022-05-12 23:00:00
2022,5.0,12.0,24.0,212.97,212.97,2022-05-13 00:00:00
2022,5.0,13.0,1.0,210.0,210.0,2022-05-13 01:00:00
2022,5.0,13.0,2.0,202.71,202.71,2022-05-13 02:00:00
2022,5.0,13.0,3.0,189.0,189.0,2022-05-13 03:00:00
2022,5.0,13.0,4.0,177.01,177.01,2022-05-13 04:00:00
2022,5.0,13.0,5.0,185.0,185.0,2022-05-13 05:00:00
2022,5.0,13.0,6.0,203.2,203.2,2022-05-13 06:00:00
2022,5.0,13.0,7.0,226.93,226.93,2022-05-13 07:00:00
2022,5.0,13.0,8.0,233.66,242.74,2022-05-13 08:00:00
2022,5.0,13.0,9.0,238.0,238.0,2022-05-13 09:00:00
2022,5.0,13.0,10.0,225.1,225.1,2022-05-13 10:00:00
2022,5.0,13.0,11.0,207.46,207.46,2022-05-13 11:00:00
2022,5.0,13.0,12.0,201.1,201.1,2022-05-13 12:00:00
2022,5.0,13.0,13.0,195.18,195.18,2022-05-13 13:00:00
2022,5.0,13.0,14.0,187.55,187.55,2022-05-13 14:00:00
2022,5.0,13.0,15.0,167.0,167.0,2022-05-13 15:00:00
2022,5.0,13.0,16.0,165.5,165.5,2022-05-13 16:00:00
2022,5.0,13.0,17.0,166.0,166.0,2022-05-13 17:00:00
2022,5.0,13.0,18.0,164.99,164.99,2022-05-13 18:00:00
2022,5.0,13.0,19.0,195.18,195.18,2022-05-13 19:00:00
2022,5.0,13.0,20.0,220.0,220.0,2022-05-13 20:00:00
2022,5.0,13.0,21.0,227.22,227.22,2022-05-13 21:00:00
2022,5.0,13.0,22.0,229.0,229.0,2022-05-13 22:00:00
2022,5.0,13.0,23.0,223.95,223.95,2022-05-13 23:00:00
2022,5.0,13.0,24.0,221.95,221.95,2022-05-14 00:00:00
2022,5.0,14.0,1.0,219.74,219.74,2022-05-14 01:00:00
2022,5.0,14.0,2.0,219.42,219.42,2022-05-14 02:00:00
2022,5.0,14.0,3.0,211.55,211.55,2022-05-14 03:00:00
2022,5.0,14.0,4.0,214.92,214.92,2022-05-14 04:00:00
2022,5.0,14.0,5.0,202.0,202.0,2022-05-14 05:00:00
2022,5.0,14.0,6.0,196.0,196.0,2022-05-14 06:00:00
2022,5.0,14.0,7.0,202.01,202.01,2022-05-14 07:00:00
2022,5.0,14.0,8.0,194.3,194.3,2022-05-14 08:00:00
2022,5.0,14.0,9.0,184.94,184.94,2022-05-14 09:00:00
2022,5.0,14.0,10.0,164.99,164.99,2022-05-14 10:00:00
2022,5.0,14.0,11.0,161.6,161.6,2022-05-14 11:00:00
2022,5.0,14.0,12.0,160.77,160.77,2022-05-14 12:00:00
2022,5.0,14.0,13.0,159.83,159.83,2022-05-14 13:00:00
2022,5.0,14.0,14.0,143.72,143.72,2022-05-14 14:00:00
2022,5.0,14.0,15.0,138.5,138.5,2022-05-14 15:00:00
2022,5.0,14.0,16.0,136.59,136.59,2022-05-14 16:00:00
2022,5.0,14.0,17.0,147.92,147.92,2022-05-14 17:00:00
2022,5.0,14.0,18.0,162.02,162.02,2022-05-14 18:00:00
2022,5.0,14.0,19.0,206.38,206.38,2022-05-14 19:00:00
2022,5.0,14.0,20.0,225.0,225.0,2022-05-14 20:00:00
2022,5.0,14.0,21.0,240.04,240.04,2022-05-14 21:00:00
2022,5.0,14.0,22.0,241.87,241.87,2022-05-14 22:00:00
2022,5.0,14.0,23.0,239.0,239.0,2022-05-14 23:00:00
2022,5.0,14.0,24.0,224.15,224.15,2022-05-15 00:00:00
2022,5.0,15.0,1.0,214.91,214.91,2022-05-15 01:00:00
2022,5.0,15.0,2.0,196.35,196.35,2022-05-15 02:00:00
2022,5.0,15.0,3.0,185.43,185.43,2022-05-15 03:00:00
2022,5.0,15.0,4.0,174.15,174.15,2022-05-15 04:00:00
2022,5.0,15.0,5.0,170.17,170.17,2022-05-15 05:00:00
2022,5.0,15.0,6.0,170.25,170.25,2022-05-15 06:00:00
2022,5.0,15.0,7.0,162.92,162.92,2022-05-15 07:00:00
2022,5.0,15.0,8.0,158.57,158.57,2022-05-15 08:00:00
2022,5.0,15.0,9.0,154.98,154.98,2022-05-15 09:00:00
2022,5.0,15.0,10.0,110.6,110.6,2022-05-15 10:00:00
2022,5.0,15.0,11.0,95.98,95.98,2022-05-15 11:00:00
2022,5.0,15.0,12.0,90.0,90.0,2022-05-15 12:00:00
2022,5.0,15.0,13.0,75.0,75.0,2022-05-15 13:00:00
2022,5.0,15.0,14.0,45.35,45.35,2022-05-15 14:00:00
2022,5.0,15.0,15.0,15.0,15.0,2022-05-15 15:00:00
2022,5.0,15.0,16.0,1.03,1.03,2022-05-15 16:00:00
2022,5.0,15.0,17.0,1.03,1.03,2022-05-15 17:00:00
2022,5.0,15.0,18.0,1.17,1.17,2022-05-15 18:00:00
2022,5.0,15.0,19.0,10.09,10.09,2022-05-15 19:00:00
2022,5.0,15.0,20.0,155.99,155.99,2022-05-15 20:00:00
2022,5.0,15.0,21.0,218.26,218.26,2022-05-15 21:00:00
2022,5.0,15.0,22.0,226.18,226.18,2022-05-15 22:00:00
2022,5.0,15.0,23.0,219.57,219.57,2022-05-15 23:00:00
2022,5.0,15.0,24.0,200.5,200.5,2022-05-16 00:00:00
2022,5.0,16.0,1.0,180.18,180.18,2022-05-16 01:00:00
2022,5.0,16.0,2.0,169.06,169.06,2022-05-16 02:00:00
2022,5.0,16.0,3.0,169.13,169.13,2022-05-16 03:00:00
2022,5.0,16.0,4.0,169.89,169.89,2022-05-16 04:00:00
2022,5.0,16.0,5.0,169.53,169.53,2022-05-16 05:00:00
2022,5.0,16.0,6.0,182.04,182.04,2022-05-16 06:00:00
2022,5.0,16.0,7.0,229.95,229.95,2022-05-16 07:00:00
2022,5.0,16.0,8.0,234.0,248.08,2022-05-16 08:00:00
2022,5.0,16.0,9.0,240.0,240.0,2022-05-16 09:00:00
2022,5.0,16.0,10.0,230.32,230.32,2022-05-16 10:00:00
2022,5.0,16.0,11.0,210.62,210.62,2022-05-16 11:00:00
2022,5.0,16.0,12.0,186.31,186.31,2022-05-16 12:00:00
2022,5.0,16.0,13.0,180.05,180.05,2022-05-16 13:00:00
2022,5.0,16.0,14.0,169.0,169.0,2022-05-16 14:00:00
2022,5.0,16.0,15.0,160.7,160.7,2022-05-16 15:00:00
2022,5.0,16.0,16.0,160.32,160.32,2022-05-16 16:00:00
2022,5.0,16.0,17.0,160.5,160.5,2022-05-16 17:00:00
2022,5.0,16.0,18.0,160.99,160.99,2022-05-16 18:00:00
2022,5.0,16.0,19.0,163.9,163.9,2022-05-16 19:00:00
2022,5.0,16.0,20.0,200.0,200.0,2022-05-16 20:00:00
2022,5.0,16.0,21.0,229.74,229.74,2022-05-16 21:00:00
2022,5.0,16.0,22.0,247.03,247.03,2022-05-16 22:00:00
2022,5.0,16.0,23.0,238.55,238.55,2022-05-16 23:00:00
2022,5.0,16.0,24.0,229.74,229.74,2022-05-17 00:00:00
2022,5.0,17.0,1.0,203.39,203.39,2022-05-17 01:00:00
2022,5.0,17.0,2.0,195.94,195.94,2022-05-17 02:00:00
2022,5.0,17.0,3.0,189.1,189.1,2022-05-17 03:00:00
2022,5.0,17.0,4.0,185.05,185.05,2022-05-17 04:00:00
2022,5.0,17.0,5.0,189.2,189.2,2022-05-17 05:00:00
2022,5.0,17.0,6.0,202.24,202.24,2022-05-17 06:00:00
2022,5.0,17.0,7.0,227.0,227.0,2022-05-17 07:00:00
2022,5.0,17.0,8.0,237.0,237.0,2022-05-17 08:00:00
2022,5.0,17.0,9.0,228.85,228.85,2022-05-17 09:00:00
2022,5.0,17.0,10.0,209.89,209.89,2022-05-17 10:00:00
2022,5.0,17.0,11.0,179.89,179.89,2022-05-17 11:00:00
2022,5.0,17.0,12.0,162.04,162.04,2022-05-17 12:00:00
2022,5.0,17.0,13.0,161.58,161.58,2022-05-17 13:00:00
2022,5.0,17.0,14.0,161.57,161.57,2022-05-17 14:00:00
2022,5.0,17.0,15.0,160.99,160.99,2022-05-17 15:00:00
2022,5.0,17.0,16.0,161.0,161.0,2022-05-17 16:00:00
2022,5.0,17.0,17.0,161.6,161.6,2022-05-17 17:00:00
2022,5.0,17.0,18.0,169.0,169.0,2022-05-17 18:00:00
2022,5.0,17.0,19.0,186.56,186.56,2022-05-17 19:00:00
2022,5.0,17.0,20.0,222.0,222.0,2022-05-17 20:00:00
2022,5.0,17.0,21.0,245.39,245.39,2022-05-17 21:00:00
2022,5.0,17.0,22.0,265.88,265.88,2022-05-17 22:00:00
2022,5.0,17.0,23.0,245.46,245.46,2022-05-17 23:00:00
2022,5.0,17.0,24.0,233.95,233.95,2022-05-18 00:00:00
2022,5.0,18.0,1.0,206.47,206.47,2022-05-18 01:00:00
2022,5.0,18.0,2.0,187.89,187.89,2022-05-18 02:00:00
2022,5.0,18.0,3.0,180.01,180.01,2022-05-18 03:00:00
2022,5.0,18.0,4.0,176.41,176.41,2022-05-18 04:00:00
2022,5.0,18.0,5.0,173.79,173.79,2022-05-18 05:00:00
2022,5.0,18.0,6.0,179.61,179.61,2022-05-18 06:00:00
2022,5.0,18.0,7.0,219.95,219.95,2022-05-18 07:00:00
2022,5.0,18.0,8.0,235.0,235.0,2022-05-18 08:00:00
2022,5.0,18.0,9.0,230.0,230.0,2022-05-18 09:00:00
2022,5.0,18.0,10.0,218.81,218.81,2022-05-18 10:00:00
2022,5.0,18.0,11.0,206.05,206.05,2022-05-18 11:00:00
2022,5.0,18.0,12.0,173.79,173.79,2022-05-18 12:00:00
2022,5.0,18.0,13.0,170.71,170.71,2022-05-18 13:00:00
2022,5.0,18.0,14.0,167.3,167.3,2022-05-18 14:00:00
2022,5.0,18.0,15.0,165.04,165.04,2022-05-18 15:00:00
2022,5.0,18.0,16.0,167.28,167.28,2022-05-18 16:00:00
2022,5.0,18.0,17.0,168.28,168.28,2022-05-18 17:00:00
2022,5.0,18.0,18.0,171.71,171.71,2022-05-18 18:00:00
2022,5.0,18.0,19.0,179.94,179.94,2022-05-18 19:00:00
2022,5.0,18.0,20.0,212.45,212.45,2022-05-18 20:00:00
2022,5.0,18.0,21.0,228.27,228.27,2022-05-18 21:00:00
2022,5.0,18.0,22.0,237.72,237.72,2022-05-18 22:00:00
2022,5.0,18.0,23.0,225.73,225.73,2022-05-18 23:00:00
2022,5.0,18.0,24.0,194.47,194.47,2022-05-19 00:00:00
2022,5.0,19.0,1.0,196.96,196.96,2022-05-19 01:00:00
2022,5.0,19.0,2.0,185.01,185.01,2022-05-19 02:00:00
2022,5.0,19.0,3.0,179.94,179.94,2022-05-19 03:00:00
2022,5.0,19.0,4.0,176.27,176.27,2022-05-19 04:00:00
2022,5.0,19.0,5.0,177.98,177.98,2022-05-19 05:00:00
2022,5.0,19.0,6.0,185.06,185.06,2022-05-19 06:00:00
2022,5.0,19.0,7.0,222.33,222.33,2022-05-19 07:00:00
2022,5.0,19.0,8.0,235.7,235.7,2022-05-19 08:00:00
2022,5.0,19.0,9.0,230.01,230.01,2022-05-19 09:00:00
2022,5.0,19.0,10.0,215.94,215.94,2022-05-19 10:00:00
2022,5.0,19.0,11.0,198.22,198.22,2022-05-19 11:00:00
2022,5.0,19.0,12.0,171.59,171.59,2022-05-19 12:00:00
2022,5.0,19.0,13.0,167.02,167.02,2022-05-19 13:00:00
2022,5.0,19.0,14.0,163.7,163.7,2022-05-19 14:00:00
2022,5.0,19.0,15.0,161.18,161.18,2022-05-19 15:00:00
2022,5.0,19.0,16.0,157.14,157.14,2022-05-19 16:00:00
2022,5.0,19.0,17.0,157.14,157.14,2022-05-19 17:00:00
2022,5.0,19.0,18.0,162.1,162.1,2022-05-19 18:00:00
2022,5.0,19.0,19.0,164.54,164.54,2022-05-19 19:00:00
2022,5.0,19.0,20.0,182.0,182.0,2022-05-19 20:00:00
2022,5.0,19.0,21.0,220.43,220.43,2022-05-19 21:00:00
2022,5.0,19.0,22.0,236.21,236.21,2022-05-19 22:00:00
2022,5.0,19.0,23.0,226.03,226.03,2022-05-19 23:00:00
2022,5.0,19.0,24.0,213.31,213.31,2022-05-20 00:00:00
2022,5.0,20.0,1.0,211.1,211.1,2022-05-20 01:00:00
2022,5.0,20.0,2.0,195.98,195.98,2022-05-20 02:00:00
2022,5.0,20.0,3.0,189.56,189.56,2022-05-20 03:00:00
2022,5.0,20.0,4.0,188.0,188.0,2022-05-20 04:00:00
2022,5.0,20.0,5.0,189.56,189.56,2022-05-20 05:00:00
2022,5.0,20.0,6.0,208.62,208.62,2022-05-20 06:00:00
2022,5.0,20.0,7.0,226.51,226.51,2022-05-20 07:00:00
2022,5.0,20.0,8.0,230.05,230.05,2022-05-20 08:00:00
2022,5.0,20.0,9.0,230.72,230.72,2022-05-20 09:00:00
2022,5.0,20.0,10.0,224.0,224.0,2022-05-20 10:00:00
2022,5.0,20.0,11.0,204.97,204.97,2022-05-20 11:00:00
2022,5.0,20.0,12.0,200.28,200.28,2022-05-20 12:00:00
2022,5.0,20.0,13.0,195.0,195.0,2022-05-20 13:00:00
2022,5.0,20.0,14.0,190.07,190.07,2022-05-20 14:00:00
2022,5.0,20.0,15.0,180.18,180.18,2022-05-20 15:00:00
2022,5.0,20.0,16.0,174.0,174.0,2022-05-20 16:00:00
2022,5.0,20.0,17.0,180.18,180.18,2022-05-20 17:00:00
2022,5.0,20.0,18.0,190.0,190.0,2022-05-20 18:00:00
2022,5.0,20.0,19.0,214.92,214.92,2022-05-20 19:00:00
2022,5.0,20.0,20.0,225.63,225.63,2022-05-20 20:00:00
2022,5.0,20.0,21.0,226.87,226.87,2022-05-20 21:00:00
2022,5.0,20.0,22.0,218.03,218.03,2022-05-20 22:00:00
2022,5.0,20.0,23.0,205.27,205.27,2022-05-20 23:00:00
2022,5.0,20.0,24.0,190.17,190.17,2022-05-21 00:00:00
2022,5.0,21.0,1.0,180.0,180.0,2022-05-21 01:00:00
2022,5.0,21.0,2.0,169.27,169.27,2022-05-21 02:00:00
2022,5.0,21.0,3.0,169.26,169.26,2022-05-21 03:00:00
2022,5.0,21.0,4.0,165.87,165.87,2022-05-21 04:00:00
2022,5.0,21.0,5.0,164.84,164.84,2022-05-21 05:00:00
2022,5.0,21.0,6.0,164.94,164.94,2022-05-21 06:00:00
2022,5.0,21.0,7.0,164.84,164.84,2022-05-21 07:00:00
2022,5.0,21.0,8.0,164.85,164.85,2022-05-21 08:00:00
2022,5.0,21.0,9.0,166.54,166.54,2022-05-21 09:00:00
2022,5.0,21.0,10.0,172.97,172.97,2022-05-21 10:00:00
2022,5.0,21.0,11.0,178.82,178.82,2022-05-21 11:00:00
2022,5.0,21.0,12.0,174.89,174.89,2022-05-21 12:00:00
2022,5.0,21.0,13.0,170.57,170.57,2022-05-21 13:00:00
2022,5.0,21.0,14.0,167.45,167.45,2022-05-21 14:00:00
2022,5.0,21.0,15.0,164.67,164.67,2022-05-21 15:00:00
2022,5.0,21.0,16.0,161.55,161.55,2022-05-21 16:00:00
2022,5.0,21.0,17.0,159.33,159.33,2022-05-21 17:00:00
2022,5.0,21.0,18.0,164.84,164.84,2022-05-21 18:00:00
2022,5.0,21.0,19.0,171.58,171.58,2022-05-21 19:00:00
2022,5.0,21.0,20.0,201.0,201.0,2022-05-21 20:00:00
2022,5.0,21.0,21.0,219.32,219.32,2022-05-21 21:00:00
2022,5.0,21.0,22.0,228.11,228.11,2022-05-21 22:00:00
2022,5.0,21.0,23.0,227.05,227.05,2022-05-21 23:00:00
2022,5.0,21.0,24.0,216.42,216.42,2022-05-22 00:00:00
2022,5.0,22.0,1.0,214.57,214.57,2022-05-22 01:00:00
2022,5.0,22.0,2.0,179.4,179.4,2022-05-22 02:00:00
2022,5.0,22.0,3.0,172.5,172.5,2022-05-22 03:00:00
2022,5.0,22.0,4.0,172.24,172.24,2022-05-22 04:00:00
2022,5.0,22.0,5.0,172.21,172.21,2022-05-22 05:00:00
2022,5.0,22.0,6.0,174.65,174.65,2022-05-22 06:00:00
2022,5.0,22.0,7.0,180.18,180.18,2022-05-22 07:00:00
2022,5.0,22.0,8.0,180.18,180.18,2022-05-22 08:00:00
2022,5.0,22.0,9.0,180.01,180.01,2022-05-22 09:00:00
2022,5.0,22.0,10.0,169.47,169.47,2022-05-22 10:00:00
2022,5.0,22.0,11.0,165.49,165.49,2022-05-22 11:00:00
2022,5.0,22.0,12.0,160.0,160.0,2022-05-22 12:00:00
2022,5.0,22.0,13.0,149.01,149.01,2022-05-22 13:00:00
2022,5.0,22.0,14.0,141.98,141.98,2022-05-22 14:00:00
2022,5.0,22.0,15.0,101.4,101.4,2022-05-22 15:00:00
2022,5.0,22.0,16.0,103.7,103.7,2022-05-22 16:00:00
2022,5.0,22.0,17.0,133.19,133.19,2022-05-22 17:00:00
2022,5.0,22.0,18.0,141.98,141.98,2022-05-22 18:00:00
2022,5.0,22.0,19.0,149.9,149.9,2022-05-22 19:00:00
2022,5.0,22.0,20.0,166.54,166.54,2022-05-22 20:00:00
2022,5.0,22.0,21.0,220.43,220.43,2022-05-22 21:00:00
2022,5.0,22.0,22.0,227.9,227.9,2022-05-22 22:00:00
2022,5.0,22.0,23.0,220.43,220.43,2022-05-22 23:00:00
2022,5.0,22.0,24.0,216.11,216.11,2022-05-23 00:00:00
2022,5.0,23.0,1.0,197.01,197.01,2022-05-23 01:00:00
2022,5.0,23.0,2.0,180.18,180.18,2022-05-23 02:00:00
2022,5.0,23.0,3.0,171.55,171.55,2022-05-23 03:00:00
2022,5.0,23.0,4.0,171.54,171.54,2022-05-23 04:00:00
2022,5.0,23.0,5.0,171.49,171.49,2022-05-23 05:00:00
2022,5.0,23.0,6.0,172.54,172.54,2022-05-23 06:00:00
2022,5.0,23.0,7.0,202.7,202.7,2022-05-23 07:00:00
2022,5.0,23.0,8.0,224.96,224.96,2022-05-23 08:00:00
2022,5.0,23.0,9.0,230.02,230.02,2022-05-23 09:00:00
2022,5.0,23.0,10.0,220.97,220.97,2022-05-23 10:00:00
2022,5.0,23.0,11.0,217.19,217.19,2022-05-23 11:00:00
2022,5.0,23.0,12.0,202.68,202.68,2022-05-23 12:00:00
2022,5.0,23.0,13.0,188.88,188.88,2022-05-23 13:00:00
2022,5.0,23.0,14.0,187.91,187.91,2022-05-23 14:00:00
2022,5.0,23.0,15.0,177.0,177.0,2022-05-23 15:00:00
2022,5.0,23.0,16.0,177.68,177.68,2022-05-23 16:00:00
2022,5.0,23.0,17.0,175.01,175.01,2022-05-23 17:00:00
2022,5.0,23.0,18.0,180.18,180.18,2022-05-23 18:00:00
2022,5.0,23.0,19.0,180.18,180.18,2022-05-23 19:00:00
2022,5.0,23.0,20.0,214.94,214.94,2022-05-23 20:00:00
2022,5.0,23.0,21.0,210.07,210.07,2022-05-23 21:00:00
2022,5.0,23.0,22.0,215.0,215.0,2022-05-23 22:00:00
2022,5.0,23.0,23.0,210.01,210.01,2022-05-23 23:00:00
2022,5.0,23.0,24.0,180.18,180.18,2022-05-24 00:00:00
2022,5.0,24.0,1.0,173.0,173.0,2022-05-24 01:00:00
2022,5.0,24.0,2.0,165.76,165.76,2022-05-24 02:00:00
2022,5.0,24.0,3.0,166.0,166.0,2022-05-24 03:00:00
2022,5.0,24.0,4.0,168.27,168.27,2022-05-24 04:00:00
2022,5.0,24.0,5.0,170.57,170.57,2022-05-24 05:00:00
2022,5.0,24.0,6.0,182.0,182.0,2022-05-24 06:00:00
2022,5.0,24.0,7.0,201.4,201.4,2022-05-24 07:00:00
2022,5.0,24.0,8.0,210.29,210.29,2022-05-24 08:00:00
2022,5.0,24.0,9.0,212.0,212.0,2022-05-24 09:00:00
2022,5.0,24.0,10.0,193.0,193.0,2022-05-24 10:00:00
2022,5.0,24.0,11.0,180.18,180.18,2022-05-24 11:00:00
2022,5.0,24.0,12.0,169.47,169.47,2022-05-24 12:00:00
2022,5.0,24.0,13.0,180.18,180.18,2022-05-24 13:00:00
2022,5.0,24.0,14.0,169.47,169.47,2022-05-24 14:00:00
2022,5.0,24.0,15.0,162.04,162.04,2022-05-24 15:00:00
2022,5.0,24.0,16.0,160.94,160.94,2022-05-24 16:00:00
2022,5.0,24.0,17.0,159.22,159.22,2022-05-24 17:00:00
2022,5.0,24.0,18.0,160.01,160.01,2022-05-24 18:00:00
2022,5.0,24.0,19.0,160.01,160.01,2022-05-24 19:00:00
2022,5.0,24.0,20.0,162.54,162.54,2022-05-24 20:00:00
2022,5.0,24.0,21.0,194.3,194.3,2022-05-24 21:00:00
2022,5.0,24.0,22.0,220.3,220.3,2022-05-24 22:00:00
2022,5.0,24.0,23.0,211.91,211.91,2022-05-24 23:00:00
2022,5.0,24.0,24.0,187.4,187.4,2022-05-25 00:00:00
2022,5.0,25.0,1.0,190.73,190.73,2022-05-25 01:00:00
2022,5.0,25.0,2.0,180.06,180.06,2022-05-25 02:00:00
2022,5.0,25.0,3.0,170.51,170.51,2022-05-25 03:00:00
2022,5.0,25.0,4.0,167.92,167.92,2022-05-25 04:00:00
2022,5.0,25.0,5.0,169.9,169.9,2022-05-25 05:00:00
2022,5.0,25.0,6.0,178.14,178.14,2022-05-25 06:00:00
2022,5.0,25.0,7.0,211.11,211.11,2022-05-25 07:00:00
2022,5.0,25.0,8.0,227.98,227.98,2022-05-25 08:00:00
2022,5.0,25.0,9.0,222.55,222.55,2022-05-25 09:00:00
2022,5.0,25.0,10.0,209.0,209.0,2022-05-25 10:00:00
2022,5.0,25.0,11.0,184.0,184.0,2022-05-25 11:00:00
2022,5.0,25.0,12.0,167.1,167.1,2022-05-25 12:00:00
2022,5.0,25.0,13.0,180.18,180.18,2022-05-25 13:00:00
2022,5.0,25.0,14.0,180.18,180.18,2022-05-25 14:00:00
2022,5.0,25.0,15.0,157.55,157.55,2022-05-25 15:00:00
2022,5.0,25.0,16.0,156.94,156.94,2022-05-25 16:00:00
2022,5.0,25.0,17.0,155.0,155.0,2022-05-25 17:00:00
2022,5.0,25.0,18.0,156.0,156.0,2022-05-25 18:00:00
2022,5.0,25.0,19.0,165.44,165.44,2022-05-25 19:00:00
2022,5.0,25.0,20.0,185.0,185.0,2022-05-25 20:00:00
2022,5.0,25.0,21.0,208.46,208.46,2022-05-25 21:00:00
2022,5.0,25.0,22.0,214.0,214.0,2022-05-25 22:00:00
2022,5.0,25.0,23.0,204.61,204.61,2022-05-25 23:00:00
2022,5.0,25.0,24.0,187.4,187.4,2022-05-26 00:00:00
2022,5.0,26.0,1.0,182.9,182.9,2022-05-26 01:00:00
2022,5.0,26.0,2.0,171.5,171.5,2022-05-26 02:00:00
2022,5.0,26.0,3.0,160.01,160.01,2022-05-26 03:00:00
2022,5.0,26.0,4.0,150.55,150.55,2022-05-26 04:00:00
2022,5.0,26.0,5.0,150.54,150.54,2022-05-26 05:00:00
2022,5.0,26.0,6.0,153.5,153.5,2022-05-26 06:00:00
2022,5.0,26.0,7.0,180.0,180.0,2022-05-26 07:00:00
2022,5.0,26.0,8.0,195.05,195.05,2022-05-26 08:00:00
2022,5.0,26.0,9.0,189.88,189.88,2022-05-26 09:00:00
2022,5.0,26.0,10.0,163.44,163.44,2022-05-26 10:00:00
2022,5.0,26.0,11.0,162.48,162.48,2022-05-26 11:00:00
2022,5.0,26.0,12.0,163.06,163.06,2022-05-26 12:00:00
2022,5.0,26.0,13.0,163.79,163.79,2022-05-26 13:00:00
2022,5.0,26.0,14.0,155.0,155.0,2022-05-26 14:00:00
2022,5.0,26.0,15.0,154.99,154.99,2022-05-26 15:00:00
2022,5.0,26.0,16.0,152.5,152.5,2022-05-26 16:00:00
2022,5.0,26.0,17.0,154.38,154.38,2022-05-26 17:00:00
2022,5.0,26.0,18.0,161.07,161.07,2022-05-26 18:00:00
2022,5.0,26.0,19.0,162.08,162.08,2022-05-26 19:00:00
2022,5.0,26.0,20.0,194.85,194.85,2022-05-26 20:00:00
2022,5.0,26.0,21.0,199.8,199.8,2022-05-26 21:00:00
2022,5.0,26.0,22.0,218.0,218.0,2022-05-26 22:00:00
2022,5.0,26.0,23.0,210.0,210.0,2022-05-26 23:00:00
2022,5.0,26.0,24.0,209.55,209.55,2022-05-27 00:00:00
2022,5.0,27.0,1.0,175.01,175.01,2022-05-27 01:00:00
2022,5.0,27.0,2.0,150.2,150.2,2022-05-27 02:00:00
2022,5.0,27.0,3.0,146.49,146.49,2022-05-27 03:00:00
2022,5.0,27.0,4.0,146.04,146.04,2022-05-27 04:00:00
2022,5.0,27.0,5.0,146.04,146.04,2022-05-27 05:00:00
2022,5.0,27.0,6.0,147.54,147.54,2022-05-27 06:00:00
2022,5.0,27.0,7.0,174.75,174.75,2022-05-27 07:00:00
2022,5.0,27.0,8.0,189.0,189.0,2022-05-27 08:00:00
2022,5.0,27.0,9.0,195.94,195.94,2022-05-27 09:00:00
2022,5.0,27.0,10.0,185.28,185.28,2022-05-27 10:00:00
2022,5.0,27.0,11.0,166.1,166.1,2022-05-27 11:00:00
2022,5.0,27.0,12.0,168.92,168.92,2022-05-27 12:00:00
2022,5.0,27.0,13.0,164.23,164.23,2022-05-27 13:00:00
2022,5.0,27.0,14.0,163.29,163.29,2022-05-27 14:00:00
2022,5.0,27.0,15.0,159.33,159.33,2022-05-27 15:00:00
2022,5.0,27.0,16.0,150.0,150.0,2022-05-27 16:00:00
2022,5.0,27.0,17.0,147.54,147.54,2022-05-27 17:00:00
2022,5.0,27.0,18.0,146.54,146.54,2022-05-27 18:00:00
2022,5.0,27.0,19.0,147.54,147.54,2022-05-27 19:00:00
2022,5.0,27.0,20.0,168.5,168.5,2022-05-27 20:00:00
2022,5.0,27.0,21.0,199.8,199.8,2022-05-27 21:00:00
2022,5.0,27.0,22.0,214.57,214.57,2022-05-27 22:00:00
2022,5.0,27.0,23.0,203.29,203.29,2022-05-27 23:00:00
2022,5.0,27.0,24.0,189.0,189.0,2022-05-28 00:00:00
2022,5.0,28.0,1.0,169.11,169.11,2022-05-28 01:00:00
2022,5.0,28.0,2.0,151.53,151.53,2022-05-28 02:00:00
2022,5.0,28.0,3.0,158.68,158.68,2022-05-28 03:00:00
2022,5.0,28.0,4.0,148.5,148.5,2022-05-28 04:00:00
2022,5.0,28.0,5.0,151.0,151.0,2022-05-28 05:00:00
2022,5.0,28.0,6.0,160.83,160.83,2022-05-28 06:00:00
2022,5.0,28.0,7.0,176.56,176.56,2022-05-28 07:00:00
2022,5.0,28.0,8.0,177.89,177.89,2022-05-28 08:00:00
2022,5.0,28.0,9.0,171.01,171.01,2022-05-28 09:00:00
2022,5.0,28.0,10.0,152.67,152.67,2022-05-28 10:00:00
2022,5.0,28.0,11.0,144.56,144.56,2022-05-28 11:00:00
2022,5.0,28.0,12.0,145.01,145.01,2022-05-28 12:00:00
2022,5.0,28.0,13.0,148.5,148.5,2022-05-28 13:00:00
2022,5.0,28.0,14.0,144.0,144.0,2022-05-28 14:00:00
2022,5.0,28.0,15.0,141.7,141.7,2022-05-28 15:00:00
2022,5.0,28.0,16.0,138.46,138.46,2022-05-28 16:00:00
2022,5.0,28.0,17.0,126.04,126.04,2022-05-28 17:00:00
2022,5.0,28.0,18.0,130.0,130.0,2022-05-28 18:00:00
2022,5.0,28.0,19.0,143.5,143.5,2022-05-28 19:00:00
2022,5.0,28.0,20.0,161.65,161.65,2022-05-28 20:00:00
2022,5.0,28.0,21.0,209.0,209.0,2022-05-28 21:00:00
2022,5.0,28.0,22.0,227.98,227.98,2022-05-28 22:00:00
2022,5.0,28.0,23.0,215.0,215.0,2022-05-28 23:00:00
2022,5.0,28.0,24.0,200.86,200.86,2022-05-29 00:00:00
2022,5.0,29.0,1.0,183.13,183.13,2022-05-29 01:00:00
2022,5.0,29.0,2.0,179.0,179.0,2022-05-29 02:00:00
2022,5.0,29.0,3.0,159.8,159.8,2022-05-29 03:00:00
2022,5.0,29.0,4.0,154.07,154.07,2022-05-29 04:00:00
2022,5.0,29.0,5.0,151.0,151.0,2022-05-29 05:00:00
2022,5.0,29.0,6.0,161.01,161.01,2022-05-29 06:00:00
2022,5.0,29.0,7.0,175.75,175.75,2022-05-29 07:00:00
2022,5.0,29.0,8.0,160.0,160.0,2022-05-29 08:00:00
2022,5.0,29.0,9.0,144.0,144.0,2022-05-29 09:00:00
2022,5.0,29.0,10.0,140.08,140.08,2022-05-29 10:00:00
2022,5.0,29.0,11.0,140.0,140.0,2022-05-29 11:00:00
2022,5.0,29.0,12.0,145.06,145.06,2022-05-29 12:00:00
2022,5.0,29.0,13.0,141.0,141.0,2022-05-29 13:00:00
2022,5.0,29.0,14.0,133.49,133.49,2022-05-29 14:00:00
2022,5.0,29.0,15.0,123.78,123.78,2022-05-29 15:00:00
2022,5.0,29.0,16.0,121.59,121.59,2022-05-29 16:00:00
2022,5.0,29.0,17.0,120.0,120.0,2022-05-29 17:00:00
2022,5.0,29.0,18.0,139.54,139.54,2022-05-29 18:00:00
2022,5.0,29.0,19.0,146.0,146.0,2022-05-29 19:00:00
2022,5.0,29.0,20.0,183.02,183.02,2022-05-29 20:00:00
2022,5.0,29.0,21.0,214.94,214.94,2022-05-29 21:00:00
2022,5.0,29.0,22.0,224.97,224.97,2022-05-29 22:00:00
2022,5.0,29.0,23.0,228.03,228.03,2022-05-29 23:00:00
2022,5.0,29.0,24.0,214.96,214.96,2022-05-30 00:00:00
2022,5.0,30.0,1.0,203.9,203.9,2022-05-30 01:00:00
2022,5.0,30.0,2.0,198.96,198.96,2022-05-30 02:00:00
2022,5.0,30.0,3.0,192.65,192.65,2022-05-30 03:00:00
2022,5.0,30.0,4.0,190.69,190.69,2022-05-30 04:00:00
2022,5.0,30.0,5.0,188.59,188.59,2022-05-30 05:00:00
2022,5.0,30.0,6.0,195.74,195.74,2022-05-30 06:00:00
2022,5.0,30.0,7.0,230.68,230.68,2022-05-30 07:00:00
2022,5.0,30.0,8.0,231.07,231.07,2022-05-30 08:00:00
2022,5.0,30.0,9.0,227.98,227.98,2022-05-30 09:00:00
2022,5.0,30.0,10.0,215.39,215.39,2022-05-30 10:00:00
2022,5.0,30.0,11.0,210.05,210.05,2022-05-30 11:00:00
2022,5.0,30.0,12.0,198.59,198.59,2022-05-30 12:00:00
2022,5.0,30.0,13.0,198.4,198.4,2022-05-30 13:00:00
2022,5.0,30.0,14.0,191.62,191.62,2022-05-30 14:00:00
2022,5.0,30.0,15.0,188.59,188.59,2022-05-30 15:00:00
2022,5.0,30.0,16.0,180.0,180.0,2022-05-30 16:00:00
2022,5.0,30.0,17.0,169.0,169.0,2022-05-30 17:00:00
2022,5.0,30.0,18.0,183.98,183.98,2022-05-30 18:00:00
2022,5.0,30.0,19.0,190.99,190.99,2022-05-30 19:00:00
2022,5.0,30.0,20.0,212.6,212.6,2022-05-30 20:00:00
2022,5.0,30.0,21.0,238.0,238.0,2022-05-30 21:00:00
2022,5.0,30.0,22.0,250.2,250.2,2022-05-30 22:00:00
2022,5.0,30.0,23.0,243.68,243.68,2022-05-30 23:00:00
2022,5.0,30.0,24.0,227.5,227.5,2022-05-31 00:00:00
2022,5.0,31.0,1.0,225.0,225.0,2022-05-31 01:00:00
2022,5.0,31.0,2.0,216.34,216.34,2022-05-31 02:00:00
2022,5.0,31.0,3.0,213.57,213.57,2022-05-31 03:00:00
2022,5.0,31.0,4.0,213.57,213.57,2022-05-31 04:00:00
2022,5.0,31.0,5.0,212.0,212.0,2022-05-31 05:00:00
2022,5.0,31.0,6.0,210.6,210.6,2022-05-31 06:00:00
2022,5.0,31.0,7.0,228.68,228.68,2022-05-31 07:00:00
2022,5.0,31.0,8.0,247.77,247.77,2022-05-31 08:00:00
2022,5.0,31.0,9.0,243.14,243.14,2022-05-31 09:00:00
2022,5.0,31.0,10.0,225.9,225.9,2022-05-31 10:00:00
2022,5.0,31.0,11.0,210.12,210.12,2022-05-31 11:00:00
2022,5.0,31.0,12.0,201.43,201.43,2022-05-31 12:00:00
2022,5.0,31.0,13.0,193.09,193.09,2022-05-31 13:00:00
2022,5.0,31.0,14.0,184.07,184.07,2022-05-31 14:00:00
2022,5.0,31.0,15.0,190.14,190.14,2022-05-31 15:00:00
2022,5.0,31.0,16.0,180.18,180.18,2022-05-31 16:00:00
2022,5.0,31.0,17.0,180.18,180.18,2022-05-31 17:00:00
2022,5.0,31.0,18.0,185.0,185.0,2022-05-31 18:00:00
2022,5.0,31.0,19.0,195.44,195.44,2022-05-31 19:00:00
2022,5.0,31.0,20.0,220.0,220.0,2022-05-31 20:00:00
2022,5.0,31.0,21.0,240.0,240.0,2022-05-31 21:00:00
2022,5.0,31.0,22.0,247.51,247.51,2022-05-31 22:00:00
2022,5.0,31.0,23.0,240.01,240.01,2022-05-31 23:00:00
2022,5.0,31.0,24.0,227.98,227.98,2022-06-01 00:00:00
2022,6.0,1.0,1.0,222.0,222.0,2022-06-01 01:00:00
2022,6.0,1.0,2.0,212.59,212.59,2022-06-01 02:00:00
2022,6.0,1.0,3.0,205.0,205.0,2022-06-01 03:00:00
2022,6.0,1.0,4.0,198.95,198.95,2022-06-01 04:00:00
2022,6.0,1.0,5.0,195.0,195.0,2022-06-01 05:00:00
2022,6.0,1.0,6.0,198.95,198.95,2022-06-01 06:00:00
2022,6.0,1.0,7.0,230.0,230.0,2022-06-01 07:00:00
2022,6.0,1.0,8.0,249.68,249.68,2022-06-01 08:00:00
2022,6.0,1.0,9.0,246.36,246.36,2022-06-01 09:00:00
2022,6.0,1.0,10.0,228.82,228.82,2022-06-01 10:00:00
2022,6.0,1.0,11.0,211.8,211.8,2022-06-01 11:00:00
2022,6.0,1.0,12.0,205.58,205.58,2022-06-01 12:00:00
2022,6.0,1.0,13.0,195.99,195.99,2022-06-01 13:00:00
2022,6.0,1.0,14.0,180.0,180.0,2022-06-01 14:00:00
2022,6.0,1.0,15.0,175.5,175.5,2022-06-01 15:00:00
2022,6.0,1.0,16.0,173.0,173.0,2022-06-01 16:00:00
2022,6.0,1.0,17.0,171.1,171.1,2022-06-01 17:00:00
2022,6.0,1.0,18.0,174.0,174.0,2022-06-01 18:00:00
2022,6.0,1.0,19.0,177.93,177.93,2022-06-01 19:00:00
2022,6.0,1.0,20.0,205.67,205.67,2022-06-01 20:00:00
2022,6.0,1.0,21.0,247.81,247.81,2022-06-01 21:00:00
2022,6.0,1.0,22.0,262.6,262.6,2022-06-01 22:00:00
2022,6.0,1.0,23.0,250.0,250.0,2022-06-01 23:00:00
2022,6.0,1.0,24.0,232.55,232.55,2022-06-02 00:00:00
2022,6.0,2.0,1.0,241.89,241.89,2022-06-02 01:00:00
2022,6.0,2.0,2.0,238.97,238.97,2022-06-02 02:00:00
2022,6.0,2.0,3.0,228.51,228.51,2022-06-02 03:00:00
2022,6.0,2.0,4.0,228.41,228.41,2022-06-02 04:00:00
2022,6.0,2.0,5.0,221.55,221.55,2022-06-02 05:00:00
2022,6.0,2.0,6.0,223.0,223.0,2022-06-02 06:00:00
2022,6.0,2.0,7.0,236.95,236.95,2022-06-02 07:00:00
2022,6.0,2.0,8.0,241.89,241.89,2022-06-02 08:00:00
2022,6.0,2.0,9.0,236.75,236.75,2022-06-02 09:00:00
2022,6.0,2.0,10.0,198.8,198.8,2022-06-02 10:00:00
2022,6.0,2.0,11.0,180.18,180.18,2022-06-02 11:00:00
2022,6.0,2.0,12.0,179.94,179.94,2022-06-02 12:00:00
2022,6.0,2.0,13.0,179.93,179.93,2022-06-02 13:00:00
2022,6.0,2.0,14.0,174.91,174.91,2022-06-02 14:00:00
2022,6.0,2.0,15.0,172.0,172.0,2022-06-02 15:00:00
2022,6.0,2.0,16.0,171.85,171.85,2022-06-02 16:00:00
2022,6.0,2.0,17.0,176.23,176.23,2022-06-02 17:00:00
2022,6.0,2.0,18.0,181.06,181.06,2022-06-02 18:00:00
2022,6.0,2.0,19.0,217.65,217.65,2022-06-02 19:00:00
2022,6.0,2.0,20.0,230.65,230.65,2022-06-02 20:00:00
2022,6.0,2.0,21.0,238.97,238.97,2022-06-02 21:00:00
2022,6.0,2.0,22.0,256.46,256.46,2022-06-02 22:00:00
2022,6.0,2.0,23.0,255.01,255.01,2022-06-02 23:00:00
2022,6.0,2.0,24.0,242.15,242.15,2022-06-03 00:00:00
2022,6.0,3.0,1.0,238.02,238.02,2022-06-03 01:00:00
2022,6.0,3.0,2.0,232.0,232.0,2022-06-03 02:00:00
2022,6.0,3.0,3.0,228.0,228.0,2022-06-03 03:00:00
2022,6.0,3.0,4.0,227.98,227.98,2022-06-03 04:00:00
2022,6.0,3.0,5.0,219.04,219.04,2022-06-03 05:00:00
2022,6.0,3.0,6.0,221.5,221.5,2022-06-03 06:00:00
2022,6.0,3.0,7.0,232.0,232.0,2022-06-03 07:00:00
2022,6.0,3.0,8.0,238.02,238.02,2022-06-03 08:00:00
2022,6.0,3.0,9.0,238.02,238.02,2022-06-03 09:00:00
2022,6.0,3.0,10.0,230.0,230.0,2022-06-03 10:00:00
2022,6.0,3.0,11.0,220.0,220.0,2022-06-03 11:00:00
2022,6.0,3.0,12.0,210.0,210.0,2022-06-03 12:00:00
2022,6.0,3.0,13.0,192.52,192.52,2022-06-03 13:00:00
2022,6.0,3.0,14.0,180.19,180.19,2022-06-03 14:00:00
2022,6.0,3.0,15.0,172.5,172.5,2022-06-03 15:00:00
2022,6.0,3.0,16.0,172.44,172.44,2022-06-03 16:00:00
2022,6.0,3.0,17.0,176.0,176.0,2022-06-03 17:00:00
2022,6.0,3.0,18.0,180.0,180.0,2022-06-03 18:00:00
2022,6.0,3.0,19.0,192.02,192.02,2022-06-03 19:00:00
2022,6.0,3.0,20.0,211.19,211.19,2022-06-03 20:00:00
2022,6.0,3.0,21.0,221.83,221.83,2022-06-03 21:00:00
2022,6.0,3.0,22.0,236.92,236.92,2022-06-03 22:00:00
2022,6.0,3.0,23.0,240.0,240.0,2022-06-03 23:00:00
2022,6.0,3.0,24.0,237.91,237.91,2022-06-04 00:00:00
2022,6.0,4.0,1.0,238.02,238.02,2022-06-04 01:00:00
2022,6.0,4.0,2.0,237.91,237.91,2022-06-04 02:00:00
2022,6.0,4.0,3.0,221.38,221.38,2022-06-04 03:00:00
2022,6.0,4.0,4.0,216.58,216.58,2022-06-04 04:00:00
2022,6.0,4.0,5.0,209.78,209.78,2022-06-04 05:00:00
2022,6.0,4.0,6.0,216.07,216.07,2022-06-04 06:00:00
2022,6.0,4.0,7.0,216.07,216.07,2022-06-04 07:00:00
2022,6.0,4.0,8.0,224.59,224.59,2022-06-04 08:00:00
2022,6.0,4.0,9.0,210.19,210.19,2022-06-04 09:00:00
2022,6.0,4.0,10.0,197.4,197.4,2022-06-04 10:00:00
2022,6.0,4.0,11.0,197.1,197.1,2022-06-04 11:00:00
2022,6.0,4.0,12.0,190.5,190.5,2022-06-04 12:00:00
2022,6.0,4.0,13.0,182.33,182.33,2022-06-04 13:00:00
2022,6.0,4.0,14.0,178.37,178.37,2022-06-04 14:00:00
2022,6.0,4.0,15.0,171.0,171.0,2022-06-04 15:00:00
2022,6.0,4.0,16.0,158.2,158.2,2022-06-04 16:00:00
2022,6.0,4.0,17.0,155.6,155.6,2022-06-04 17:00:00
2022,6.0,4.0,18.0,160.9,160.9,2022-06-04 18:00:00
2022,6.0,4.0,19.0,177.4,177.4,2022-06-04 19:00:00
2022,6.0,4.0,20.0,197.71,197.71,2022-06-04 20:00:00
2022,6.0,4.0,21.0,209.24,209.24,2022-06-04 21:00:00
2022,6.0,4.0,22.0,241.5,241.5,2022-06-04 22:00:00
2022,6.0,4.0,23.0,245.86,245.86,2022-06-04 23:00:00
2022,6.0,4.0,24.0,238.97,238.97,2022-06-05 00:00:00
2022,6.0,5.0,1.0,233.57,233.57,2022-06-05 01:00:00
2022,6.0,5.0,2.0,218.0,218.0,2022-06-05 02:00:00
2022,6.0,5.0,3.0,211.0,211.0,2022-06-05 03:00:00
2022,6.0,5.0,4.0,214.6,214.6,2022-06-05 04:00:00
2022,6.0,5.0,5.0,209.99,209.99,2022-06-05 05:00:00
2022,6.0,5.0,6.0,214.5,214.5,2022-06-05 06:00:00
2022,6.0,5.0,7.0,213.0,213.0,2022-06-05 07:00:00
2022,6.0,5.0,8.0,207.23,207.23,2022-06-05 08:00:00
2022,6.0,5.0,9.0,185.7,185.7,2022-06-05 09:00:00
2022,6.0,5.0,10.0,169.76,169.76,2022-06-05 10:00:00
2022,6.0,5.0,11.0,166.55,166.55,2022-06-05 11:00:00
2022,6.0,5.0,12.0,166.55,166.55,2022-06-05 12:00:00
2022,6.0,5.0,13.0,166.0,166.0,2022-06-05 13:00:00
2022,6.0,5.0,14.0,166.55,166.55,2022-06-05 14:00:00
2022,6.0,5.0,15.0,164.99,164.99,2022-06-05 15:00:00
2022,6.0,5.0,16.0,161.4,160.0,2022-06-05 16:00:00
2022,6.0,5.0,17.0,160.0,153.51,2022-06-05 17:00:00
2022,6.0,5.0,18.0,160.0,160.0,2022-06-05 18:00:00
2022,6.0,5.0,19.0,163.55,163.55,2022-06-05 19:00:00
2022,6.0,5.0,20.0,169.76,169.76,2022-06-05 20:00:00
2022,6.0,5.0,21.0,210.0,210.0,2022-06-05 21:00:00
2022,6.0,5.0,22.0,241.89,241.89,2022-06-05 22:00:00
2022,6.0,5.0,23.0,245.0,245.0,2022-06-05 23:00:00
2022,6.0,5.0,24.0,236.0,236.0,2022-06-06 00:00:00
2022,6.0,6.0,1.0,215.27,215.27,2022-06-06 01:00:00
2022,6.0,6.0,2.0,198.69,198.69,2022-06-06 02:00:00
2022,6.0,6.0,3.0,188.3,188.3,2022-06-06 03:00:00
2022,6.0,6.0,4.0,187.4,187.4,2022-06-06 04:00:00
2022,6.0,6.0,5.0,185.7,185.7,2022-06-06 05:00:00
2022,6.0,6.0,6.0,188.3,188.3,2022-06-06 06:00:00
2022,6.0,6.0,7.0,215.27,215.27,2022-06-06 07:00:00
2022,6.0,6.0,8.0,225.0,225.0,2022-06-06 08:00:00
2022,6.0,6.0,9.0,215.58,215.58,2022-06-06 09:00:00
2022,6.0,6.0,10.0,190.99,190.99,2022-06-06 10:00:00
2022,6.0,6.0,11.0,185.7,185.7,2022-06-06 11:00:00
2022,6.0,6.0,12.0,180.5,180.5,2022-06-06 12:00:00
2022,6.0,6.0,13.0,175.75,175.75,2022-06-06 13:00:00
2022,6.0,6.0,14.0,174.0,174.0,2022-06-06 14:00:00
2022,6.0,6.0,15.0,175.75,175.75,2022-06-06 15:00:00
2022,6.0,6.0,16.0,171.25,171.25,2022-06-06 16:00:00
2022,6.0,6.0,17.0,169.0,169.0,2022-06-06 17:00:00
2022,6.0,6.0,18.0,168.05,168.05,2022-06-06 18:00:00
2022,6.0,6.0,19.0,169.55,169.55,2022-06-06 19:00:00
2022,6.0,6.0,20.0,200.0,200.0,2022-06-06 20:00:00
2022,6.0,6.0,21.0,214.97,214.97,2022-06-06 21:00:00
2022,6.0,6.0,22.0,235.8,235.8,2022-06-06 22:00:00
2022,6.0,6.0,23.0,233.78,233.78,2022-06-06 23:00:00
2022,6.0,6.0,24.0,214.0,214.0,2022-06-07 00:00:00
2022,6.0,7.0,1.0,207.62,207.62,2022-06-07 01:00:00
2022,6.0,7.0,2.0,190.9,190.9,2022-06-07 02:00:00
2022,6.0,7.0,3.0,179.27,179.27,2022-06-07 03:00:00
2022,6.0,7.0,4.0,176.0,176.0,2022-06-07 04:00:00
2022,6.0,7.0,5.0,174.75,174.75,2022-06-07 05:00:00
2022,6.0,7.0,6.0,174.75,174.75,2022-06-07 06:00:00
2022,6.0,7.0,7.0,175.7,175.7,2022-06-07 07:00:00
2022,6.0,7.0,8.0,216.93,216.93,2022-06-07 08:00:00
2022,6.0,7.0,9.0,220.12,220.12,2022-06-07 09:00:00
2022,6.0,7.0,10.0,210.99,210.99,2022-06-07 10:00:00
2022,6.0,7.0,11.0,196.95,196.95,2022-06-07 11:00:00
2022,6.0,7.0,12.0,196.65,196.65,2022-06-07 12:00:00
2022,6.0,7.0,13.0,195.96,195.96,2022-06-07 13:00:00
2022,6.0,7.0,14.0,185.0,185.0,2022-06-07 14:00:00
2022,6.0,7.0,15.0,173.8,173.8,2022-06-07 15:00:00
2022,6.0,7.0,16.0,164.99,164.99,2022-06-07 16:00:00
2022,6.0,7.0,17.0,164.07,164.07,2022-06-07 17:00:00
2022,6.0,7.0,18.0,173.1,173.1,2022-06-07 18:00:00
2022,6.0,7.0,19.0,178.3,178.3,2022-06-07 19:00:00
2022,6.0,7.0,20.0,196.34,196.34,2022-06-07 20:00:00
2022,6.0,7.0,21.0,227.46,227.46,2022-06-07 21:00:00
2022,6.0,7.0,22.0,228.81,228.81,2022-06-07 22:00:00
2022,6.0,7.0,23.0,220.26,220.26,2022-06-07 23:00:00
2022,6.0,7.0,24.0,210.97,210.97,2022-06-08 00:00:00
2022,6.0,8.0,1.0,190.72,190.72,2022-06-08 01:00:00
2022,6.0,8.0,2.0,174.99,174.99,2022-06-08 02:00:00
2022,6.0,8.0,3.0,171.29,171.29,2022-06-08 03:00:00
2022,6.0,8.0,4.0,173.04,173.04,2022-06-08 04:00:00
2022,6.0,8.0,5.0,173.04,173.04,2022-06-08 05:00:00
2022,6.0,8.0,6.0,175.93,175.93,2022-06-08 06:00:00
2022,6.0,8.0,7.0,197.42,197.42,2022-06-08 07:00:00
2022,6.0,8.0,8.0,213.93,213.93,2022-06-08 08:00:00
2022,6.0,8.0,9.0,215.01,215.01,2022-06-08 09:00:00
2022,6.0,8.0,10.0,205.29,205.29,2022-06-08 10:00:00
2022,6.0,8.0,11.0,190.85,190.85,2022-06-08 11:00:00
2022,6.0,8.0,12.0,189.0,189.0,2022-06-08 12:00:00
2022,6.0,8.0,13.0,175.93,175.93,2022-06-08 13:00:00
2022,6.0,8.0,14.0,170.03,170.03,2022-06-08 14:00:00
2022,6.0,8.0,15.0,163.54,163.54,2022-06-08 15:00:00
2022,6.0,8.0,16.0,160.54,160.54,2022-06-08 16:00:00
2022,6.0,8.0,17.0,160.23,160.23,2022-06-08 17:00:00
2022,6.0,8.0,18.0,162.04,162.04,2022-06-08 18:00:00
2022,6.0,8.0,19.0,165.75,165.75,2022-06-08 19:00:00
2022,6.0,8.0,20.0,187.96,187.96,2022-06-08 20:00:00
2022,6.0,8.0,21.0,212.36,212.36,2022-06-08 21:00:00
2022,6.0,8.0,22.0,211.98,211.98,2022-06-08 22:00:00
2022,6.0,8.0,23.0,211.0,211.0,2022-06-08 23:00:00
2022,6.0,8.0,24.0,198.89,198.89,2022-06-09 00:00:00
2022,6.0,9.0,1.0,189.01,189.01,2022-06-09 01:00:00
2022,6.0,9.0,2.0,170.63,170.63,2022-06-09 02:00:00
2022,6.0,9.0,3.0,165.0,165.0,2022-06-09 03:00:00
2022,6.0,9.0,4.0,165.38,165.38,2022-06-09 04:00:00
2022,6.0,9.0,5.0,165.57,165.57,2022-06-09 05:00:00
2022,6.0,9.0,6.0,170.0,170.0,2022-06-09 06:00:00
2022,6.0,9.0,7.0,196.6,196.6,2022-06-09 07:00:00
2022,6.0,9.0,8.0,215.41,215.41,2022-06-09 08:00:00
2022,6.0,9.0,9.0,215.71,215.71,2022-06-09 09:00:00
2022,6.0,9.0,10.0,200.63,200.63,2022-06-09 10:00:00
2022,6.0,9.0,11.0,193.34,193.34,2022-06-09 11:00:00
2022,6.0,9.0,12.0,185.0,185.0,2022-06-09 12:00:00
2022,6.0,9.0,13.0,183.05,183.05,2022-06-09 13:00:00
2022,6.0,9.0,14.0,174.0,174.0,2022-06-09 14:00:00
2022,6.0,9.0,15.0,161.93,161.93,2022-06-09 15:00:00
2022,6.0,9.0,16.0,158.5,158.5,2022-06-09 16:00:00
2022,6.0,9.0,17.0,154.37,154.37,2022-06-09 17:00:00
2022,6.0,9.0,18.0,156.0,156.0,2022-06-09 18:00:00
2022,6.0,9.0,19.0,165.57,165.57,2022-06-09 19:00:00
2022,6.0,9.0,20.0,186.0,186.0,2022-06-09 20:00:00
2022,6.0,9.0,21.0,200.97,200.97,2022-06-09 21:00:00
2022,6.0,9.0,22.0,210.24,210.24,2022-06-09 22:00:00
2022,6.0,9.0,23.0,209.09,209.09,2022-06-09 23:00:00
2022,6.0,9.0,24.0,192.07,192.07,2022-06-10 00:00:00
2022,6.0,10.0,1.0,196.58,196.58,2022-06-10 01:00:00
2022,6.0,10.0,2.0,176.7,176.7,2022-06-10 02:00:00
2022,6.0,10.0,3.0,169.4,169.4,2022-06-10 03:00:00
2022,6.0,10.0,4.0,168.92,168.92,2022-06-10 04:00:00
2022,6.0,10.0,5.0,169.4,169.4,2022-06-10 05:00:00
2022,6.0,10.0,6.0,188.0,188.0,2022-06-10 06:00:00
2022,6.0,10.0,7.0,207.91,207.91,2022-06-10 07:00:00
2022,6.0,10.0,8.0,213.76,213.76,2022-06-10 08:00:00
2022,6.0,10.0,9.0,212.84,212.84,2022-06-10 09:00:00
2022,6.0,10.0,10.0,200.0,200.0,2022-06-10 10:00:00
2022,6.0,10.0,11.0,185.85,185.85,2022-06-10 11:00:00
2022,6.0,10.0,12.0,192.0,192.0,2022-06-10 12:00:00
2022,6.0,10.0,13.0,196.48,196.48,2022-06-10 13:00:00
2022,6.0,10.0,14.0,190.92,190.92,2022-06-10 14:00:00
2022,6.0,10.0,15.0,182.03,182.03,2022-06-10 15:00:00
2022,6.0,10.0,16.0,171.8,171.8,2022-06-10 16:00:00
2022,6.0,10.0,17.0,171.8,171.8,2022-06-10 17:00:00
2022,6.0,10.0,18.0,196.33,196.33,2022-06-10 18:00:00
2022,6.0,10.0,19.0,204.81,204.81,2022-06-10 19:00:00
2022,6.0,10.0,20.0,210.98,210.98,2022-06-10 20:00:00
2022,6.0,10.0,21.0,220.46,220.46,2022-06-10 21:00:00
2022,6.0,10.0,22.0,216.9,216.9,2022-06-10 22:00:00
2022,6.0,10.0,23.0,215.48,215.48,2022-06-10 23:00:00
2022,6.0,10.0,24.0,205.07,205.07,2022-06-11 00:00:00
2022,6.0,11.0,1.0,208.01,208.01,2022-06-11 01:00:00
2022,6.0,11.0,2.0,202.56,202.56,2022-06-11 02:00:00
2022,6.0,11.0,3.0,196.45,196.45,2022-06-11 03:00:00
2022,6.0,11.0,4.0,196.45,196.45,2022-06-11 04:00:00
2022,6.0,11.0,5.0,196.45,196.45,2022-06-11 05:00:00
2022,6.0,11.0,6.0,196.45,196.45,2022-06-11 06:00:00
2022,6.0,11.0,7.0,196.45,196.45,2022-06-11 07:00:00
2022,6.0,11.0,8.0,195.78,195.78,2022-06-11 08:00:00
2022,6.0,11.0,9.0,184.83,184.83,2022-06-11 09:00:00
2022,6.0,11.0,10.0,172.25,172.25,2022-06-11 10:00:00
2022,6.0,11.0,11.0,177.55,177.55,2022-06-11 11:00:00
2022,6.0,11.0,12.0,180.0,180.0,2022-06-11 12:00:00
2022,6.0,11.0,13.0,168.48,168.48,2022-06-11 13:00:00
2022,6.0,11.0,14.0,165.16,165.16,2022-06-11 14:00:00
2022,6.0,11.0,15.0,164.22,164.22,2022-06-11 15:00:00
2022,6.0,11.0,16.0,159.0,159.0,2022-06-11 16:00:00
2022,6.0,11.0,17.0,166.0,166.0,2022-06-11 17:00:00
2022,6.0,11.0,18.0,180.8,180.8,2022-06-11 18:00:00
2022,6.0,11.0,19.0,173.47,173.47,2022-06-11 19:00:00
2022,6.0,11.0,20.0,196.39,196.39,2022-06-11 20:00:00
2022,6.0,11.0,21.0,214.0,214.0,2022-06-11 21:00:00
2022,6.0,11.0,22.0,233.22,233.22,2022-06-11 22:00:00
2022,6.0,11.0,23.0,233.22,233.22,2022-06-11 23:00:00
2022,6.0,11.0,24.0,214.77,214.77,2022-06-12 00:00:00
2022,6.0,12.0,1.0,195.0,195.0,2022-06-12 01:00:00
2022,6.0,12.0,2.0,184.24,184.24,2022-06-12 02:00:00
2022,6.0,12.0,3.0,175.01,175.01,2022-06-12 03:00:00
2022,6.0,12.0,4.0,167.0,167.0,2022-06-12 04:00:00
2022,6.0,12.0,5.0,167.0,167.0,2022-06-12 05:00:00
2022,6.0,12.0,6.0,169.82,169.82,2022-06-12 06:00:00
2022,6.0,12.0,7.0,173.47,173.47,2022-06-12 07:00:00
2022,6.0,12.0,8.0,173.43,173.43,2022-06-12 08:00:00
2022,6.0,12.0,9.0,164.99,164.99,2022-06-12 09:00:00
2022,6.0,12.0,10.0,157.05,157.05,2022-06-12 10:00:00
2022,6.0,12.0,11.0,154.3,154.3,2022-06-12 11:00:00
2022,6.0,12.0,12.0,151.7,151.7,2022-06-12 12:00:00
2022,6.0,12.0,13.0,146.5,146.5,2022-06-12 13:00:00
2022,6.0,12.0,14.0,149.1,149.1,2022-06-12 14:00:00
2022,6.0,12.0,15.0,148.0,148.0,2022-06-12 15:00:00
2022,6.0,12.0,16.0,138.7,101.0,2022-06-12 16:00:00
2022,6.0,12.0,17.0,136.05,65.34,2022-06-12 17:00:00
2022,6.0,12.0,18.0,146.5,146.5,2022-06-12 18:00:00
2022,6.0,12.0,19.0,161.0,161.0,2022-06-12 19:00:00
2022,6.0,12.0,20.0,185.31,185.31,2022-06-12 20:00:00
2022,6.0,12.0,21.0,205.98,205.98,2022-06-12 21:00:00
2022,6.0,12.0,22.0,222.8,222.8,2022-06-12 22:00:00
2022,6.0,12.0,23.0,225.88,225.88,2022-06-12 23:00:00
2022,6.0,12.0,24.0,219.03,219.03,2022-06-13 00:00:00
2022,6.0,13.0,1.0,198.64,198.64,2022-06-13 01:00:00
2022,6.0,13.0,2.0,180.0,180.0,2022-06-13 02:00:00
2022,6.0,13.0,3.0,162.0,162.0,2022-06-13 03:00:00
2022,6.0,13.0,4.0,160.5,160.5,2022-06-13 04:00:00
2022,6.0,13.0,5.0,161.5,161.5,2022-06-13 05:00:00
2022,6.0,13.0,6.0,169.27,169.27,2022-06-13 06:00:00
2022,6.0,13.0,7.0,200.03,200.03,2022-06-13 07:00:00
2022,6.0,13.0,8.0,210.98,210.98,2022-06-13 08:00:00
2022,6.0,13.0,9.0,204.81,204.81,2022-06-13 09:00:00
2022,6.0,13.0,10.0,200.23,200.23,2022-06-13 10:00:00
2022,6.0,13.0,11.0,199.62,199.62,2022-06-13 11:00:00
2022,6.0,13.0,12.0,199.62,199.62,2022-06-13 12:00:00
2022,6.0,13.0,13.0,203.76,203.76,2022-06-13 13:00:00
2022,6.0,13.0,14.0,204.02,204.02,2022-06-13 14:00:00
2022,6.0,13.0,15.0,202.54,202.54,2022-06-13 15:00:00
2022,6.0,13.0,16.0,197.62,197.62,2022-06-13 16:00:00
2022,6.0,13.0,17.0,196.73,196.73,2022-06-13 17:00:00
2022,6.0,13.0,18.0,200.23,200.23,2022-06-13 18:00:00
2022,6.0,13.0,19.0,204.8,204.8,2022-06-13 19:00:00
2022,6.0,13.0,20.0,222.12,222.12,2022-06-13 20:00:00
2022,6.0,13.0,21.0,238.15,238.15,2022-06-13 21:00:00
2022,6.0,13.0,22.0,238.4,238.4,2022-06-13 22:00:00
2022,6.0,13.0,23.0,236.12,236.12,2022-06-13 23:00:00
2022,6.0,13.0,24.0,223.13,223.13,2022-06-14 00:00:00
2022,6.0,14.0,1.0,220.1,220.1,2022-06-14 01:00:00
2022,6.0,14.0,2.0,218.8,218.8,2022-06-14 02:00:00
2022,6.0,14.0,3.0,208.06,208.06,2022-06-14 03:00:00
2022,6.0,14.0,4.0,203.87,203.87,2022-06-14 04:00:00
2022,6.0,14.0,5.0,200.16,200.16,2022-06-14 05:00:00
2022,6.0,14.0,6.0,203.87,203.87,2022-06-14 06:00:00
2022,6.0,14.0,7.0,215.22,215.22,2022-06-14 07:00:00
2022,6.0,14.0,8.0,227.88,227.88,2022-06-14 08:00:00
2022,6.0,14.0,9.0,227.84,227.84,2022-06-14 09:00:00
2022,6.0,14.0,10.0,222.47,222.47,2022-06-14 10:00:00
2022,6.0,14.0,11.0,216.97,216.97,2022-06-14 11:00:00
2022,6.0,14.0,12.0,203.56,203.56,2022-06-14 12:00:00
2022,6.0,14.0,13.0,201.45,201.45,2022-06-14 13:00:00
2022,6.0,14.0,14.0,201.32,201.32,2022-06-14 14:00:00
2022,6.0,14.0,15.0,200.58,200.58,2022-06-14 15:00:00
2022,6.0,14.0,16.0,194.0,194.0,2022-06-14 16:00:00
2022,6.0,14.0,17.0,202.56,202.56,2022-06-14 17:00:00
2022,6.0,14.0,18.0,204.58,204.58,2022-06-14 18:00:00
2022,6.0,14.0,19.0,209.62,209.62,2022-06-14 19:00:00
2022,6.0,14.0,20.0,220.0,220.0,2022-06-14 20:00:00
2022,6.0,14.0,21.0,237.76,237.76,2022-06-14 21:00:00
2022,6.0,14.0,22.0,242.27,242.27,2022-06-14 22:00:00
2022,6.0,14.0,23.0,234.9,234.9,2022-06-14 23:00:00
2022,6.0,14.0,24.0,219.25,219.25,2022-06-15 00:00:00
2022,6.0,15.0,1.0,194.07,194.07,2022-06-15 01:00:00
2022,6.0,15.0,2.0,183.5,183.5,2022-06-15 02:00:00
2022,6.0,15.0,3.0,177.67,177.67,2022-06-15 03:00:00
2022,6.0,15.0,4.0,173.02,173.02,2022-06-15 04:00:00
2022,6.0,15.0,5.0,173.18,173.18,2022-06-15 05:00:00
2022,6.0,15.0,6.0,180.03,180.03,2022-06-15 06:00:00
2022,6.0,15.0,7.0,175.56,175.56,2022-06-15 07:00:00
2022,6.0,15.0,8.0,178.91,178.91,2022-06-15 08:00:00
2022,6.0,15.0,9.0,178.91,178.91,2022-06-15 09:00:00
2022,6.0,15.0,10.0,165.56,165.56,2022-06-15 10:00:00
2022,6.0,15.0,11.0,154.85,154.85,2022-06-15 11:00:00
2022,6.0,15.0,12.0,153.21,153.21,2022-06-15 12:00:00
2022,6.0,15.0,13.0,154.55,154.55,2022-06-15 13:00:00
2022,6.0,15.0,14.0,155.4,155.4,2022-06-15 14:00:00
2022,6.0,15.0,15.0,153.0,153.0,2022-06-15 15:00:00
2022,6.0,15.0,16.0,144.17,144.17,2022-06-15 16:00:00
2022,6.0,15.0,17.0,148.0,148.0,2022-06-15 17:00:00
2022,6.0,15.0,18.0,145.99,145.99,2022-06-15 18:00:00
2022,6.0,15.0,19.0,145.0,145.0,2022-06-15 19:00:00
2022,6.0,15.0,20.0,157.07,157.07,2022-06-15 20:00:00
2022,6.0,15.0,21.0,178.91,178.91,2022-06-15 21:00:00
2022,6.0,15.0,22.0,180.03,180.03,2022-06-15 22:00:00
2022,6.0,15.0,23.0,175.56,175.56,2022-06-15 23:00:00
2022,6.0,15.0,24.0,148.0,148.0,2022-06-16 00:00:00
2022,6.0,16.0,1.0,195.52,195.52,2022-06-16 01:00:00
2022,6.0,16.0,2.0,165.05,165.05,2022-06-16 02:00:00
2022,6.0,16.0,3.0,154.0,154.0,2022-06-16 03:00:00
2022,6.0,16.0,4.0,151.7,151.7,2022-06-16 04:00:00
2022,6.0,16.0,5.0,152.11,152.11,2022-06-16 05:00:00
2022,6.0,16.0,6.0,162.55,162.55,2022-06-16 06:00:00
2022,6.0,16.0,7.0,163.7,163.7,2022-06-16 07:00:00
2022,6.0,16.0,8.0,186.5,186.5,2022-06-16 08:00:00
2022,6.0,16.0,9.0,186.5,186.5,2022-06-16 09:00:00
2022,6.0,16.0,10.0,165.06,165.06,2022-06-16 10:00:00
2022,6.0,16.0,11.0,162.55,162.55,2022-06-16 11:00:00
2022,6.0,16.0,12.0,154.0,154.0,2022-06-16 12:00:00
2022,6.0,16.0,13.0,154.0,154.0,2022-06-16 13:00:00
2022,6.0,16.0,14.0,157.18,157.18,2022-06-16 14:00:00
2022,6.0,16.0,15.0,150.0,150.0,2022-06-16 15:00:00
2022,6.0,16.0,16.0,151.7,151.7,2022-06-16 16:00:00
2022,6.0,16.0,17.0,152.11,152.11,2022-06-16 17:00:00
2022,6.0,16.0,18.0,162.55,162.55,2022-06-16 18:00:00
2022,6.0,16.0,19.0,162.55,162.55,2022-06-16 19:00:00
2022,6.0,16.0,20.0,193.5,193.5,2022-06-16 20:00:00
2022,6.0,16.0,21.0,202.37,202.37,2022-06-16 21:00:00
2022,6.0,16.0,22.0,210.44,210.44,2022-06-16 22:00:00
2022,6.0,16.0,23.0,210.19,210.19,2022-06-16 23:00:00
2022,6.0,16.0,24.0,193.68,193.68,2022-06-17 00:00:00
2022,6.0,17.0,1.0,195.56,195.56,2022-06-17 01:00:00
2022,6.0,17.0,2.0,186.88,186.88,2022-06-17 02:00:00
2022,6.0,17.0,3.0,179.85,179.85,2022-06-17 03:00:00
2022,6.0,17.0,4.0,175.57,175.57,2022-06-17 04:00:00
2022,6.0,17.0,5.0,175.57,175.57,2022-06-17 05:00:00
2022,6.0,17.0,6.0,175.57,175.57,2022-06-17 06:00:00
2022,6.0,17.0,7.0,175.88,175.88,2022-06-17 07:00:00
2022,6.0,17.0,8.0,185.65,185.65,2022-06-17 08:00:00
2022,6.0,17.0,9.0,181.45,181.45,2022-06-17 09:00:00
2022,6.0,17.0,10.0,180.03,180.03,2022-06-17 10:00:00
2022,6.0,17.0,11.0,179.74,179.74,2022-06-17 11:00:00
2022,6.0,17.0,12.0,175.57,175.57,2022-06-17 12:00:00
2022,6.0,17.0,13.0,175.57,175.57,2022-06-17 13:00:00
2022,6.0,17.0,14.0,173.44,173.44,2022-06-17 14:00:00
2022,6.0,17.0,15.0,160.22,160.22,2022-06-17 15:00:00
2022,6.0,17.0,16.0,159.81,159.81,2022-06-17 16:00:00
2022,6.0,17.0,17.0,159.81,159.81,2022-06-17 17:00:00
2022,6.0,17.0,18.0,160.0,160.0,2022-06-17 18:00:00
2022,6.0,17.0,19.0,166.62,166.62,2022-06-17 19:00:00
2022,6.0,17.0,20.0,180.0,180.0,2022-06-17 20:00:00
2022,6.0,17.0,21.0,189.38,189.38,2022-06-17 21:00:00
2022,6.0,17.0,22.0,196.4,196.4,2022-06-17 22:00:00
2022,6.0,17.0,23.0,196.61,196.61,2022-06-17 23:00:00
2022,6.0,17.0,24.0,184.5,184.5,2022-06-18 00:00:00
2022,6.0,18.0,1.0,226.05,226.05,2022-06-18 01:00:00
2022,6.0,18.0,2.0,194.7,194.7,2022-06-18 02:00:00
2022,6.0,18.0,3.0,180.03,180.03,2022-06-18 03:00:00
2022,6.0,18.0,4.0,175.0,175.0,2022-06-18 04:00:00
2022,6.0,18.0,5.0,172.72,172.72,2022-06-18 05:00:00
2022,6.0,18.0,6.0,170.51,170.51,2022-06-18 06:00:00
2022,6.0,18.0,7.0,157.28,157.28,2022-06-18 07:00:00
2022,6.0,18.0,8.0,147.28,147.28,2022-06-18 08:00:00
2022,6.0,18.0,9.0,133.32,133.32,2022-06-18 09:00:00
2022,6.0,18.0,10.0,130.12,130.12,2022-06-18 10:00:00
2022,6.0,18.0,11.0,147.28,147.28,2022-06-18 11:00:00
2022,6.0,18.0,12.0,136.09,136.09,2022-06-18 12:00:00
2022,6.0,18.0,13.0,122.36,122.36,2022-06-18 13:00:00
2022,6.0,18.0,14.0,117.66,117.66,2022-06-18 14:00:00
2022,6.0,18.0,15.0,105.0,105.0,2022-06-18 15:00:00
2022,6.0,18.0,16.0,99.12,99.12,2022-06-18 16:00:00
2022,6.0,18.0,17.0,95.17,95.17,2022-06-18 17:00:00
2022,6.0,18.0,18.0,97.14,97.14,2022-06-18 18:00:00
2022,6.0,18.0,19.0,102.5,102.5,2022-06-18 19:00:00
2022,6.0,18.0,20.0,119.94,119.94,2022-06-18 20:00:00
2022,6.0,18.0,21.0,151.5,151.5,2022-06-18 21:00:00
2022,6.0,18.0,22.0,176.0,176.0,2022-06-18 22:00:00
2022,6.0,18.0,23.0,189.0,189.0,2022-06-18 23:00:00
2022,6.0,18.0,24.0,171.09,171.09,2022-06-19 00:00:00
2022,6.0,19.0,1.0,184.52,184.52,2022-06-19 01:00:00
2022,6.0,19.0,2.0,164.34,164.34,2022-06-19 02:00:00
2022,6.0,19.0,3.0,150.0,150.0,2022-06-19 03:00:00
2022,6.0,19.0,4.0,135.94,135.94,2022-06-19 04:00:00
2022,6.0,19.0,5.0,120.6,120.6,2022-06-19 05:00:00
2022,6.0,19.0,6.0,112.7,112.7,2022-06-19 06:00:00
2022,6.0,19.0,7.0,112.7,112.7,2022-06-19 07:00:00
2022,6.0,19.0,8.0,119.31,119.31,2022-06-19 08:00:00
2022,6.0,19.0,9.0,107.18,107.18,2022-06-19 09:00:00
2022,6.0,19.0,10.0,95.5,95.5,2022-06-19 10:00:00
2022,6.0,19.0,11.0,82.1,82.1,2022-06-19 11:00:00
2022,6.0,19.0,12.0,79.44,79.44,2022-06-19 12:00:00
2022,6.0,19.0,13.0,79.44,79.44,2022-06-19 13:00:00
2022,6.0,19.0,14.0,80.0,80.0,2022-06-19 14:00:00
2022,6.0,19.0,15.0,77.49,77.49,2022-06-19 15:00:00
2022,6.0,19.0,16.0,63.74,63.74,2022-06-19 16:00:00
2022,6.0,19.0,17.0,50.0,50.0,2022-06-19 17:00:00
2022,6.0,19.0,18.0,70.0,70.0,2022-06-19 18:00:00
2022,6.0,19.0,19.0,90.0,90.0,2022-06-19 19:00:00
2022,6.0,19.0,20.0,116.5,116.5,2022-06-19 20:00:00
2022,6.0,19.0,21.0,160.28,160.28,2022-06-19 21:00:00
2022,6.0,19.0,22.0,206.0,206.0,2022-06-19 22:00:00
2022,6.0,19.0,23.0,250.0,250.0,2022-06-19 23:00:00
2022,6.0,19.0,24.0,234.9,234.9,2022-06-20 00:00:00
2022,6.0,20.0,1.0,187.12,187.12,2022-06-20 01:00:00
2022,6.0,20.0,2.0,174.64,174.64,2022-06-20 02:00:00
2022,6.0,20.0,3.0,170.5,170.5,2022-06-20 03:00:00
2022,6.0,20.0,4.0,170.01,170.01,2022-06-20 04:00:00
2022,6.0,20.0,5.0,170.0,170.0,2022-06-20 05:00:00
2022,6.0,20.0,6.0,170.01,170.01,2022-06-20 06:00:00
2022,6.0,20.0,7.0,170.5,170.5,2022-06-20 07:00:00
2022,6.0,20.0,8.0,187.11,187.11,2022-06-20 08:00:00
2022,6.0,20.0,9.0,187.12,187.12,2022-06-20 09:00:00
2022,6.0,20.0,10.0,171.09,171.09,2022-06-20 10:00:00
2022,6.0,20.0,11.0,165.15,165.15,2022-06-20 11:00:00
2022,6.0,20.0,12.0,143.92,143.92,2022-06-20 12:00:00
2022,6.0,20.0,13.0,140.43,140.43,2022-06-20 13:00:00
2022,6.0,20.0,14.0,130.0,130.0,2022-06-20 14:00:00
2022,6.0,20.0,15.0,121.58,121.58,2022-06-20 15:00:00
2022,6.0,20.0,16.0,117.77,117.77,2022-06-20 16:00:00
2022,6.0,20.0,17.0,110.44,110.44,2022-06-20 17:00:00
2022,6.0,20.0,18.0,115.37,115.37,2022-06-20 18:00:00
2022,6.0,20.0,19.0,120.02,120.02,2022-06-20 19:00:00
2022,6.0,20.0,20.0,138.71,138.71,2022-06-20 20:00:00
2022,6.0,20.0,21.0,160.01,160.01,2022-06-20 21:00:00
2022,6.0,20.0,22.0,187.56,187.56,2022-06-20 22:00:00
2022,6.0,20.0,23.0,197.91,197.91,2022-06-20 23:00:00
2022,6.0,20.0,24.0,172.56,172.56,2022-06-21 00:00:00
2022,6.0,21.0,1.0,170.28,170.28,2022-06-21 01:00:00
2022,6.0,21.0,2.0,150.73,150.73,2022-06-21 02:00:00
2022,6.0,21.0,3.0,148.0,148.0,2022-06-21 03:00:00
2022,6.0,21.0,4.0,145.92,145.92,2022-06-21 04:00:00
2022,6.0,21.0,5.0,148.8,148.8,2022-06-21 05:00:00
2022,6.0,21.0,6.0,150.66,150.66,2022-06-21 06:00:00
2022,6.0,21.0,7.0,149.84,149.84,2022-06-21 07:00:00
2022,6.0,21.0,8.0,175.56,175.56,2022-06-21 08:00:00
2022,6.0,21.0,9.0,175.56,175.56,2022-06-21 09:00:00
2022,6.0,21.0,10.0,153.7,153.7,2022-06-21 10:00:00
2022,6.0,21.0,11.0,145.0,145.0,2022-06-21 11:00:00
2022,6.0,21.0,12.0,141.22,141.22,2022-06-21 12:00:00
2022,6.0,21.0,13.0,140.44,140.44,2022-06-21 13:00:00
2022,6.0,21.0,14.0,135.73,135.73,2022-06-21 14:00:00
2022,6.0,21.0,15.0,130.25,130.25,2022-06-21 15:00:00
2022,6.0,21.0,16.0,127.05,127.05,2022-06-21 16:00:00
2022,6.0,21.0,17.0,126.36,126.36,2022-06-21 17:00:00
2022,6.0,21.0,18.0,127.05,127.05,2022-06-21 18:00:00
2022,6.0,21.0,19.0,127.05,127.05,2022-06-21 19:00:00
2022,6.0,21.0,20.0,130.75,130.75,2022-06-21 20:00:00
2022,6.0,21.0,21.0,146.13,146.13,2022-06-21 21:00:00
2022,6.0,21.0,22.0,180.03,180.03,2022-06-21 22:00:00
2022,6.0,21.0,23.0,180.03,180.03,2022-06-21 23:00:00
2022,6.0,21.0,24.0,146.53,146.53,2022-06-22 00:00:00
2022,6.0,22.0,1.0,153.38,153.38,2022-06-22 01:00:00
2022,6.0,22.0,2.0,148.04,148.04,2022-06-22 02:00:00
2022,6.0,22.0,3.0,141.58,141.58,2022-06-22 03:00:00
2022,6.0,22.0,4.0,139.87,139.87,2022-06-22 04:00:00
2022,6.0,22.0,5.0,142.85,142.85,2022-06-22 05:00:00
2022,6.0,22.0,6.0,148.06,148.06,2022-06-22 06:00:00
2022,6.0,22.0,7.0,148.04,148.04,2022-06-22 07:00:00
2022,6.0,22.0,8.0,171.09,171.09,2022-06-22 08:00:00
2022,6.0,22.0,9.0,170.8,170.8,2022-06-22 09:00:00
2022,6.0,22.0,10.0,150.93,150.93,2022-06-22 10:00:00
2022,6.0,22.0,11.0,148.67,148.67,2022-06-22 11:00:00
2022,6.0,22.0,12.0,147.5,147.5,2022-06-22 12:00:00
2022,6.0,22.0,13.0,147.19,147.19,2022-06-22 13:00:00
2022,6.0,22.0,14.0,147.19,147.19,2022-06-22 14:00:00
2022,6.0,22.0,15.0,140.62,140.62,2022-06-22 15:00:00
2022,6.0,22.0,16.0,134.86,134.86,2022-06-22 16:00:00
2022,6.0,22.0,17.0,133.04,133.04,2022-06-22 17:00:00
2022,6.0,22.0,18.0,132.66,132.66,2022-06-22 18:00:00
2022,6.0,22.0,19.0,134.86,134.86,2022-06-22 19:00:00
2022,6.0,22.0,20.0,147.6,147.6,2022-06-22 20:00:00
2022,6.0,22.0,21.0,172.42,172.42,2022-06-22 21:00:00
2022,6.0,22.0,22.0,195.66,195.66,2022-06-22 22:00:00
2022,6.0,22.0,23.0,195.62,195.62,2022-06-22 23:00:00
2022,6.0,22.0,24.0,173.47,173.47,2022-06-23 00:00:00
2022,6.0,23.0,1.0,186.5,186.5,2022-06-23 01:00:00
2022,6.0,23.0,2.0,170.79,170.79,2022-06-23 02:00:00
2022,6.0,23.0,3.0,153.41,153.41,2022-06-23 03:00:00
2022,6.0,23.0,4.0,151.94,151.94,2022-06-23 04:00:00
2022,6.0,23.0,5.0,151.84,151.84,2022-06-23 05:00:00
2022,6.0,23.0,6.0,153.21,153.21,2022-06-23 06:00:00
2022,6.0,23.0,7.0,148.71,148.71,2022-06-23 07:00:00
2022,6.0,23.0,8.0,172.23,172.23,2022-06-23 08:00:00
2022,6.0,23.0,9.0,172.23,172.23,2022-06-23 09:00:00
2022,6.0,23.0,10.0,149.86,149.86,2022-06-23 10:00:00
2022,6.0,23.0,11.0,147.14,147.14,2022-06-23 11:00:00
2022,6.0,23.0,12.0,148.05,148.05,2022-06-23 12:00:00
2022,6.0,23.0,13.0,147.34,147.34,2022-06-23 13:00:00
2022,6.0,23.0,14.0,142.08,142.08,2022-06-23 14:00:00
2022,6.0,23.0,15.0,129.7,129.7,2022-06-23 15:00:00
2022,6.0,23.0,16.0,127.05,127.05,2022-06-23 16:00:00
2022,6.0,23.0,17.0,124.55,124.55,2022-06-23 17:00:00
2022,6.0,23.0,18.0,124.42,124.42,2022-06-23 18:00:00
2022,6.0,23.0,19.0,124.32,124.32,2022-06-23 19:00:00
2022,6.0,23.0,20.0,127.1,127.1,2022-06-23 20:00:00
2022,6.0,23.0,21.0,142.38,142.38,2022-06-23 21:00:00
2022,6.0,23.0,22.0,172.23,172.23,2022-06-23 22:00:00
2022,6.0,23.0,23.0,180.0,180.0,2022-06-23 23:00:00
2022,6.0,23.0,24.0,149.45,149.45,2022-06-24 00:00:00
2022,6.0,24.0,1.0,161.6,161.6,2022-06-24 01:00:00
2022,6.0,24.0,2.0,148.09,148.09,2022-06-24 02:00:00
2022,6.0,24.0,3.0,143.38,143.38,2022-06-24 03:00:00
2022,6.0,24.0,4.0,139.25,139.25,2022-06-24 04:00:00
2022,6.0,24.0,5.0,136.49,136.49,2022-06-24 05:00:00
2022,6.0,24.0,6.0,135.97,135.97,2022-06-24 06:00:00
2022,6.0,24.0,7.0,131.16,131.16,2022-06-24 07:00:00
2022,6.0,24.0,8.0,148.74,148.74,2022-06-24 08:00:00
2022,6.0,24.0,9.0,131.77,131.77,2022-06-24 09:00:00
2022,6.0,24.0,10.0,123.22,123.22,2022-06-24 10:00:00
2022,6.0,24.0,11.0,119.75,119.75,2022-06-24 11:00:00
2022,6.0,24.0,12.0,118.25,118.25,2022-06-24 12:00:00
2022,6.0,24.0,13.0,119.48,119.48,2022-06-24 13:00:00
2022,6.0,24.0,14.0,118.75,118.75,2022-06-24 14:00:00
2022,6.0,24.0,15.0,116.75,116.75,2022-06-24 15:00:00
2022,6.0,24.0,16.0,112.7,112.7,2022-06-24 16:00:00
2022,6.0,24.0,17.0,111.7,111.7,2022-06-24 17:00:00
2022,6.0,24.0,18.0,117.05,117.05,2022-06-24 18:00:00
2022,6.0,24.0,19.0,121.9,121.9,2022-06-24 19:00:00
2022,6.0,24.0,20.0,129.7,129.7,2022-06-24 20:00:00
2022,6.0,24.0,21.0,157.64,157.64,2022-06-24 21:00:00
2022,6.0,24.0,22.0,185.25,185.25,2022-06-24 22:00:00
2022,6.0,24.0,23.0,191.52,191.52,2022-06-24 23:00:00
2022,6.0,24.0,24.0,182.0,182.0,2022-06-25 00:00:00
2022,6.0,25.0,1.0,185.0,185.0,2022-06-25 01:00:00
2022,6.0,25.0,2.0,177.61,177.61,2022-06-25 02:00:00
2022,6.0,25.0,3.0,169.56,169.56,2022-06-25 03:00:00
2022,6.0,25.0,4.0,164.16,164.16,2022-06-25 04:00:00
2022,6.0,25.0,5.0,160.0,160.0,2022-06-25 05:00:00
2022,6.0,25.0,6.0,155.43,155.43,2022-06-25 06:00:00
2022,6.0,25.0,7.0,148.74,148.74,2022-06-25 07:00:00
2022,6.0,25.0,8.0,142.58,142.58,2022-06-25 08:00:00
2022,6.0,25.0,9.0,130.4,130.4,2022-06-25 09:00:00
2022,6.0,25.0,10.0,130.4,130.4,2022-06-25 10:00:00
2022,6.0,25.0,11.0,129.7,129.7,2022-06-25 11:00:00
2022,6.0,25.0,12.0,120.0,120.0,2022-06-25 12:00:00
2022,6.0,25.0,13.0,110.25,110.25,2022-06-25 13:00:00
2022,6.0,25.0,14.0,109.01,109.01,2022-06-25 14:00:00
2022,6.0,25.0,15.0,97.0,97.0,2022-06-25 15:00:00
2022,6.0,25.0,16.0,77.1,77.1,2022-06-25 16:00:00
2022,6.0,25.0,17.0,65.71,65.71,2022-06-25 17:00:00
2022,6.0,25.0,18.0,66.47,66.47,2022-06-25 18:00:00
2022,6.0,25.0,19.0,77.1,77.1,2022-06-25 19:00:00
2022,6.0,25.0,20.0,92.99,92.99,2022-06-25 20:00:00
2022,6.0,25.0,21.0,119.73,119.73,2022-06-25 21:00:00
2022,6.0,25.0,22.0,154.56,154.56,2022-06-25 22:00:00
2022,6.0,25.0,23.0,160.38,160.38,2022-06-25 23:00:00
2022,6.0,25.0,24.0,145.0,145.0,2022-06-26 00:00:00
2022,6.0,26.0,1.0,141.68,141.68,2022-06-26 01:00:00
2022,6.0,26.0,2.0,135.79,135.79,2022-06-26 02:00:00
2022,6.0,26.0,3.0,134.64,134.64,2022-06-26 03:00:00
2022,6.0,26.0,4.0,134.64,134.64,2022-06-26 04:00:00
2022,6.0,26.0,5.0,134.64,134.64,2022-06-26 05:00:00
2022,6.0,26.0,6.0,137.37,137.37,2022-06-26 06:00:00
2022,6.0,26.0,7.0,139.96,139.96,2022-06-26 07:00:00
2022,6.0,26.0,8.0,134.64,134.64,2022-06-26 08:00:00
2022,6.0,26.0,9.0,133.12,133.12,2022-06-26 09:00:00
2022,6.0,26.0,10.0,116.47,116.47,2022-06-26 10:00:00
2022,6.0,26.0,11.0,107.0,107.0,2022-06-26 11:00:00
2022,6.0,26.0,12.0,100.94,100.94,2022-06-26 12:00:00
2022,6.0,26.0,13.0,106.7,106.7,2022-06-26 13:00:00
2022,6.0,26.0,14.0,102.7,102.7,2022-06-26 14:00:00
2022,6.0,26.0,15.0,100.4,100.4,2022-06-26 15:00:00
2022,6.0,26.0,16.0,87.55,87.55,2022-06-26 16:00:00
2022,6.0,26.0,17.0,78.75,78.75,2022-06-26 17:00:00
2022,6.0,26.0,18.0,74.25,74.25,2022-06-26 18:00:00
2022,6.0,26.0,19.0,77.0,77.0,2022-06-26 19:00:00
2022,6.0,26.0,20.0,91.05,91.05,2022-06-26 20:00:00
2022,6.0,26.0,21.0,124.15,124.15,2022-06-26 21:00:00
2022,6.0,26.0,22.0,143.97,143.97,2022-06-26 22:00:00
2022,6.0,26.0,23.0,153.21,153.21,2022-06-26 23:00:00
2022,6.0,26.0,24.0,140.0,140.0,2022-06-27 00:00:00
2022,6.0,27.0,1.0,142.43,142.43,2022-06-27 01:00:00
2022,6.0,27.0,2.0,129.54,129.54,2022-06-27 02:00:00
2022,6.0,27.0,3.0,120.0,120.0,2022-06-27 03:00:00
2022,6.0,27.0,4.0,115.25,115.25,2022-06-27 04:00:00
2022,6.0,27.0,5.0,120.5,120.5,2022-06-27 05:00:00
2022,6.0,27.0,6.0,134.64,134.64,2022-06-27 06:00:00
2022,6.0,27.0,7.0,142.94,142.94,2022-06-27 07:00:00
2022,6.0,27.0,8.0,144.85,163.88,2022-06-27 08:00:00
2022,6.0,27.0,9.0,157.61,157.61,2022-06-27 09:00:00
2022,6.0,27.0,10.0,143.0,143.0,2022-06-27 10:00:00
2022,6.0,27.0,11.0,141.68,141.68,2022-06-27 11:00:00
2022,6.0,27.0,12.0,138.99,138.99,2022-06-27 12:00:00
2022,6.0,27.0,13.0,142.43,142.43,2022-06-27 13:00:00
2022,6.0,27.0,14.0,142.43,142.43,2022-06-27 14:00:00
2022,6.0,27.0,15.0,140.0,140.0,2022-06-27 15:00:00
2022,6.0,27.0,16.0,132.0,132.0,2022-06-27 16:00:00
2022,6.0,27.0,17.0,130.92,130.92,2022-06-27 17:00:00
2022,6.0,27.0,18.0,132.0,132.0,2022-06-27 18:00:00
2022,6.0,27.0,19.0,134.64,134.64,2022-06-27 19:00:00
2022,6.0,27.0,20.0,142.43,142.43,2022-06-27 20:00:00
2022,6.0,27.0,21.0,165.02,165.02,2022-06-27 21:00:00
2022,6.0,27.0,22.0,181.0,181.0,2022-06-27 22:00:00
2022,6.0,27.0,23.0,180.0,180.0,2022-06-27 23:00:00
2022,6.0,27.0,24.0,165.15,165.15,2022-06-28 00:00:00
2022,6.0,28.0,1.0,147.01,147.01,2022-06-28 01:00:00
2022,6.0,28.0,2.0,135.0,135.0,2022-06-28 02:00:00
2022,6.0,28.0,3.0,131.4,131.4,2022-06-28 03:00:00
2022,6.0,28.0,4.0,135.0,135.0,2022-06-28 04:00:00
2022,6.0,28.0,5.0,137.46,137.46,2022-06-28 05:00:00
2022,6.0,28.0,6.0,147.95,147.95,2022-06-28 06:00:00
2022,6.0,28.0,7.0,150.56,150.56,2022-06-28 07:00:00
2022,6.0,28.0,8.0,165.44,165.44,2022-06-28 08:00:00
2022,6.0,28.0,9.0,165.02,165.02,2022-06-28 09:00:00
2022,6.0,28.0,10.0,150.56,150.56,2022-06-28 10:00:00
2022,6.0,28.0,11.0,139.68,139.68,2022-06-28 11:00:00
2022,6.0,28.0,12.0,135.0,135.0,2022-06-28 12:00:00
2022,6.0,28.0,13.0,140.0,140.0,2022-06-28 13:00:00
2022,6.0,28.0,14.0,143.55,143.55,2022-06-28 14:00:00
2022,6.0,28.0,15.0,136.01,136.01,2022-06-28 15:00:00
2022,6.0,28.0,16.0,132.86,132.86,2022-06-28 16:00:00
2022,6.0,28.0,17.0,131.4,131.4,2022-06-28 17:00:00
2022,6.0,28.0,18.0,131.2,131.2,2022-06-28 18:00:00
2022,6.0,28.0,19.0,131.2,131.2,2022-06-28 19:00:00
2022,6.0,28.0,20.0,133.43,133.43,2022-06-28 20:00:00
2022,6.0,28.0,21.0,160.56,160.56,2022-06-28 21:00:00
2022,6.0,28.0,22.0,171.09,171.09,2022-06-28 22:00:00
2022,6.0,28.0,23.0,170.0,170.0,2022-06-28 23:00:00
2022,6.0,28.0,24.0,150.56,150.56,2022-06-29 00:00:00
2022,6.0,29.0,1.0,167.01,167.01,2022-06-29 01:00:00
2022,6.0,29.0,2.0,157.0,157.0,2022-06-29 02:00:00
2022,6.0,29.0,3.0,145.0,145.0,2022-06-29 03:00:00
2022,6.0,29.0,4.0,145.0,145.0,2022-06-29 04:00:00
2022,6.0,29.0,5.0,146.0,146.0,2022-06-29 05:00:00
2022,6.0,29.0,6.0,152.29,152.29,2022-06-29 06:00:00
2022,6.0,29.0,7.0,168.1,168.1,2022-06-29 07:00:00
2022,6.0,29.0,8.0,170.1,172.28,2022-06-29 08:00:00
2022,6.0,29.0,9.0,167.01,167.01,2022-06-29 09:00:00
2022,6.0,29.0,10.0,143.51,143.51,2022-06-29 10:00:00
2022,6.0,29.0,11.0,131.4,131.4,2022-06-29 11:00:00
2022,6.0,29.0,12.0,125.69,125.69,2022-06-29 12:00:00
2022,6.0,29.0,13.0,125.0,125.0,2022-06-29 13:00:00
2022,6.0,29.0,14.0,128.25,125.0,2022-06-29 14:00:00
2022,6.0,29.0,15.0,128.25,119.52,2022-06-29 15:00:00
2022,6.0,29.0,16.0,119.79,103.2,2022-06-29 16:00:00
2022,6.0,29.0,17.0,104.68,96.23,2022-06-29 17:00:00
2022,6.0,29.0,18.0,99.05,94.9,2022-06-29 18:00:00
2022,6.0,29.0,19.0,99.05,92.07,2022-06-29 19:00:00
2022,6.0,29.0,20.0,99.05,99.05,2022-06-29 20:00:00
2022,6.0,29.0,21.0,123.2,123.2,2022-06-29 21:00:00
2022,6.0,29.0,22.0,131.2,131.2,2022-06-29 22:00:00
2022,6.0,29.0,23.0,131.4,131.4,2022-06-29 23:00:00
2022,6.0,29.0,24.0,124.7,124.7,2022-06-30 00:00:00
2022,6.0,30.0,1.0,139.33,139.33,2022-06-30 01:00:00
2022,6.0,30.0,2.0,136.87,136.87,2022-06-30 02:00:00
2022,6.0,30.0,3.0,136.87,136.87,2022-06-30 03:00:00
2022,6.0,30.0,4.0,140.0,140.0,2022-06-30 04:00:00
2022,6.0,30.0,5.0,141.38,141.38,2022-06-30 05:00:00
2022,6.0,30.0,6.0,141.98,141.98,2022-06-30 06:00:00
2022,6.0,30.0,7.0,143.0,143.0,2022-06-30 07:00:00
2022,6.0,30.0,8.0,151.0,151.0,2022-06-30 08:00:00
2022,6.0,30.0,9.0,143.0,143.0,2022-06-30 09:00:00
2022,6.0,30.0,10.0,137.01,137.01,2022-06-30 10:00:00
2022,6.0,30.0,11.0,136.7,136.7,2022-06-30 11:00:00
2022,6.0,30.0,12.0,130.37,130.37,2022-06-30 12:00:00
2022,6.0,30.0,13.0,127.01,127.01,2022-06-30 13:00:00
2022,6.0,30.0,14.0,121.4,121.4,2022-06-30 14:00:00
2022,6.0,30.0,15.0,116.0,116.0,2022-06-30 15:00:00
2022,6.0,30.0,16.0,110.6,110.6,2022-06-30 16:00:00
2022,6.0,30.0,17.0,100.41,100.41,2022-06-30 17:00:00
2022,6.0,30.0,18.0,99.78,99.78,2022-06-30 18:00:00
2022,6.0,30.0,19.0,99.36,99.36,2022-06-30 19:00:00
2022,6.0,30.0,20.0,114.7,114.7,2022-06-30 20:00:00
2022,6.0,30.0,21.0,139.81,139.81,2022-06-30 21:00:00
2022,6.0,30.0,22.0,156.0,156.0,2022-06-30 22:00:00
2022,6.0,30.0,23.0,158.6,158.6,2022-06-30 23:00:00
2022,6.0,30.0,24.0,150.0,150.0,2022-07-01 00:00:00
2022,7.0,1.0,1.0,147.64,147.64,2022-07-01 01:00:00
2022,7.0,1.0,2.0,146.48,146.48,2022-07-01 02:00:00
2022,7.0,1.0,3.0,143.7,143.7,2022-07-01 03:00:00
2022,7.0,1.0,4.0,142.4,142.4,2022-07-01 04:00:00
2022,7.0,1.0,5.0,144.96,144.96,2022-07-01 05:00:00
2022,7.0,1.0,6.0,146.75,146.75,2022-07-01 06:00:00
2022,7.0,1.0,7.0,146.75,146.75,2022-07-01 07:00:00
2022,7.0,1.0,8.0,152.61,152.61,2022-07-01 08:00:00
2022,7.0,1.0,9.0,147.64,147.64,2022-07-01 09:00:00
2022,7.0,1.0,10.0,146.15,146.15,2022-07-01 10:00:00
2022,7.0,1.0,11.0,148.74,148.74,2022-07-01 11:00:00
2022,7.0,1.0,12.0,147.79,147.79,2022-07-01 12:00:00
2022,7.0,1.0,13.0,153.21,153.21,2022-07-01 13:00:00
2022,7.0,1.0,14.0,151.0,151.0,2022-07-01 14:00:00
2022,7.0,1.0,15.0,144.96,144.96,2022-07-01 15:00:00
2022,7.0,1.0,16.0,140.25,140.25,2022-07-01 16:00:00
2022,7.0,1.0,17.0,134.63,134.63,2022-07-01 17:00:00
2022,7.0,1.0,18.0,134.02,134.02,2022-07-01 18:00:00
2022,7.0,1.0,19.0,124.99,124.99,2022-07-01 19:00:00
2022,7.0,1.0,20.0,138.91,138.91,2022-07-01 20:00:00
2022,7.0,1.0,21.0,146.15,146.15,2022-07-01 21:00:00
2022,7.0,1.0,22.0,154.7,154.7,2022-07-01 22:00:00
2022,7.0,1.0,23.0,154.12,154.12,2022-07-01 23:00:00
2022,7.0,1.0,24.0,146.75,146.75,2022-07-02 00:00:00
2022,7.0,2.0,1.0,167.29,167.29,2022-07-02 01:00:00
2022,7.0,2.0,2.0,161.7,161.7,2022-07-02 02:00:00
2022,7.0,2.0,3.0,159.1,159.1,2022-07-02 03:00:00
2022,7.0,2.0,4.0,154.59,154.59,2022-07-02 04:00:00
2022,7.0,2.0,5.0,157.06,157.06,2022-07-02 05:00:00
2022,7.0,2.0,6.0,159.61,159.61,2022-07-02 06:00:00
2022,7.0,2.0,7.0,160.57,160.57,2022-07-02 07:00:00
2022,7.0,2.0,8.0,148.58,148.58,2022-07-02 08:00:00
2022,7.0,2.0,9.0,144.25,144.25,2022-07-02 09:00:00
2022,7.0,2.0,10.0,133.58,133.58,2022-07-02 10:00:00
2022,7.0,2.0,11.0,136.77,136.77,2022-07-02 11:00:00
2022,7.0,2.0,12.0,129.97,129.97,2022-07-02 12:00:00
2022,7.0,2.0,13.0,120.77,120.77,2022-07-02 13:00:00
2022,7.0,2.0,14.0,122.99,122.99,2022-07-02 14:00:00
2022,7.0,2.0,15.0,114.2,114.2,2022-07-02 15:00:00
2022,7.0,2.0,16.0,112.7,112.7,2022-07-02 16:00:00
2022,7.0,2.0,17.0,109.25,109.25,2022-07-02 17:00:00
2022,7.0,2.0,18.0,110.3,110.3,2022-07-02 18:00:00
2022,7.0,2.0,19.0,118.26,118.26,2022-07-02 19:00:00
2022,7.0,2.0,20.0,140.0,140.0,2022-07-02 20:00:00
2022,7.0,2.0,21.0,152.0,152.0,2022-07-02 21:00:00
2022,7.0,2.0,22.0,167.29,167.29,2022-07-02 22:00:00
2022,7.0,2.0,23.0,170.34,170.34,2022-07-02 23:00:00
2022,7.0,2.0,24.0,167.0,167.0,2022-07-03 00:00:00
2022,7.0,3.0,1.0,164.99,164.99,2022-07-03 01:00:00
2022,7.0,3.0,2.0,160.0,160.0,2022-07-03 02:00:00
2022,7.0,3.0,3.0,149.99,149.99,2022-07-03 03:00:00
2022,7.0,3.0,4.0,145.5,145.5,2022-07-03 04:00:00
2022,7.0,3.0,5.0,145.62,142.0,2022-07-03 05:00:00
2022,7.0,3.0,6.0,145.62,145.62,2022-07-03 06:00:00
2022,7.0,3.0,7.0,145.4,144.0,2022-07-03 07:00:00
2022,7.0,3.0,8.0,163.75,127.8,2022-07-03 08:00:00
2022,7.0,3.0,9.0,163.75,116.51,2022-07-03 09:00:00
2022,7.0,3.0,10.0,164.77,108.0,2022-07-03 10:00:00
2022,7.0,3.0,11.0,166.0,104.61,2022-07-03 11:00:00
2022,7.0,3.0,12.0,167.0,94.74,2022-07-03 12:00:00
2022,7.0,3.0,13.0,122.99,122.99,2022-07-03 13:00:00
2022,7.0,3.0,14.0,125.1,125.1,2022-07-03 14:00:00
2022,7.0,3.0,15.0,117.6,117.6,2022-07-03 15:00:00
2022,7.0,3.0,16.0,99.16,99.16,2022-07-03 16:00:00
2022,7.0,3.0,17.0,91.2,91.2,2022-07-03 17:00:00
2022,7.0,3.0,18.0,91.55,91.55,2022-07-03 18:00:00
2022,7.0,3.0,19.0,114.0,114.0,2022-07-03 19:00:00
2022,7.0,3.0,20.0,128.3,128.3,2022-07-03 20:00:00
2022,7.0,3.0,21.0,160.0,160.0,2022-07-03 21:00:00
2022,7.0,3.0,22.0,177.16,177.16,2022-07-03 22:00:00
2022,7.0,3.0,23.0,193.06,193.06,2022-07-03 23:00:00
2022,7.0,3.0,24.0,180.0,180.0,2022-07-04 00:00:00
2022,7.0,4.0,1.0,165.79,165.79,2022-07-04 01:00:00
2022,7.0,4.0,2.0,164.37,164.37,2022-07-04 02:00:00
2022,7.0,4.0,3.0,153.04,153.04,2022-07-04 03:00:00
2022,7.0,4.0,4.0,150.0,150.0,2022-07-04 04:00:00
2022,7.0,4.0,5.0,152.5,152.5,2022-07-04 05:00:00
2022,7.0,4.0,6.0,152.73,152.73,2022-07-04 06:00:00
2022,7.0,4.0,7.0,164.77,164.77,2022-07-04 07:00:00
2022,7.0,4.0,8.0,176.0,176.0,2022-07-04 08:00:00
2022,7.0,4.0,9.0,176.0,176.0,2022-07-04 09:00:00
2022,7.0,4.0,10.0,165.79,165.79,2022-07-04 10:00:00
2022,7.0,4.0,11.0,164.77,164.77,2022-07-04 11:00:00
2022,7.0,4.0,12.0,158.86,158.86,2022-07-04 12:00:00
2022,7.0,4.0,13.0,161.01,161.01,2022-07-04 13:00:00
2022,7.0,4.0,14.0,163.58,163.58,2022-07-04 14:00:00
2022,7.0,4.0,15.0,163.58,163.58,2022-07-04 15:00:00
2022,7.0,4.0,16.0,158.86,158.86,2022-07-04 16:00:00
2022,7.0,4.0,17.0,152.73,152.73,2022-07-04 17:00:00
2022,7.0,4.0,18.0,148.74,148.74,2022-07-04 18:00:00
2022,7.0,4.0,19.0,143.83,143.83,2022-07-04 19:00:00
2022,7.0,4.0,20.0,146.0,146.0,2022-07-04 20:00:00
2022,7.0,4.0,21.0,164.77,164.77,2022-07-04 21:00:00
2022,7.0,4.0,22.0,171.09,171.09,2022-07-04 22:00:00
2022,7.0,4.0,23.0,166.62,166.62,2022-07-04 23:00:00
2022,7.0,4.0,24.0,152.73,152.73,2022-07-05 00:00:00
2022,7.0,5.0,1.0,149.95,149.95,2022-07-05 01:00:00
2022,7.0,5.0,2.0,130.0,130.0,2022-07-05 02:00:00
2022,7.0,5.0,3.0,120.1,120.1,2022-07-05 03:00:00
2022,7.0,5.0,4.0,118.78,118.78,2022-07-05 04:00:00
2022,7.0,5.0,5.0,114.57,114.57,2022-07-05 05:00:00
2022,7.0,5.0,6.0,120.0,120.0,2022-07-05 06:00:00
2022,7.0,5.0,7.0,130.0,130.0,2022-07-05 07:00:00
2022,7.0,5.0,8.0,149.95,149.95,2022-07-05 08:00:00
2022,7.0,5.0,9.0,150.36,150.36,2022-07-05 09:00:00
2022,7.0,5.0,10.0,148.61,148.61,2022-07-05 10:00:00
2022,7.0,5.0,11.0,148.5,148.5,2022-07-05 11:00:00
2022,7.0,5.0,12.0,147.64,147.64,2022-07-05 12:00:00
2022,7.0,5.0,13.0,148.5,148.5,2022-07-05 13:00:00
2022,7.0,5.0,14.0,149.95,149.95,2022-07-05 14:00:00
2022,7.0,5.0,15.0,148.5,148.5,2022-07-05 15:00:00
2022,7.0,5.0,16.0,130.0,130.0,2022-07-05 16:00:00
2022,7.0,5.0,17.0,128.0,128.0,2022-07-05 17:00:00
2022,7.0,5.0,18.0,127.95,127.95,2022-07-05 18:00:00
2022,7.0,5.0,19.0,126.95,126.95,2022-07-05 19:00:00
2022,7.0,5.0,20.0,130.0,130.0,2022-07-05 20:00:00
2022,7.0,5.0,21.0,149.95,149.95,2022-07-05 21:00:00
2022,7.0,5.0,22.0,163.58,163.58,2022-07-05 22:00:00
2022,7.0,5.0,23.0,161.0,161.0,2022-07-05 23:00:00
2022,7.0,5.0,24.0,147.1,147.1,2022-07-06 00:00:00
2022,7.0,6.0,1.0,148.0,148.0,2022-07-06 01:00:00
2022,7.0,6.0,2.0,116.45,116.45,2022-07-06 02:00:00
2022,7.0,6.0,3.0,116.3,116.3,2022-07-06 03:00:00
2022,7.0,6.0,4.0,115.55,115.55,2022-07-06 04:00:00
2022,7.0,6.0,5.0,116.35,116.35,2022-07-06 05:00:00
2022,7.0,6.0,6.0,125.0,125.0,2022-07-06 06:00:00
2022,7.0,6.0,7.0,148.74,148.74,2022-07-06 07:00:00
2022,7.0,6.0,8.0,161.59,161.59,2022-07-06 08:00:00
2022,7.0,6.0,9.0,161.59,161.59,2022-07-06 09:00:00
2022,7.0,6.0,10.0,155.0,155.0,2022-07-06 10:00:00
2022,7.0,6.0,11.0,155.89,155.89,2022-07-06 11:00:00
2022,7.0,6.0,12.0,151.89,151.89,2022-07-06 12:00:00
2022,7.0,6.0,13.0,155.22,155.22,2022-07-06 13:00:00
2022,7.0,6.0,14.0,155.89,155.89,2022-07-06 14:00:00
2022,7.0,6.0,15.0,148.1,148.1,2022-07-06 15:00:00
2022,7.0,6.0,16.0,134.8,134.8,2022-07-06 16:00:00
2022,7.0,6.0,17.0,124.43,124.43,2022-07-06 17:00:00
2022,7.0,6.0,18.0,122.09,122.09,2022-07-06 18:00:00
2022,7.0,6.0,19.0,142.0,142.0,2022-07-06 19:00:00
2022,7.0,6.0,20.0,156.5,156.5,2022-07-06 20:00:00
2022,7.0,6.0,21.0,166.62,166.62,2022-07-06 21:00:00
2022,7.0,6.0,22.0,174.5,174.5,2022-07-06 22:00:00
2022,7.0,6.0,23.0,173.09,173.09,2022-07-06 23:00:00
2022,7.0,6.0,24.0,161.59,161.59,2022-07-07 00:00:00
2022,7.0,7.0,1.0,155.06,155.06,2022-07-07 01:00:00
2022,7.0,7.0,2.0,131.0,131.0,2022-07-07 02:00:00
2022,7.0,7.0,3.0,116.45,116.45,2022-07-07 03:00:00
2022,7.0,7.0,4.0,115.55,115.55,2022-07-07 04:00:00
2022,7.0,7.0,5.0,114.99,114.99,2022-07-07 05:00:00
2022,7.0,7.0,6.0,114.99,114.99,2022-07-07 06:00:00
2022,7.0,7.0,7.0,115.55,115.55,2022-07-07 07:00:00
2022,7.0,7.0,8.0,120.0,120.0,2022-07-07 08:00:00
2022,7.0,7.0,9.0,115.55,115.55,2022-07-07 09:00:00
2022,7.0,7.0,10.0,110.0,110.0,2022-07-07 10:00:00
2022,7.0,7.0,11.0,111.05,111.05,2022-07-07 11:00:00
2022,7.0,7.0,12.0,110.22,110.22,2022-07-07 12:00:00
2022,7.0,7.0,13.0,114.95,114.95,2022-07-07 13:00:00
2022,7.0,7.0,14.0,115.55,115.55,2022-07-07 14:00:00
2022,7.0,7.0,15.0,115.95,115.95,2022-07-07 15:00:00
2022,7.0,7.0,16.0,115.55,114.99,2022-07-07 16:00:00
2022,7.0,7.0,17.0,117.66,113.51,2022-07-07 17:00:00
2022,7.0,7.0,18.0,115.55,112.55,2022-07-07 18:00:00
2022,7.0,7.0,19.0,115.55,108.01,2022-07-07 19:00:00
2022,7.0,7.0,20.0,115.55,115.55,2022-07-07 20:00:00
2022,7.0,7.0,21.0,151.81,151.81,2022-07-07 21:00:00
2022,7.0,7.0,22.0,169.0,169.0,2022-07-07 22:00:00
2022,7.0,7.0,23.0,169.0,169.0,2022-07-07 23:00:00
2022,7.0,7.0,24.0,149.59,149.59,2022-07-08 00:00:00
2022,7.0,8.0,1.0,161.09,161.09,2022-07-08 01:00:00
2022,7.0,8.0,2.0,149.88,149.88,2022-07-08 02:00:00
2022,7.0,8.0,3.0,129.0,129.0,2022-07-08 03:00:00
2022,7.0,8.0,4.0,120.89,120.89,2022-07-08 04:00:00
2022,7.0,8.0,5.0,123.0,123.0,2022-07-08 05:00:00
2022,7.0,8.0,6.0,129.99,129.99,2022-07-08 06:00:00
2022,7.0,8.0,7.0,150.56,150.56,2022-07-08 07:00:00
2022,7.0,8.0,8.0,161.0,161.0,2022-07-08 08:00:00
2022,7.0,8.0,9.0,161.09,161.09,2022-07-08 09:00:00
2022,7.0,8.0,10.0,140.5,140.5,2022-07-08 10:00:00
2022,7.0,8.0,11.0,133.95,133.95,2022-07-08 11:00:00
2022,7.0,8.0,12.0,145.5,145.5,2022-07-08 12:00:00
2022,7.0,8.0,13.0,153.21,153.21,2022-07-08 13:00:00
2022,7.0,8.0,14.0,160.0,160.0,2022-07-08 14:00:00
2022,7.0,8.0,15.0,150.56,150.56,2022-07-08 15:00:00
2022,7.0,8.0,16.0,143.3,143.3,2022-07-08 16:00:00
2022,7.0,8.0,17.0,134.19,134.19,2022-07-08 17:00:00
2022,7.0,8.0,18.0,132.25,132.25,2022-07-08 18:00:00
2022,7.0,8.0,19.0,130.0,130.0,2022-07-08 19:00:00
2022,7.0,8.0,20.0,145.5,145.5,2022-07-08 20:00:00
2022,7.0,8.0,21.0,165.87,165.87,2022-07-08 21:00:00
2022,7.0,8.0,22.0,169.12,169.12,2022-07-08 22:00:00
2022,7.0,8.0,23.0,169.12,169.12,2022-07-08 23:00:00
2022,7.0,8.0,24.0,162.0,162.0,2022-07-09 00:00:00
2022,7.0,9.0,1.0,156.63,156.63,2022-07-09 01:00:00
2022,7.0,9.0,2.0,150.9,150.9,2022-07-09 02:00:00
2022,7.0,9.0,3.0,151.0,151.0,2022-07-09 03:00:00
2022,7.0,9.0,4.0,154.61,154.61,2022-07-09 04:00:00
2022,7.0,9.0,5.0,156.63,156.63,2022-07-09 05:00:00
2022,7.0,9.0,6.0,160.0,160.0,2022-07-09 06:00:00
2022,7.0,9.0,7.0,166.62,166.62,2022-07-09 07:00:00
2022,7.0,9.0,8.0,151.92,151.92,2022-07-09 08:00:00
2022,7.0,9.0,9.0,149.0,149.0,2022-07-09 09:00:00
2022,7.0,9.0,10.0,138.4,138.4,2022-07-09 10:00:00
2022,7.0,9.0,11.0,134.13,134.13,2022-07-09 11:00:00
2022,7.0,9.0,12.0,134.25,134.25,2022-07-09 12:00:00
2022,7.0,9.0,13.0,137.56,137.56,2022-07-09 13:00:00
2022,7.0,9.0,14.0,139.15,139.15,2022-07-09 14:00:00
2022,7.0,9.0,15.0,138.71,138.71,2022-07-09 15:00:00
2022,7.0,9.0,16.0,134.25,134.25,2022-07-09 16:00:00
2022,7.0,9.0,17.0,129.5,129.5,2022-07-09 17:00:00
2022,7.0,9.0,18.0,129.5,129.5,2022-07-09 18:00:00
2022,7.0,9.0,19.0,134.13,134.13,2022-07-09 19:00:00
2022,7.0,9.0,20.0,138.51,138.51,2022-07-09 20:00:00
2022,7.0,9.0,21.0,161.09,161.09,2022-07-09 21:00:00
2022,7.0,9.0,22.0,175.56,175.56,2022-07-09 22:00:00
2022,7.0,9.0,23.0,179.85,179.85,2022-07-09 23:00:00
2022,7.0,9.0,24.0,165.0,165.0,2022-07-10 00:00:00
2022,7.0,10.0,1.0,153.95,153.95,2022-07-10 01:00:00
2022,7.0,10.0,2.0,149.99,149.99,2022-07-10 02:00:00
2022,7.0,10.0,3.0,150.0,150.0,2022-07-10 03:00:00
2022,7.0,10.0,4.0,150.0,150.0,2022-07-10 04:00:00
2022,7.0,10.0,5.0,153.14,153.14,2022-07-10 05:00:00
2022,7.0,10.0,6.0,153.95,153.95,2022-07-10 06:00:00
2022,7.0,10.0,7.0,153.14,153.14,2022-07-10 07:00:00
2022,7.0,10.0,8.0,144.01,144.01,2022-07-10 08:00:00
2022,7.0,10.0,9.0,125.43,125.43,2022-07-10 09:00:00
2022,7.0,10.0,10.0,119.05,119.05,2022-07-10 10:00:00
2022,7.0,10.0,11.0,116.8,116.8,2022-07-10 11:00:00
2022,7.0,10.0,12.0,118.22,118.22,2022-07-10 12:00:00
2022,7.0,10.0,13.0,120.0,120.0,2022-07-10 13:00:00
2022,7.0,10.0,14.0,125.43,125.43,2022-07-10 14:00:00
2022,7.0,10.0,15.0,125.43,125.43,2022-07-10 15:00:00
2022,7.0,10.0,16.0,119.06,119.06,2022-07-10 16:00:00
2022,7.0,10.0,17.0,117.54,117.54,2022-07-10 17:00:00
2022,7.0,10.0,18.0,116.62,116.62,2022-07-10 18:00:00
2022,7.0,10.0,19.0,118.22,118.22,2022-07-10 19:00:00
2022,7.0,10.0,20.0,122.0,122.0,2022-07-10 20:00:00
2022,7.0,10.0,21.0,153.21,153.21,2022-07-10 21:00:00
2022,7.0,10.0,22.0,171.09,171.09,2022-07-10 22:00:00
2022,7.0,10.0,23.0,184.0,184.0,2022-07-10 23:00:00
2022,7.0,10.0,24.0,166.62,166.62,2022-07-11 00:00:00
2022,7.0,11.0,1.0,164.67,164.67,2022-07-11 01:00:00
2022,7.0,11.0,2.0,158.18,158.18,2022-07-11 02:00:00
2022,7.0,11.0,3.0,153.14,153.14,2022-07-11 03:00:00
2022,7.0,11.0,4.0,135.06,135.06,2022-07-11 04:00:00
2022,7.0,11.0,5.0,139.0,139.0,2022-07-11 05:00:00
2022,7.0,11.0,6.0,152.85,152.85,2022-07-11 06:00:00
2022,7.0,11.0,7.0,158.69,158.69,2022-07-11 07:00:00
2022,7.0,11.0,8.0,165.84,165.84,2022-07-11 08:00:00
2022,7.0,11.0,9.0,170.0,170.0,2022-07-11 09:00:00
2022,7.0,11.0,10.0,159.51,159.51,2022-07-11 10:00:00
2022,7.0,11.0,11.0,156.56,156.56,2022-07-11 11:00:00
2022,7.0,11.0,12.0,153.36,153.36,2022-07-11 12:00:00
2022,7.0,11.0,13.0,157.07,157.07,2022-07-11 13:00:00
2022,7.0,11.0,14.0,157.07,157.07,2022-07-11 14:00:00
2022,7.0,11.0,15.0,153.0,153.0,2022-07-11 15:00:00
2022,7.0,11.0,16.0,145.0,145.0,2022-07-11 16:00:00
2022,7.0,11.0,17.0,142.31,142.31,2022-07-11 17:00:00
2022,7.0,11.0,18.0,144.25,144.25,2022-07-11 18:00:00
2022,7.0,11.0,19.0,149.0,149.0,2022-07-11 19:00:00
2022,7.0,11.0,20.0,158.18,158.18,2022-07-11 20:00:00
2022,7.0,11.0,21.0,175.0,175.0,2022-07-11 21:00:00
2022,7.0,11.0,22.0,191.39,191.39,2022-07-11 22:00:00
2022,7.0,11.0,23.0,181.01,181.01,2022-07-11 23:00:00
2022,7.0,11.0,24.0,160.78,160.78,2022-07-12 00:00:00
2022,7.0,12.0,1.0,169.85,169.85,2022-07-12 01:00:00
2022,7.0,12.0,2.0,150.0,150.0,2022-07-12 02:00:00
2022,7.0,12.0,3.0,144.95,144.95,2022-07-12 03:00:00
2022,7.0,12.0,4.0,127.0,127.0,2022-07-12 04:00:00
2022,7.0,12.0,5.0,123.55,123.55,2022-07-12 05:00:00
2022,7.0,12.0,6.0,127.0,127.0,2022-07-12 06:00:00
2022,7.0,12.0,7.0,140.0,140.0,2022-07-12 07:00:00
2022,7.0,12.0,8.0,150.31,150.31,2022-07-12 08:00:00
2022,7.0,12.0,9.0,150.41,150.41,2022-07-12 09:00:00
2022,7.0,12.0,10.0,145.06,145.06,2022-07-12 10:00:00
2022,7.0,12.0,11.0,143.94,143.94,2022-07-12 11:00:00
2022,7.0,12.0,12.0,143.94,143.94,2022-07-12 12:00:00
2022,7.0,12.0,13.0,148.2,148.2,2022-07-12 13:00:00
2022,7.0,12.0,14.0,150.0,150.0,2022-07-12 14:00:00
2022,7.0,12.0,15.0,150.41,150.41,2022-07-12 15:00:00
2022,7.0,12.0,16.0,151.86,151.86,2022-07-12 16:00:00
2022,7.0,12.0,17.0,152.37,152.37,2022-07-12 17:00:00
2022,7.0,12.0,18.0,154.01,154.01,2022-07-12 18:00:00
2022,7.0,12.0,19.0,162.69,162.69,2022-07-12 19:00:00
2022,7.0,12.0,20.0,175.87,175.87,2022-07-12 20:00:00
2022,7.0,12.0,21.0,196.89,196.89,2022-07-12 21:00:00
2022,7.0,12.0,22.0,201.6,201.6,2022-07-12 22:00:00
2022,7.0,12.0,23.0,200.0,200.0,2022-07-12 23:00:00
2022,7.0,12.0,24.0,177.01,177.01,2022-07-13 00:00:00
2022,7.0,13.0,1.0,171.4,171.4,2022-07-13 01:00:00
2022,7.0,13.0,2.0,161.0,161.0,2022-07-13 02:00:00
2022,7.0,13.0,3.0,150.0,150.0,2022-07-13 03:00:00
2022,7.0,13.0,4.0,145.0,145.0,2022-07-13 04:00:00
2022,7.0,13.0,5.0,151.0,151.0,2022-07-13 05:00:00
2022,7.0,13.0,6.0,160.35,160.35,2022-07-13 06:00:00
2022,7.0,13.0,7.0,149.99,149.99,2022-07-13 07:00:00
2022,7.0,13.0,8.0,171.4,171.4,2022-07-13 08:00:00
2022,7.0,13.0,9.0,168.56,168.56,2022-07-13 09:00:00
2022,7.0,13.0,10.0,153.06,153.06,2022-07-13 10:00:00
2022,7.0,13.0,11.0,159.0,159.0,2022-07-13 11:00:00
2022,7.0,13.0,12.0,156.0,156.0,2022-07-13 12:00:00
2022,7.0,13.0,13.0,158.87,158.87,2022-07-13 13:00:00
2022,7.0,13.0,14.0,158.97,158.97,2022-07-13 14:00:00
2022,7.0,13.0,15.0,153.06,153.06,2022-07-13 15:00:00
2022,7.0,13.0,16.0,152.96,152.96,2022-07-13 16:00:00
2022,7.0,13.0,17.0,147.23,147.23,2022-07-13 17:00:00
2022,7.0,13.0,18.0,148.45,148.45,2022-07-13 18:00:00
2022,7.0,13.0,19.0,140.0,140.0,2022-07-13 19:00:00
2022,7.0,13.0,20.0,153.16,153.16,2022-07-13 20:00:00
2022,7.0,13.0,21.0,174.63,174.63,2022-07-13 21:00:00
2022,7.0,13.0,22.0,186.31,186.31,2022-07-13 22:00:00
2022,7.0,13.0,23.0,185.0,185.0,2022-07-13 23:00:00
2022,7.0,13.0,24.0,171.4,171.4,2022-07-14 00:00:00
2022,7.0,14.0,1.0,190.0,190.0,2022-07-14 01:00:00
2022,7.0,14.0,2.0,174.56,174.56,2022-07-14 02:00:00
2022,7.0,14.0,3.0,169.03,169.03,2022-07-14 03:00:00
2022,7.0,14.0,4.0,162.06,162.06,2022-07-14 04:00:00
2022,7.0,14.0,5.0,163.59,163.59,2022-07-14 05:00:00
2022,7.0,14.0,6.0,169.39,169.39,2022-07-14 06:00:00
2022,7.0,14.0,7.0,171.01,171.01,2022-07-14 07:00:00
2022,7.0,14.0,8.0,178.17,178.17,2022-07-14 08:00:00
2022,7.0,14.0,9.0,175.87,175.87,2022-07-14 09:00:00
2022,7.0,14.0,10.0,171.01,171.01,2022-07-14 10:00:00
2022,7.0,14.0,11.0,167.43,167.43,2022-07-14 11:00:00
2022,7.0,14.0,12.0,170.77,161.96,2022-07-14 12:00:00
2022,7.0,14.0,13.0,171.0,163.59,2022-07-14 13:00:00
2022,7.0,14.0,14.0,170.77,164.0,2022-07-14 14:00:00
2022,7.0,14.0,15.0,170.77,162.16,2022-07-14 15:00:00
2022,7.0,14.0,16.0,172.69,159.8,2022-07-14 16:00:00
2022,7.0,14.0,17.0,173.61,155.0,2022-07-14 17:00:00
2022,7.0,14.0,18.0,173.61,143.06,2022-07-14 18:00:00
2022,7.0,14.0,19.0,172.81,145.0,2022-07-14 19:00:00
2022,7.0,14.0,20.0,171.79,143.06,2022-07-14 20:00:00
2022,7.0,14.0,21.0,172.81,145.0,2022-07-14 21:00:00
2022,7.0,14.0,22.0,170.6,163.85,2022-07-14 22:00:00
2022,7.0,14.0,23.0,169.03,154.74,2022-07-14 23:00:00
2022,7.0,14.0,24.0,169.03,140.0,2022-07-15 00:00:00
2022,7.0,15.0,1.0,145.0,145.0,2022-07-15 01:00:00
2022,7.0,15.0,2.0,142.45,142.45,2022-07-15 02:00:00
2022,7.0,15.0,3.0,138.0,138.0,2022-07-15 03:00:00
2022,7.0,15.0,4.0,135.05,135.05,2022-07-15 04:00:00
2022,7.0,15.0,5.0,135.4,135.4,2022-07-15 05:00:00
2022,7.0,15.0,6.0,140.0,140.0,2022-07-15 06:00:00
2022,7.0,15.0,7.0,139.99,139.99,2022-07-15 07:00:00
2022,7.0,15.0,8.0,145.0,145.0,2022-07-15 08:00:00
2022,7.0,15.0,9.0,147.9,147.9,2022-07-15 09:00:00
2022,7.0,15.0,10.0,143.06,143.06,2022-07-15 10:00:00
2022,7.0,15.0,11.0,142.45,142.45,2022-07-15 11:00:00
2022,7.0,15.0,12.0,142.45,126.0,2022-07-15 12:00:00
2022,7.0,15.0,13.0,141.94,141.94,2022-07-15 13:00:00
2022,7.0,15.0,14.0,142.94,142.94,2022-07-15 14:00:00
2022,7.0,15.0,15.0,143.06,143.06,2022-07-15 15:00:00
2022,7.0,15.0,16.0,143.06,143.06,2022-07-15 16:00:00
2022,7.0,15.0,17.0,143.15,143.15,2022-07-15 17:00:00
2022,7.0,15.0,18.0,143.15,143.15,2022-07-15 18:00:00
2022,7.0,15.0,19.0,143.15,143.06,2022-07-15 19:00:00
2022,7.0,15.0,20.0,149.99,149.99,2022-07-15 20:00:00
2022,7.0,15.0,21.0,175.0,175.0,2022-07-15 21:00:00
2022,7.0,15.0,22.0,184.01,184.01,2022-07-15 22:00:00
2022,7.0,15.0,23.0,180.06,180.06,2022-07-15 23:00:00
2022,7.0,15.0,24.0,170.0,164.32,2022-07-16 00:00:00
2022,7.0,16.0,1.0,175.65,175.65,2022-07-16 01:00:00
2022,7.0,16.0,2.0,161.0,161.0,2022-07-16 02:00:00
2022,7.0,16.0,3.0,150.0,150.0,2022-07-16 03:00:00
2022,7.0,16.0,4.0,130.05,130.05,2022-07-16 04:00:00
2022,7.0,16.0,5.0,136.85,136.85,2022-07-16 05:00:00
2022,7.0,16.0,6.0,137.0,137.0,2022-07-16 06:00:00
2022,7.0,16.0,7.0,130.05,130.05,2022-07-16 07:00:00
2022,7.0,16.0,8.0,123.45,123.45,2022-07-16 08:00:00
2022,7.0,16.0,9.0,123.35,122.78,2022-07-16 09:00:00
2022,7.0,16.0,10.0,122.32,122.32,2022-07-16 10:00:00
2022,7.0,16.0,11.0,123.25,122.02,2022-07-16 11:00:00
2022,7.0,16.0,12.0,123.35,120.69,2022-07-16 12:00:00
2022,7.0,16.0,13.0,123.35,121.69,2022-07-16 13:00:00
2022,7.0,16.0,14.0,123.35,122.32,2022-07-16 14:00:00
2022,7.0,16.0,15.0,123.25,122.14,2022-07-16 15:00:00
2022,7.0,16.0,16.0,123.35,122.02,2022-07-16 16:00:00
2022,7.0,16.0,17.0,123.45,120.84,2022-07-16 17:00:00
2022,7.0,16.0,18.0,123.45,120.94,2022-07-16 18:00:00
2022,7.0,16.0,19.0,123.45,122.02,2022-07-16 19:00:00
2022,7.0,16.0,20.0,126.72,122.78,2022-07-16 20:00:00
2022,7.0,16.0,21.0,164.32,164.32,2022-07-16 21:00:00
2022,7.0,16.0,22.0,176.16,176.16,2022-07-16 22:00:00
2022,7.0,16.0,23.0,176.16,176.16,2022-07-16 23:00:00
2022,7.0,16.0,24.0,160.74,160.74,2022-07-17 00:00:00
2022,7.0,17.0,1.0,110.09,110.09,2022-07-17 01:00:00
2022,7.0,17.0,2.0,103.91,103.5,2022-07-17 02:00:00
2022,7.0,17.0,3.0,102.62,102.62,2022-07-17 03:00:00
2022,7.0,17.0,4.0,102.0,102.0,2022-07-17 04:00:00
2022,7.0,17.0,5.0,102.9,102.9,2022-07-17 05:00:00
2022,7.0,17.0,6.0,102.92,102.92,2022-07-17 06:00:00
2022,7.0,17.0,7.0,102.78,102.78,2022-07-17 07:00:00
2022,7.0,17.0,8.0,101.82,101.82,2022-07-17 08:00:00
2022,7.0,17.0,9.0,96.81,96.81,2022-07-17 09:00:00
2022,7.0,17.0,10.0,81.72,81.72,2022-07-17 10:00:00
2022,7.0,17.0,11.0,95.04,72.97,2022-07-17 11:00:00
2022,7.0,17.0,12.0,95.04,69.05,2022-07-17 12:00:00
2022,7.0,17.0,13.0,95.04,71.08,2022-07-17 13:00:00
2022,7.0,17.0,14.0,95.04,84.0,2022-07-17 14:00:00
2022,7.0,17.0,15.0,84.0,84.0,2022-07-17 15:00:00
2022,7.0,17.0,16.0,78.09,78.09,2022-07-17 16:00:00
2022,7.0,17.0,17.0,81.72,75.49,2022-07-17 17:00:00
2022,7.0,17.0,18.0,88.04,76.92,2022-07-17 18:00:00
2022,7.0,17.0,19.0,93.96,90.56,2022-07-17 19:00:00
2022,7.0,17.0,20.0,101.7,101.7,2022-07-17 20:00:00
2022,7.0,17.0,21.0,141.62,141.62,2022-07-17 21:00:00
2022,7.0,17.0,22.0,166.03,166.03,2022-07-17 22:00:00
2022,7.0,17.0,23.0,179.27,179.27,2022-07-17 23:00:00
2022,7.0,17.0,24.0,160.74,160.74,2022-07-18 00:00:00
2022,7.0,18.0,1.0,142.98,142.98,2022-07-18 01:00:00
2022,7.0,18.0,2.0,112.9,112.9,2022-07-18 02:00:00
2022,7.0,18.0,3.0,111.04,111.04,2022-07-18 03:00:00
2022,7.0,18.0,4.0,110.67,110.67,2022-07-18 04:00:00
2022,7.0,18.0,5.0,111.4,111.4,2022-07-18 05:00:00
2022,7.0,18.0,6.0,112.78,112.78,2022-07-18 06:00:00
2022,7.0,18.0,7.0,130.0,130.0,2022-07-18 07:00:00
2022,7.0,18.0,8.0,149.11,149.11,2022-07-18 08:00:00
2022,7.0,18.0,9.0,150.0,150.0,2022-07-18 09:00:00
2022,7.0,18.0,10.0,147.09,147.09,2022-07-18 10:00:00
2022,7.0,18.0,11.0,131.0,131.0,2022-07-18 11:00:00
2022,7.0,18.0,12.0,112.78,112.78,2022-07-18 12:00:00
2022,7.0,18.0,13.0,112.28,112.28,2022-07-18 13:00:00
2022,7.0,18.0,14.0,111.78,111.78,2022-07-18 14:00:00
2022,7.0,18.0,15.0,104.76,104.76,2022-07-18 15:00:00
2022,7.0,18.0,16.0,95.0,95.0,2022-07-18 16:00:00
2022,7.0,18.0,17.0,95.0,95.0,2022-07-18 17:00:00
2022,7.0,18.0,18.0,91.27,91.27,2022-07-18 18:00:00
2022,7.0,18.0,19.0,100.0,100.0,2022-07-18 19:00:00
2022,7.0,18.0,20.0,100.0,100.0,2022-07-18 20:00:00
2022,7.0,18.0,21.0,110.05,110.05,2022-07-18 21:00:00
2022,7.0,18.0,22.0,112.48,112.48,2022-07-18 22:00:00
2022,7.0,18.0,23.0,112.9,112.9,2022-07-18 23:00:00
2022,7.0,18.0,24.0,111.16,111.16,2022-07-19 00:00:00
2022,7.0,19.0,1.0,150.01,150.01,2022-07-19 01:00:00
2022,7.0,19.0,2.0,132.11,132.11,2022-07-19 02:00:00
2022,7.0,19.0,3.0,125.0,125.0,2022-07-19 03:00:00
2022,7.0,19.0,4.0,118.49,118.49,2022-07-19 04:00:00
2022,7.0,19.0,5.0,130.09,130.09,2022-07-19 05:00:00
2022,7.0,19.0,6.0,131.83,131.83,2022-07-19 06:00:00
2022,7.0,19.0,7.0,139.51,139.51,2022-07-19 07:00:00
2022,7.0,19.0,8.0,153.58,153.58,2022-07-19 08:00:00
2022,7.0,19.0,9.0,153.58,153.58,2022-07-19 09:00:00
2022,7.0,19.0,10.0,148.81,148.81,2022-07-19 10:00:00
2022,7.0,19.0,11.0,139.0,139.0,2022-07-19 11:00:00
2022,7.0,19.0,12.0,134.0,134.0,2022-07-19 12:00:00
2022,7.0,19.0,13.0,136.36,136.36,2022-07-19 13:00:00
2022,7.0,19.0,14.0,135.86,135.86,2022-07-19 14:00:00
2022,7.0,19.0,15.0,130.6,130.6,2022-07-19 15:00:00
2022,7.0,19.0,16.0,120.0,120.0,2022-07-19 16:00:00
2022,7.0,19.0,17.0,123.71,123.71,2022-07-19 17:00:00
2022,7.0,19.0,18.0,125.69,125.69,2022-07-19 18:00:00
2022,7.0,19.0,19.0,133.75,133.75,2022-07-19 19:00:00
2022,7.0,19.0,20.0,148.3,148.3,2022-07-19 20:00:00
2022,7.0,19.0,21.0,167.9,167.9,2022-07-19 21:00:00
2022,7.0,19.0,22.0,180.0,180.0,2022-07-19 22:00:00
2022,7.0,19.0,23.0,182.49,182.49,2022-07-19 23:00:00
2022,7.0,19.0,24.0,175.82,175.82,2022-07-20 00:00:00
2022,7.0,20.0,1.0,153.93,153.93,2022-07-20 01:00:00
2022,7.0,20.0,2.0,149.6,149.6,2022-07-20 02:00:00
2022,7.0,20.0,3.0,143.84,143.84,2022-07-20 03:00:00
2022,7.0,20.0,4.0,149.09,149.09,2022-07-20 04:00:00
2022,7.0,20.0,5.0,146.22,146.22,2022-07-20 05:00:00
2022,7.0,20.0,6.0,149.6,149.6,2022-07-20 06:00:00
2022,7.0,20.0,7.0,149.61,149.61,2022-07-20 07:00:00
2022,7.0,20.0,8.0,149.61,149.61,2022-07-20 08:00:00
2022,7.0,20.0,9.0,149.6,149.6,2022-07-20 09:00:00
2022,7.0,20.0,10.0,140.72,140.72,2022-07-20 10:00:00
2022,7.0,20.0,11.0,138.44,138.44,2022-07-20 11:00:00
2022,7.0,20.0,12.0,140.52,140.52,2022-07-20 12:00:00
2022,7.0,20.0,13.0,150.0,150.0,2022-07-20 13:00:00
2022,7.0,20.0,14.0,153.58,153.58,2022-07-20 14:00:00
2022,7.0,20.0,15.0,151.29,151.29,2022-07-20 15:00:00
2022,7.0,20.0,16.0,153.29,153.29,2022-07-20 16:00:00
2022,7.0,20.0,17.0,149.61,149.61,2022-07-20 17:00:00
2022,7.0,20.0,18.0,140.42,140.42,2022-07-20 18:00:00
2022,7.0,20.0,19.0,137.47,137.47,2022-07-20 19:00:00
2022,7.0,20.0,20.0,140.42,140.42,2022-07-20 20:00:00
2022,7.0,20.0,21.0,151.11,151.11,2022-07-20 21:00:00
2022,7.0,20.0,22.0,154.35,154.35,2022-07-20 22:00:00
2022,7.0,20.0,23.0,153.58,153.58,2022-07-20 23:00:00
2022,7.0,20.0,24.0,145.0,145.0,2022-07-21 00:00:00
2022,7.0,21.0,1.0,142.9,142.9,2022-07-21 01:00:00
2022,7.0,21.0,2.0,136.5,136.5,2022-07-21 02:00:00
2022,7.0,21.0,3.0,119.91,119.91,2022-07-21 03:00:00
2022,7.0,21.0,4.0,111.25,111.25,2022-07-21 04:00:00
2022,7.0,21.0,5.0,115.0,115.0,2022-07-21 05:00:00
2022,7.0,21.0,6.0,129.64,129.64,2022-07-21 06:00:00
2022,7.0,21.0,7.0,142.9,142.9,2022-07-21 07:00:00
2022,7.0,21.0,8.0,150.11,150.11,2022-07-21 08:00:00
2022,7.0,21.0,9.0,149.7,149.7,2022-07-21 09:00:00
2022,7.0,21.0,10.0,145.0,145.0,2022-07-21 10:00:00
2022,7.0,21.0,11.0,141.96,141.96,2022-07-21 11:00:00
2022,7.0,21.0,12.0,139.51,136.08,2022-07-21 12:00:00
2022,7.0,21.0,13.0,150.5,142.9,2022-07-21 13:00:00
2022,7.0,21.0,14.0,143.11,143.11,2022-07-21 14:00:00
2022,7.0,21.0,15.0,137.09,137.09,2022-07-21 15:00:00
2022,7.0,21.0,16.0,137.19,137.19,2022-07-21 16:00:00
2022,7.0,21.0,17.0,143.18,137.29,2022-07-21 17:00:00
2022,7.0,21.0,18.0,148.09,135.77,2022-07-21 18:00:00
2022,7.0,21.0,19.0,148.09,136.08,2022-07-21 19:00:00
2022,7.0,21.0,20.0,142.9,142.9,2022-07-21 20:00:00
2022,7.0,21.0,21.0,148.6,148.6,2022-07-21 21:00:00
2022,7.0,21.0,22.0,151.06,151.06,2022-07-21 22:00:00
2022,7.0,21.0,23.0,151.22,151.22,2022-07-21 23:00:00
2022,7.0,21.0,24.0,148.09,148.09,2022-07-22 00:00:00
2022,7.0,22.0,1.0,148.09,148.09,2022-07-22 01:00:00
2022,7.0,22.0,2.0,140.17,140.17,2022-07-22 02:00:00
2022,7.0,22.0,3.0,121.38,121.38,2022-07-22 03:00:00
2022,7.0,22.0,4.0,120.0,120.0,2022-07-22 04:00:00
2022,7.0,22.0,5.0,120.38,120.38,2022-07-22 05:00:00
2022,7.0,22.0,6.0,132.6,132.6,2022-07-22 06:00:00
2022,7.0,22.0,7.0,146.88,146.88,2022-07-22 07:00:00
2022,7.0,22.0,8.0,148.18,148.18,2022-07-22 08:00:00
2022,7.0,22.0,9.0,148.09,148.09,2022-07-22 09:00:00
2022,7.0,22.0,10.0,145.52,145.52,2022-07-22 10:00:00
2022,7.0,22.0,11.0,146.88,146.88,2022-07-22 11:00:00
2022,7.0,22.0,12.0,145.01,145.01,2022-07-22 12:00:00
2022,7.0,22.0,13.0,146.88,146.88,2022-07-22 13:00:00
2022,7.0,22.0,14.0,145.52,145.52,2022-07-22 14:00:00
2022,7.0,22.0,15.0,133.11,133.11,2022-07-22 15:00:00
2022,7.0,22.0,16.0,128.0,128.0,2022-07-22 16:00:00
2022,7.0,22.0,17.0,120.0,120.0,2022-07-22 17:00:00
2022,7.0,22.0,18.0,115.7,115.7,2022-07-22 18:00:00
2022,7.0,22.0,19.0,110.1,110.1,2022-07-22 19:00:00
2022,7.0,22.0,20.0,110.99,110.99,2022-07-22 20:00:00
2022,7.0,22.0,21.0,130.0,130.0,2022-07-22 21:00:00
2022,7.0,22.0,22.0,139.13,139.13,2022-07-22 22:00:00
2022,7.0,22.0,23.0,140.0,140.0,2022-07-22 23:00:00
2022,7.0,22.0,24.0,120.25,120.25,2022-07-23 00:00:00
2022,7.0,23.0,1.0,157.49,157.49,2022-07-23 01:00:00
2022,7.0,23.0,2.0,150.84,150.84,2022-07-23 02:00:00
2022,7.0,23.0,3.0,146.48,146.48,2022-07-23 03:00:00
2022,7.0,23.0,4.0,145.47,145.47,2022-07-23 04:00:00
2022,7.0,23.0,5.0,145.47,145.47,2022-07-23 05:00:00
2022,7.0,23.0,6.0,145.47,145.47,2022-07-23 06:00:00
2022,7.0,23.0,7.0,145.98,145.98,2022-07-23 07:00:00
2022,7.0,23.0,8.0,146.48,146.48,2022-07-23 08:00:00
2022,7.0,23.0,9.0,145.98,145.98,2022-07-23 09:00:00
2022,7.0,23.0,10.0,145.07,145.07,2022-07-23 10:00:00
2022,7.0,23.0,11.0,145.47,140.37,2022-07-23 11:00:00
2022,7.0,23.0,12.0,145.98,145.98,2022-07-23 12:00:00
2022,7.0,23.0,13.0,147.09,147.09,2022-07-23 13:00:00
2022,7.0,23.0,14.0,149.25,149.25,2022-07-23 14:00:00
2022,7.0,23.0,15.0,147.01,147.01,2022-07-23 15:00:00
2022,7.0,23.0,16.0,145.47,145.47,2022-07-23 16:00:00
2022,7.0,23.0,17.0,139.97,139.97,2022-07-23 17:00:00
2022,7.0,23.0,18.0,139.87,139.87,2022-07-23 18:00:00
2022,7.0,23.0,19.0,146.48,146.48,2022-07-23 19:00:00
2022,7.0,23.0,20.0,160.0,160.0,2022-07-23 20:00:00
2022,7.0,23.0,21.0,178.29,178.29,2022-07-23 21:00:00
2022,7.0,23.0,22.0,215.0,215.0,2022-07-23 22:00:00
2022,7.0,23.0,23.0,221.1,221.1,2022-07-23 23:00:00
2022,7.0,23.0,24.0,193.14,193.14,2022-07-24 00:00:00
2022,7.0,24.0,1.0,168.0,168.0,2022-07-24 01:00:00
2022,7.0,24.0,2.0,166.55,166.55,2022-07-24 02:00:00
2022,7.0,24.0,3.0,160.5,160.5,2022-07-24 03:00:00
2022,7.0,24.0,4.0,158.34,158.34,2022-07-24 04:00:00
2022,7.0,24.0,5.0,159.9,159.9,2022-07-24 05:00:00
2022,7.0,24.0,6.0,159.9,159.9,2022-07-24 06:00:00
2022,7.0,24.0,7.0,156.93,156.93,2022-07-24 07:00:00
2022,7.0,24.0,8.0,144.3,144.3,2022-07-24 08:00:00
2022,7.0,24.0,9.0,124.2,124.2,2022-07-24 09:00:00
2022,7.0,24.0,10.0,119.47,118.57,2022-07-24 10:00:00
2022,7.0,24.0,11.0,119.47,110.0,2022-07-24 11:00:00
2022,7.0,24.0,12.0,119.57,109.79,2022-07-24 12:00:00
2022,7.0,24.0,13.0,119.57,115.64,2022-07-24 13:00:00
2022,7.0,24.0,14.0,119.47,117.47,2022-07-24 14:00:00
2022,7.0,24.0,15.0,119.37,114.99,2022-07-24 15:00:00
2022,7.0,24.0,16.0,119.37,104.03,2022-07-24 16:00:00
2022,7.0,24.0,17.0,115.3,98.97,2022-07-24 17:00:00
2022,7.0,24.0,18.0,115.3,91.47,2022-07-24 18:00:00
2022,7.0,24.0,19.0,119.37,102.06,2022-07-24 19:00:00
2022,7.0,24.0,20.0,119.57,119.57,2022-07-24 20:00:00
2022,7.0,24.0,21.0,150.84,150.84,2022-07-24 21:00:00
2022,7.0,24.0,22.0,168.64,168.64,2022-07-24 22:00:00
2022,7.0,24.0,23.0,192.01,192.01,2022-07-24 23:00:00
2022,7.0,24.0,24.0,175.0,175.0,2022-07-25 00:00:00
2022,7.0,25.0,1.0,186.58,186.58,2022-07-25 01:00:00
2022,7.0,25.0,2.0,173.54,173.54,2022-07-25 02:00:00
2022,7.0,25.0,3.0,165.0,165.0,2022-07-25 03:00:00
2022,7.0,25.0,4.0,160.26,160.26,2022-07-25 04:00:00
2022,7.0,25.0,5.0,160.04,160.04,2022-07-25 05:00:00
2022,7.0,25.0,6.0,163.44,163.44,2022-07-25 06:00:00
2022,7.0,25.0,7.0,163.44,163.44,2022-07-25 07:00:00
2022,7.0,25.0,8.0,170.26,170.26,2022-07-25 08:00:00
2022,7.0,25.0,9.0,172.26,172.26,2022-07-25 09:00:00
2022,7.0,25.0,10.0,168.64,168.64,2022-07-25 10:00:00
2022,7.0,25.0,11.0,164.76,164.76,2022-07-25 11:00:00
2022,7.0,25.0,12.0,161.44,161.44,2022-07-25 12:00:00
2022,7.0,25.0,13.0,161.62,161.62,2022-07-25 13:00:00
2022,7.0,25.0,14.0,161.62,161.62,2022-07-25 14:00:00
2022,7.0,25.0,15.0,155.13,155.13,2022-07-25 15:00:00
2022,7.0,25.0,16.0,148.0,148.0,2022-07-25 16:00:00
2022,7.0,25.0,17.0,127.46,127.46,2022-07-25 17:00:00
2022,7.0,25.0,18.0,125.56,125.56,2022-07-25 18:00:00
2022,7.0,25.0,19.0,125.12,125.12,2022-07-25 19:00:00
2022,7.0,25.0,20.0,127.56,127.56,2022-07-25 20:00:00
2022,7.0,25.0,21.0,160.0,160.0,2022-07-25 21:00:00
2022,7.0,25.0,22.0,164.2,164.2,2022-07-25 22:00:00
2022,7.0,25.0,23.0,166.41,166.41,2022-07-25 23:00:00
2022,7.0,25.0,24.0,160.14,160.14,2022-07-26 00:00:00
2022,7.0,26.0,1.0,144.03,144.03,2022-07-26 01:00:00
2022,7.0,26.0,2.0,134.0,134.0,2022-07-26 02:00:00
2022,7.0,26.0,3.0,125.12,125.12,2022-07-26 03:00:00
2022,7.0,26.0,4.0,125.1,125.1,2022-07-26 04:00:00
2022,7.0,26.0,5.0,125.1,125.1,2022-07-26 05:00:00
2022,7.0,26.0,6.0,128.0,128.0,2022-07-26 06:00:00
2022,7.0,26.0,7.0,144.34,144.34,2022-07-26 07:00:00
2022,7.0,26.0,8.0,154.18,154.18,2022-07-26 08:00:00
2022,7.0,26.0,9.0,158.0,158.0,2022-07-26 09:00:00
2022,7.0,26.0,10.0,148.02,148.02,2022-07-26 10:00:00
2022,7.0,26.0,11.0,155.13,146.03,2022-07-26 11:00:00
2022,7.0,26.0,12.0,152.46,152.46,2022-07-26 12:00:00
2022,7.0,26.0,13.0,162.87,162.87,2022-07-26 13:00:00
2022,7.0,26.0,14.0,165.0,165.0,2022-07-26 14:00:00
2022,7.0,26.0,15.0,160.04,160.04,2022-07-26 15:00:00
2022,7.0,26.0,16.0,150.99,150.99,2022-07-26 16:00:00
2022,7.0,26.0,17.0,140.99,140.99,2022-07-26 17:00:00
2022,7.0,26.0,18.0,134.0,134.0,2022-07-26 18:00:00
2022,7.0,26.0,19.0,126.17,126.17,2022-07-26 19:00:00
2022,7.0,26.0,20.0,136.01,136.01,2022-07-26 20:00:00
2022,7.0,26.0,21.0,154.35,154.35,2022-07-26 21:00:00
2022,7.0,26.0,22.0,160.74,160.74,2022-07-26 22:00:00
2022,7.0,26.0,23.0,165.0,165.0,2022-07-26 23:00:00
2022,7.0,26.0,24.0,155.0,155.0,2022-07-27 00:00:00
2022,7.0,27.0,1.0,145.89,145.89,2022-07-27 01:00:00
2022,7.0,27.0,2.0,138.05,138.05,2022-07-27 02:00:00
2022,7.0,27.0,3.0,130.0,130.0,2022-07-27 03:00:00
2022,7.0,27.0,4.0,125.12,125.12,2022-07-27 04:00:00
2022,7.0,27.0,5.0,127.02,127.02,2022-07-27 05:00:00
2022,7.0,27.0,6.0,136.07,136.07,2022-07-27 06:00:00
2022,7.0,27.0,7.0,141.94,141.94,2022-07-27 07:00:00
2022,7.0,27.0,8.0,156.3,156.3,2022-07-27 08:00:00
2022,7.0,27.0,9.0,160.13,160.13,2022-07-27 09:00:00
2022,7.0,27.0,10.0,151.64,151.64,2022-07-27 10:00:00
2022,7.0,27.0,11.0,140.63,140.63,2022-07-27 11:00:00
2022,7.0,27.0,12.0,141.94,141.94,2022-07-27 12:00:00
2022,7.0,27.0,13.0,153.33,153.33,2022-07-27 13:00:00
2022,7.0,27.0,14.0,159.21,159.21,2022-07-27 14:00:00
2022,7.0,27.0,15.0,155.13,155.13,2022-07-27 15:00:00
2022,7.0,27.0,16.0,157.93,157.93,2022-07-27 16:00:00
2022,7.0,27.0,17.0,153.6,153.6,2022-07-27 17:00:00
2022,7.0,27.0,18.0,151.64,151.64,2022-07-27 18:00:00
2022,7.0,27.0,19.0,140.83,140.83,2022-07-27 19:00:00
2022,7.0,27.0,20.0,151.74,151.74,2022-07-27 20:00:00
2022,7.0,27.0,21.0,160.14,160.14,2022-07-27 21:00:00
2022,7.0,27.0,22.0,164.2,164.2,2022-07-27 22:00:00
2022,7.0,27.0,23.0,162.26,162.26,2022-07-27 23:00:00
2022,7.0,27.0,24.0,153.33,153.33,2022-07-28 00:00:00
2022,7.0,28.0,1.0,180.0,180.0,2022-07-28 01:00:00
2022,7.0,28.0,2.0,176.07,176.07,2022-07-28 02:00:00
2022,7.0,28.0,3.0,170.0,170.0,2022-07-28 03:00:00
2022,7.0,28.0,4.0,165.0,165.0,2022-07-28 04:00:00
2022,7.0,28.0,5.0,165.45,165.45,2022-07-28 05:00:00
2022,7.0,28.0,6.0,170.0,170.0,2022-07-28 06:00:00
2022,7.0,28.0,7.0,175.0,175.0,2022-07-28 07:00:00
2022,7.0,28.0,8.0,178.19,178.19,2022-07-28 08:00:00
2022,7.0,28.0,9.0,179.0,179.0,2022-07-28 09:00:00
2022,7.0,28.0,10.0,170.0,170.0,2022-07-28 10:00:00
2022,7.0,28.0,11.0,165.45,165.45,2022-07-28 11:00:00
2022,7.0,28.0,12.0,167.37,167.37,2022-07-28 12:00:00
2022,7.0,28.0,13.0,177.58,177.58,2022-07-28 13:00:00
2022,7.0,28.0,14.0,177.58,177.58,2022-07-28 14:00:00
2022,7.0,28.0,15.0,168.18,168.18,2022-07-28 15:00:00
2022,7.0,28.0,16.0,162.76,162.76,2022-07-28 16:00:00
2022,7.0,28.0,17.0,160.52,160.52,2022-07-28 17:00:00
2022,7.0,28.0,18.0,159.27,159.27,2022-07-28 18:00:00
2022,7.0,28.0,19.0,151.17,151.17,2022-07-28 19:00:00
2022,7.0,28.0,20.0,159.61,159.61,2022-07-28 20:00:00
2022,7.0,28.0,21.0,175.0,175.0,2022-07-28 21:00:00
2022,7.0,28.0,22.0,178.09,178.09,2022-07-28 22:00:00
2022,7.0,28.0,23.0,177.58,177.58,2022-07-28 23:00:00
2022,7.0,28.0,24.0,167.77,167.77,2022-07-29 00:00:00
2022,7.0,29.0,1.0,161.0,161.0,2022-07-29 01:00:00
2022,7.0,29.0,2.0,150.29,150.29,2022-07-29 02:00:00
2022,7.0,29.0,3.0,142.81,142.81,2022-07-29 03:00:00
2022,7.0,29.0,4.0,138.51,138.51,2022-07-29 04:00:00
2022,7.0,29.0,5.0,139.01,139.01,2022-07-29 05:00:00
2022,7.0,29.0,6.0,142.91,142.91,2022-07-29 06:00:00
2022,7.0,29.0,7.0,145.54,145.54,2022-07-29 07:00:00
2022,7.0,29.0,8.0,150.29,150.29,2022-07-29 08:00:00
2022,7.0,29.0,9.0,150.29,150.29,2022-07-29 09:00:00
2022,7.0,29.0,10.0,139.01,139.01,2022-07-29 10:00:00
2022,7.0,29.0,11.0,135.34,135.34,2022-07-29 11:00:00
2022,7.0,29.0,12.0,135.34,135.34,2022-07-29 12:00:00
2022,7.0,29.0,13.0,145.85,145.85,2022-07-29 13:00:00
2022,7.0,29.0,14.0,148.02,148.02,2022-07-29 14:00:00
2022,7.0,29.0,15.0,141.01,141.01,2022-07-29 15:00:00
2022,7.0,29.0,16.0,135.95,135.95,2022-07-29 16:00:00
2022,7.0,29.0,17.0,132.91,132.91,2022-07-29 17:00:00
2022,7.0,29.0,18.0,120.51,120.51,2022-07-29 18:00:00
2022,7.0,29.0,19.0,119.0,119.0,2022-07-29 19:00:00
2022,7.0,29.0,20.0,133.01,133.01,2022-07-29 20:00:00
2022,7.0,29.0,21.0,153.33,153.33,2022-07-29 21:00:00
2022,7.0,29.0,22.0,156.93,156.93,2022-07-29 22:00:00
2022,7.0,29.0,23.0,150.29,150.29,2022-07-29 23:00:00
2022,7.0,29.0,24.0,129.0,129.0,2022-07-30 00:00:00
2022,7.0,30.0,1.0,163.78,163.78,2022-07-30 01:00:00
2022,7.0,30.0,2.0,155.69,155.69,2022-07-30 02:00:00
2022,7.0,30.0,3.0,148.55,148.55,2022-07-30 03:00:00
2022,7.0,30.0,4.0,139.01,139.01,2022-07-30 04:00:00
2022,7.0,30.0,5.0,120.99,120.99,2022-07-30 05:00:00
2022,7.0,30.0,6.0,120.12,120.12,2022-07-30 06:00:00
2022,7.0,30.0,7.0,120.12,120.12,2022-07-30 07:00:00
2022,7.0,30.0,8.0,117.6,117.6,2022-07-30 08:00:00
2022,7.0,30.0,9.0,116.8,116.8,2022-07-30 09:00:00
2022,7.0,30.0,10.0,114.8,114.8,2022-07-30 10:00:00
2022,7.0,30.0,11.0,114.3,114.3,2022-07-30 11:00:00
2022,7.0,30.0,12.0,115.0,115.0,2022-07-30 12:00:00
2022,7.0,30.0,13.0,116.8,116.8,2022-07-30 13:00:00
2022,7.0,30.0,14.0,120.12,120.12,2022-07-30 14:00:00
2022,7.0,30.0,15.0,120.12,120.12,2022-07-30 15:00:00
2022,7.0,30.0,16.0,120.12,120.12,2022-07-30 16:00:00
2022,7.0,30.0,17.0,120.0,120.0,2022-07-30 17:00:00
2022,7.0,30.0,18.0,116.9,116.9,2022-07-30 18:00:00
2022,7.0,30.0,19.0,120.12,120.12,2022-07-30 19:00:00
2022,7.0,30.0,20.0,142.78,142.78,2022-07-30 20:00:00
2022,7.0,30.0,21.0,148.0,148.0,2022-07-30 21:00:00
2022,7.0,30.0,22.0,149.29,149.29,2022-07-30 22:00:00
2022,7.0,30.0,23.0,150.0,150.0,2022-07-30 23:00:00
2022,7.0,30.0,24.0,148.46,148.46,2022-07-31 00:00:00
2022,7.0,31.0,1.0,121.17,121.17,2022-07-31 01:00:00
2022,7.0,31.0,2.0,115.99,115.99,2022-07-31 02:00:00
2022,7.0,31.0,3.0,106.99,106.99,2022-07-31 03:00:00
2022,7.0,31.0,4.0,100.9,100.9,2022-07-31 04:00:00
2022,7.0,31.0,5.0,108.17,108.17,2022-07-31 05:00:00
2022,7.0,31.0,6.0,110.0,110.0,2022-07-31 06:00:00
2022,7.0,31.0,7.0,111.14,111.14,2022-07-31 07:00:00
2022,7.0,31.0,8.0,106.99,106.99,2022-07-31 08:00:00
2022,7.0,31.0,9.0,95.0,95.0,2022-07-31 09:00:00
2022,7.0,31.0,10.0,90.87,90.87,2022-07-31 10:00:00
2022,7.0,31.0,11.0,85.62,80.0,2022-07-31 11:00:00
2022,7.0,31.0,12.0,93.11,80.58,2022-07-31 12:00:00
2022,7.0,31.0,13.0,93.11,91.48,2022-07-31 13:00:00
2022,7.0,31.0,14.0,100.12,95.0,2022-07-31 14:00:00
2022,7.0,31.0,15.0,103.0,103.0,2022-07-31 15:00:00
2022,7.0,31.0,16.0,104.48,104.48,2022-07-31 16:00:00
2022,7.0,31.0,17.0,101.98,101.98,2022-07-31 17:00:00
2022,7.0,31.0,18.0,100.12,99.98,2022-07-31 18:00:00
2022,7.0,31.0,19.0,108.17,108.17,2022-07-31 19:00:00
2022,7.0,31.0,20.0,117.48,117.48,2022-07-31 20:00:00
2022,7.0,31.0,21.0,152.16,152.16,2022-07-31 21:00:00
2022,7.0,31.0,22.0,165.0,165.0,2022-07-31 22:00:00
2022,7.0,31.0,23.0,183.03,183.03,2022-07-31 23:00:00
2022,7.0,31.0,24.0,164.64,164.64,2022-08-01 00:00:00
2022,8.0,1.0,1.0,157.48,157.48,2022-08-01 01:00:00
2022,8.0,1.0,2.0,153.33,153.33,2022-08-01 02:00:00
2022,8.0,1.0,3.0,150.15,150.15,2022-08-01 03:00:00
2022,8.0,1.0,4.0,148.02,148.02,2022-08-01 04:00:00
2022,8.0,1.0,5.0,147.39,147.39,2022-08-01 05:00:00
2022,8.0,1.0,6.0,150.15,150.15,2022-08-01 06:00:00
2022,8.0,1.0,7.0,150.15,150.15,2022-08-01 07:00:00
2022,8.0,1.0,8.0,148.0,148.0,2022-08-01 08:00:00
2022,8.0,1.0,9.0,150.15,150.15,2022-08-01 09:00:00
2022,8.0,1.0,10.0,145.13,145.13,2022-08-01 10:00:00
2022,8.0,1.0,11.0,124.99,123.72,2022-08-01 11:00:00
2022,8.0,1.0,12.0,139.01,125.0,2022-08-01 12:00:00
2022,8.0,1.0,13.0,145.13,130.0,2022-08-01 13:00:00
2022,8.0,1.0,14.0,140.65,140.65,2022-08-01 14:00:00
2022,8.0,1.0,15.0,144.78,144.78,2022-08-01 15:00:00
2022,8.0,1.0,16.0,142.01,142.01,2022-08-01 16:00:00
2022,8.0,1.0,17.0,140.13,140.13,2022-08-01 17:00:00
2022,8.0,1.0,18.0,147.39,147.39,2022-08-01 18:00:00
2022,8.0,1.0,19.0,148.0,148.0,2022-08-01 19:00:00
2022,8.0,1.0,20.0,153.33,153.33,2022-08-01 20:00:00
2022,8.0,1.0,21.0,159.43,159.43,2022-08-01 21:00:00
2022,8.0,1.0,22.0,165.09,165.09,2022-08-01 22:00:00
2022,8.0,1.0,23.0,165.0,165.0,2022-08-01 23:00:00
2022,8.0,1.0,24.0,153.95,153.95,2022-08-02 00:00:00
2022,8.0,2.0,1.0,156.43,156.43,2022-08-02 01:00:00
2022,8.0,2.0,2.0,151.81,151.81,2022-08-02 02:00:00
2022,8.0,2.0,3.0,145.0,145.0,2022-08-02 03:00:00
2022,8.0,2.0,4.0,144.78,144.78,2022-08-02 04:00:00
2022,8.0,2.0,5.0,149.65,149.65,2022-08-02 05:00:00
2022,8.0,2.0,6.0,153.33,153.33,2022-08-02 06:00:00
2022,8.0,2.0,7.0,154.43,154.43,2022-08-02 07:00:00
2022,8.0,2.0,8.0,152.62,152.62,2022-08-02 08:00:00
2022,8.0,2.0,9.0,151.81,151.81,2022-08-02 09:00:00
2022,8.0,2.0,10.0,147.0,147.0,2022-08-02 10:00:00
2022,8.0,2.0,11.0,130.0,130.0,2022-08-02 11:00:00
2022,8.0,2.0,12.0,129.0,129.0,2022-08-02 12:00:00
2022,8.0,2.0,13.0,131.07,131.07,2022-08-02 13:00:00
2022,8.0,2.0,14.0,140.0,140.0,2022-08-02 14:00:00
2022,8.0,2.0,15.0,146.63,146.63,2022-08-02 15:00:00
2022,8.0,2.0,16.0,147.13,147.13,2022-08-02 16:00:00
2022,8.0,2.0,17.0,147.39,147.39,2022-08-02 17:00:00
2022,8.0,2.0,18.0,149.65,149.65,2022-08-02 18:00:00
2022,8.0,2.0,19.0,152.13,152.13,2022-08-02 19:00:00
2022,8.0,2.0,20.0,161.57,161.57,2022-08-02 20:00:00
2022,8.0,2.0,21.0,170.0,170.0,2022-08-02 21:00:00
2022,8.0,2.0,22.0,180.0,180.0,2022-08-02 22:00:00
2022,8.0,2.0,23.0,175.0,175.0,2022-08-02 23:00:00
2022,8.0,2.0,24.0,164.63,164.63,2022-08-03 00:00:00
2022,8.0,3.0,1.0,169.67,169.67,2022-08-03 01:00:00
2022,8.0,3.0,2.0,161.0,161.0,2022-08-03 02:00:00
2022,8.0,3.0,3.0,153.15,153.15,2022-08-03 03:00:00
2022,8.0,3.0,4.0,147.0,147.0,2022-08-03 04:00:00
2022,8.0,3.0,5.0,144.56,144.56,2022-08-03 05:00:00
2022,8.0,3.0,6.0,149.01,149.01,2022-08-03 06:00:00
2022,8.0,3.0,7.0,155.0,155.0,2022-08-03 07:00:00
2022,8.0,3.0,8.0,162.06,162.06,2022-08-03 08:00:00
2022,8.0,3.0,9.0,162.06,162.06,2022-08-03 09:00:00
2022,8.0,3.0,10.0,151.15,151.15,2022-08-03 10:00:00
2022,8.0,3.0,11.0,132.0,132.0,2022-08-03 11:00:00
2022,8.0,3.0,12.0,127.65,127.65,2022-08-03 12:00:00
2022,8.0,3.0,13.0,133.66,133.66,2022-08-03 13:00:00
2022,8.0,3.0,14.0,127.65,127.65,2022-08-03 14:00:00
2022,8.0,3.0,15.0,129.0,129.0,2022-08-03 15:00:00
2022,8.0,3.0,16.0,126.0,126.0,2022-08-03 16:00:00
2022,8.0,3.0,17.0,126.0,126.0,2022-08-03 17:00:00
2022,8.0,3.0,18.0,129.0,129.0,2022-08-03 18:00:00
2022,8.0,3.0,19.0,131.04,131.04,2022-08-03 19:00:00
2022,8.0,3.0,20.0,151.56,151.56,2022-08-03 20:00:00
2022,8.0,3.0,21.0,168.0,168.0,2022-08-03 21:00:00
2022,8.0,3.0,22.0,176.0,176.0,2022-08-03 22:00:00
2022,8.0,3.0,23.0,172.23,172.23,2022-08-03 23:00:00
2022,8.0,3.0,24.0,163.95,163.95,2022-08-04 00:00:00
2022,8.0,4.0,1.0,170.0,170.0,2022-08-04 01:00:00
2022,8.0,4.0,2.0,160.92,160.92,2022-08-04 02:00:00
2022,8.0,4.0,3.0,152.3,152.3,2022-08-04 03:00:00
2022,8.0,4.0,4.0,144.0,144.0,2022-08-04 04:00:00
2022,8.0,4.0,5.0,140.0,140.0,2022-08-04 05:00:00
2022,8.0,4.0,6.0,148.95,148.95,2022-08-04 06:00:00
2022,8.0,4.0,7.0,150.0,150.0,2022-08-04 07:00:00
2022,8.0,4.0,8.0,160.0,160.0,2022-08-04 08:00:00
2022,8.0,4.0,9.0,160.0,160.0,2022-08-04 09:00:00
2022,8.0,4.0,10.0,150.0,150.0,2022-08-04 10:00:00
2022,8.0,4.0,11.0,147.09,147.09,2022-08-04 11:00:00
2022,8.0,4.0,12.0,147.09,147.09,2022-08-04 12:00:00
2022,8.0,4.0,13.0,147.09,147.09,2022-08-04 13:00:00
2022,8.0,4.0,14.0,145.5,145.5,2022-08-04 14:00:00
2022,8.0,4.0,15.0,136.01,136.01,2022-08-04 15:00:00
2022,8.0,4.0,16.0,130.0,130.0,2022-08-04 16:00:00
2022,8.0,4.0,17.0,125.0,125.0,2022-08-04 17:00:00
2022,8.0,4.0,18.0,125.0,125.0,2022-08-04 18:00:00
2022,8.0,4.0,19.0,124.99,124.99,2022-08-04 19:00:00
2022,8.0,4.0,20.0,140.0,140.0,2022-08-04 20:00:00
2022,8.0,4.0,21.0,155.01,155.01,2022-08-04 21:00:00
2022,8.0,4.0,22.0,165.01,165.01,2022-08-04 22:00:00
2022,8.0,4.0,23.0,161.95,161.95,2022-08-04 23:00:00
2022,8.0,4.0,24.0,147.7,147.7,2022-08-05 00:00:00
2022,8.0,5.0,1.0,155.01,155.01,2022-08-05 01:00:00
2022,8.0,5.0,2.0,128.1,128.1,2022-08-05 02:00:00
2022,8.0,5.0,3.0,122.4,122.4,2022-08-05 03:00:00
2022,8.0,5.0,4.0,120.3,120.3,2022-08-05 04:00:00
2022,8.0,5.0,5.0,120.3,120.3,2022-08-05 05:00:00
2022,8.0,5.0,6.0,122.3,122.3,2022-08-05 06:00:00
2022,8.0,5.0,7.0,125.0,125.0,2022-08-05 07:00:00
2022,8.0,5.0,8.0,133.65,133.65,2022-08-05 08:00:00
2022,8.0,5.0,9.0,131.9,131.9,2022-08-05 09:00:00
2022,8.0,5.0,10.0,133.0,133.0,2022-08-05 10:00:00
2022,8.0,5.0,11.0,124.0,124.0,2022-08-05 11:00:00
2022,8.0,5.0,12.0,122.4,122.4,2022-08-05 12:00:00
2022,8.0,5.0,13.0,127.0,127.0,2022-08-05 13:00:00
2022,8.0,5.0,14.0,135.01,135.01,2022-08-05 14:00:00
2022,8.0,5.0,15.0,128.43,128.43,2022-08-05 15:00:00
2022,8.0,5.0,16.0,126.1,126.1,2022-08-05 16:00:00
2022,8.0,5.0,17.0,124.0,124.0,2022-08-05 17:00:00
2022,8.0,5.0,18.0,126.1,126.1,2022-08-05 18:00:00
2022,8.0,5.0,19.0,142.57,142.57,2022-08-05 19:00:00
2022,8.0,5.0,20.0,150.0,150.0,2022-08-05 20:00:00
2022,8.0,5.0,21.0,160.11,160.11,2022-08-05 21:00:00
2022,8.0,5.0,22.0,164.0,164.0,2022-08-05 22:00:00
2022,8.0,5.0,23.0,164.0,164.0,2022-08-05 23:00:00
2022,8.0,5.0,24.0,160.11,160.11,2022-08-06 00:00:00
2022,8.0,6.0,1.0,162.93,143.69,2022-08-06 01:00:00
2022,8.0,6.0,2.0,162.93,132.1,2022-08-06 02:00:00
2022,8.0,6.0,3.0,155.0,119.43,2022-08-06 03:00:00
2022,8.0,6.0,4.0,155.0,115.0,2022-08-06 04:00:00
2022,8.0,6.0,5.0,138.01,138.01,2022-08-06 05:00:00
2022,8.0,6.0,6.0,140.1,140.1,2022-08-06 06:00:00
2022,8.0,6.0,7.0,148.1,148.1,2022-08-06 07:00:00
2022,8.0,6.0,8.0,155.0,155.0,2022-08-06 08:00:00
2022,8.0,6.0,9.0,155.0,147.42,2022-08-06 09:00:00
2022,8.0,6.0,10.0,129.0,129.0,2022-08-06 10:00:00
2022,8.0,6.0,11.0,121.92,115.0,2022-08-06 11:00:00
2022,8.0,6.0,12.0,121.92,112.3,2022-08-06 12:00:00
2022,8.0,6.0,13.0,121.92,115.0,2022-08-06 13:00:00
2022,8.0,6.0,14.0,125.69,121.0,2022-08-06 14:00:00
2022,8.0,6.0,15.0,121.92,120.99,2022-08-06 15:00:00
2022,8.0,6.0,16.0,121.92,120.1,2022-08-06 16:00:00
2022,8.0,6.0,17.0,121.92,115.0,2022-08-06 17:00:00
2022,8.0,6.0,18.0,121.92,113.0,2022-08-06 18:00:00
2022,8.0,6.0,19.0,133.55,115.0,2022-08-06 19:00:00
2022,8.0,6.0,20.0,160.0,147.32,2022-08-06 20:00:00
2022,8.0,6.0,21.0,167.7,167.7,2022-08-06 21:00:00
2022,8.0,6.0,22.0,180.0,180.0,2022-08-06 22:00:00
2022,8.0,6.0,23.0,174.86,174.86,2022-08-06 23:00:00
2022,8.0,6.0,24.0,167.7,167.7,2022-08-07 00:00:00
2022,8.0,7.0,1.0,163.95,163.95,2022-08-07 01:00:00
2022,8.0,7.0,2.0,163.0,155.04,2022-08-07 02:00:00
2022,8.0,7.0,3.0,146.01,140.0,2022-08-07 03:00:00
2022,8.0,7.0,4.0,135.1,135.1,2022-08-07 04:00:00
2022,8.0,7.0,5.0,141.7,141.7,2022-08-07 05:00:00
2022,8.0,7.0,6.0,151.9,151.9,2022-08-07 06:00:00
2022,8.0,7.0,7.0,151.0,151.0,2022-08-07 07:00:00
2022,8.0,7.0,8.0,163.5,135.1,2022-08-07 08:00:00
2022,8.0,7.0,9.0,163.5,115.02,2022-08-07 09:00:00
2022,8.0,7.0,10.0,166.15,88.33,2022-08-07 10:00:00
2022,8.0,7.0,11.0,167.64,76.84,2022-08-07 11:00:00
2022,8.0,7.0,12.0,170.0,72.08,2022-08-07 12:00:00
2022,8.0,7.0,13.0,115.0,86.82,2022-08-07 13:00:00
2022,8.0,7.0,14.0,115.0,79.01,2022-08-07 14:00:00
2022,8.0,7.0,15.0,113.1,76.57,2022-08-07 15:00:00
2022,8.0,7.0,16.0,109.58,86.4,2022-08-07 16:00:00
2022,8.0,7.0,17.0,103.59,102.8,2022-08-07 17:00:00
2022,8.0,7.0,18.0,110.46,107.09,2022-08-07 18:00:00
2022,8.0,7.0,19.0,113.1,110.62,2022-08-07 19:00:00
2022,8.0,7.0,20.0,120.28,120.28,2022-08-07 20:00:00
2022,8.0,7.0,21.0,163.95,163.95,2022-08-07 21:00:00
2022,8.0,7.0,22.0,170.81,170.81,2022-08-07 22:00:00
2022,8.0,7.0,23.0,175.0,175.0,2022-08-07 23:00:00
2022,8.0,7.0,24.0,170.0,170.0,2022-08-08 00:00:00
2022,8.0,8.0,1.0,163.44,163.44,2022-08-08 01:00:00
2022,8.0,8.0,2.0,157.5,157.5,2022-08-08 02:00:00
2022,8.0,8.0,3.0,142.0,142.0,2022-08-08 03:00:00
2022,8.0,8.0,4.0,130.0,130.0,2022-08-08 04:00:00
2022,8.0,8.0,5.0,130.0,130.0,2022-08-08 05:00:00
2022,8.0,8.0,6.0,140.0,140.0,2022-08-08 06:00:00
2022,8.0,8.0,7.0,152.64,152.64,2022-08-08 07:00:00
2022,8.0,8.0,8.0,153.35,153.35,2022-08-08 08:00:00
2022,8.0,8.0,9.0,162.93,162.93,2022-08-08 09:00:00
2022,8.0,8.0,10.0,152.46,152.46,2022-08-08 10:00:00
2022,8.0,8.0,11.0,137.83,137.83,2022-08-08 11:00:00
2022,8.0,8.0,12.0,135.05,135.05,2022-08-08 12:00:00
2022,8.0,8.0,13.0,143.28,143.28,2022-08-08 13:00:00
2022,8.0,8.0,14.0,143.95,143.95,2022-08-08 14:00:00
2022,8.0,8.0,15.0,134.1,134.1,2022-08-08 15:00:00
2022,8.0,8.0,16.0,128.0,128.0,2022-08-08 16:00:00
2022,8.0,8.0,17.0,126.0,126.0,2022-08-08 17:00:00
2022,8.0,8.0,18.0,129.1,129.1,2022-08-08 18:00:00
2022,8.0,8.0,19.0,139.1,139.1,2022-08-08 19:00:00
2022,8.0,8.0,20.0,153.15,153.15,2022-08-08 20:00:00
2022,8.0,8.0,21.0,166.5,166.5,2022-08-08 21:00:00
2022,8.0,8.0,22.0,170.36,170.36,2022-08-08 22:00:00
2022,8.0,8.0,23.0,168.01,168.01,2022-08-08 23:00:00
2022,8.0,8.0,24.0,152.64,152.64,2022-08-09 00:00:00
2022,8.0,9.0,1.0,162.47,162.47,2022-08-09 01:00:00
2022,8.0,9.0,2.0,155.51,155.51,2022-08-09 02:00:00
2022,8.0,9.0,3.0,135.57,135.57,2022-08-09 03:00:00
2022,8.0,9.0,4.0,130.0,130.0,2022-08-09 04:00:00
2022,8.0,9.0,5.0,129.0,129.0,2022-08-09 05:00:00
2022,8.0,9.0,6.0,131.01,131.01,2022-08-09 06:00:00
2022,8.0,9.0,7.0,143.59,143.59,2022-08-09 07:00:00
2022,8.0,9.0,8.0,152.74,152.74,2022-08-09 08:00:00
2022,8.0,9.0,9.0,152.85,152.85,2022-08-09 09:00:00
2022,8.0,9.0,10.0,145.49,145.49,2022-08-09 10:00:00
2022,8.0,9.0,11.0,140.0,140.0,2022-08-09 11:00:00
2022,8.0,9.0,12.0,130.0,130.0,2022-08-09 12:00:00
2022,8.0,9.0,13.0,139.1,139.1,2022-08-09 13:00:00
2022,8.0,9.0,14.0,144.88,144.88,2022-08-09 14:00:00
2022,8.0,9.0,15.0,125.25,125.25,2022-08-09 15:00:00
2022,8.0,9.0,16.0,124.17,124.17,2022-08-09 16:00:00
2022,8.0,9.0,17.0,125.25,121.0,2022-08-09 17:00:00
2022,8.0,9.0,18.0,134.74,127.3,2022-08-09 18:00:00
2022,8.0,9.0,19.0,152.46,146.99,2022-08-09 19:00:00
2022,8.0,9.0,20.0,152.46,152.46,2022-08-09 20:00:00
2022,8.0,9.0,21.0,164.24,164.24,2022-08-09 21:00:00
2022,8.0,9.0,22.0,170.17,170.17,2022-08-09 22:00:00
2022,8.0,9.0,23.0,169.59,169.59,2022-08-09 23:00:00
2022,8.0,9.0,24.0,162.32,162.32,2022-08-10 00:00:00
2022,8.0,10.0,1.0,155.8,155.8,2022-08-10 01:00:00
2022,8.0,10.0,2.0,150.11,150.11,2022-08-10 02:00:00
2022,8.0,10.0,3.0,142.5,142.5,2022-08-10 03:00:00
2022,8.0,10.0,4.0,130.1,130.1,2022-08-10 04:00:00
2022,8.0,10.0,5.0,141.8,141.8,2022-08-10 05:00:00
2022,8.0,10.0,6.0,144.52,144.52,2022-08-10 06:00:00
2022,8.0,10.0,7.0,142.53,142.53,2022-08-10 07:00:00
2022,8.0,10.0,8.0,149.85,149.85,2022-08-10 08:00:00
2022,8.0,10.0,9.0,152.46,152.46,2022-08-10 09:00:00
2022,8.0,10.0,10.0,153.15,153.15,2022-08-10 10:00:00
2022,8.0,10.0,11.0,149.08,149.08,2022-08-10 11:00:00
2022,8.0,10.0,12.0,133.99,133.99,2022-08-10 12:00:00
2022,8.0,10.0,13.0,124.1,124.1,2022-08-10 13:00:00
2022,8.0,10.0,14.0,124.1,124.1,2022-08-10 14:00:00
2022,8.0,10.0,15.0,124.1,124.1,2022-08-10 15:00:00
2022,8.0,10.0,16.0,122.0,122.0,2022-08-10 16:00:00
2022,8.0,10.0,17.0,124.1,124.1,2022-08-10 17:00:00
2022,8.0,10.0,18.0,136.01,136.01,2022-08-10 18:00:00
2022,8.0,10.0,19.0,149.08,149.08,2022-08-10 19:00:00
2022,8.0,10.0,20.0,153.15,153.15,2022-08-10 20:00:00
2022,8.0,10.0,21.0,166.5,166.5,2022-08-10 21:00:00
2022,8.0,10.0,22.0,171.68,171.68,2022-08-10 22:00:00
2022,8.0,10.0,23.0,170.01,170.01,2022-08-10 23:00:00
2022,8.0,10.0,24.0,163.95,163.95,2022-08-11 00:00:00
2022,8.0,11.0,1.0,164.28,164.28,2022-08-11 01:00:00
2022,8.0,11.0,2.0,157.51,157.51,2022-08-11 02:00:00
2022,8.0,11.0,3.0,149.94,149.94,2022-08-11 03:00:00
2022,8.0,11.0,4.0,140.0,140.0,2022-08-11 04:00:00
2022,8.0,11.0,5.0,140.0,140.0,2022-08-11 05:00:00
2022,8.0,11.0,6.0,144.01,144.01,2022-08-11 06:00:00
2022,8.0,11.0,7.0,150.44,150.44,2022-08-11 07:00:00
2022,8.0,11.0,8.0,160.61,160.61,2022-08-11 08:00:00
2022,8.0,11.0,9.0,160.61,160.61,2022-08-11 09:00:00
2022,8.0,11.0,10.0,157.81,157.81,2022-08-11 10:00:00
2022,8.0,11.0,11.0,149.96,149.96,2022-08-11 11:00:00
2022,8.0,11.0,12.0,140.0,140.0,2022-08-11 12:00:00
2022,8.0,11.0,13.0,139.65,139.65,2022-08-11 13:00:00
2022,8.0,11.0,14.0,144.99,144.99,2022-08-11 14:00:00
2022,8.0,11.0,15.0,126.2,126.2,2022-08-11 15:00:00
2022,8.0,11.0,16.0,123.5,122.5,2022-08-11 16:00:00
2022,8.0,11.0,17.0,123.5,123.1,2022-08-11 17:00:00
2022,8.0,11.0,18.0,136.99,136.99,2022-08-11 18:00:00
2022,8.0,11.0,19.0,149.94,149.94,2022-08-11 19:00:00
2022,8.0,11.0,20.0,158.22,158.22,2022-08-11 20:00:00
2022,8.0,11.0,21.0,170.0,170.0,2022-08-11 21:00:00
2022,8.0,11.0,22.0,176.05,176.05,2022-08-11 22:00:00
2022,8.0,11.0,23.0,173.1,173.1,2022-08-11 23:00:00
2022,8.0,11.0,24.0,167.14,167.14,2022-08-12 00:00:00
2022,8.0,12.0,1.0,176.07,176.07,2022-08-12 01:00:00
2022,8.0,12.0,2.0,162.3,162.3,2022-08-12 02:00:00
2022,8.0,12.0,3.0,153.69,153.69,2022-08-12 03:00:00
2022,8.0,12.0,4.0,150.27,150.27,2022-08-12 04:00:00
2022,8.0,12.0,5.0,150.27,150.27,2022-08-12 05:00:00
2022,8.0,12.0,6.0,153.19,153.19,2022-08-12 06:00:00
2022,8.0,12.0,7.0,164.26,164.26,2022-08-12 07:00:00
2022,8.0,12.0,8.0,176.07,176.07,2022-08-12 08:00:00
2022,8.0,12.0,9.0,176.07,176.07,2022-08-12 09:00:00
2022,8.0,12.0,10.0,168.43,168.43,2022-08-12 10:00:00
2022,8.0,12.0,11.0,161.28,161.28,2022-08-12 11:00:00
2022,8.0,12.0,12.0,148.1,148.1,2022-08-12 12:00:00
2022,8.0,12.0,13.0,151.01,151.01,2022-08-12 13:00:00
2022,8.0,12.0,14.0,157.1,157.1,2022-08-12 14:00:00
2022,8.0,12.0,15.0,143.03,143.03,2022-08-12 15:00:00
2022,8.0,12.0,16.0,127.6,127.6,2022-08-12 16:00:00
2022,8.0,12.0,17.0,124.69,124.69,2022-08-12 17:00:00
2022,8.0,12.0,18.0,129.18,129.18,2022-08-12 18:00:00
2022,8.0,12.0,19.0,144.81,144.81,2022-08-12 19:00:00
2022,8.0,12.0,20.0,164.34,164.34,2022-08-12 20:00:00
2022,8.0,12.0,21.0,176.7,176.7,2022-08-12 21:00:00
2022,8.0,12.0,22.0,182.78,182.78,2022-08-12 22:00:00
2022,8.0,12.0,23.0,180.0,180.0,2022-08-12 23:00:00
2022,8.0,12.0,24.0,176.7,176.7,2022-08-13 00:00:00
2022,8.0,13.0,1.0,174.85,174.85,2022-08-13 01:00:00
2022,8.0,13.0,2.0,168.44,168.44,2022-08-13 02:00:00
2022,8.0,13.0,3.0,164.48,164.48,2022-08-13 03:00:00
2022,8.0,13.0,4.0,159.53,159.53,2022-08-13 04:00:00
2022,8.0,13.0,5.0,159.53,159.53,2022-08-13 05:00:00
2022,8.0,13.0,6.0,158.26,158.26,2022-08-13 06:00:00
2022,8.0,13.0,7.0,159.53,159.53,2022-08-13 07:00:00
2022,8.0,13.0,8.0,158.04,158.04,2022-08-13 08:00:00
2022,8.0,13.0,9.0,158.26,158.26,2022-08-13 09:00:00
2022,8.0,13.0,10.0,162.5,162.5,2022-08-13 10:00:00
2022,8.0,13.0,11.0,159.99,159.99,2022-08-13 11:00:00
2022,8.0,13.0,12.0,128.24,128.24,2022-08-13 12:00:00
2022,8.0,13.0,13.0,147.72,147.72,2022-08-13 13:00:00
2022,8.0,13.0,14.0,136.1,136.1,2022-08-13 14:00:00
2022,8.0,13.0,15.0,119.12,119.12,2022-08-13 15:00:00
2022,8.0,13.0,16.0,119.12,119.12,2022-08-13 16:00:00
2022,8.0,13.0,17.0,118.25,118.25,2022-08-13 17:00:00
2022,8.0,13.0,18.0,118.25,118.25,2022-08-13 18:00:00
2022,8.0,13.0,19.0,120.0,120.0,2022-08-13 19:00:00
2022,8.0,13.0,20.0,155.93,155.93,2022-08-13 20:00:00
2022,8.0,13.0,21.0,170.0,170.0,2022-08-13 21:00:00
2022,8.0,13.0,22.0,179.32,179.32,2022-08-13 22:00:00
2022,8.0,13.0,23.0,180.6,180.6,2022-08-13 23:00:00
2022,8.0,13.0,24.0,179.71,179.71,2022-08-14 00:00:00
2022,8.0,14.0,1.0,190.94,190.94,2022-08-14 01:00:00
2022,8.0,14.0,2.0,189.32,189.32,2022-08-14 02:00:00
2022,8.0,14.0,3.0,186.05,186.05,2022-08-14 03:00:00
2022,8.0,14.0,4.0,185.12,185.12,2022-08-14 04:00:00
2022,8.0,14.0,5.0,183.61,183.61,2022-08-14 05:00:00
2022,8.0,14.0,6.0,182.85,182.85,2022-08-14 06:00:00
2022,8.0,14.0,7.0,181.23,181.23,2022-08-14 07:00:00
2022,8.0,14.0,8.0,169.66,169.66,2022-08-14 08:00:00
2022,8.0,14.0,9.0,161.0,161.0,2022-08-14 09:00:00
2022,8.0,14.0,10.0,125.0,125.0,2022-08-14 10:00:00
2022,8.0,14.0,11.0,114.8,114.8,2022-08-14 11:00:00
2022,8.0,14.0,12.0,112.2,112.2,2022-08-14 12:00:00
2022,8.0,14.0,13.0,111.2,111.2,2022-08-14 13:00:00
2022,8.0,14.0,14.0,111.2,111.2,2022-08-14 14:00:00
2022,8.0,14.0,15.0,109.76,109.76,2022-08-14 15:00:00
2022,8.0,14.0,16.0,103.01,103.01,2022-08-14 16:00:00
2022,8.0,14.0,17.0,91.15,91.15,2022-08-14 17:00:00
2022,8.0,14.0,18.0,90.4,90.4,2022-08-14 18:00:00
2022,8.0,14.0,19.0,96.68,96.68,2022-08-14 19:00:00
2022,8.0,14.0,20.0,115.2,115.2,2022-08-14 20:00:00
2022,8.0,14.0,21.0,183.1,183.1,2022-08-14 21:00:00
2022,8.0,14.0,22.0,197.4,197.4,2022-08-14 22:00:00
2022,8.0,14.0,23.0,200.01,200.01,2022-08-14 23:00:00
2022,8.0,14.0,24.0,189.47,189.47,2022-08-15 00:00:00
2022,8.0,15.0,1.0,177.79,177.79,2022-08-15 01:00:00
2022,8.0,15.0,2.0,170.5,170.5,2022-08-15 02:00:00
2022,8.0,15.0,3.0,161.0,161.0,2022-08-15 03:00:00
2022,8.0,15.0,4.0,137.07,137.07,2022-08-15 04:00:00
2022,8.0,15.0,5.0,125.1,125.1,2022-08-15 05:00:00
2022,8.0,15.0,6.0,125.4,125.4,2022-08-15 06:00:00
2022,8.0,15.0,7.0,157.1,157.1,2022-08-15 07:00:00
2022,8.0,15.0,8.0,158.28,158.28,2022-08-15 08:00:00
2022,8.0,15.0,9.0,157.1,157.1,2022-08-15 09:00:00
2022,8.0,15.0,10.0,147.0,147.0,2022-08-15 10:00:00
2022,8.0,15.0,11.0,120.0,120.0,2022-08-15 11:00:00
2022,8.0,15.0,12.0,168.73,110.0,2022-08-15 12:00:00
2022,8.0,15.0,13.0,168.73,115.01,2022-08-15 13:00:00
2022,8.0,15.0,14.0,168.01,120.0,2022-08-15 14:00:00
2022,8.0,15.0,15.0,161.0,119.0,2022-08-15 15:00:00
2022,8.0,15.0,16.0,119.0,119.0,2022-08-15 16:00:00
2022,8.0,15.0,17.0,115.0,115.0,2022-08-15 17:00:00
2022,8.0,15.0,18.0,113.1,113.1,2022-08-15 18:00:00
2022,8.0,15.0,19.0,120.0,120.0,2022-08-15 19:00:00
2022,8.0,15.0,20.0,167.21,167.21,2022-08-15 20:00:00
2022,8.0,15.0,21.0,179.83,179.83,2022-08-15 21:00:00
2022,8.0,15.0,22.0,194.25,194.25,2022-08-15 22:00:00
2022,8.0,15.0,23.0,195.0,195.0,2022-08-15 23:00:00
2022,8.0,15.0,24.0,184.69,184.69,2022-08-16 00:00:00
2022,8.0,16.0,1.0,176.5,176.5,2022-08-16 01:00:00
2022,8.0,16.0,2.0,165.39,165.39,2022-08-16 02:00:00
2022,8.0,16.0,3.0,159.64,159.64,2022-08-16 03:00:00
2022,8.0,16.0,4.0,159.64,159.64,2022-08-16 04:00:00
2022,8.0,16.0,5.0,144.99,144.99,2022-08-16 05:00:00
2022,8.0,16.0,6.0,143.01,143.01,2022-08-16 06:00:00
2022,8.0,16.0,7.0,156.97,156.97,2022-08-16 07:00:00
2022,8.0,16.0,8.0,168.36,168.36,2022-08-16 08:00:00
2022,8.0,16.0,9.0,170.0,170.0,2022-08-16 09:00:00
2022,8.0,16.0,10.0,149.18,149.18,2022-08-16 10:00:00
2022,8.0,16.0,11.0,118.88,118.88,2022-08-16 11:00:00
2022,8.0,16.0,12.0,137.83,137.83,2022-08-16 12:00:00
2022,8.0,16.0,13.0,125.1,125.1,2022-08-16 13:00:00
2022,8.0,16.0,14.0,121.1,121.1,2022-08-16 14:00:00
2022,8.0,16.0,15.0,113.5,113.5,2022-08-16 15:00:00
2022,8.0,16.0,16.0,106.65,106.65,2022-08-16 16:00:00
2022,8.0,16.0,17.0,105.0,105.0,2022-08-16 17:00:00
2022,8.0,16.0,18.0,106.65,106.65,2022-08-16 18:00:00
2022,8.0,16.0,19.0,106.65,106.65,2022-08-16 19:00:00
2022,8.0,16.0,20.0,112.8,112.8,2022-08-16 20:00:00
2022,8.0,16.0,21.0,161.03,161.03,2022-08-16 21:00:00
2022,8.0,16.0,22.0,180.03,180.03,2022-08-16 22:00:00
2022,8.0,16.0,23.0,180.01,180.01,2022-08-16 23:00:00
2022,8.0,16.0,24.0,168.0,168.0,2022-08-17 00:00:00
2022,8.0,17.0,1.0,170.51,170.51,2022-08-17 01:00:00
2022,8.0,17.0,2.0,165.54,165.54,2022-08-17 02:00:00
2022,8.0,17.0,3.0,158.66,158.66,2022-08-17 03:00:00
2022,8.0,17.0,4.0,156.01,156.01,2022-08-17 04:00:00
2022,8.0,17.0,5.0,154.9,154.9,2022-08-17 05:00:00
2022,8.0,17.0,6.0,161.01,161.01,2022-08-17 06:00:00
2022,8.0,17.0,7.0,167.86,167.86,2022-08-17 07:00:00
2022,8.0,17.0,8.0,172.01,172.01,2022-08-17 08:00:00
2022,8.0,17.0,9.0,161.99,161.99,2022-08-17 09:00:00
2022,8.0,17.0,10.0,150.0,150.0,2022-08-17 10:00:00
2022,8.0,17.0,11.0,120.6,120.6,2022-08-17 11:00:00
2022,8.0,17.0,12.0,106.98,106.98,2022-08-17 12:00:00
2022,8.0,17.0,13.0,111.36,111.36,2022-08-17 13:00:00
2022,8.0,17.0,14.0,125.0,125.0,2022-08-17 14:00:00
2022,8.0,17.0,15.0,123.6,123.6,2022-08-17 15:00:00
2022,8.0,17.0,16.0,106.98,106.98,2022-08-17 16:00:00
2022,8.0,17.0,17.0,104.14,104.14,2022-08-17 17:00:00
2022,8.0,17.0,18.0,102.2,102.2,2022-08-17 18:00:00
2022,8.0,17.0,19.0,99.67,99.67,2022-08-17 19:00:00
2022,8.0,17.0,20.0,109.0,109.0,2022-08-17 20:00:00
2022,8.0,17.0,21.0,149.89,149.89,2022-08-17 21:00:00
2022,8.0,17.0,22.0,168.0,168.0,2022-08-17 22:00:00
2022,8.0,17.0,23.0,160.0,160.0,2022-08-17 23:00:00
2022,8.0,17.0,24.0,137.21,137.21,2022-08-18 00:00:00
2022,8.0,18.0,1.0,149.04,149.04,2022-08-18 01:00:00
2022,8.0,18.0,2.0,150.0,150.0,2022-08-18 02:00:00
2022,8.0,18.0,3.0,149.04,149.04,2022-08-18 03:00:00
2022,8.0,18.0,4.0,125.0,125.0,2022-08-18 04:00:00
2022,8.0,18.0,5.0,125.0,125.0,2022-08-18 05:00:00
2022,8.0,18.0,6.0,135.99,135.99,2022-08-18 06:00:00
2022,8.0,18.0,7.0,160.25,160.25,2022-08-18 07:00:00
2022,8.0,18.0,8.0,165.0,165.0,2022-08-18 08:00:00
2022,8.0,18.0,9.0,164.51,164.51,2022-08-18 09:00:00
2022,8.0,18.0,10.0,140.0,140.0,2022-08-18 10:00:00
2022,8.0,18.0,11.0,105.0,105.0,2022-08-18 11:00:00
2022,8.0,18.0,12.0,100.0,100.0,2022-08-18 12:00:00
2022,8.0,18.0,13.0,105.0,105.0,2022-08-18 13:00:00
2022,8.0,18.0,14.0,106.98,106.98,2022-08-18 14:00:00
2022,8.0,18.0,15.0,105.0,105.0,2022-08-18 15:00:00
2022,8.0,18.0,16.0,99.0,99.0,2022-08-18 16:00:00
2022,8.0,18.0,17.0,98.6,98.6,2022-08-18 17:00:00
2022,8.0,18.0,18.0,100.0,100.0,2022-08-18 18:00:00
2022,8.0,18.0,19.0,105.0,105.0,2022-08-18 19:00:00
2022,8.0,18.0,20.0,137.83,137.83,2022-08-18 20:00:00
2022,8.0,18.0,21.0,170.71,170.71,2022-08-18 21:00:00
2022,8.0,18.0,22.0,189.33,189.33,2022-08-18 22:00:00
2022,8.0,18.0,23.0,177.83,177.83,2022-08-18 23:00:00
2022,8.0,18.0,24.0,168.06,168.06,2022-08-19 00:00:00
2022,8.0,19.0,1.0,135.99,135.99,2022-08-19 01:00:00
2022,8.0,19.0,2.0,115.51,115.51,2022-08-19 02:00:00
2022,8.0,19.0,3.0,110.0,110.0,2022-08-19 03:00:00
2022,8.0,19.0,4.0,90.0,90.0,2022-08-19 04:00:00
2022,8.0,19.0,5.0,91.62,91.62,2022-08-19 05:00:00
2022,8.0,19.0,6.0,92.92,92.92,2022-08-19 06:00:00
2022,8.0,19.0,7.0,147.0,147.0,2022-08-19 07:00:00
2022,8.0,19.0,8.0,150.66,150.66,2022-08-19 08:00:00
2022,8.0,19.0,9.0,150.0,150.0,2022-08-19 09:00:00
2022,8.0,19.0,10.0,116.1,116.1,2022-08-19 10:00:00
2022,8.0,19.0,11.0,90.0,90.0,2022-08-19 11:00:00
2022,8.0,19.0,12.0,90.0,90.0,2022-08-19 12:00:00
2022,8.0,19.0,13.0,106.84,106.84,2022-08-19 13:00:00
2022,8.0,19.0,14.0,120.0,120.0,2022-08-19 14:00:00
2022,8.0,19.0,15.0,117.99,117.99,2022-08-19 15:00:00
2022,8.0,19.0,16.0,130.0,130.0,2022-08-19 16:00:00
2022,8.0,19.0,17.0,137.07,137.07,2022-08-19 17:00:00
2022,8.0,19.0,18.0,139.32,139.32,2022-08-19 18:00:00
2022,8.0,19.0,19.0,150.0,150.0,2022-08-19 19:00:00
2022,8.0,19.0,20.0,167.6,167.6,2022-08-19 20:00:00
2022,8.0,19.0,21.0,197.32,197.32,2022-08-19 21:00:00
2022,8.0,19.0,22.0,230.18,230.18,2022-08-19 22:00:00
2022,8.0,19.0,23.0,200.0,200.0,2022-08-19 23:00:00
2022,8.0,19.0,24.0,172.28,172.28,2022-08-20 00:00:00
2022,8.0,20.0,1.0,179.18,179.18,2022-08-20 01:00:00
2022,8.0,20.0,2.0,178.2,178.2,2022-08-20 02:00:00
2022,8.0,20.0,3.0,177.6,177.6,2022-08-20 03:00:00
2022,8.0,20.0,4.0,176.57,176.57,2022-08-20 04:00:00
2022,8.0,20.0,5.0,177.29,177.29,2022-08-20 05:00:00
2022,8.0,20.0,6.0,177.29,177.29,2022-08-20 06:00:00
2022,8.0,20.0,7.0,178.2,178.2,2022-08-20 07:00:00
2022,8.0,20.0,8.0,175.0,175.0,2022-08-20 08:00:00
2022,8.0,20.0,9.0,171.08,171.08,2022-08-20 09:00:00
2022,8.0,20.0,10.0,170.0,170.0,2022-08-20 10:00:00
2022,8.0,20.0,11.0,159.51,159.51,2022-08-20 11:00:00
2022,8.0,20.0,12.0,150.0,150.0,2022-08-20 12:00:00
2022,8.0,20.0,13.0,155.41,155.41,2022-08-20 13:00:00
2022,8.0,20.0,14.0,159.92,159.92,2022-08-20 14:00:00
2022,8.0,20.0,15.0,151.66,151.66,2022-08-20 15:00:00
2022,8.0,20.0,16.0,133.4,133.4,2022-08-20 16:00:00
2022,8.0,20.0,17.0,120.0,120.0,2022-08-20 17:00:00
2022,8.0,20.0,18.0,121.87,121.87,2022-08-20 18:00:00
2022,8.0,20.0,19.0,150.4,150.4,2022-08-20 19:00:00
2022,8.0,20.0,20.0,169.66,169.66,2022-08-20 20:00:00
2022,8.0,20.0,21.0,186.49,186.49,2022-08-20 21:00:00
2022,8.0,20.0,22.0,230.0,230.0,2022-08-20 22:00:00
2022,8.0,20.0,23.0,223.01,223.01,2022-08-20 23:00:00
2022,8.0,20.0,24.0,187.0,187.0,2022-08-21 00:00:00
2022,8.0,21.0,1.0,205.41,205.41,2022-08-21 01:00:00
2022,8.0,21.0,2.0,193.27,193.27,2022-08-21 02:00:00
2022,8.0,21.0,3.0,189.31,189.31,2022-08-21 03:00:00
2022,8.0,21.0,4.0,185.0,185.0,2022-08-21 04:00:00
2022,8.0,21.0,5.0,181.94,181.94,2022-08-21 05:00:00
2022,8.0,21.0,6.0,180.06,180.06,2022-08-21 06:00:00
2022,8.0,21.0,7.0,181.66,181.66,2022-08-21 07:00:00
2022,8.0,21.0,8.0,181.43,181.43,2022-08-21 08:00:00
2022,8.0,21.0,9.0,175.51,175.51,2022-08-21 09:00:00
2022,8.0,21.0,10.0,175.06,175.06,2022-08-21 10:00:00
2022,8.0,21.0,11.0,134.98,134.98,2022-08-21 11:00:00
2022,8.0,21.0,12.0,105.0,105.0,2022-08-21 12:00:00
2022,8.0,21.0,13.0,107.0,107.0,2022-08-21 13:00:00
2022,8.0,21.0,14.0,105.0,105.0,2022-08-21 14:00:00
2022,8.0,21.0,15.0,92.92,92.92,2022-08-21 15:00:00
2022,8.0,21.0,16.0,78.1,78.1,2022-08-21 16:00:00
2022,8.0,21.0,17.0,71.03,71.03,2022-08-21 17:00:00
2022,8.0,21.0,18.0,25.09,25.09,2022-08-21 18:00:00
2022,8.0,21.0,19.0,71.03,57.25,2022-08-21 19:00:00
2022,8.0,21.0,20.0,118.2,74.0,2022-08-21 20:00:00
2022,8.0,21.0,21.0,172.0,145.0,2022-08-21 21:00:00
2022,8.0,21.0,22.0,182.66,182.66,2022-08-21 22:00:00
2022,8.0,21.0,23.0,182.68,182.68,2022-08-21 23:00:00
2022,8.0,21.0,24.0,177.02,177.02,2022-08-22 00:00:00
2022,8.0,22.0,1.0,207.9,207.9,2022-08-22 01:00:00
2022,8.0,22.0,2.0,185.0,185.0,2022-08-22 02:00:00
2022,8.0,22.0,3.0,171.61,171.61,2022-08-22 03:00:00
2022,8.0,22.0,4.0,150.0,150.0,2022-08-22 04:00:00
2022,8.0,22.0,5.0,145.71,145.71,2022-08-22 05:00:00
2022,8.0,22.0,6.0,153.3,153.3,2022-08-22 06:00:00
2022,8.0,22.0,7.0,183.0,183.0,2022-08-22 07:00:00
2022,8.0,22.0,8.0,205.41,209.56,2022-08-22 08:00:00
2022,8.0,22.0,9.0,205.0,205.0,2022-08-22 09:00:00
2022,8.0,22.0,10.0,185.84,185.84,2022-08-22 10:00:00
2022,8.0,22.0,11.0,149.99,149.99,2022-08-22 11:00:00
2022,8.0,22.0,12.0,125.0,125.0,2022-08-22 12:00:00
2022,8.0,22.0,13.0,132.09,132.09,2022-08-22 13:00:00
2022,8.0,22.0,14.0,160.0,160.0,2022-08-22 14:00:00
2022,8.0,22.0,15.0,159.06,159.06,2022-08-22 15:00:00
2022,8.0,22.0,16.0,140.9,140.9,2022-08-22 16:00:00
2022,8.0,22.0,17.0,140.0,140.0,2022-08-22 17:00:00
2022,8.0,22.0,18.0,137.83,137.83,2022-08-22 18:00:00
2022,8.0,22.0,19.0,175.0,175.0,2022-08-22 19:00:00
2022,8.0,22.0,20.0,207.9,207.9,2022-08-22 20:00:00
2022,8.0,22.0,21.0,223.5,223.5,2022-08-22 21:00:00
2022,8.0,22.0,22.0,250.0,250.0,2022-08-22 22:00:00
2022,8.0,22.0,23.0,229.99,229.99,2022-08-22 23:00:00
2022,8.0,22.0,24.0,209.66,209.66,2022-08-23 00:00:00
2022,8.0,23.0,1.0,192.67,192.67,2022-08-23 01:00:00
2022,8.0,23.0,2.0,174.74,174.74,2022-08-23 02:00:00
2022,8.0,23.0,3.0,150.0,150.0,2022-08-23 03:00:00
2022,8.0,23.0,4.0,148.6,148.6,2022-08-23 04:00:00
2022,8.0,23.0,5.0,150.0,150.0,2022-08-23 05:00:00
2022,8.0,23.0,6.0,155.0,155.0,2022-08-23 06:00:00
2022,8.0,23.0,7.0,180.44,180.44,2022-08-23 07:00:00
2022,8.0,23.0,8.0,184.84,184.84,2022-08-23 08:00:00
2022,8.0,23.0,9.0,182.8,182.8,2022-08-23 09:00:00
2022,8.0,23.0,10.0,157.7,157.7,2022-08-23 10:00:00
2022,8.0,23.0,11.0,159.0,159.0,2022-08-23 11:00:00
2022,8.0,23.0,12.0,162.75,162.75,2022-08-23 12:00:00
2022,8.0,23.0,13.0,169.84,169.84,2022-08-23 13:00:00
2022,8.0,23.0,14.0,184.84,184.84,2022-08-23 14:00:00
2022,8.0,23.0,15.0,185.04,185.04,2022-08-23 15:00:00
2022,8.0,23.0,16.0,180.19,180.19,2022-08-23 16:00:00
2022,8.0,23.0,17.0,170.07,170.07,2022-08-23 17:00:00
2022,8.0,23.0,18.0,170.0,170.0,2022-08-23 18:00:00
2022,8.0,23.0,19.0,182.74,182.74,2022-08-23 19:00:00
2022,8.0,23.0,20.0,206.4,206.4,2022-08-23 20:00:00
2022,8.0,23.0,21.0,235.51,235.51,2022-08-23 21:00:00
2022,8.0,23.0,22.0,250.0,250.0,2022-08-23 22:00:00
2022,8.0,23.0,23.0,239.18,239.18,2022-08-23 23:00:00
2022,8.0,23.0,24.0,217.97,217.97,2022-08-24 00:00:00
2022,8.0,24.0,1.0,215.58,215.58,2022-08-24 01:00:00
2022,8.0,24.0,2.0,209.56,209.56,2022-08-24 02:00:00
2022,8.0,24.0,3.0,210.06,210.06,2022-08-24 03:00:00
2022,8.0,24.0,4.0,208.23,208.23,2022-08-24 04:00:00
2022,8.0,24.0,5.0,208.01,208.01,2022-08-24 05:00:00
2022,8.0,24.0,6.0,200.0,200.0,2022-08-24 06:00:00
2022,8.0,24.0,7.0,183.91,183.91,2022-08-24 07:00:00
2022,8.0,24.0,8.0,207.74,207.74,2022-08-24 08:00:00
2022,8.0,24.0,9.0,208.14,208.14,2022-08-24 09:00:00
2022,8.0,24.0,10.0,200.99,200.99,2022-08-24 10:00:00
2022,8.0,24.0,11.0,151.17,151.17,2022-08-24 11:00:00
2022,8.0,24.0,12.0,147.6,147.6,2022-08-24 12:00:00
2022,8.0,24.0,13.0,148.5,148.5,2022-08-24 13:00:00
2022,8.0,24.0,14.0,160.6,160.6,2022-08-24 14:00:00
2022,8.0,24.0,15.0,150.0,150.0,2022-08-24 15:00:00
2022,8.0,24.0,16.0,140.35,140.35,2022-08-24 16:00:00
2022,8.0,24.0,17.0,140.07,140.07,2022-08-24 17:00:00
2022,8.0,24.0,18.0,143.98,143.98,2022-08-24 18:00:00
2022,8.0,24.0,19.0,148.0,148.0,2022-08-24 19:00:00
2022,8.0,24.0,20.0,204.86,204.86,2022-08-24 20:00:00
2022,8.0,24.0,21.0,220.78,220.78,2022-08-24 21:00:00
2022,8.0,24.0,22.0,236.79,236.79,2022-08-24 22:00:00
2022,8.0,24.0,23.0,223.24,223.24,2022-08-24 23:00:00
2022,8.0,24.0,24.0,218.69,218.69,2022-08-25 00:00:00
2022,8.0,25.0,1.0,201.27,201.27,2022-08-25 01:00:00
2022,8.0,25.0,2.0,155.0,155.0,2022-08-25 02:00:00
2022,8.0,25.0,3.0,152.0,152.0,2022-08-25 03:00:00
2022,8.0,25.0,4.0,151.0,151.0,2022-08-25 04:00:00
2022,8.0,25.0,5.0,148.1,148.1,2022-08-25 05:00:00
2022,8.0,25.0,6.0,143.98,143.98,2022-08-25 06:00:00
2022,8.0,25.0,7.0,152.0,152.0,2022-08-25 07:00:00
2022,8.0,25.0,8.0,180.33,180.33,2022-08-25 08:00:00
2022,8.0,25.0,9.0,180.83,180.83,2022-08-25 09:00:00
2022,8.0,25.0,10.0,191.23,191.23,2022-08-25 10:00:00
2022,8.0,25.0,11.0,154.0,154.0,2022-08-25 11:00:00
2022,8.0,25.0,12.0,140.35,140.35,2022-08-25 12:00:00
2022,8.0,25.0,13.0,140.35,140.35,2022-08-25 13:00:00
2022,8.0,25.0,14.0,150.0,150.0,2022-08-25 14:00:00
2022,8.0,25.0,15.0,143.1,143.1,2022-08-25 15:00:00
2022,8.0,25.0,16.0,140.35,140.35,2022-08-25 16:00:00
2022,8.0,25.0,17.0,133.1,133.1,2022-08-25 17:00:00
2022,8.0,25.0,18.0,133.1,133.1,2022-08-25 18:00:00
2022,8.0,25.0,19.0,145.99,145.99,2022-08-25 19:00:00
2022,8.0,25.0,20.0,155.36,155.36,2022-08-25 20:00:00
2022,8.0,25.0,21.0,203.12,203.12,2022-08-25 21:00:00
2022,8.0,25.0,22.0,209.26,209.26,2022-08-25 22:00:00
2022,8.0,25.0,23.0,201.27,201.27,2022-08-25 23:00:00
2022,8.0,25.0,24.0,180.0,180.0,2022-08-26 00:00:00
2022,8.0,26.0,1.0,200.39,200.39,2022-08-26 01:00:00
2022,8.0,26.0,2.0,148.78,148.78,2022-08-26 02:00:00
2022,8.0,26.0,3.0,135.1,135.1,2022-08-26 03:00:00
2022,8.0,26.0,4.0,125.0,125.0,2022-08-26 04:00:00
2022,8.0,26.0,5.0,125.62,125.62,2022-08-26 05:00:00
2022,8.0,26.0,6.0,125.62,125.62,2022-08-26 06:00:00
2022,8.0,26.0,7.0,135.67,135.67,2022-08-26 07:00:00
2022,8.0,26.0,8.0,185.0,185.0,2022-08-26 08:00:00
2022,8.0,26.0,9.0,166.0,166.0,2022-08-26 09:00:00
2022,8.0,26.0,10.0,137.73,137.73,2022-08-26 10:00:00
2022,8.0,26.0,11.0,130.0,130.0,2022-08-26 11:00:00
2022,8.0,26.0,12.0,130.0,130.0,2022-08-26 12:00:00
2022,8.0,26.0,13.0,142.95,142.95,2022-08-26 13:00:00
2022,8.0,26.0,14.0,199.99,199.99,2022-08-26 14:00:00
2022,8.0,26.0,15.0,192.0,192.0,2022-08-26 15:00:00
2022,8.0,26.0,16.0,193.66,193.66,2022-08-26 16:00:00
2022,8.0,26.0,17.0,199.99,199.99,2022-08-26 17:00:00
2022,8.0,26.0,18.0,200.0,200.0,2022-08-26 18:00:00
2022,8.0,26.0,19.0,203.12,203.12,2022-08-26 19:00:00
2022,8.0,26.0,20.0,214.69,214.69,2022-08-26 20:00:00
2022,8.0,26.0,21.0,224.01,224.01,2022-08-26 21:00:00
2022,8.0,26.0,22.0,243.86,243.86,2022-08-26 22:00:00
2022,8.0,26.0,23.0,233.65,233.65,2022-08-26 23:00:00
2022,8.0,26.0,24.0,215.0,215.0,2022-08-27 00:00:00
2022,8.0,27.0,1.0,185.31,185.31,2022-08-27 01:00:00
2022,8.0,27.0,2.0,170.0,170.0,2022-08-27 02:00:00
2022,8.0,27.0,3.0,148.86,148.86,2022-08-27 03:00:00
2022,8.0,27.0,4.0,142.92,142.92,2022-08-27 04:00:00
2022,8.0,27.0,5.0,150.1,150.1,2022-08-27 05:00:00
2022,8.0,27.0,6.0,160.1,160.1,2022-08-27 06:00:00
2022,8.0,27.0,7.0,169.26,169.26,2022-08-27 07:00:00
2022,8.0,27.0,8.0,160.07,160.07,2022-08-27 08:00:00
2022,8.0,27.0,9.0,150.1,150.1,2022-08-27 09:00:00
2022,8.0,27.0,10.0,140.0,140.0,2022-08-27 10:00:00
2022,8.0,27.0,11.0,130.0,130.0,2022-08-27 11:00:00
2022,8.0,27.0,12.0,127.0,127.0,2022-08-27 12:00:00
2022,8.0,27.0,13.0,128.0,128.0,2022-08-27 13:00:00
2022,8.0,27.0,14.0,129.0,129.0,2022-08-27 14:00:00
2022,8.0,27.0,15.0,129.0,129.0,2022-08-27 15:00:00
2022,8.0,27.0,16.0,128.0,128.0,2022-08-27 16:00:00
2022,8.0,27.0,17.0,128.0,128.0,2022-08-27 17:00:00
2022,8.0,27.0,18.0,129.17,129.17,2022-08-27 18:00:00
2022,8.0,27.0,19.0,137.0,137.0,2022-08-27 19:00:00
2022,8.0,27.0,20.0,179.99,179.99,2022-08-27 20:00:00
2022,8.0,27.0,21.0,220.0,220.0,2022-08-27 21:00:00
2022,8.0,27.0,22.0,242.82,242.82,2022-08-27 22:00:00
2022,8.0,27.0,23.0,239.18,239.18,2022-08-27 23:00:00
2022,8.0,27.0,24.0,217.05,217.05,2022-08-28 00:00:00
2022,8.0,28.0,1.0,220.0,220.0,2022-08-28 01:00:00
2022,8.0,28.0,2.0,210.0,210.0,2022-08-28 02:00:00
2022,8.0,28.0,3.0,185.25,185.25,2022-08-28 03:00:00
2022,8.0,28.0,4.0,177.31,177.31,2022-08-28 04:00:00
2022,8.0,28.0,5.0,166.39,166.39,2022-08-28 05:00:00
2022,8.0,28.0,6.0,166.29,166.29,2022-08-28 06:00:00
2022,8.0,28.0,7.0,173.34,173.34,2022-08-28 07:00:00
2022,8.0,28.0,8.0,181.82,129.99,2022-08-28 08:00:00
2022,8.0,28.0,9.0,180.3,120.0,2022-08-28 09:00:00
2022,8.0,28.0,10.0,180.3,107.0,2022-08-28 10:00:00
2022,8.0,28.0,11.0,180.3,70.25,2022-08-28 11:00:00
2022,8.0,28.0,12.0,180.3,57.91,2022-08-28 12:00:00
2022,8.0,28.0,13.0,130.99,67.75,2022-08-28 13:00:00
2022,8.0,28.0,14.0,130.0,68.0,2022-08-28 14:00:00
2022,8.0,28.0,15.0,126.06,68.0,2022-08-28 15:00:00
2022,8.0,28.0,16.0,99.62,68.0,2022-08-28 16:00:00
2022,8.0,28.0,17.0,116.06,68.0,2022-08-28 17:00:00
2022,8.0,28.0,18.0,120.48,85.3,2022-08-28 18:00:00
2022,8.0,28.0,19.0,127.0,110.0,2022-08-28 19:00:00
2022,8.0,28.0,20.0,130.0,130.0,2022-08-28 20:00:00
2022,8.0,28.0,21.0,210.87,210.87,2022-08-28 21:00:00
2022,8.0,28.0,22.0,225.0,225.0,2022-08-28 22:00:00
2022,8.0,28.0,23.0,225.0,225.0,2022-08-28 23:00:00
2022,8.0,28.0,24.0,220.2,220.2,2022-08-29 00:00:00
2022,8.0,29.0,1.0,215.49,215.49,2022-08-29 01:00:00
2022,8.0,29.0,2.0,201.44,201.44,2022-08-29 02:00:00
2022,8.0,29.0,3.0,180.0,180.0,2022-08-29 03:00:00
2022,8.0,29.0,4.0,160.0,160.0,2022-08-29 04:00:00
2022,8.0,29.0,5.0,173.92,173.92,2022-08-29 05:00:00
2022,8.0,29.0,6.0,179.33,179.33,2022-08-29 06:00:00
2022,8.0,29.0,7.0,200.25,200.25,2022-08-29 07:00:00
2022,8.0,29.0,8.0,204.73,204.73,2022-08-29 08:00:00
2022,8.0,29.0,9.0,216.88,216.88,2022-08-29 09:00:00
2022,8.0,29.0,10.0,210.71,210.71,2022-08-29 10:00:00
2022,8.0,29.0,11.0,190.0,190.0,2022-08-29 11:00:00
2022,8.0,29.0,12.0,169.57,169.57,2022-08-29 12:00:00
2022,8.0,29.0,13.0,160.91,160.91,2022-08-29 13:00:00
2022,8.0,29.0,14.0,145.0,145.0,2022-08-29 14:00:00
2022,8.0,29.0,15.0,139.99,139.99,2022-08-29 15:00:00
2022,8.0,29.0,16.0,132.9,132.9,2022-08-29 16:00:00
2022,8.0,29.0,17.0,136.94,136.94,2022-08-29 17:00:00
2022,8.0,29.0,18.0,143.86,143.86,2022-08-29 18:00:00
2022,8.0,29.0,19.0,180.31,180.31,2022-08-29 19:00:00
2022,8.0,29.0,20.0,213.86,213.86,2022-08-29 20:00:00
2022,8.0,29.0,21.0,239.01,239.01,2022-08-29 21:00:00
2022,8.0,29.0,22.0,253.07,253.07,2022-08-29 22:00:00
2022,8.0,29.0,23.0,247.48,247.48,2022-08-29 23:00:00
2022,8.0,29.0,24.0,226.46,226.46,2022-08-30 00:00:00
2022,8.0,30.0,1.0,227.49,227.49,2022-08-30 01:00:00
2022,8.0,30.0,2.0,220.0,220.0,2022-08-30 02:00:00
2022,8.0,30.0,3.0,215.02,215.02,2022-08-30 03:00:00
2022,8.0,30.0,4.0,211.65,211.65,2022-08-30 04:00:00
2022,8.0,30.0,5.0,215.0,215.0,2022-08-30 05:00:00
2022,8.0,30.0,6.0,215.62,215.62,2022-08-30 06:00:00
2022,8.0,30.0,7.0,220.0,220.0,2022-08-30 07:00:00
2022,8.0,30.0,8.0,228.0,228.0,2022-08-30 08:00:00
2022,8.0,30.0,9.0,229.74,229.74,2022-08-30 09:00:00
2022,8.0,30.0,10.0,215.77,215.77,2022-08-30 10:00:00
2022,8.0,30.0,11.0,191.8,191.8,2022-08-30 11:00:00
2022,8.0,30.0,12.0,180.0,180.0,2022-08-30 12:00:00
2022,8.0,30.0,13.0,174.78,174.78,2022-08-30 13:00:00
2022,8.0,30.0,14.0,175.19,175.19,2022-08-30 14:00:00
2022,8.0,30.0,15.0,172.59,172.59,2022-08-30 15:00:00
2022,8.0,30.0,16.0,160.1,160.1,2022-08-30 16:00:00
2022,8.0,30.0,17.0,160.0,160.0,2022-08-30 17:00:00
2022,8.0,30.0,18.0,169.86,169.86,2022-08-30 18:00:00
2022,8.0,30.0,19.0,174.78,174.78,2022-08-30 19:00:00
2022,8.0,30.0,20.0,197.65,197.65,2022-08-30 20:00:00
2022,8.0,30.0,21.0,221.51,221.51,2022-08-30 21:00:00
2022,8.0,30.0,22.0,237.0,237.0,2022-08-30 22:00:00
2022,8.0,30.0,23.0,223.31,223.31,2022-08-30 23:00:00
2022,8.0,30.0,24.0,210.25,210.25,2022-08-31 00:00:00
2022,8.0,31.0,1.0,227.82,227.82,2022-08-31 01:00:00
2022,8.0,31.0,2.0,195.0,195.0,2022-08-31 02:00:00
2022,8.0,31.0,3.0,184.95,184.95,2022-08-31 03:00:00
2022,8.0,31.0,4.0,181.69,181.69,2022-08-31 04:00:00
2022,8.0,31.0,5.0,181.79,181.79,2022-08-31 05:00:00
2022,8.0,31.0,6.0,184.95,184.95,2022-08-31 06:00:00
2022,8.0,31.0,7.0,186.24,186.24,2022-08-31 07:00:00
2022,8.0,31.0,8.0,224.99,224.99,2022-08-31 08:00:00
2022,8.0,31.0,9.0,225.82,225.82,2022-08-31 09:00:00
2022,8.0,31.0,10.0,220.0,220.0,2022-08-31 10:00:00
2022,8.0,31.0,11.0,186.84,186.84,2022-08-31 11:00:00
2022,8.0,31.0,12.0,167.08,167.08,2022-08-31 12:00:00
2022,8.0,31.0,13.0,161.92,161.92,2022-08-31 13:00:00
2022,8.0,31.0,14.0,165.0,165.0,2022-08-31 14:00:00
2022,8.0,31.0,15.0,159.5,159.5,2022-08-31 15:00:00
2022,8.0,31.0,16.0,156.8,156.8,2022-08-31 16:00:00
2022,8.0,31.0,17.0,156.25,156.25,2022-08-31 17:00:00
2022,8.0,31.0,18.0,156.68,156.68,2022-08-31 18:00:00
2022,8.0,31.0,19.0,158.8,158.8,2022-08-31 19:00:00
2022,8.0,31.0,20.0,179.94,179.94,2022-08-31 20:00:00
2022,8.0,31.0,21.0,220.0,220.0,2022-08-31 21:00:00
2022,8.0,31.0,22.0,227.0,227.0,2022-08-31 22:00:00
2022,8.0,31.0,23.0,208.0,208.0,2022-08-31 23:00:00
2022,8.0,31.0,24.0,178.04,178.04,2022-09-01 00:00:00
2022,9.0,1.0,1.0,200.0,200.0,2022-09-01 01:00:00
2022,9.0,1.0,2.0,181.99,181.99,2022-09-01 02:00:00
2022,9.0,1.0,3.0,178.54,178.54,2022-09-01 03:00:00
2022,9.0,1.0,4.0,178.54,178.54,2022-09-01 04:00:00
2022,9.0,1.0,5.0,181.23,181.23,2022-09-01 05:00:00
2022,9.0,1.0,6.0,189.65,189.65,2022-09-01 06:00:00
2022,9.0,1.0,7.0,198.64,198.64,2022-09-01 07:00:00
2022,9.0,1.0,8.0,227.31,227.31,2022-09-01 08:00:00
2022,9.0,1.0,9.0,228.4,228.4,2022-09-01 09:00:00
2022,9.0,1.0,10.0,225.0,225.0,2022-09-01 10:00:00
2022,9.0,1.0,11.0,197.65,197.65,2022-09-01 11:00:00
2022,9.0,1.0,12.0,179.25,179.25,2022-09-01 12:00:00
2022,9.0,1.0,13.0,178.65,178.65,2022-09-01 13:00:00
2022,9.0,1.0,14.0,179.0,179.0,2022-09-01 14:00:00
2022,9.0,1.0,15.0,175.08,175.08,2022-09-01 15:00:00
2022,9.0,1.0,16.0,148.6,148.6,2022-09-01 16:00:00
2022,9.0,1.0,17.0,149.7,149.7,2022-09-01 17:00:00
2022,9.0,1.0,18.0,157.68,157.68,2022-09-01 18:00:00
2022,9.0,1.0,19.0,176.12,176.12,2022-09-01 19:00:00
2022,9.0,1.0,20.0,210.0,210.0,2022-09-01 20:00:00
2022,9.0,1.0,21.0,230.01,230.01,2022-09-01 21:00:00
2022,9.0,1.0,22.0,250.0,250.0,2022-09-01 22:00:00
2022,9.0,1.0,23.0,228.4,228.4,2022-09-01 23:00:00
2022,9.0,1.0,24.0,191.23,191.23,2022-09-02 00:00:00
2022,9.0,2.0,1.0,157.39,157.39,2022-09-02 01:00:00
2022,9.0,2.0,2.0,141.98,141.98,2022-09-02 02:00:00
2022,9.0,2.0,3.0,137.76,137.76,2022-09-02 03:00:00
2022,9.0,2.0,4.0,137.54,137.54,2022-09-02 04:00:00
2022,9.0,2.0,5.0,137.76,137.76,2022-09-02 05:00:00
2022,9.0,2.0,6.0,140.92,140.92,2022-09-02 06:00:00
2022,9.0,2.0,7.0,140.92,140.92,2022-09-02 07:00:00
2022,9.0,2.0,8.0,193.18,193.18,2022-09-02 08:00:00
2022,9.0,2.0,9.0,200.0,200.0,2022-09-02 09:00:00
2022,9.0,2.0,10.0,194.72,194.72,2022-09-02 10:00:00
2022,9.0,2.0,11.0,152.79,152.79,2022-09-02 11:00:00
2022,9.0,2.0,12.0,140.92,140.92,2022-09-02 12:00:00
2022,9.0,2.0,13.0,149.0,149.0,2022-09-02 13:00:00
2022,9.0,2.0,14.0,146.78,146.78,2022-09-02 14:00:00
2022,9.0,2.0,15.0,139.64,139.64,2022-09-02 15:00:00
2022,9.0,2.0,16.0,130.0,130.0,2022-09-02 16:00:00
2022,9.0,2.0,17.0,119.77,119.77,2022-09-02 17:00:00
2022,9.0,2.0,18.0,120.77,120.77,2022-09-02 18:00:00
2022,9.0,2.0,19.0,129.98,129.98,2022-09-02 19:00:00
2022,9.0,2.0,20.0,141.98,141.98,2022-09-02 20:00:00
2022,9.0,2.0,21.0,194.65,194.65,2022-09-02 21:00:00
2022,9.0,2.0,22.0,205.27,205.27,2022-09-02 22:00:00
2022,9.0,2.0,23.0,160.0,160.0,2022-09-02 23:00:00
2022,9.0,2.0,24.0,137.54,137.54,2022-09-03 00:00:00
2022,9.0,3.0,1.0,149.95,149.95,2022-09-03 01:00:00
2022,9.0,3.0,2.0,137.64,137.64,2022-09-03 02:00:00
2022,9.0,3.0,3.0,124.01,124.01,2022-09-03 03:00:00
2022,9.0,3.0,4.0,117.79,117.79,2022-09-03 04:00:00
2022,9.0,3.0,5.0,136.12,136.12,2022-09-03 05:00:00
2022,9.0,3.0,6.0,141.17,141.17,2022-09-03 06:00:00
2022,9.0,3.0,7.0,151.99,151.99,2022-09-03 07:00:00
2022,9.0,3.0,8.0,149.99,149.99,2022-09-03 08:00:00
2022,9.0,3.0,9.0,155.44,155.44,2022-09-03 09:00:00
2022,9.0,3.0,10.0,137.64,137.64,2022-09-03 10:00:00
2022,9.0,3.0,11.0,101.0,101.0,2022-09-03 11:00:00
2022,9.0,3.0,12.0,96.44,96.44,2022-09-03 12:00:00
2022,9.0,3.0,13.0,93.5,93.5,2022-09-03 13:00:00
2022,9.0,3.0,14.0,91.5,91.5,2022-09-03 14:00:00
2022,9.0,3.0,15.0,80.0,80.0,2022-09-03 15:00:00
2022,9.0,3.0,16.0,50.0,50.0,2022-09-03 16:00:00
2022,9.0,3.0,17.0,23.77,23.77,2022-09-03 17:00:00
2022,9.0,3.0,18.0,30.0,30.0,2022-09-03 18:00:00
2022,9.0,3.0,19.0,68.1,68.1,2022-09-03 19:00:00
2022,9.0,3.0,20.0,95.5,95.5,2022-09-03 20:00:00
2022,9.0,3.0,21.0,163.9,163.9,2022-09-03 21:00:00
2022,9.0,3.0,22.0,206.8,206.8,2022-09-03 22:00:00
2022,9.0,3.0,23.0,203.16,203.16,2022-09-03 23:00:00
2022,9.0,3.0,24.0,155.96,155.96,2022-09-04 00:00:00
2022,9.0,4.0,1.0,200.7,200.7,2022-09-04 01:00:00
2022,9.0,4.0,2.0,180.0,180.0,2022-09-04 02:00:00
2022,9.0,4.0,3.0,176.0,176.0,2022-09-04 03:00:00
2022,9.0,4.0,4.0,179.0,179.0,2022-09-04 04:00:00
2022,9.0,4.0,5.0,180.0,180.0,2022-09-04 05:00:00
2022,9.0,4.0,6.0,185.0,185.0,2022-09-04 06:00:00
2022,9.0,4.0,7.0,190.3,190.3,2022-09-04 07:00:00
2022,9.0,4.0,8.0,194.99,194.99,2022-09-04 08:00:00
2022,9.0,4.0,9.0,204.29,204.29,2022-09-04 09:00:00
2022,9.0,4.0,10.0,180.0,180.0,2022-09-04 10:00:00
2022,9.0,4.0,11.0,102.46,102.46,2022-09-04 11:00:00
2022,9.0,4.0,12.0,85.5,85.5,2022-09-04 12:00:00
2022,9.0,4.0,13.0,82.5,82.5,2022-09-04 13:00:00
2022,9.0,4.0,14.0,80.5,80.5,2022-09-04 14:00:00
2022,9.0,4.0,15.0,65.16,65.16,2022-09-04 15:00:00
2022,9.0,4.0,16.0,39.31,39.31,2022-09-04 16:00:00
2022,9.0,4.0,17.0,19.9,19.9,2022-09-04 17:00:00
2022,9.0,4.0,18.0,21.09,21.09,2022-09-04 18:00:00
2022,9.0,4.0,19.0,80.0,80.0,2022-09-04 19:00:00
2022,9.0,4.0,20.0,126.56,126.56,2022-09-04 20:00:00
2022,9.0,4.0,21.0,204.88,204.88,2022-09-04 21:00:00
2022,9.0,4.0,22.0,250.0,250.0,2022-09-04 22:00:00
2022,9.0,4.0,23.0,252.02,252.02,2022-09-04 23:00:00
2022,9.0,4.0,24.0,238.64,238.64,2022-09-05 00:00:00
2022,9.0,5.0,1.0,216.01,216.01,2022-09-05 01:00:00
2022,9.0,5.0,2.0,203.21,203.21,2022-09-05 02:00:00
2022,9.0,5.0,3.0,195.52,195.52,2022-09-05 03:00:00
2022,9.0,5.0,4.0,190.0,190.0,2022-09-05 04:00:00
2022,9.0,5.0,5.0,191.0,191.0,2022-09-05 05:00:00
2022,9.0,5.0,6.0,195.52,195.52,2022-09-05 06:00:00
2022,9.0,5.0,7.0,206.1,206.1,2022-09-05 07:00:00
2022,9.0,5.0,8.0,220.5,220.5,2022-09-05 08:00:00
2022,9.0,5.0,9.0,221.5,221.5,2022-09-05 09:00:00
2022,9.0,5.0,10.0,206.8,206.8,2022-09-05 10:00:00
2022,9.0,5.0,11.0,195.0,195.0,2022-09-05 11:00:00
2022,9.0,5.0,12.0,168.0,168.0,2022-09-05 12:00:00
2022,9.0,5.0,13.0,147.79,147.79,2022-09-05 13:00:00
2022,9.0,5.0,14.0,142.14,142.14,2022-09-05 14:00:00
2022,9.0,5.0,15.0,137.16,137.16,2022-09-05 15:00:00
2022,9.0,5.0,16.0,121.24,121.24,2022-09-05 16:00:00
2022,9.0,5.0,17.0,121.19,121.19,2022-09-05 17:00:00
2022,9.0,5.0,18.0,129.48,129.48,2022-09-05 18:00:00
2022,9.0,5.0,19.0,143.2,143.2,2022-09-05 19:00:00
2022,9.0,5.0,20.0,197.75,197.75,2022-09-05 20:00:00
2022,9.0,5.0,21.0,223.95,223.95,2022-09-05 21:00:00
2022,9.0,5.0,22.0,277.0,277.0,2022-09-05 22:00:00
2022,9.0,5.0,23.0,253.2,253.2,2022-09-05 23:00:00
2022,9.0,5.0,24.0,221.5,221.5,2022-09-06 00:00:00
2022,9.0,6.0,1.0,190.99,190.99,2022-09-06 01:00:00
2022,9.0,6.0,2.0,143.2,143.2,2022-09-06 02:00:00
2022,9.0,6.0,3.0,138.57,138.57,2022-09-06 03:00:00
2022,9.0,6.0,4.0,136.57,136.57,2022-09-06 04:00:00
2022,9.0,6.0,5.0,137.57,137.57,2022-09-06 05:00:00
2022,9.0,6.0,6.0,139.57,139.57,2022-09-06 06:00:00
2022,9.0,6.0,7.0,145.37,145.37,2022-09-06 07:00:00
2022,9.0,6.0,8.0,213.95,213.95,2022-09-06 08:00:00
2022,9.0,6.0,9.0,214.69,214.69,2022-09-06 09:00:00
2022,9.0,6.0,10.0,193.51,193.51,2022-09-06 10:00:00
2022,9.0,6.0,11.0,144.99,144.99,2022-09-06 11:00:00
2022,9.0,6.0,12.0,139.57,139.57,2022-09-06 12:00:00
2022,9.0,6.0,13.0,139.5,139.5,2022-09-06 13:00:00
2022,9.0,6.0,14.0,138.57,138.57,2022-09-06 14:00:00
2022,9.0,6.0,15.0,130.77,130.77,2022-09-06 15:00:00
2022,9.0,6.0,16.0,129.77,129.77,2022-09-06 16:00:00
2022,9.0,6.0,17.0,129.77,129.77,2022-09-06 17:00:00
2022,9.0,6.0,18.0,133.16,133.16,2022-09-06 18:00:00
2022,9.0,6.0,19.0,140.0,140.0,2022-09-06 19:00:00
2022,9.0,6.0,20.0,213.95,213.95,2022-09-06 20:00:00
2022,9.0,6.0,21.0,243.94,243.94,2022-09-06 21:00:00
2022,9.0,6.0,22.0,261.67,261.67,2022-09-06 22:00:00
2022,9.0,6.0,23.0,240.97,240.97,2022-09-06 23:00:00
2022,9.0,6.0,24.0,229.01,229.01,2022-09-07 00:00:00
2022,9.0,7.0,1.0,115.19,115.19,2022-09-07 01:00:00
2022,9.0,7.0,2.0,107.07,107.07,2022-09-07 02:00:00
2022,9.0,7.0,3.0,96.93,96.93,2022-09-07 03:00:00
2022,9.0,7.0,4.0,95.5,95.5,2022-09-07 04:00:00
2022,9.0,7.0,5.0,95.5,95.5,2022-09-07 05:00:00
2022,9.0,7.0,6.0,95.5,95.5,2022-09-07 06:00:00
2022,9.0,7.0,7.0,108.98,108.98,2022-09-07 07:00:00
2022,9.0,7.0,8.0,170.0,170.0,2022-09-07 08:00:00
2022,9.0,7.0,9.0,177.03,177.03,2022-09-07 09:00:00
2022,9.0,7.0,10.0,119.98,119.98,2022-09-07 10:00:00
2022,9.0,7.0,11.0,99.1,99.1,2022-09-07 11:00:00
2022,9.0,7.0,12.0,93.5,93.5,2022-09-07 12:00:00
2022,9.0,7.0,13.0,91.5,91.5,2022-09-07 13:00:00
2022,9.0,7.0,14.0,82.42,82.42,2022-09-07 14:00:00
2022,9.0,7.0,15.0,53.94,53.94,2022-09-07 15:00:00
2022,9.0,7.0,16.0,50.1,50.1,2022-09-07 16:00:00
2022,9.0,7.0,17.0,48.42,48.42,2022-09-07 17:00:00
2022,9.0,7.0,18.0,53.02,53.02,2022-09-07 18:00:00
2022,9.0,7.0,19.0,76.0,76.0,2022-09-07 19:00:00
2022,9.0,7.0,20.0,98.3,98.3,2022-09-07 20:00:00
2022,9.0,7.0,21.0,155.96,155.96,2022-09-07 21:00:00
2022,9.0,7.0,22.0,189.15,189.15,2022-09-07 22:00:00
2022,9.0,7.0,23.0,164.42,164.42,2022-09-07 23:00:00
2022,9.0,7.0,24.0,120.0,120.0,2022-09-08 00:00:00
2022,9.0,8.0,1.0,153.14,153.14,2022-09-08 01:00:00
2022,9.0,8.0,2.0,150.0,150.0,2022-09-08 02:00:00
2022,9.0,8.0,3.0,146.71,146.71,2022-09-08 03:00:00
2022,9.0,8.0,4.0,130.1,130.1,2022-09-08 04:00:00
2022,9.0,8.0,5.0,130.1,130.1,2022-09-08 05:00:00
2022,9.0,8.0,6.0,130.0,130.0,2022-09-08 06:00:00
2022,9.0,8.0,7.0,137.9,137.9,2022-09-08 07:00:00
2022,9.0,8.0,8.0,161.6,161.6,2022-09-08 08:00:00
2022,9.0,8.0,9.0,175.06,175.06,2022-09-08 09:00:00
2022,9.0,8.0,10.0,162.12,162.12,2022-09-08 10:00:00
2022,9.0,8.0,11.0,157.35,157.35,2022-09-08 11:00:00
2022,9.0,8.0,12.0,150.89,150.89,2022-09-08 12:00:00
2022,9.0,8.0,13.0,152.63,152.63,2022-09-08 13:00:00
2022,9.0,8.0,14.0,153.14,153.14,2022-09-08 14:00:00
2022,9.0,8.0,15.0,138.93,138.93,2022-09-08 15:00:00
2022,9.0,8.0,16.0,129.99,129.99,2022-09-08 16:00:00
2022,9.0,8.0,17.0,125.0,125.0,2022-09-08 17:00:00
2022,9.0,8.0,18.0,130.0,130.0,2022-09-08 18:00:00
2022,9.0,8.0,19.0,148.8,148.8,2022-09-08 19:00:00
2022,9.0,8.0,20.0,158.29,158.29,2022-09-08 20:00:00
2022,9.0,8.0,21.0,200.0,200.0,2022-09-08 21:00:00
2022,9.0,8.0,22.0,250.0,250.0,2022-09-08 22:00:00
2022,9.0,8.0,23.0,198.36,198.36,2022-09-08 23:00:00
2022,9.0,8.0,24.0,172.36,172.36,2022-09-09 00:00:00
2022,9.0,9.0,1.0,190.0,190.0,2022-09-09 01:00:00
2022,9.0,9.0,2.0,170.78,170.78,2022-09-09 02:00:00
2022,9.0,9.0,3.0,160.1,160.1,2022-09-09 03:00:00
2022,9.0,9.0,4.0,157.27,157.27,2022-09-09 04:00:00
2022,9.0,9.0,5.0,157.17,157.17,2022-09-09 05:00:00
2022,9.0,9.0,6.0,159.93,159.93,2022-09-09 06:00:00
2022,9.0,9.0,7.0,152.77,152.77,2022-09-09 07:00:00
2022,9.0,9.0,8.0,193.48,193.48,2022-09-09 08:00:00
2022,9.0,9.0,9.0,205.0,205.0,2022-09-09 09:00:00
2022,9.0,9.0,10.0,171.55,171.55,2022-09-09 10:00:00
2022,9.0,9.0,11.0,133.01,133.01,2022-09-09 11:00:00
2022,9.0,9.0,12.0,120.52,120.52,2022-09-09 12:00:00
2022,9.0,9.0,13.0,118.69,118.69,2022-09-09 13:00:00
2022,9.0,9.0,14.0,118.0,118.0,2022-09-09 14:00:00
2022,9.0,9.0,15.0,121.04,121.04,2022-09-09 15:00:00
2022,9.0,9.0,16.0,119.58,119.58,2022-09-09 16:00:00
2022,9.0,9.0,17.0,118.17,118.17,2022-09-09 17:00:00
2022,9.0,9.0,18.0,121.0,121.0,2022-09-09 18:00:00
2022,9.0,9.0,19.0,119.14,119.14,2022-09-09 19:00:00
2022,9.0,9.0,20.0,160.1,160.1,2022-09-09 20:00:00
2022,9.0,9.0,21.0,234.67,234.67,2022-09-09 21:00:00
2022,9.0,9.0,22.0,250.0,250.0,2022-09-09 22:00:00
2022,9.0,9.0,23.0,220.0,220.0,2022-09-09 23:00:00
2022,9.0,9.0,24.0,161.43,161.43,2022-09-10 00:00:00
2022,9.0,10.0,1.0,209.39,209.39,2022-09-10 01:00:00
2022,9.0,10.0,2.0,190.0,190.0,2022-09-10 02:00:00
2022,9.0,10.0,3.0,172.86,172.86,2022-09-10 03:00:00
2022,9.0,10.0,4.0,171.63,171.63,2022-09-10 04:00:00
2022,9.0,10.0,5.0,170.91,170.91,2022-09-10 05:00:00
2022,9.0,10.0,6.0,170.91,170.91,2022-09-10 06:00:00
2022,9.0,10.0,7.0,171.63,171.63,2022-09-10 07:00:00
2022,9.0,10.0,8.0,172.86,172.86,2022-09-10 08:00:00
2022,9.0,10.0,9.0,171.63,171.63,2022-09-10 09:00:00
2022,9.0,10.0,10.0,165.2,165.2,2022-09-10 10:00:00
2022,9.0,10.0,11.0,140.68,140.68,2022-09-10 11:00:00
2022,9.0,10.0,12.0,147.87,147.87,2022-09-10 12:00:00
2022,9.0,10.0,13.0,148.69,148.69,2022-09-10 13:00:00
2022,9.0,10.0,14.0,148.93,148.93,2022-09-10 14:00:00
2022,9.0,10.0,15.0,140.1,140.1,2022-09-10 15:00:00
2022,9.0,10.0,16.0,123.35,123.35,2022-09-10 16:00:00
2022,9.0,10.0,17.0,120.83,120.83,2022-09-10 17:00:00
2022,9.0,10.0,18.0,135.0,135.0,2022-09-10 18:00:00
2022,9.0,10.0,19.0,157.0,157.0,2022-09-10 19:00:00
2022,9.0,10.0,20.0,186.0,186.0,2022-09-10 20:00:00
2022,9.0,10.0,21.0,250.19,250.19,2022-09-10 21:00:00
2022,9.0,10.0,22.0,300.0,300.0,2022-09-10 22:00:00
2022,9.0,10.0,23.0,255.1,255.1,2022-09-10 23:00:00
2022,9.0,10.0,24.0,204.51,204.51,2022-09-11 00:00:00
2022,9.0,11.0,1.0,210.0,210.0,2022-09-11 01:00:00
2022,9.0,11.0,2.0,191.34,191.34,2022-09-11 02:00:00
2022,9.0,11.0,3.0,189.77,189.77,2022-09-11 03:00:00
2022,9.0,11.0,4.0,187.52,187.52,2022-09-11 04:00:00
2022,9.0,11.0,5.0,185.73,185.73,2022-09-11 05:00:00
2022,9.0,11.0,6.0,184.26,184.26,2022-09-11 06:00:00
2022,9.0,11.0,7.0,184.15,184.15,2022-09-11 07:00:00
2022,9.0,11.0,8.0,180.05,180.05,2022-09-11 08:00:00
2022,9.0,11.0,9.0,157.0,157.0,2022-09-11 09:00:00
2022,9.0,11.0,10.0,177.38,177.38,2022-09-11 10:00:00
2022,9.0,11.0,11.0,135.82,135.82,2022-09-11 11:00:00
2022,9.0,11.0,12.0,118.15,118.15,2022-09-11 12:00:00
2022,9.0,11.0,13.0,112.35,112.35,2022-09-11 13:00:00
2022,9.0,11.0,14.0,108.6,108.6,2022-09-11 14:00:00
2022,9.0,11.0,15.0,100.2,100.2,2022-09-11 15:00:00
2022,9.0,11.0,16.0,99.5,99.5,2022-09-11 16:00:00
2022,9.0,11.0,17.0,98.5,98.5,2022-09-11 17:00:00
2022,9.0,11.0,18.0,102.07,102.07,2022-09-11 18:00:00
2022,9.0,11.0,19.0,116.04,116.04,2022-09-11 19:00:00
2022,9.0,11.0,20.0,175.86,175.86,2022-09-11 20:00:00
2022,9.0,11.0,21.0,193.67,193.67,2022-09-11 21:00:00
2022,9.0,11.0,22.0,252.0,252.0,2022-09-11 22:00:00
2022,9.0,11.0,23.0,221.71,221.71,2022-09-11 23:00:00
2022,9.0,11.0,24.0,192.44,192.44,2022-09-12 00:00:00
2022,9.0,12.0,1.0,190.39,190.39,2022-09-12 01:00:00
2022,9.0,12.0,2.0,165.25,165.25,2022-09-12 02:00:00
2022,9.0,12.0,3.0,155.01,155.01,2022-09-12 03:00:00
2022,9.0,12.0,4.0,140.0,140.0,2022-09-12 04:00:00
2022,9.0,12.0,5.0,140.0,140.0,2022-09-12 05:00:00
2022,9.0,12.0,6.0,140.0,140.0,2022-09-12 06:00:00
2022,9.0,12.0,7.0,162.25,162.25,2022-09-12 07:00:00
2022,9.0,12.0,8.0,188.87,188.87,2022-09-12 08:00:00
2022,9.0,12.0,9.0,204.0,204.0,2022-09-12 09:00:00
2022,9.0,12.0,10.0,220.0,220.0,2022-09-12 10:00:00
2022,9.0,12.0,11.0,200.0,200.0,2022-09-12 11:00:00
2022,9.0,12.0,12.0,175.04,175.04,2022-09-12 12:00:00
2022,9.0,12.0,13.0,160.0,160.0,2022-09-12 13:00:00
2022,9.0,12.0,14.0,161.25,161.25,2022-09-12 14:00:00
2022,9.0,12.0,15.0,135.0,135.0,2022-09-12 15:00:00
2022,9.0,12.0,16.0,135.97,135.97,2022-09-12 16:00:00
2022,9.0,12.0,17.0,156.1,156.1,2022-09-12 17:00:00
2022,9.0,12.0,18.0,176.38,176.38,2022-09-12 18:00:00
2022,9.0,12.0,19.0,193.92,193.92,2022-09-12 19:00:00
2022,9.0,12.0,20.0,206.32,206.32,2022-09-12 20:00:00
2022,9.0,12.0,21.0,225.03,225.03,2022-09-12 21:00:00
2022,9.0,12.0,22.0,240.01,240.01,2022-09-12 22:00:00
2022,9.0,12.0,23.0,183.11,183.11,2022-09-12 23:00:00
2022,9.0,12.0,24.0,161.25,161.25,2022-09-13 00:00:00
2022,9.0,13.0,1.0,131.27,131.27,2022-09-13 01:00:00
2022,9.0,13.0,2.0,120.0,120.0,2022-09-13 02:00:00
2022,9.0,13.0,3.0,113.25,113.25,2022-09-13 03:00:00
2022,9.0,13.0,4.0,100.0,100.0,2022-09-13 04:00:00
2022,9.0,13.0,5.0,91.73,91.73,2022-09-13 05:00:00
2022,9.0,13.0,6.0,90.0,90.0,2022-09-13 06:00:00
2022,9.0,13.0,7.0,101.55,101.55,2022-09-13 07:00:00
2022,9.0,13.0,8.0,120.0,120.0,2022-09-13 08:00:00
2022,9.0,13.0,9.0,120.07,120.07,2022-09-13 09:00:00
2022,9.0,13.0,10.0,130.0,130.0,2022-09-13 10:00:00
2022,9.0,13.0,11.0,126.04,126.04,2022-09-13 11:00:00
2022,9.0,13.0,12.0,114.25,114.25,2022-09-13 12:00:00
2022,9.0,13.0,13.0,113.25,113.25,2022-09-13 13:00:00
2022,9.0,13.0,14.0,113.0,113.0,2022-09-13 14:00:00
2022,9.0,13.0,15.0,109.68,109.68,2022-09-13 15:00:00
2022,9.0,13.0,16.0,110.0,110.0,2022-09-13 16:00:00
2022,9.0,13.0,17.0,111.25,111.25,2022-09-13 17:00:00
2022,9.0,13.0,18.0,112.25,112.25,2022-09-13 18:00:00
2022,9.0,13.0,19.0,130.21,130.21,2022-09-13 19:00:00
2022,9.0,13.0,20.0,170.0,170.0,2022-09-13 20:00:00
2022,9.0,13.0,21.0,205.19,205.19,2022-09-13 21:00:00
2022,9.0,13.0,22.0,212.0,212.0,2022-09-13 22:00:00
2022,9.0,13.0,23.0,195.07,195.07,2022-09-13 23:00:00
2022,9.0,13.0,24.0,150.0,150.0,2022-09-14 00:00:00
2022,9.0,14.0,1.0,110.0,110.0,2022-09-14 01:00:00
2022,9.0,14.0,2.0,104.48,104.48,2022-09-14 02:00:00
2022,9.0,14.0,3.0,95.25,95.25,2022-09-14 03:00:00
2022,9.0,14.0,4.0,94.25,94.25,2022-09-14 04:00:00
2022,9.0,14.0,5.0,95.25,95.25,2022-09-14 05:00:00
2022,9.0,14.0,6.0,101.75,101.75,2022-09-14 06:00:00
2022,9.0,14.0,7.0,109.21,109.21,2022-09-14 07:00:00
2022,9.0,14.0,8.0,130.0,130.0,2022-09-14 08:00:00
2022,9.0,14.0,9.0,153.05,153.05,2022-09-14 09:00:00
2022,9.0,14.0,10.0,153.05,153.05,2022-09-14 10:00:00
2022,9.0,14.0,11.0,142.04,142.04,2022-09-14 11:00:00
2022,9.0,14.0,12.0,113.9,113.9,2022-09-14 12:00:00
2022,9.0,14.0,13.0,118.43,118.43,2022-09-14 13:00:00
2022,9.0,14.0,14.0,111.0,111.0,2022-09-14 14:00:00
2022,9.0,14.0,15.0,109.21,109.21,2022-09-14 15:00:00
2022,9.0,14.0,16.0,108.0,108.0,2022-09-14 16:00:00
2022,9.0,14.0,17.0,109.21,109.21,2022-09-14 17:00:00
2022,9.0,14.0,18.0,111.0,111.0,2022-09-14 18:00:00
2022,9.0,14.0,19.0,131.48,131.48,2022-09-14 19:00:00
2022,9.0,14.0,20.0,175.01,175.01,2022-09-14 20:00:00
2022,9.0,14.0,21.0,215.0,215.0,2022-09-14 21:00:00
2022,9.0,14.0,22.0,240.0,240.0,2022-09-14 22:00:00
2022,9.0,14.0,23.0,208.1,208.1,2022-09-14 23:00:00
2022,9.0,14.0,24.0,168.05,168.05,2022-09-15 00:00:00
2022,9.0,15.0,1.0,174.52,174.52,2022-09-15 01:00:00
2022,9.0,15.0,2.0,170.01,170.01,2022-09-15 02:00:00
2022,9.0,15.0,3.0,165.05,165.05,2022-09-15 03:00:00
2022,9.0,15.0,4.0,155.04,155.04,2022-09-15 04:00:00
2022,9.0,15.0,5.0,164.79,164.79,2022-09-15 05:00:00
2022,9.0,15.0,6.0,165.05,165.05,2022-09-15 06:00:00
2022,9.0,15.0,7.0,168.0,168.0,2022-09-15 07:00:00
2022,9.0,15.0,8.0,176.69,176.69,2022-09-15 08:00:00
2022,9.0,15.0,9.0,194.45,194.45,2022-09-15 09:00:00
2022,9.0,15.0,10.0,186.9,186.9,2022-09-15 10:00:00
2022,9.0,15.0,11.0,176.29,176.29,2022-09-15 11:00:00
2022,9.0,15.0,12.0,175.99,175.99,2022-09-15 12:00:00
2022,9.0,15.0,13.0,176.43,176.43,2022-09-15 13:00:00
2022,9.0,15.0,14.0,176.68,176.68,2022-09-15 14:00:00
2022,9.0,15.0,15.0,176.09,176.09,2022-09-15 15:00:00
2022,9.0,15.0,16.0,172.5,172.5,2022-09-15 16:00:00
2022,9.0,15.0,17.0,165.05,165.05,2022-09-15 17:00:00
2022,9.0,15.0,18.0,168.0,168.0,2022-09-15 18:00:00
2022,9.0,15.0,19.0,173.01,173.01,2022-09-15 19:00:00
2022,9.0,15.0,20.0,194.84,194.84,2022-09-15 20:00:00
2022,9.0,15.0,21.0,210.0,210.0,2022-09-15 21:00:00
2022,9.0,15.0,22.0,215.25,215.25,2022-09-15 22:00:00
2022,9.0,15.0,23.0,179.44,179.44,2022-09-15 23:00:00
2022,9.0,15.0,24.0,155.0,155.0,2022-09-16 00:00:00
2022,9.0,16.0,1.0,191.42,191.42,2022-09-16 01:00:00
2022,9.0,16.0,2.0,181.6,181.6,2022-09-16 02:00:00
2022,9.0,16.0,3.0,165.0,165.0,2022-09-16 03:00:00
2022,9.0,16.0,4.0,156.43,156.43,2022-09-16 04:00:00
2022,9.0,16.0,5.0,155.2,155.2,2022-09-16 05:00:00
2022,9.0,16.0,6.0,155.71,155.71,2022-09-16 06:00:00
2022,9.0,16.0,7.0,171.0,171.0,2022-09-16 07:00:00
2022,9.0,16.0,8.0,192.83,192.83,2022-09-16 08:00:00
2022,9.0,16.0,9.0,201.36,201.36,2022-09-16 09:00:00
2022,9.0,16.0,10.0,190.13,190.13,2022-09-16 10:00:00
2022,9.0,16.0,11.0,170.0,170.0,2022-09-16 11:00:00
2022,9.0,16.0,12.0,181.6,181.6,2022-09-16 12:00:00
2022,9.0,16.0,13.0,181.6,181.6,2022-09-16 13:00:00
2022,9.0,16.0,14.0,180.1,180.1,2022-09-16 14:00:00
2022,9.0,16.0,15.0,154.69,154.69,2022-09-16 15:00:00
2022,9.0,16.0,16.0,144.09,144.09,2022-09-16 16:00:00
2022,9.0,16.0,17.0,140.0,140.0,2022-09-16 17:00:00
2022,9.0,16.0,18.0,141.32,141.32,2022-09-16 18:00:00
2022,9.0,16.0,19.0,150.0,150.0,2022-09-16 19:00:00
2022,9.0,16.0,20.0,181.01,181.01,2022-09-16 20:00:00
2022,9.0,16.0,21.0,201.76,201.76,2022-09-16 21:00:00
2022,9.0,16.0,22.0,202.28,202.28,2022-09-16 22:00:00
2022,9.0,16.0,23.0,180.0,180.0,2022-09-16 23:00:00
2022,9.0,16.0,24.0,146.0,146.0,2022-09-17 00:00:00
2022,9.0,17.0,1.0,90.0,90.0,2022-09-17 01:00:00
2022,9.0,17.0,2.0,63.93,63.93,2022-09-17 02:00:00
2022,9.0,17.0,3.0,59.64,59.64,2022-09-17 03:00:00
2022,9.0,17.0,4.0,55.0,55.0,2022-09-17 04:00:00
2022,9.0,17.0,5.0,53.95,53.95,2022-09-17 05:00:00
2022,9.0,17.0,6.0,54.63,54.63,2022-09-17 06:00:00
2022,9.0,17.0,7.0,54.84,54.84,2022-09-17 07:00:00
2022,9.0,17.0,8.0,58.43,58.43,2022-09-17 08:00:00
2022,9.0,17.0,9.0,58.63,58.63,2022-09-17 09:00:00
2022,9.0,17.0,10.0,49.0,49.0,2022-09-17 10:00:00
2022,9.0,17.0,11.0,15.01,15.01,2022-09-17 11:00:00
2022,9.0,17.0,12.0,10.0,10.0,2022-09-17 12:00:00
2022,9.0,17.0,13.0,19.28,19.28,2022-09-17 13:00:00
2022,9.0,17.0,14.0,30.1,30.1,2022-09-17 14:00:00
2022,9.0,17.0,15.0,30.1,30.1,2022-09-17 15:00:00
2022,9.0,17.0,16.0,47.63,30.0,2022-09-17 16:00:00
2022,9.0,17.0,17.0,49.69,34.18,2022-09-17 17:00:00
2022,9.0,17.0,18.0,51.32,51.32,2022-09-17 18:00:00
2022,9.0,17.0,19.0,88.1,58.73,2022-09-17 19:00:00
2022,9.0,17.0,20.0,100.0,100.0,2022-09-17 20:00:00
2022,9.0,17.0,21.0,141.52,141.52,2022-09-17 21:00:00
2022,9.0,17.0,22.0,167.5,167.5,2022-09-17 22:00:00
2022,9.0,17.0,23.0,106.5,106.5,2022-09-17 23:00:00
2022,9.0,17.0,24.0,88.1,88.1,2022-09-18 00:00:00
2022,9.0,18.0,1.0,145.07,145.07,2022-09-18 01:00:00
2022,9.0,18.0,2.0,141.52,141.52,2022-09-18 02:00:00
2022,9.0,18.0,3.0,140.0,140.0,2022-09-18 03:00:00
2022,9.0,18.0,4.0,124.45,124.45,2022-09-18 04:00:00
2022,9.0,18.0,5.0,138.53,138.53,2022-09-18 05:00:00
2022,9.0,18.0,6.0,141.52,141.52,2022-09-18 06:00:00
2022,9.0,18.0,7.0,146.5,146.5,2022-09-18 07:00:00
2022,9.0,18.0,8.0,157.46,157.46,2022-09-18 08:00:00
2022,9.0,18.0,9.0,150.61,150.61,2022-09-18 09:00:00
2022,9.0,18.0,10.0,140.0,140.0,2022-09-18 10:00:00
2022,9.0,18.0,11.0,99.32,99.32,2022-09-18 11:00:00
2022,9.0,18.0,12.0,87.2,87.2,2022-09-18 12:00:00
2022,9.0,18.0,13.0,85.7,85.7,2022-09-18 13:00:00
2022,9.0,18.0,14.0,85.7,85.7,2022-09-18 14:00:00
2022,9.0,18.0,15.0,84.92,84.92,2022-09-18 15:00:00
2022,9.0,18.0,16.0,61.01,61.01,2022-09-18 16:00:00
2022,9.0,18.0,17.0,84.58,84.58,2022-09-18 17:00:00
2022,9.0,18.0,18.0,99.4,99.4,2022-09-18 18:00:00
2022,9.0,18.0,19.0,145.07,145.07,2022-09-18 19:00:00
2022,9.0,18.0,20.0,156.31,156.31,2022-09-18 20:00:00
2022,9.0,18.0,21.0,182.6,182.6,2022-09-18 21:00:00
2022,9.0,18.0,22.0,202.28,202.28,2022-09-18 22:00:00
2022,9.0,18.0,23.0,182.89,182.89,2022-09-18 23:00:00
2022,9.0,18.0,24.0,175.95,175.95,2022-09-19 00:00:00
2022,9.0,19.0,1.0,178.15,178.15,2022-09-19 01:00:00
2022,9.0,19.0,2.0,157.0,157.0,2022-09-19 02:00:00
2022,9.0,19.0,3.0,151.8,151.8,2022-09-19 03:00:00
2022,9.0,19.0,4.0,147.7,147.7,2022-09-19 04:00:00
2022,9.0,19.0,5.0,155.12,155.12,2022-09-19 05:00:00
2022,9.0,19.0,6.0,165.0,165.0,2022-09-19 06:00:00
2022,9.0,19.0,7.0,192.83,192.83,2022-09-19 07:00:00
2022,9.0,19.0,8.0,205.94,205.94,2022-09-19 08:00:00
2022,9.0,19.0,9.0,220.0,220.0,2022-09-19 09:00:00
2022,9.0,19.0,10.0,209.71,209.71,2022-09-19 10:00:00
2022,9.0,19.0,11.0,202.6,202.6,2022-09-19 11:00:00
2022,9.0,19.0,12.0,199.99,199.99,2022-09-19 12:00:00
2022,9.0,19.0,13.0,200.0,200.0,2022-09-19 13:00:00
2022,9.0,19.0,14.0,200.0,200.0,2022-09-19 14:00:00
2022,9.0,19.0,15.0,196.0,196.0,2022-09-19 15:00:00
2022,9.0,19.0,16.0,192.83,192.83,2022-09-19 16:00:00
2022,9.0,19.0,17.0,194.59,194.59,2022-09-19 17:00:00
2022,9.0,19.0,18.0,189.54,189.54,2022-09-19 18:00:00
2022,9.0,19.0,19.0,201.1,201.1,2022-09-19 19:00:00
2022,9.0,19.0,20.0,206.34,206.34,2022-09-19 20:00:00
2022,9.0,19.0,21.0,248.8,248.8,2022-09-19 21:00:00
2022,9.0,19.0,22.0,235.1,235.1,2022-09-19 22:00:00
2022,9.0,19.0,23.0,202.6,202.6,2022-09-19 23:00:00
2022,9.0,19.0,24.0,180.0,180.0,2022-09-20 00:00:00
2022,9.0,20.0,1.0,172.31,172.31,2022-09-20 01:00:00
2022,9.0,20.0,2.0,144.15,144.15,2022-09-20 02:00:00
2022,9.0,20.0,3.0,135.95,135.95,2022-09-20 03:00:00
2022,9.0,20.0,4.0,134.2,134.2,2022-09-20 04:00:00
2022,9.0,20.0,5.0,136.5,136.5,2022-09-20 05:00:00
2022,9.0,20.0,6.0,143.47,143.47,2022-09-20 06:00:00
2022,9.0,20.0,7.0,160.0,160.0,2022-09-20 07:00:00
2022,9.0,20.0,8.0,183.17,183.17,2022-09-20 08:00:00
2022,9.0,20.0,9.0,191.85,191.85,2022-09-20 09:00:00
2022,9.0,20.0,10.0,184.74,184.74,2022-09-20 10:00:00
2022,9.0,20.0,11.0,150.5,150.5,2022-09-20 11:00:00
2022,9.0,20.0,12.0,131.43,131.43,2022-09-20 12:00:00
2022,9.0,20.0,13.0,131.43,131.43,2022-09-20 13:00:00
2022,9.0,20.0,14.0,131.43,131.43,2022-09-20 14:00:00
2022,9.0,20.0,15.0,126.0,126.0,2022-09-20 15:00:00
2022,9.0,20.0,16.0,124.5,124.5,2022-09-20 16:00:00
2022,9.0,20.0,17.0,126.0,126.0,2022-09-20 17:00:00
2022,9.0,20.0,18.0,126.0,126.0,2022-09-20 18:00:00
2022,9.0,20.0,19.0,133.58,133.58,2022-09-20 19:00:00
2022,9.0,20.0,20.0,173.72,173.72,2022-09-20 20:00:00
2022,9.0,20.0,21.0,189.76,189.76,2022-09-20 21:00:00
2022,9.0,20.0,22.0,188.54,188.54,2022-09-20 22:00:00
2022,9.0,20.0,23.0,140.0,140.0,2022-09-20 23:00:00
2022,9.0,20.0,24.0,128.08,128.08,2022-09-21 00:00:00
2022,9.0,21.0,1.0,121.06,121.06,2022-09-21 01:00:00
2022,9.0,21.0,2.0,109.5,109.5,2022-09-21 02:00:00
2022,9.0,21.0,3.0,110.0,110.0,2022-09-21 03:00:00
2022,9.0,21.0,4.0,105.95,105.95,2022-09-21 04:00:00
2022,9.0,21.0,5.0,104.89,104.89,2022-09-21 05:00:00
2022,9.0,21.0,6.0,109.0,109.0,2022-09-21 06:00:00
2022,9.0,21.0,7.0,122.78,122.78,2022-09-21 07:00:00
2022,9.0,21.0,8.0,148.33,148.33,2022-09-21 08:00:00
2022,9.0,21.0,9.0,166.62,166.62,2022-09-21 09:00:00
2022,9.0,21.0,10.0,153.81,153.81,2022-09-21 10:00:00
2022,9.0,21.0,11.0,139.69,139.69,2022-09-21 11:00:00
2022,9.0,21.0,12.0,132.1,132.1,2022-09-21 12:00:00
2022,9.0,21.0,13.0,138.7,138.7,2022-09-21 13:00:00
2022,9.0,21.0,14.0,139.06,139.06,2022-09-21 14:00:00
2022,9.0,21.0,15.0,127.2,127.2,2022-09-21 15:00:00
2022,9.0,21.0,16.0,126.0,126.0,2022-09-21 16:00:00
2022,9.0,21.0,17.0,127.2,127.2,2022-09-21 17:00:00
2022,9.0,21.0,18.0,138.2,138.2,2022-09-21 18:00:00
2022,9.0,21.0,19.0,148.43,148.43,2022-09-21 19:00:00
2022,9.0,21.0,20.0,180.99,180.99,2022-09-21 20:00:00
2022,9.0,21.0,21.0,187.93,187.93,2022-09-21 21:00:00
2022,9.0,21.0,22.0,185.68,185.68,2022-09-21 22:00:00
2022,9.0,21.0,23.0,150.05,150.05,2022-09-21 23:00:00
2022,9.0,21.0,24.0,124.5,124.5,2022-09-22 00:00:00
2022,9.0,22.0,1.0,170.0,170.0,2022-09-22 01:00:00
2022,9.0,22.0,2.0,163.59,163.59,2022-09-22 02:00:00
2022,9.0,22.0,3.0,161.5,161.5,2022-09-22 03:00:00
2022,9.0,22.0,4.0,161.6,161.6,2022-09-22 04:00:00
2022,9.0,22.0,5.0,163.59,163.59,2022-09-22 05:00:00
2022,9.0,22.0,6.0,167.42,167.42,2022-09-22 06:00:00
2022,9.0,22.0,7.0,169.16,169.16,2022-09-22 07:00:00
2022,9.0,22.0,8.0,195.0,195.0,2022-09-22 08:00:00
2022,9.0,22.0,9.0,221.29,221.29,2022-09-22 09:00:00
2022,9.0,22.0,10.0,196.8,196.8,2022-09-22 10:00:00
2022,9.0,22.0,11.0,175.55,175.55,2022-09-22 11:00:00
2022,9.0,22.0,12.0,165.68,165.68,2022-09-22 12:00:00
2022,9.0,22.0,13.0,165.17,165.17,2022-09-22 13:00:00
2022,9.0,22.0,14.0,163.01,163.01,2022-09-22 14:00:00
2022,9.0,22.0,15.0,150.0,150.0,2022-09-22 15:00:00
2022,9.0,22.0,16.0,138.7,138.7,2022-09-22 16:00:00
2022,9.0,22.0,17.0,138.7,138.7,2022-09-22 17:00:00
2022,9.0,22.0,18.0,158.54,158.54,2022-09-22 18:00:00
2022,9.0,22.0,19.0,166.7,166.7,2022-09-22 19:00:00
2022,9.0,22.0,20.0,180.54,180.54,2022-09-22 20:00:00
2022,9.0,22.0,21.0,250.0,250.0,2022-09-22 21:00:00
2022,9.0,22.0,22.0,239.64,239.64,2022-09-22 22:00:00
2022,9.0,22.0,23.0,176.88,176.88,2022-09-22 23:00:00
2022,9.0,22.0,24.0,171.0,171.0,2022-09-23 00:00:00
2022,9.0,23.0,1.0,152.26,152.26,2022-09-23 01:00:00
2022,9.0,23.0,2.0,143.95,143.95,2022-09-23 02:00:00
2022,9.0,23.0,3.0,128.05,128.05,2022-09-23 03:00:00
2022,9.0,23.0,4.0,115.2,115.2,2022-09-23 04:00:00
2022,9.0,23.0,5.0,115.2,115.2,2022-09-23 05:00:00
2022,9.0,23.0,6.0,115.2,115.2,2022-09-23 06:00:00
2022,9.0,23.0,7.0,115.32,115.32,2022-09-23 07:00:00
2022,9.0,23.0,8.0,173.0,173.0,2022-09-23 08:00:00
2022,9.0,23.0,9.0,178.04,178.04,2022-09-23 09:00:00
2022,9.0,23.0,10.0,147.99,147.99,2022-09-23 10:00:00
2022,9.0,23.0,11.0,111.95,111.95,2022-09-23 11:00:00
2022,9.0,23.0,12.0,101.91,101.91,2022-09-23 12:00:00
2022,9.0,23.0,13.0,99.5,99.5,2022-09-23 13:00:00
2022,9.0,23.0,14.0,99.0,99.0,2022-09-23 14:00:00
2022,9.0,23.0,15.0,96.28,96.28,2022-09-23 15:00:00
2022,9.0,23.0,16.0,95.7,95.7,2022-09-23 16:00:00
2022,9.0,23.0,17.0,96.6,96.6,2022-09-23 17:00:00
2022,9.0,23.0,18.0,99.08,99.08,2022-09-23 18:00:00
2022,9.0,23.0,19.0,115.2,115.2,2022-09-23 19:00:00
2022,9.0,23.0,20.0,158.01,158.01,2022-09-23 20:00:00
2022,9.0,23.0,21.0,182.17,182.17,2022-09-23 21:00:00
2022,9.0,23.0,22.0,178.5,178.5,2022-09-23 22:00:00
2022,9.0,23.0,23.0,139.65,139.65,2022-09-23 23:00:00
2022,9.0,23.0,24.0,112.0,112.0,2022-09-24 00:00:00
2022,9.0,24.0,1.0,160.08,160.08,2022-09-24 01:00:00
2022,9.0,24.0,2.0,147.0,147.0,2022-09-24 02:00:00
2022,9.0,24.0,3.0,127.93,127.93,2022-09-24 03:00:00
2022,9.0,24.0,4.0,117.46,117.46,2022-09-24 04:00:00
2022,9.0,24.0,5.0,117.16,117.16,2022-09-24 05:00:00
2022,9.0,24.0,6.0,110.01,110.01,2022-09-24 06:00:00
2022,9.0,24.0,7.0,110.0,110.0,2022-09-24 07:00:00
2022,9.0,24.0,8.0,107.41,107.41,2022-09-24 08:00:00
2022,9.0,24.0,9.0,118.72,118.72,2022-09-24 09:00:00
2022,9.0,24.0,10.0,119.32,119.32,2022-09-24 10:00:00
2022,9.0,24.0,11.0,117.39,117.39,2022-09-24 11:00:00
2022,9.0,24.0,12.0,87.25,87.25,2022-09-24 12:00:00
2022,9.0,24.0,13.0,76.23,76.23,2022-09-24 13:00:00
2022,9.0,24.0,14.0,73.05,73.05,2022-09-24 14:00:00
2022,9.0,24.0,15.0,64.0,64.0,2022-09-24 15:00:00
2022,9.0,24.0,16.0,60.56,60.56,2022-09-24 16:00:00
2022,9.0,24.0,17.0,50.1,50.1,2022-09-24 17:00:00
2022,9.0,24.0,18.0,54.05,54.05,2022-09-24 18:00:00
2022,9.0,24.0,19.0,64.0,64.0,2022-09-24 19:00:00
2022,9.0,24.0,20.0,117.26,117.26,2022-09-24 20:00:00
2022,9.0,24.0,21.0,157.04,157.04,2022-09-24 21:00:00
2022,9.0,24.0,22.0,160.0,160.0,2022-09-24 22:00:00
2022,9.0,24.0,23.0,128.05,128.05,2022-09-24 23:00:00
2022,9.0,24.0,24.0,117.76,117.76,2022-09-25 00:00:00
2022,9.0,25.0,1.0,105.61,105.61,2022-09-25 01:00:00
2022,9.0,25.0,2.0,105.79,105.79,2022-09-25 02:00:00
2022,9.0,25.0,3.0,95.0,95.0,2022-09-25 03:00:00
2022,9.0,25.0,4.0,100.51,100.51,2022-09-25 04:00:00
2022,9.0,25.0,5.0,100.79,100.79,2022-09-25 05:00:00
2022,9.0,25.0,6.0,105.51,105.51,2022-09-25 06:00:00
2022,9.0,25.0,7.0,101.11,101.11,2022-09-25 07:00:00
2022,9.0,25.0,8.0,100.0,100.0,2022-09-25 08:00:00
2022,9.0,25.0,9.0,75.2,75.2,2022-09-25 09:00:00
2022,9.0,25.0,10.0,69.0,69.0,2022-09-25 10:00:00
2022,9.0,25.0,11.0,30.83,30.83,2022-09-25 11:00:00
2022,9.0,25.0,12.0,1.44,1.44,2022-09-25 12:00:00
2022,9.0,25.0,13.0,3.83,3.0,2022-09-25 13:00:00
2022,9.0,25.0,14.0,15.0,15.0,2022-09-25 14:00:00
2022,9.0,25.0,15.0,13.07,13.07,2022-09-25 15:00:00
2022,9.0,25.0,16.0,30.9,1.29,2022-09-25 16:00:00
2022,9.0,25.0,17.0,35.91,1.29,2022-09-25 17:00:00
2022,9.0,25.0,18.0,20.0,1.44,2022-09-25 18:00:00
2022,9.0,25.0,19.0,34.16,34.16,2022-09-25 19:00:00
2022,9.0,25.0,20.0,116.0,116.0,2022-09-25 20:00:00
2022,9.0,25.0,21.0,148.16,148.16,2022-09-25 21:00:00
2022,9.0,25.0,22.0,156.82,156.82,2022-09-25 22:00:00
2022,9.0,25.0,23.0,144.68,144.68,2022-09-25 23:00:00
2022,9.0,25.0,24.0,101.49,101.49,2022-09-26 00:00:00
2022,9.0,26.0,1.0,93.18,93.18,2022-09-26 01:00:00
2022,9.0,26.0,2.0,80.0,80.0,2022-09-26 02:00:00
2022,9.0,26.0,3.0,75.64,75.64,2022-09-26 03:00:00
2022,9.0,26.0,4.0,80.0,80.0,2022-09-26 04:00:00
2022,9.0,26.0,5.0,85.1,85.1,2022-09-26 05:00:00
2022,9.0,26.0,6.0,94.34,94.34,2022-09-26 06:00:00
2022,9.0,26.0,7.0,96.34,96.34,2022-09-26 07:00:00
2022,9.0,26.0,8.0,120.04,122.52,2022-09-26 08:00:00
2022,9.0,26.0,9.0,140.66,150.0,2022-09-26 09:00:00
2022,9.0,26.0,10.0,139.0,139.0,2022-09-26 10:00:00
2022,9.0,26.0,11.0,122.52,122.52,2022-09-26 11:00:00
2022,9.0,26.0,12.0,110.34,110.34,2022-09-26 12:00:00
2022,9.0,26.0,13.0,120.0,120.0,2022-09-26 13:00:00
2022,9.0,26.0,14.0,120.0,120.0,2022-09-26 14:00:00
2022,9.0,26.0,15.0,115.0,115.0,2022-09-26 15:00:00
2022,9.0,26.0,16.0,102.2,102.2,2022-09-26 16:00:00
2022,9.0,26.0,17.0,98.34,98.34,2022-09-26 17:00:00
2022,9.0,26.0,18.0,110.11,110.11,2022-09-26 18:00:00
2022,9.0,26.0,19.0,123.1,123.1,2022-09-26 19:00:00
2022,9.0,26.0,20.0,140.0,140.0,2022-09-26 20:00:00
2022,9.0,26.0,21.0,218.6,218.6,2022-09-26 21:00:00
2022,9.0,26.0,22.0,208.05,208.05,2022-09-26 22:00:00
2022,9.0,26.0,23.0,149.98,149.98,2022-09-26 23:00:00
2022,9.0,26.0,24.0,120.04,120.04,2022-09-27 00:00:00
2022,9.0,27.0,1.0,142.53,142.53,2022-09-27 01:00:00
2022,9.0,27.0,2.0,139.07,139.07,2022-09-27 02:00:00
2022,9.0,27.0,3.0,133.33,133.33,2022-09-27 03:00:00
2022,9.0,27.0,4.0,120.01,120.01,2022-09-27 04:00:00
2022,9.0,27.0,5.0,90.02,90.02,2022-09-27 05:00:00
2022,9.0,27.0,6.0,88.93,88.93,2022-09-27 06:00:00
2022,9.0,27.0,7.0,128.77,128.77,2022-09-27 07:00:00
2022,9.0,27.0,8.0,138.12,138.12,2022-09-27 08:00:00
2022,9.0,27.0,9.0,139.07,139.07,2022-09-27 09:00:00
2022,9.0,27.0,10.0,136.1,136.1,2022-09-27 10:00:00
2022,9.0,27.0,11.0,91.93,91.93,2022-09-27 11:00:00
2022,9.0,27.0,12.0,60.5,60.5,2022-09-27 12:00:00
2022,9.0,27.0,13.0,58.18,58.18,2022-09-27 13:00:00
2022,9.0,27.0,14.0,48.9,48.9,2022-09-27 14:00:00
2022,9.0,27.0,15.0,39.03,39.03,2022-09-27 15:00:00
2022,9.0,27.0,16.0,21.01,21.01,2022-09-27 16:00:00
2022,9.0,27.0,17.0,21.01,21.01,2022-09-27 17:00:00
2022,9.0,27.0,18.0,37.1,37.1,2022-09-27 18:00:00
2022,9.0,27.0,19.0,58.57,58.57,2022-09-27 19:00:00
2022,9.0,27.0,20.0,125.71,125.71,2022-09-27 20:00:00
2022,9.0,27.0,21.0,150.81,150.81,2022-09-27 21:00:00
2022,9.0,27.0,22.0,164.0,164.0,2022-09-27 22:00:00
2022,9.0,27.0,23.0,139.07,139.07,2022-09-27 23:00:00
2022,9.0,27.0,24.0,132.04,132.04,2022-09-28 00:00:00
2022,9.0,28.0,1.0,130.0,130.0,2022-09-28 01:00:00
2022,9.0,28.0,2.0,117.04,117.04,2022-09-28 02:00:00
2022,9.0,28.0,3.0,115.0,115.0,2022-09-28 03:00:00
2022,9.0,28.0,4.0,110.01,110.01,2022-09-28 04:00:00
2022,9.0,28.0,5.0,103.0,103.0,2022-09-28 05:00:00
2022,9.0,28.0,6.0,102.75,102.75,2022-09-28 06:00:00
2022,9.0,28.0,7.0,115.81,115.81,2022-09-28 07:00:00
2022,9.0,28.0,8.0,139.14,143.42,2022-09-28 08:00:00
2022,9.0,28.0,9.0,145.0,145.0,2022-09-28 09:00:00
2022,9.0,28.0,10.0,132.04,132.04,2022-09-28 10:00:00
2022,9.0,28.0,11.0,116.53,116.53,2022-09-28 11:00:00
2022,9.0,28.0,12.0,94.28,94.28,2022-09-28 12:00:00
2022,9.0,28.0,13.0,84.99,84.99,2022-09-28 13:00:00
2022,9.0,28.0,14.0,70.2,70.2,2022-09-28 14:00:00
2022,9.0,28.0,15.0,53.43,53.43,2022-09-28 15:00:00
2022,9.0,28.0,16.0,40.0,40.0,2022-09-28 16:00:00
2022,9.0,28.0,17.0,36.18,36.18,2022-09-28 17:00:00
2022,9.0,28.0,18.0,50.56,50.56,2022-09-28 18:00:00
2022,9.0,28.0,19.0,79.38,79.38,2022-09-28 19:00:00
2022,9.0,28.0,20.0,115.81,115.81,2022-09-28 20:00:00
2022,9.0,28.0,21.0,174.88,174.88,2022-09-28 21:00:00
2022,9.0,28.0,22.0,203.74,203.74,2022-09-28 22:00:00
2022,9.0,28.0,23.0,146.17,146.17,2022-09-28 23:00:00
2022,9.0,28.0,24.0,131.0,131.0,2022-09-29 00:00:00
2022,9.0,29.0,1.0,115.81,115.81,2022-09-29 01:00:00
2022,9.0,29.0,2.0,112.32,112.32,2022-09-29 02:00:00
2022,9.0,29.0,3.0,102.94,102.94,2022-09-29 03:00:00
2022,9.0,29.0,4.0,94.94,94.94,2022-09-29 04:00:00
2022,9.0,29.0,5.0,92.89,92.89,2022-09-29 05:00:00
2022,9.0,29.0,6.0,93.95,93.95,2022-09-29 06:00:00
2022,9.0,29.0,7.0,110.1,110.1,2022-09-29 07:00:00
2022,9.0,29.0,8.0,145.0,145.0,2022-09-29 08:00:00
2022,9.0,29.0,9.0,155.0,155.0,2022-09-29 09:00:00
2022,9.0,29.0,10.0,131.86,131.86,2022-09-29 10:00:00
2022,9.0,29.0,11.0,105.44,105.44,2022-09-29 11:00:00
2022,9.0,29.0,12.0,90.1,90.1,2022-09-29 12:00:00
2022,9.0,29.0,13.0,90.1,90.1,2022-09-29 13:00:00
2022,9.0,29.0,14.0,90.1,90.1,2022-09-29 14:00:00
2022,9.0,29.0,15.0,89.06,89.06,2022-09-29 15:00:00
2022,9.0,29.0,16.0,86.0,86.0,2022-09-29 16:00:00
2022,9.0,29.0,17.0,86.0,86.0,2022-09-29 17:00:00
2022,9.0,29.0,18.0,92.89,92.89,2022-09-29 18:00:00
2022,9.0,29.0,19.0,107.42,107.42,2022-09-29 19:00:00
2022,9.0,29.0,20.0,130.54,130.54,2022-09-29 20:00:00
2022,9.0,29.0,21.0,180.0,180.0,2022-09-29 21:00:00
2022,9.0,29.0,22.0,200.0,200.0,2022-09-29 22:00:00
2022,9.0,29.0,23.0,135.0,135.0,2022-09-29 23:00:00
2022,9.0,29.0,24.0,115.01,115.01,2022-09-30 00:00:00
2022,9.0,30.0,1.0,92.79,92.79,2022-09-30 01:00:00
2022,9.0,30.0,2.0,90.2,90.2,2022-09-30 02:00:00
2022,9.0,30.0,3.0,90.1,90.1,2022-09-30 03:00:00
2022,9.0,30.0,4.0,90.2,90.2,2022-09-30 04:00:00
2022,9.0,30.0,5.0,92.86,92.86,2022-09-30 05:00:00
2022,9.0,30.0,6.0,96.1,96.1,2022-09-30 06:00:00
2022,9.0,30.0,7.0,132.3,132.3,2022-09-30 07:00:00
2022,9.0,30.0,8.0,170.1,170.1,2022-09-30 08:00:00
2022,9.0,30.0,9.0,174.28,174.28,2022-09-30 09:00:00
2022,9.0,30.0,10.0,135.61,135.61,2022-09-30 10:00:00
2022,9.0,30.0,11.0,92.72,92.72,2022-09-30 11:00:00
2022,9.0,30.0,12.0,80.5,80.5,2022-09-30 12:00:00
2022,9.0,30.0,13.0,83.2,83.2,2022-09-30 13:00:00
2022,9.0,30.0,14.0,83.53,83.53,2022-09-30 14:00:00
2022,9.0,30.0,15.0,80.5,80.5,2022-09-30 15:00:00
2022,9.0,30.0,16.0,80.0,80.0,2022-09-30 16:00:00
2022,9.0,30.0,17.0,80.5,80.5,2022-09-30 17:00:00
2022,9.0,30.0,18.0,90.1,90.1,2022-09-30 18:00:00
2022,9.0,30.0,19.0,105.0,105.0,2022-09-30 19:00:00
2022,9.0,30.0,20.0,150.0,150.0,2022-09-30 20:00:00
2022,9.0,30.0,21.0,200.0,200.0,2022-09-30 21:00:00
2022,9.0,30.0,22.0,218.0,218.0,2022-09-30 22:00:00
2022,9.0,30.0,23.0,177.04,177.04,2022-09-30 23:00:00
2022,9.0,30.0,24.0,155.72,155.72,2022-10-01 00:00:00
2022,10.0,1.0,1.0,167.0,167.0,2022-10-01 01:00:00
2022,10.0,1.0,2.0,103.8,103.8,2022-10-01 02:00:00
2022,10.0,1.0,3.0,90.56,90.56,2022-10-01 03:00:00
2022,10.0,1.0,4.0,85.0,85.0,2022-10-01 04:00:00
2022,10.0,1.0,5.0,79.22,79.22,2022-10-01 05:00:00
2022,10.0,1.0,6.0,77.97,77.97,2022-10-01 06:00:00
2022,10.0,1.0,7.0,90.56,90.56,2022-10-01 07:00:00
2022,10.0,1.0,8.0,98.37,98.37,2022-10-01 08:00:00
2022,10.0,1.0,9.0,128.3,128.3,2022-10-01 09:00:00
2022,10.0,1.0,10.0,135.99,135.99,2022-10-01 10:00:00
2022,10.0,1.0,11.0,100.05,100.05,2022-10-01 11:00:00
2022,10.0,1.0,12.0,95.0,95.0,2022-10-01 12:00:00
2022,10.0,1.0,13.0,91.0,91.0,2022-10-01 13:00:00
2022,10.0,1.0,14.0,85.11,85.11,2022-10-01 14:00:00
2022,10.0,1.0,15.0,72.72,72.72,2022-10-01 15:00:00
2022,10.0,1.0,16.0,74.87,74.87,2022-10-01 16:00:00
2022,10.0,1.0,17.0,81.57,81.57,2022-10-01 17:00:00
2022,10.0,1.0,18.0,94.0,94.0,2022-10-01 18:00:00
2022,10.0,1.0,19.0,128.6,128.6,2022-10-01 19:00:00
2022,10.0,1.0,20.0,180.85,180.85,2022-10-01 20:00:00
2022,10.0,1.0,21.0,218.65,218.65,2022-10-01 21:00:00
2022,10.0,1.0,22.0,188.89,188.89,2022-10-01 22:00:00
2022,10.0,1.0,23.0,170.25,170.25,2022-10-01 23:00:00
2022,10.0,1.0,24.0,147.71,147.71,2022-10-02 00:00:00
2022,10.0,2.0,1.0,185.04,185.04,2022-10-02 01:00:00
2022,10.0,2.0,2.0,156.1,156.1,2022-10-02 02:00:00
2022,10.0,2.0,3.0,159.94,159.94,2022-10-02 03:00:00
2022,10.0,2.0,4.0,150.3,150.3,2022-10-02 04:00:00
2022,10.0,2.0,5.0,125.31,125.31,2022-10-02 05:00:00
2022,10.0,2.0,6.0,150.2,150.2,2022-10-02 06:00:00
2022,10.0,2.0,7.0,177.7,177.7,2022-10-02 07:00:00
2022,10.0,2.0,8.0,170.5,170.5,2022-10-02 08:00:00
2022,10.0,2.0,9.0,154.07,154.07,2022-10-02 09:00:00
2022,10.0,2.0,10.0,134.0,134.0,2022-10-02 10:00:00
2022,10.0,2.0,11.0,99.87,99.87,2022-10-02 11:00:00
2022,10.0,2.0,12.0,92.86,92.86,2022-10-02 12:00:00
2022,10.0,2.0,13.0,99.63,99.63,2022-10-02 13:00:00
2022,10.0,2.0,14.0,99.05,99.05,2022-10-02 14:00:00
2022,10.0,2.0,15.0,88.0,88.0,2022-10-02 15:00:00
2022,10.0,2.0,16.0,96.08,96.08,2022-10-02 16:00:00
2022,10.0,2.0,17.0,99.88,99.88,2022-10-02 17:00:00
2022,10.0,2.0,18.0,105.0,105.0,2022-10-02 18:00:00
2022,10.0,2.0,19.0,149.34,149.34,2022-10-02 19:00:00
2022,10.0,2.0,20.0,177.0,177.0,2022-10-02 20:00:00
2022,10.0,2.0,21.0,220.06,220.06,2022-10-02 21:00:00
2022,10.0,2.0,22.0,232.99,232.99,2022-10-02 22:00:00
2022,10.0,2.0,23.0,181.58,181.58,2022-10-02 23:00:00
2022,10.0,2.0,24.0,175.61,175.61,2022-10-03 00:00:00
2022,10.0,3.0,1.0,196.39,196.39,2022-10-03 01:00:00
2022,10.0,3.0,2.0,187.0,187.0,2022-10-03 02:00:00
2022,10.0,3.0,3.0,190.28,190.28,2022-10-03 03:00:00
2022,10.0,3.0,4.0,190.28,190.28,2022-10-03 04:00:00
2022,10.0,3.0,5.0,194.29,194.29,2022-10-03 05:00:00
2022,10.0,3.0,6.0,197.7,197.7,2022-10-03 06:00:00
2022,10.0,3.0,7.0,199.46,199.46,2022-10-03 07:00:00
2022,10.0,3.0,8.0,204.97,204.97,2022-10-03 08:00:00
2022,10.0,3.0,9.0,235.0,235.0,2022-10-03 09:00:00
2022,10.0,3.0,10.0,215.0,215.0,2022-10-03 10:00:00
2022,10.0,3.0,11.0,195.61,195.61,2022-10-03 11:00:00
2022,10.0,3.0,12.0,187.0,187.0,2022-10-03 12:00:00
2022,10.0,3.0,13.0,185.37,185.37,2022-10-03 13:00:00
2022,10.0,3.0,14.0,180.0,180.0,2022-10-03 14:00:00
2022,10.0,3.0,15.0,169.31,169.31,2022-10-03 15:00:00
2022,10.0,3.0,16.0,165.0,165.0,2022-10-03 16:00:00
2022,10.0,3.0,17.0,171.43,171.43,2022-10-03 17:00:00
2022,10.0,3.0,18.0,187.0,187.0,2022-10-03 18:00:00
2022,10.0,3.0,19.0,199.24,199.24,2022-10-03 19:00:00
2022,10.0,3.0,20.0,215.0,215.0,2022-10-03 20:00:00
2022,10.0,3.0,21.0,270.0,270.0,2022-10-03 21:00:00
2022,10.0,3.0,22.0,265.0,265.0,2022-10-03 22:00:00
2022,10.0,3.0,23.0,208.5,208.5,2022-10-03 23:00:00
2022,10.0,3.0,24.0,200.3,200.3,2022-10-04 00:00:00
2022,10.0,4.0,1.0,205.42,205.42,2022-10-04 01:00:00
2022,10.0,4.0,2.0,183.59,183.59,2022-10-04 02:00:00
2022,10.0,4.0,3.0,183.89,183.89,2022-10-04 03:00:00
2022,10.0,4.0,4.0,162.5,162.5,2022-10-04 04:00:00
2022,10.0,4.0,5.0,170.0,170.0,2022-10-04 05:00:00
2022,10.0,4.0,6.0,184.19,184.19,2022-10-04 06:00:00
2022,10.0,4.0,7.0,205.23,205.23,2022-10-04 07:00:00
2022,10.0,4.0,8.0,250.0,250.0,2022-10-04 08:00:00
2022,10.0,4.0,9.0,255.0,255.0,2022-10-04 09:00:00
2022,10.0,4.0,10.0,249.6,249.6,2022-10-04 10:00:00
2022,10.0,4.0,11.0,161.0,161.0,2022-10-04 11:00:00
2022,10.0,4.0,12.0,144.0,144.0,2022-10-04 12:00:00
2022,10.0,4.0,13.0,140.95,140.95,2022-10-04 13:00:00
2022,10.0,4.0,14.0,139.89,139.89,2022-10-04 14:00:00
2022,10.0,4.0,15.0,134.69,134.69,2022-10-04 15:00:00
2022,10.0,4.0,16.0,130.0,130.0,2022-10-04 16:00:00
2022,10.0,4.0,17.0,130.11,130.11,2022-10-04 17:00:00
2022,10.0,4.0,18.0,144.0,144.0,2022-10-04 18:00:00
2022,10.0,4.0,19.0,178.69,178.69,2022-10-04 19:00:00
2022,10.0,4.0,20.0,250.0,250.0,2022-10-04 20:00:00
2022,10.0,4.0,21.0,280.0,280.0,2022-10-04 21:00:00
2022,10.0,4.0,22.0,260.0,260.0,2022-10-04 22:00:00
2022,10.0,4.0,23.0,233.13,233.13,2022-10-04 23:00:00
2022,10.0,4.0,24.0,196.73,196.73,2022-10-05 00:00:00
2022,10.0,5.0,1.0,217.75,217.75,2022-10-05 01:00:00
2022,10.0,5.0,2.0,183.39,183.39,2022-10-05 02:00:00
2022,10.0,5.0,3.0,158.79,158.79,2022-10-05 03:00:00
2022,10.0,5.0,4.0,145.5,145.5,2022-10-05 04:00:00
2022,10.0,5.0,5.0,128.5,128.5,2022-10-05 05:00:00
2022,10.0,5.0,6.0,149.0,149.0,2022-10-05 06:00:00
2022,10.0,5.0,7.0,177.39,177.39,2022-10-05 07:00:00
2022,10.0,5.0,8.0,246.27,246.27,2022-10-05 08:00:00
2022,10.0,5.0,9.0,250.0,250.0,2022-10-05 09:00:00
2022,10.0,5.0,10.0,209.73,209.73,2022-10-05 10:00:00
2022,10.0,5.0,11.0,148.0,148.0,2022-10-05 11:00:00
2022,10.0,5.0,12.0,135.0,135.0,2022-10-05 12:00:00
2022,10.0,5.0,13.0,134.9,134.9,2022-10-05 13:00:00
2022,10.0,5.0,14.0,134.9,134.9,2022-10-05 14:00:00
2022,10.0,5.0,15.0,129.5,129.5,2022-10-05 15:00:00
2022,10.0,5.0,16.0,128.5,128.5,2022-10-05 16:00:00
2022,10.0,5.0,17.0,129.5,129.5,2022-10-05 17:00:00
2022,10.0,5.0,18.0,134.99,134.99,2022-10-05 18:00:00
2022,10.0,5.0,19.0,148.89,148.89,2022-10-05 19:00:00
2022,10.0,5.0,20.0,211.92,211.92,2022-10-05 20:00:00
2022,10.0,5.0,21.0,240.0,240.0,2022-10-05 21:00:00
2022,10.0,5.0,22.0,211.92,211.92,2022-10-05 22:00:00
2022,10.0,5.0,23.0,149.95,149.95,2022-10-05 23:00:00
2022,10.0,5.0,24.0,126.78,126.78,2022-10-06 00:00:00
2022,10.0,6.0,1.0,96.12,96.12,2022-10-06 01:00:00
2022,10.0,6.0,2.0,90.17,90.17,2022-10-06 02:00:00
2022,10.0,6.0,3.0,81.0,81.0,2022-10-06 03:00:00
2022,10.0,6.0,4.0,77.43,77.43,2022-10-06 04:00:00
2022,10.0,6.0,5.0,75.0,75.0,2022-10-06 05:00:00
2022,10.0,6.0,6.0,75.47,75.47,2022-10-06 06:00:00
2022,10.0,6.0,7.0,82.5,82.5,2022-10-06 07:00:00
2022,10.0,6.0,8.0,102.62,102.62,2022-10-06 08:00:00
2022,10.0,6.0,9.0,118.28,118.28,2022-10-06 09:00:00
2022,10.0,6.0,10.0,110.0,110.0,2022-10-06 10:00:00
2022,10.0,6.0,11.0,96.12,96.12,2022-10-06 11:00:00
2022,10.0,6.0,12.0,88.8,88.8,2022-10-06 12:00:00
2022,10.0,6.0,13.0,88.8,88.8,2022-10-06 13:00:00
2022,10.0,6.0,14.0,91.24,91.24,2022-10-06 14:00:00
2022,10.0,6.0,15.0,91.42,91.42,2022-10-06 15:00:00
2022,10.0,6.0,16.0,92.69,92.69,2022-10-06 16:00:00
2022,10.0,6.0,17.0,93.5,93.5,2022-10-06 17:00:00
2022,10.0,6.0,18.0,100.0,100.0,2022-10-06 18:00:00
2022,10.0,6.0,19.0,118.64,118.64,2022-10-06 19:00:00
2022,10.0,6.0,20.0,185.0,185.0,2022-10-06 20:00:00
2022,10.0,6.0,21.0,216.0,216.0,2022-10-06 21:00:00
2022,10.0,6.0,22.0,220.0,220.0,2022-10-06 22:00:00
2022,10.0,6.0,23.0,181.74,181.74,2022-10-06 23:00:00
2022,10.0,6.0,24.0,142.0,142.0,2022-10-07 00:00:00
2022,10.0,7.0,1.0,143.0,143.0,2022-10-07 01:00:00
2022,10.0,7.0,2.0,136.89,136.89,2022-10-07 02:00:00
2022,10.0,7.0,3.0,115.0,115.0,2022-10-07 03:00:00
2022,10.0,7.0,4.0,114.0,114.0,2022-10-07 04:00:00
2022,10.0,7.0,5.0,137.19,137.19,2022-10-07 05:00:00
2022,10.0,7.0,6.0,138.58,138.58,2022-10-07 06:00:00
2022,10.0,7.0,7.0,162.02,162.02,2022-10-07 07:00:00
2022,10.0,7.0,8.0,180.0,180.0,2022-10-07 08:00:00
2022,10.0,7.0,9.0,219.23,219.23,2022-10-07 09:00:00
2022,10.0,7.0,10.0,210.32,210.32,2022-10-07 10:00:00
2022,10.0,7.0,11.0,162.02,162.02,2022-10-07 11:00:00
2022,10.0,7.0,12.0,135.6,135.6,2022-10-07 12:00:00
2022,10.0,7.0,13.0,131.79,131.79,2022-10-07 13:00:00
2022,10.0,7.0,14.0,125.61,125.61,2022-10-07 14:00:00
2022,10.0,7.0,15.0,115.0,115.0,2022-10-07 15:00:00
2022,10.0,7.0,16.0,113.0,113.0,2022-10-07 16:00:00
2022,10.0,7.0,17.0,112.38,112.38,2022-10-07 17:00:00
2022,10.0,7.0,18.0,132.64,132.64,2022-10-07 18:00:00
2022,10.0,7.0,19.0,163.03,163.03,2022-10-07 19:00:00
2022,10.0,7.0,20.0,210.0,210.0,2022-10-07 20:00:00
2022,10.0,7.0,21.0,240.0,240.0,2022-10-07 21:00:00
2022,10.0,7.0,22.0,210.0,210.0,2022-10-07 22:00:00
2022,10.0,7.0,23.0,164.65,164.65,2022-10-07 23:00:00
2022,10.0,7.0,24.0,132.94,132.94,2022-10-08 00:00:00
2022,10.0,8.0,1.0,162.0,162.0,2022-10-08 01:00:00
2022,10.0,8.0,2.0,143.5,143.5,2022-10-08 02:00:00
2022,10.0,8.0,3.0,120.0,120.0,2022-10-08 03:00:00
2022,10.0,8.0,4.0,114.72,114.72,2022-10-08 04:00:00
2022,10.0,8.0,5.0,112.84,112.84,2022-10-08 05:00:00
2022,10.0,8.0,6.0,107.45,107.45,2022-10-08 06:00:00
2022,10.0,8.0,7.0,109.7,109.7,2022-10-08 07:00:00
2022,10.0,8.0,8.0,114.99,114.99,2022-10-08 08:00:00
2022,10.0,8.0,9.0,115.0,115.0,2022-10-08 09:00:00
2022,10.0,8.0,10.0,114.72,114.72,2022-10-08 10:00:00
2022,10.0,8.0,11.0,101.4,101.4,2022-10-08 11:00:00
2022,10.0,8.0,12.0,82.99,82.99,2022-10-08 12:00:00
2022,10.0,8.0,13.0,81.49,81.49,2022-10-08 13:00:00
2022,10.0,8.0,14.0,88.0,88.0,2022-10-08 14:00:00
2022,10.0,8.0,15.0,90.0,90.0,2022-10-08 15:00:00
2022,10.0,8.0,16.0,88.0,88.0,2022-10-08 16:00:00
2022,10.0,8.0,17.0,87.95,87.95,2022-10-08 17:00:00
2022,10.0,8.0,18.0,94.03,94.03,2022-10-08 18:00:00
2022,10.0,8.0,19.0,104.03,104.03,2022-10-08 19:00:00
2022,10.0,8.0,20.0,153.75,153.75,2022-10-08 20:00:00
2022,10.0,8.0,21.0,182.23,182.23,2022-10-08 21:00:00
2022,10.0,8.0,22.0,190.01,190.01,2022-10-08 22:00:00
2022,10.0,8.0,23.0,160.0,160.0,2022-10-08 23:00:00
2022,10.0,8.0,24.0,144.55,144.55,2022-10-09 00:00:00
2022,10.0,9.0,1.0,150.01,150.01,2022-10-09 01:00:00
2022,10.0,9.0,2.0,130.85,130.85,2022-10-09 02:00:00
2022,10.0,9.0,3.0,115.3,115.3,2022-10-09 03:00:00
2022,10.0,9.0,4.0,98.17,98.17,2022-10-09 04:00:00
2022,10.0,9.0,5.0,98.1,98.1,2022-10-09 05:00:00
2022,10.0,9.0,6.0,101.1,101.1,2022-10-09 06:00:00
2022,10.0,9.0,7.0,102.0,102.0,2022-10-09 07:00:00
2022,10.0,9.0,8.0,113.11,113.11,2022-10-09 08:00:00
2022,10.0,9.0,9.0,96.99,96.99,2022-10-09 09:00:00
2022,10.0,9.0,10.0,90.35,90.35,2022-10-09 10:00:00
2022,10.0,9.0,11.0,85.0,85.0,2022-10-09 11:00:00
2022,10.0,9.0,12.0,83.73,76.4,2022-10-09 12:00:00
2022,10.0,9.0,13.0,89.4,77.3,2022-10-09 13:00:00
2022,10.0,9.0,14.0,89.4,78.94,2022-10-09 14:00:00
2022,10.0,9.0,15.0,80.0,75.48,2022-10-09 15:00:00
2022,10.0,9.0,16.0,75.44,75.44,2022-10-09 16:00:00
2022,10.0,9.0,17.0,75.54,75.54,2022-10-09 17:00:00
2022,10.0,9.0,18.0,83.32,83.32,2022-10-09 18:00:00
2022,10.0,9.0,19.0,95.23,95.23,2022-10-09 19:00:00
2022,10.0,9.0,20.0,153.91,153.91,2022-10-09 20:00:00
2022,10.0,9.0,21.0,202.94,202.94,2022-10-09 21:00:00
2022,10.0,9.0,22.0,214.83,214.83,2022-10-09 22:00:00
2022,10.0,9.0,23.0,190.0,190.0,2022-10-09 23:00:00
2022,10.0,9.0,24.0,161.24,161.24,2022-10-10 00:00:00
2022,10.0,10.0,1.0,118.78,118.78,2022-10-10 01:00:00
2022,10.0,10.0,2.0,110.0,110.0,2022-10-10 02:00:00
2022,10.0,10.0,3.0,105.0,105.0,2022-10-10 03:00:00
2022,10.0,10.0,4.0,104.42,104.42,2022-10-10 04:00:00
2022,10.0,10.0,5.0,102.84,102.84,2022-10-10 05:00:00
2022,10.0,10.0,6.0,104.42,104.42,2022-10-10 06:00:00
2022,10.0,10.0,7.0,119.45,119.45,2022-10-10 07:00:00
2022,10.0,10.0,8.0,162.78,162.78,2022-10-10 08:00:00
2022,10.0,10.0,9.0,200.05,200.05,2022-10-10 09:00:00
2022,10.0,10.0,10.0,202.07,202.07,2022-10-10 10:00:00
2022,10.0,10.0,11.0,189.01,189.01,2022-10-10 11:00:00
2022,10.0,10.0,12.0,163.5,163.5,2022-10-10 12:00:00
2022,10.0,10.0,13.0,163.01,163.01,2022-10-10 13:00:00
2022,10.0,10.0,14.0,162.38,162.38,2022-10-10 14:00:00
2022,10.0,10.0,15.0,155.3,155.3,2022-10-10 15:00:00
2022,10.0,10.0,16.0,155.01,155.01,2022-10-10 16:00:00
2022,10.0,10.0,17.0,155.3,155.3,2022-10-10 17:00:00
2022,10.0,10.0,18.0,168.41,168.41,2022-10-10 18:00:00
2022,10.0,10.0,19.0,201.4,201.4,2022-10-10 19:00:00
2022,10.0,10.0,20.0,241.48,241.48,2022-10-10 20:00:00
2022,10.0,10.0,21.0,270.0,270.0,2022-10-10 21:00:00
2022,10.0,10.0,22.0,220.0,220.0,2022-10-10 22:00:00
2022,10.0,10.0,23.0,200.05,200.05,2022-10-10 23:00:00
2022,10.0,10.0,24.0,159.34,159.34,2022-10-11 00:00:00
2022,10.0,11.0,1.0,182.04,182.04,2022-10-11 01:00:00
2022,10.0,11.0,2.0,155.91,155.91,2022-10-11 02:00:00
2022,10.0,11.0,3.0,146.07,146.07,2022-10-11 03:00:00
2022,10.0,11.0,4.0,139.99,139.99,2022-10-11 04:00:00
2022,10.0,11.0,5.0,135.1,135.1,2022-10-11 05:00:00
2022,10.0,11.0,6.0,140.0,140.0,2022-10-11 06:00:00
2022,10.0,11.0,7.0,148.02,148.02,2022-10-11 07:00:00
2022,10.0,11.0,8.0,195.0,195.0,2022-10-11 08:00:00
2022,10.0,11.0,9.0,200.11,200.11,2022-10-11 09:00:00
2022,10.0,11.0,10.0,200.11,200.11,2022-10-11 10:00:00
2022,10.0,11.0,11.0,187.0,187.0,2022-10-11 11:00:00
2022,10.0,11.0,12.0,169.8,169.8,2022-10-11 12:00:00
2022,10.0,11.0,13.0,154.0,154.0,2022-10-11 13:00:00
2022,10.0,11.0,14.0,150.14,150.14,2022-10-11 14:00:00
2022,10.0,11.0,15.0,144.9,144.9,2022-10-11 15:00:00
2022,10.0,11.0,16.0,145.0,145.0,2022-10-11 16:00:00
2022,10.0,11.0,17.0,150.41,150.41,2022-10-11 17:00:00
2022,10.0,11.0,18.0,173.9,173.9,2022-10-11 18:00:00
2022,10.0,11.0,19.0,188.0,188.0,2022-10-11 19:00:00
2022,10.0,11.0,20.0,200.3,200.3,2022-10-11 20:00:00
2022,10.0,11.0,21.0,246.0,246.0,2022-10-11 21:00:00
2022,10.0,11.0,22.0,223.94,223.94,2022-10-11 22:00:00
2022,10.0,11.0,23.0,182.04,182.04,2022-10-11 23:00:00
2022,10.0,11.0,24.0,140.7,140.7,2022-10-12 00:00:00
2022,10.0,12.0,1.0,183.12,183.12,2022-10-12 01:00:00
2022,10.0,12.0,2.0,154.38,154.38,2022-10-12 02:00:00
2022,10.0,12.0,3.0,134.51,134.51,2022-10-12 03:00:00
2022,10.0,12.0,4.0,131.0,131.0,2022-10-12 04:00:00
2022,10.0,12.0,5.0,130.0,130.0,2022-10-12 05:00:00
2022,10.0,12.0,6.0,129.99,129.99,2022-10-12 06:00:00
2022,10.0,12.0,7.0,129.11,129.11,2022-10-12 07:00:00
2022,10.0,12.0,8.0,129.42,129.42,2022-10-12 08:00:00
2022,10.0,12.0,9.0,130.0,130.0,2022-10-12 09:00:00
2022,10.0,12.0,10.0,130.0,130.0,2022-10-12 10:00:00
2022,10.0,12.0,11.0,126.12,126.12,2022-10-12 11:00:00
2022,10.0,12.0,12.0,110.7,110.7,2022-10-12 12:00:00
2022,10.0,12.0,13.0,104.57,104.57,2022-10-12 13:00:00
2022,10.0,12.0,14.0,109.11,109.11,2022-10-12 14:00:00
2022,10.0,12.0,15.0,110.8,110.8,2022-10-12 15:00:00
2022,10.0,12.0,16.0,105.99,105.99,2022-10-12 16:00:00
2022,10.0,12.0,17.0,105.99,105.99,2022-10-12 17:00:00
2022,10.0,12.0,18.0,121.01,121.01,2022-10-12 18:00:00
2022,10.0,12.0,19.0,130.0,130.0,2022-10-12 19:00:00
2022,10.0,12.0,20.0,135.1,135.1,2022-10-12 20:00:00
2022,10.0,12.0,21.0,188.6,188.6,2022-10-12 21:00:00
2022,10.0,12.0,22.0,188.6,188.6,2022-10-12 22:00:00
2022,10.0,12.0,23.0,165.0,165.0,2022-10-12 23:00:00
2022,10.0,12.0,24.0,131.85,131.85,2022-10-13 00:00:00
2022,10.0,13.0,1.0,128.0,128.0,2022-10-13 01:00:00
2022,10.0,13.0,2.0,121.54,121.54,2022-10-13 02:00:00
2022,10.0,13.0,3.0,118.54,118.54,2022-10-13 03:00:00
2022,10.0,13.0,4.0,121.54,121.54,2022-10-13 04:00:00
2022,10.0,13.0,5.0,126.12,126.12,2022-10-13 05:00:00
2022,10.0,13.0,6.0,129.42,129.42,2022-10-13 06:00:00
2022,10.0,13.0,7.0,141.83,141.83,2022-10-13 07:00:00
2022,10.0,13.0,8.0,195.3,195.3,2022-10-13 08:00:00
2022,10.0,13.0,9.0,196.01,196.01,2022-10-13 09:00:00
2022,10.0,13.0,10.0,195.3,195.3,2022-10-13 10:00:00
2022,10.0,13.0,11.0,131.0,131.0,2022-10-13 11:00:00
2022,10.0,13.0,12.0,120.54,120.54,2022-10-13 12:00:00
2022,10.0,13.0,13.0,115.99,115.99,2022-10-13 13:00:00
2022,10.0,13.0,14.0,114.68,114.68,2022-10-13 14:00:00
2022,10.0,13.0,15.0,113.54,113.54,2022-10-13 15:00:00
2022,10.0,13.0,16.0,111.94,111.94,2022-10-13 16:00:00
2022,10.0,13.0,17.0,113.6,113.6,2022-10-13 17:00:00
2022,10.0,13.0,18.0,122.04,122.04,2022-10-13 18:00:00
2022,10.0,13.0,19.0,147.71,147.71,2022-10-13 19:00:00
2022,10.0,13.0,20.0,199.04,199.04,2022-10-13 20:00:00
2022,10.0,13.0,21.0,202.07,202.07,2022-10-13 21:00:00
2022,10.0,13.0,22.0,197.02,197.02,2022-10-13 22:00:00
2022,10.0,13.0,23.0,191.58,191.58,2022-10-13 23:00:00
2022,10.0,13.0,24.0,142.93,142.93,2022-10-14 00:00:00
2022,10.0,14.0,1.0,160.0,160.0,2022-10-14 01:00:00
2022,10.0,14.0,2.0,132.48,132.48,2022-10-14 02:00:00
2022,10.0,14.0,3.0,122.3,122.3,2022-10-14 03:00:00
2022,10.0,14.0,4.0,110.0,110.0,2022-10-14 04:00:00
2022,10.0,14.0,5.0,109.52,109.52,2022-10-14 05:00:00
2022,10.0,14.0,6.0,111.4,111.4,2022-10-14 06:00:00
2022,10.0,14.0,7.0,121.85,121.85,2022-10-14 07:00:00
2022,10.0,14.0,8.0,165.09,165.09,2022-10-14 08:00:00
2022,10.0,14.0,9.0,174.08,174.08,2022-10-14 09:00:00
2022,10.0,14.0,10.0,167.02,167.02,2022-10-14 10:00:00
2022,10.0,14.0,11.0,120.09,120.09,2022-10-14 11:00:00
2022,10.0,14.0,12.0,102.93,102.93,2022-10-14 12:00:00
2022,10.0,14.0,13.0,99.59,99.59,2022-10-14 13:00:00
2022,10.0,14.0,14.0,97.17,97.17,2022-10-14 14:00:00
2022,10.0,14.0,15.0,93.67,93.67,2022-10-14 15:00:00
2022,10.0,14.0,16.0,92.0,92.0,2022-10-14 16:00:00
2022,10.0,14.0,17.0,94.25,94.25,2022-10-14 17:00:00
2022,10.0,14.0,18.0,103.23,103.23,2022-10-14 18:00:00
2022,10.0,14.0,19.0,133.78,133.78,2022-10-14 19:00:00
2022,10.0,14.0,20.0,186.3,186.3,2022-10-14 20:00:00
2022,10.0,14.0,21.0,190.0,190.0,2022-10-14 21:00:00
2022,10.0,14.0,22.0,202.0,202.0,2022-10-14 22:00:00
2022,10.0,14.0,23.0,175.09,175.09,2022-10-14 23:00:00
2022,10.0,14.0,24.0,160.0,160.0,2022-10-15 00:00:00
2022,10.0,15.0,1.0,148.44,148.44,2022-10-15 01:00:00
2022,10.0,15.0,2.0,134.9,134.9,2022-10-15 02:00:00
2022,10.0,15.0,3.0,131.58,131.58,2022-10-15 03:00:00
2022,10.0,15.0,4.0,129.32,129.32,2022-10-15 04:00:00
2022,10.0,15.0,5.0,129.08,129.08,2022-10-15 05:00:00
2022,10.0,15.0,6.0,128.65,128.65,2022-10-15 06:00:00
2022,10.0,15.0,7.0,127.81,127.81,2022-10-15 07:00:00
2022,10.0,15.0,8.0,130.0,130.0,2022-10-15 08:00:00
2022,10.0,15.0,9.0,135.15,135.15,2022-10-15 09:00:00
2022,10.0,15.0,10.0,129.9,129.9,2022-10-15 10:00:00
2022,10.0,15.0,11.0,123.03,123.03,2022-10-15 11:00:00
2022,10.0,15.0,12.0,89.33,89.33,2022-10-15 12:00:00
2022,10.0,15.0,13.0,81.67,81.67,2022-10-15 13:00:00
2022,10.0,15.0,14.0,80.0,80.0,2022-10-15 14:00:00
2022,10.0,15.0,15.0,71.42,71.42,2022-10-15 15:00:00
2022,10.0,15.0,16.0,58.4,58.4,2022-10-15 16:00:00
2022,10.0,15.0,17.0,58.4,58.4,2022-10-15 17:00:00
2022,10.0,15.0,18.0,70.3,70.3,2022-10-15 18:00:00
2022,10.0,15.0,19.0,90.0,90.0,2022-10-15 19:00:00
2022,10.0,15.0,20.0,133.11,133.11,2022-10-15 20:00:00
2022,10.0,15.0,21.0,167.76,167.76,2022-10-15 21:00:00
2022,10.0,15.0,22.0,154.99,154.99,2022-10-15 22:00:00
2022,10.0,15.0,23.0,145.0,145.0,2022-10-15 23:00:00
2022,10.0,15.0,24.0,129.22,129.22,2022-10-16 00:00:00
2022,10.0,16.0,1.0,129.08,129.08,2022-10-16 01:00:00
2022,10.0,16.0,2.0,114.63,114.63,2022-10-16 02:00:00
2022,10.0,16.0,3.0,113.38,113.38,2022-10-16 03:00:00
2022,10.0,16.0,4.0,114.52,114.52,2022-10-16 04:00:00
2022,10.0,16.0,5.0,80.0,80.0,2022-10-16 05:00:00
2022,10.0,16.0,6.0,79.72,79.72,2022-10-16 06:00:00
2022,10.0,16.0,7.0,89.53,89.53,2022-10-16 07:00:00
2022,10.0,16.0,8.0,113.38,113.38,2022-10-16 08:00:00
2022,10.0,16.0,9.0,109.98,109.98,2022-10-16 09:00:00
2022,10.0,16.0,10.0,125.0,125.0,2022-10-16 10:00:00
2022,10.0,16.0,11.0,114.73,114.73,2022-10-16 11:00:00
2022,10.0,16.0,12.0,79.72,79.72,2022-10-16 12:00:00
2022,10.0,16.0,13.0,75.0,75.0,2022-10-16 13:00:00
2022,10.0,16.0,14.0,73.51,73.51,2022-10-16 14:00:00
2022,10.0,16.0,15.0,70.3,70.3,2022-10-16 15:00:00
2022,10.0,16.0,16.0,70.1,70.1,2022-10-16 16:00:00
2022,10.0,16.0,17.0,70.1,70.1,2022-10-16 17:00:00
2022,10.0,16.0,18.0,72.84,72.84,2022-10-16 18:00:00
2022,10.0,16.0,19.0,113.38,113.38,2022-10-16 19:00:00
2022,10.0,16.0,20.0,125.05,125.05,2022-10-16 20:00:00
2022,10.0,16.0,21.0,148.9,148.9,2022-10-16 21:00:00
2022,10.0,16.0,22.0,144.96,144.96,2022-10-16 22:00:00
2022,10.0,16.0,23.0,138.16,138.16,2022-10-16 23:00:00
2022,10.0,16.0,24.0,129.21,129.21,2022-10-17 00:00:00
2022,10.0,17.0,1.0,128.31,128.31,2022-10-17 01:00:00
2022,10.0,17.0,2.0,114.41,114.41,2022-10-17 02:00:00
2022,10.0,17.0,3.0,105.65,105.65,2022-10-17 03:00:00
2022,10.0,17.0,4.0,89.64,89.64,2022-10-17 04:00:00
2022,10.0,17.0,5.0,89.64,89.64,2022-10-17 05:00:00
2022,10.0,17.0,6.0,113.25,113.25,2022-10-17 06:00:00
2022,10.0,17.0,7.0,139.42,139.42,2022-10-17 07:00:00
2022,10.0,17.0,8.0,175.0,175.0,2022-10-17 08:00:00
2022,10.0,17.0,9.0,202.21,202.21,2022-10-17 09:00:00
2022,10.0,17.0,10.0,193.66,193.66,2022-10-17 10:00:00
2022,10.0,17.0,11.0,168.01,168.01,2022-10-17 11:00:00
2022,10.0,17.0,12.0,140.23,140.23,2022-10-17 12:00:00
2022,10.0,17.0,13.0,120.45,120.45,2022-10-17 13:00:00
2022,10.0,17.0,14.0,112.27,112.27,2022-10-17 14:00:00
2022,10.0,17.0,15.0,105.14,105.14,2022-10-17 15:00:00
2022,10.0,17.0,16.0,102.05,102.05,2022-10-17 16:00:00
2022,10.0,17.0,17.0,109.63,109.63,2022-10-17 17:00:00
2022,10.0,17.0,18.0,119.0,119.0,2022-10-17 18:00:00
2022,10.0,17.0,19.0,153.72,153.72,2022-10-17 19:00:00
2022,10.0,17.0,20.0,174.62,174.62,2022-10-17 20:00:00
2022,10.0,17.0,21.0,205.0,205.0,2022-10-17 21:00:00
2022,10.0,17.0,22.0,192.4,192.4,2022-10-17 22:00:00
2022,10.0,17.0,23.0,164.79,164.79,2022-10-17 23:00:00
2022,10.0,17.0,24.0,147.0,147.0,2022-10-18 00:00:00
2022,10.0,18.0,1.0,135.12,135.12,2022-10-18 01:00:00
2022,10.0,18.0,2.0,100.5,100.5,2022-10-18 02:00:00
2022,10.0,18.0,3.0,92.82,92.82,2022-10-18 03:00:00
2022,10.0,18.0,4.0,89.64,89.64,2022-10-18 04:00:00
2022,10.0,18.0,5.0,86.54,86.54,2022-10-18 05:00:00
2022,10.0,18.0,6.0,82.15,82.15,2022-10-18 06:00:00
2022,10.0,18.0,7.0,122.0,122.0,2022-10-18 07:00:00
2022,10.0,18.0,8.0,148.0,148.0,2022-10-18 08:00:00
2022,10.0,18.0,9.0,158.61,158.61,2022-10-18 09:00:00
2022,10.0,18.0,10.0,153.76,153.76,2022-10-18 10:00:00
2022,10.0,18.0,11.0,127.73,127.73,2022-10-18 11:00:00
2022,10.0,18.0,12.0,80.2,80.2,2022-10-18 12:00:00
2022,10.0,18.0,13.0,72.51,72.51,2022-10-18 13:00:00
2022,10.0,18.0,14.0,59.52,59.52,2022-10-18 14:00:00
2022,10.0,18.0,15.0,50.0,50.0,2022-10-18 15:00:00
2022,10.0,18.0,16.0,47.83,47.83,2022-10-18 16:00:00
2022,10.0,18.0,17.0,54.7,54.7,2022-10-18 17:00:00
2022,10.0,18.0,18.0,78.25,78.25,2022-10-18 18:00:00
2022,10.0,18.0,19.0,137.7,137.7,2022-10-18 19:00:00
2022,10.0,18.0,20.0,146.21,146.21,2022-10-18 20:00:00
2022,10.0,18.0,21.0,162.01,162.01,2022-10-18 21:00:00
2022,10.0,18.0,22.0,155.58,155.58,2022-10-18 22:00:00
2022,10.0,18.0,23.0,140.16,140.16,2022-10-18 23:00:00
2022,10.0,18.0,24.0,97.57,97.57,2022-10-19 00:00:00
2022,10.0,19.0,1.0,122.59,122.59,2022-10-19 01:00:00
2022,10.0,19.0,2.0,111.72,111.72,2022-10-19 02:00:00
2022,10.0,19.0,3.0,76.93,76.93,2022-10-19 03:00:00
2022,10.0,19.0,4.0,69.36,69.36,2022-10-19 04:00:00
2022,10.0,19.0,5.0,64.39,64.39,2022-10-19 05:00:00
2022,10.0,19.0,6.0,60.1,60.1,2022-10-19 06:00:00
2022,10.0,19.0,7.0,60.1,60.1,2022-10-19 07:00:00
2022,10.0,19.0,8.0,70.2,73.3,2022-10-19 08:00:00
2022,10.0,19.0,9.0,79.0,120.01,2022-10-19 09:00:00
2022,10.0,19.0,10.0,80.0,80.0,2022-10-19 10:00:00
2022,10.0,19.0,11.0,69.06,69.06,2022-10-19 11:00:00
2022,10.0,19.0,12.0,55.92,55.92,2022-10-19 12:00:00
2022,10.0,19.0,13.0,50.65,50.65,2022-10-19 13:00:00
2022,10.0,19.0,14.0,50.65,50.65,2022-10-19 14:00:00
2022,10.0,19.0,15.0,48.37,48.37,2022-10-19 15:00:00
2022,10.0,19.0,16.0,48.61,48.61,2022-10-19 16:00:00
2022,10.0,19.0,17.0,54.21,54.21,2022-10-19 17:00:00
2022,10.0,19.0,18.0,65.0,65.0,2022-10-19 18:00:00
2022,10.0,19.0,19.0,115.0,115.0,2022-10-19 19:00:00
2022,10.0,19.0,20.0,117.0,117.0,2022-10-19 20:00:00
2022,10.0,19.0,21.0,136.74,136.74,2022-10-19 21:00:00
2022,10.0,19.0,22.0,125.04,125.04,2022-10-19 22:00:00
2022,10.0,19.0,23.0,110.0,110.0,2022-10-19 23:00:00
2022,10.0,19.0,24.0,76.34,76.34,2022-10-20 00:00:00
2022,10.0,20.0,1.0,80.0,80.0,2022-10-20 01:00:00
2022,10.0,20.0,2.0,72.34,72.34,2022-10-20 02:00:00
2022,10.0,20.0,3.0,68.74,68.74,2022-10-20 03:00:00
2022,10.0,20.0,4.0,65.0,65.0,2022-10-20 04:00:00
2022,10.0,20.0,5.0,66.74,66.74,2022-10-20 05:00:00
2022,10.0,20.0,6.0,68.89,68.89,2022-10-20 06:00:00
2022,10.0,20.0,7.0,75.0,75.0,2022-10-20 07:00:00
2022,10.0,20.0,8.0,102.01,102.01,2022-10-20 08:00:00
2022,10.0,20.0,9.0,117.0,117.0,2022-10-20 09:00:00
2022,10.0,20.0,10.0,119.72,119.72,2022-10-20 10:00:00
2022,10.0,20.0,11.0,105.0,105.0,2022-10-20 11:00:00
2022,10.0,20.0,12.0,95.0,95.0,2022-10-20 12:00:00
2022,10.0,20.0,13.0,77.04,77.04,2022-10-20 13:00:00
2022,10.0,20.0,14.0,74.4,74.4,2022-10-20 14:00:00
2022,10.0,20.0,15.0,68.69,68.69,2022-10-20 15:00:00
2022,10.0,20.0,16.0,64.22,64.22,2022-10-20 16:00:00
2022,10.0,20.0,17.0,70.32,70.32,2022-10-20 17:00:00
2022,10.0,20.0,18.0,76.68,76.68,2022-10-20 18:00:00
2022,10.0,20.0,19.0,98.59,98.59,2022-10-20 19:00:00
2022,10.0,20.0,20.0,102.59,102.59,2022-10-20 20:00:00
2022,10.0,20.0,21.0,122.96,122.96,2022-10-20 21:00:00
2022,10.0,20.0,22.0,115.0,115.0,2022-10-20 22:00:00
2022,10.0,20.0,23.0,97.0,97.0,2022-10-20 23:00:00
2022,10.0,20.0,24.0,76.8,76.8,2022-10-21 00:00:00
2022,10.0,21.0,1.0,90.0,90.0,2022-10-21 01:00:00
2022,10.0,21.0,2.0,77.84,77.84,2022-10-21 02:00:00
2022,10.0,21.0,3.0,75.0,75.0,2022-10-21 03:00:00
2022,10.0,21.0,4.0,75.4,75.4,2022-10-21 04:00:00
2022,10.0,21.0,5.0,79.99,79.99,2022-10-21 05:00:00
2022,10.0,21.0,6.0,84.98,84.98,2022-10-21 06:00:00
2022,10.0,21.0,7.0,95.9,95.9,2022-10-21 07:00:00
2022,10.0,21.0,8.0,113.0,113.0,2022-10-21 08:00:00
2022,10.0,21.0,9.0,120.75,120.75,2022-10-21 09:00:00
2022,10.0,21.0,10.0,121.81,121.81,2022-10-21 10:00:00
2022,10.0,21.0,11.0,116.38,116.38,2022-10-21 11:00:00
2022,10.0,21.0,12.0,114.38,114.38,2022-10-21 12:00:00
2022,10.0,21.0,13.0,110.96,110.96,2022-10-21 13:00:00
2022,10.0,21.0,14.0,107.99,107.99,2022-10-21 14:00:00
2022,10.0,21.0,15.0,105.0,105.0,2022-10-21 15:00:00
2022,10.0,21.0,16.0,105.0,105.0,2022-10-21 16:00:00
2022,10.0,21.0,17.0,107.79,107.79,2022-10-21 17:00:00
2022,10.0,21.0,18.0,114.38,114.38,2022-10-21 18:00:00
2022,10.0,21.0,19.0,112.38,112.38,2022-10-21 19:00:00
2022,10.0,21.0,20.0,120.0,120.0,2022-10-21 20:00:00
2022,10.0,21.0,21.0,172.76,172.76,2022-10-21 21:00:00
2022,10.0,21.0,22.0,136.21,136.21,2022-10-21 22:00:00
2022,10.0,21.0,23.0,115.0,115.0,2022-10-21 23:00:00
2022,10.0,21.0,24.0,114.38,114.38,2022-10-22 00:00:00
2022,10.0,22.0,1.0,143.43,143.43,2022-10-22 01:00:00
2022,10.0,22.0,2.0,125.47,125.47,2022-10-22 02:00:00
2022,10.0,22.0,3.0,113.94,113.94,2022-10-22 03:00:00
2022,10.0,22.0,4.0,115.0,115.0,2022-10-22 04:00:00
2022,10.0,22.0,5.0,106.0,106.0,2022-10-22 05:00:00
2022,10.0,22.0,6.0,103.22,103.22,2022-10-22 06:00:00
2022,10.0,22.0,7.0,120.0,120.0,2022-10-22 07:00:00
2022,10.0,22.0,8.0,118.81,118.81,2022-10-22 08:00:00
2022,10.0,22.0,9.0,127.28,127.28,2022-10-22 09:00:00
2022,10.0,22.0,10.0,127.38,127.38,2022-10-22 10:00:00
2022,10.0,22.0,11.0,111.86,111.86,2022-10-22 11:00:00
2022,10.0,22.0,12.0,120.0,120.0,2022-10-22 12:00:00
2022,10.0,22.0,13.0,99.99,99.99,2022-10-22 13:00:00
2022,10.0,22.0,14.0,84.32,84.32,2022-10-22 14:00:00
2022,10.0,22.0,15.0,72.6,72.6,2022-10-22 15:00:00
2022,10.0,22.0,16.0,58.7,58.7,2022-10-22 16:00:00
2022,10.0,22.0,17.0,55.2,55.2,2022-10-22 17:00:00
2022,10.0,22.0,18.0,64.3,64.3,2022-10-22 18:00:00
2022,10.0,22.0,19.0,75.0,75.0,2022-10-22 19:00:00
2022,10.0,22.0,20.0,115.72,115.72,2022-10-22 20:00:00
2022,10.0,22.0,21.0,140.67,140.67,2022-10-22 21:00:00
2022,10.0,22.0,22.0,134.8,134.8,2022-10-22 22:00:00
2022,10.0,22.0,23.0,118.24,118.24,2022-10-22 23:00:00
2022,10.0,22.0,24.0,89.79,89.79,2022-10-23 00:00:00
2022,10.0,23.0,1.0,80.1,80.1,2022-10-23 01:00:00
2022,10.0,23.0,2.0,74.1,74.1,2022-10-23 02:00:00
2022,10.0,23.0,3.0,65.3,65.3,2022-10-23 03:00:00
2022,10.0,23.0,4.0,65.3,65.3,2022-10-23 04:00:00
2022,10.0,23.0,5.0,64.29,64.29,2022-10-23 05:00:00
2022,10.0,23.0,6.0,65.3,65.3,2022-10-23 06:00:00
2022,10.0,23.0,7.0,64.29,64.29,2022-10-23 07:00:00
2022,10.0,23.0,8.0,70.2,70.2,2022-10-23 08:00:00
2022,10.0,23.0,9.0,72.52,72.52,2022-10-23 09:00:00
2022,10.0,23.0,10.0,75.2,75.2,2022-10-23 10:00:00
2022,10.0,23.0,11.0,71.01,71.01,2022-10-23 11:00:00
2022,10.0,23.0,12.0,64.29,64.29,2022-10-23 12:00:00
2022,10.0,23.0,13.0,59.3,59.3,2022-10-23 13:00:00
2022,10.0,23.0,14.0,52.9,52.9,2022-10-23 14:00:00
2022,10.0,23.0,15.0,15.0,15.0,2022-10-23 15:00:00
2022,10.0,23.0,16.0,4.11,4.11,2022-10-23 16:00:00
2022,10.0,23.0,17.0,4.11,4.11,2022-10-23 17:00:00
2022,10.0,23.0,18.0,59.3,59.3,2022-10-23 18:00:00
2022,10.0,23.0,19.0,88.0,88.0,2022-10-23 19:00:00
2022,10.0,23.0,20.0,121.99,121.99,2022-10-23 20:00:00
2022,10.0,23.0,21.0,130.37,130.37,2022-10-23 21:00:00
2022,10.0,23.0,22.0,138.22,138.22,2022-10-23 22:00:00
2022,10.0,23.0,23.0,131.0,131.0,2022-10-23 23:00:00
2022,10.0,23.0,24.0,111.86,111.86,2022-10-24 00:00:00
2022,10.0,24.0,1.0,89.3,89.3,2022-10-24 01:00:00
2022,10.0,24.0,2.0,80.0,80.0,2022-10-24 02:00:00
2022,10.0,24.0,3.0,80.0,80.0,2022-10-24 03:00:00
2022,10.0,24.0,4.0,88.71,88.71,2022-10-24 04:00:00
2022,10.0,24.0,5.0,77.6,77.6,2022-10-24 05:00:00
2022,10.0,24.0,6.0,79.0,79.0,2022-10-24 06:00:00
2022,10.0,24.0,7.0,109.98,109.98,2022-10-24 07:00:00
2022,10.0,24.0,8.0,120.89,120.89,2022-10-24 08:00:00
2022,10.0,24.0,9.0,129.92,129.92,2022-10-24 09:00:00
2022,10.0,24.0,10.0,130.37,130.37,2022-10-24 10:00:00
2022,10.0,24.0,11.0,117.3,117.3,2022-10-24 11:00:00
2022,10.0,24.0,12.0,112.39,112.39,2022-10-24 12:00:00
2022,10.0,24.0,13.0,95.23,95.23,2022-10-24 13:00:00
2022,10.0,24.0,14.0,89.3,89.3,2022-10-24 14:00:00
2022,10.0,24.0,15.0,88.71,88.71,2022-10-24 15:00:00
2022,10.0,24.0,16.0,89.3,89.3,2022-10-24 16:00:00
2022,10.0,24.0,17.0,96.5,96.5,2022-10-24 17:00:00
2022,10.0,24.0,18.0,116.89,116.89,2022-10-24 18:00:00
2022,10.0,24.0,19.0,136.46,136.46,2022-10-24 19:00:00
2022,10.0,24.0,20.0,150.16,150.16,2022-10-24 20:00:00
2022,10.0,24.0,21.0,180.01,180.01,2022-10-24 21:00:00
2022,10.0,24.0,22.0,155.0,155.0,2022-10-24 22:00:00
2022,10.0,24.0,23.0,124.31,124.31,2022-10-24 23:00:00
2022,10.0,24.0,24.0,97.5,97.5,2022-10-25 00:00:00
2022,10.0,25.0,1.0,115.86,115.86,2022-10-25 01:00:00
2022,10.0,25.0,2.0,94.2,94.2,2022-10-25 02:00:00
2022,10.0,25.0,3.0,88.65,88.65,2022-10-25 03:00:00
2022,10.0,25.0,4.0,80.65,80.65,2022-10-25 04:00:00
2022,10.0,25.0,5.0,78.6,78.6,2022-10-25 05:00:00
2022,10.0,25.0,6.0,78.6,78.6,2022-10-25 06:00:00
2022,10.0,25.0,7.0,88.9,88.9,2022-10-25 07:00:00
2022,10.0,25.0,8.0,118.65,118.65,2022-10-25 08:00:00
2022,10.0,25.0,9.0,141.11,141.11,2022-10-25 09:00:00
2022,10.0,25.0,10.0,130.37,130.37,2022-10-25 10:00:00
2022,10.0,25.0,11.0,110.16,110.16,2022-10-25 11:00:00
2022,10.0,25.0,12.0,108.18,108.18,2022-10-25 12:00:00
2022,10.0,25.0,13.0,101.55,101.55,2022-10-25 13:00:00
2022,10.0,25.0,14.0,88.65,88.65,2022-10-25 14:00:00
2022,10.0,25.0,15.0,84.8,84.8,2022-10-25 15:00:00
2022,10.0,25.0,16.0,85.31,85.31,2022-10-25 16:00:00
2022,10.0,25.0,17.0,88.9,88.9,2022-10-25 17:00:00
2022,10.0,25.0,18.0,105.97,105.97,2022-10-25 18:00:00
2022,10.0,25.0,19.0,125.08,125.08,2022-10-25 19:00:00
2022,10.0,25.0,20.0,134.81,134.81,2022-10-25 20:00:00
2022,10.0,25.0,21.0,153.32,153.32,2022-10-25 21:00:00
2022,10.0,25.0,22.0,127.7,127.7,2022-10-25 22:00:00
2022,10.0,25.0,23.0,117.45,117.45,2022-10-25 23:00:00
2022,10.0,25.0,24.0,112.33,112.33,2022-10-26 00:00:00
2022,10.0,26.0,1.0,94.63,94.63,2022-10-26 01:00:00
2022,10.0,26.0,2.0,88.8,88.8,2022-10-26 02:00:00
2022,10.0,26.0,3.0,85.9,85.9,2022-10-26 03:00:00
2022,10.0,26.0,4.0,85.4,85.4,2022-10-26 04:00:00
2022,10.0,26.0,5.0,85.9,85.9,2022-10-26 05:00:00
2022,10.0,26.0,6.0,88.6,88.6,2022-10-26 06:00:00
2022,10.0,26.0,7.0,94.26,94.26,2022-10-26 07:00:00
2022,10.0,26.0,8.0,135.89,135.89,2022-10-26 08:00:00
2022,10.0,26.0,9.0,145.02,145.02,2022-10-26 09:00:00
2022,10.0,26.0,10.0,135.0,135.0,2022-10-26 10:00:00
2022,10.0,26.0,11.0,128.87,128.87,2022-10-26 11:00:00
2022,10.0,26.0,12.0,112.8,112.8,2022-10-26 12:00:00
2022,10.0,26.0,13.0,105.16,105.16,2022-10-26 13:00:00
2022,10.0,26.0,14.0,94.26,94.26,2022-10-26 14:00:00
2022,10.0,26.0,15.0,94.9,94.9,2022-10-26 15:00:00
2022,10.0,26.0,16.0,93.83,93.83,2022-10-26 16:00:00
2022,10.0,26.0,17.0,99.39,99.39,2022-10-26 17:00:00
2022,10.0,26.0,18.0,119.13,119.13,2022-10-26 18:00:00
2022,10.0,26.0,19.0,132.96,132.96,2022-10-26 19:00:00
2022,10.0,26.0,20.0,147.0,147.0,2022-10-26 20:00:00
2022,10.0,26.0,21.0,138.02,138.02,2022-10-26 21:00:00
2022,10.0,26.0,22.0,111.97,111.97,2022-10-26 22:00:00
2022,10.0,26.0,23.0,99.1,99.1,2022-10-26 23:00:00
2022,10.0,26.0,24.0,90.1,90.1,2022-10-27 00:00:00
2022,10.0,27.0,1.0,96.63,96.63,2022-10-27 01:00:00
2022,10.0,27.0,2.0,97.52,97.52,2022-10-27 02:00:00
2022,10.0,27.0,3.0,97.92,97.92,2022-10-27 03:00:00
2022,10.0,27.0,4.0,91.72,91.72,2022-10-27 04:00:00
2022,10.0,27.0,5.0,90.0,90.0,2022-10-27 05:00:00
2022,10.0,27.0,6.0,95.0,95.0,2022-10-27 06:00:00
2022,10.0,27.0,7.0,110.0,110.0,2022-10-27 07:00:00
2022,10.0,27.0,8.0,135.0,135.0,2022-10-27 08:00:00
2022,10.0,27.0,9.0,172.32,172.32,2022-10-27 09:00:00
2022,10.0,27.0,10.0,143.38,143.38,2022-10-27 10:00:00
2022,10.0,27.0,11.0,128.92,128.92,2022-10-27 11:00:00
2022,10.0,27.0,12.0,118.81,118.81,2022-10-27 12:00:00
2022,10.0,27.0,13.0,104.67,104.67,2022-10-27 13:00:00
2022,10.0,27.0,14.0,100.65,100.65,2022-10-27 14:00:00
2022,10.0,27.0,15.0,93.0,93.0,2022-10-27 15:00:00
2022,10.0,27.0,16.0,90.1,90.1,2022-10-27 16:00:00
2022,10.0,27.0,17.0,90.26,90.26,2022-10-27 17:00:00
2022,10.0,27.0,18.0,107.74,107.74,2022-10-27 18:00:00
2022,10.0,27.0,19.0,137.31,137.31,2022-10-27 19:00:00
2022,10.0,27.0,20.0,151.0,151.0,2022-10-27 20:00:00
2022,10.0,27.0,21.0,138.3,138.3,2022-10-27 21:00:00
2022,10.0,27.0,22.0,131.37,131.37,2022-10-27 22:00:00
2022,10.0,27.0,23.0,124.36,124.36,2022-10-27 23:00:00
2022,10.0,27.0,24.0,101.1,101.1,2022-10-28 00:00:00
2022,10.0,28.0,1.0,90.31,90.31,2022-10-28 01:00:00
2022,10.0,28.0,2.0,89.64,89.64,2022-10-28 02:00:00
2022,10.0,28.0,3.0,88.02,88.02,2022-10-28 03:00:00
2022,10.0,28.0,4.0,88.02,88.02,2022-10-28 04:00:00
2022,10.0,28.0,5.0,88.6,88.6,2022-10-28 05:00:00
2022,10.0,28.0,6.0,90.1,90.1,2022-10-28 06:00:00
2022,10.0,28.0,7.0,111.33,111.33,2022-10-28 07:00:00
2022,10.0,28.0,8.0,132.25,132.25,2022-10-28 08:00:00
2022,10.0,28.0,9.0,140.0,140.0,2022-10-28 09:00:00
2022,10.0,28.0,10.0,137.89,137.89,2022-10-28 10:00:00
2022,10.0,28.0,11.0,130.3,130.3,2022-10-28 11:00:00
2022,10.0,28.0,12.0,114.94,114.94,2022-10-28 12:00:00
2022,10.0,28.0,13.0,106.13,106.13,2022-10-28 13:00:00
2022,10.0,28.0,14.0,101.03,101.03,2022-10-28 14:00:00
2022,10.0,28.0,15.0,100.5,100.5,2022-10-28 15:00:00
2022,10.0,28.0,16.0,93.66,93.66,2022-10-28 16:00:00
2022,10.0,28.0,17.0,105.25,105.25,2022-10-28 17:00:00
2022,10.0,28.0,18.0,124.35,124.35,2022-10-28 18:00:00
2022,10.0,28.0,19.0,133.31,133.31,2022-10-28 19:00:00
2022,10.0,28.0,20.0,135.31,135.31,2022-10-28 20:00:00
2022,10.0,28.0,21.0,132.96,132.96,2022-10-28 21:00:00
2022,10.0,28.0,22.0,128.92,128.92,2022-10-28 22:00:00
2022,10.0,28.0,23.0,105.82,105.82,2022-10-28 23:00:00
2022,10.0,28.0,24.0,94.38,94.38,2022-10-29 00:00:00
2022,10.0,29.0,1.0,93.85,93.85,2022-10-29 01:00:00
2022,10.0,29.0,2.0,92.77,92.77,2022-10-29 02:00:00
2022,10.0,29.0,3.0,90.41,90.41,2022-10-29 03:00:00
2022,10.0,29.0,4.0,87.98,87.98,2022-10-29 04:00:00
2022,10.0,29.0,5.0,87.0,87.0,2022-10-29 05:00:00
2022,10.0,29.0,6.0,86.57,86.57,2022-10-29 06:00:00
2022,10.0,29.0,7.0,89.33,89.33,2022-10-29 07:00:00
2022,10.0,29.0,8.0,101.96,101.96,2022-10-29 08:00:00
2022,10.0,29.0,9.0,115.04,115.04,2022-10-29 09:00:00
2022,10.0,29.0,10.0,109.0,109.0,2022-10-29 10:00:00
2022,10.0,29.0,11.0,95.48,95.48,2022-10-29 11:00:00
2022,10.0,29.0,12.0,87.0,87.0,2022-10-29 12:00:00
2022,10.0,29.0,13.0,84.0,84.0,2022-10-29 13:00:00
2022,10.0,29.0,14.0,80.9,80.9,2022-10-29 14:00:00
2022,10.0,29.0,15.0,83.6,83.6,2022-10-29 15:00:00
2022,10.0,29.0,16.0,84.6,84.6,2022-10-29 16:00:00
2022,10.0,29.0,17.0,85.2,85.2,2022-10-29 17:00:00
2022,10.0,29.0,18.0,105.78,105.78,2022-10-29 18:00:00
2022,10.0,29.0,19.0,131.31,131.31,2022-10-29 19:00:00
2022,10.0,29.0,20.0,133.41,133.41,2022-10-29 20:00:00
2022,10.0,29.0,21.0,130.96,130.96,2022-10-29 21:00:00
2022,10.0,29.0,22.0,131.31,131.31,2022-10-29 22:00:00
2022,10.0,29.0,23.0,125.96,125.96,2022-10-29 23:00:00
2022,10.0,29.0,24.0,120.0,120.0,2022-10-30 00:00:00
2022,10.0,30.0,1.0,139.17,139.17,2022-10-30 01:00:00
2022,10.0,30.0,2.0,105.1,105.1,2022-10-30 02:00:00
2022,10.0,30.0,3.0,105.05,100.25,2022-10-30 03:00:00
2022,10.0,30.0,4.0,100.9,100.9,2022-10-30 04:00:00
2022,10.0,30.0,5.0,100.0,100.0,2022-10-30 05:00:00
2022,10.0,30.0,6.0,104.02,98.5,2022-10-30 06:00:00
2022,10.0,30.0,7.0,98.98,98.98,2022-10-30 07:00:00
2022,10.0,30.0,8.0,103.5,103.5,2022-10-30 08:00:00
2022,10.0,30.0,9.0,110.27,110.27,2022-10-30 09:00:00
2022,10.0,30.0,10.0,114.0,114.0,2022-10-30 10:00:00
2022,10.0,30.0,11.0,135.0,135.0,2022-10-30 11:00:00
2022,10.0,30.0,12.0,138.34,138.34,2022-10-30 12:00:00
2022,10.0,30.0,13.0,132.12,132.12,2022-10-30 13:00:00
2022,10.0,30.0,14.0,131.82,131.82,2022-10-30 14:00:00
2022,10.0,30.0,15.0,132.12,132.12,2022-10-30 15:00:00
2022,10.0,30.0,16.0,125.69,125.69,2022-10-30 16:00:00
2022,10.0,30.0,17.0,124.61,124.61,2022-10-30 17:00:00
2022,10.0,30.0,18.0,140.2,140.2,2022-10-30 18:00:00
2022,10.0,30.0,19.0,156.0,156.0,2022-10-30 19:00:00
2022,10.0,30.0,20.0,170.38,170.38,2022-10-30 20:00:00
2022,10.0,30.0,21.0,200.0,200.0,2022-10-30 21:00:00
2022,10.0,30.0,22.0,225.35,225.35,2022-10-30 22:00:00
2022,10.0,30.0,23.0,209.27,209.27,2022-10-30 23:00:00
2022,10.0,30.0,24.0,157.31,157.31,2022-10-31 00:00:00
2022,10.0,31.0,1.0,161.31,161.31,2022-10-31 01:00:00
2022,10.0,30.0,25.0,141.73,141.73,2022-10-31 01:00:00
2022,10.0,31.0,2.0,150.0,150.0,2022-10-31 02:00:00
2022,10.0,31.0,3.0,116.32,116.32,2022-10-31 03:00:00
2022,10.0,31.0,4.0,114.6,114.6,2022-10-31 04:00:00
2022,10.0,31.0,5.0,115.07,115.07,2022-10-31 05:00:00
2022,10.0,31.0,6.0,124.17,124.17,2022-10-31 06:00:00
2022,10.0,31.0,7.0,145.96,145.96,2022-10-31 07:00:00
2022,10.0,31.0,8.0,166.56,166.56,2022-10-31 08:00:00
2022,10.0,31.0,9.0,168.0,168.0,2022-10-31 09:00:00
2022,10.0,31.0,10.0,153.3,153.3,2022-10-31 10:00:00
2022,10.0,31.0,11.0,143.35,143.35,2022-10-31 11:00:00
2022,10.0,31.0,12.0,141.95,141.95,2022-10-31 12:00:00
2022,10.0,31.0,13.0,141.96,141.96,2022-10-31 13:00:00
2022,10.0,31.0,14.0,145.96,145.96,2022-10-31 14:00:00
2022,10.0,31.0,15.0,155.0,155.0,2022-10-31 15:00:00
2022,10.0,31.0,16.0,169.15,169.15,2022-10-31 16:00:00
2022,10.0,31.0,17.0,166.78,166.78,2022-10-31 17:00:00
2022,10.0,31.0,18.0,180.0,180.0,2022-10-31 18:00:00
2022,10.0,31.0,19.0,183.26,183.26,2022-10-31 19:00:00
2022,10.0,31.0,20.0,185.0,185.0,2022-10-31 20:00:00
2022,10.0,31.0,21.0,231.69,231.69,2022-10-31 21:00:00
2022,10.0,31.0,22.0,250.0,250.0,2022-10-31 22:00:00
2022,10.0,31.0,23.0,220.0,220.0,2022-10-31 23:00:00
2022,10.0,31.0,24.0,208.36,208.36,2022-11-01 00:00:00
2022,11.0,1.0,1.0,140.0,140.0,2022-11-01 01:00:00
2022,11.0,1.0,2.0,125.4,125.4,2022-11-01 02:00:00
2022,11.0,1.0,3.0,100.53,100.53,2022-11-01 03:00:00
2022,11.0,1.0,4.0,100.43,100.43,2022-11-01 04:00:00
2022,11.0,1.0,5.0,98.0,98.0,2022-11-01 05:00:00
2022,11.0,1.0,6.0,93.7,93.7,2022-11-01 06:00:00
2022,11.0,1.0,7.0,93.7,93.7,2022-11-01 07:00:00
2022,11.0,1.0,8.0,93.1,93.1,2022-11-01 08:00:00
2022,11.0,1.0,9.0,93.7,93.7,2022-11-01 09:00:00
2022,11.0,1.0,10.0,95.92,95.92,2022-11-01 10:00:00
2022,11.0,1.0,11.0,89.74,89.74,2022-11-01 11:00:00
2022,11.0,1.0,12.0,82.0,82.0,2022-11-01 12:00:00
2022,11.0,1.0,13.0,85.91,85.91,2022-11-01 13:00:00
2022,11.0,1.0,14.0,80.88,80.88,2022-11-01 14:00:00
2022,11.0,1.0,15.0,81.1,81.1,2022-11-01 15:00:00
2022,11.0,1.0,16.0,85.0,85.0,2022-11-01 16:00:00
2022,11.0,1.0,17.0,96.39,96.39,2022-11-01 17:00:00
2022,11.0,1.0,18.0,121.73,121.73,2022-11-01 18:00:00
2022,11.0,1.0,19.0,133.79,133.79,2022-11-01 19:00:00
2022,11.0,1.0,20.0,136.0,136.0,2022-11-01 20:00:00
2022,11.0,1.0,21.0,178.59,178.59,2022-11-01 21:00:00
2022,11.0,1.0,22.0,180.0,180.0,2022-11-01 22:00:00
2022,11.0,1.0,23.0,139.49,139.49,2022-11-01 23:00:00
2022,11.0,1.0,24.0,122.59,122.59,2022-11-02 00:00:00
2022,11.0,2.0,1.0,108.6,108.6,2022-11-02 01:00:00
2022,11.0,2.0,2.0,105.64,105.64,2022-11-02 02:00:00
2022,11.0,2.0,3.0,101.04,101.04,2022-11-02 03:00:00
2022,11.0,2.0,4.0,101.01,101.01,2022-11-02 04:00:00
2022,11.0,2.0,5.0,101.04,101.04,2022-11-02 05:00:00
2022,11.0,2.0,6.0,102.2,102.2,2022-11-02 06:00:00
2022,11.0,2.0,7.0,120.0,120.0,2022-11-02 07:00:00
2022,11.0,2.0,8.0,144.41,144.41,2022-11-02 08:00:00
2022,11.0,2.0,9.0,152.29,152.29,2022-11-02 09:00:00
2022,11.0,2.0,10.0,129.0,129.0,2022-11-02 10:00:00
2022,11.0,2.0,11.0,115.3,115.3,2022-11-02 11:00:00
2022,11.0,2.0,12.0,106.3,106.3,2022-11-02 12:00:00
2022,11.0,2.0,13.0,105.33,105.33,2022-11-02 13:00:00
2022,11.0,2.0,14.0,103.54,103.54,2022-11-02 14:00:00
2022,11.0,2.0,15.0,107.74,107.74,2022-11-02 15:00:00
2022,11.0,2.0,16.0,107.28,107.28,2022-11-02 16:00:00
2022,11.0,2.0,17.0,125.72,125.72,2022-11-02 17:00:00
2022,11.0,2.0,18.0,166.29,166.29,2022-11-02 18:00:00
2022,11.0,2.0,19.0,180.0,180.0,2022-11-02 19:00:00
2022,11.0,2.0,20.0,177.65,177.65,2022-11-02 20:00:00
2022,11.0,2.0,21.0,189.0,189.0,2022-11-02 21:00:00
2022,11.0,2.0,22.0,146.69,146.69,2022-11-02 22:00:00
2022,11.0,2.0,23.0,120.53,120.53,2022-11-02 23:00:00
2022,11.0,2.0,24.0,107.0,107.0,2022-11-03 00:00:00
2022,11.0,3.0,1.0,120.0,120.0,2022-11-03 01:00:00
2022,11.0,3.0,2.0,104.11,104.11,2022-11-03 02:00:00
2022,11.0,3.0,3.0,98.7,98.7,2022-11-03 03:00:00
2022,11.0,3.0,4.0,93.7,93.7,2022-11-03 04:00:00
2022,11.0,3.0,5.0,90.91,90.91,2022-11-03 05:00:00
2022,11.0,3.0,6.0,92.52,92.52,2022-11-03 06:00:00
2022,11.0,3.0,7.0,97.56,97.56,2022-11-03 07:00:00
2022,11.0,3.0,8.0,110.81,110.81,2022-11-03 08:00:00
2022,11.0,3.0,9.0,130.0,130.0,2022-11-03 09:00:00
2022,11.0,3.0,10.0,120.46,120.46,2022-11-03 10:00:00
2022,11.0,3.0,11.0,109.41,109.41,2022-11-03 11:00:00
2022,11.0,3.0,12.0,112.1,112.1,2022-11-03 12:00:00
2022,11.0,3.0,13.0,125.5,125.5,2022-11-03 13:00:00
2022,11.0,3.0,14.0,129.07,129.07,2022-11-03 14:00:00
2022,11.0,3.0,15.0,133.3,133.3,2022-11-03 15:00:00
2022,11.0,3.0,16.0,133.3,133.3,2022-11-03 16:00:00
2022,11.0,3.0,17.0,139.22,139.22,2022-11-03 17:00:00
2022,11.0,3.0,18.0,144.11,144.11,2022-11-03 18:00:00
2022,11.0,3.0,19.0,173.52,173.52,2022-11-03 19:00:00
2022,11.0,3.0,20.0,155.33,155.33,2022-11-03 20:00:00
2022,11.0,3.0,21.0,137.41,137.41,2022-11-03 21:00:00
2022,11.0,3.0,22.0,132.2,132.2,2022-11-03 22:00:00
2022,11.0,3.0,23.0,128.49,128.49,2022-11-03 23:00:00
2022,11.0,3.0,24.0,113.72,113.72,2022-11-04 00:00:00
2022,11.0,4.0,1.0,151.15,151.15,2022-11-04 01:00:00
2022,11.0,4.0,2.0,147.25,147.25,2022-11-04 02:00:00
2022,11.0,4.0,3.0,146.15,146.15,2022-11-04 03:00:00
2022,11.0,4.0,4.0,135.3,135.3,2022-11-04 04:00:00
2022,11.0,4.0,5.0,122.13,122.13,2022-11-04 05:00:00
2022,11.0,4.0,6.0,135.27,135.27,2022-11-04 06:00:00
2022,11.0,4.0,7.0,154.74,154.74,2022-11-04 07:00:00
2022,11.0,4.0,8.0,166.77,166.77,2022-11-04 08:00:00
2022,11.0,4.0,9.0,166.46,166.46,2022-11-04 09:00:00
2022,11.0,4.0,10.0,154.92,154.92,2022-11-04 10:00:00
2022,11.0,4.0,11.0,139.89,139.89,2022-11-04 11:00:00
2022,11.0,4.0,12.0,123.27,123.27,2022-11-04 12:00:00
2022,11.0,4.0,13.0,118.0,118.0,2022-11-04 13:00:00
2022,11.0,4.0,14.0,112.8,112.8,2022-11-04 14:00:00
2022,11.0,4.0,15.0,112.44,112.44,2022-11-04 15:00:00
2022,11.0,4.0,16.0,112.58,112.58,2022-11-04 16:00:00
2022,11.0,4.0,17.0,139.59,139.59,2022-11-04 17:00:00
2022,11.0,4.0,18.0,158.42,158.42,2022-11-04 18:00:00
2022,11.0,4.0,19.0,179.38,179.38,2022-11-04 19:00:00
2022,11.0,4.0,20.0,217.74,217.74,2022-11-04 20:00:00
2022,11.0,4.0,21.0,195.58,195.58,2022-11-04 21:00:00
2022,11.0,4.0,22.0,187.0,187.0,2022-11-04 22:00:00
2022,11.0,4.0,23.0,174.0,174.0,2022-11-04 23:00:00
2022,11.0,4.0,24.0,159.78,159.78,2022-11-05 00:00:00
2022,11.0,5.0,1.0,146.67,146.67,2022-11-05 01:00:00
2022,11.0,5.0,2.0,133.79,133.79,2022-11-05 02:00:00
2022,11.0,5.0,3.0,118.76,118.76,2022-11-05 03:00:00
2022,11.0,5.0,4.0,114.99,114.99,2022-11-05 04:00:00
2022,11.0,5.0,5.0,114.99,114.99,2022-11-05 05:00:00
2022,11.0,5.0,6.0,114.99,114.99,2022-11-05 06:00:00
2022,11.0,5.0,7.0,114.36,114.36,2022-11-05 07:00:00
2022,11.0,5.0,8.0,120.0,120.0,2022-11-05 08:00:00
2022,11.0,5.0,9.0,118.6,118.6,2022-11-05 09:00:00
2022,11.0,5.0,10.0,110.5,110.5,2022-11-05 10:00:00
2022,11.0,5.0,11.0,107.04,107.04,2022-11-05 11:00:00
2022,11.0,5.0,12.0,102.58,102.58,2022-11-05 12:00:00
2022,11.0,5.0,13.0,106.46,106.46,2022-11-05 13:00:00
2022,11.0,5.0,14.0,109.2,109.2,2022-11-05 14:00:00
2022,11.0,5.0,15.0,108.48,108.48,2022-11-05 15:00:00
2022,11.0,5.0,16.0,107.04,107.04,2022-11-05 16:00:00
2022,11.0,5.0,17.0,113.8,113.8,2022-11-05 17:00:00
2022,11.0,5.0,18.0,157.27,157.27,2022-11-05 18:00:00
2022,11.0,5.0,19.0,170.0,170.0,2022-11-05 19:00:00
2022,11.0,5.0,20.0,163.29,163.29,2022-11-05 20:00:00
2022,11.0,5.0,21.0,149.99,149.99,2022-11-05 21:00:00
2022,11.0,5.0,22.0,148.49,148.49,2022-11-05 22:00:00
2022,11.0,5.0,23.0,129.0,129.0,2022-11-05 23:00:00
2022,11.0,5.0,24.0,114.72,114.72,2022-11-06 00:00:00
2022,11.0,6.0,1.0,138.34,138.34,2022-11-06 01:00:00
2022,11.0,6.0,2.0,130.36,130.36,2022-11-06 02:00:00
2022,11.0,6.0,3.0,110.94,110.94,2022-11-06 03:00:00
2022,11.0,6.0,4.0,96.09,96.09,2022-11-06 04:00:00
2022,11.0,6.0,5.0,92.65,92.6,2022-11-06 05:00:00
2022,11.0,6.0,6.0,96.09,96.09,2022-11-06 06:00:00
2022,11.0,6.0,7.0,96.11,96.11,2022-11-06 07:00:00
2022,11.0,6.0,8.0,102.04,102.04,2022-11-06 08:00:00
2022,11.0,6.0,9.0,98.87,98.87,2022-11-06 09:00:00
2022,11.0,6.0,10.0,92.61,92.61,2022-11-06 10:00:00
2022,11.0,6.0,11.0,90.93,90.93,2022-11-06 11:00:00
2022,11.0,6.0,12.0,94.24,94.24,2022-11-06 12:00:00
2022,11.0,6.0,13.0,92.1,92.1,2022-11-06 13:00:00
2022,11.0,6.0,14.0,95.16,95.16,2022-11-06 14:00:00
2022,11.0,6.0,15.0,96.4,96.4,2022-11-06 15:00:00
2022,11.0,6.0,16.0,105.0,97.38,2022-11-06 16:00:00
2022,11.0,6.0,17.0,114.38,103.99,2022-11-06 17:00:00
2022,11.0,6.0,18.0,134.08,134.08,2022-11-06 18:00:00
2022,11.0,6.0,19.0,155.61,155.61,2022-11-06 19:00:00
2022,11.0,6.0,20.0,144.59,144.59,2022-11-06 20:00:00
2022,11.0,6.0,21.0,144.01,144.01,2022-11-06 21:00:00
2022,11.0,6.0,22.0,147.7,147.7,2022-11-06 22:00:00
2022,11.0,6.0,23.0,140.0,140.0,2022-11-06 23:00:00
2022,11.0,6.0,24.0,133.31,133.31,2022-11-07 00:00:00
2022,11.0,7.0,1.0,142.95,142.95,2022-11-07 01:00:00
2022,11.0,7.0,2.0,103.8,103.8,2022-11-07 02:00:00
2022,11.0,7.0,3.0,103.2,103.2,2022-11-07 03:00:00
2022,11.0,7.0,4.0,102.65,102.65,2022-11-07 04:00:00
2022,11.0,7.0,5.0,100.89,100.89,2022-11-07 05:00:00
2022,11.0,7.0,6.0,105.09,105.09,2022-11-07 06:00:00
2022,11.0,7.0,7.0,131.34,131.34,2022-11-07 07:00:00
2022,11.0,7.0,8.0,154.31,154.31,2022-11-07 08:00:00
2022,11.0,7.0,9.0,159.93,159.93,2022-11-07 09:00:00
2022,11.0,7.0,10.0,146.2,146.2,2022-11-07 10:00:00
2022,11.0,7.0,11.0,103.8,103.8,2022-11-07 11:00:00
2022,11.0,7.0,12.0,102.65,102.65,2022-11-07 12:00:00
2022,11.0,7.0,13.0,100.32,100.32,2022-11-07 13:00:00
2022,11.0,7.0,14.0,97.68,97.68,2022-11-07 14:00:00
2022,11.0,7.0,15.0,98.87,98.87,2022-11-07 15:00:00
2022,11.0,7.0,16.0,99.2,99.2,2022-11-07 16:00:00
2022,11.0,7.0,17.0,107.0,107.0,2022-11-07 17:00:00
2022,11.0,7.0,18.0,147.25,147.25,2022-11-07 18:00:00
2022,11.0,7.0,19.0,154.31,154.31,2022-11-07 19:00:00
2022,11.0,7.0,20.0,159.72,159.72,2022-11-07 20:00:00
2022,11.0,7.0,21.0,149.54,149.54,2022-11-07 21:00:00
2022,11.0,7.0,22.0,125.53,125.53,2022-11-07 22:00:00
2022,11.0,7.0,23.0,103.61,103.61,2022-11-07 23:00:00
2022,11.0,7.0,24.0,102.0,102.0,2022-11-08 00:00:00
2022,11.0,8.0,1.0,96.03,96.03,2022-11-08 01:00:00
2022,11.0,8.0,2.0,88.01,88.01,2022-11-08 02:00:00
2022,11.0,8.0,3.0,85.76,85.76,2022-11-08 03:00:00
2022,11.0,8.0,4.0,79.76,79.76,2022-11-08 04:00:00
2022,11.0,8.0,5.0,72.25,72.25,2022-11-08 05:00:00
2022,11.0,8.0,6.0,88.01,88.01,2022-11-08 06:00:00
2022,11.0,8.0,7.0,96.1,96.1,2022-11-08 07:00:00
2022,11.0,8.0,8.0,132.61,132.61,2022-11-08 08:00:00
2022,11.0,8.0,9.0,138.16,138.16,2022-11-08 09:00:00
2022,11.0,8.0,10.0,120.81,120.81,2022-11-08 10:00:00
2022,11.0,8.0,11.0,113.87,113.87,2022-11-08 11:00:00
2022,11.0,8.0,12.0,99.5,99.5,2022-11-08 12:00:00
2022,11.0,8.0,13.0,96.58,96.58,2022-11-08 13:00:00
2022,11.0,8.0,14.0,98.0,98.0,2022-11-08 14:00:00
2022,11.0,8.0,15.0,100.75,100.75,2022-11-08 15:00:00
2022,11.0,8.0,16.0,106.0,106.0,2022-11-08 16:00:00
2022,11.0,8.0,17.0,131.28,131.28,2022-11-08 17:00:00
2022,11.0,8.0,18.0,145.0,145.0,2022-11-08 18:00:00
2022,11.0,8.0,19.0,156.89,156.89,2022-11-08 19:00:00
2022,11.0,8.0,20.0,158.9,158.9,2022-11-08 20:00:00
2022,11.0,8.0,21.0,147.78,147.78,2022-11-08 21:00:00
2022,11.0,8.0,22.0,127.95,127.95,2022-11-08 22:00:00
2022,11.0,8.0,23.0,129.22,129.22,2022-11-08 23:00:00
2022,11.0,8.0,24.0,112.26,112.26,2022-11-09 00:00:00
2022,11.0,9.0,1.0,107.35,107.35,2022-11-09 01:00:00
2022,11.0,9.0,2.0,101.75,101.75,2022-11-09 02:00:00
2022,11.0,9.0,3.0,100.41,100.41,2022-11-09 03:00:00
2022,11.0,9.0,4.0,97.27,97.27,2022-11-09 04:00:00
2022,11.0,9.0,5.0,97.27,97.27,2022-11-09 05:00:00
2022,11.0,9.0,6.0,100.0,100.0,2022-11-09 06:00:00
2022,11.0,9.0,7.0,124.06,124.06,2022-11-09 07:00:00
2022,11.0,9.0,8.0,145.53,145.53,2022-11-09 08:00:00
2022,11.0,9.0,9.0,156.38,156.38,2022-11-09 09:00:00
2022,11.0,9.0,10.0,148.51,148.51,2022-11-09 10:00:00
2022,11.0,9.0,11.0,135.17,135.17,2022-11-09 11:00:00
2022,11.0,9.0,12.0,125.61,125.61,2022-11-09 12:00:00
2022,11.0,9.0,13.0,125.35,125.35,2022-11-09 13:00:00
2022,11.0,9.0,14.0,123.64,123.64,2022-11-09 14:00:00
2022,11.0,9.0,15.0,125.0,125.0,2022-11-09 15:00:00
2022,11.0,9.0,16.0,127.0,127.0,2022-11-09 16:00:00
2022,11.0,9.0,17.0,148.21,148.21,2022-11-09 17:00:00
2022,11.0,9.0,18.0,163.81,163.81,2022-11-09 18:00:00
2022,11.0,9.0,19.0,172.92,172.92,2022-11-09 19:00:00
2022,11.0,9.0,20.0,190.0,190.0,2022-11-09 20:00:00
2022,11.0,9.0,21.0,160.39,160.39,2022-11-09 21:00:00
2022,11.0,9.0,22.0,148.51,148.51,2022-11-09 22:00:00
2022,11.0,9.0,23.0,131.27,131.27,2022-11-09 23:00:00
2022,11.0,9.0,24.0,124.96,124.96,2022-11-10 00:00:00
2022,11.0,10.0,1.0,119.28,119.28,2022-11-10 01:00:00
2022,11.0,10.0,2.0,114.52,114.52,2022-11-10 02:00:00
2022,11.0,10.0,3.0,109.91,109.91,2022-11-10 03:00:00
2022,11.0,10.0,4.0,106.61,106.61,2022-11-10 04:00:00
2022,11.0,10.0,5.0,105.63,105.63,2022-11-10 05:00:00
2022,11.0,10.0,6.0,116.0,116.0,2022-11-10 06:00:00
2022,11.0,10.0,7.0,130.31,130.31,2022-11-10 07:00:00
2022,11.0,10.0,8.0,146.46,146.46,2022-11-10 08:00:00
2022,11.0,10.0,9.0,155.01,155.01,2022-11-10 09:00:00
2022,11.0,10.0,10.0,141.42,141.42,2022-11-10 10:00:00
2022,11.0,10.0,11.0,130.61,130.61,2022-11-10 11:00:00
2022,11.0,10.0,12.0,116.0,116.0,2022-11-10 12:00:00
2022,11.0,10.0,13.0,114.56,114.56,2022-11-10 13:00:00
2022,11.0,10.0,14.0,113.75,113.75,2022-11-10 14:00:00
2022,11.0,10.0,15.0,110.0,110.0,2022-11-10 15:00:00
2022,11.0,10.0,16.0,110.4,110.4,2022-11-10 16:00:00
2022,11.0,10.0,17.0,132.74,132.74,2022-11-10 17:00:00
2022,11.0,10.0,18.0,155.39,155.39,2022-11-10 18:00:00
2022,11.0,10.0,19.0,178.0,178.0,2022-11-10 19:00:00
2022,11.0,10.0,20.0,199.39,199.39,2022-11-10 20:00:00
2022,11.0,10.0,21.0,190.38,190.38,2022-11-10 21:00:00
2022,11.0,10.0,22.0,167.9,167.9,2022-11-10 22:00:00
2022,11.0,10.0,23.0,139.92,139.92,2022-11-10 23:00:00
2022,11.0,10.0,24.0,130.61,130.61,2022-11-11 00:00:00
2022,11.0,11.0,1.0,139.05,139.05,2022-11-11 01:00:00
2022,11.0,11.0,2.0,135.29,135.29,2022-11-11 02:00:00
2022,11.0,11.0,3.0,126.06,126.06,2022-11-11 03:00:00
2022,11.0,11.0,4.0,109.23,109.23,2022-11-11 04:00:00
2022,11.0,11.0,5.0,104.0,104.0,2022-11-11 05:00:00
2022,11.0,11.0,6.0,108.74,108.74,2022-11-11 06:00:00
2022,11.0,11.0,7.0,117.0,117.0,2022-11-11 07:00:00
2022,11.0,11.0,8.0,139.39,139.39,2022-11-11 08:00:00
2022,11.0,11.0,9.0,141.86,141.86,2022-11-11 09:00:00
2022,11.0,11.0,10.0,127.47,127.47,2022-11-11 10:00:00
2022,11.0,11.0,11.0,113.3,113.3,2022-11-11 11:00:00
2022,11.0,11.0,12.0,106.0,106.0,2022-11-11 12:00:00
2022,11.0,11.0,13.0,106.0,106.0,2022-11-11 13:00:00
2022,11.0,11.0,14.0,102.98,102.98,2022-11-11 14:00:00
2022,11.0,11.0,15.0,100.0,100.0,2022-11-11 15:00:00
2022,11.0,11.0,16.0,100.5,100.5,2022-11-11 16:00:00
2022,11.0,11.0,17.0,110.0,110.0,2022-11-11 17:00:00
2022,11.0,11.0,18.0,135.29,135.29,2022-11-11 18:00:00
2022,11.0,11.0,19.0,138.39,138.39,2022-11-11 19:00:00
2022,11.0,11.0,20.0,142.39,142.39,2022-11-11 20:00:00
2022,11.0,11.0,21.0,145.9,145.9,2022-11-11 21:00:00
2022,11.0,11.0,22.0,136.09,136.09,2022-11-11 22:00:00
2022,11.0,11.0,23.0,124.16,124.16,2022-11-11 23:00:00
2022,11.0,11.0,24.0,99.33,99.33,2022-11-12 00:00:00
2022,11.0,12.0,1.0,123.57,123.57,2022-11-12 01:00:00
2022,11.0,12.0,2.0,97.0,97.0,2022-11-12 02:00:00
2022,11.0,12.0,3.0,90.69,90.69,2022-11-12 03:00:00
2022,11.0,12.0,4.0,89.98,89.98,2022-11-12 04:00:00
2022,11.0,12.0,5.0,89.98,89.98,2022-11-12 05:00:00
2022,11.0,12.0,6.0,89.0,89.0,2022-11-12 06:00:00
2022,11.0,12.0,7.0,89.98,89.98,2022-11-12 07:00:00
2022,11.0,12.0,8.0,87.64,87.64,2022-11-12 08:00:00
2022,11.0,12.0,9.0,89.0,89.0,2022-11-12 09:00:00
2022,11.0,12.0,10.0,87.41,87.41,2022-11-12 10:00:00
2022,11.0,12.0,11.0,82.63,82.63,2022-11-12 11:00:00
2022,11.0,12.0,12.0,80.18,80.18,2022-11-12 12:00:00
2022,11.0,12.0,13.0,78.32,78.32,2022-11-12 13:00:00
2022,11.0,12.0,14.0,78.16,78.16,2022-11-12 14:00:00
2022,11.0,12.0,15.0,78.16,78.16,2022-11-12 15:00:00
2022,11.0,12.0,16.0,78.32,78.32,2022-11-12 16:00:00
2022,11.0,12.0,17.0,82.9,82.9,2022-11-12 17:00:00
2022,11.0,12.0,18.0,116.99,116.99,2022-11-12 18:00:00
2022,11.0,12.0,19.0,146.56,146.56,2022-11-12 19:00:00
2022,11.0,12.0,20.0,161.45,161.45,2022-11-12 20:00:00
2022,11.0,12.0,21.0,177.44,177.44,2022-11-12 21:00:00
2022,11.0,12.0,22.0,162.18,162.18,2022-11-12 22:00:00
2022,11.0,12.0,23.0,149.26,149.26,2022-11-12 23:00:00
2022,11.0,12.0,24.0,142.52,142.52,2022-11-13 00:00:00
2022,11.0,13.0,1.0,142.86,142.86,2022-11-13 01:00:00
2022,11.0,13.0,2.0,135.29,135.29,2022-11-13 02:00:00
2022,11.0,13.0,3.0,130.01,130.01,2022-11-13 03:00:00
2022,11.0,13.0,4.0,127.0,127.0,2022-11-13 04:00:00
2022,11.0,13.0,5.0,134.07,134.07,2022-11-13 05:00:00
2022,11.0,13.0,6.0,135.29,135.29,2022-11-13 06:00:00
2022,11.0,13.0,7.0,135.29,135.29,2022-11-13 07:00:00
2022,11.0,13.0,8.0,143.0,143.0,2022-11-13 08:00:00
2022,11.0,13.0,9.0,137.27,137.27,2022-11-13 09:00:00
2022,11.0,13.0,10.0,127.37,127.37,2022-11-13 10:00:00
2022,11.0,13.0,11.0,111.33,111.33,2022-11-13 11:00:00
2022,11.0,13.0,12.0,106.0,106.0,2022-11-13 12:00:00
2022,11.0,13.0,13.0,104.99,104.99,2022-11-13 13:00:00
2022,11.0,13.0,14.0,106.0,106.0,2022-11-13 14:00:00
2022,11.0,13.0,15.0,104.0,104.0,2022-11-13 15:00:00
2022,11.0,13.0,16.0,101.56,101.56,2022-11-13 16:00:00
2022,11.0,13.0,17.0,111.38,111.38,2022-11-13 17:00:00
2022,11.0,13.0,18.0,135.48,135.48,2022-11-13 18:00:00
2022,11.0,13.0,19.0,160.6,160.6,2022-11-13 19:00:00
2022,11.0,13.0,20.0,170.23,170.23,2022-11-13 20:00:00
2022,11.0,13.0,21.0,158.26,158.26,2022-11-13 21:00:00
2022,11.0,13.0,22.0,150.8,150.8,2022-11-13 22:00:00
2022,11.0,13.0,23.0,155.57,155.57,2022-11-13 23:00:00
2022,11.0,13.0,24.0,136.87,136.87,2022-11-14 00:00:00
2022,11.0,14.0,1.0,149.29,149.29,2022-11-14 01:00:00
2022,11.0,14.0,2.0,140.93,140.93,2022-11-14 02:00:00
2022,11.0,14.0,3.0,127.66,127.66,2022-11-14 03:00:00
2022,11.0,14.0,4.0,124.52,124.52,2022-11-14 04:00:00
2022,11.0,14.0,5.0,115.99,115.99,2022-11-14 05:00:00
2022,11.0,14.0,6.0,144.92,144.92,2022-11-14 06:00:00
2022,11.0,14.0,7.0,140.93,140.93,2022-11-14 07:00:00
2022,11.0,14.0,8.0,155.48,155.48,2022-11-14 08:00:00
2022,11.0,14.0,9.0,170.0,170.0,2022-11-14 09:00:00
2022,11.0,14.0,10.0,172.77,172.77,2022-11-14 10:00:00
2022,11.0,14.0,11.0,159.81,159.81,2022-11-14 11:00:00
2022,11.0,14.0,12.0,150.17,150.17,2022-11-14 12:00:00
2022,11.0,14.0,13.0,140.93,140.93,2022-11-14 13:00:00
2022,11.0,14.0,14.0,119.52,119.52,2022-11-14 14:00:00
2022,11.0,14.0,15.0,115.47,115.47,2022-11-14 15:00:00
2022,11.0,14.0,16.0,115.22,115.22,2022-11-14 16:00:00
2022,11.0,14.0,17.0,119.88,119.88,2022-11-14 17:00:00
2022,11.0,14.0,18.0,148.67,148.67,2022-11-14 18:00:00
2022,11.0,14.0,19.0,155.48,155.48,2022-11-14 19:00:00
2022,11.0,14.0,20.0,155.63,155.63,2022-11-14 20:00:00
2022,11.0,14.0,21.0,159.81,159.81,2022-11-14 21:00:00
2022,11.0,14.0,22.0,148.67,148.67,2022-11-14 22:00:00
2022,11.0,14.0,23.0,115.95,115.95,2022-11-14 23:00:00
2022,11.0,14.0,24.0,107.57,107.57,2022-11-15 00:00:00
2022,11.0,15.0,1.0,110.0,110.0,2022-11-15 01:00:00
2022,11.0,15.0,2.0,93.9,93.9,2022-11-15 02:00:00
2022,11.0,15.0,3.0,90.36,90.36,2022-11-15 03:00:00
2022,11.0,15.0,4.0,89.95,89.95,2022-11-15 04:00:00
2022,11.0,15.0,5.0,87.0,87.0,2022-11-15 05:00:00
2022,11.0,15.0,6.0,87.0,87.0,2022-11-15 06:00:00
2022,11.0,15.0,7.0,92.1,92.1,2022-11-15 07:00:00
2022,11.0,15.0,8.0,103.5,103.5,2022-11-15 08:00:00
2022,11.0,15.0,9.0,117.81,117.81,2022-11-15 09:00:00
2022,11.0,15.0,10.0,114.97,114.97,2022-11-15 10:00:00
2022,11.0,15.0,11.0,101.1,101.1,2022-11-15 11:00:00
2022,11.0,15.0,12.0,95.9,95.9,2022-11-15 12:00:00
2022,11.0,15.0,13.0,94.5,94.5,2022-11-15 13:00:00
2022,11.0,15.0,14.0,93.9,93.9,2022-11-15 14:00:00
2022,11.0,15.0,15.0,93.9,93.9,2022-11-15 15:00:00
2022,11.0,15.0,16.0,95.2,95.2,2022-11-15 16:00:00
2022,11.0,15.0,17.0,105.0,105.0,2022-11-15 17:00:00
2022,11.0,15.0,18.0,127.07,127.07,2022-11-15 18:00:00
2022,11.0,15.0,19.0,145.0,145.0,2022-11-15 19:00:00
2022,11.0,15.0,20.0,150.0,150.0,2022-11-15 20:00:00
2022,11.0,15.0,21.0,154.8,154.8,2022-11-15 21:00:00
2022,11.0,15.0,22.0,152.27,152.27,2022-11-15 22:00:00
2022,11.0,15.0,23.0,131.53,131.53,2022-11-15 23:00:00
2022,11.0,15.0,24.0,105.0,105.0,2022-11-16 00:00:00
2022,11.0,16.0,1.0,90.52,90.52,2022-11-16 01:00:00
2022,11.0,16.0,2.0,87.0,87.0,2022-11-16 02:00:00
2022,11.0,16.0,3.0,85.0,85.0,2022-11-16 03:00:00
2022,11.0,16.0,4.0,84.92,84.92,2022-11-16 04:00:00
2022,11.0,16.0,5.0,84.4,84.4,2022-11-16 05:00:00
2022,11.0,16.0,6.0,84.9,84.9,2022-11-16 06:00:00
2022,11.0,16.0,7.0,89.26,89.26,2022-11-16 07:00:00
2022,11.0,16.0,8.0,116.5,116.5,2022-11-16 08:00:00
2022,11.0,16.0,9.0,124.84,124.84,2022-11-16 09:00:00
2022,11.0,16.0,10.0,126.53,126.53,2022-11-16 10:00:00
2022,11.0,16.0,11.0,111.15,111.15,2022-11-16 11:00:00
2022,11.0,16.0,12.0,111.15,111.15,2022-11-16 12:00:00
2022,11.0,16.0,13.0,100.69,100.69,2022-11-16 13:00:00
2022,11.0,16.0,14.0,96.0,96.0,2022-11-16 14:00:00
2022,11.0,16.0,15.0,96.78,96.78,2022-11-16 15:00:00
2022,11.0,16.0,16.0,102.0,102.0,2022-11-16 16:00:00
2022,11.0,16.0,17.0,111.15,111.15,2022-11-16 17:00:00
2022,11.0,16.0,18.0,111.15,111.15,2022-11-16 18:00:00
2022,11.0,16.0,19.0,120.0,120.0,2022-11-16 19:00:00
2022,11.0,16.0,20.0,121.28,121.28,2022-11-16 20:00:00
2022,11.0,16.0,21.0,121.95,121.95,2022-11-16 21:00:00
2022,11.0,16.0,22.0,121.98,121.98,2022-11-16 22:00:00
2022,11.0,16.0,23.0,110.28,110.28,2022-11-16 23:00:00
2022,11.0,16.0,24.0,86.02,86.02,2022-11-17 00:00:00
2022,11.0,17.0,1.0,49.97,49.97,2022-11-17 01:00:00
2022,11.0,17.0,2.0,28.0,28.0,2022-11-17 02:00:00
2022,11.0,17.0,3.0,14.0,14.0,2022-11-17 03:00:00
2022,11.0,17.0,4.0,10.0,10.0,2022-11-17 04:00:00
2022,11.0,17.0,5.0,10.0,10.0,2022-11-17 05:00:00
2022,11.0,17.0,6.0,28.78,28.78,2022-11-17 06:00:00
2022,11.0,17.0,7.0,54.17,54.17,2022-11-17 07:00:00
2022,11.0,17.0,8.0,89.74,89.74,2022-11-17 08:00:00
2022,11.0,17.0,9.0,92.96,92.96,2022-11-17 09:00:00
2022,11.0,17.0,10.0,89.74,89.74,2022-11-17 10:00:00
2022,11.0,17.0,11.0,78.9,78.9,2022-11-17 11:00:00
2022,11.0,17.0,12.0,75.0,75.0,2022-11-17 12:00:00
2022,11.0,17.0,13.0,70.2,70.2,2022-11-17 13:00:00
2022,11.0,17.0,14.0,69.3,69.3,2022-11-17 14:00:00
2022,11.0,17.0,15.0,70.0,70.0,2022-11-17 15:00:00
2022,11.0,17.0,16.0,80.0,80.0,2022-11-17 16:00:00
2022,11.0,17.0,17.0,89.97,89.97,2022-11-17 17:00:00
2022,11.0,17.0,18.0,102.95,102.95,2022-11-17 18:00:00
2022,11.0,17.0,19.0,127.53,127.53,2022-11-17 19:00:00
2022,11.0,17.0,20.0,131.57,131.57,2022-11-17 20:00:00
2022,11.0,17.0,21.0,135.23,135.23,2022-11-17 21:00:00
2022,11.0,17.0,22.0,138.0,138.0,2022-11-17 22:00:00
2022,11.0,17.0,23.0,131.57,131.57,2022-11-17 23:00:00
2022,11.0,17.0,24.0,126.82,126.82,2022-11-18 00:00:00
2022,11.0,18.0,1.0,112.59,112.59,2022-11-18 01:00:00
2022,11.0,18.0,2.0,109.97,109.97,2022-11-18 02:00:00
2022,11.0,18.0,3.0,112.44,112.44,2022-11-18 03:00:00
2022,11.0,18.0,4.0,112.62,112.62,2022-11-18 04:00:00
2022,11.0,18.0,5.0,113.56,113.56,2022-11-18 05:00:00
2022,11.0,18.0,6.0,118.05,118.05,2022-11-18 06:00:00
2022,11.0,18.0,7.0,119.66,119.66,2022-11-18 07:00:00
2022,11.0,18.0,8.0,117.9,144.63,2022-11-18 08:00:00
2022,11.0,18.0,9.0,117.9,237.0,2022-11-18 09:00:00
2022,11.0,18.0,10.0,128.81,128.81,2022-11-18 10:00:00
2022,11.0,18.0,11.0,123.21,123.21,2022-11-18 11:00:00
2022,11.0,18.0,12.0,120.0,120.0,2022-11-18 12:00:00
2022,11.0,18.0,13.0,120.0,120.0,2022-11-18 13:00:00
2022,11.0,18.0,14.0,107.76,107.76,2022-11-18 14:00:00
2022,11.0,18.0,15.0,90.0,90.0,2022-11-18 15:00:00
2022,11.0,18.0,16.0,85.0,85.0,2022-11-18 16:00:00
2022,11.0,18.0,17.0,87.67,87.67,2022-11-18 17:00:00
2022,11.0,18.0,18.0,107.99,107.99,2022-11-18 18:00:00
2022,11.0,18.0,19.0,107.49,107.49,2022-11-18 19:00:00
2022,11.0,18.0,20.0,110.0,110.0,2022-11-18 20:00:00
2022,11.0,18.0,21.0,110.0,110.0,2022-11-18 21:00:00
2022,11.0,18.0,22.0,105.72,105.72,2022-11-18 22:00:00
2022,11.0,18.0,23.0,105.0,105.0,2022-11-18 23:00:00
2022,11.0,18.0,24.0,87.0,87.0,2022-11-19 00:00:00
2022,11.0,19.0,1.0,63.87,63.87,2022-11-19 01:00:00
2022,11.0,19.0,2.0,51.4,51.4,2022-11-19 02:00:00
2022,11.0,19.0,3.0,50.0,50.0,2022-11-19 03:00:00
2022,11.0,19.0,4.0,50.0,50.0,2022-11-19 04:00:00
2022,11.0,19.0,5.0,50.0,50.0,2022-11-19 05:00:00
2022,11.0,19.0,6.0,50.0,50.0,2022-11-19 06:00:00
2022,11.0,19.0,7.0,51.4,51.4,2022-11-19 07:00:00
2022,11.0,19.0,8.0,59.69,59.69,2022-11-19 08:00:00
2022,11.0,19.0,9.0,60.83,60.83,2022-11-19 09:00:00
2022,11.0,19.0,10.0,52.0,52.0,2022-11-19 10:00:00
2022,11.0,19.0,11.0,49.0,49.0,2022-11-19 11:00:00
2022,11.0,19.0,12.0,25.0,25.0,2022-11-19 12:00:00
2022,11.0,19.0,13.0,22.0,22.0,2022-11-19 13:00:00
2022,11.0,19.0,14.0,33.5,33.5,2022-11-19 14:00:00
2022,11.0,19.0,15.0,43.11,43.11,2022-11-19 15:00:00
2022,11.0,19.0,16.0,47.9,47.9,2022-11-19 16:00:00
2022,11.0,19.0,17.0,51.4,51.4,2022-11-19 17:00:00
2022,11.0,19.0,18.0,99.14,99.14,2022-11-19 18:00:00
2022,11.0,19.0,19.0,118.0,118.0,2022-11-19 19:00:00
2022,11.0,19.0,20.0,120.21,120.21,2022-11-19 20:00:00
2022,11.0,19.0,21.0,123.0,123.0,2022-11-19 21:00:00
2022,11.0,19.0,22.0,121.7,121.7,2022-11-19 22:00:00
2022,11.0,19.0,23.0,114.01,114.01,2022-11-19 23:00:00
2022,11.0,19.0,24.0,110.0,110.0,2022-11-20 00:00:00
2022,11.0,20.0,1.0,94.0,94.0,2022-11-20 01:00:00
2022,11.0,20.0,2.0,79.5,79.5,2022-11-20 02:00:00
2022,11.0,20.0,3.0,65.37,65.37,2022-11-20 03:00:00
2022,11.0,20.0,4.0,63.4,63.4,2022-11-20 04:00:00
2022,11.0,20.0,5.0,65.0,65.0,2022-11-20 05:00:00
2022,11.0,20.0,6.0,66.52,66.52,2022-11-20 06:00:00
2022,11.0,20.0,7.0,89.99,89.99,2022-11-20 07:00:00
2022,11.0,20.0,8.0,98.0,98.0,2022-11-20 08:00:00
2022,11.0,20.0,9.0,100.0,100.0,2022-11-20 09:00:00
2022,11.0,20.0,10.0,102.06,102.06,2022-11-20 10:00:00
2022,11.0,20.0,11.0,100.0,100.0,2022-11-20 11:00:00
2022,11.0,20.0,12.0,95.0,95.0,2022-11-20 12:00:00
2022,11.0,20.0,13.0,88.1,88.1,2022-11-20 13:00:00
2022,11.0,20.0,14.0,89.9,89.9,2022-11-20 14:00:00
2022,11.0,20.0,15.0,78.0,78.0,2022-11-20 15:00:00
2022,11.0,20.0,16.0,66.52,66.52,2022-11-20 16:00:00
2022,11.0,20.0,17.0,99.78,99.78,2022-11-20 17:00:00
2022,11.0,20.0,18.0,110.0,110.0,2022-11-20 18:00:00
2022,11.0,20.0,19.0,121.74,121.74,2022-11-20 19:00:00
2022,11.0,20.0,20.0,150.0,150.0,2022-11-20 20:00:00
2022,11.0,20.0,21.0,157.96,157.96,2022-11-20 21:00:00
2022,11.0,20.0,22.0,134.72,134.72,2022-11-20 22:00:00
2022,11.0,20.0,23.0,111.0,111.0,2022-11-20 23:00:00
2022,11.0,20.0,24.0,91.32,91.32,2022-11-21 00:00:00
2022,11.0,21.0,1.0,97.84,97.84,2022-11-21 01:00:00
2022,11.0,21.0,2.0,67.72,67.72,2022-11-21 02:00:00
2022,11.0,21.0,3.0,59.4,59.4,2022-11-21 03:00:00
2022,11.0,21.0,4.0,52.2,52.2,2022-11-21 04:00:00
2022,11.0,21.0,5.0,50.7,50.7,2022-11-21 05:00:00
2022,11.0,21.0,6.0,51.4,51.4,2022-11-21 06:00:00
2022,11.0,21.0,7.0,60.0,60.0,2022-11-21 07:00:00
2022,11.0,21.0,8.0,98.6,98.6,2022-11-21 08:00:00
2022,11.0,21.0,9.0,101.32,101.32,2022-11-21 09:00:00
2022,11.0,21.0,10.0,101.84,101.84,2022-11-21 10:00:00
2022,11.0,21.0,11.0,98.54,98.54,2022-11-21 11:00:00
2022,11.0,21.0,12.0,97.84,97.84,2022-11-21 12:00:00
2022,11.0,21.0,13.0,98.54,98.54,2022-11-21 13:00:00
2022,11.0,21.0,14.0,97.84,97.84,2022-11-21 14:00:00
2022,11.0,21.0,15.0,80.23,80.23,2022-11-21 15:00:00
2022,11.0,21.0,16.0,67.72,67.72,2022-11-21 16:00:00
2022,11.0,21.0,17.0,67.57,67.57,2022-11-21 17:00:00
2022,11.0,21.0,18.0,80.23,80.23,2022-11-21 18:00:00
2022,11.0,21.0,19.0,98.54,98.54,2022-11-21 19:00:00
2022,11.0,21.0,20.0,95.01,95.01,2022-11-21 20:00:00
2022,11.0,21.0,21.0,95.01,95.01,2022-11-21 21:00:00
2022,11.0,21.0,22.0,97.84,97.84,2022-11-21 22:00:00
2022,11.0,21.0,23.0,67.52,67.52,2022-11-21 23:00:00
2022,11.0,21.0,24.0,52.0,52.0,2022-11-22 00:00:00
2022,11.0,22.0,1.0,48.9,48.9,2022-11-22 01:00:00
2022,11.0,22.0,2.0,48.0,48.0,2022-11-22 02:00:00
2022,11.0,22.0,3.0,48.0,48.0,2022-11-22 03:00:00
2022,11.0,22.0,4.0,47.2,47.2,2022-11-22 04:00:00
2022,11.0,22.0,5.0,47.2,47.2,2022-11-22 05:00:00
2022,11.0,22.0,6.0,48.9,48.9,2022-11-22 06:00:00
2022,11.0,22.0,7.0,52.9,52.9,2022-11-22 07:00:00
2022,11.0,22.0,8.0,90.0,90.0,2022-11-22 08:00:00
2022,11.0,22.0,9.0,100.0,100.0,2022-11-22 09:00:00
2022,11.0,22.0,10.0,99.63,99.63,2022-11-22 10:00:00
2022,11.0,22.0,11.0,84.2,84.2,2022-11-22 11:00:00
2022,11.0,22.0,12.0,66.37,66.37,2022-11-22 12:00:00
2022,11.0,22.0,13.0,62.7,62.7,2022-11-22 13:00:00
2022,11.0,22.0,14.0,60.5,60.5,2022-11-22 14:00:00
2022,11.0,22.0,15.0,62.0,62.0,2022-11-22 15:00:00
2022,11.0,22.0,16.0,66.37,66.37,2022-11-22 16:00:00
2022,11.0,22.0,17.0,79.51,79.51,2022-11-22 17:00:00
2022,11.0,22.0,18.0,99.0,99.0,2022-11-22 18:00:00
2022,11.0,22.0,19.0,103.2,103.2,2022-11-22 19:00:00
2022,11.0,22.0,20.0,108.0,108.0,2022-11-22 20:00:00
2022,11.0,22.0,21.0,107.59,107.59,2022-11-22 21:00:00
2022,11.0,22.0,22.0,100.0,100.0,2022-11-22 22:00:00
2022,11.0,22.0,23.0,79.69,79.69,2022-11-22 23:00:00
2022,11.0,22.0,24.0,50.7,50.7,2022-11-23 00:00:00
2022,11.0,23.0,1.0,70.0,70.0,2022-11-23 01:00:00
2022,11.0,23.0,2.0,16.38,16.38,2022-11-23 02:00:00
2022,11.0,23.0,3.0,10.0,10.0,2022-11-23 03:00:00
2022,11.0,23.0,4.0,4.11,4.11,2022-11-23 04:00:00
2022,11.0,23.0,5.0,4.11,4.11,2022-11-23 05:00:00
2022,11.0,23.0,6.0,8.0,8.0,2022-11-23 06:00:00
2022,11.0,23.0,7.0,45.99,45.99,2022-11-23 07:00:00
2022,11.0,23.0,8.0,86.0,86.0,2022-11-23 08:00:00
2022,11.0,23.0,9.0,96.0,96.0,2022-11-23 09:00:00
2022,11.0,23.0,10.0,97.84,97.84,2022-11-23 10:00:00
2022,11.0,23.0,11.0,96.0,96.0,2022-11-23 11:00:00
2022,11.0,23.0,12.0,96.53,96.53,2022-11-23 12:00:00
2022,11.0,23.0,13.0,98.0,98.0,2022-11-23 13:00:00
2022,11.0,23.0,14.0,100.0,100.0,2022-11-23 14:00:00
2022,11.0,23.0,15.0,102.0,102.0,2022-11-23 15:00:00
2022,11.0,23.0,16.0,111.01,111.01,2022-11-23 16:00:00
2022,11.0,23.0,17.0,130.0,130.0,2022-11-23 17:00:00
2022,11.0,23.0,18.0,134.92,134.92,2022-11-23 18:00:00
2022,11.0,23.0,19.0,140.0,140.0,2022-11-23 19:00:00
2022,11.0,23.0,20.0,148.59,148.59,2022-11-23 20:00:00
2022,11.0,23.0,21.0,160.0,160.0,2022-11-23 21:00:00
2022,11.0,23.0,22.0,150.0,150.0,2022-11-23 22:00:00
2022,11.0,23.0,23.0,142.0,142.0,2022-11-23 23:00:00
2022,11.0,23.0,24.0,125.34,125.34,2022-11-24 00:00:00
2022,11.0,24.0,1.0,143.14,143.14,2022-11-24 01:00:00
2022,11.0,24.0,2.0,121.29,121.29,2022-11-24 02:00:00
2022,11.0,24.0,3.0,116.1,116.1,2022-11-24 03:00:00
2022,11.0,24.0,4.0,112.02,112.02,2022-11-24 04:00:00
2022,11.0,24.0,5.0,110.97,110.97,2022-11-24 05:00:00
2022,11.0,24.0,6.0,110.97,110.97,2022-11-24 06:00:00
2022,11.0,24.0,7.0,125.0,125.0,2022-11-24 07:00:00
2022,11.0,24.0,8.0,145.0,145.0,2022-11-24 08:00:00
2022,11.0,24.0,9.0,135.64,135.64,2022-11-24 09:00:00
2022,11.0,24.0,10.0,131.93,131.93,2022-11-24 10:00:00
2022,11.0,24.0,11.0,121.28,121.28,2022-11-24 11:00:00
2022,11.0,24.0,12.0,114.72,114.72,2022-11-24 12:00:00
2022,11.0,24.0,13.0,116.15,116.15,2022-11-24 13:00:00
2022,11.0,24.0,14.0,119.59,119.59,2022-11-24 14:00:00
2022,11.0,24.0,15.0,120.18,120.18,2022-11-24 15:00:00
2022,11.0,24.0,16.0,130.0,130.0,2022-11-24 16:00:00
2022,11.0,24.0,17.0,148.64,148.64,2022-11-24 17:00:00
2022,11.0,24.0,18.0,153.01,153.01,2022-11-24 18:00:00
2022,11.0,24.0,19.0,164.1,164.1,2022-11-24 19:00:00
2022,11.0,24.0,20.0,190.0,190.0,2022-11-24 20:00:00
2022,11.0,24.0,21.0,195.76,195.76,2022-11-24 21:00:00
2022,11.0,24.0,22.0,186.99,186.99,2022-11-24 22:00:00
2022,11.0,24.0,23.0,152.16,152.16,2022-11-24 23:00:00
2022,11.0,24.0,24.0,141.0,141.0,2022-11-25 00:00:00
2022,11.0,25.0,1.0,150.1,150.1,2022-11-25 01:00:00
2022,11.0,25.0,2.0,133.1,133.1,2022-11-25 02:00:00
2022,11.0,25.0,3.0,116.35,116.35,2022-11-25 03:00:00
2022,11.0,25.0,4.0,108.44,108.44,2022-11-25 04:00:00
2022,11.0,25.0,5.0,106.23,106.23,2022-11-25 05:00:00
2022,11.0,25.0,6.0,110.19,110.19,2022-11-25 06:00:00
2022,11.0,25.0,7.0,120.21,120.21,2022-11-25 07:00:00
2022,11.0,25.0,8.0,145.0,145.0,2022-11-25 08:00:00
2022,11.0,25.0,9.0,156.3,156.3,2022-11-25 09:00:00
2022,11.0,25.0,10.0,154.95,154.95,2022-11-25 10:00:00
2022,11.0,25.0,11.0,159.32,159.32,2022-11-25 11:00:00
2022,11.0,25.0,12.0,151.62,151.62,2022-11-25 12:00:00
2022,11.0,25.0,13.0,126.21,126.21,2022-11-25 13:00:00
2022,11.0,25.0,14.0,118.33,118.33,2022-11-25 14:00:00
2022,11.0,25.0,15.0,106.51,106.51,2022-11-25 15:00:00
2022,11.0,25.0,16.0,109.51,109.51,2022-11-25 16:00:00
2022,11.0,25.0,17.0,143.43,143.43,2022-11-25 17:00:00
2022,11.0,25.0,18.0,165.0,165.0,2022-11-25 18:00:00
2022,11.0,25.0,19.0,166.62,166.62,2022-11-25 19:00:00
2022,11.0,25.0,20.0,176.74,176.74,2022-11-25 20:00:00
2022,11.0,25.0,21.0,182.61,182.61,2022-11-25 21:00:00
2022,11.0,25.0,22.0,171.3,171.3,2022-11-25 22:00:00
2022,11.0,25.0,23.0,158.91,158.91,2022-11-25 23:00:00
2022,11.0,25.0,24.0,156.45,156.45,2022-11-26 00:00:00
2022,11.0,26.0,1.0,139.42,139.42,2022-11-26 01:00:00
2022,11.0,26.0,2.0,105.0,105.0,2022-11-26 02:00:00
2022,11.0,26.0,3.0,111.1,111.1,2022-11-26 03:00:00
2022,11.0,26.0,4.0,104.96,104.96,2022-11-26 04:00:00
2022,11.0,26.0,5.0,104.18,104.18,2022-11-26 05:00:00
2022,11.0,26.0,6.0,104.51,104.51,2022-11-26 06:00:00
2022,11.0,26.0,7.0,121.0,121.0,2022-11-26 07:00:00
2022,11.0,26.0,8.0,125.0,125.0,2022-11-26 08:00:00
2022,11.0,26.0,9.0,135.93,135.93,2022-11-26 09:00:00
2022,11.0,26.0,10.0,139.42,139.42,2022-11-26 10:00:00
2022,11.0,26.0,11.0,120.97,120.97,2022-11-26 11:00:00
2022,11.0,26.0,12.0,104.18,104.18,2022-11-26 12:00:00
2022,11.0,26.0,13.0,102.65,102.65,2022-11-26 13:00:00
2022,11.0,26.0,14.0,104.96,104.96,2022-11-26 14:00:00
2022,11.0,26.0,15.0,104.51,104.51,2022-11-26 15:00:00
2022,11.0,26.0,16.0,104.51,104.51,2022-11-26 16:00:00
2022,11.0,26.0,17.0,143.99,143.99,2022-11-26 17:00:00
2022,11.0,26.0,18.0,155.76,155.76,2022-11-26 18:00:00
2022,11.0,26.0,19.0,169.89,169.89,2022-11-26 19:00:00
2022,11.0,26.0,20.0,171.3,171.3,2022-11-26 20:00:00
2022,11.0,26.0,21.0,175.01,175.01,2022-11-26 21:00:00
2022,11.0,26.0,22.0,170.82,170.82,2022-11-26 22:00:00
2022,11.0,26.0,23.0,155.76,155.76,2022-11-26 23:00:00
2022,11.0,26.0,24.0,150.24,150.24,2022-11-27 00:00:00
2022,11.0,27.0,1.0,140.58,140.58,2022-11-27 01:00:00
2022,11.0,27.0,2.0,135.0,135.0,2022-11-27 02:00:00
2022,11.0,27.0,3.0,122.01,122.01,2022-11-27 03:00:00
2022,11.0,27.0,4.0,99.4,99.4,2022-11-27 04:00:00
2022,11.0,27.0,5.0,99.4,99.4,2022-11-27 05:00:00
2022,11.0,27.0,6.0,99.4,99.4,2022-11-27 06:00:00
2022,11.0,27.0,7.0,101.0,101.0,2022-11-27 07:00:00
2022,11.0,27.0,8.0,112.0,112.0,2022-11-27 08:00:00
2022,11.0,27.0,9.0,108.0,108.0,2022-11-27 09:00:00
2022,11.0,27.0,10.0,100.8,100.8,2022-11-27 10:00:00
2022,11.0,27.0,11.0,95.0,95.0,2022-11-27 11:00:00
2022,11.0,27.0,12.0,92.0,92.0,2022-11-27 12:00:00
2022,11.0,27.0,13.0,92.37,92.37,2022-11-27 13:00:00
2022,11.0,27.0,14.0,99.4,99.4,2022-11-27 14:00:00
2022,11.0,27.0,15.0,100.0,100.0,2022-11-27 15:00:00
2022,11.0,27.0,16.0,100.0,100.0,2022-11-27 16:00:00
2022,11.0,27.0,17.0,112.95,112.95,2022-11-27 17:00:00
2022,11.0,27.0,18.0,145.02,145.02,2022-11-27 18:00:00
2022,11.0,27.0,19.0,156.0,156.0,2022-11-27 19:00:00
2022,11.0,27.0,20.0,156.27,156.27,2022-11-27 20:00:00
2022,11.0,27.0,21.0,153.72,153.72,2022-11-27 21:00:00
2022,11.0,27.0,22.0,145.71,145.71,2022-11-27 22:00:00
2022,11.0,27.0,23.0,135.0,135.0,2022-11-27 23:00:00
2022,11.0,27.0,24.0,108.0,108.0,2022-11-28 00:00:00
2022,11.0,28.0,1.0,99.91,99.91,2022-11-28 01:00:00
2022,11.0,28.0,2.0,92.37,92.37,2022-11-28 02:00:00
2022,11.0,28.0,3.0,90.0,90.0,2022-11-28 03:00:00
2022,11.0,28.0,4.0,86.18,86.18,2022-11-28 04:00:00
2022,11.0,28.0,5.0,79.58,79.58,2022-11-28 05:00:00
2022,11.0,28.0,6.0,77.1,77.1,2022-11-28 06:00:00
2022,11.0,28.0,7.0,88.6,88.6,2022-11-28 07:00:00
2022,11.0,28.0,8.0,98.91,98.91,2022-11-28 08:00:00
2022,11.0,28.0,9.0,120.0,120.0,2022-11-28 09:00:00
2022,11.0,28.0,10.0,98.91,98.91,2022-11-28 10:00:00
2022,11.0,28.0,11.0,90.0,90.0,2022-11-28 11:00:00
2022,11.0,28.0,12.0,87.85,87.85,2022-11-28 12:00:00
2022,11.0,28.0,13.0,79.23,79.23,2022-11-28 13:00:00
2022,11.0,28.0,14.0,65.88,65.88,2022-11-28 14:00:00
2022,11.0,28.0,15.0,65.88,65.88,2022-11-28 15:00:00
2022,11.0,28.0,16.0,80.14,80.14,2022-11-28 16:00:00
2022,11.0,28.0,17.0,91.4,91.4,2022-11-28 17:00:00
2022,11.0,28.0,18.0,111.1,111.1,2022-11-28 18:00:00
2022,11.0,28.0,19.0,140.83,140.83,2022-11-28 19:00:00
2022,11.0,28.0,20.0,150.57,150.57,2022-11-28 20:00:00
2022,11.0,28.0,21.0,165.9,165.9,2022-11-28 21:00:00
2022,11.0,28.0,22.0,156.0,156.0,2022-11-28 22:00:00
2022,11.0,28.0,23.0,139.4,139.4,2022-11-28 23:00:00
2022,11.0,28.0,24.0,125.0,125.0,2022-11-29 00:00:00
2022,11.0,29.0,1.0,110.0,110.0,2022-11-29 01:00:00
2022,11.0,29.0,2.0,97.37,97.37,2022-11-29 02:00:00
2022,11.0,29.0,3.0,94.07,94.07,2022-11-29 03:00:00
2022,11.0,29.0,4.0,93.0,93.0,2022-11-29 04:00:00
2022,11.0,29.0,5.0,92.0,92.0,2022-11-29 05:00:00
2022,11.0,29.0,6.0,93.0,93.0,2022-11-29 06:00:00
2022,11.0,29.0,7.0,105.04,105.04,2022-11-29 07:00:00
2022,11.0,29.0,8.0,136.27,136.27,2022-11-29 08:00:00
2022,11.0,29.0,9.0,136.27,136.27,2022-11-29 09:00:00
2022,11.0,29.0,10.0,111.5,111.5,2022-11-29 10:00:00
2022,11.0,29.0,11.0,96.22,96.22,2022-11-29 11:00:00
2022,11.0,29.0,12.0,96.22,96.22,2022-11-29 12:00:00
2022,11.0,29.0,13.0,98.04,98.04,2022-11-29 13:00:00
2022,11.0,29.0,14.0,98.04,98.04,2022-11-29 14:00:00
2022,11.0,29.0,15.0,97.5,97.5,2022-11-29 15:00:00
2022,11.0,29.0,16.0,98.04,98.04,2022-11-29 16:00:00
2022,11.0,29.0,17.0,130.0,130.0,2022-11-29 17:00:00
2022,11.0,29.0,18.0,144.76,144.76,2022-11-29 18:00:00
2022,11.0,29.0,19.0,166.22,166.22,2022-11-29 19:00:00
2022,11.0,29.0,20.0,185.0,185.0,2022-11-29 20:00:00
2022,11.0,29.0,21.0,190.42,190.42,2022-11-29 21:00:00
2022,11.0,29.0,22.0,167.03,167.03,2022-11-29 22:00:00
2022,11.0,29.0,23.0,144.56,144.56,2022-11-29 23:00:00
2022,11.0,29.0,24.0,136.42,136.42,2022-11-30 00:00:00
2022,11.0,30.0,1.0,133.0,133.0,2022-11-30 01:00:00
2022,11.0,30.0,2.0,130.0,130.0,2022-11-30 02:00:00
2022,11.0,30.0,3.0,135.07,135.07,2022-11-30 03:00:00
2022,11.0,30.0,4.0,134.63,134.63,2022-11-30 04:00:00
2022,11.0,30.0,5.0,131.47,131.47,2022-11-30 05:00:00
2022,11.0,30.0,6.0,135.07,135.07,2022-11-30 06:00:00
2022,11.0,30.0,7.0,135.07,135.07,2022-11-30 07:00:00
2022,11.0,30.0,8.0,146.44,146.44,2022-11-30 08:00:00
2022,11.0,30.0,9.0,156.36,156.36,2022-11-30 09:00:00
2022,11.0,30.0,10.0,151.14,151.14,2022-11-30 10:00:00
2022,11.0,30.0,11.0,148.3,148.3,2022-11-30 11:00:00
2022,11.0,30.0,12.0,148.3,148.3,2022-11-30 12:00:00
2022,11.0,30.0,13.0,148.45,148.45,2022-11-30 13:00:00
2022,11.0,30.0,14.0,148.45,148.45,2022-11-30 14:00:00
2022,11.0,30.0,15.0,144.8,144.8,2022-11-30 15:00:00
2022,11.0,30.0,16.0,148.3,148.3,2022-11-30 16:00:00
2022,11.0,30.0,17.0,151.04,151.04,2022-11-30 17:00:00
2022,11.0,30.0,18.0,175.0,175.0,2022-11-30 18:00:00
2022,11.0,30.0,19.0,180.07,180.07,2022-11-30 19:00:00
2022,11.0,30.0,20.0,185.83,185.83,2022-11-30 20:00:00
2022,11.0,30.0,21.0,186.0,186.0,2022-11-30 21:00:00
2022,11.0,30.0,22.0,186.0,186.0,2022-11-30 22:00:00
2022,11.0,30.0,23.0,159.64,159.64,2022-11-30 23:00:00
2022,11.0,30.0,24.0,131.47,131.47,2022-12-01 00:00:00
2022,12.0,1.0,1.0,151.84,151.84,2022-12-01 01:00:00
2022,12.0,1.0,2.0,132.22,132.22,2022-12-01 02:00:00
2022,12.0,1.0,3.0,134.26,134.26,2022-12-01 03:00:00
2022,12.0,1.0,4.0,134.26,134.26,2022-12-01 04:00:00
2022,12.0,1.0,5.0,123.41,123.41,2022-12-01 05:00:00
2022,12.0,1.0,6.0,131.01,131.01,2022-12-01 06:00:00
2022,12.0,1.0,7.0,145.0,145.0,2022-12-01 07:00:00
2022,12.0,1.0,8.0,152.42,152.42,2022-12-01 08:00:00
2022,12.0,1.0,9.0,162.14,162.14,2022-12-01 09:00:00
2022,12.0,1.0,10.0,161.0,161.0,2022-12-01 10:00:00
2022,12.0,1.0,11.0,148.42,148.42,2022-12-01 11:00:00
2022,12.0,1.0,12.0,148.0,148.0,2022-12-01 12:00:00
2022,12.0,1.0,13.0,147.0,147.0,2022-12-01 13:00:00
2022,12.0,1.0,14.0,153.38,153.38,2022-12-01 14:00:00
2022,12.0,1.0,15.0,151.06,151.06,2022-12-01 15:00:00
2022,12.0,1.0,16.0,151.84,151.84,2022-12-01 16:00:00
2022,12.0,1.0,17.0,147.21,147.21,2022-12-01 17:00:00
2022,12.0,1.0,18.0,161.44,161.44,2022-12-01 18:00:00
2022,12.0,1.0,19.0,168.14,168.14,2022-12-01 19:00:00
2022,12.0,1.0,20.0,172.32,172.32,2022-12-01 20:00:00
2022,12.0,1.0,21.0,175.8,175.8,2022-12-01 21:00:00
2022,12.0,1.0,22.0,164.34,164.34,2022-12-01 22:00:00
2022,12.0,1.0,23.0,151.03,151.03,2022-12-01 23:00:00
2022,12.0,1.0,24.0,134.26,134.26,2022-12-02 00:00:00
2022,12.0,2.0,1.0,120.0,120.0,2022-12-02 01:00:00
2022,12.0,2.0,2.0,115.2,115.2,2022-12-02 02:00:00
2022,12.0,2.0,3.0,110.23,110.23,2022-12-02 03:00:00
2022,12.0,2.0,4.0,110.0,110.0,2022-12-02 04:00:00
2022,12.0,2.0,5.0,110.23,110.23,2022-12-02 05:00:00
2022,12.0,2.0,6.0,115.98,115.98,2022-12-02 06:00:00
2022,12.0,2.0,7.0,124.98,124.98,2022-12-02 07:00:00
2022,12.0,2.0,8.0,139.51,139.51,2022-12-02 08:00:00
2022,12.0,2.0,9.0,139.71,139.71,2022-12-02 09:00:00
2022,12.0,2.0,10.0,121.0,121.0,2022-12-02 10:00:00
2022,12.0,2.0,11.0,99.36,99.36,2022-12-02 11:00:00
2022,12.0,2.0,12.0,91.79,91.79,2022-12-02 12:00:00
2022,12.0,2.0,13.0,95.0,95.0,2022-12-02 13:00:00
2022,12.0,2.0,14.0,115.98,115.98,2022-12-02 14:00:00
2022,12.0,2.0,15.0,110.23,110.23,2022-12-02 15:00:00
2022,12.0,2.0,16.0,99.6,99.6,2022-12-02 16:00:00
2022,12.0,2.0,17.0,124.98,124.98,2022-12-02 17:00:00
2022,12.0,2.0,18.0,153.38,153.38,2022-12-02 18:00:00
2022,12.0,2.0,19.0,170.57,170.57,2022-12-02 19:00:00
2022,12.0,2.0,20.0,170.57,170.57,2022-12-02 20:00:00
2022,12.0,2.0,21.0,171.95,171.95,2022-12-02 21:00:00
2022,12.0,2.0,22.0,161.71,161.71,2022-12-02 22:00:00
2022,12.0,2.0,23.0,150.82,150.82,2022-12-02 23:00:00
2022,12.0,2.0,24.0,140.11,140.11,2022-12-03 00:00:00
2022,12.0,3.0,1.0,131.01,131.01,2022-12-03 01:00:00
2022,12.0,3.0,2.0,115.0,115.0,2022-12-03 02:00:00
2022,12.0,3.0,3.0,104.52,104.52,2022-12-03 03:00:00
2022,12.0,3.0,4.0,103.48,103.48,2022-12-03 04:00:00
2022,12.0,3.0,5.0,105.0,105.0,2022-12-03 05:00:00
2022,12.0,3.0,6.0,105.0,105.0,2022-12-03 06:00:00
2022,12.0,3.0,7.0,110.02,110.02,2022-12-03 07:00:00
2022,12.0,3.0,8.0,119.1,119.1,2022-12-03 08:00:00
2022,12.0,3.0,9.0,131.46,131.46,2022-12-03 09:00:00
2022,12.0,3.0,10.0,131.01,131.01,2022-12-03 10:00:00
2022,12.0,3.0,11.0,118.95,118.95,2022-12-03 11:00:00
2022,12.0,3.0,12.0,106.89,106.89,2022-12-03 12:00:00
2022,12.0,3.0,13.0,103.76,103.76,2022-12-03 13:00:00
2022,12.0,3.0,14.0,110.0,110.0,2022-12-03 14:00:00
2022,12.0,3.0,15.0,110.19,110.19,2022-12-03 15:00:00
2022,12.0,3.0,16.0,110.19,110.19,2022-12-03 16:00:00
2022,12.0,3.0,17.0,105.0,105.0,2022-12-03 17:00:00
2022,12.0,3.0,18.0,119.1,119.1,2022-12-03 18:00:00
2022,12.0,3.0,19.0,140.0,140.0,2022-12-03 19:00:00
2022,12.0,3.0,20.0,144.81,144.81,2022-12-03 20:00:00
2022,12.0,3.0,21.0,145.9,145.9,2022-12-03 21:00:00
2022,12.0,3.0,22.0,143.01,143.01,2022-12-03 22:00:00
2022,12.0,3.0,23.0,135.87,135.87,2022-12-03 23:00:00
2022,12.0,3.0,24.0,131.25,131.25,2022-12-04 00:00:00
2022,12.0,4.0,1.0,180.95,180.95,2022-12-04 01:00:00
2022,12.0,4.0,2.0,175.0,175.0,2022-12-04 02:00:00
2022,12.0,4.0,3.0,175.0,175.0,2022-12-04 03:00:00
2022,12.0,4.0,4.0,170.95,170.95,2022-12-04 04:00:00
2022,12.0,4.0,5.0,168.0,168.0,2022-12-04 05:00:00
2022,12.0,4.0,6.0,168.0,168.0,2022-12-04 06:00:00
2022,12.0,4.0,7.0,176.36,176.36,2022-12-04 07:00:00
2022,12.0,4.0,8.0,176.51,176.51,2022-12-04 08:00:00
2022,12.0,4.0,9.0,176.72,176.72,2022-12-04 09:00:00
2022,12.0,4.0,10.0,184.01,184.01,2022-12-04 10:00:00
2022,12.0,4.0,11.0,180.76,180.76,2022-12-04 11:00:00
2022,12.0,4.0,12.0,176.51,176.51,2022-12-04 12:00:00
2022,12.0,4.0,13.0,171.8,171.8,2022-12-04 13:00:00
2022,12.0,4.0,14.0,175.0,175.0,2022-12-04 14:00:00
2022,12.0,4.0,15.0,176.36,176.36,2022-12-04 15:00:00
2022,12.0,4.0,16.0,176.36,176.36,2022-12-04 16:00:00
2022,12.0,4.0,17.0,187.9,187.9,2022-12-04 17:00:00
2022,12.0,4.0,18.0,210.28,210.28,2022-12-04 18:00:00
2022,12.0,4.0,19.0,237.0,237.0,2022-12-04 19:00:00
2022,12.0,4.0,20.0,256.0,256.0,2022-12-04 20:00:00
2022,12.0,4.0,21.0,256.68,256.68,2022-12-04 21:00:00
2022,12.0,4.0,22.0,222.04,222.04,2022-12-04 22:00:00
2022,12.0,4.0,23.0,196.41,196.41,2022-12-04 23:00:00
2022,12.0,4.0,24.0,180.76,180.76,2022-12-05 00:00:00
2022,12.0,5.0,1.0,220.69,220.69,2022-12-05 01:00:00
2022,12.0,5.0,2.0,175.4,175.4,2022-12-05 02:00:00
2022,12.0,5.0,3.0,161.4,161.4,2022-12-05 03:00:00
2022,12.0,5.0,4.0,159.98,159.98,2022-12-05 04:00:00
2022,12.0,5.0,5.0,157.0,157.0,2022-12-05 05:00:00
2022,12.0,5.0,6.0,159.97,159.97,2022-12-05 06:00:00
2022,12.0,5.0,7.0,162.17,162.17,2022-12-05 07:00:00
2022,12.0,5.0,8.0,220.06,220.06,2022-12-05 08:00:00
2022,12.0,5.0,9.0,225.01,225.01,2022-12-05 09:00:00
2022,12.0,5.0,10.0,226.14,226.14,2022-12-05 10:00:00
2022,12.0,5.0,11.0,222.44,222.44,2022-12-05 11:00:00
2022,12.0,5.0,12.0,221.61,221.61,2022-12-05 12:00:00
2022,12.0,5.0,13.0,215.0,215.0,2022-12-05 13:00:00
2022,12.0,5.0,14.0,217.6,217.6,2022-12-05 14:00:00
2022,12.0,5.0,15.0,221.71,221.71,2022-12-05 15:00:00
2022,12.0,5.0,16.0,214.9,214.9,2022-12-05 16:00:00
2022,12.0,5.0,17.0,215.01,215.01,2022-12-05 17:00:00
2022,12.0,5.0,18.0,221.61,221.61,2022-12-05 18:00:00
2022,12.0,5.0,19.0,237.2,237.2,2022-12-05 19:00:00
2022,12.0,5.0,20.0,240.95,240.95,2022-12-05 20:00:00
2022,12.0,5.0,21.0,245.58,245.58,2022-12-05 21:00:00
2022,12.0,5.0,22.0,241.37,241.37,2022-12-05 22:00:00
2022,12.0,5.0,23.0,226.55,226.55,2022-12-05 23:00:00
2022,12.0,5.0,24.0,213.74,213.74,2022-12-06 00:00:00
2022,12.0,6.0,1.0,156.51,156.51,2022-12-06 01:00:00
2022,12.0,6.0,2.0,153.12,153.12,2022-12-06 02:00:00
2022,12.0,6.0,3.0,148.21,148.21,2022-12-06 03:00:00
2022,12.0,6.0,4.0,148.21,148.21,2022-12-06 04:00:00
2022,12.0,6.0,5.0,148.75,148.75,2022-12-06 05:00:00
2022,12.0,6.0,6.0,153.22,153.22,2022-12-06 06:00:00
2022,12.0,6.0,7.0,148.21,148.21,2022-12-06 07:00:00
2022,12.0,6.0,8.0,131.3,131.3,2022-12-06 08:00:00
2022,12.0,6.0,9.0,132.0,132.0,2022-12-06 09:00:00
2022,12.0,6.0,10.0,142.11,142.11,2022-12-06 10:00:00
2022,12.0,6.0,11.0,148.82,148.82,2022-12-06 11:00:00
2022,12.0,6.0,12.0,148.32,148.32,2022-12-06 12:00:00
2022,12.0,6.0,13.0,150.01,150.01,2022-12-06 13:00:00
2022,12.0,6.0,14.0,154.27,154.27,2022-12-06 14:00:00
2022,12.0,6.0,15.0,153.38,153.38,2022-12-06 15:00:00
2022,12.0,6.0,16.0,148.21,148.21,2022-12-06 16:00:00
2022,12.0,6.0,17.0,154.27,154.27,2022-12-06 17:00:00
2022,12.0,6.0,18.0,148.21,148.21,2022-12-06 18:00:00
2022,12.0,6.0,19.0,164.0,164.0,2022-12-06 19:00:00
2022,12.0,6.0,20.0,182.75,182.75,2022-12-06 20:00:00
2022,12.0,6.0,21.0,194.83,194.83,2022-12-06 21:00:00
2022,12.0,6.0,22.0,182.75,182.75,2022-12-06 22:00:00
2022,12.0,6.0,23.0,156.51,156.51,2022-12-06 23:00:00
2022,12.0,6.0,24.0,134.7,134.7,2022-12-07 00:00:00
2022,12.0,7.0,1.0,142.34,142.34,2022-12-07 01:00:00
2022,12.0,7.0,2.0,136.23,136.23,2022-12-07 02:00:00
2022,12.0,7.0,3.0,136.23,136.23,2022-12-07 03:00:00
2022,12.0,7.0,4.0,134.99,134.99,2022-12-07 04:00:00
2022,12.0,7.0,5.0,134.7,134.7,2022-12-07 05:00:00
2022,12.0,7.0,6.0,135.6,135.6,2022-12-07 06:00:00
2022,12.0,7.0,7.0,136.23,136.23,2022-12-07 07:00:00
2022,12.0,7.0,8.0,139.17,139.17,2022-12-07 08:00:00
2022,12.0,7.0,9.0,150.07,150.07,2022-12-07 09:00:00
2022,12.0,7.0,10.0,156.85,156.85,2022-12-07 10:00:00
2022,12.0,7.0,11.0,156.17,156.17,2022-12-07 11:00:00
2022,12.0,7.0,12.0,145.69,145.69,2022-12-07 12:00:00
2022,12.0,7.0,13.0,145.08,145.08,2022-12-07 13:00:00
2022,12.0,7.0,14.0,142.34,142.34,2022-12-07 14:00:00
2022,12.0,7.0,15.0,139.48,139.48,2022-12-07 15:00:00
2022,12.0,7.0,16.0,137.63,137.63,2022-12-07 16:00:00
2022,12.0,7.0,17.0,136.0,136.0,2022-12-07 17:00:00
2022,12.0,7.0,18.0,143.0,143.0,2022-12-07 18:00:00
2022,12.0,7.0,19.0,156.17,156.17,2022-12-07 19:00:00
2022,12.0,7.0,20.0,156.17,156.17,2022-12-07 20:00:00
2022,12.0,7.0,21.0,145.69,145.69,2022-12-07 21:00:00
2022,12.0,7.0,22.0,136.23,136.23,2022-12-07 22:00:00
2022,12.0,7.0,23.0,137.01,137.01,2022-12-07 23:00:00
2022,12.0,7.0,24.0,136.23,136.23,2022-12-08 00:00:00
2022,12.0,8.0,1.0,125.01,125.01,2022-12-08 01:00:00
2022,12.0,8.0,2.0,109.0,109.0,2022-12-08 02:00:00
2022,12.0,8.0,3.0,105.6,105.6,2022-12-08 03:00:00
2022,12.0,8.0,4.0,104.79,104.79,2022-12-08 04:00:00
2022,12.0,8.0,5.0,102.6,102.6,2022-12-08 05:00:00
2022,12.0,8.0,6.0,102.5,102.5,2022-12-08 06:00:00
2022,12.0,8.0,7.0,104.7,104.7,2022-12-08 07:00:00
2022,12.0,8.0,8.0,110.0,110.0,2022-12-08 08:00:00
2022,12.0,8.0,9.0,110.0,110.0,2022-12-08 09:00:00
2022,12.0,8.0,10.0,118.47,118.47,2022-12-08 10:00:00
2022,12.0,8.0,11.0,119.05,119.05,2022-12-08 11:00:00
2022,12.0,8.0,12.0,119.05,119.05,2022-12-08 12:00:00
2022,12.0,8.0,13.0,119.05,119.05,2022-12-08 13:00:00
2022,12.0,8.0,14.0,120.07,120.07,2022-12-08 14:00:00
2022,12.0,8.0,15.0,119.05,119.05,2022-12-08 15:00:00
2022,12.0,8.0,16.0,110.71,110.71,2022-12-08 16:00:00
2022,12.0,8.0,17.0,119.05,119.05,2022-12-08 17:00:00
2022,12.0,8.0,18.0,135.93,135.93,2022-12-08 18:00:00
2022,12.0,8.0,19.0,151.84,151.84,2022-12-08 19:00:00
2022,12.0,8.0,20.0,165.0,165.0,2022-12-08 20:00:00
2022,12.0,8.0,21.0,166.44,166.44,2022-12-08 21:00:00
2022,12.0,8.0,22.0,152.0,152.0,2022-12-08 22:00:00
2022,12.0,8.0,23.0,136.65,136.65,2022-12-08 23:00:00
2022,12.0,8.0,24.0,110.71,110.71,2022-12-09 00:00:00
2022,12.0,9.0,1.0,118.1,118.1,2022-12-09 01:00:00
2022,12.0,9.0,2.0,115.17,115.17,2022-12-09 02:00:00
2022,12.0,9.0,3.0,112.0,112.0,2022-12-09 03:00:00
2022,12.0,9.0,4.0,110.0,110.0,2022-12-09 04:00:00
2022,12.0,9.0,5.0,113.0,113.0,2022-12-09 05:00:00
2022,12.0,9.0,6.0,117.0,117.0,2022-12-09 06:00:00
2022,12.0,9.0,7.0,120.4,120.4,2022-12-09 07:00:00
2022,12.0,9.0,8.0,126.99,166.84,2022-12-09 08:00:00
2022,12.0,9.0,9.0,144.05,169.84,2022-12-09 09:00:00
2022,12.0,9.0,10.0,164.0,164.0,2022-12-09 10:00:00
2022,12.0,9.0,11.0,156.0,156.0,2022-12-09 11:00:00
2022,12.0,9.0,12.0,155.3,155.3,2022-12-09 12:00:00
2022,12.0,9.0,13.0,145.0,145.0,2022-12-09 13:00:00
2022,12.0,9.0,14.0,148.87,148.87,2022-12-09 14:00:00
2022,12.0,9.0,15.0,154.0,154.0,2022-12-09 15:00:00
2022,12.0,9.0,16.0,158.5,158.5,2022-12-09 16:00:00
2022,12.0,9.0,17.0,159.0,159.0,2022-12-09 17:00:00
2022,12.0,9.0,18.0,164.0,164.0,2022-12-09 18:00:00
2022,12.0,9.0,19.0,167.42,167.42,2022-12-09 19:00:00
2022,12.0,9.0,20.0,170.42,170.42,2022-12-09 20:00:00
2022,12.0,9.0,21.0,166.84,166.84,2022-12-09 21:00:00
2022,12.0,9.0,22.0,159.0,159.0,2022-12-09 22:00:00
2022,12.0,9.0,23.0,135.0,135.0,2022-12-09 23:00:00
2022,12.0,9.0,24.0,119.62,119.62,2022-12-10 00:00:00
2022,12.0,10.0,1.0,115.3,115.3,2022-12-10 01:00:00
2022,12.0,10.0,2.0,111.9,111.9,2022-12-10 02:00:00
2022,12.0,10.0,3.0,100.17,100.17,2022-12-10 03:00:00
2022,12.0,10.0,4.0,86.0,86.0,2022-12-10 04:00:00
2022,12.0,10.0,5.0,82.0,82.0,2022-12-10 05:00:00
2022,12.0,10.0,6.0,82.62,82.62,2022-12-10 06:00:00
2022,12.0,10.0,7.0,100.1,100.1,2022-12-10 07:00:00
2022,12.0,10.0,8.0,110.0,110.0,2022-12-10 08:00:00
2022,12.0,10.0,9.0,114.7,114.7,2022-12-10 09:00:00
2022,12.0,10.0,10.0,118.47,118.47,2022-12-10 10:00:00
2022,12.0,10.0,11.0,116.3,116.3,2022-12-10 11:00:00
2022,12.0,10.0,12.0,116.3,116.3,2022-12-10 12:00:00
2022,12.0,10.0,13.0,114.7,114.7,2022-12-10 13:00:00
2022,12.0,10.0,14.0,114.33,114.33,2022-12-10 14:00:00
2022,12.0,10.0,15.0,113.0,113.0,2022-12-10 15:00:00
2022,12.0,10.0,16.0,112.8,112.8,2022-12-10 16:00:00
2022,12.0,10.0,17.0,113.3,113.3,2022-12-10 17:00:00
2022,12.0,10.0,18.0,130.07,130.07,2022-12-10 18:00:00
2022,12.0,10.0,19.0,156.94,156.94,2022-12-10 19:00:00
2022,12.0,10.0,20.0,176.5,176.5,2022-12-10 20:00:00
2022,12.0,10.0,21.0,187.0,187.0,2022-12-10 21:00:00
2022,12.0,10.0,22.0,185.38,185.38,2022-12-10 22:00:00
2022,12.0,10.0,23.0,179.92,179.92,2022-12-10 23:00:00
2022,12.0,10.0,24.0,162.65,162.65,2022-12-11 00:00:00
2022,12.0,11.0,1.0,172.91,172.91,2022-12-11 01:00:00
2022,12.0,11.0,2.0,142.32,142.32,2022-12-11 02:00:00
2022,12.0,11.0,3.0,118.47,118.47,2022-12-11 03:00:00
2022,12.0,11.0,4.0,114.6,114.6,2022-12-11 04:00:00
2022,12.0,11.0,5.0,114.6,114.6,2022-12-11 05:00:00
2022,12.0,11.0,6.0,116.0,116.0,2022-12-11 06:00:00
2022,12.0,11.0,7.0,119.05,119.05,2022-12-11 07:00:00
2022,12.0,11.0,8.0,119.62,119.62,2022-12-11 08:00:00
2022,12.0,11.0,9.0,135.0,135.0,2022-12-11 09:00:00
2022,12.0,11.0,10.0,155.0,155.0,2022-12-11 10:00:00
2022,12.0,11.0,11.0,156.47,156.47,2022-12-11 11:00:00
2022,12.0,11.0,12.0,153.87,153.87,2022-12-11 12:00:00
2022,12.0,11.0,13.0,143.0,143.0,2022-12-11 13:00:00
2022,12.0,11.0,14.0,148.17,148.17,2022-12-11 14:00:00
2022,12.0,11.0,15.0,152.02,152.02,2022-12-11 15:00:00
2022,12.0,11.0,16.0,141.02,141.02,2022-12-11 16:00:00
2022,12.0,11.0,17.0,148.17,148.17,2022-12-11 17:00:00
2022,12.0,11.0,18.0,156.97,156.97,2022-12-11 18:00:00
2022,12.0,11.0,19.0,173.92,173.92,2022-12-11 19:00:00
2022,12.0,11.0,20.0,176.8,176.8,2022-12-11 20:00:00
2022,12.0,11.0,21.0,181.07,181.07,2022-12-11 21:00:00
2022,12.0,11.0,22.0,175.48,175.48,2022-12-11 22:00:00
2022,12.0,11.0,23.0,160.02,160.02,2022-12-11 23:00:00
2022,12.0,11.0,24.0,140.24,140.24,2022-12-12 00:00:00
2022,12.0,12.0,1.0,116.3,116.3,2022-12-12 01:00:00
2022,12.0,12.0,2.0,96.2,96.2,2022-12-12 02:00:00
2022,12.0,12.0,3.0,96.98,96.98,2022-12-12 03:00:00
2022,12.0,12.0,4.0,94.9,94.9,2022-12-12 04:00:00
2022,12.0,12.0,5.0,92.2,92.2,2022-12-12 05:00:00
2022,12.0,12.0,6.0,94.9,94.9,2022-12-12 06:00:00
2022,12.0,12.0,7.0,113.33,113.33,2022-12-12 07:00:00
2022,12.0,12.0,8.0,134.0,134.0,2022-12-12 08:00:00
2022,12.0,12.0,9.0,147.34,147.34,2022-12-12 09:00:00
2022,12.0,12.0,10.0,148.92,148.92,2022-12-12 10:00:00
2022,12.0,12.0,11.0,135.0,135.0,2022-12-12 11:00:00
2022,12.0,12.0,12.0,119.62,119.62,2022-12-12 12:00:00
2022,12.0,12.0,13.0,115.0,115.0,2022-12-12 13:00:00
2022,12.0,12.0,14.0,96.99,96.99,2022-12-12 14:00:00
2022,12.0,12.0,15.0,95.6,95.6,2022-12-12 15:00:00
2022,12.0,12.0,16.0,94.9,94.9,2022-12-12 16:00:00
2022,12.0,12.0,17.0,100.0,100.0,2022-12-12 17:00:00
2022,12.0,12.0,18.0,116.3,116.3,2022-12-12 18:00:00
2022,12.0,12.0,19.0,126.72,126.72,2022-12-12 19:00:00
2022,12.0,12.0,20.0,135.07,135.07,2022-12-12 20:00:00
2022,12.0,12.0,21.0,141.0,141.0,2022-12-12 21:00:00
2022,12.0,12.0,22.0,130.02,130.02,2022-12-12 22:00:00
2022,12.0,12.0,23.0,117.32,117.32,2022-12-12 23:00:00
2022,12.0,12.0,24.0,89.6,89.6,2022-12-13 00:00:00
2022,12.0,13.0,1.0,4.11,4.11,2022-12-13 01:00:00
2022,12.0,13.0,2.0,4.11,4.11,2022-12-13 02:00:00
2022,12.0,13.0,3.0,4.11,4.11,2022-12-13 03:00:00
2022,12.0,13.0,4.0,4.11,4.11,2022-12-13 04:00:00
2022,12.0,13.0,5.0,4.11,4.11,2022-12-13 05:00:00
2022,12.0,13.0,6.0,4.11,4.11,2022-12-13 06:00:00
2022,12.0,13.0,7.0,75.83,75.83,2022-12-13 07:00:00
2022,12.0,13.0,8.0,96.2,96.2,2022-12-13 08:00:00
2022,12.0,13.0,9.0,131.01,131.01,2022-12-13 09:00:00
2022,12.0,13.0,10.0,139.92,139.92,2022-12-13 10:00:00
2022,12.0,13.0,11.0,139.5,139.5,2022-12-13 11:00:00
2022,12.0,13.0,12.0,135.05,135.05,2022-12-13 12:00:00
2022,12.0,13.0,13.0,140.0,140.0,2022-12-13 13:00:00
2022,12.0,13.0,14.0,142.0,142.0,2022-12-13 14:00:00
2022,12.0,13.0,15.0,140.13,140.13,2022-12-13 15:00:00
2022,12.0,13.0,16.0,147.0,147.0,2022-12-13 16:00:00
2022,12.0,13.0,17.0,146.08,146.08,2022-12-13 17:00:00
2022,12.0,13.0,18.0,139.92,139.92,2022-12-13 18:00:00
2022,12.0,13.0,19.0,140.03,140.03,2022-12-13 19:00:00
2022,12.0,13.0,20.0,142.0,142.0,2022-12-13 20:00:00
2022,12.0,13.0,21.0,146.08,146.08,2022-12-13 21:00:00
2022,12.0,13.0,22.0,134.45,134.45,2022-12-13 22:00:00
2022,12.0,13.0,23.0,99.0,99.0,2022-12-13 23:00:00
2022,12.0,13.0,24.0,85.6,85.6,2022-12-14 00:00:00
2022,12.0,14.0,1.0,5.0,5.0,2022-12-14 01:00:00
2022,12.0,14.0,2.0,4.11,4.11,2022-12-14 02:00:00
2022,12.0,14.0,3.0,4.11,4.11,2022-12-14 03:00:00
2022,12.0,14.0,4.0,1.8,1.8,2022-12-14 04:00:00
2022,12.0,14.0,5.0,4.11,4.11,2022-12-14 05:00:00
2022,12.0,14.0,6.0,4.11,4.11,2022-12-14 06:00:00
2022,12.0,14.0,7.0,4.11,4.11,2022-12-14 07:00:00
2022,12.0,14.0,8.0,68.9,68.9,2022-12-14 08:00:00
2022,12.0,14.0,9.0,81.2,81.2,2022-12-14 09:00:00
2022,12.0,14.0,10.0,90.0,90.0,2022-12-14 10:00:00
2022,12.0,14.0,11.0,85.1,85.1,2022-12-14 11:00:00
2022,12.0,14.0,12.0,87.0,87.0,2022-12-14 12:00:00
2022,12.0,14.0,13.0,87.0,87.0,2022-12-14 13:00:00
2022,12.0,14.0,14.0,87.7,87.7,2022-12-14 14:00:00
2022,12.0,14.0,15.0,90.15,90.15,2022-12-14 15:00:00
2022,12.0,14.0,16.0,100.0,100.0,2022-12-14 16:00:00
2022,12.0,14.0,17.0,113.6,113.6,2022-12-14 17:00:00
2022,12.0,14.0,18.0,137.45,137.45,2022-12-14 18:00:00
2022,12.0,14.0,19.0,165.02,165.02,2022-12-14 19:00:00
2022,12.0,14.0,20.0,190.72,190.72,2022-12-14 20:00:00
2022,12.0,14.0,21.0,192.69,192.69,2022-12-14 21:00:00
2022,12.0,14.0,22.0,155.01,155.01,2022-12-14 22:00:00
2022,12.0,14.0,23.0,112.92,112.92,2022-12-14 23:00:00
2022,12.0,14.0,24.0,81.39,81.39,2022-12-15 00:00:00
2022,12.0,15.0,1.0,121.24,121.24,2022-12-15 01:00:00
2022,12.0,15.0,2.0,89.1,89.1,2022-12-15 02:00:00
2022,12.0,15.0,3.0,82.98,82.98,2022-12-15 03:00:00
2022,12.0,15.0,4.0,81.8,81.8,2022-12-15 04:00:00
2022,12.0,15.0,5.0,81.8,81.8,2022-12-15 05:00:00
2022,12.0,15.0,6.0,89.1,89.1,2022-12-15 06:00:00
2022,12.0,15.0,7.0,127.97,127.97,2022-12-15 07:00:00
2022,12.0,15.0,8.0,127.97,168.34,2022-12-15 08:00:00
2022,12.0,15.0,9.0,122.97,150.0,2022-12-15 09:00:00
2022,12.0,15.0,10.0,141.07,141.07,2022-12-15 10:00:00
2022,12.0,15.0,11.0,135.92,135.92,2022-12-15 11:00:00
2022,12.0,15.0,12.0,131.08,131.08,2022-12-15 12:00:00
2022,12.0,15.0,13.0,131.33,131.33,2022-12-15 13:00:00
2022,12.0,15.0,14.0,130.5,130.5,2022-12-15 14:00:00
2022,12.0,15.0,15.0,130.5,130.5,2022-12-15 15:00:00
2022,12.0,15.0,16.0,133.92,133.92,2022-12-15 16:00:00
2022,12.0,15.0,17.0,135.73,135.73,2022-12-15 17:00:00
2022,12.0,15.0,18.0,151.0,151.0,2022-12-15 18:00:00
2022,12.0,15.0,19.0,161.0,161.0,2022-12-15 19:00:00
2022,12.0,15.0,20.0,190.72,190.72,2022-12-15 20:00:00
2022,12.0,15.0,21.0,181.0,181.0,2022-12-15 21:00:00
2022,12.0,15.0,22.0,146.94,146.94,2022-12-15 22:00:00
2022,12.0,15.0,23.0,130.5,130.5,2022-12-15 23:00:00
2022,12.0,15.0,24.0,127.97,127.97,2022-12-16 00:00:00
2022,12.0,16.0,1.0,130.0,130.0,2022-12-16 01:00:00
2022,12.0,16.0,2.0,122.74,122.74,2022-12-16 02:00:00
2022,12.0,16.0,3.0,112.0,112.0,2022-12-16 03:00:00
2022,12.0,16.0,4.0,103.68,103.68,2022-12-16 04:00:00
2022,12.0,16.0,5.0,101.0,101.0,2022-12-16 05:00:00
2022,12.0,16.0,6.0,103.68,103.68,2022-12-16 06:00:00
2022,12.0,16.0,7.0,111.01,111.01,2022-12-16 07:00:00
2022,12.0,16.0,8.0,122.08,122.08,2022-12-16 08:00:00
2022,12.0,16.0,9.0,131.3,140.0,2022-12-16 09:00:00
2022,12.0,16.0,10.0,134.82,134.82,2022-12-16 10:00:00
2022,12.0,16.0,11.0,131.3,131.3,2022-12-16 11:00:00
2022,12.0,16.0,12.0,122.74,122.74,2022-12-16 12:00:00
2022,12.0,16.0,13.0,122.08,122.08,2022-12-16 13:00:00
2022,12.0,16.0,14.0,122.08,122.08,2022-12-16 14:00:00
2022,12.0,16.0,15.0,119.79,119.79,2022-12-16 15:00:00
2022,12.0,16.0,16.0,122.08,122.08,2022-12-16 16:00:00
2022,12.0,16.0,17.0,140.57,140.57,2022-12-16 17:00:00
2022,12.0,16.0,18.0,142.34,142.34,2022-12-16 18:00:00
2022,12.0,16.0,19.0,151.74,151.74,2022-12-16 19:00:00
2022,12.0,16.0,20.0,154.22,154.22,2022-12-16 20:00:00
2022,12.0,16.0,21.0,155.01,155.01,2022-12-16 21:00:00
2022,12.0,16.0,22.0,150.0,150.0,2022-12-16 22:00:00
2022,12.0,16.0,23.0,137.0,137.0,2022-12-16 23:00:00
2022,12.0,16.0,24.0,134.82,134.82,2022-12-17 00:00:00
2022,12.0,17.0,1.0,148.76,148.76,2022-12-17 01:00:00
2022,12.0,17.0,2.0,151.84,151.84,2022-12-17 02:00:00
2022,12.0,17.0,3.0,148.76,148.76,2022-12-17 03:00:00
2022,12.0,17.0,4.0,142.0,142.0,2022-12-17 04:00:00
2022,12.0,17.0,5.0,139.81,139.81,2022-12-17 05:00:00
2022,12.0,17.0,6.0,140.76,140.76,2022-12-17 06:00:00
2022,12.0,17.0,7.0,138.53,138.53,2022-12-17 07:00:00
2022,12.0,17.0,8.0,123.0,123.0,2022-12-17 08:00:00
2022,12.0,17.0,9.0,125.01,125.01,2022-12-17 09:00:00
2022,12.0,17.0,10.0,134.8,134.8,2022-12-17 10:00:00
2022,12.0,17.0,11.0,125.0,125.0,2022-12-17 11:00:00
2022,12.0,17.0,12.0,125.01,125.01,2022-12-17 12:00:00
2022,12.0,17.0,13.0,122.29,122.29,2022-12-17 13:00:00
2022,12.0,17.0,14.0,120.0,120.0,2022-12-17 14:00:00
2022,12.0,17.0,15.0,111.0,111.0,2022-12-17 15:00:00
2022,12.0,17.0,16.0,109.99,109.99,2022-12-17 16:00:00
2022,12.0,17.0,17.0,122.29,122.29,2022-12-17 17:00:00
2022,12.0,17.0,18.0,135.0,135.0,2022-12-17 18:00:00
2022,12.0,17.0,19.0,151.84,151.84,2022-12-17 19:00:00
2022,12.0,17.0,20.0,153.05,153.05,2022-12-17 20:00:00
2022,12.0,17.0,21.0,152.9,152.9,2022-12-17 21:00:00
2022,12.0,17.0,22.0,144.8,144.8,2022-12-17 22:00:00
2022,12.0,17.0,23.0,131.3,131.3,2022-12-17 23:00:00
2022,12.0,17.0,24.0,114.0,114.0,2022-12-18 00:00:00
2022,12.0,18.0,1.0,140.0,140.0,2022-12-18 01:00:00
2022,12.0,18.0,2.0,104.83,104.83,2022-12-18 02:00:00
2022,12.0,18.0,3.0,107.13,107.13,2022-12-18 03:00:00
2022,12.0,18.0,4.0,104.83,104.83,2022-12-18 04:00:00
2022,12.0,18.0,5.0,99.86,99.86,2022-12-18 05:00:00
2022,12.0,18.0,6.0,93.8,93.8,2022-12-18 06:00:00
2022,12.0,18.0,7.0,97.0,97.0,2022-12-18 07:00:00
2022,12.0,18.0,8.0,94.5,94.5,2022-12-18 08:00:00
2022,12.0,18.0,9.0,97.0,97.0,2022-12-18 09:00:00
2022,12.0,18.0,10.0,89.4,89.4,2022-12-18 10:00:00
2022,12.0,18.0,11.0,87.9,87.9,2022-12-18 11:00:00
2022,12.0,18.0,12.0,86.6,86.6,2022-12-18 12:00:00
2022,12.0,18.0,13.0,85.0,85.0,2022-12-18 13:00:00
2022,12.0,18.0,14.0,86.0,86.0,2022-12-18 14:00:00
2022,12.0,18.0,15.0,84.9,84.9,2022-12-18 15:00:00
2022,12.0,18.0,16.0,81.4,81.4,2022-12-18 16:00:00
2022,12.0,18.0,17.0,87.0,87.0,2022-12-18 17:00:00
2022,12.0,18.0,18.0,107.58,107.58,2022-12-18 18:00:00
2022,12.0,18.0,19.0,112.0,112.0,2022-12-18 19:00:00
2022,12.0,18.0,20.0,107.13,107.13,2022-12-18 20:00:00
2022,12.0,18.0,21.0,109.98,109.98,2022-12-18 21:00:00
2022,12.0,18.0,22.0,102.78,102.78,2022-12-18 22:00:00
2022,12.0,18.0,23.0,90.0,90.0,2022-12-18 23:00:00
2022,12.0,18.0,24.0,89.0,89.0,2022-12-19 00:00:00
2022,12.0,19.0,1.0,70.9,70.9,2022-12-19 01:00:00
2022,12.0,19.0,2.0,52.0,52.0,2022-12-19 02:00:00
2022,12.0,19.0,3.0,43.0,43.0,2022-12-19 03:00:00
2022,12.0,19.0,4.0,41.0,41.0,2022-12-19 04:00:00
2022,12.0,19.0,5.0,41.6,41.6,2022-12-19 05:00:00
2022,12.0,19.0,6.0,44.4,44.4,2022-12-19 06:00:00
2022,12.0,19.0,7.0,61.6,61.6,2022-12-19 07:00:00
2022,12.0,19.0,8.0,77.98,77.98,2022-12-19 08:00:00
2022,12.0,19.0,9.0,100.78,100.78,2022-12-19 09:00:00
2022,12.0,19.0,10.0,98.0,98.0,2022-12-19 10:00:00
2022,12.0,19.0,11.0,77.0,77.0,2022-12-19 11:00:00
2022,12.0,19.0,12.0,76.0,76.0,2022-12-19 12:00:00
2022,12.0,19.0,13.0,74.95,74.95,2022-12-19 13:00:00
2022,12.0,19.0,14.0,74.95,74.95,2022-12-19 14:00:00
2022,12.0,19.0,15.0,75.35,75.35,2022-12-19 15:00:00
2022,12.0,19.0,16.0,76.4,76.4,2022-12-19 16:00:00
2022,12.0,19.0,17.0,95.0,95.0,2022-12-19 17:00:00
2022,12.0,19.0,18.0,114.54,114.54,2022-12-19 18:00:00
2022,12.0,19.0,19.0,121.08,121.08,2022-12-19 19:00:00
2022,12.0,19.0,20.0,126.44,126.44,2022-12-19 20:00:00
2022,12.0,19.0,21.0,130.0,130.0,2022-12-19 21:00:00
2022,12.0,19.0,22.0,119.66,119.66,2022-12-19 22:00:00
2022,12.0,19.0,23.0,88.0,88.0,2022-12-19 23:00:00
2022,12.0,19.0,24.0,65.01,65.01,2022-12-20 00:00:00
2022,12.0,20.0,1.0,44.08,44.08,2022-12-20 01:00:00
2022,12.0,20.0,2.0,8.0,8.0,2022-12-20 02:00:00
2022,12.0,20.0,3.0,4.11,4.11,2022-12-20 03:00:00
2022,12.0,20.0,4.0,4.11,4.11,2022-12-20 04:00:00
2022,12.0,20.0,5.0,4.11,4.11,2022-12-20 05:00:00
2022,12.0,20.0,6.0,5.04,5.04,2022-12-20 06:00:00
2022,12.0,20.0,7.0,10.0,10.0,2022-12-20 07:00:00
2022,12.0,20.0,8.0,52.58,64.0,2022-12-20 08:00:00
2022,12.0,20.0,9.0,92.0,92.0,2022-12-20 09:00:00
2022,12.0,20.0,10.0,94.93,94.93,2022-12-20 10:00:00
2022,12.0,20.0,11.0,91.78,91.78,2022-12-20 11:00:00
2022,12.0,20.0,12.0,89.21,89.21,2022-12-20 12:00:00
2022,12.0,20.0,13.0,89.21,89.21,2022-12-20 13:00:00
2022,12.0,20.0,14.0,81.14,81.14,2022-12-20 14:00:00
2022,12.0,20.0,15.0,75.0,75.0,2022-12-20 15:00:00
2022,12.0,20.0,16.0,89.21,89.21,2022-12-20 16:00:00
2022,12.0,20.0,17.0,92.16,92.16,2022-12-20 17:00:00
2022,12.0,20.0,18.0,100.9,100.9,2022-12-20 18:00:00
2022,12.0,20.0,19.0,101.97,101.97,2022-12-20 19:00:00
2022,12.0,20.0,20.0,107.0,107.0,2022-12-20 20:00:00
2022,12.0,20.0,21.0,101.97,101.97,2022-12-20 21:00:00
2022,12.0,20.0,22.0,95.0,95.0,2022-12-20 22:00:00
2022,12.0,20.0,23.0,75.0,75.0,2022-12-20 23:00:00
2022,12.0,20.0,24.0,49.83,49.83,2022-12-21 00:00:00
2022,12.0,21.0,1.0,58.78,58.78,2022-12-21 01:00:00
2022,12.0,21.0,2.0,50.27,50.27,2022-12-21 02:00:00
2022,12.0,21.0,3.0,40.0,40.0,2022-12-21 03:00:00
2022,12.0,21.0,4.0,36.83,36.83,2022-12-21 04:00:00
2022,12.0,21.0,5.0,36.68,36.68,2022-12-21 05:00:00
2022,12.0,21.0,6.0,50.0,50.0,2022-12-21 06:00:00
2022,12.0,21.0,7.0,58.17,58.17,2022-12-21 07:00:00
2022,12.0,21.0,8.0,64.17,64.17,2022-12-21 08:00:00
2022,12.0,21.0,9.0,77.79,77.79,2022-12-21 09:00:00
2022,12.0,21.0,10.0,79.0,79.0,2022-12-21 10:00:00
2022,12.0,21.0,11.0,68.0,68.0,2022-12-21 11:00:00
2022,12.0,21.0,12.0,55.0,55.0,2022-12-21 12:00:00
2022,12.0,21.0,13.0,54.0,54.0,2022-12-21 13:00:00
2022,12.0,21.0,14.0,53.0,53.0,2022-12-21 14:00:00
2022,12.0,21.0,15.0,51.0,51.0,2022-12-21 15:00:00
2022,12.0,21.0,16.0,55.0,55.0,2022-12-21 16:00:00
2022,12.0,21.0,17.0,70.0,70.0,2022-12-21 17:00:00
2022,12.0,21.0,18.0,83.96,83.96,2022-12-21 18:00:00
2022,12.0,21.0,19.0,90.0,90.0,2022-12-21 19:00:00
2022,12.0,21.0,20.0,93.64,93.64,2022-12-21 20:00:00
2022,12.0,21.0,21.0,95.76,95.76,2022-12-21 21:00:00
2022,12.0,21.0,22.0,90.0,90.0,2022-12-21 22:00:00
2022,12.0,21.0,23.0,68.9,68.9,2022-12-21 23:00:00
2022,12.0,21.0,24.0,58.17,58.17,2022-12-22 00:00:00
2022,12.0,22.0,1.0,32.53,32.53,2022-12-22 01:00:00
2022,12.0,22.0,2.0,32.53,32.53,2022-12-22 02:00:00
2022,12.0,22.0,3.0,30.0,30.0,2022-12-22 03:00:00
2022,12.0,22.0,4.0,32.53,32.53,2022-12-22 04:00:00
2022,12.0,22.0,5.0,33.49,33.49,2022-12-22 05:00:00
2022,12.0,22.0,6.0,40.01,40.01,2022-12-22 06:00:00
2022,12.0,22.0,7.0,43.0,43.0,2022-12-22 07:00:00
2022,12.0,22.0,8.0,52.0,52.0,2022-12-22 08:00:00
2022,12.0,22.0,9.0,69.0,69.0,2022-12-22 09:00:00
2022,12.0,22.0,10.0,72.03,72.03,2022-12-22 10:00:00
2022,12.0,22.0,11.0,60.0,60.0,2022-12-22 11:00:00
2022,12.0,22.0,12.0,52.0,52.0,2022-12-22 12:00:00
2022,12.0,22.0,13.0,45.0,45.0,2022-12-22 13:00:00
2022,12.0,22.0,14.0,44.4,44.4,2022-12-22 14:00:00
2022,12.0,22.0,15.0,43.7,43.7,2022-12-22 15:00:00
2022,12.0,22.0,16.0,45.0,45.0,2022-12-22 16:00:00
2022,12.0,22.0,17.0,60.0,60.0,2022-12-22 17:00:00
2022,12.0,22.0,18.0,60.0,60.0,2022-12-22 18:00:00
2022,12.0,22.0,19.0,72.9,72.9,2022-12-22 19:00:00
2022,12.0,22.0,20.0,75.5,75.5,2022-12-22 20:00:00
2022,12.0,22.0,21.0,75.74,75.74,2022-12-22 21:00:00
2022,12.0,22.0,22.0,74.37,74.37,2022-12-22 22:00:00
2022,12.0,22.0,23.0,60.0,60.0,2022-12-22 23:00:00
2022,12.0,22.0,24.0,43.0,43.0,2022-12-23 00:00:00
2022,12.0,23.0,1.0,8.65,8.65,2022-12-23 01:00:00
2022,12.0,23.0,2.0,4.14,4.14,2022-12-23 02:00:00
2022,12.0,23.0,3.0,4.12,4.12,2022-12-23 03:00:00
2022,12.0,23.0,4.0,4.12,4.12,2022-12-23 04:00:00
2022,12.0,23.0,5.0,4.12,4.12,2022-12-23 05:00:00
2022,12.0,23.0,6.0,4.12,4.12,2022-12-23 06:00:00
2022,12.0,23.0,7.0,4.14,4.14,2022-12-23 07:00:00
2022,12.0,23.0,8.0,16.0,16.0,2022-12-23 08:00:00
2022,12.0,23.0,9.0,26.15,26.15,2022-12-23 09:00:00
2022,12.0,23.0,10.0,25.0,25.0,2022-12-23 10:00:00
2022,12.0,23.0,11.0,16.0,16.0,2022-12-23 11:00:00
2022,12.0,23.0,12.0,15.0,15.0,2022-12-23 12:00:00
2022,12.0,23.0,13.0,10.85,10.85,2022-12-23 13:00:00
2022,12.0,23.0,14.0,11.5,11.5,2022-12-23 14:00:00
2022,12.0,23.0,15.0,10.85,10.85,2022-12-23 15:00:00
2022,12.0,23.0,16.0,15.0,15.0,2022-12-23 16:00:00
2022,12.0,23.0,17.0,10.7,10.7,2022-12-23 17:00:00
2022,12.0,23.0,18.0,30.0,30.0,2022-12-23 18:00:00
2022,12.0,23.0,19.0,60.0,60.0,2022-12-23 19:00:00
2022,12.0,23.0,20.0,65.01,65.01,2022-12-23 20:00:00
2022,12.0,23.0,21.0,67.9,67.9,2022-12-23 21:00:00
2022,12.0,23.0,22.0,60.0,60.0,2022-12-23 22:00:00
2022,12.0,23.0,23.0,42.81,42.81,2022-12-23 23:00:00
2022,12.0,23.0,24.0,20.0,20.0,2022-12-24 00:00:00
2022,12.0,24.0,1.0,48.5,48.5,2022-12-24 01:00:00
2022,12.0,24.0,2.0,22.6,22.6,2022-12-24 02:00:00
2022,12.0,24.0,3.0,20.5,20.5,2022-12-24 03:00:00
2022,12.0,24.0,4.0,20.3,20.3,2022-12-24 04:00:00
2022,12.0,24.0,5.0,20.4,20.4,2022-12-24 05:00:00
2022,12.0,24.0,6.0,20.4,20.4,2022-12-24 06:00:00
2022,12.0,24.0,7.0,22.4,22.4,2022-12-24 07:00:00
2022,12.0,24.0,8.0,22.99,22.99,2022-12-24 08:00:00
2022,12.0,24.0,9.0,48.5,48.5,2022-12-24 09:00:00
2022,12.0,24.0,10.0,50.22,50.22,2022-12-24 10:00:00
2022,12.0,24.0,11.0,45.91,45.91,2022-12-24 11:00:00
2022,12.0,24.0,12.0,25.99,25.99,2022-12-24 12:00:00
2022,12.0,24.0,13.0,22.6,22.6,2022-12-24 13:00:00
2022,12.0,24.0,14.0,21.78,21.78,2022-12-24 14:00:00
2022,12.0,24.0,15.0,20.9,20.9,2022-12-24 15:00:00
2022,12.0,24.0,16.0,21.0,21.0,2022-12-24 16:00:00
2022,12.0,24.0,17.0,40.0,40.0,2022-12-24 17:00:00
2022,12.0,24.0,18.0,14.38,54.79,2022-12-24 18:00:00
2022,12.0,24.0,19.0,45.91,106.48,2022-12-24 19:00:00
2022,12.0,24.0,20.0,71.1,71.1,2022-12-24 20:00:00
2022,12.0,24.0,21.0,58.69,58.69,2022-12-24 21:00:00
2022,12.0,24.0,22.0,45.0,45.0,2022-12-24 22:00:00
2022,12.0,24.0,23.0,12.18,22.6,2022-12-24 23:00:00
2022,12.0,24.0,24.0,12.18,20.1,2022-12-25 00:00:00
2022,12.0,25.0,1.0,4.13,4.13,2022-12-25 01:00:00
2022,12.0,25.0,2.0,4.11,4.11,2022-12-25 02:00:00
2022,12.0,25.0,3.0,4.11,4.11,2022-12-25 03:00:00
2022,12.0,25.0,4.0,4.11,4.11,2022-12-25 04:00:00
2022,12.0,25.0,5.0,2.0,2.0,2022-12-25 05:00:00
2022,12.0,25.0,6.0,1.45,1.45,2022-12-25 06:00:00
2022,12.0,25.0,7.0,1.45,1.45,2022-12-25 07:00:00
2022,12.0,25.0,8.0,4.11,4.11,2022-12-25 08:00:00
2022,12.0,25.0,9.0,4.11,4.11,2022-12-25 09:00:00
2022,12.0,25.0,10.0,4.03,4.03,2022-12-25 10:00:00
2022,12.0,25.0,11.0,2.0,2.0,2022-12-25 11:00:00
2022,12.0,25.0,12.0,4.03,4.03,2022-12-25 12:00:00
2022,12.0,25.0,13.0,4.11,4.11,2022-12-25 13:00:00
2022,12.0,25.0,14.0,4.11,4.11,2022-12-25 14:00:00
2022,12.0,25.0,15.0,4.11,4.11,2022-12-25 15:00:00
2022,12.0,25.0,16.0,4.11,4.11,2022-12-25 16:00:00
2022,12.0,25.0,17.0,4.12,4.12,2022-12-25 17:00:00
2022,12.0,25.0,18.0,22.7,22.7,2022-12-25 18:00:00
2022,12.0,25.0,19.0,40.0,40.0,2022-12-25 19:00:00
2022,12.0,25.0,20.0,46.24,46.24,2022-12-25 20:00:00
2022,12.0,25.0,21.0,50.14,50.14,2022-12-25 21:00:00
2022,12.0,25.0,22.0,50.26,50.26,2022-12-25 22:00:00
2022,12.0,25.0,23.0,50.17,50.17,2022-12-25 23:00:00
2022,12.0,25.0,24.0,46.12,46.12,2022-12-26 00:00:00
2022,12.0,26.0,1.0,50.3,50.3,2022-12-26 01:00:00
2022,12.0,26.0,2.0,36.98,36.98,2022-12-26 02:00:00
2022,12.0,26.0,3.0,30.2,30.2,2022-12-26 03:00:00
2022,12.0,26.0,4.0,24.1,24.1,2022-12-26 04:00:00
2022,12.0,26.0,5.0,24.12,24.12,2022-12-26 05:00:00
2022,12.0,26.0,6.0,29.98,29.98,2022-12-26 06:00:00
2022,12.0,26.0,7.0,32.6,32.6,2022-12-26 07:00:00
2022,12.0,26.0,8.0,40.21,40.21,2022-12-26 08:00:00
2022,12.0,26.0,9.0,46.16,46.16,2022-12-26 09:00:00
2022,12.0,26.0,10.0,53.57,53.57,2022-12-26 10:00:00
2022,12.0,26.0,11.0,59.3,59.3,2022-12-26 11:00:00
2022,12.0,26.0,12.0,59.0,59.0,2022-12-26 12:00:00
2022,12.0,26.0,13.0,54.9,54.9,2022-12-26 13:00:00
2022,12.0,26.0,14.0,55.19,55.19,2022-12-26 14:00:00
2022,12.0,26.0,15.0,58.6,58.6,2022-12-26 15:00:00
2022,12.0,26.0,16.0,60.78,60.78,2022-12-26 16:00:00
2022,12.0,26.0,17.0,80.0,80.0,2022-12-26 17:00:00
2022,12.0,26.0,18.0,126.0,126.0,2022-12-26 18:00:00
2022,12.0,26.0,19.0,167.11,167.11,2022-12-26 19:00:00
2022,12.0,26.0,20.0,189.26,189.26,2022-12-26 20:00:00
2022,12.0,26.0,21.0,150.0,150.0,2022-12-26 21:00:00
2022,12.0,26.0,22.0,139.98,139.98,2022-12-26 22:00:00
2022,12.0,26.0,23.0,154.86,154.86,2022-12-26 23:00:00
2022,12.0,26.0,24.0,132.56,132.56,2022-12-27 00:00:00
2022,12.0,27.0,1.0,84.2,84.2,2022-12-27 01:00:00
2022,12.0,27.0,2.0,91.0,91.0,2022-12-27 02:00:00
2022,12.0,27.0,3.0,80.02,80.02,2022-12-27 03:00:00
2022,12.0,27.0,4.0,62.09,62.09,2022-12-27 04:00:00
2022,12.0,27.0,5.0,63.2,63.2,2022-12-27 05:00:00
2022,12.0,27.0,6.0,85.0,85.0,2022-12-27 06:00:00
2022,12.0,27.0,7.0,98.71,98.71,2022-12-27 07:00:00
2022,12.0,27.0,8.0,122.04,122.04,2022-12-27 08:00:00
2022,12.0,27.0,9.0,152.26,152.26,2022-12-27 09:00:00
2022,12.0,27.0,10.0,156.32,156.32,2022-12-27 10:00:00
2022,12.0,27.0,11.0,129.55,129.55,2022-12-27 11:00:00
2022,12.0,27.0,12.0,91.0,91.0,2022-12-27 12:00:00
2022,12.0,27.0,13.0,90.0,90.0,2022-12-27 13:00:00
2022,12.0,27.0,14.0,84.0,84.0,2022-12-27 14:00:00
2022,12.0,27.0,15.0,76.72,76.72,2022-12-27 15:00:00
2022,12.0,27.0,16.0,90.0,90.0,2022-12-27 16:00:00
2022,12.0,27.0,17.0,105.76,105.76,2022-12-27 17:00:00
2022,12.0,27.0,18.0,158.69,158.69,2022-12-27 18:00:00
2022,12.0,27.0,19.0,164.69,164.69,2022-12-27 19:00:00
2022,12.0,27.0,20.0,159.66,159.66,2022-12-27 20:00:00
2022,12.0,27.0,21.0,147.56,147.56,2022-12-27 21:00:00
2022,12.0,27.0,22.0,128.8,128.8,2022-12-27 22:00:00
2022,12.0,27.0,23.0,107.84,107.84,2022-12-27 23:00:00
2022,12.0,27.0,24.0,98.71,98.71,2022-12-28 00:00:00
2022,12.0,28.0,1.0,40.28,40.28,2022-12-28 01:00:00
2022,12.0,28.0,2.0,33.13,33.13,2022-12-28 02:00:00
2022,12.0,28.0,3.0,22.9,22.9,2022-12-28 03:00:00
2022,12.0,28.0,4.0,20.0,20.0,2022-12-28 04:00:00
2022,12.0,28.0,5.0,14.15,14.15,2022-12-28 05:00:00
2022,12.0,28.0,6.0,14.15,14.15,2022-12-28 06:00:00
2022,12.0,28.0,7.0,21.78,21.78,2022-12-28 07:00:00
2022,12.0,28.0,8.0,45.8,45.8,2022-12-28 08:00:00
2022,12.0,28.0,9.0,65.55,65.55,2022-12-28 09:00:00
2022,12.0,28.0,10.0,62.35,62.35,2022-12-28 10:00:00
2022,12.0,28.0,11.0,49.9,49.9,2022-12-28 11:00:00
2022,12.0,28.0,12.0,40.21,40.21,2022-12-28 12:00:00
2022,12.0,28.0,13.0,32.4,32.4,2022-12-28 13:00:00
2022,12.0,28.0,14.0,30.2,30.2,2022-12-28 14:00:00
2022,12.0,28.0,15.0,26.0,26.0,2022-12-28 15:00:00
2022,12.0,28.0,16.0,30.0,30.0,2022-12-28 16:00:00
2022,12.0,28.0,17.0,45.0,45.0,2022-12-28 17:00:00
2022,12.0,28.0,18.0,61.73,61.73,2022-12-28 18:00:00
2022,12.0,28.0,19.0,77.12,77.12,2022-12-28 19:00:00
2022,12.0,28.0,20.0,79.74,79.74,2022-12-28 20:00:00
2022,12.0,28.0,21.0,66.23,66.23,2022-12-28 21:00:00
2022,12.0,28.0,22.0,52.85,52.85,2022-12-28 22:00:00
2022,12.0,28.0,23.0,40.07,40.07,2022-12-28 23:00:00
2022,12.0,28.0,24.0,22.32,22.32,2022-12-29 00:00:00
2022,12.0,29.0,1.0,2.97,2.97,2022-12-29 01:00:00
2022,12.0,29.0,2.0,1.44,1.44,2022-12-29 02:00:00
2022,12.0,29.0,3.0,0.1,0.1,2022-12-29 03:00:00
2022,12.0,29.0,4.0,0.1,0.1,2022-12-29 04:00:00
2022,12.0,29.0,5.0,0.03,0.03,2022-12-29 05:00:00
2022,12.0,29.0,6.0,0.1,0.1,2022-12-29 06:00:00
2022,12.0,29.0,7.0,1.45,1.45,2022-12-29 07:00:00
2022,12.0,29.0,8.0,4.88,4.88,2022-12-29 08:00:00
2022,12.0,29.0,9.0,21.97,21.97,2022-12-29 09:00:00
2022,12.0,29.0,10.0,27.99,27.99,2022-12-29 10:00:00
2022,12.0,29.0,11.0,22.0,22.0,2022-12-29 11:00:00
2022,12.0,29.0,12.0,21.9,21.9,2022-12-29 12:00:00
2022,12.0,29.0,13.0,21.79,21.79,2022-12-29 13:00:00
2022,12.0,29.0,14.0,20.33,20.33,2022-12-29 14:00:00
2022,12.0,29.0,15.0,19.11,19.11,2022-12-29 15:00:00
2022,12.0,29.0,16.0,20.01,20.01,2022-12-29 16:00:00
2022,12.0,29.0,17.0,21.84,21.84,2022-12-29 17:00:00
2022,12.0,29.0,18.0,24.9,24.9,2022-12-29 18:00:00
2022,12.0,29.0,19.0,31.57,31.57,2022-12-29 19:00:00
2022,12.0,29.0,20.0,32.5,32.5,2022-12-29 20:00:00
2022,12.0,29.0,21.0,31.57,31.57,2022-12-29 21:00:00
2022,12.0,29.0,22.0,27.99,27.99,2022-12-29 22:00:00
2022,12.0,29.0,23.0,21.96,21.96,2022-12-29 23:00:00
2022,12.0,29.0,24.0,10.0,10.0,2022-12-30 00:00:00
2022,12.0,30.0,1.0,4.11,4.11,2022-12-30 01:00:00
2022,12.0,30.0,2.0,4.11,4.11,2022-12-30 02:00:00
2022,12.0,30.0,3.0,1.44,1.44,2022-12-30 03:00:00
2022,12.0,30.0,4.0,0.65,0.65,2022-12-30 04:00:00
2022,12.0,30.0,5.0,0.57,0.57,2022-12-30 05:00:00
2022,12.0,30.0,6.0,1.0,1.0,2022-12-30 06:00:00
2022,12.0,30.0,7.0,4.11,4.11,2022-12-30 07:00:00
2022,12.0,30.0,8.0,4.14,4.14,2022-12-30 08:00:00
2022,12.0,30.0,9.0,6.04,6.04,2022-12-30 09:00:00
2022,12.0,30.0,10.0,8.0,8.0,2022-12-30 10:00:00
2022,12.0,30.0,11.0,4.2,4.2,2022-12-30 11:00:00
2022,12.0,30.0,12.0,4.12,4.12,2022-12-30 12:00:00
2022,12.0,30.0,13.0,4.11,4.11,2022-12-30 13:00:00
2022,12.0,30.0,14.0,4.11,4.11,2022-12-30 14:00:00
2022,12.0,30.0,15.0,4.11,4.11,2022-12-30 15:00:00
2022,12.0,30.0,16.0,4.11,4.11,2022-12-30 16:00:00
2022,12.0,30.0,17.0,4.16,4.16,2022-12-30 17:00:00
2022,12.0,30.0,18.0,10.69,10.69,2022-12-30 18:00:00
2022,12.0,30.0,19.0,21.64,21.64,2022-12-30 19:00:00
2022,12.0,30.0,20.0,21.78,21.78,2022-12-30 20:00:00
2022,12.0,30.0,21.0,15.0,15.0,2022-12-30 21:00:00
2022,12.0,30.0,22.0,4.12,4.12,2022-12-30 22:00:00
2022,12.0,30.0,23.0,4.11,4.11,2022-12-30 23:00:00
2022,12.0,30.0,24.0,4.11,4.11,2022-12-31 00:00:00
2022,12.0,31.0,1.0,1.06,1.06,2022-12-31 01:00:00
2022,12.0,31.0,2.0,0.13,0.13,2022-12-31 02:00:00
2022,12.0,31.0,3.0,0.06,0.06,2022-12-31 03:00:00
2022,12.0,31.0,4.0,0.0,0.0,2022-12-31 04:00:00
2022,12.0,31.0,5.0,0.0,0.0,2022-12-31 05:00:00
2022,12.0,31.0,6.0,0.0,0.0,2022-12-31 06:00:00
2022,12.0,31.0,7.0,0.01,0.01,2022-12-31 07:00:00
2022,12.0,31.0,8.0,0.11,0.11,2022-12-31 08:00:00
2022,12.0,31.0,9.0,1.0,1.0,2022-12-31 09:00:00
2022,12.0,31.0,10.0,1.0,1.0,2022-12-31 10:00:00
2022,12.0,31.0,11.0,0.4,0.4,2022-12-31 11:00:00
2022,12.0,31.0,12.0,0.57,0.57,2022-12-31 12:00:00
2022,12.0,31.0,13.0,0.2,0.2,2022-12-31 13:00:00
2022,12.0,31.0,14.0,0.16,0.16,2022-12-31 14:00:00
2022,12.0,31.0,15.0,0.2,1.0,2022-12-31 15:00:00
2022,12.0,31.0,16.0,0.2,1.0,2022-12-31 16:00:00
2022,12.0,31.0,17.0,0.02,1.5,2022-12-31 17:00:00
2022,12.0,31.0,18.0,0.02,4.11,2022-12-31 18:00:00
2022,12.0,31.0,19.0,8.23,20.0,2022-12-31 19:00:00
2022,12.0,31.0,20.0,11.01,18.11,2022-12-31 20:00:00
2022,12.0,31.0,21.0,7.6,7.6,2022-12-31 21:00:00
2022,12.0,31.0,22.0,3.69,3.69,2022-12-31 22:00:00
2022,12.0,31.0,23.0,1.88,1.88,2022-12-31 23:00:00
2022,12.0,31.0,24.0,0.1,0.1,2023-01-01 00:00:00
