Year,Month,Day,Hour,Spot_Price1,Spot_Price2,DateTime
2024,1,1,1,63.33,63.33,01/01/2024 1:00
2024,1,1,2,50.09,50.09,01/01/2024 2:00
2024,1,1,3,47.5,47.5,01/01/2024 3:00
2024,1,1,4,43.5,43.5,01/01/2024 4:00
2024,1,1,5,42.5,42.5,01/01/2024 5:00
2024,1,1,6,42.09,42.09,01/01/2024 6:00
2024,1,1,7,42.5,42.5,01/01/2024 7:00
2024,1,1,8,42.59,42.59,01/01/2024 8:00
2024,1,1,9,43.37,43.37,01/01/2024 9:00
2024,1,1,10,42.29,42.29,01/01/2024 10:00
2024,1,1,11,35.61,25,01/01/2024 11:00
2024,1,1,12,29.8,3.9,01/01/2024 12:00
2024,1,1,13,3.2,3.2,01/01/2024 13:00
2024,1,1,14,2.06,2.06,01/01/2024 14:00
2024,1,1,15,1.73,1.73,01/01/2024 15:00
2024,1,1,16,5.72,5.72,01/01/2024 16:00
2024,1,1,17,18.49,18.49,01/01/2024 17:00
2024,1,1,18,37,37,01/01/2024 18:00
2024,1,1,19,47.5,47.5,01/01/2024 19:00
2024,1,1,20,54.97,54.97,01/01/2024 20:00
2024,1,1,21,60.9,60.9,01/01/2024 21:00
2024,1,1,22,60,60,01/01/2024 22:00
2024,1,1,23,47.5,47.5,01/01/2024 23:00
2024,1,1,24,42.09,42.09,02/01/2024 0:00
2024,1,2,1,37.8,37.8,02/01/2024 1:00
2024,1,2,2,25.61,25,02/01/2024 2:00
2024,1,2,3,20.61,3.99,02/01/2024 3:00
2024,1,2,4,14.54,14,02/01/2024 4:00
2024,1,2,5,13.21,10,02/01/2024 5:00
2024,1,2,6,14.54,14.54,02/01/2024 6:00
2024,1,2,7,36.29,36.29,02/01/2024 7:00
2024,1,2,8,44.7,44.7,02/01/2024 8:00
2024,1,2,9,53.78,53.78,02/01/2024 9:00
2024,1,2,10,54.23,54.23,02/01/2024 10:00
2024,1,2,11,50,50,02/01/2024 11:00
2024,1,2,12,52.2,52.2,02/01/2024 12:00
2024,1,2,13,45,45,02/01/2024 13:00
2024,1,2,14,43,43,02/01/2024 14:00
2024,1,2,15,43,43,02/01/2024 15:00
2024,1,2,16,40.99,40.99,02/01/2024 16:00
2024,1,2,17,43.66,43.66,02/01/2024 17:00
2024,1,2,18,52.2,52.2,02/01/2024 18:00
2024,1,2,19,57.77,57.77,02/01/2024 19:00
2024,1,2,20,62.45,62.45,02/01/2024 20:00
2024,1,2,21,58,58,02/01/2024 21:00
2024,1,2,22,52.83,52.83,02/01/2024 22:00
2024,1,2,23,46.26,46.26,02/01/2024 23:00
2024,1,2,24,40.1,40.1,03/01/2024 0:00
2024,1,3,1,6.8,6.8,03/01/2024 1:00
2024,1,3,2,3.2,3.2,03/01/2024 2:00
2024,1,3,3,3.2,3.2,03/01/2024 3:00
2024,1,3,4,3.2,3.2,03/01/2024 4:00
2024,1,3,5,3.2,3.2,03/01/2024 5:00
2024,1,3,6,2.21,2.21,03/01/2024 6:00
2024,1,3,7,4.78,4.78,03/01/2024 7:00
2024,1,3,8,45.42,45.42,03/01/2024 8:00
2024,1,3,9,61.92,61.92,03/01/2024 9:00
2024,1,3,10,67,67,03/01/2024 10:00
2024,1,3,11,63.6,63.6,03/01/2024 11:00
2024,1,3,12,58.5,57.1,03/01/2024 12:00
2024,1,3,13,63.6,55,03/01/2024 13:00
2024,1,3,14,63.35,55.42,03/01/2024 14:00
2024,1,3,15,63.6,61,03/01/2024 15:00
2024,1,3,16,66.03,66.03,03/01/2024 16:00
2024,1,3,17,67.52,67.52,03/01/2024 17:00
2024,1,3,18,89.57,89.57,03/01/2024 18:00
2024,1,3,19,94.2,94.2,03/01/2024 19:00
2024,1,3,20,104.35,104.35,03/01/2024 20:00
2024,1,3,21,113.26,113.26,03/01/2024 21:00
2024,1,3,22,113.26,113.26,03/01/2024 22:00
2024,1,3,23,94.2,94.2,03/01/2024 23:00
2024,1,3,24,86.58,86.58,04/01/2024 0:00
2024,1,4,1,90.39,90.39,04/01/2024 1:00
2024,1,4,2,87,87,04/01/2024 2:00
2024,1,4,3,80.21,80.21,04/01/2024 3:00
2024,1,4,4,70.1,70.1,04/01/2024 4:00
2024,1,4,5,66.86,66.86,04/01/2024 5:00
2024,1,4,6,68.14,68.14,04/01/2024 6:00
2024,1,4,7,86.74,86.74,04/01/2024 7:00
2024,1,4,8,94.51,94.51,04/01/2024 8:00
2024,1,4,9,96,96,04/01/2024 9:00
2024,1,4,10,98.13,98.13,04/01/2024 10:00
2024,1,4,11,95,95,04/01/2024 11:00
2024,1,4,12,90.35,90.35,04/01/2024 12:00
2024,1,4,13,89,89,04/01/2024 13:00
2024,1,4,14,85.96,85.96,04/01/2024 14:00
2024,1,4,15,92.11,92.11,04/01/2024 15:00
2024,1,4,16,98.62,98.62,04/01/2024 16:00
2024,1,4,17,99.5,99.5,04/01/2024 17:00
2024,1,4,18,100,100,04/01/2024 18:00
2024,1,4,19,102.57,102.57,04/01/2024 19:00
2024,1,4,20,104,104,04/01/2024 20:00
2024,1,4,21,105.18,105.18,04/01/2024 21:00
2024,1,4,22,102.42,102.42,04/01/2024 22:00
2024,1,4,23,99.41,99.41,04/01/2024 23:00
2024,1,4,24,90.39,90.39,05/01/2024 0:00
2024,1,5,1,86.08,86.08,05/01/2024 1:00
2024,1,5,2,80.51,80.51,05/01/2024 2:00
2024,1,5,3,77.01,77.01,05/01/2024 3:00
2024,1,5,4,70.67,70.67,05/01/2024 4:00
2024,1,5,5,61.1,61.1,05/01/2024 5:00
2024,1,5,6,68.26,68.26,05/01/2024 6:00
2024,1,5,7,75,75,05/01/2024 7:00
2024,1,5,8,86.39,86.39,05/01/2024 8:00
2024,1,5,9,90.88,90.88,05/01/2024 9:00
2024,1,5,10,90,90,05/01/2024 10:00
2024,1,5,11,76.47,76.47,05/01/2024 11:00
2024,1,5,12,57.68,57.68,05/01/2024 12:00
2024,1,5,13,45.87,45.87,05/01/2024 13:00
2024,1,5,14,44.07,44.07,05/01/2024 14:00
2024,1,5,15,40,40,05/01/2024 15:00
2024,1,5,16,37.83,30.55,05/01/2024 16:00
2024,1,5,17,44.37,44.37,05/01/2024 17:00
2024,1,5,18,67,67,05/01/2024 18:00
2024,1,5,19,75.47,75.47,05/01/2024 19:00
2024,1,5,20,78.19,78.19,05/01/2024 20:00
2024,1,5,21,79.94,79.94,05/01/2024 21:00
2024,1,5,22,78.26,78.26,05/01/2024 22:00
2024,1,5,23,75,75,05/01/2024 23:00
2024,1,5,24,68,68,06/01/2024 0:00
2024,1,6,1,52.5,52.5,06/01/2024 1:00
2024,1,6,2,45,45,06/01/2024 2:00
2024,1,6,3,44.2,44.2,06/01/2024 3:00
2024,1,6,4,43.5,43.5,06/01/2024 4:00
2024,1,6,5,23.99,23.99,06/01/2024 5:00
2024,1,6,6,23.99,23.99,06/01/2024 6:00
2024,1,6,7,30.51,30.51,06/01/2024 7:00
2024,1,6,8,44.4,44.4,06/01/2024 8:00
2024,1,6,9,45.8,45.8,06/01/2024 9:00
2024,1,6,10,45,45,06/01/2024 10:00
2024,1,6,11,25,25,06/01/2024 11:00
2024,1,6,12,4,4,06/01/2024 12:00
2024,1,6,13,3.2,3.2,06/01/2024 13:00
2024,1,6,14,3.2,3.2,06/01/2024 14:00
2024,1,6,15,3.2,3.2,06/01/2024 15:00
2024,1,6,16,3.2,3.2,06/01/2024 16:00
2024,1,6,17,25,25,06/01/2024 17:00
2024,1,6,18,65,65,06/01/2024 18:00
2024,1,6,19,85.96,85.96,06/01/2024 19:00
2024,1,6,20,92.05,92.05,06/01/2024 20:00
2024,1,6,21,92.14,92.14,06/01/2024 21:00
2024,1,6,22,88,88,06/01/2024 22:00
2024,1,6,23,86.57,86.57,06/01/2024 23:00
2024,1,6,24,79.87,79.87,07/01/2024 0:00
2024,1,7,1,84.08,84.08,07/01/2024 1:00
2024,1,7,2,79.82,79.82,07/01/2024 2:00
2024,1,7,3,76.76,76.76,07/01/2024 3:00
2024,1,7,4,73.46,73.46,07/01/2024 4:00
2024,1,7,5,71.86,71.86,07/01/2024 5:00
2024,1,7,6,72.08,72.08,07/01/2024 6:00
2024,1,7,7,74.9,74.9,07/01/2024 7:00
2024,1,7,8,77.69,77.69,07/01/2024 8:00
2024,1,7,9,81.79,81.79,07/01/2024 9:00
2024,1,7,10,84.86,84.86,07/01/2024 10:00
2024,1,7,11,61,61,07/01/2024 11:00
2024,1,7,12,55.87,55.87,07/01/2024 12:00
2024,1,7,13,50.6,50.6,07/01/2024 13:00
2024,1,7,14,51.77,51.77,07/01/2024 14:00
2024,1,7,15,49.98,49.98,07/01/2024 15:00
2024,1,7,16,45.57,45.57,07/01/2024 16:00
2024,1,7,17,60,60,07/01/2024 17:00
2024,1,7,18,92.05,92.05,07/01/2024 18:00
2024,1,7,19,104.85,104.85,07/01/2024 19:00
2024,1,7,20,103.55,103.55,07/01/2024 20:00
2024,1,7,21,100.5,100.5,07/01/2024 21:00
2024,1,7,22,95.89,95.89,07/01/2024 22:00
2024,1,7,23,91.17,91.17,07/01/2024 23:00
2024,1,7,24,83.86,83.86,08/01/2024 0:00
2024,1,8,1,90.35,86.97,08/01/2024 1:00
2024,1,8,2,89.8,84.18,08/01/2024 2:00
2024,1,8,3,88.2,81.53,08/01/2024 3:00
2024,1,8,4,78.79,78.79,08/01/2024 4:00
2024,1,8,5,78.43,78.43,08/01/2024 5:00
2024,1,8,6,82.1,82.1,08/01/2024 6:00
2024,1,8,7,94.3,94.3,08/01/2024 7:00
2024,1,8,8,111.07,111.07,08/01/2024 8:00
2024,1,8,9,120.4,120.4,08/01/2024 9:00
2024,1,8,10,116.98,116.98,08/01/2024 10:00
2024,1,8,11,110.57,110.57,08/01/2024 11:00
2024,1,8,12,103,103,08/01/2024 12:00
2024,1,8,13,95.46,95.46,08/01/2024 13:00
2024,1,8,14,93.88,93.88,08/01/2024 14:00
2024,1,8,15,100,100,08/01/2024 15:00
2024,1,8,16,107.98,107.98,08/01/2024 16:00
2024,1,8,17,115.27,115.27,08/01/2024 17:00
2024,1,8,18,125.17,125.17,08/01/2024 18:00
2024,1,8,19,129.99,129.99,08/01/2024 19:00
2024,1,8,20,130,130,08/01/2024 20:00
2024,1,8,21,133.28,133.28,08/01/2024 21:00
2024,1,8,22,129.47,129.47,08/01/2024 22:00
2024,1,8,23,115.42,115.42,08/01/2024 23:00
2024,1,8,24,107.98,107.98,09/01/2024 0:00
2024,1,9,1,98.92,98.92,09/01/2024 1:00
2024,1,9,2,100,100,09/01/2024 2:00
2024,1,9,3,98.43,98.43,09/01/2024 3:00
2024,1,9,4,98.62,98.62,09/01/2024 4:00
2024,1,9,5,97.15,97.15,09/01/2024 5:00
2024,1,9,6,97.53,97.53,09/01/2024 6:00
2024,1,9,7,102.79,102.79,09/01/2024 7:00
2024,1,9,8,108.28,108.28,09/01/2024 8:00
2024,1,9,9,122.55,122.55,09/01/2024 9:00
2024,1,9,10,120.75,120.75,09/01/2024 10:00
2024,1,9,11,110.32,110.32,09/01/2024 11:00
2024,1,9,12,107.67,107.67,09/01/2024 12:00
2024,1,9,13,107.01,107.01,09/01/2024 13:00
2024,1,9,14,106.48,106.48,09/01/2024 14:00
2024,1,9,15,107.07,107.07,09/01/2024 15:00
2024,1,9,16,114.75,114.75,09/01/2024 16:00
2024,1,9,17,124.29,124.29,09/01/2024 17:00
2024,1,9,18,137.35,137.35,09/01/2024 18:00
2024,1,9,19,137,137,09/01/2024 19:00
2024,1,9,20,138.95,138.95,09/01/2024 20:00
2024,1,9,21,148.01,148.01,09/01/2024 21:00
2024,1,9,22,130,130,09/01/2024 22:00
2024,1,9,23,111.86,111.86,09/01/2024 23:00
2024,1,9,24,106.11,106.11,10/01/2024 0:00
2024,1,10,1,92.33,92.33,10/01/2024 1:00
2024,1,10,2,90.12,90.12,10/01/2024 2:00
2024,1,10,3,87.01,87.01,10/01/2024 3:00
2024,1,10,4,85.8,85.8,10/01/2024 4:00
2024,1,10,5,85,85,10/01/2024 5:00
2024,1,10,6,86.3,86.3,10/01/2024 6:00
2024,1,10,7,95,95,10/01/2024 7:00
2024,1,10,8,103.94,103.94,10/01/2024 8:00
2024,1,10,9,121.4,121.4,10/01/2024 9:00
2024,1,10,10,121.4,121.4,10/01/2024 10:00
2024,1,10,11,105.38,105.38,10/01/2024 11:00
2024,1,10,12,102.97,102.97,10/01/2024 12:00
2024,1,10,13,99.99,99.99,10/01/2024 13:00
2024,1,10,14,98.5,98.5,10/01/2024 14:00
2024,1,10,15,94.76,94.76,10/01/2024 15:00
2024,1,10,16,94.73,94.73,10/01/2024 16:00
2024,1,10,17,99.37,99.37,10/01/2024 17:00
2024,1,10,18,102.7,102.7,10/01/2024 18:00
2024,1,10,19,111.29,111.29,10/01/2024 19:00
2024,1,10,20,121.4,121.4,10/01/2024 20:00
2024,1,10,21,120,120,10/01/2024 21:00
2024,1,10,22,107.71,107.71,10/01/2024 22:00
2024,1,10,23,101.32,101.32,10/01/2024 23:00
2024,1,10,24,92.68,92.68,11/01/2024 0:00
2024,1,11,1,91.75,91.75,11/01/2024 1:00
2024,1,11,2,86.18,86.18,11/01/2024 2:00
2024,1,11,3,82.1,82.1,11/01/2024 3:00
2024,1,11,4,80,80,11/01/2024 4:00
2024,1,11,5,79.6,79.6,11/01/2024 5:00
2024,1,11,6,81.1,81.1,11/01/2024 6:00
2024,1,11,7,85.91,85.91,11/01/2024 7:00
2024,1,11,8,102.05,102.05,11/01/2024 8:00
2024,1,11,9,113.84,113.84,11/01/2024 9:00
2024,1,11,10,110,110,11/01/2024 10:00
2024,1,11,11,97.63,97.63,11/01/2024 11:00
2024,1,11,12,86.18,86.18,11/01/2024 12:00
2024,1,11,13,83.89,83.89,11/01/2024 13:00
2024,1,11,14,82.18,82.18,11/01/2024 14:00
2024,1,11,15,83,83,11/01/2024 15:00
2024,1,11,16,85,85,11/01/2024 16:00
2024,1,11,17,97.63,97.63,11/01/2024 17:00
2024,1,11,18,118.5,118.5,11/01/2024 18:00
2024,1,11,19,128.93,128.93,11/01/2024 19:00
2024,1,11,20,132.31,132.31,11/01/2024 20:00
2024,1,11,21,117.93,117.93,11/01/2024 21:00
2024,1,11,22,108.33,108.33,11/01/2024 22:00
2024,1,11,23,100,100,11/01/2024 23:00
2024,1,11,24,93.26,93.26,12/01/2024 0:00
2024,1,12,1,88.98,88.98,12/01/2024 1:00
2024,1,12,2,86.45,86.45,12/01/2024 2:00
2024,1,12,3,84.99,84.99,12/01/2024 3:00
2024,1,12,4,83,83,12/01/2024 4:00
2024,1,12,5,83.14,83.14,12/01/2024 5:00
2024,1,12,6,85,85,12/01/2024 6:00
2024,1,12,7,89,89,12/01/2024 7:00
2024,1,12,8,100,102.77,12/01/2024 8:00
2024,1,12,9,104.77,113.28,12/01/2024 9:00
2024,1,12,10,105,105,12/01/2024 10:00
2024,1,12,11,100,100,12/01/2024 11:00
2024,1,12,12,94.58,94.58,12/01/2024 12:00
2024,1,12,13,92,92,12/01/2024 13:00
2024,1,12,14,91.78,91.78,12/01/2024 14:00
2024,1,12,15,90.1,90.1,12/01/2024 15:00
2024,1,12,16,92.01,92.01,12/01/2024 16:00
2024,1,12,17,100.98,100.98,12/01/2024 17:00
2024,1,12,18,107.1,107.1,12/01/2024 18:00
2024,1,12,19,126,126,12/01/2024 19:00
2024,1,12,20,119.47,119.47,12/01/2024 20:00
2024,1,12,21,110,110,12/01/2024 21:00
2024,1,12,22,102.26,102.26,12/01/2024 22:00
2024,1,12,23,98,98,12/01/2024 23:00
2024,1,12,24,95.49,95.49,13/01/2024 0:00
2024,1,13,1,90,90,13/01/2024 1:00
2024,1,13,2,87.48,87.48,13/01/2024 2:00
2024,1,13,3,82,82,13/01/2024 3:00
2024,1,13,4,78.47,78.47,13/01/2024 4:00
2024,1,13,5,75,75,13/01/2024 5:00
2024,1,13,6,75,75,13/01/2024 6:00
2024,1,13,7,78.3,78.3,13/01/2024 7:00
2024,1,13,8,85.59,85.59,13/01/2024 8:00
2024,1,13,9,90.99,92.71,13/01/2024 9:00
2024,1,13,10,93.12,94.83,13/01/2024 10:00
2024,1,13,11,90.93,90.93,13/01/2024 11:00
2024,1,13,12,83.39,83.39,13/01/2024 12:00
2024,1,13,13,73.96,73.96,13/01/2024 13:00
2024,1,13,14,71.45,71.45,13/01/2024 14:00
2024,1,13,15,74.51,74.51,13/01/2024 15:00
2024,1,13,16,80.4,80.4,13/01/2024 16:00
2024,1,13,17,91.23,91.23,13/01/2024 17:00
2024,1,13,18,99.3,99.3,13/01/2024 18:00
2024,1,13,19,105.31,107.99,13/01/2024 19:00
2024,1,13,20,103.14,103.14,13/01/2024 20:00
2024,1,13,21,100,100,13/01/2024 21:00
2024,1,13,22,97.61,97.61,13/01/2024 22:00
2024,1,13,23,93.12,93.12,13/01/2024 23:00
2024,1,13,24,90,90,14/01/2024 0:00
2024,1,14,1,86.1,86.1,14/01/2024 1:00
2024,1,14,2,82.78,82.78,14/01/2024 2:00
2024,1,14,3,78.66,78.66,14/01/2024 3:00
2024,1,14,4,72.53,72.53,14/01/2024 4:00
2024,1,14,5,69.34,69.34,14/01/2024 5:00
2024,1,14,6,69.13,69.13,14/01/2024 6:00
2024,1,14,7,69.71,69.71,14/01/2024 7:00
2024,1,14,8,72.95,72.95,14/01/2024 8:00
2024,1,14,9,77.9,77.9,14/01/2024 9:00
2024,1,14,10,79.45,79.45,14/01/2024 10:00
2024,1,14,11,74.69,74.69,14/01/2024 11:00
2024,1,14,12,69,69,14/01/2024 12:00
2024,1,14,13,67.8,67.8,14/01/2024 13:00
2024,1,14,14,65.4,65.4,14/01/2024 14:00
2024,1,14,15,63.1,63.1,14/01/2024 15:00
2024,1,14,16,62.3,62.3,14/01/2024 16:00
2024,1,14,17,65.13,65.13,14/01/2024 17:00
2024,1,14,18,72.84,72.84,14/01/2024 18:00
2024,1,14,19,86.18,86.18,14/01/2024 19:00
2024,1,14,20,92.01,92.01,14/01/2024 20:00
2024,1,14,21,86.03,86.03,14/01/2024 21:00
2024,1,14,22,84.49,84.49,14/01/2024 22:00
2024,1,14,23,82.97,82.97,14/01/2024 23:00
2024,1,14,24,72.52,72.52,15/01/2024 0:00
2024,1,15,1,77.7,77.7,15/01/2024 1:00
2024,1,15,2,67,67,15/01/2024 2:00
2024,1,15,3,64.99,64.99,15/01/2024 3:00
2024,1,15,4,62.04,62.04,15/01/2024 4:00
2024,1,15,5,62.1,62.1,15/01/2024 5:00
2024,1,15,6,65.1,65.1,15/01/2024 6:00
2024,1,15,7,69.13,69.13,15/01/2024 7:00
2024,1,15,8,86.74,86.74,15/01/2024 8:00
2024,1,15,9,99.52,99.52,15/01/2024 9:00
2024,1,15,10,100.33,100.33,15/01/2024 10:00
2024,1,15,11,94.92,94.92,15/01/2024 11:00
2024,1,15,12,90.3,90.3,15/01/2024 12:00
2024,1,15,13,85.7,85.7,15/01/2024 13:00
2024,1,15,14,82.41,82.41,15/01/2024 14:00
2024,1,15,15,84.99,84.99,15/01/2024 15:00
2024,1,15,16,90.1,90.1,15/01/2024 16:00
2024,1,15,17,95.82,95.82,15/01/2024 17:00
2024,1,15,18,100,100,15/01/2024 18:00
2024,1,15,19,112.85,112.85,15/01/2024 19:00
2024,1,15,20,113.9,113.9,15/01/2024 20:00
2024,1,15,21,107.58,107.58,15/01/2024 21:00
2024,1,15,22,100,100,15/01/2024 22:00
2024,1,15,23,97.21,97.21,15/01/2024 23:00
2024,1,15,24,91,91,16/01/2024 0:00
2024,1,16,1,86.59,86.59,16/01/2024 1:00
2024,1,16,2,83.33,83.33,16/01/2024 2:00
2024,1,16,3,80.94,80.94,16/01/2024 3:00
2024,1,16,4,78.65,78.65,16/01/2024 4:00
2024,1,16,5,78.35,78.35,16/01/2024 5:00
2024,1,16,6,80.37,80.37,16/01/2024 6:00
2024,1,16,7,85,89,16/01/2024 7:00
2024,1,16,8,85,101,16/01/2024 8:00
2024,1,16,9,88,127.07,16/01/2024 9:00
2024,1,16,10,99.98,120.18,16/01/2024 10:00
2024,1,16,11,99.28,99.28,16/01/2024 11:00
2024,1,16,12,91.69,91.69,16/01/2024 12:00
2024,1,16,13,93,93,16/01/2024 13:00
2024,1,16,14,89.42,89.42,16/01/2024 14:00
2024,1,16,15,90,90,16/01/2024 15:00
2024,1,16,16,88,88,16/01/2024 16:00
2024,1,16,17,84.88,84.88,16/01/2024 17:00
2024,1,16,18,88,88,16/01/2024 18:00
2024,1,16,19,89.02,89.02,16/01/2024 19:00
2024,1,16,20,94.82,99.49,16/01/2024 20:00
2024,1,16,21,99.78,99.78,16/01/2024 21:00
2024,1,16,22,88.75,88.75,16/01/2024 22:00
2024,1,16,23,75.99,75.99,16/01/2024 23:00
2024,1,16,24,60,60,17/01/2024 0:00
2024,1,17,1,19.13,19.13,17/01/2024 1:00
2024,1,17,2,15.93,15.93,17/01/2024 2:00
2024,1,17,3,6,6,17/01/2024 3:00
2024,1,17,4,4.9,4.9,17/01/2024 4:00
2024,1,17,5,4.9,4.9,17/01/2024 5:00
2024,1,17,6,5,5,17/01/2024 6:00
2024,1,17,7,16.7,16.7,17/01/2024 7:00
2024,1,17,8,44.2,44.2,17/01/2024 8:00
2024,1,17,9,45.5,45.5,17/01/2024 9:00
2024,1,17,10,45.5,45.5,17/01/2024 10:00
2024,1,17,11,44.8,44.8,17/01/2024 11:00
2024,1,17,12,34.52,34.52,17/01/2024 12:00
2024,1,17,13,17.29,17.29,17/01/2024 13:00
2024,1,17,14,12.99,12.99,17/01/2024 14:00
2024,1,17,15,5.1,5.1,17/01/2024 15:00
2024,1,17,16,5,5,17/01/2024 16:00
2024,1,17,17,18.38,18.38,17/01/2024 17:00
2024,1,17,18,43.5,43.5,17/01/2024 18:00
2024,1,17,19,45.4,45.4,17/01/2024 19:00
2024,1,17,20,49.1,49.1,17/01/2024 20:00
2024,1,17,21,54.88,54.88,17/01/2024 21:00
2024,1,17,22,46.8,46.8,17/01/2024 22:00
2024,1,17,23,43.37,43.37,17/01/2024 23:00
2024,1,17,24,18.03,18.03,18/01/2024 0:00
2024,1,18,1,3.2,3.2,18/01/2024 1:00
2024,1,18,2,3.2,3.2,18/01/2024 2:00
2024,1,18,3,1.68,1.68,18/01/2024 3:00
2024,1,18,4,0.43,0.43,18/01/2024 4:00
2024,1,18,5,0.99,0.99,18/01/2024 5:00
2024,1,18,6,3.2,3.2,18/01/2024 6:00
2024,1,18,7,3.2,3.2,18/01/2024 7:00
2024,1,18,8,30.1,30.1,18/01/2024 8:00
2024,1,18,9,47.19,47.19,18/01/2024 9:00
2024,1,18,10,55.77,55.77,18/01/2024 10:00
2024,1,18,11,45.27,45.27,18/01/2024 11:00
2024,1,18,12,43.66,43.66,18/01/2024 12:00
2024,1,18,13,39.19,39.19,18/01/2024 13:00
2024,1,18,14,35,35,18/01/2024 14:00
2024,1,18,15,35.3,35.3,18/01/2024 15:00
2024,1,18,16,45.4,45.4,18/01/2024 16:00
2024,1,18,17,62.17,62.17,18/01/2024 17:00
2024,1,18,18,96.02,96.02,18/01/2024 18:00
2024,1,18,19,103.71,103.71,18/01/2024 19:00
2024,1,18,20,99.6,99.6,18/01/2024 20:00
2024,1,18,21,105.34,105.34,18/01/2024 21:00
2024,1,18,22,98.84,98.84,18/01/2024 22:00
2024,1,18,23,92.14,92.14,18/01/2024 23:00
2024,1,18,24,73.61,73.61,19/01/2024 0:00
2024,1,19,1,71.82,71.82,19/01/2024 1:00
2024,1,19,2,67.44,67.44,19/01/2024 2:00
2024,1,19,3,67.17,67.17,19/01/2024 3:00
2024,1,19,4,60,60,19/01/2024 4:00
2024,1,19,5,54.79,54.79,19/01/2024 5:00
2024,1,19,6,50,50,19/01/2024 6:00
2024,1,19,7,60,60,19/01/2024 7:00
2024,1,19,8,74.4,74.4,19/01/2024 8:00
2024,1,19,9,82.32,82.32,19/01/2024 9:00
2024,1,19,10,87.33,87.33,19/01/2024 10:00
2024,1,19,11,81,81,19/01/2024 11:00
2024,1,19,12,78,78,19/01/2024 12:00
2024,1,19,13,78.74,78.74,19/01/2024 13:00
2024,1,19,14,70.83,70.83,19/01/2024 14:00
2024,1,19,15,61.13,61.13,19/01/2024 15:00
2024,1,19,16,60.14,60.14,19/01/2024 16:00
2024,1,19,17,63,63,19/01/2024 17:00
2024,1,19,18,69.18,69.18,19/01/2024 18:00
2024,1,19,19,80.5,80.5,19/01/2024 19:00
2024,1,19,20,84.2,84.2,19/01/2024 20:00
2024,1,19,21,82.88,82.88,19/01/2024 21:00
2024,1,19,22,80.5,80.5,19/01/2024 22:00
2024,1,19,23,74.4,74.4,19/01/2024 23:00
2024,1,19,24,61,61,20/01/2024 0:00
2024,1,20,1,73.75,73.75,20/01/2024 1:00
2024,1,20,2,63.92,63.92,20/01/2024 2:00
2024,1,20,3,63.81,63.81,20/01/2024 3:00
2024,1,20,4,63.81,63.81,20/01/2024 4:00
2024,1,20,5,63.68,63.68,20/01/2024 5:00
2024,1,20,6,66.1,66.1,20/01/2024 6:00
2024,1,20,7,70.3,70.3,20/01/2024 7:00
2024,1,20,8,75.93,75.93,20/01/2024 8:00
2024,1,20,9,84.09,84.09,20/01/2024 9:00
2024,1,20,10,88.31,88.31,20/01/2024 10:00
2024,1,20,11,82.85,82.85,20/01/2024 11:00
2024,1,20,12,76.64,76.64,20/01/2024 12:00
2024,1,20,13,74.65,74.65,20/01/2024 13:00
2024,1,20,14,69.84,69.84,20/01/2024 14:00
2024,1,20,15,73.41,73.41,20/01/2024 15:00
2024,1,20,16,79.21,79.21,20/01/2024 16:00
2024,1,20,17,87.97,87.97,20/01/2024 17:00
2024,1,20,18,95.07,95.07,20/01/2024 18:00
2024,1,20,19,99.94,99.94,20/01/2024 19:00
2024,1,20,20,99.58,99.58,20/01/2024 20:00
2024,1,20,21,99.94,99.94,20/01/2024 21:00
2024,1,20,22,99.58,99.58,20/01/2024 22:00
2024,1,20,23,94.46,94.46,20/01/2024 23:00
2024,1,20,24,85.78,85.78,21/01/2024 0:00
2024,1,21,1,69.07,69.07,21/01/2024 1:00
2024,1,21,2,59.11,59.11,21/01/2024 2:00
2024,1,21,3,58.2,58.2,21/01/2024 3:00
2024,1,21,4,57.57,57.57,21/01/2024 4:00
2024,1,21,5,57.5,57.5,21/01/2024 5:00
2024,1,21,6,57.5,57.5,21/01/2024 6:00
2024,1,21,7,57.5,57.5,21/01/2024 7:00
2024,1,21,8,59,59,21/01/2024 8:00
2024,1,21,9,60.1,60.1,21/01/2024 9:00
2024,1,21,10,59,59,21/01/2024 10:00
2024,1,21,11,58.64,58.64,21/01/2024 11:00
2024,1,21,12,56.8,56.8,21/01/2024 12:00
2024,1,21,13,56.36,56.36,21/01/2024 13:00
2024,1,21,14,47.42,47.42,21/01/2024 14:00
2024,1,21,15,52.67,52.67,21/01/2024 15:00
2024,1,21,16,53.75,53.75,21/01/2024 16:00
2024,1,21,17,56.89,56.89,21/01/2024 17:00
2024,1,21,18,64.89,64.89,21/01/2024 18:00
2024,1,21,19,83.98,83.98,21/01/2024 19:00
2024,1,21,20,93.52,93.52,21/01/2024 20:00
2024,1,21,21,95.62,95.62,21/01/2024 21:00
2024,1,21,22,94.52,94.52,21/01/2024 22:00
2024,1,21,23,76.83,76.83,21/01/2024 23:00
2024,1,21,24,59.2,59.2,22/01/2024 0:00
2024,1,22,1,47,47,22/01/2024 1:00
2024,1,22,2,46.79,41.8,22/01/2024 2:00
2024,1,22,3,44.76,35,22/01/2024 3:00
2024,1,22,4,40.8,25,22/01/2024 4:00
2024,1,22,5,40.8,28.1,22/01/2024 5:00
2024,1,22,6,40.1,40,22/01/2024 6:00
2024,1,22,7,49.01,49.01,22/01/2024 7:00
2024,1,22,8,75,75,22/01/2024 8:00
2024,1,22,9,92.69,92.69,22/01/2024 9:00
2024,1,22,10,86.66,86.66,22/01/2024 10:00
2024,1,22,11,71.08,71.08,22/01/2024 11:00
2024,1,22,12,61.99,61.99,22/01/2024 12:00
2024,1,22,13,57.67,57.67,22/01/2024 13:00
2024,1,22,14,58.48,58.48,22/01/2024 14:00
2024,1,22,15,59.87,59.87,22/01/2024 15:00
2024,1,22,16,59.99,59.99,22/01/2024 16:00
2024,1,22,17,66.07,66.07,22/01/2024 17:00
2024,1,22,18,79.09,79.09,22/01/2024 18:00
2024,1,22,19,98.18,98.18,22/01/2024 19:00
2024,1,22,20,104.91,104.91,22/01/2024 20:00
2024,1,22,21,119,119,22/01/2024 21:00
2024,1,22,22,103.21,103.21,22/01/2024 22:00
2024,1,22,23,94.27,94.27,22/01/2024 23:00
2024,1,22,24,75.93,75.93,23/01/2024 0:00
2024,1,23,1,61.1,61.1,23/01/2024 1:00
2024,1,23,2,59,59,23/01/2024 2:00
2024,1,23,3,58.5,58.5,23/01/2024 3:00
2024,1,23,4,59.87,59.87,23/01/2024 4:00
2024,1,23,5,58.5,58.5,23/01/2024 5:00
2024,1,23,6,58.5,58.5,23/01/2024 6:00
2024,1,23,7,65.55,65.55,23/01/2024 7:00
2024,1,23,8,90.1,90.1,23/01/2024 8:00
2024,1,23,9,97.5,97.5,23/01/2024 9:00
2024,1,23,10,91.86,91.86,23/01/2024 10:00
2024,1,23,11,81,81,23/01/2024 11:00
2024,1,23,12,66.65,66.65,23/01/2024 12:00
2024,1,23,13,61.91,61.91,23/01/2024 13:00
2024,1,23,14,61.03,61.03,23/01/2024 14:00
2024,1,23,15,62.01,62.01,23/01/2024 15:00
2024,1,23,16,64,64,23/01/2024 16:00
2024,1,23,17,66.62,66.62,23/01/2024 17:00
2024,1,23,18,84,84,23/01/2024 18:00
2024,1,23,19,96.98,96.98,23/01/2024 19:00
2024,1,23,20,115,115,23/01/2024 20:00
2024,1,23,21,129.01,129.01,23/01/2024 21:00
2024,1,23,22,106.76,106.76,23/01/2024 22:00
2024,1,23,23,92.5,92.5,23/01/2024 23:00
2024,1,23,24,84.51,84.51,24/01/2024 0:00
2024,1,24,1,86,86,24/01/2024 1:00
2024,1,24,2,78.93,78.93,24/01/2024 2:00
2024,1,24,3,73.73,73.73,24/01/2024 3:00
2024,1,24,4,71.69,71.69,24/01/2024 4:00
2024,1,24,5,70.94,70.94,24/01/2024 5:00
2024,1,24,6,71.69,71.69,24/01/2024 6:00
2024,1,24,7,80.19,80.19,24/01/2024 7:00
2024,1,24,8,90.5,93.18,24/01/2024 8:00
2024,1,24,9,99.41,101.5,24/01/2024 9:00
2024,1,24,10,89.02,89.02,24/01/2024 10:00
2024,1,24,11,70.69,70.69,24/01/2024 11:00
2024,1,24,12,61.8,61.8,24/01/2024 12:00
2024,1,24,13,59.87,59.87,24/01/2024 13:00
2024,1,24,14,58.2,58.2,24/01/2024 14:00
2024,1,24,15,58.2,58.2,24/01/2024 15:00
2024,1,24,16,60.5,60.5,24/01/2024 16:00
2024,1,24,17,64,64,24/01/2024 17:00
2024,1,24,18,88.61,88.61,24/01/2024 18:00
2024,1,24,19,94.94,94.94,24/01/2024 19:00
2024,1,24,20,150.41,150.41,24/01/2024 20:00
2024,1,24,21,152.17,152.17,24/01/2024 21:00
2024,1,24,22,103,103,24/01/2024 22:00
2024,1,24,23,88.04,88.04,24/01/2024 23:00
2024,1,24,24,74.86,74.86,25/01/2024 0:00
2024,1,25,1,64.97,64.97,25/01/2024 1:00
2024,1,25,2,60.53,60.53,25/01/2024 2:00
2024,1,25,3,60,60,25/01/2024 3:00
2024,1,25,4,55.36,55.36,25/01/2024 4:00
2024,1,25,5,57.26,57.26,25/01/2024 5:00
2024,1,25,6,63.29,63.29,25/01/2024 6:00
2024,1,25,7,72.45,72.45,25/01/2024 7:00
2024,1,25,8,83.5,83.5,25/01/2024 8:00
2024,1,25,9,95.53,95.53,25/01/2024 9:00
2024,1,25,10,89.84,89.84,25/01/2024 10:00
2024,1,25,11,74.71,74.71,25/01/2024 11:00
2024,1,25,12,65.01,65.01,25/01/2024 12:00
2024,1,25,13,64.97,64.97,25/01/2024 13:00
2024,1,25,14,64.97,64.97,25/01/2024 14:00
2024,1,25,15,65,65,25/01/2024 15:00
2024,1,25,16,61.85,61.85,25/01/2024 16:00
2024,1,25,17,67.67,67.67,25/01/2024 17:00
2024,1,25,18,75.59,75.59,25/01/2024 18:00
2024,1,25,19,94.72,94.72,25/01/2024 19:00
2024,1,25,20,113,113,25/01/2024 20:00
2024,1,25,21,135.36,135.36,25/01/2024 21:00
2024,1,25,22,103.01,103.01,25/01/2024 22:00
2024,1,25,23,80.95,80.95,25/01/2024 23:00
2024,1,25,24,73.58,73.58,26/01/2024 0:00
2024,1,26,1,63.37,63.37,26/01/2024 1:00
2024,1,26,2,65,65,26/01/2024 2:00
2024,1,26,3,63.86,63.86,26/01/2024 3:00
2024,1,26,4,63.86,63.86,26/01/2024 4:00
2024,1,26,5,62.48,62.48,26/01/2024 5:00
2024,1,26,6,63.86,63.86,26/01/2024 6:00
2024,1,26,7,69.57,69.57,26/01/2024 7:00
2024,1,26,8,80.02,80.02,26/01/2024 8:00
2024,1,26,9,115,115,26/01/2024 9:00
2024,1,26,10,77.3,77.3,26/01/2024 10:00
2024,1,26,11,66.19,66.19,26/01/2024 11:00
2024,1,26,12,62.39,62.39,26/01/2024 12:00
2024,1,26,13,55.78,55.78,26/01/2024 13:00
2024,1,26,14,50.7,50.7,26/01/2024 14:00
2024,1,26,15,53.61,53.61,26/01/2024 15:00
2024,1,26,16,55.52,55.52,26/01/2024 16:00
2024,1,26,17,63.38,63.38,26/01/2024 17:00
2024,1,26,18,73.74,73.74,26/01/2024 18:00
2024,1,26,19,89.62,89.62,26/01/2024 19:00
2024,1,26,20,96.8,96.8,26/01/2024 20:00
2024,1,26,21,111.07,111.07,26/01/2024 21:00
2024,1,26,22,93,93,26/01/2024 22:00
2024,1,26,23,74.98,74.98,26/01/2024 23:00
2024,1,26,24,70.45,70.45,27/01/2024 0:00
2024,1,27,1,64.97,64.97,27/01/2024 1:00
2024,1,27,2,61.06,61.06,27/01/2024 2:00
2024,1,27,3,59.05,59.05,27/01/2024 3:00
2024,1,27,4,55.9,55.9,27/01/2024 4:00
2024,1,27,5,55.9,55.9,27/01/2024 5:00
2024,1,27,6,57.22,57.22,27/01/2024 6:00
2024,1,27,7,59.36,59.36,27/01/2024 7:00
2024,1,27,8,66.19,66.19,27/01/2024 8:00
2024,1,27,9,73.4,78.09,27/01/2024 9:00
2024,1,27,10,73.4,73.4,27/01/2024 10:00
2024,1,27,11,62.01,62.01,27/01/2024 11:00
2024,1,27,12,54.4,54.4,27/01/2024 12:00
2024,1,27,13,47,47,27/01/2024 13:00
2024,1,27,14,47.7,47.7,27/01/2024 14:00
2024,1,27,15,47.5,47.5,27/01/2024 15:00
2024,1,27,16,47,47,27/01/2024 16:00
2024,1,27,17,55.2,55.2,27/01/2024 17:00
2024,1,27,18,74.43,74.43,27/01/2024 18:00
2024,1,27,19,95.97,95.97,27/01/2024 19:00
2024,1,27,20,92.51,92.51,27/01/2024 20:00
2024,1,27,21,92.53,92.53,27/01/2024 21:00
2024,1,27,22,89.5,89.5,27/01/2024 22:00
2024,1,27,23,75.97,75.97,27/01/2024 23:00
2024,1,27,24,72.7,72.7,28/01/2024 0:00
2024,1,28,1,62.03,62.03,28/01/2024 1:00
2024,1,28,2,58.2,58.2,28/01/2024 2:00
2024,1,28,3,52.9,52.9,28/01/2024 3:00
2024,1,28,4,47.21,47.21,28/01/2024 4:00
2024,1,28,5,44,44,28/01/2024 5:00
2024,1,28,6,43.2,43.2,28/01/2024 6:00
2024,1,28,7,47.05,47.05,28/01/2024 7:00
2024,1,28,8,51.4,51.4,28/01/2024 8:00
2024,1,28,9,55.29,55.29,28/01/2024 9:00
2024,1,28,10,55.1,55.1,28/01/2024 10:00
2024,1,28,11,42,42,28/01/2024 11:00
2024,1,28,12,37,37,28/01/2024 12:00
2024,1,28,13,42,42,28/01/2024 13:00
2024,1,28,14,39.93,39.93,28/01/2024 14:00
2024,1,28,15,40.09,40.09,28/01/2024 15:00
2024,1,28,16,38.03,38.03,28/01/2024 16:00
2024,1,28,17,43.12,43.12,28/01/2024 17:00
2024,1,28,18,60.8,60.8,28/01/2024 18:00
2024,1,28,19,71.14,71.14,28/01/2024 19:00
2024,1,28,20,71.55,71.55,28/01/2024 20:00
2024,1,28,21,69.87,69.87,28/01/2024 21:00
2024,1,28,22,63.11,63.11,28/01/2024 22:00
2024,1,28,23,60.34,60.34,28/01/2024 23:00
2024,1,28,24,56,56,29/01/2024 0:00
2024,1,29,1,49.97,49.97,29/01/2024 1:00
2024,1,29,2,47.26,47.26,29/01/2024 2:00
2024,1,29,3,48.12,48.12,29/01/2024 3:00
2024,1,29,4,47.97,47.97,29/01/2024 4:00
2024,1,29,5,51.58,51.58,29/01/2024 5:00
2024,1,29,6,60.06,60.06,29/01/2024 6:00
2024,1,29,7,80.66,80.66,29/01/2024 7:00
2024,1,29,8,88.7,88.7,29/01/2024 8:00
2024,1,29,9,90.22,99.26,29/01/2024 9:00
2024,1,29,10,88.39,88.39,29/01/2024 10:00
2024,1,29,11,78.9,78.9,29/01/2024 11:00
2024,1,29,12,71.27,71.27,29/01/2024 12:00
2024,1,29,13,70.24,70.24,29/01/2024 13:00
2024,1,29,14,73.81,73.81,29/01/2024 14:00
2024,1,29,15,78.03,78.03,29/01/2024 15:00
2024,1,29,16,78.78,78.78,29/01/2024 16:00
2024,1,29,17,82.87,82.87,29/01/2024 17:00
2024,1,29,18,89.86,89.86,29/01/2024 18:00
2024,1,29,19,110,110,29/01/2024 19:00
2024,1,29,20,107.52,107.52,29/01/2024 20:00
2024,1,29,21,108.5,108.5,29/01/2024 21:00
2024,1,29,22,92.18,92.18,29/01/2024 22:00
2024,1,29,23,87,87,29/01/2024 23:00
2024,1,29,24,80.29,80.29,30/01/2024 0:00
2024,1,30,1,71.94,71.94,30/01/2024 1:00
2024,1,30,2,68.64,68.64,30/01/2024 2:00
2024,1,30,3,69.37,69.37,30/01/2024 3:00
2024,1,30,4,65.1,65.1,30/01/2024 4:00
2024,1,30,5,64,64,30/01/2024 5:00
2024,1,30,6,69.37,69.37,30/01/2024 6:00
2024,1,30,7,79.02,79.02,30/01/2024 7:00
2024,1,30,8,91.04,91.04,30/01/2024 8:00
2024,1,30,9,95.95,95.95,30/01/2024 9:00
2024,1,30,10,88.7,88.7,30/01/2024 10:00
2024,1,30,11,77.15,77.15,30/01/2024 11:00
2024,1,30,12,70.1,70.1,30/01/2024 12:00
2024,1,30,13,68.1,68.1,30/01/2024 13:00
2024,1,30,14,68.23,68.23,30/01/2024 14:00
2024,1,30,15,71.93,71.93,30/01/2024 15:00
2024,1,30,16,71.95,71.95,30/01/2024 16:00
2024,1,30,17,78.89,78.89,30/01/2024 17:00
2024,1,30,18,88.83,88.83,30/01/2024 18:00
2024,1,30,19,99.76,99.76,30/01/2024 19:00
2024,1,30,20,107,107,30/01/2024 20:00
2024,1,30,21,123.22,123.22,30/01/2024 21:00
2024,1,30,22,95.06,95.06,30/01/2024 22:00
2024,1,30,23,88.7,88.7,30/01/2024 23:00
2024,1,30,24,78.78,78.78,31/01/2024 0:00
2024,1,31,1,74.09,74.09,31/01/2024 1:00
2024,1,31,2,71.48,71.48,31/01/2024 2:00
2024,1,31,3,70.89,70.89,31/01/2024 3:00
2024,1,31,4,69.82,69.82,31/01/2024 4:00
2024,1,31,5,69.25,69.25,31/01/2024 5:00
2024,1,31,6,74.01,74.01,31/01/2024 6:00
2024,1,31,7,81.89,84.44,31/01/2024 7:00
2024,1,31,8,84.47,93.29,31/01/2024 8:00
2024,1,31,9,91.82,120.23,31/01/2024 9:00
2024,1,31,10,93.23,93.23,31/01/2024 10:00
2024,1,31,11,82.98,82.98,31/01/2024 11:00
2024,1,31,12,72.19,72.19,31/01/2024 12:00
2024,1,31,13,70.01,70.01,31/01/2024 13:00
2024,1,31,14,66.5,66.5,31/01/2024 14:00
2024,1,31,15,65.8,65.8,31/01/2024 15:00
2024,1,31,16,64.95,64.95,31/01/2024 16:00
2024,1,31,17,66.26,66.26,31/01/2024 17:00
2024,1,31,18,77,77,31/01/2024 18:00
2024,1,31,19,91,91,31/01/2024 19:00
2024,1,31,20,119.47,119.47,31/01/2024 20:00
2024,1,31,21,168.35,168.35,31/01/2024 21:00
2024,1,31,22,94.54,94.54,31/01/2024 22:00
2024,1,31,23,85,85,31/01/2024 23:00
2024,1,31,24,77.52,77.52,01/02/2024 0:00
2024,2,1,1,69,69,01/02/2024 1:00
2024,2,1,2,60.44,60.44,01/02/2024 2:00
2024,2,1,3,55.1,55.1,01/02/2024 3:00
2024,2,1,4,54.6,54.6,01/02/2024 4:00
2024,2,1,5,53.47,53.47,01/02/2024 5:00
2024,2,1,6,59.82,59.82,01/02/2024 6:00
2024,2,1,7,72.42,72.42,01/02/2024 7:00
2024,2,1,8,88.76,88.76,01/02/2024 8:00
2024,2,1,9,95.76,95.76,01/02/2024 9:00
2024,2,1,10,88.77,88.77,01/02/2024 10:00
2024,2,1,11,62.8,62.8,01/02/2024 11:00
2024,2,1,12,55.98,55.98,01/02/2024 12:00
2024,2,1,13,54.44,54.44,01/02/2024 13:00
2024,2,1,14,54,54,01/02/2024 14:00
2024,2,1,15,54.44,54.44,01/02/2024 15:00
2024,2,1,16,54.6,54.6,01/02/2024 16:00
2024,2,1,17,60.44,60.44,01/02/2024 17:00
2024,2,1,18,76,76,01/02/2024 18:00
2024,2,1,19,101.89,101.89,01/02/2024 19:00
2024,2,1,20,99.05,99.05,01/02/2024 20:00
2024,2,1,21,94,94,01/02/2024 21:00
2024,2,1,22,83.66,83.66,01/02/2024 22:00
2024,2,1,23,82.13,82.13,01/02/2024 23:00
2024,2,1,24,71.19,71.19,02/02/2024 0:00
2024,2,2,1,62.95,62.95,02/02/2024 1:00
2024,2,2,2,60.05,60.05,02/02/2024 2:00
2024,2,2,3,58,58,02/02/2024 3:00
2024,2,2,4,54.69,54.69,02/02/2024 4:00
2024,2,2,5,52.41,52.41,02/02/2024 5:00
2024,2,2,6,55,55,02/02/2024 6:00
2024,2,2,7,61,61,02/02/2024 7:00
2024,2,2,8,80.34,80.34,02/02/2024 8:00
2024,2,2,9,90.75,90.75,02/02/2024 9:00
2024,2,2,10,83.98,83.98,02/02/2024 10:00
2024,2,2,11,61.42,61.42,02/02/2024 11:00
2024,2,2,12,54,54,02/02/2024 12:00
2024,2,2,13,54,54,02/02/2024 13:00
2024,2,2,14,55.5,55.5,02/02/2024 14:00
2024,2,2,15,53.3,53.3,02/02/2024 15:00
2024,2,2,16,55.91,55.91,02/02/2024 16:00
2024,2,2,17,55.5,55.5,02/02/2024 17:00
2024,2,2,18,70.95,70.95,02/02/2024 18:00
2024,2,2,19,80.16,80.16,02/02/2024 19:00
2024,2,2,20,83.83,83.83,02/02/2024 20:00
2024,2,2,21,83.98,83.98,02/02/2024 21:00
2024,2,2,22,76.46,76.46,02/02/2024 22:00
2024,2,2,23,68.44,68.44,02/02/2024 23:00
2024,2,2,24,55,55,03/02/2024 0:00
2024,2,3,1,56.44,56.44,03/02/2024 1:00
2024,2,3,2,52.71,52.71,03/02/2024 2:00
2024,2,3,3,51.18,51.18,03/02/2024 3:00
2024,2,3,4,50.83,50.83,03/02/2024 4:00
2024,2,3,5,51.16,51.16,03/02/2024 5:00
2024,2,3,6,52.57,52.57,03/02/2024 6:00
2024,2,3,7,53.5,53.5,03/02/2024 7:00
2024,2,3,8,56.8,56.8,03/02/2024 8:00
2024,2,3,9,63,63,03/02/2024 9:00
2024,2,3,10,59.1,59.1,03/02/2024 10:00
2024,2,3,11,53.28,53.28,03/02/2024 11:00
2024,2,3,12,45.27,45.27,03/02/2024 12:00
2024,2,3,13,41.58,41.58,03/02/2024 13:00
2024,2,3,14,39.81,39.81,03/02/2024 14:00
2024,2,3,15,41.76,41.76,03/02/2024 15:00
2024,2,3,16,46.44,46.44,03/02/2024 16:00
2024,2,3,17,53,53,03/02/2024 17:00
2024,2,3,18,64.87,64.87,03/02/2024 18:00
2024,2,3,19,81.43,81.43,03/02/2024 19:00
2024,2,3,20,87.76,87.76,03/02/2024 20:00
2024,2,3,21,95.68,95.68,03/02/2024 21:00
2024,2,3,22,92.71,92.71,03/02/2024 22:00
2024,2,3,23,86.11,86.11,03/02/2024 23:00
2024,2,3,24,70.79,70.79,04/02/2024 0:00
2024,2,4,1,66.62,66.62,04/02/2024 1:00
2024,2,4,2,64.78,64.78,04/02/2024 2:00
2024,2,4,3,64.91,64.91,04/02/2024 3:00
2024,2,4,4,63.92,63.92,04/02/2024 4:00
2024,2,4,5,61.75,61.75,04/02/2024 5:00
2024,2,4,6,61.75,61.75,04/02/2024 6:00
2024,2,4,7,60,60,04/02/2024 7:00
2024,2,4,8,59.8,59.8,04/02/2024 8:00
2024,2,4,9,63.92,63.92,04/02/2024 9:00
2024,2,4,10,53,53,04/02/2024 10:00
2024,2,4,11,44.7,44.7,04/02/2024 11:00
2024,2,4,12,40,40,04/02/2024 12:00
2024,2,4,13,34.28,34.28,04/02/2024 13:00
2024,2,4,14,35.65,35.65,04/02/2024 14:00
2024,2,4,15,35,35,04/02/2024 15:00
2024,2,4,16,32,32,04/02/2024 16:00
2024,2,4,17,43.35,43.35,04/02/2024 17:00
2024,2,4,18,54.93,54.93,04/02/2024 18:00
2024,2,4,19,77.5,77.5,04/02/2024 19:00
2024,2,4,20,89,89,04/02/2024 20:00
2024,2,4,21,129.81,129.81,04/02/2024 21:00
2024,2,4,22,119.77,119.77,04/02/2024 22:00
2024,2,4,23,82.94,82.94,04/02/2024 23:00
2024,2,4,24,75,75,05/02/2024 0:00
2024,2,5,1,71.66,71.66,05/02/2024 1:00
2024,2,5,2,73,73,05/02/2024 2:00
2024,2,5,3,69.1,69.1,05/02/2024 3:00
2024,2,5,4,67.87,67.87,05/02/2024 4:00
2024,2,5,5,67.87,67.87,05/02/2024 5:00
2024,2,5,6,69.78,69.78,05/02/2024 6:00
2024,2,5,7,73.22,73.22,05/02/2024 7:00
2024,2,5,8,83.15,83.15,05/02/2024 8:00
2024,2,5,9,98.59,98.59,05/02/2024 9:00
2024,2,5,10,87.36,87.36,05/02/2024 10:00
2024,2,5,11,76.68,76.68,05/02/2024 11:00
2024,2,5,12,69.74,69.74,05/02/2024 12:00
2024,2,5,13,60,60,05/02/2024 13:00
2024,2,5,14,50,50,05/02/2024 14:00
2024,2,5,15,51,51,05/02/2024 15:00
2024,2,5,16,59.71,59.71,05/02/2024 16:00
2024,2,5,17,68.8,68.8,05/02/2024 17:00
2024,2,5,18,76.44,76.44,05/02/2024 18:00
2024,2,5,19,89.13,89.13,05/02/2024 19:00
2024,2,5,20,129.47,129.47,05/02/2024 20:00
2024,2,5,21,181.26,181.26,05/02/2024 21:00
2024,2,5,22,111.36,111.36,05/02/2024 22:00
2024,2,5,23,81.06,81.06,05/02/2024 23:00
2024,2,5,24,75.75,75.75,06/02/2024 0:00
2024,2,6,1,74.5,74.5,06/02/2024 1:00
2024,2,6,2,75,75,06/02/2024 2:00
2024,2,6,3,70.75,70.75,06/02/2024 3:00
2024,2,6,4,68.88,68.88,06/02/2024 4:00
2024,2,6,5,65.1,65.1,06/02/2024 5:00
2024,2,6,6,68.88,68.88,06/02/2024 6:00
2024,2,6,7,74.5,74.5,06/02/2024 7:00
2024,2,6,8,82.06,82.06,06/02/2024 8:00
2024,2,6,9,121.06,121.06,06/02/2024 9:00
2024,2,6,10,96.06,96.06,06/02/2024 10:00
2024,2,6,11,79.61,79.61,06/02/2024 11:00
2024,2,6,12,72.48,72.48,06/02/2024 12:00
2024,2,6,13,71,71,06/02/2024 13:00
2024,2,6,14,56.47,56.47,06/02/2024 14:00
2024,2,6,15,51.5,51.5,06/02/2024 15:00
2024,2,6,16,56.44,56.44,06/02/2024 16:00
2024,2,6,17,61.33,61.33,06/02/2024 17:00
2024,2,6,18,71,71,06/02/2024 18:00
2024,2,6,19,78.77,78.77,06/02/2024 19:00
2024,2,6,20,89.01,89.01,06/02/2024 20:00
2024,2,6,21,88.87,88.87,06/02/2024 21:00
2024,2,6,22,78.28,78.28,06/02/2024 22:00
2024,2,6,23,69.03,69.03,06/02/2024 23:00
2024,2,6,24,56.09,56.09,07/02/2024 0:00
2024,2,7,1,41.7,41.7,07/02/2024 1:00
2024,2,7,2,39,39,07/02/2024 2:00
2024,2,7,3,37.45,37.45,07/02/2024 3:00
2024,2,7,4,33.21,33.21,07/02/2024 4:00
2024,2,7,5,26.17,21.01,07/02/2024 5:00
2024,2,7,6,38,38,07/02/2024 6:00
2024,2,7,7,47.28,47.28,07/02/2024 7:00
2024,2,7,8,69.99,69.99,07/02/2024 8:00
2024,2,7,9,74.49,74.49,07/02/2024 9:00
2024,2,7,10,68.61,68.61,07/02/2024 10:00
2024,2,7,11,66.04,66.04,07/02/2024 11:00
2024,2,7,12,59.2,59.2,07/02/2024 12:00
2024,2,7,13,45,45,07/02/2024 13:00
2024,2,7,14,40.4,40.4,07/02/2024 14:00
2024,2,7,15,35,35,07/02/2024 15:00
2024,2,7,16,28.33,28.33,07/02/2024 16:00
2024,2,7,17,37.45,37.45,07/02/2024 17:00
2024,2,7,18,41,41,07/02/2024 18:00
2024,2,7,19,57.84,57.84,07/02/2024 19:00
2024,2,7,20,72.76,72.76,07/02/2024 20:00
2024,2,7,21,76.89,76.89,07/02/2024 21:00
2024,2,7,22,67.72,67.72,07/02/2024 22:00
2024,2,7,23,58.42,58.42,07/02/2024 23:00
2024,2,7,24,45.8,45.8,08/02/2024 0:00
2024,2,8,1,46.73,46.73,08/02/2024 1:00
2024,2,8,2,39,39,08/02/2024 2:00
2024,2,8,3,33.8,33.8,08/02/2024 3:00
2024,2,8,4,32.45,32.45,08/02/2024 4:00
2024,2,8,5,31.7,31.7,08/02/2024 5:00
2024,2,8,6,32.45,32.45,08/02/2024 6:00
2024,2,8,7,41.5,41.5,08/02/2024 7:00
2024,2,8,8,45.79,50,08/02/2024 8:00
2024,2,8,9,47,57,08/02/2024 9:00
2024,2,8,10,42.13,42.13,08/02/2024 10:00
2024,2,8,11,37,37,08/02/2024 11:00
2024,2,8,12,35.22,35.22,08/02/2024 12:00
2024,2,8,13,38,38,08/02/2024 13:00
2024,2,8,14,31.7,31.7,08/02/2024 14:00
2024,2,8,15,33.8,33.8,08/02/2024 15:00
2024,2,8,16,33.08,33.08,08/02/2024 16:00
2024,2,8,17,39.4,39.4,08/02/2024 17:00
2024,2,8,18,41.5,41.5,08/02/2024 18:00
2024,2,8,19,44.23,44.23,08/02/2024 19:00
2024,2,8,20,40,40,08/02/2024 20:00
2024,2,8,21,40.5,40.5,08/02/2024 21:00
2024,2,8,22,37.94,37.94,08/02/2024 22:00
2024,2,8,23,40.19,40.19,08/02/2024 23:00
2024,2,8,24,28.7,28.7,09/02/2024 0:00
2024,2,9,1,22.04,22.04,09/02/2024 1:00
2024,2,9,2,11.17,11.17,09/02/2024 2:00
2024,2,9,3,5,5,09/02/2024 3:00
2024,2,9,4,3.2,3.2,09/02/2024 4:00
2024,2,9,5,3.2,3.2,09/02/2024 5:00
2024,2,9,6,11.14,11.14,09/02/2024 6:00
2024,2,9,7,29.62,29.62,09/02/2024 7:00
2024,2,9,8,48.92,48.92,09/02/2024 8:00
2024,2,9,9,57.84,57.84,09/02/2024 9:00
2024,2,9,10,65,65,09/02/2024 10:00
2024,2,9,11,66.35,66.35,09/02/2024 11:00
2024,2,9,12,57.84,57.84,09/02/2024 12:00
2024,2,9,13,50.56,50.56,09/02/2024 13:00
2024,2,9,14,46.73,46.73,09/02/2024 14:00
2024,2,9,15,47.99,47.99,09/02/2024 15:00
2024,2,9,16,46.73,46.73,09/02/2024 16:00
2024,2,9,17,44.99,44.99,09/02/2024 17:00
2024,2,9,18,42,42,09/02/2024 18:00
2024,2,9,19,44.46,44.46,09/02/2024 19:00
2024,2,9,20,59.95,59.95,09/02/2024 20:00
2024,2,9,21,66.35,66.35,09/02/2024 21:00
2024,2,9,22,55.02,55.02,09/02/2024 22:00
2024,2,9,23,43.13,43.13,09/02/2024 23:00
2024,2,9,24,35,35,10/02/2024 0:00
2024,2,10,1,26.78,26.78,10/02/2024 1:00
2024,2,10,2,14,14,10/02/2024 2:00
2024,2,10,3,5,5,10/02/2024 3:00
2024,2,10,4,3.2,3.2,10/02/2024 4:00
2024,2,10,5,3.2,3.2,10/02/2024 5:00
2024,2,10,6,3.2,3.2,10/02/2024 6:00
2024,2,10,7,3.2,3.2,10/02/2024 7:00
2024,2,10,8,3.2,3.2,10/02/2024 8:00
2024,2,10,9,3.2,3.2,10/02/2024 9:00
2024,2,10,10,3.2,3.2,10/02/2024 10:00
2024,2,10,11,0.43,0.43,10/02/2024 11:00
2024,2,10,12,0,0,10/02/2024 12:00
2024,2,10,13,0,0,10/02/2024 13:00
2024,2,10,14,0,0,10/02/2024 14:00
2024,2,10,15,0,0,10/02/2024 15:00
2024,2,10,16,0,0,10/02/2024 16:00
2024,2,10,17,0,0,10/02/2024 17:00
2024,2,10,18,0.43,0.43,10/02/2024 18:00
2024,2,10,19,3.2,3.2,10/02/2024 19:00
2024,2,10,20,25.01,25.01,10/02/2024 20:00
2024,2,10,21,36.46,36.46,10/02/2024 21:00
2024,2,10,22,37.9,37.9,10/02/2024 22:00
2024,2,10,23,32.68,32.68,10/02/2024 23:00
2024,2,10,24,23,23,11/02/2024 0:00
2024,2,11,1,35,35,11/02/2024 1:00
2024,2,11,2,23.26,23.26,11/02/2024 2:00
2024,2,11,3,22.01,22.01,11/02/2024 3:00
2024,2,11,4,20.5,20.5,11/02/2024 4:00
2024,2,11,5,25,25,11/02/2024 5:00
2024,2,11,6,24.98,24.98,11/02/2024 6:00
2024,2,11,7,37.9,37.9,11/02/2024 7:00
2024,2,11,8,40.19,40.19,11/02/2024 8:00
2024,2,11,9,41,41,11/02/2024 9:00
2024,2,11,10,42.1,42.1,11/02/2024 10:00
2024,2,11,11,43.46,43.46,11/02/2024 11:00
2024,2,11,12,40.19,40.19,11/02/2024 12:00
2024,2,11,13,39.9,39.9,11/02/2024 13:00
2024,2,11,14,40.19,40.19,11/02/2024 14:00
2024,2,11,15,39.98,39.98,11/02/2024 15:00
2024,2,11,16,39.99,39.99,11/02/2024 16:00
2024,2,11,17,46.73,46.73,11/02/2024 17:00
2024,2,11,18,61.94,61.94,11/02/2024 18:00
2024,2,11,19,67.78,83.13,11/02/2024 19:00
2024,2,11,20,67.78,83.98,11/02/2024 20:00
2024,2,11,21,75.75,76.82,11/02/2024 21:00
2024,2,11,22,70.01,70.01,11/02/2024 22:00
2024,2,11,23,56.94,56.94,11/02/2024 23:00
2024,2,11,24,40.7,40.7,12/02/2024 0:00
2024,2,12,1,39.23,39.23,12/02/2024 1:00
2024,2,12,2,38.12,38.12,12/02/2024 2:00
2024,2,12,3,35,35,12/02/2024 3:00
2024,2,12,4,33.76,33.76,12/02/2024 4:00
2024,2,12,5,33.76,33.76,12/02/2024 5:00
2024,2,12,6,35.1,35.1,12/02/2024 6:00
2024,2,12,7,37.4,37.4,12/02/2024 7:00
2024,2,12,8,39.88,39.88,12/02/2024 8:00
2024,2,12,9,50.5,50.5,12/02/2024 9:00
2024,2,12,10,46.78,46.78,12/02/2024 10:00
2024,2,12,11,40,40,12/02/2024 11:00
2024,2,12,12,35.6,35.6,12/02/2024 12:00
2024,2,12,13,33.76,33.76,12/02/2024 13:00
2024,2,12,14,35.6,35.6,12/02/2024 14:00
2024,2,12,15,35,35,12/02/2024 15:00
2024,2,12,16,35,35,12/02/2024 16:00
2024,2,12,17,30,30,12/02/2024 17:00
2024,2,12,18,40,40,12/02/2024 18:00
2024,2,12,19,59.34,59.34,12/02/2024 19:00
2024,2,12,20,88.21,88.21,12/02/2024 20:00
2024,2,12,21,79.15,79.15,12/02/2024 21:00
2024,2,12,22,71.54,71.54,12/02/2024 22:00
2024,2,12,23,65.87,65.87,12/02/2024 23:00
2024,2,12,24,61.9,61.9,13/02/2024 0:00
2024,2,13,1,53.87,53.87,13/02/2024 1:00
2024,2,13,2,41.1,41.1,13/02/2024 2:00
2024,2,13,3,40,40,13/02/2024 3:00
2024,2,13,4,40,40,13/02/2024 4:00
2024,2,13,5,40,40,13/02/2024 5:00
2024,2,13,6,42.61,42.61,13/02/2024 6:00
2024,2,13,7,52,52,13/02/2024 7:00
2024,2,13,8,65.91,65.91,13/02/2024 8:00
2024,2,13,9,68.44,87.92,13/02/2024 9:00
2024,2,13,10,66.8,66.8,13/02/2024 10:00
2024,2,13,11,65,65,13/02/2024 11:00
2024,2,13,12,63.87,63.87,13/02/2024 12:00
2024,2,13,13,60.53,60.53,13/02/2024 13:00
2024,2,13,14,60.26,60.26,13/02/2024 14:00
2024,2,13,15,60.52,60.52,13/02/2024 15:00
2024,2,13,16,60.52,60.52,13/02/2024 16:00
2024,2,13,17,66.5,66.5,13/02/2024 17:00
2024,2,13,18,68.61,68.61,13/02/2024 18:00
2024,2,13,19,87.92,87.92,13/02/2024 19:00
2024,2,13,20,91.81,91.81,13/02/2024 20:00
2024,2,13,21,82.14,82.14,13/02/2024 21:00
2024,2,13,22,73.17,73.17,13/02/2024 22:00
2024,2,13,23,69.18,69.18,13/02/2024 23:00
2024,2,13,24,65,65,14/02/2024 0:00
2024,2,14,1,60.63,60.63,14/02/2024 1:00
2024,2,14,2,59.34,59.34,14/02/2024 2:00
2024,2,14,3,55.76,55.76,14/02/2024 3:00
2024,2,14,4,54.79,54.79,14/02/2024 4:00
2024,2,14,5,55.06,55.06,14/02/2024 5:00
2024,2,14,6,59.21,59.21,14/02/2024 6:00
2024,2,14,7,64.95,64.95,14/02/2024 7:00
2024,2,14,8,66.94,74.28,14/02/2024 8:00
2024,2,14,9,70.5,80.56,14/02/2024 9:00
2024,2,14,10,69.65,69.65,14/02/2024 10:00
2024,2,14,11,59.87,59.87,14/02/2024 11:00
2024,2,14,12,47,47,14/02/2024 12:00
2024,2,14,13,46.1,46.1,14/02/2024 13:00
2024,2,14,14,41.1,41.1,14/02/2024 14:00
2024,2,14,15,39.88,39.88,14/02/2024 15:00
2024,2,14,16,40,40,14/02/2024 16:00
2024,2,14,17,43,43,14/02/2024 17:00
2024,2,14,18,59.93,59.93,14/02/2024 18:00
2024,2,14,19,65,65,14/02/2024 19:00
2024,2,14,20,81.71,85.16,14/02/2024 20:00
2024,2,14,21,77.1,77.1,14/02/2024 21:00
2024,2,14,22,69.59,69.59,14/02/2024 22:00
2024,2,14,23,61.77,61.77,14/02/2024 23:00
2024,2,14,24,59.93,59.93,15/02/2024 0:00
2024,2,15,1,50.5,50.5,15/02/2024 1:00
2024,2,15,2,39.88,39.88,15/02/2024 2:00
2024,2,15,3,36.37,36.37,15/02/2024 3:00
2024,2,15,4,36.37,36.37,15/02/2024 4:00
2024,2,15,5,36.6,36.6,15/02/2024 5:00
2024,2,15,6,36.87,36.87,15/02/2024 6:00
2024,2,15,7,47,47,15/02/2024 7:00
2024,2,15,8,60,62.53,15/02/2024 8:00
2024,2,15,9,62.53,62.53,15/02/2024 9:00
2024,2,15,10,59.93,59.93,15/02/2024 10:00
2024,2,15,11,54.79,54.79,15/02/2024 11:00
2024,2,15,12,55.99,55.99,15/02/2024 12:00
2024,2,15,13,52.65,52.65,15/02/2024 13:00
2024,2,15,14,48.01,48.01,15/02/2024 14:00
2024,2,15,15,45.56,45.56,15/02/2024 15:00
2024,2,15,16,46.89,46.89,15/02/2024 16:00
2024,2,15,17,45.39,45.39,15/02/2024 17:00
2024,2,15,18,49,49,15/02/2024 18:00
2024,2,15,19,59.5,59.5,15/02/2024 19:00
2024,2,15,20,64.44,64.44,15/02/2024 20:00
2024,2,15,21,63.29,63.29,15/02/2024 21:00
2024,2,15,22,60,60,15/02/2024 22:00
2024,2,15,23,59.5,59.5,15/02/2024 23:00
2024,2,15,24,55.68,55.68,16/02/2024 0:00
2024,2,16,1,51.76,51.76,16/02/2024 1:00
2024,2,16,2,51.08,51.08,16/02/2024 2:00
2024,2,16,3,49.92,49.92,16/02/2024 3:00
2024,2,16,4,47.06,47.06,16/02/2024 4:00
2024,2,16,5,42,42,16/02/2024 5:00
2024,2,16,6,46,46,16/02/2024 6:00
2024,2,16,7,51.57,51.57,16/02/2024 7:00
2024,2,16,8,60.5,60.5,16/02/2024 8:00
2024,2,16,9,65.94,66.06,16/02/2024 9:00
2024,2,16,10,59,59,16/02/2024 10:00
2024,2,16,11,48.73,48.73,16/02/2024 11:00
2024,2,16,12,47.06,47.06,16/02/2024 12:00
2024,2,16,13,42.1,42.1,16/02/2024 13:00
2024,2,16,14,44.2,44.2,16/02/2024 14:00
2024,2,16,15,42.1,42.1,16/02/2024 15:00
2024,2,16,16,42.1,42.1,16/02/2024 16:00
2024,2,16,17,47.06,47.06,16/02/2024 17:00
2024,2,16,18,52.08,52.08,16/02/2024 18:00
2024,2,16,19,63.22,63.22,16/02/2024 19:00
2024,2,16,20,77.93,77.93,16/02/2024 20:00
2024,2,16,21,73.09,73.09,16/02/2024 21:00
2024,2,16,22,69.66,69.66,16/02/2024 22:00
2024,2,16,23,65.94,65.94,16/02/2024 23:00
2024,2,16,24,61.6,61.6,17/02/2024 0:00
2024,2,17,1,46.8,46.8,17/02/2024 1:00
2024,2,17,2,46,46,17/02/2024 2:00
2024,2,17,3,46,46,17/02/2024 3:00
2024,2,17,4,45,45,17/02/2024 4:00
2024,2,17,5,45,45,17/02/2024 5:00
2024,2,17,6,44.23,44.23,17/02/2024 6:00
2024,2,17,7,44.23,44.23,17/02/2024 7:00
2024,2,17,8,45.27,45.27,17/02/2024 8:00
2024,2,17,9,46.34,46.34,17/02/2024 9:00
2024,2,17,10,44.5,44.5,17/02/2024 10:00
2024,2,17,11,40,40,17/02/2024 11:00
2024,2,17,12,35,35,17/02/2024 12:00
2024,2,17,13,33.2,33.2,17/02/2024 13:00
2024,2,17,14,33.5,33.5,17/02/2024 14:00
2024,2,17,15,32.4,32.4,17/02/2024 15:00
2024,2,17,16,30.7,30.7,17/02/2024 16:00
2024,2,17,17,33.5,33.5,17/02/2024 17:00
2024,2,17,18,45.27,45.27,17/02/2024 18:00
2024,2,17,19,65.68,65.68,17/02/2024 19:00
2024,2,17,20,82.93,82.93,17/02/2024 20:00
2024,2,17,21,75.03,75.03,17/02/2024 21:00
2024,2,17,22,70.75,70.75,17/02/2024 22:00
2024,2,17,23,68.2,68.2,17/02/2024 23:00
2024,2,17,24,69.11,69.11,18/02/2024 0:00
2024,2,18,1,59.98,59.98,18/02/2024 1:00
2024,2,18,2,54.81,54.81,18/02/2024 2:00
2024,2,18,3,51.05,51.05,18/02/2024 3:00
2024,2,18,4,49.16,49.16,18/02/2024 4:00
2024,2,18,5,47.72,47.72,18/02/2024 5:00
2024,2,18,6,48.47,48.47,18/02/2024 6:00
2024,2,18,7,46.02,46.02,18/02/2024 7:00
2024,2,18,8,48.97,48.97,18/02/2024 8:00
2024,2,18,9,47.28,47.28,18/02/2024 9:00
2024,2,18,10,43.03,43.03,18/02/2024 10:00
2024,2,18,11,40,40,18/02/2024 11:00
2024,2,18,12,35.6,35.6,18/02/2024 12:00
2024,2,18,13,34.8,34.8,18/02/2024 13:00
2024,2,18,14,33.5,33.5,18/02/2024 14:00
2024,2,18,15,33.2,33.2,18/02/2024 15:00
2024,2,18,16,30.18,30.18,18/02/2024 16:00
2024,2,18,17,32.2,32.2,18/02/2024 17:00
2024,2,18,18,41.2,41.2,18/02/2024 18:00
2024,2,18,19,51.96,51.96,18/02/2024 19:00
2024,2,18,20,63.91,63.91,18/02/2024 20:00
2024,2,18,21,64.71,64.71,18/02/2024 21:00
2024,2,18,22,59.83,59.83,18/02/2024 22:00
2024,2,18,23,57.33,57.33,18/02/2024 23:00
2024,2,18,24,53.94,53.94,19/02/2024 0:00
2024,2,19,1,44,44,19/02/2024 1:00
2024,2,19,2,44.33,44.33,19/02/2024 2:00
2024,2,19,3,44.63,44.63,19/02/2024 3:00
2024,2,19,4,43.91,43.91,19/02/2024 4:00
2024,2,19,5,43.67,43.67,19/02/2024 5:00
2024,2,19,6,41.5,41.5,19/02/2024 6:00
2024,2,19,7,44,44,19/02/2024 7:00
2024,2,19,8,55,55,19/02/2024 8:00
2024,2,19,9,59.04,59.04,19/02/2024 9:00
2024,2,19,10,44,44,19/02/2024 10:00
2024,2,19,11,39.5,39.5,19/02/2024 11:00
2024,2,19,12,31.23,31.23,19/02/2024 12:00
2024,2,19,13,30.6,30.6,19/02/2024 13:00
2024,2,19,14,30.6,30.6,19/02/2024 14:00
2024,2,19,15,30,30,19/02/2024 15:00
2024,2,19,16,27.79,27.79,19/02/2024 16:00
2024,2,19,17,31.23,31.23,19/02/2024 17:00
2024,2,19,18,43.22,43.22,19/02/2024 18:00
2024,2,19,19,53.52,53.52,19/02/2024 19:00
2024,2,19,20,66.28,66.28,19/02/2024 20:00
2024,2,19,21,72.26,72.26,19/02/2024 21:00
2024,2,19,22,65.22,65.22,19/02/2024 22:00
2024,2,19,23,54.1,54.1,19/02/2024 23:00
2024,2,19,24,53.52,53.52,20/02/2024 0:00
2024,2,20,1,43.74,43.74,20/02/2024 1:00
2024,2,20,2,41.43,41.43,20/02/2024 2:00
2024,2,20,3,37.88,37.88,20/02/2024 3:00
2024,2,20,4,37,37,20/02/2024 4:00
2024,2,20,5,38,38,20/02/2024 5:00
2024,2,20,6,41,41,20/02/2024 6:00
2024,2,20,7,47.96,47.96,20/02/2024 7:00
2024,2,20,8,55,61,20/02/2024 8:00
2024,2,20,9,56.28,56.28,20/02/2024 9:00
2024,2,20,10,47.67,47.67,20/02/2024 10:00
2024,2,20,11,32.2,32.2,20/02/2024 11:00
2024,2,20,12,28.6,28.6,20/02/2024 12:00
2024,2,20,13,28.76,28.76,20/02/2024 13:00
2024,2,20,14,28.76,28.76,20/02/2024 14:00
2024,2,20,15,28.6,28.6,20/02/2024 15:00
2024,2,20,16,29.68,29.68,20/02/2024 16:00
2024,2,20,17,30.62,30.62,20/02/2024 17:00
2024,2,20,18,43.06,43.06,20/02/2024 18:00
2024,2,20,19,72.64,72.64,20/02/2024 19:00
2024,2,20,20,75.44,75.44,20/02/2024 20:00
2024,2,20,21,181,181,20/02/2024 21:00
2024,2,20,22,119.47,119.47,20/02/2024 22:00
2024,2,20,23,63.16,63.16,20/02/2024 23:00
2024,2,20,24,54.76,54.76,21/02/2024 0:00
2024,2,21,1,52.84,52.84,21/02/2024 1:00
2024,2,21,2,49.5,49.5,21/02/2024 2:00
2024,2,21,3,46.99,46.99,21/02/2024 3:00
2024,2,21,4,44.95,44.95,21/02/2024 4:00
2024,2,21,5,45.68,45.68,21/02/2024 5:00
2024,2,21,6,50.35,50.35,21/02/2024 6:00
2024,2,21,7,50.98,50.98,21/02/2024 7:00
2024,2,21,8,60.82,69.6,21/02/2024 8:00
2024,2,21,9,76.7,76.7,21/02/2024 9:00
2024,2,21,10,48.77,48.77,21/02/2024 10:00
2024,2,21,11,35,35,21/02/2024 11:00
2024,2,21,12,32.72,32.72,21/02/2024 12:00
2024,2,21,13,33.2,33.2,21/02/2024 13:00
2024,2,21,14,30,30,21/02/2024 14:00
2024,2,21,15,28.6,28.6,21/02/2024 15:00
2024,2,21,16,28.6,28.6,21/02/2024 16:00
2024,2,21,17,32,32,21/02/2024 17:00
2024,2,21,18,36,36,21/02/2024 18:00
2024,2,21,19,47.67,47.67,21/02/2024 19:00
2024,2,21,20,63.47,63.47,21/02/2024 20:00
2024,2,21,21,54.76,54.76,21/02/2024 21:00
2024,2,21,22,47.91,47.91,21/02/2024 22:00
2024,2,21,23,43.76,43.76,21/02/2024 23:00
2024,2,21,24,37.14,37.14,22/02/2024 0:00
2024,2,22,1,22.73,22.73,22/02/2024 1:00
2024,2,22,2,16.29,16.29,22/02/2024 2:00
2024,2,22,3,14,14,22/02/2024 3:00
2024,2,22,4,14,14,22/02/2024 4:00
2024,2,22,5,11.27,11.27,22/02/2024 5:00
2024,2,22,6,11.27,11.27,22/02/2024 6:00
2024,2,22,7,16.17,16.17,22/02/2024 7:00
2024,2,22,8,14.69,14.69,22/02/2024 8:00
2024,2,22,9,16.2,16.2,22/02/2024 9:00
2024,2,22,10,13.75,13.75,22/02/2024 10:00
2024,2,22,11,10.07,10.07,22/02/2024 11:00
2024,2,22,12,8.87,8.87,22/02/2024 12:00
2024,2,22,13,3.5,3.5,22/02/2024 13:00
2024,2,22,14,3.2,3.2,22/02/2024 14:00
2024,2,22,15,3.2,3.2,22/02/2024 15:00
2024,2,22,16,3.2,3.2,22/02/2024 16:00
2024,2,22,17,5,5,22/02/2024 17:00
2024,2,22,18,9,9,22/02/2024 18:00
2024,2,22,19,10.07,10.07,22/02/2024 19:00
2024,2,22,20,9.99,9.99,22/02/2024 20:00
2024,2,22,21,11.8,11.8,22/02/2024 21:00
2024,2,22,22,13,13,22/02/2024 22:00
2024,2,22,23,10.07,10.07,22/02/2024 23:00
2024,2,22,24,5.67,5.67,23/02/2024 0:00
2024,2,23,1,9.57,9.57,23/02/2024 1:00
2024,2,23,2,4.09,4.09,23/02/2024 2:00
2024,2,23,3,3.2,3.2,23/02/2024 3:00
2024,2,23,4,1.83,1.83,23/02/2024 4:00
2024,2,23,5,2.58,2.58,23/02/2024 5:00
2024,2,23,6,3.2,3.2,23/02/2024 6:00
2024,2,23,7,6.8,6.8,23/02/2024 7:00
2024,2,23,8,11,11,23/02/2024 8:00
2024,2,23,9,11.22,11.22,23/02/2024 9:00
2024,2,23,10,6.8,6.8,23/02/2024 10:00
2024,2,23,11,3.2,3.2,23/02/2024 11:00
2024,2,23,12,3.2,3.2,23/02/2024 12:00
2024,2,23,13,3,3,23/02/2024 13:00
2024,2,23,14,0.43,0.43,23/02/2024 14:00
2024,2,23,15,0.01,0.01,23/02/2024 15:00
2024,2,23,16,0.01,0.01,23/02/2024 16:00
2024,2,23,17,0.43,0.43,23/02/2024 17:00
2024,2,23,18,3.2,3.2,23/02/2024 18:00
2024,2,23,19,11.17,11.17,23/02/2024 19:00
2024,2,23,20,15.1,15.1,23/02/2024 20:00
2024,2,23,21,17.15,17.15,23/02/2024 21:00
2024,2,23,22,18.36,18.36,23/02/2024 22:00
2024,2,23,23,13.94,13.94,23/02/2024 23:00
2024,2,23,24,11.69,11.69,24/02/2024 0:00
2024,2,24,1,7.41,7.41,24/02/2024 1:00
2024,2,24,2,5,5,24/02/2024 2:00
2024,2,24,3,3.2,3.2,24/02/2024 3:00
2024,2,24,4,4.2,4.2,24/02/2024 4:00
2024,2,24,5,5,5,24/02/2024 5:00
2024,2,24,6,5,5,24/02/2024 6:00
2024,2,24,7,6.2,6.2,24/02/2024 7:00
2024,2,24,8,8.18,8.18,24/02/2024 8:00
2024,2,24,9,7.41,7.41,24/02/2024 9:00
2024,2,24,10,3.7,3.7,24/02/2024 10:00
2024,2,24,11,3.2,3.2,24/02/2024 11:00
2024,2,24,12,0,0,24/02/2024 12:00
2024,2,24,13,0,0,24/02/2024 13:00
2024,2,24,14,0,0,24/02/2024 14:00
2024,2,24,15,0,0,24/02/2024 15:00
2024,2,24,16,0,0,24/02/2024 16:00
2024,2,24,17,0,0,24/02/2024 17:00
2024,2,24,18,3.2,3.2,24/02/2024 18:00
2024,2,24,19,8.22,8.22,24/02/2024 19:00
2024,2,24,20,15.83,15.83,24/02/2024 20:00
2024,2,24,21,32.37,32.37,24/02/2024 21:00
2024,2,24,22,25,25,24/02/2024 22:00
2024,2,24,23,14,14,24/02/2024 23:00
2024,2,24,24,9.48,9.48,25/02/2024 0:00
2024,2,25,1,4.3,4.3,25/02/2024 1:00
2024,2,25,2,3.2,3.2,25/02/2024 2:00
2024,2,25,3,3.2,3.2,25/02/2024 3:00
2024,2,25,4,3.2,3.2,25/02/2024 4:00
2024,2,25,5,3.2,3.2,25/02/2024 5:00
2024,2,25,6,3,3,25/02/2024 6:00
2024,2,25,7,3.2,3.2,25/02/2024 7:00
2024,2,25,8,3.2,3.2,25/02/2024 8:00
2024,2,25,9,3.2,3.2,25/02/2024 9:00
2024,2,25,10,3.2,3.2,25/02/2024 10:00
2024,2,25,11,3.2,3.2,25/02/2024 11:00
2024,2,25,12,3.2,3.2,25/02/2024 12:00
2024,2,25,13,0.43,0.43,25/02/2024 13:00
2024,2,25,14,0.43,0.43,25/02/2024 14:00
2024,2,25,15,0.43,0.43,25/02/2024 15:00
2024,2,25,16,0,0,25/02/2024 16:00
2024,2,25,17,0.01,0.01,25/02/2024 17:00
2024,2,25,18,2.33,2.33,25/02/2024 18:00
2024,2,25,19,3.3,3.3,25/02/2024 19:00
2024,2,25,20,4.82,4.82,25/02/2024 20:00
2024,2,25,21,7,7,25/02/2024 21:00
2024,2,25,22,7.2,7.2,25/02/2024 22:00
2024,2,25,23,5,5,25/02/2024 23:00
2024,2,25,24,3.2,3.2,26/02/2024 0:00
2024,2,26,1,3.2,3.2,26/02/2024 1:00
2024,2,26,2,3.2,3.2,26/02/2024 2:00
2024,2,26,3,0.1,0.1,26/02/2024 3:00
2024,2,26,4,0.1,0.1,26/02/2024 4:00
2024,2,26,5,0.1,0.1,26/02/2024 5:00
2024,2,26,6,3,3,26/02/2024 6:00
2024,2,26,7,3.2,3.2,26/02/2024 7:00
2024,2,26,8,11.24,11.24,26/02/2024 8:00
2024,2,26,9,10.5,10.5,26/02/2024 9:00
2024,2,26,10,3.35,3.35,26/02/2024 10:00
2024,2,26,11,3.2,3.2,26/02/2024 11:00
2024,2,26,12,3.2,3.2,26/02/2024 12:00
2024,2,26,13,0.43,0.43,26/02/2024 13:00
2024,2,26,14,0.43,0.43,26/02/2024 14:00
2024,2,26,15,0.01,0.01,26/02/2024 15:00
2024,2,26,16,0,0,26/02/2024 16:00
2024,2,26,17,0.2,0.2,26/02/2024 17:00
2024,2,26,18,3.2,3.2,26/02/2024 18:00
2024,2,26,19,3.21,3.21,26/02/2024 19:00
2024,2,26,20,10,10,26/02/2024 20:00
2024,2,26,21,11.75,11.75,26/02/2024 21:00
2024,2,26,22,10,10,26/02/2024 22:00
2024,2,26,23,4.7,4.7,26/02/2024 23:00
2024,2,26,24,3.3,3.3,27/02/2024 0:00
2024,2,27,1,2.58,2.58,27/02/2024 1:00
2024,2,27,2,1,1,27/02/2024 2:00
2024,2,27,3,0,0,27/02/2024 3:00
2024,2,27,4,0,0,27/02/2024 4:00
2024,2,27,5,0,0,27/02/2024 5:00
2024,2,27,6,0,0,27/02/2024 6:00
2024,2,27,7,3.2,3.2,27/02/2024 7:00
2024,2,27,8,4.38,4.38,27/02/2024 8:00
2024,2,27,9,4.8,4.8,27/02/2024 9:00
2024,2,27,10,3.2,3.2,27/02/2024 10:00
2024,2,27,11,0.43,0.43,27/02/2024 11:00
2024,2,27,12,0,0,27/02/2024 12:00
2024,2,27,13,0,0,27/02/2024 13:00
2024,2,27,14,0,0,27/02/2024 14:00
2024,2,27,15,0,0,27/02/2024 15:00
2024,2,27,16,0,0,27/02/2024 16:00
2024,2,27,17,0.43,0.43,27/02/2024 17:00
2024,2,27,18,1.8,1.8,27/02/2024 18:00
2024,2,27,19,4.51,4.51,27/02/2024 19:00
2024,2,27,20,10,10,27/02/2024 20:00
2024,2,27,21,25,25,27/02/2024 21:00
2024,2,27,22,14,14,27/02/2024 22:00
2024,2,27,23,6.56,6.56,27/02/2024 23:00
2024,2,27,24,5.83,5.83,28/02/2024 0:00
2024,2,28,1,3.2,3.2,28/02/2024 1:00
2024,2,28,2,3.2,3.2,28/02/2024 2:00
2024,2,28,3,3.2,3.2,28/02/2024 3:00
2024,2,28,4,3.2,3.2,28/02/2024 4:00
2024,2,28,5,3.2,3.2,28/02/2024 5:00
2024,2,28,6,3.2,3.2,28/02/2024 6:00
2024,2,28,7,3.2,3.2,28/02/2024 7:00
2024,2,28,8,5.68,5.68,28/02/2024 8:00
2024,2,28,9,5.9,5.9,28/02/2024 9:00
2024,2,28,10,3.2,3.2,28/02/2024 10:00
2024,2,28,11,0.43,0.43,28/02/2024 11:00
2024,2,28,12,0,0,28/02/2024 12:00
2024,2,28,13,0,0,28/02/2024 13:00
2024,2,28,14,0,0,28/02/2024 14:00
2024,2,28,15,0,0,28/02/2024 15:00
2024,2,28,16,0,0,28/02/2024 16:00
2024,2,28,17,0,0,28/02/2024 17:00
2024,2,28,18,3.2,3.2,28/02/2024 18:00
2024,2,28,19,10.54,10.54,28/02/2024 19:00
2024,2,28,20,25,25,28/02/2024 20:00
2024,2,28,21,66.96,66.96,28/02/2024 21:00
2024,2,28,22,50,50,28/02/2024 22:00
2024,2,28,23,19.71,19.71,28/02/2024 23:00
2024,2,28,24,11.29,11.29,29/02/2024 0:00
2024,3,1,1,2.17,2.17,01/03/2024 1:00
2024,3,1,2,0.5,0.5,01/03/2024 2:00
2024,3,1,3,0.2,0.2,01/03/2024 3:00
2024,3,1,4,0.1,0.1,01/03/2024 4:00
2024,3,1,5,0.01,0.01,01/03/2024 5:00
2024,3,1,6,0.5,0.5,01/03/2024 6:00
2024,3,1,7,3,3,01/03/2024 7:00
2024,3,1,8,3.25,3.25,01/03/2024 8:00
2024,3,1,9,3.25,3.25,01/03/2024 9:00
2024,3,1,10,3.2,3.2,01/03/2024 10:00
2024,3,1,11,0,0,01/03/2024 11:00
2024,3,1,12,0,0,01/03/2024 12:00
2024,3,1,13,0,0,01/03/2024 13:00
2024,3,1,14,0,0,01/03/2024 14:00
2024,3,1,15,0,0,01/03/2024 15:00
2024,3,1,16,0,0,01/03/2024 16:00
2024,3,1,17,0,0,01/03/2024 17:00
2024,3,1,18,0.84,0.84,01/03/2024 18:00
2024,3,1,19,3.25,3.25,01/03/2024 19:00
2024,3,1,20,5.68,5.68,01/03/2024 20:00
2024,3,1,21,10.1,10.1,01/03/2024 21:00
2024,3,1,22,6.48,6.48,01/03/2024 22:00
2024,3,1,23,5,5,01/03/2024 23:00
2024,3,1,24,3.8,3.8,02/03/2024 0:00
2024,3,2,1,3.2,3.2,02/03/2024 1:00
2024,3,2,2,2,2,02/03/2024 2:00
2024,3,2,3,0.5,0.5,02/03/2024 3:00
2024,3,2,4,0.01,0.01,02/03/2024 4:00
2024,3,2,5,0.01,0.01,02/03/2024 5:00
2024,3,2,6,0,0,02/03/2024 6:00
2024,3,2,7,0.1,0.1,02/03/2024 7:00
2024,3,2,8,2.1,2.1,02/03/2024 8:00
2024,3,2,9,2.17,2.17,02/03/2024 9:00
2024,3,2,10,2.05,2.05,02/03/2024 10:00
2024,3,2,11,1.68,1.68,02/03/2024 11:00
2024,3,2,12,0.01,0.01,02/03/2024 12:00
2024,3,2,13,0,0,02/03/2024 13:00
2024,3,2,14,0.01,0.01,02/03/2024 14:00
2024,3,2,15,0.01,0.01,02/03/2024 15:00
2024,3,2,16,0.01,0.01,02/03/2024 16:00
2024,3,2,17,1.02,1.02,02/03/2024 17:00
2024,3,2,18,2.1,2.1,02/03/2024 18:00
2024,3,2,19,3.2,3.2,02/03/2024 19:00
2024,3,2,20,8.12,8.12,02/03/2024 20:00
2024,3,2,21,30.37,31.25,02/03/2024 21:00
2024,3,2,22,30.6,30.6,02/03/2024 22:00
2024,3,2,23,5.6,5.6,02/03/2024 23:00
2024,3,2,24,4.2,4.2,03/03/2024 0:00
2024,3,3,1,1.8,1.8,03/03/2024 1:00
2024,3,3,2,0.1,0.1,03/03/2024 2:00
2024,3,3,3,0,0,03/03/2024 3:00
2024,3,3,4,0,0,03/03/2024 4:00
2024,3,3,5,0,0,03/03/2024 5:00
2024,3,3,6,0,0,03/03/2024 6:00
2024,3,3,7,0.01,0.01,03/03/2024 7:00
2024,3,3,8,0.19,0.19,03/03/2024 8:00
2024,3,3,9,0,0,03/03/2024 9:00
2024,3,3,10,0,0,03/03/2024 10:00
2024,3,3,11,0,0,03/03/2024 11:00
2024,3,3,12,0,0,03/03/2024 12:00
2024,3,3,13,0,0,03/03/2024 13:00
2024,3,3,14,0,0,03/03/2024 14:00
2024,3,3,15,0,0,03/03/2024 15:00
2024,3,3,16,0,0,03/03/2024 16:00
2024,3,3,17,0,0,03/03/2024 17:00
2024,3,3,18,0,0,03/03/2024 18:00
2024,3,3,19,2.06,2.06,03/03/2024 19:00
2024,3,3,20,7.98,7.98,03/03/2024 20:00
2024,3,3,21,29.6,29.6,03/03/2024 21:00
2024,3,3,22,30.6,30.6,03/03/2024 22:00
2024,3,3,23,14,14,03/03/2024 23:00
2024,3,3,24,4.6,4.6,04/03/2024 0:00
2024,3,4,1,6,6,04/03/2024 1:00
2024,3,4,2,3.2,3.2,04/03/2024 2:00
2024,3,4,3,3.2,3.2,04/03/2024 3:00
2024,3,4,4,3.2,3.2,04/03/2024 4:00
2024,3,4,5,3.19,3.19,04/03/2024 5:00
2024,3,4,6,3.2,3.2,04/03/2024 6:00
2024,3,4,7,3.2,3.2,04/03/2024 7:00
2024,3,4,8,7.2,20,04/03/2024 8:00
2024,3,4,9,8.12,25,04/03/2024 9:00
2024,3,4,10,8.66,15,04/03/2024 10:00
2024,3,4,11,7.6,7.6,04/03/2024 11:00
2024,3,4,12,3.2,3.2,04/03/2024 12:00
2024,3,4,13,3.2,3.2,04/03/2024 13:00
2024,3,4,14,2.91,2.91,04/03/2024 14:00
2024,3,4,15,1.68,1.68,04/03/2024 15:00
2024,3,4,16,1,1,04/03/2024 16:00
2024,3,4,17,2.33,2.33,04/03/2024 17:00
2024,3,4,18,3.2,3.2,04/03/2024 18:00
2024,3,4,19,5,5,04/03/2024 19:00
2024,3,4,20,14,14,04/03/2024 20:00
2024,3,4,21,25,25,04/03/2024 21:00
2024,3,4,22,17.98,17.98,04/03/2024 22:00
2024,3,4,23,12.5,12.5,04/03/2024 23:00
2024,3,4,24,6.1,6.1,05/03/2024 0:00
2024,3,5,1,7.36,7.36,05/03/2024 1:00
2024,3,5,2,4.66,4.66,05/03/2024 2:00
2024,3,5,3,4.66,4.66,05/03/2024 3:00
2024,3,5,4,5,5,05/03/2024 4:00
2024,3,5,5,6,6,05/03/2024 5:00
2024,3,5,6,8.23,8.23,05/03/2024 6:00
2024,3,5,7,24.1,24.1,05/03/2024 7:00
2024,3,5,8,35,50.01,05/03/2024 8:00
2024,3,5,9,61.45,61.45,05/03/2024 9:00
2024,3,5,10,17.63,17.63,05/03/2024 10:00
2024,3,5,11,8,8,05/03/2024 11:00
2024,3,5,12,4.6,4.6,05/03/2024 12:00
2024,3,5,13,4,4,05/03/2024 13:00
2024,3,5,14,3.9,3.9,05/03/2024 14:00
2024,3,5,15,3.9,3.9,05/03/2024 15:00
2024,3,5,16,4,4,05/03/2024 16:00
2024,3,5,17,5.83,5.83,05/03/2024 17:00
2024,3,5,18,17,17,05/03/2024 18:00
2024,3,5,19,50.51,50.51,05/03/2024 19:00
2024,3,5,20,125.17,125.17,05/03/2024 20:00
2024,3,5,21,129.47,129.47,05/03/2024 21:00
2024,3,5,22,99.12,99.12,05/03/2024 22:00
2024,3,5,23,85.41,85.41,05/03/2024 23:00
2024,3,5,24,72.86,72.86,06/03/2024 0:00
2024,3,6,1,71,71,06/03/2024 1:00
2024,3,6,2,50.5,50.5,06/03/2024 2:00
2024,3,6,3,50.51,50.51,06/03/2024 3:00
2024,3,6,4,50.01,50.01,06/03/2024 4:00
2024,3,6,5,41.64,41.64,06/03/2024 5:00
2024,3,6,6,50.01,50.01,06/03/2024 6:00
2024,3,6,7,50.68,65.68,06/03/2024 7:00
2024,3,6,8,106.64,106.64,06/03/2024 8:00
2024,3,6,9,108.7,108.7,06/03/2024 9:00
2024,3,6,10,25,25,06/03/2024 10:00
2024,3,6,11,14.24,14.24,06/03/2024 11:00
2024,3,6,12,5.96,5.96,06/03/2024 12:00
2024,3,6,13,4.07,4.07,06/03/2024 13:00
2024,3,6,14,3.9,3.9,06/03/2024 14:00
2024,3,6,15,3.87,3.87,06/03/2024 15:00
2024,3,6,16,3.9,3.9,06/03/2024 16:00
2024,3,6,17,5.87,5.87,06/03/2024 17:00
2024,3,6,18,18.75,18.75,06/03/2024 18:00
2024,3,6,19,29.6,41.64,06/03/2024 19:00
2024,3,6,20,50.48,119.27,06/03/2024 20:00
2024,3,6,21,93.74,103.75,06/03/2024 21:00
2024,3,6,22,49.31,80.15,06/03/2024 22:00
2024,3,6,23,29.07,54.46,06/03/2024 23:00
2024,3,6,24,21.66,23.67,07/03/2024 0:00
2024,3,7,1,14.13,14.13,07/03/2024 1:00
2024,3,7,2,4.89,4.89,07/03/2024 2:00
2024,3,7,3,3.51,3.51,07/03/2024 3:00
2024,3,7,4,3.2,3.2,07/03/2024 4:00
2024,3,7,5,3.2,3.2,07/03/2024 5:00
2024,3,7,6,3.2,3.2,07/03/2024 6:00
2024,3,7,7,4.89,4.89,07/03/2024 7:00
2024,3,7,8,14,14,07/03/2024 8:00
2024,3,7,9,17,17,07/03/2024 9:00
2024,3,7,10,5.7,5.7,07/03/2024 10:00
2024,3,7,11,3.9,3.9,07/03/2024 11:00
2024,3,7,12,3.2,3.2,07/03/2024 12:00
2024,3,7,13,2,2,07/03/2024 13:00
2024,3,7,14,0.43,0.43,07/03/2024 14:00
2024,3,7,15,0.43,0.43,07/03/2024 15:00
2024,3,7,16,0.43,0.43,07/03/2024 16:00
2024,3,7,17,0.76,0.76,07/03/2024 17:00
2024,3,7,18,3.2,3.2,07/03/2024 18:00
2024,3,7,19,5.48,5.48,07/03/2024 19:00
2024,3,7,20,24.67,24.67,07/03/2024 20:00
2024,3,7,21,35,35,07/03/2024 21:00
2024,3,7,22,30,30,07/03/2024 22:00
2024,3,7,23,16,16,07/03/2024 23:00
2024,3,7,24,5.33,5.33,08/03/2024 0:00
2024,3,8,1,3.2,3.2,08/03/2024 1:00
2024,3,8,2,0.59,0.59,08/03/2024 2:00
2024,3,8,3,0.35,0.35,08/03/2024 3:00
2024,3,8,4,0.05,0.05,08/03/2024 4:00
2024,3,8,5,0.01,0.01,08/03/2024 5:00
2024,3,8,6,0.13,0.13,08/03/2024 6:00
2024,3,8,7,1.5,3.2,08/03/2024 7:00
2024,3,8,8,4,4,08/03/2024 8:00
2024,3,8,9,4,4,08/03/2024 9:00
2024,3,8,10,3.2,3.2,08/03/2024 10:00
2024,3,8,11,0.43,0.43,08/03/2024 11:00
2024,3,8,12,0,0,08/03/2024 12:00
2024,3,8,13,0,0,08/03/2024 13:00
2024,3,8,14,0,0,08/03/2024 14:00
2024,3,8,15,0,0,08/03/2024 15:00
2024,3,8,16,0,0,08/03/2024 16:00
2024,3,8,17,0,0,08/03/2024 17:00
2024,3,8,18,2.41,2.41,08/03/2024 18:00
2024,3,8,19,1.59,1.59,08/03/2024 19:00
2024,3,8,20,3.2,3.2,08/03/2024 20:00
2024,3,8,21,5.98,5.98,08/03/2024 21:00
2024,3,8,22,4,4,08/03/2024 22:00
2024,3,8,23,3.2,3.2,08/03/2024 23:00
2024,3,8,24,0.43,0.43,09/03/2024 0:00
2024,3,9,1,0.01,0.01,09/03/2024 1:00
2024,3,9,2,0,0,09/03/2024 2:00
2024,3,9,3,0,0,09/03/2024 3:00
2024,3,9,4,0,0,09/03/2024 4:00
2024,3,9,5,0,0,09/03/2024 5:00
2024,3,9,6,0,0,09/03/2024 6:00
2024,3,9,7,0,0,09/03/2024 7:00
2024,3,9,8,0,0,09/03/2024 8:00
2024,3,9,9,0.01,0.01,09/03/2024 9:00
2024,3,9,10,0.13,0.13,09/03/2024 10:00
2024,3,9,11,0.43,0.43,09/03/2024 11:00
2024,3,9,12,0.1,0.1,09/03/2024 12:00
2024,3,9,13,0,0,09/03/2024 13:00
2024,3,9,14,0,0,09/03/2024 14:00
2024,3,9,15,0,0,09/03/2024 15:00
2024,3,9,16,0,0,09/03/2024 16:00
2024,3,9,17,0,0,09/03/2024 17:00
2024,3,9,18,0,0,09/03/2024 18:00
2024,3,9,19,0.2,0.2,09/03/2024 19:00
2024,3,9,20,3.2,3.2,09/03/2024 20:00
2024,3,9,21,3.5,3.5,09/03/2024 21:00
2024,3,9,22,3.2,3.2,09/03/2024 22:00
2024,3,9,23,3.2,3.2,09/03/2024 23:00
2024,3,9,24,0.2,0.2,10/03/2024 0:00
2024,3,10,1,0,0,10/03/2024 1:00
2024,3,10,2,0,0,10/03/2024 2:00
2024,3,10,3,0,0,10/03/2024 3:00
2024,3,10,4,0,0,10/03/2024 4:00
2024,3,10,5,0,0,10/03/2024 5:00
2024,3,10,6,0,0,10/03/2024 6:00
2024,3,10,7,0,0,10/03/2024 7:00
2024,3,10,8,0,0,10/03/2024 8:00
2024,3,10,9,0,0,10/03/2024 9:00
2024,3,10,10,0,0,10/03/2024 10:00
2024,3,10,11,0,0,10/03/2024 11:00
2024,3,10,12,0,0,10/03/2024 12:00
2024,3,10,13,0,0,10/03/2024 13:00
2024,3,10,14,0,0,10/03/2024 14:00
2024,3,10,15,0,0,10/03/2024 15:00
2024,3,10,16,0,0,10/03/2024 16:00
2024,3,10,17,0,0,10/03/2024 17:00
2024,3,10,18,0,0,10/03/2024 18:00
2024,3,10,19,0,0,10/03/2024 19:00
2024,3,10,20,3.19,3.19,10/03/2024 20:00
2024,3,10,21,3.2,3.2,10/03/2024 21:00
2024,3,10,22,3.2,3.2,10/03/2024 22:00
2024,3,10,23,3.2,3.2,10/03/2024 23:00
2024,3,10,24,0.1,0.1,11/03/2024 0:00
2024,3,11,1,0.1,0.1,11/03/2024 1:00
2024,3,11,2,0,0,11/03/2024 2:00
2024,3,11,3,0,0,11/03/2024 3:00
2024,3,11,4,0,0,11/03/2024 4:00
2024,3,11,5,0,0,11/03/2024 5:00
2024,3,11,6,0,0,11/03/2024 6:00
2024,3,11,7,1.68,1.68,11/03/2024 7:00
2024,3,11,8,4.97,4.97,11/03/2024 8:00
2024,3,11,9,3.2,3.2,11/03/2024 9:00
2024,3,11,10,0.01,0.01,11/03/2024 10:00
2024,3,11,11,0,0,11/03/2024 11:00
2024,3,11,12,0,0,11/03/2024 12:00
2024,3,11,13,0,0,11/03/2024 13:00
2024,3,11,14,0,0,11/03/2024 14:00
2024,3,11,15,0,0,11/03/2024 15:00
2024,3,11,16,0,0,11/03/2024 16:00
2024,3,11,17,0,0,11/03/2024 17:00
2024,3,11,18,0,0,11/03/2024 18:00
2024,3,11,19,5.51,5.51,11/03/2024 19:00
2024,3,11,20,70,70,11/03/2024 20:00
2024,3,11,21,87.97,87.97,11/03/2024 21:00
2024,3,11,22,76.64,76.64,11/03/2024 22:00
2024,3,11,23,75,75,11/03/2024 23:00
2024,3,11,24,26.1,26.1,12/03/2024 0:00
2024,3,12,1,35,35,12/03/2024 1:00
2024,3,12,2,27.3,27.3,12/03/2024 2:00
2024,3,12,3,25,25,12/03/2024 3:00
2024,3,12,4,24.6,24.6,12/03/2024 4:00
2024,3,12,5,25,25,12/03/2024 5:00
2024,3,12,6,25,25,12/03/2024 6:00
2024,3,12,7,24.8,60.02,12/03/2024 7:00
2024,3,12,8,38,89.8,12/03/2024 8:00
2024,3,12,9,38,75,12/03/2024 9:00
2024,3,12,10,20,20,12/03/2024 10:00
2024,3,12,11,0.5,0.5,12/03/2024 11:00
2024,3,12,12,0.43,0.43,12/03/2024 12:00
2024,3,12,13,0.15,0.15,12/03/2024 13:00
2024,3,12,14,0.1,0.1,12/03/2024 14:00
2024,3,12,15,0.1,0.1,12/03/2024 15:00
2024,3,12,16,0.42,0.42,12/03/2024 16:00
2024,3,12,17,3,3,12/03/2024 17:00
2024,3,12,18,20.1,20.1,12/03/2024 18:00
2024,3,12,19,60.02,60.02,12/03/2024 19:00
2024,3,12,20,98.99,98.99,12/03/2024 20:00
2024,3,12,21,173.82,173.82,12/03/2024 21:00
2024,3,12,22,117.9,117.9,12/03/2024 22:00
2024,3,12,23,70.54,70.54,12/03/2024 23:00
2024,3,12,24,41.24,61.99,13/03/2024 0:00
2024,3,13,1,32.89,55.09,13/03/2024 1:00
2024,3,13,2,30,35,13/03/2024 2:00
2024,3,13,3,25.33,26.1,13/03/2024 3:00
2024,3,13,4,22.41,24.1,13/03/2024 4:00
2024,3,13,5,24.74,24.74,13/03/2024 5:00
2024,3,13,6,21,25.11,13/03/2024 6:00
2024,3,13,7,22,57.54,13/03/2024 7:00
2024,3,13,8,42.1,88.03,13/03/2024 8:00
2024,3,13,9,57.56,86.74,13/03/2024 9:00
2024,3,13,10,22.08,22.08,13/03/2024 10:00
2024,3,13,11,10,10,13/03/2024 11:00
2024,3,13,12,3.2,3.2,13/03/2024 12:00
2024,3,13,13,3,3,13/03/2024 13:00
2024,3,13,14,2.3,2.3,13/03/2024 14:00
2024,3,13,15,2.01,2.01,13/03/2024 15:00
2024,3,13,16,2.3,2.3,13/03/2024 16:00
2024,3,13,17,3.2,3.2,13/03/2024 17:00
2024,3,13,18,21.62,21.62,13/03/2024 18:00
2024,3,13,19,76.41,76.41,13/03/2024 19:00
2024,3,13,20,98.78,98.78,13/03/2024 20:00
2024,3,13,21,134.32,134.32,13/03/2024 21:00
2024,3,13,22,89.05,89.05,13/03/2024 22:00
2024,3,13,23,68.26,68.26,13/03/2024 23:00
2024,3,13,24,57.56,57.56,14/03/2024 0:00
2024,3,14,1,37.48,37.48,14/03/2024 1:00
2024,3,14,2,31.05,31.05,14/03/2024 2:00
2024,3,14,3,26.1,26.1,14/03/2024 3:00
2024,3,14,4,24.6,24.6,14/03/2024 4:00
2024,3,14,5,24.6,24.6,14/03/2024 5:00
2024,3,14,6,31.05,31.05,14/03/2024 6:00
2024,3,14,7,31.57,36.83,14/03/2024 7:00
2024,3,14,8,32.2,87.85,14/03/2024 8:00
2024,3,14,9,62.2,70,14/03/2024 9:00
2024,3,14,10,35,35,14/03/2024 10:00
2024,3,14,11,31.05,31.05,14/03/2024 11:00
2024,3,14,12,12,12,14/03/2024 12:00
2024,3,14,13,10.2,10.2,14/03/2024 13:00
2024,3,14,14,9.14,9.14,14/03/2024 14:00
2024,3,14,15,3.5,3.5,14/03/2024 15:00
2024,3,14,16,3.2,3.2,14/03/2024 16:00
2024,3,14,17,9.14,9.14,14/03/2024 17:00
2024,3,14,18,21.71,21.71,14/03/2024 18:00
2024,3,14,19,35,35,14/03/2024 19:00
2024,3,14,20,78.25,85.82,14/03/2024 20:00
2024,3,14,21,78.25,78.25,14/03/2024 21:00
2024,3,14,22,62.8,62.8,14/03/2024 22:00
2024,3,14,23,59.91,59.91,14/03/2024 23:00
2024,3,14,24,37.48,37.48,15/03/2024 0:00
2024,3,15,1,34.97,34.97,15/03/2024 1:00
2024,3,15,2,27.2,27.2,15/03/2024 2:00
2024,3,15,3,24.1,24.1,15/03/2024 3:00
2024,3,15,4,23.6,23.6,15/03/2024 4:00
2024,3,15,5,20.89,20.89,15/03/2024 5:00
2024,3,15,6,24.1,24.1,15/03/2024 6:00
2024,3,15,7,33.26,33.26,15/03/2024 7:00
2024,3,15,8,51.92,51.92,15/03/2024 8:00
2024,3,15,9,40.33,40.33,15/03/2024 9:00
2024,3,15,10,24.1,24.1,15/03/2024 10:00
2024,3,15,11,15.35,15.35,15/03/2024 11:00
2024,3,15,12,15.05,15.05,15/03/2024 12:00
2024,3,15,13,12.43,12.43,15/03/2024 13:00
2024,3,15,14,10.95,10.95,15/03/2024 14:00
2024,3,15,15,10.55,10.55,15/03/2024 15:00
2024,3,15,16,10.55,10.55,15/03/2024 16:00
2024,3,15,17,15.15,15.15,15/03/2024 17:00
2024,3,15,18,25,25,15/03/2024 18:00
2024,3,15,19,40,40,15/03/2024 19:00
2024,3,15,20,88.01,88.01,15/03/2024 20:00
2024,3,15,21,123.58,123.58,15/03/2024 21:00
2024,3,15,22,110,110,15/03/2024 22:00
2024,3,15,23,74.9,74.9,15/03/2024 23:00
2024,3,15,24,49.59,49.59,16/03/2024 0:00
2024,3,16,1,45.18,45.18,16/03/2024 1:00
2024,3,16,2,42.31,42.31,16/03/2024 2:00
2024,3,16,3,37.99,37.99,16/03/2024 3:00
2024,3,16,4,35.58,35.58,16/03/2024 4:00
2024,3,16,5,35,35,16/03/2024 5:00
2024,3,16,6,34.97,41.17,16/03/2024 6:00
2024,3,16,7,42.45,48.28,16/03/2024 7:00
2024,3,16,8,37.45,37.45,16/03/2024 8:00
2024,3,16,9,26.45,26.45,16/03/2024 9:00
2024,3,16,10,14.77,14.77,16/03/2024 10:00
2024,3,16,11,10.5,10.5,16/03/2024 11:00
2024,3,16,12,5.42,5.42,16/03/2024 12:00
2024,3,16,13,3.2,3.2,16/03/2024 13:00
2024,3,16,14,3.2,3.2,16/03/2024 14:00
2024,3,16,15,1,1,16/03/2024 15:00
2024,3,16,16,0.43,0.43,16/03/2024 16:00
2024,3,16,17,4.25,4.25,16/03/2024 17:00
2024,3,16,18,13.45,13.45,16/03/2024 18:00
2024,3,16,19,30,30,16/03/2024 19:00
2024,3,16,20,65.3,80.5,16/03/2024 20:00
2024,3,16,21,82.61,82.61,16/03/2024 21:00
2024,3,16,22,73.35,73.35,16/03/2024 22:00
2024,3,16,23,51.06,51.06,16/03/2024 23:00
2024,3,16,24,35.58,35.58,17/03/2024 0:00
2024,3,17,1,35,35,17/03/2024 1:00
2024,3,17,2,30,30,17/03/2024 2:00
2024,3,17,3,25.15,25.15,17/03/2024 3:00
2024,3,17,4,25.15,25.15,17/03/2024 4:00
2024,3,17,5,25.15,25.15,17/03/2024 5:00
2024,3,17,6,25,25,17/03/2024 6:00
2024,3,17,7,21.45,21.45,17/03/2024 7:00
2024,3,17,8,24,24,17/03/2024 8:00
2024,3,17,9,11.25,11.25,17/03/2024 9:00
2024,3,17,10,11.34,11.34,17/03/2024 10:00
2024,3,17,11,9.72,9.72,17/03/2024 11:00
2024,3,17,12,0.43,0.43,17/03/2024 12:00
2024,3,17,13,0.43,0.43,17/03/2024 13:00
2024,3,17,14,0.43,0.43,17/03/2024 14:00
2024,3,17,15,0.43,0.43,17/03/2024 15:00
2024,3,17,16,0.43,0.43,17/03/2024 16:00
2024,3,17,17,9.72,9.72,17/03/2024 17:00
2024,3,17,18,14.95,14.95,17/03/2024 18:00
2024,3,17,19,35,35,17/03/2024 19:00
2024,3,17,20,79.06,79.96,17/03/2024 20:00
2024,3,17,21,77.89,77.89,17/03/2024 21:00
2024,3,17,22,72.33,72.33,17/03/2024 22:00
2024,3,17,23,72.1,72.1,17/03/2024 23:00
2024,3,17,24,65.91,65.91,18/03/2024 0:00
2024,3,18,1,64.12,64.12,18/03/2024 1:00
2024,3,18,2,50.3,50.3,18/03/2024 2:00
2024,3,18,3,48.85,48.85,18/03/2024 3:00
2024,3,18,4,48.85,48.85,18/03/2024 4:00
2024,3,18,5,46.03,46.03,18/03/2024 5:00
2024,3,18,6,44.28,44.28,18/03/2024 6:00
2024,3,18,7,52.61,61.71,18/03/2024 7:00
2024,3,18,8,62.61,94.68,18/03/2024 8:00
2024,3,18,9,79.06,94.45,18/03/2024 9:00
2024,3,18,10,52.61,52.61,18/03/2024 10:00
2024,3,18,11,42.1,42.1,18/03/2024 11:00
2024,3,18,12,35,35,18/03/2024 12:00
2024,3,18,13,35,35,18/03/2024 13:00
2024,3,18,14,35,35,18/03/2024 14:00
2024,3,18,15,35,35,18/03/2024 15:00
2024,3,18,16,35.5,35.5,18/03/2024 16:00
2024,3,18,17,43.86,43.86,18/03/2024 17:00
2024,3,18,18,47.7,47.7,18/03/2024 18:00
2024,3,18,19,73.45,73.45,18/03/2024 19:00
2024,3,18,20,125.16,125.16,18/03/2024 20:00
2024,3,18,21,114.24,114.24,18/03/2024 21:00
2024,3,18,22,95.85,95.85,18/03/2024 22:00
2024,3,18,23,77.8,77.8,18/03/2024 23:00
2024,3,18,24,70.51,70.51,19/03/2024 0:00
2024,3,19,1,69.14,69.14,19/03/2024 1:00
2024,3,19,2,65.06,65.06,19/03/2024 2:00
2024,3,19,3,58.13,58.13,19/03/2024 3:00
2024,3,19,4,56.18,56.18,19/03/2024 4:00
2024,3,19,5,53,53,19/03/2024 5:00
2024,3,19,6,58.76,58.76,19/03/2024 6:00
2024,3,19,7,70.5,76.18,19/03/2024 7:00
2024,3,19,8,91,101.64,19/03/2024 8:00
2024,3,19,9,95.87,95.87,19/03/2024 9:00
2024,3,19,10,58.13,58.13,19/03/2024 10:00
2024,3,19,11,37.28,37.28,19/03/2024 11:00
2024,3,19,12,35.26,35.26,19/03/2024 12:00
2024,3,19,13,35,35,19/03/2024 13:00
2024,3,19,14,35,35,19/03/2024 14:00
2024,3,19,15,35,35,19/03/2024 15:00
2024,3,19,16,35,35,19/03/2024 16:00
2024,3,19,17,35.54,35.54,19/03/2024 17:00
2024,3,19,18,54.5,54.5,19/03/2024 18:00
2024,3,19,19,76.62,76.62,19/03/2024 19:00
2024,3,19,20,128.96,128.96,19/03/2024 20:00
2024,3,19,21,110,110,19/03/2024 21:00
2024,3,19,22,92.01,92.01,19/03/2024 22:00
2024,3,19,23,81.75,81.75,19/03/2024 23:00
2024,3,19,24,76.1,76.1,20/03/2024 0:00
2024,3,20,1,70,70,20/03/2024 1:00
2024,3,20,2,68.57,68.57,20/03/2024 2:00
2024,3,20,3,60.78,60.78,20/03/2024 3:00
2024,3,20,4,50.53,50.53,20/03/2024 4:00
2024,3,20,5,42.84,42.84,20/03/2024 5:00
2024,3,20,6,58,58,20/03/2024 6:00
2024,3,20,7,68,68,20/03/2024 7:00
2024,3,20,8,88.38,88.38,20/03/2024 8:00
2024,3,20,9,85.25,85.25,20/03/2024 9:00
2024,3,20,10,61.76,61.76,20/03/2024 10:00
2024,3,20,11,35.7,35.7,20/03/2024 11:00
2024,3,20,12,35,35,20/03/2024 12:00
2024,3,20,13,33.26,33.26,20/03/2024 13:00
2024,3,20,14,27,27,20/03/2024 14:00
2024,3,20,15,27.28,27.28,20/03/2024 15:00
2024,3,20,16,28.69,28.69,20/03/2024 16:00
2024,3,20,17,34.15,34.15,20/03/2024 17:00
2024,3,20,18,35.43,35.43,20/03/2024 18:00
2024,3,20,19,61.02,61.02,20/03/2024 19:00
2024,3,20,20,97.01,97.01,20/03/2024 20:00
2024,3,20,21,100.76,100.76,20/03/2024 21:00
2024,3,20,22,79.25,79.25,20/03/2024 22:00
2024,3,20,23,68,68,20/03/2024 23:00
2024,3,20,24,50,50,21/03/2024 0:00
2024,3,21,1,35,35,21/03/2024 1:00
2024,3,21,2,34.47,34.47,21/03/2024 2:00
2024,3,21,3,33.97,33.97,21/03/2024 3:00
2024,3,21,4,34.17,34.17,21/03/2024 4:00
2024,3,21,5,34.07,34.07,21/03/2024 5:00
2024,3,21,6,35,35,21/03/2024 6:00
2024,3,21,7,35,35,21/03/2024 7:00
2024,3,21,8,55.96,55.96,21/03/2024 8:00
2024,3,21,9,45.02,45.02,21/03/2024 9:00
2024,3,21,10,35,35,21/03/2024 10:00
2024,3,21,11,30,30,21/03/2024 11:00
2024,3,21,12,17.27,17.27,21/03/2024 12:00
2024,3,21,13,15.99,15.99,21/03/2024 13:00
2024,3,21,14,14,14,21/03/2024 14:00
2024,3,21,15,10.83,10.83,21/03/2024 15:00
2024,3,21,16,10.61,10.61,21/03/2024 16:00
2024,3,21,17,15.98,15.98,21/03/2024 17:00
2024,3,21,18,26.1,26.1,21/03/2024 18:00
2024,3,21,19,35,35,21/03/2024 19:00
2024,3,21,20,70.4,70.4,21/03/2024 20:00
2024,3,21,21,84,84,21/03/2024 21:00
2024,3,21,22,65.86,65.86,21/03/2024 22:00
2024,3,21,23,48,48,21/03/2024 23:00
2024,3,21,24,40,40,22/03/2024 0:00
2024,3,22,1,25,25,22/03/2024 1:00
2024,3,22,2,20.1,20.1,22/03/2024 2:00
2024,3,22,3,17.2,17.2,22/03/2024 3:00
2024,3,22,4,16.7,16.7,22/03/2024 4:00
2024,3,22,5,18.9,18.9,22/03/2024 5:00
2024,3,22,6,25,25,22/03/2024 6:00
2024,3,22,7,35,35,22/03/2024 7:00
2024,3,22,8,36.76,49.19,22/03/2024 8:00
2024,3,22,9,35,35,22/03/2024 9:00
2024,3,22,10,20,20,22/03/2024 10:00
2024,3,22,11,14.5,14.5,22/03/2024 11:00
2024,3,22,12,7,7,22/03/2024 12:00
2024,3,22,13,3.35,3.35,22/03/2024 13:00
2024,3,22,14,2.44,2.44,22/03/2024 14:00
2024,3,22,15,1.1,1.1,22/03/2024 15:00
2024,3,22,16,3.19,3.19,22/03/2024 16:00
2024,3,22,17,3.35,3.35,22/03/2024 17:00
2024,3,22,18,14.7,14.7,22/03/2024 18:00
2024,3,22,19,35,35,22/03/2024 19:00
2024,3,22,20,57.3,57.3,22/03/2024 20:00
2024,3,22,21,53.92,53.92,22/03/2024 21:00
2024,3,22,22,35,35,22/03/2024 22:00
2024,3,22,23,29.16,29.16,22/03/2024 23:00
2024,3,22,24,15.6,15.6,23/03/2024 0:00
2024,3,23,1,3.2,3.2,23/03/2024 1:00
2024,3,23,2,3.03,3.03,23/03/2024 2:00
2024,3,23,3,0.9,0.9,23/03/2024 3:00
2024,3,23,4,2.71,2.71,23/03/2024 4:00
2024,3,23,5,2.05,2.05,23/03/2024 5:00
2024,3,23,6,2,2,23/03/2024 6:00
2024,3,23,7,2.1,2.1,23/03/2024 7:00
2024,3,23,8,2.3,2.3,23/03/2024 8:00
2024,3,23,9,0.43,0.43,23/03/2024 9:00
2024,3,23,10,0,0,23/03/2024 10:00
2024,3,23,11,0,0,23/03/2024 11:00
2024,3,23,12,0,0,23/03/2024 12:00
2024,3,23,13,0,0,23/03/2024 13:00
2024,3,23,14,0,0,23/03/2024 14:00
2024,3,23,15,0,0,23/03/2024 15:00
2024,3,23,16,0,0,23/03/2024 16:00
2024,3,23,17,0,0,23/03/2024 17:00
2024,3,23,18,0.43,0.43,23/03/2024 18:00
2024,3,23,19,3.19,3.19,23/03/2024 19:00
2024,3,23,20,3.2,3.2,23/03/2024 20:00
2024,3,23,21,9.01,9.01,23/03/2024 21:00
2024,3,23,22,7.18,7.18,23/03/2024 22:00
2024,3,23,23,3.2,3.2,23/03/2024 23:00
2024,3,23,24,3.2,3.2,24/03/2024 0:00
2024,3,24,1,0.16,0.16,24/03/2024 1:00
2024,3,24,2,0,0,24/03/2024 2:00
2024,3,24,3,0,0,24/03/2024 3:00
2024,3,24,4,0,0,24/03/2024 4:00
2024,3,24,5,0,0,24/03/2024 5:00
2024,3,24,6,0,0,24/03/2024 6:00
2024,3,24,7,0.01,0.01,24/03/2024 7:00
2024,3,24,8,0.1,0.1,24/03/2024 8:00
2024,3,24,9,0,0,24/03/2024 9:00
2024,3,24,10,0,0,24/03/2024 10:00
2024,3,24,11,0,0,24/03/2024 11:00
2024,3,24,12,0,0,24/03/2024 12:00
2024,3,24,13,0,0,24/03/2024 13:00
2024,3,24,14,0,0,24/03/2024 14:00
2024,3,24,15,0,0,24/03/2024 15:00
2024,3,24,16,0,0,24/03/2024 16:00
2024,3,24,17,0,0,24/03/2024 17:00
2024,3,24,18,0.43,0.43,24/03/2024 18:00
2024,3,24,19,3.2,3.2,24/03/2024 19:00
2024,3,24,20,16.7,16.7,24/03/2024 20:00
2024,3,24,21,34.27,35,24/03/2024 21:00
2024,3,24,22,34.27,35,24/03/2024 22:00
2024,3,24,23,35,35,24/03/2024 23:00
2024,3,24,24,28.35,35,25/03/2024 0:00
2024,3,25,1,35,35,25/03/2024 1:00
2024,3,25,2,30,30,25/03/2024 2:00
2024,3,25,3,28.26,28.26,25/03/2024 3:00
2024,3,25,4,30.5,30.5,25/03/2024 4:00
2024,3,25,5,28.35,28.35,25/03/2024 5:00
2024,3,25,6,34.47,34.47,25/03/2024 6:00
2024,3,25,7,35,35,25/03/2024 7:00
2024,3,25,8,35.61,75.75,25/03/2024 8:00
2024,3,25,9,44.96,59,25/03/2024 9:00
2024,3,25,10,35,35,25/03/2024 10:00
2024,3,25,11,20,20,25/03/2024 11:00
2024,3,25,12,13.3,13.3,25/03/2024 12:00
2024,3,25,13,12.21,12.21,25/03/2024 13:00
2024,3,25,14,4,4,25/03/2024 14:00
2024,3,25,15,3.2,3.2,25/03/2024 15:00
2024,3,25,16,2.1,2.1,25/03/2024 16:00
2024,3,25,17,3.12,3.12,25/03/2024 17:00
2024,3,25,18,3.2,3.2,25/03/2024 18:00
2024,3,25,19,3.2,3.2,25/03/2024 19:00
2024,3,25,20,20.02,20.02,25/03/2024 20:00
2024,3,25,21,35,35,25/03/2024 21:00
2024,3,25,22,29.11,29.11,25/03/2024 22:00
2024,3,25,23,17.2,17.2,25/03/2024 23:00
2024,3,25,24,12.9,12.9,26/03/2024 0:00
2024,3,26,1,3.2,3.2,26/03/2024 1:00
2024,3,26,2,3.19,3.19,26/03/2024 2:00
2024,3,26,3,1.54,1.54,26/03/2024 3:00
2024,3,26,4,1,1,26/03/2024 4:00
2024,3,26,5,0.98,0.98,26/03/2024 5:00
2024,3,26,6,0.98,0.98,26/03/2024 6:00
2024,3,26,7,3.2,3.2,26/03/2024 7:00
2024,3,26,8,4,4,26/03/2024 8:00
2024,3,26,9,3.2,3.2,26/03/2024 9:00
2024,3,26,10,1.2,1.2,26/03/2024 10:00
2024,3,26,11,0.2,0.2,26/03/2024 11:00
2024,3,26,12,0,0,26/03/2024 12:00
2024,3,26,13,0,0,26/03/2024 13:00
2024,3,26,14,0,0,26/03/2024 14:00
2024,3,26,15,0,0,26/03/2024 15:00
2024,3,26,16,0,0,26/03/2024 16:00
2024,3,26,17,0,0,26/03/2024 17:00
2024,3,26,18,0.55,0.55,26/03/2024 18:00
2024,3,26,19,2,2,26/03/2024 19:00
2024,3,26,20,5,5,26/03/2024 20:00
2024,3,26,21,14,14,26/03/2024 21:00
2024,3,26,22,7.5,7.5,26/03/2024 22:00
2024,3,26,23,3.2,3.2,26/03/2024 23:00
2024,3,26,24,1.69,1.69,27/03/2024 0:00
2024,3,27,1,3.2,3.2,27/03/2024 1:00
2024,3,27,2,0.57,0.57,27/03/2024 2:00
2024,3,27,3,0.01,0.01,27/03/2024 3:00
2024,3,27,4,0,0,27/03/2024 4:00
2024,3,27,5,0,0,27/03/2024 5:00
2024,3,27,6,0,0,27/03/2024 6:00
2024,3,27,7,0.1,0.1,27/03/2024 7:00
2024,3,27,8,0.54,0.54,27/03/2024 8:00
2024,3,27,9,0.43,0.43,27/03/2024 9:00
2024,3,27,10,0.13,0.13,27/03/2024 10:00
2024,3,27,11,0,0,27/03/2024 11:00
2024,3,27,12,0,0,27/03/2024 12:00
2024,3,27,13,0,0,27/03/2024 13:00
2024,3,27,14,0,0,27/03/2024 14:00
2024,3,27,15,0,0,27/03/2024 15:00
2024,3,27,16,0,0,27/03/2024 16:00
2024,3,27,17,0,0,27/03/2024 17:00
2024,3,27,18,0,0,27/03/2024 18:00
2024,3,27,19,0.43,0.43,27/03/2024 19:00
2024,3,27,20,3.17,3.17,27/03/2024 20:00
2024,3,27,21,3.2,3.2,27/03/2024 21:00
2024,3,27,22,3.2,3.2,27/03/2024 22:00
2024,3,27,23,3.02,3.02,27/03/2024 23:00
2024,3,27,24,0.12,0.12,28/03/2024 0:00
2024,3,28,1,0.4,0.4,28/03/2024 1:00
2024,3,28,2,0,0,28/03/2024 2:00
2024,3,28,3,0,0,28/03/2024 3:00
2024,3,28,4,0,0,28/03/2024 4:00
2024,3,28,5,0,0,28/03/2024 5:00
2024,3,28,6,0,0,28/03/2024 6:00
2024,3,28,7,0.02,0.02,28/03/2024 7:00
2024,3,28,8,0.34,0.34,28/03/2024 8:00
2024,3,28,9,0.19,0.19,28/03/2024 9:00
2024,3,28,10,0,0,28/03/2024 10:00
2024,3,28,11,0,0,28/03/2024 11:00
2024,3,28,12,0,0,28/03/2024 12:00
2024,3,28,13,0,0,28/03/2024 13:00
2024,3,28,14,0,0,28/03/2024 14:00
2024,3,28,15,0,0,28/03/2024 15:00
2024,3,28,16,0,0,28/03/2024 16:00
2024,3,28,17,0,0,28/03/2024 17:00
2024,3,28,18,0.02,0.02,28/03/2024 18:00
2024,3,28,19,0.6,0.6,28/03/2024 19:00
2024,3,28,20,3.2,3.2,28/03/2024 20:00
2024,3,28,21,3.2,3.2,28/03/2024 21:00
2024,3,28,22,3.2,3.2,28/03/2024 22:00
2024,3,28,23,3.2,3.2,28/03/2024 23:00
2024,3,28,24,1.47,1.47,29/03/2024 0:00
2024,3,29,1,2,2,29/03/2024 1:00
2024,3,29,2,0.58,0.58,29/03/2024 2:00
2024,3,29,3,0.52,0.52,29/03/2024 3:00
2024,3,29,4,0.5,0.5,29/03/2024 4:00
2024,3,29,5,0.57,0.57,29/03/2024 5:00
2024,3,29,6,1,1,29/03/2024 6:00
2024,3,29,7,2,2,29/03/2024 7:00
2024,3,29,8,3.1,3.1,29/03/2024 8:00
2024,3,29,9,1.47,1.47,29/03/2024 9:00
2024,3,29,10,1,1,29/03/2024 10:00
2024,3,29,11,0.9,0.9,29/03/2024 11:00
2024,3,29,12,0.77,0.77,29/03/2024 12:00
2024,3,29,13,0.53,0.53,29/03/2024 13:00
2024,3,29,14,0.5,0.5,29/03/2024 14:00
2024,3,29,15,0.47,0.47,29/03/2024 15:00
2024,3,29,16,0.4,0.4,29/03/2024 16:00
2024,3,29,17,0.4,0.4,29/03/2024 17:00
2024,3,29,18,0.5,0.5,29/03/2024 18:00
2024,3,29,19,3.2,3.2,29/03/2024 19:00
2024,3,29,20,6.82,6.82,29/03/2024 20:00
2024,3,29,21,17.47,17.47,29/03/2024 21:00
2024,3,29,22,21.42,21.42,29/03/2024 22:00
2024,3,29,23,16,16,29/03/2024 23:00
2024,3,29,24,15.14,15.14,30/03/2024 0:00
2024,3,30,1,10.6,10.6,30/03/2024 1:00
2024,3,30,2,6.66,6.66,30/03/2024 2:00
2024,3,30,3,4.91,4.91,30/03/2024 3:00
2024,3,30,4,3.2,3.2,30/03/2024 4:00
2024,3,30,5,3.2,3.2,30/03/2024 5:00
2024,3,30,6,4,4,30/03/2024 6:00
2024,3,30,7,6,6,30/03/2024 7:00
2024,3,30,8,5.04,5.04,30/03/2024 8:00
2024,3,30,9,3.2,3.2,30/03/2024 9:00
2024,3,30,10,1,1,30/03/2024 10:00
2024,3,30,11,0.58,0.58,30/03/2024 11:00
2024,3,30,12,0.43,0.43,30/03/2024 12:00
2024,3,30,13,0.43,0.43,30/03/2024 13:00
2024,3,30,14,0.43,0.43,30/03/2024 14:00
2024,3,30,15,0.43,0.43,30/03/2024 15:00
2024,3,30,16,0.43,0.43,30/03/2024 16:00
2024,3,30,17,0.5,0.5,30/03/2024 17:00
2024,3,30,18,1.47,1.47,30/03/2024 18:00
2024,3,30,19,3.5,3.5,30/03/2024 19:00
2024,3,30,20,9.36,9.36,30/03/2024 20:00
2024,3,30,21,16.7,16.7,30/03/2024 21:00
2024,3,30,22,16.27,16.27,30/03/2024 22:00
2024,3,30,23,6.66,6.66,30/03/2024 23:00
2024,3,30,24,3.38,3.38,31/03/2024 0:00
2024,3,31,1,3.2,3.2,31/03/2024 1:00
2024,3,31,2,1.63,1.63,31/03/2024 2:00
2024,3,31,3,0.5,0.5,31/03/2024 3:00
2024,3,31,4,0.5,0.5,31/03/2024 4:00
2024,3,31,5,0.5,0.5,31/03/2024 5:00
2024,3,31,6,0.6,0.6,31/03/2024 6:00
2024,3,31,7,0.5,0.5,31/03/2024 7:00
2024,3,31,8,0.6,0.6,31/03/2024 8:00
2024,3,31,9,0.5,0.5,31/03/2024 9:00
2024,3,31,10,0.5,0.5,31/03/2024 10:00
2024,3,31,11,0.4,0.4,31/03/2024 11:00
2024,3,31,12,0,0,31/03/2024 12:00
2024,3,31,13,0,0,31/03/2024 13:00
2024,3,31,14,0,0,31/03/2024 14:00
2024,3,31,15,0,0,31/03/2024 15:00
2024,3,31,16,0,0,31/03/2024 16:00
2024,3,31,17,0,0,31/03/2024 17:00
2024,3,31,18,0,0,31/03/2024 18:00
2024,3,31,19,0,0,31/03/2024 19:00
2024,3,31,20,1.69,1.69,31/03/2024 20:00
2024,3,31,21,3.2,3.2,31/03/2024 21:00
2024,3,31,22,3.2,3.2,31/03/2024 22:00
2024,3,31,23,1.63,1.63,31/03/2024 23:00
2024,3,31,24,1.63,1.63,01/04/2024 0:00
2024,4,1,1,0.7,0.7,01/04/2024 1:00
2024,4,1,2,0.02,0.02,01/04/2024 2:00
2024,4,1,3,0,0,01/04/2024 3:00
2024,4,1,4,0,0,01/04/2024 4:00
2024,4,1,5,0,0,01/04/2024 5:00
2024,4,1,6,0,0,01/04/2024 6:00
2024,4,1,7,0.13,0.13,01/04/2024 7:00
2024,4,1,8,1.19,1.19,01/04/2024 8:00
2024,4,1,9,0.94,0.94,01/04/2024 9:00
2024,4,1,10,0.13,0.13,01/04/2024 10:00
2024,4,1,11,0,0,01/04/2024 11:00
2024,4,1,12,0,0,01/04/2024 12:00
2024,4,1,13,0,0,01/04/2024 13:00
2024,4,1,14,0,0,01/04/2024 14:00
2024,4,1,15,0,-0.01,01/04/2024 15:00
2024,4,1,16,0,-0.01,01/04/2024 16:00
2024,4,1,17,0,-0.01,01/04/2024 17:00
2024,4,1,18,0,0,01/04/2024 18:00
2024,4,1,19,0,0,01/04/2024 19:00
2024,4,1,20,0.44,0.44,01/04/2024 20:00
2024,4,1,21,11.33,11.33,01/04/2024 21:00
2024,4,1,22,21.43,21.43,01/04/2024 22:00
2024,4,1,23,17.47,17.47,01/04/2024 23:00
2024,4,1,24,12.58,12.58,02/04/2024 0:00
2024,4,2,1,3.6,3.6,02/04/2024 1:00
2024,4,2,2,3.25,3.25,02/04/2024 2:00
2024,4,2,3,3.25,3.25,02/04/2024 3:00
2024,4,2,4,1.63,1.63,02/04/2024 4:00
2024,4,2,5,2,2,02/04/2024 5:00
2024,4,2,6,3,3.25,02/04/2024 6:00
2024,4,2,7,2.87,20,02/04/2024 7:00
2024,4,2,8,3,35,02/04/2024 8:00
2024,4,2,9,8.69,35,02/04/2024 9:00
2024,4,2,10,10.02,10.02,02/04/2024 10:00
2024,4,2,11,1.63,1.63,02/04/2024 11:00
2024,4,2,12,0.44,0.44,02/04/2024 12:00
2024,4,2,13,0.44,0.44,02/04/2024 13:00
2024,4,2,14,0.01,0.01,02/04/2024 14:00
2024,4,2,15,0,0,02/04/2024 15:00
2024,4,2,16,0,0,02/04/2024 16:00
2024,4,2,17,0.01,0.01,02/04/2024 17:00
2024,4,2,18,0.94,0.94,02/04/2024 18:00
2024,4,2,19,2.77,2.77,02/04/2024 19:00
2024,4,2,20,8.69,8.69,02/04/2024 20:00
2024,4,2,21,32.67,34.9,02/04/2024 21:00
2024,4,2,22,33.42,35,02/04/2024 22:00
2024,4,2,23,29.6,29.6,02/04/2024 23:00
2024,4,2,24,5,5,03/04/2024 0:00
2024,4,3,1,3.25,3.25,03/04/2024 1:00
2024,4,3,2,1.68,1.68,03/04/2024 2:00
2024,4,3,3,1.35,1.35,03/04/2024 3:00
2024,4,3,4,1,1,03/04/2024 4:00
2024,4,3,5,0.09,0.09,03/04/2024 5:00
2024,4,3,6,1,1,03/04/2024 6:00
2024,4,3,7,3.25,3.25,03/04/2024 7:00
2024,4,3,8,28.07,28.07,03/04/2024 8:00
2024,4,3,9,32.08,34.9,03/04/2024 9:00
2024,4,3,10,5.5,5.5,03/04/2024 10:00
2024,4,3,11,2,2,03/04/2024 11:00
2024,4,3,12,0.44,0.44,03/04/2024 12:00
2024,4,3,13,0,0,03/04/2024 13:00
2024,4,3,14,0,0,03/04/2024 14:00
2024,4,3,15,0,0,03/04/2024 15:00
2024,4,3,16,0,0,03/04/2024 16:00
2024,4,3,17,0,0,03/04/2024 17:00
2024,4,3,18,0,0,03/04/2024 18:00
2024,4,3,19,0.4,0.4,03/04/2024 19:00
2024,4,3,20,6.76,6.76,03/04/2024 20:00
2024,4,3,21,35,35,03/04/2024 21:00
2024,4,3,22,35,35,03/04/2024 22:00
2024,4,3,23,31.62,31.62,03/04/2024 23:00
2024,4,3,24,25.43,25.43,04/04/2024 0:00
2024,4,4,1,2.6,2.6,04/04/2024 1:00
2024,4,4,2,0.44,0.44,04/04/2024 2:00
2024,4,4,3,3.25,3.25,04/04/2024 3:00
2024,4,4,4,4.99,4.99,04/04/2024 4:00
2024,4,4,5,3.25,3.25,04/04/2024 5:00
2024,4,4,6,3.25,3.25,04/04/2024 6:00
2024,4,4,7,3.25,3.25,04/04/2024 7:00
2024,4,4,8,10.18,11.19,04/04/2024 8:00
2024,4,4,9,13.47,13.47,04/04/2024 9:00
2024,4,4,10,3.74,3.74,04/04/2024 10:00
2024,4,4,11,0.44,0.44,04/04/2024 11:00
2024,4,4,12,0,0,04/04/2024 12:00
2024,4,4,13,0,0,04/04/2024 13:00
2024,4,4,14,0,0,04/04/2024 14:00
2024,4,4,15,0,0,04/04/2024 15:00
2024,4,4,16,0,0,04/04/2024 16:00
2024,4,4,17,0,0,04/04/2024 17:00
2024,4,4,18,0,0,04/04/2024 18:00
2024,4,4,19,0,0,04/04/2024 19:00
2024,4,4,20,3.25,3.25,04/04/2024 20:00
2024,4,4,21,10,10,04/04/2024 21:00
2024,4,4,22,25,25,04/04/2024 22:00
2024,4,4,23,4.6,4.6,04/04/2024 23:00
2024,4,4,24,3.25,3.25,05/04/2024 0:00
2024,4,5,1,0.44,0.44,05/04/2024 1:00
2024,4,5,2,0.48,0.48,05/04/2024 2:00
2024,4,5,3,0.01,0.01,05/04/2024 3:00
2024,4,5,4,0,0,05/04/2024 4:00
2024,4,5,5,0,0,05/04/2024 5:00
2024,4,5,6,0,0,05/04/2024 6:00
2024,4,5,7,0,0.4,05/04/2024 7:00
2024,4,5,8,0,3.25,05/04/2024 8:00
2024,4,5,9,0.04,2.97,05/04/2024 9:00
2024,4,5,10,0,0,05/04/2024 10:00
2024,4,5,11,0,0,05/04/2024 11:00
2024,4,5,12,0,0,05/04/2024 12:00
2024,4,5,13,0,0,05/04/2024 13:00
2024,4,5,14,0,0,05/04/2024 14:00
2024,4,5,15,-0.01,-0.01,05/04/2024 15:00
2024,4,5,16,-0.01,-0.01,05/04/2024 16:00
2024,4,5,17,0,0,05/04/2024 17:00
2024,4,5,18,0,0,05/04/2024 18:00
2024,4,5,19,0,0,05/04/2024 19:00
2024,4,5,20,0,0,05/04/2024 20:00
2024,4,5,21,0.02,0.02,05/04/2024 21:00
2024,4,5,22,0.55,2,05/04/2024 22:00
2024,4,5,23,1,1,05/04/2024 23:00
2024,4,5,24,0,0,06/04/2024 0:00
2024,4,6,1,0,0,06/04/2024 1:00
2024,4,6,2,0,0,06/04/2024 2:00
2024,4,6,3,0,0,06/04/2024 3:00
2024,4,6,4,0,0,06/04/2024 4:00
2024,4,6,5,0,0,06/04/2024 5:00
2024,4,6,6,0,0,06/04/2024 6:00
2024,4,6,7,0,0,06/04/2024 7:00
2024,4,6,8,0,0,06/04/2024 8:00
2024,4,6,9,0,0,06/04/2024 9:00
2024,4,6,10,0,0,06/04/2024 10:00
2024,4,6,11,-0.01,-0.01,06/04/2024 11:00
2024,4,6,12,-0.01,-0.01,06/04/2024 12:00
2024,4,6,13,-0.01,-0.01,06/04/2024 13:00
2024,4,6,14,-0.01,-0.01,06/04/2024 14:00
2024,4,6,15,-0.01,-0.01,06/04/2024 15:00
2024,4,6,16,-0.01,-0.02,06/04/2024 16:00
2024,4,6,17,-0.01,-0.01,06/04/2024 17:00
2024,4,6,18,-0.01,-0.01,06/04/2024 18:00
2024,4,6,19,0,0,06/04/2024 19:00
2024,4,6,20,0.01,0.01,06/04/2024 20:00
2024,4,6,21,3.25,3.25,06/04/2024 21:00
2024,4,6,22,8,8,06/04/2024 22:00
2024,4,6,23,3.44,3.44,06/04/2024 23:00
2024,4,6,24,3.25,3.25,07/04/2024 0:00
2024,4,7,1,0.97,0.97,07/04/2024 1:00
2024,4,7,2,0.15,0.15,07/04/2024 2:00
2024,4,7,3,0,0,07/04/2024 3:00
2024,4,7,4,0,0,07/04/2024 4:00
2024,4,7,5,0,0,07/04/2024 5:00
2024,4,7,6,0,0,07/04/2024 6:00
2024,4,7,7,0,0,07/04/2024 7:00
2024,4,7,8,0,0,07/04/2024 8:00
2024,4,7,9,0,0,07/04/2024 9:00
2024,4,7,10,0,0,07/04/2024 10:00
2024,4,7,11,0,0,07/04/2024 11:00
2024,4,7,12,0,0,07/04/2024 12:00
2024,4,7,13,0,0,07/04/2024 13:00
2024,4,7,14,-0.01,-0.01,07/04/2024 14:00
2024,4,7,15,-0.01,-0.01,07/04/2024 15:00
2024,4,7,16,-0.01,-0.01,07/04/2024 16:00
2024,4,7,17,-0.01,-0.01,07/04/2024 17:00
2024,4,7,18,0,0,07/04/2024 18:00
2024,4,7,19,0,0,07/04/2024 19:00
2024,4,7,20,0.4,0.4,07/04/2024 20:00
2024,4,7,21,25,25,07/04/2024 21:00
2024,4,7,22,35,35,07/04/2024 22:00
2024,4,7,23,25,25,07/04/2024 23:00
2024,4,7,24,10.66,10.66,08/04/2024 0:00
2024,4,8,1,1.33,1.33,08/04/2024 1:00
2024,4,8,2,0,0,08/04/2024 2:00
2024,4,8,3,0,0,08/04/2024 3:00
2024,4,8,4,0,0,08/04/2024 4:00
2024,4,8,5,0,0,08/04/2024 5:00
2024,4,8,6,0,0,08/04/2024 6:00
2024,4,8,7,0,0,08/04/2024 7:00
2024,4,8,8,0.55,3.25,08/04/2024 8:00
2024,4,8,9,3.17,3.25,08/04/2024 9:00
2024,4,8,10,0,0,08/04/2024 10:00
2024,4,8,11,0,0,08/04/2024 11:00
2024,4,8,12,0,0,08/04/2024 12:00
2024,4,8,13,0,0,08/04/2024 13:00
2024,4,8,14,0,0,08/04/2024 14:00
2024,4,8,15,0,0,08/04/2024 15:00
2024,4,8,16,0,0,08/04/2024 16:00
2024,4,8,17,-0.01,-0.01,08/04/2024 17:00
2024,4,8,18,0,0,08/04/2024 18:00
2024,4,8,19,0,0,08/04/2024 19:00
2024,4,8,20,0,0,08/04/2024 20:00
2024,4,8,21,0.44,0.44,08/04/2024 21:00
2024,4,8,22,3.25,3.25,08/04/2024 22:00
2024,4,8,23,1,1,08/04/2024 23:00
2024,4,8,24,0,0,09/04/2024 0:00
2024,4,9,1,0,0,09/04/2024 1:00
2024,4,9,2,0,0,09/04/2024 2:00
2024,4,9,3,0,0,09/04/2024 3:00
2024,4,9,4,0,0,09/04/2024 4:00
2024,4,9,5,0,0,09/04/2024 5:00
2024,4,9,6,0,0,09/04/2024 6:00
2024,4,9,7,0,0,09/04/2024 7:00
2024,4,9,8,0,0,09/04/2024 8:00
2024,4,9,9,0,0,09/04/2024 9:00
2024,4,9,10,0,0,09/04/2024 10:00
2024,4,9,11,0,0,09/04/2024 11:00
2024,4,9,12,-0.01,-0.01,09/04/2024 12:00
2024,4,9,13,-0.01,-0.02,09/04/2024 13:00
2024,4,9,14,-0.01,-0.02,09/04/2024 14:00
2024,4,9,15,-0.01,-0.02,09/04/2024 15:00
2024,4,9,16,-0.01,-0.02,09/04/2024 16:00
2024,4,9,17,-0.02,-0.02,09/04/2024 17:00
2024,4,9,18,-0.02,-0.02,09/04/2024 18:00
2024,4,9,19,0,0,09/04/2024 19:00
2024,4,9,20,0.01,0.01,09/04/2024 20:00
2024,4,9,21,5,5,09/04/2024 21:00
2024,4,9,22,14.72,14.72,09/04/2024 22:00
2024,4,9,23,6.35,6.35,09/04/2024 23:00
2024,4,9,24,5,5,10/04/2024 0:00
2024,4,10,1,4.21,4.21,10/04/2024 1:00
2024,4,10,2,3.25,3.25,10/04/2024 2:00
2024,4,10,3,1,1,10/04/2024 3:00
2024,4,10,4,0.44,0.44,10/04/2024 4:00
2024,4,10,5,0.35,0.35,10/04/2024 5:00
2024,4,10,6,1,1,10/04/2024 6:00
2024,4,10,7,2.17,2.17,10/04/2024 7:00
2024,4,10,8,35,35,10/04/2024 8:00
2024,4,10,9,7.68,7.68,10/04/2024 9:00
2024,4,10,10,0,0,10/04/2024 10:00
2024,4,10,11,-0.01,-0.01,10/04/2024 11:00
2024,4,10,12,-0.03,-0.03,10/04/2024 12:00
2024,4,10,13,-0.03,-0.03,10/04/2024 13:00
2024,4,10,14,-0.03,-0.03,10/04/2024 14:00
2024,4,10,15,-0.03,-0.05,10/04/2024 15:00
2024,4,10,16,-0.03,-0.05,10/04/2024 16:00
2024,4,10,17,-0.03,-0.05,10/04/2024 17:00
2024,4,10,18,-0.03,-0.05,10/04/2024 18:00
2024,4,10,19,-0.01,-0.01,10/04/2024 19:00
2024,4,10,20,0,0,10/04/2024 20:00
2024,4,10,21,6,6,10/04/2024 21:00
2024,4,10,22,34.45,34.45,10/04/2024 22:00
2024,4,10,23,5,5,10/04/2024 23:00
2024,4,10,24,3.25,3.25,11/04/2024 0:00
2024,4,11,1,3.25,3.25,11/04/2024 1:00
2024,4,11,2,1,1,11/04/2024 2:00
2024,4,11,3,0.04,0.04,11/04/2024 3:00
2024,4,11,4,0,0,11/04/2024 4:00
2024,4,11,5,0,0,11/04/2024 5:00
2024,4,11,6,1.47,1.47,11/04/2024 6:00
2024,4,11,7,3.6,3.6,11/04/2024 7:00
2024,4,11,8,22.32,22.42,11/04/2024 8:00
2024,4,11,9,17.04,17.04,11/04/2024 9:00
2024,4,11,10,0.01,0.01,11/04/2024 10:00
2024,4,11,11,0,0,11/04/2024 11:00
2024,4,11,12,-0.01,-0.01,11/04/2024 12:00
2024,4,11,13,-0.01,-0.01,11/04/2024 13:00
2024,4,11,14,-0.01,-0.01,11/04/2024 14:00
2024,4,11,15,-0.02,-0.02,11/04/2024 15:00
2024,4,11,16,-0.01,-0.01,11/04/2024 16:00
2024,4,11,17,-0.01,-0.01,11/04/2024 17:00
2024,4,11,18,-0.01,-0.01,11/04/2024 18:00
2024,4,11,19,0,0,11/04/2024 19:00
2024,4,11,20,4.9,4.9,11/04/2024 20:00
2024,4,11,21,60,60,11/04/2024 21:00
2024,4,11,22,70.95,70.95,11/04/2024 22:00
2024,4,11,23,70.01,70.01,11/04/2024 23:00
2024,4,11,24,34.08,34.08,12/04/2024 0:00
2024,4,12,1,23.77,23.77,12/04/2024 1:00
2024,4,12,2,15.37,15.37,12/04/2024 2:00
2024,4,12,3,12.5,12.5,12/04/2024 3:00
2024,4,12,4,11.94,11.94,12/04/2024 4:00
2024,4,12,5,12.49,12.49,12/04/2024 5:00
2024,4,12,6,16.03,16.93,12/04/2024 6:00
2024,4,12,7,6.89,33.47,12/04/2024 7:00
2024,4,12,8,18.07,78.44,12/04/2024 8:00
2024,4,12,9,42.77,74.04,12/04/2024 9:00
2024,4,12,10,5.85,5.85,12/04/2024 10:00
2024,4,12,11,0,0,12/04/2024 11:00
2024,4,12,12,0,0,12/04/2024 12:00
2024,4,12,13,0,0,12/04/2024 13:00
2024,4,12,14,-0.06,-0.06,12/04/2024 14:00
2024,4,12,15,-0.06,-0.06,12/04/2024 15:00
2024,4,12,16,-0.1,-0.1,12/04/2024 16:00
2024,4,12,17,-0.03,-0.03,12/04/2024 17:00
2024,4,12,18,0,0,12/04/2024 18:00
2024,4,12,19,0,0,12/04/2024 19:00
2024,4,12,20,15.77,15.77,12/04/2024 20:00
2024,4,12,21,39.35,39.35,12/04/2024 21:00
2024,4,12,22,74.23,74.23,12/04/2024 22:00
2024,4,12,23,38.05,38.05,12/04/2024 23:00
2024,4,12,24,26.67,26.67,13/04/2024 0:00
2024,4,13,1,24.15,24.15,13/04/2024 1:00
2024,4,13,2,17.73,17.73,13/04/2024 2:00
2024,4,13,3,17.15,17.15,13/04/2024 3:00
2024,4,13,4,11.13,11.13,13/04/2024 4:00
2024,4,13,5,7.74,7.74,13/04/2024 5:00
2024,4,13,6,6.79,6.79,13/04/2024 6:00
2024,4,13,7,10.39,10.39,13/04/2024 7:00
2024,4,13,8,11.76,11.76,13/04/2024 8:00
2024,4,13,9,13.26,13.26,13/04/2024 9:00
2024,4,13,10,0.01,0.01,13/04/2024 10:00
2024,4,13,11,-0.02,-0.02,13/04/2024 11:00
2024,4,13,12,-0.06,-0.1,13/04/2024 12:00
2024,4,13,13,-0.06,-0.1,13/04/2024 13:00
2024,4,13,14,-0.06,-0.1,13/04/2024 14:00
2024,4,13,15,-0.06,-0.2,13/04/2024 15:00
2024,4,13,16,-0.06,-0.4,13/04/2024 16:00
2024,4,13,17,-0.06,-0.4,13/04/2024 17:00
2024,4,13,18,-0.06,-0.08,13/04/2024 18:00
2024,4,13,19,0,0,13/04/2024 19:00
2024,4,13,20,3.25,3.25,13/04/2024 20:00
2024,4,13,21,24.96,24.96,13/04/2024 21:00
2024,4,13,22,35,35,13/04/2024 22:00
2024,4,13,23,24.26,24.26,13/04/2024 23:00
2024,4,13,24,13.83,13.83,14/04/2024 0:00
2024,4,14,1,5.79,5.79,14/04/2024 1:00
2024,4,14,2,2.74,2.74,14/04/2024 2:00
2024,4,14,3,1.69,1.69,14/04/2024 3:00
2024,4,14,4,1.51,1.51,14/04/2024 4:00
2024,4,14,5,3.25,3.25,14/04/2024 5:00
2024,4,14,6,6.35,6.35,14/04/2024 6:00
2024,4,14,7,12.86,12.86,14/04/2024 7:00
2024,4,14,8,13,13,14/04/2024 8:00
2024,4,14,9,5.6,5.6,14/04/2024 9:00
2024,4,14,10,0,0,14/04/2024 10:00
2024,4,14,11,-0.53,-0.53,14/04/2024 11:00
2024,4,14,12,-0.55,-1,14/04/2024 12:00
2024,4,14,13,-0.5,-1,14/04/2024 13:00
2024,4,14,14,-0.44,-1,14/04/2024 14:00
2024,4,14,15,-0.55,-1,14/04/2024 15:00
2024,4,14,16,-0.57,-1.01,14/04/2024 16:00
2024,4,14,17,-0.6,-1.01,14/04/2024 17:00
2024,4,14,18,-0.25,-0.25,14/04/2024 18:00
2024,4,14,19,-0.02,-0.02,14/04/2024 19:00
2024,4,14,20,2.5,2.5,14/04/2024 20:00
2024,4,14,21,18.41,18.41,14/04/2024 21:00
2024,4,14,22,30.77,30.77,14/04/2024 22:00
2024,4,14,23,19.72,19.72,14/04/2024 23:00
2024,4,14,24,17,17,15/04/2024 0:00
2024,4,15,1,7.3,7.3,15/04/2024 1:00
2024,4,15,2,3.25,3.25,15/04/2024 2:00
2024,4,15,3,1.77,1.77,15/04/2024 3:00
2024,4,15,4,0.44,0.44,15/04/2024 4:00
2024,4,15,5,0.03,0.03,15/04/2024 5:00
2024,4,15,6,0.07,0.07,15/04/2024 6:00
2024,4,15,7,1,1,15/04/2024 7:00
2024,4,15,8,7.07,10.75,15/04/2024 8:00
2024,4,15,9,18.7,18.7,15/04/2024 9:00
2024,4,15,10,1.5,1.5,15/04/2024 10:00
2024,4,15,11,0,0,15/04/2024 11:00
2024,4,15,12,0,0,15/04/2024 12:00
2024,4,15,13,-0.01,-0.01,15/04/2024 13:00
2024,4,15,14,-0.04,-0.04,15/04/2024 14:00
2024,4,15,15,-0.1,-0.1,15/04/2024 15:00
2024,4,15,16,-0.32,-0.32,15/04/2024 16:00
2024,4,15,17,-0.63,-1,15/04/2024 17:00
2024,4,15,18,-0.09,-0.09,15/04/2024 18:00
2024,4,15,19,0,0,15/04/2024 19:00
2024,4,15,20,0.44,0.44,15/04/2024 20:00
2024,4,15,21,10,10,15/04/2024 21:00
2024,4,15,22,19.72,19.72,15/04/2024 22:00
2024,4,15,23,6,6,15/04/2024 23:00
2024,4,15,24,4.2,4.2,16/04/2024 0:00
2024,4,16,1,0.44,0.44,16/04/2024 1:00
2024,4,16,2,0,0,16/04/2024 2:00
2024,4,16,3,0,0,16/04/2024 3:00
2024,4,16,4,0,0,16/04/2024 4:00
2024,4,16,5,0,0,16/04/2024 5:00
2024,4,16,6,0,0,16/04/2024 6:00
2024,4,16,7,0.08,0.08,16/04/2024 7:00
2024,4,16,8,6,6,16/04/2024 8:00
2024,4,16,9,4.47,4.47,16/04/2024 9:00
2024,4,16,10,0,0,16/04/2024 10:00
2024,4,16,11,-0.01,-0.01,16/04/2024 11:00
2024,4,16,12,-0.01,-0.01,16/04/2024 12:00
2024,4,16,13,-0.03,-0.03,16/04/2024 13:00
2024,4,16,14,-0.1,-0.1,16/04/2024 14:00
2024,4,16,15,-0.1,-0.1,16/04/2024 15:00
2024,4,16,16,-0.1,-0.1,16/04/2024 16:00
2024,4,16,17,-0.13,-0.13,16/04/2024 17:00
2024,4,16,18,-0.1,-0.1,16/04/2024 18:00
2024,4,16,19,-0.01,-0.01,16/04/2024 19:00
2024,4,16,20,0,0,16/04/2024 20:00
2024,4,16,21,4.15,4.15,16/04/2024 21:00
2024,4,16,22,10.01,10.01,16/04/2024 22:00
2024,4,16,23,5,5,16/04/2024 23:00
2024,4,16,24,3.25,3.25,17/04/2024 0:00
2024,4,17,1,3.25,3.25,17/04/2024 1:00
2024,4,17,2,3.25,3.25,17/04/2024 2:00
2024,4,17,3,1.77,1.77,17/04/2024 3:00
2024,4,17,4,1.24,1.24,17/04/2024 4:00
2024,4,17,5,1,1,17/04/2024 5:00
2024,4,17,6,1.5,1.5,17/04/2024 6:00
2024,4,17,7,3.25,3.25,17/04/2024 7:00
2024,4,17,8,5.65,19.72,17/04/2024 8:00
2024,4,17,9,5,5,17/04/2024 9:00
2024,4,17,10,0.44,0.44,17/04/2024 10:00
2024,4,17,11,0,0,17/04/2024 11:00
2024,4,17,12,-0.01,-0.01,17/04/2024 12:00
2024,4,17,13,-0.02,-0.02,17/04/2024 13:00
2024,4,17,14,-0.03,-0.03,17/04/2024 14:00
2024,4,17,15,-0.05,-0.05,17/04/2024 15:00
2024,4,17,16,-0.05,-0.05,17/04/2024 16:00
2024,4,17,17,-0.03,-0.03,17/04/2024 17:00
2024,4,17,18,-0.01,-0.01,17/04/2024 18:00
2024,4,17,19,0,0,17/04/2024 19:00
2024,4,17,20,0.44,0.44,17/04/2024 20:00
2024,4,17,21,6,6,17/04/2024 21:00
2024,4,17,22,22.34,22.34,17/04/2024 22:00
2024,4,17,23,6,6,17/04/2024 23:00
2024,4,17,24,3.25,3.25,18/04/2024 0:00
2024,4,18,1,3.25,3.25,18/04/2024 1:00
2024,4,18,2,2.9,2.9,18/04/2024 2:00
2024,4,18,3,2.2,2.2,18/04/2024 3:00
2024,4,18,4,2,2,18/04/2024 4:00
2024,4,18,5,1.77,1.77,18/04/2024 5:00
2024,4,18,6,2,2,18/04/2024 6:00
2024,4,18,7,3.25,3.25,18/04/2024 7:00
2024,4,18,8,5.15,21.03,18/04/2024 8:00
2024,4,18,9,6,6,18/04/2024 9:00
2024,4,18,10,1.77,1.77,18/04/2024 10:00
2024,4,18,11,0,0,18/04/2024 11:00
2024,4,18,12,0,0,18/04/2024 12:00
2024,4,18,13,0,0,18/04/2024 13:00
2024,4,18,14,0,0,18/04/2024 14:00
2024,4,18,15,0,0,18/04/2024 15:00
2024,4,18,16,-0.01,-0.01,18/04/2024 16:00
2024,4,18,17,0,0,18/04/2024 17:00
2024,4,18,18,0,0,18/04/2024 18:00
2024,4,18,19,0,0,18/04/2024 19:00
2024,4,18,20,2,2,18/04/2024 20:00
2024,4,18,21,12.17,12.17,18/04/2024 21:00
2024,4,18,22,30.77,30.77,18/04/2024 22:00
2024,4,18,23,14.21,14.21,18/04/2024 23:00
2024,4,18,24,3.6,3.6,19/04/2024 0:00
2024,4,19,1,13.07,13.07,19/04/2024 1:00
2024,4,19,2,12.17,12.17,19/04/2024 2:00
2024,4,19,3,12.59,12.59,19/04/2024 3:00
2024,4,19,4,12.81,13.75,19/04/2024 4:00
2024,4,19,5,9.02,9.02,19/04/2024 5:00
2024,4,19,6,11.55,17.59,19/04/2024 6:00
2024,4,19,7,21,25.73,19/04/2024 7:00
2024,4,19,8,35,35,19/04/2024 8:00
2024,4,19,9,32.62,35,19/04/2024 9:00
2024,4,19,10,8.6,8.6,19/04/2024 10:00
2024,4,19,11,3.35,3.35,19/04/2024 11:00
2024,4,19,12,3.25,3.25,19/04/2024 12:00
2024,4,19,13,0.6,0.6,19/04/2024 13:00
2024,4,19,14,0.04,0.04,19/04/2024 14:00
2024,4,19,15,0.02,0.02,19/04/2024 15:00
2024,4,19,16,0,0,19/04/2024 16:00
2024,4,19,17,0,0,19/04/2024 17:00
2024,4,19,18,2.5,2.5,19/04/2024 18:00
2024,4,19,19,7.62,7.62,19/04/2024 19:00
2024,4,19,20,21.96,21.96,19/04/2024 20:00
2024,4,19,21,34.96,34.96,19/04/2024 21:00
2024,4,19,22,37.52,37.52,19/04/2024 22:00
2024,4,19,23,35,35,19/04/2024 23:00
2024,4,19,24,35,35,20/04/2024 0:00
2024,4,20,1,24.69,24.69,20/04/2024 1:00
2024,4,20,2,10,10,20/04/2024 2:00
2024,4,20,3,11.39,11.39,20/04/2024 3:00
2024,4,20,4,10,10,20/04/2024 4:00
2024,4,20,5,9.57,9.57,20/04/2024 5:00
2024,4,20,6,7,7,20/04/2024 6:00
2024,4,20,7,7.54,7.54,20/04/2024 7:00
2024,4,20,8,8.43,8.43,20/04/2024 8:00
2024,4,20,9,7.42,7.42,20/04/2024 9:00
2024,4,20,10,2.1,2.1,20/04/2024 10:00
2024,4,20,11,0.44,0.44,20/04/2024 11:00
2024,4,20,12,0.05,0.05,20/04/2024 12:00
2024,4,20,13,0,0,20/04/2024 13:00
2024,4,20,14,0,0,20/04/2024 14:00
2024,4,20,15,0,0,20/04/2024 15:00
2024,4,20,16,-0.04,-0.04,20/04/2024 16:00
2024,4,20,17,-0.01,-0.07,20/04/2024 17:00
2024,4,20,18,0,-0.01,20/04/2024 18:00
2024,4,20,19,0.04,0.04,20/04/2024 19:00
2024,4,20,20,3.25,3.25,20/04/2024 20:00
2024,4,20,21,7.88,7.88,20/04/2024 21:00
2024,4,20,22,10,10,20/04/2024 22:00
2024,4,20,23,8.58,8.58,20/04/2024 23:00
2024,4,20,24,7.54,7.54,21/04/2024 0:00
2024,4,21,1,3.25,3.25,21/04/2024 1:00
2024,4,21,2,3.25,3.25,21/04/2024 2:00
2024,4,21,3,3.22,3.22,21/04/2024 3:00
2024,4,21,4,3.25,3.25,21/04/2024 4:00
2024,4,21,5,3.25,3.25,21/04/2024 5:00
2024,4,21,6,3.25,3.25,21/04/2024 6:00
2024,4,21,7,3.6,3.6,21/04/2024 7:00
2024,4,21,8,7.46,7.46,21/04/2024 8:00
2024,4,21,9,3.25,3.25,21/04/2024 9:00
2024,4,21,10,0.44,0.44,21/04/2024 10:00
2024,4,21,11,0,0,21/04/2024 11:00
2024,4,21,12,-0.01,-0.01,21/04/2024 12:00
2024,4,21,13,-0.07,-0.07,21/04/2024 13:00
2024,4,21,14,-0.01,-1.21,21/04/2024 14:00
2024,4,21,15,-0.01,-1.49,21/04/2024 15:00
2024,4,21,16,-0.1,-1.5,21/04/2024 16:00
2024,4,21,17,-0.1,-1.32,21/04/2024 17:00
2024,4,21,18,-0.1,-0.25,21/04/2024 18:00
2024,4,21,19,-0.01,-0.01,21/04/2024 19:00
2024,4,21,20,0.44,0.44,21/04/2024 20:00
2024,4,21,21,3.35,3.35,21/04/2024 21:00
2024,4,21,22,8.93,8.93,21/04/2024 22:00
2024,4,21,23,7.46,7.46,21/04/2024 23:00
2024,4,21,24,3.6,3.6,22/04/2024 0:00
2024,4,22,1,3,3,22/04/2024 1:00
2024,4,22,2,2,2,22/04/2024 2:00
2024,4,22,3,1.1,1.1,22/04/2024 3:00
2024,4,22,4,1.01,1.01,22/04/2024 4:00
2024,4,22,5,0.49,0.49,22/04/2024 5:00
2024,4,22,6,1,1,22/04/2024 6:00
2024,4,22,7,1.1,1.1,22/04/2024 7:00
2024,4,22,8,3.25,3.25,22/04/2024 8:00
2024,4,22,9,1.1,1.1,22/04/2024 9:00
2024,4,22,10,0,0,22/04/2024 10:00
2024,4,22,11,0,0,22/04/2024 11:00
2024,4,22,12,-0.01,-0.01,22/04/2024 12:00
2024,4,22,13,-0.03,-0.03,22/04/2024 13:00
2024,4,22,14,-0.05,-0.05,22/04/2024 14:00
2024,4,22,15,-0.1,-0.1,22/04/2024 15:00
2024,4,22,16,-0.25,-0.25,22/04/2024 16:00
2024,4,22,17,-0.3,-0.3,22/04/2024 17:00
2024,4,22,18,-0.1,-0.1,22/04/2024 18:00
2024,4,22,19,0,0,22/04/2024 19:00
2024,4,22,20,0.45,0.45,22/04/2024 20:00
2024,4,22,21,6,6,22/04/2024 21:00
2024,4,22,22,12.81,12.81,22/04/2024 22:00
2024,4,22,23,7.62,7.62,22/04/2024 23:00
2024,4,22,24,5.54,5.54,23/04/2024 0:00
2024,4,23,1,6.15,6.15,23/04/2024 1:00
2024,4,23,2,3.6,3.6,23/04/2024 2:00
2024,4,23,3,3.25,3.25,23/04/2024 3:00
2024,4,23,4,3.35,3.35,23/04/2024 4:00
2024,4,23,5,3.6,3.6,23/04/2024 5:00
2024,4,23,6,5,5,23/04/2024 6:00
2024,4,23,7,6.58,6.58,23/04/2024 7:00
2024,4,23,8,20,20,23/04/2024 8:00
2024,4,23,9,6.9,6.9,23/04/2024 9:00
2024,4,23,10,0.5,0.5,23/04/2024 10:00
2024,4,23,11,0,0,23/04/2024 11:00
2024,4,23,12,0,0,23/04/2024 12:00
2024,4,23,13,0,0,23/04/2024 13:00
2024,4,23,14,0,0,23/04/2024 14:00
2024,4,23,15,0,-0.01,23/04/2024 15:00
2024,4,23,16,0,-0.01,23/04/2024 16:00
2024,4,23,17,0,-0.01,23/04/2024 17:00
2024,4,23,18,0,0,23/04/2024 18:00
2024,4,23,19,0,0,23/04/2024 19:00
2024,4,23,20,1,1,23/04/2024 20:00
2024,4,23,21,12.17,12.17,23/04/2024 21:00
2024,4,23,22,35,35,23/04/2024 22:00
2024,4,23,23,24.89,24.89,23/04/2024 23:00
2024,4,23,24,8.21,8.21,24/04/2024 0:00
2024,4,24,1,23.21,23.21,24/04/2024 1:00
2024,4,24,2,16.05,16.05,24/04/2024 2:00
2024,4,24,3,12.08,12.08,24/04/2024 3:00
2024,4,24,4,11.28,11.28,24/04/2024 4:00
2024,4,24,5,10.7,10.7,24/04/2024 5:00
2024,4,24,6,11.93,11.93,24/04/2024 6:00
2024,4,24,7,17.33,17.33,24/04/2024 7:00
2024,4,24,8,33.69,33.69,24/04/2024 8:00
2024,4,24,9,24.89,24.89,24/04/2024 9:00
2024,4,24,10,5,5,24/04/2024 10:00
2024,4,24,11,1,1,24/04/2024 11:00
2024,4,24,12,0.04,0.04,24/04/2024 12:00
2024,4,24,13,0,0,24/04/2024 13:00
2024,4,24,14,0,0,24/04/2024 14:00
2024,4,24,15,0,0,24/04/2024 15:00
2024,4,24,16,0,0,24/04/2024 16:00
2024,4,24,17,0,0,24/04/2024 17:00
2024,4,24,18,0.04,0.04,24/04/2024 18:00
2024,4,24,19,3.25,3.25,24/04/2024 19:00
2024,4,24,20,24.89,24.89,24/04/2024 20:00
2024,4,24,21,35.02,35.02,24/04/2024 21:00
2024,4,24,22,101.48,101.48,24/04/2024 22:00
2024,4,24,23,78.85,78.85,24/04/2024 23:00
2024,4,24,24,35.01,35.01,25/04/2024 0:00
2024,4,25,1,38.07,38.07,25/04/2024 1:00
2024,4,25,2,35.02,35.02,25/04/2024 2:00
2024,4,25,3,35.01,35.01,25/04/2024 3:00
2024,4,25,4,35.01,35.01,25/04/2024 4:00
2024,4,25,5,35.01,35.01,25/04/2024 5:00
2024,4,25,6,35.01,35.01,25/04/2024 6:00
2024,4,25,7,38.69,38.69,25/04/2024 7:00
2024,4,25,8,90.22,100,25/04/2024 8:00
2024,4,25,9,66.85,66.85,25/04/2024 9:00
2024,4,25,10,35,35,25/04/2024 10:00
2024,4,25,11,26.96,26.96,25/04/2024 11:00
2024,4,25,12,22.3,22.3,25/04/2024 12:00
2024,4,25,13,19.29,19.29,25/04/2024 13:00
2024,4,25,14,15.65,15.65,25/04/2024 14:00
2024,4,25,15,9.99,9.99,25/04/2024 15:00
2024,4,25,16,7,7,25/04/2024 16:00
2024,4,25,17,6,6,25/04/2024 17:00
2024,4,25,18,9.35,9.35,25/04/2024 18:00
2024,4,25,19,22.3,22.3,25/04/2024 19:00
2024,4,25,20,32.56,32.56,25/04/2024 20:00
2024,4,25,21,59.63,88.61,25/04/2024 21:00
2024,4,25,22,95.22,109.9,25/04/2024 22:00
2024,4,25,23,78.09,91.35,25/04/2024 23:00
2024,4,25,24,78.09,79.74,26/04/2024 0:00
2024,4,26,1,79.87,79.87,26/04/2024 1:00
2024,4,26,2,74,74,26/04/2024 2:00
2024,4,26,3,65.15,65.15,26/04/2024 3:00
2024,4,26,4,74.07,74.07,26/04/2024 4:00
2024,4,26,5,77.1,77.1,26/04/2024 5:00
2024,4,26,6,73.88,73.88,26/04/2024 6:00
2024,4,26,7,91.82,91.82,26/04/2024 7:00
2024,4,26,8,104.06,104.06,26/04/2024 8:00
2024,4,26,9,96.06,96.06,26/04/2024 9:00
2024,4,26,10,81.08,81.08,26/04/2024 10:00
2024,4,26,11,35.33,35.33,26/04/2024 11:00
2024,4,26,12,35,35,26/04/2024 12:00
2024,4,26,13,33.75,33.75,26/04/2024 13:00
2024,4,26,14,31.2,31.2,26/04/2024 14:00
2024,4,26,15,21.2,21.2,26/04/2024 15:00
2024,4,26,16,20.1,20.1,26/04/2024 16:00
2024,4,26,17,16.98,16.98,26/04/2024 17:00
2024,4,26,18,20.2,20.2,26/04/2024 18:00
2024,4,26,19,24.89,24.89,26/04/2024 19:00
2024,4,26,20,35,35,26/04/2024 20:00
2024,4,26,21,58.53,58.53,26/04/2024 21:00
2024,4,26,22,96.06,96.06,26/04/2024 22:00
2024,4,26,23,81.49,81.49,26/04/2024 23:00
2024,4,26,24,52.97,52.97,27/04/2024 0:00
2024,4,27,1,47.88,47.88,27/04/2024 1:00
2024,4,27,2,40,40,27/04/2024 2:00
2024,4,27,3,35,35,27/04/2024 3:00
2024,4,27,4,35,35,27/04/2024 4:00
2024,4,27,5,35,35,27/04/2024 5:00
2024,4,27,6,35,35,27/04/2024 6:00
2024,4,27,7,35,35,27/04/2024 7:00
2024,4,27,8,34.21,34.21,27/04/2024 8:00
2024,4,27,9,30,30,27/04/2024 9:00
2024,4,27,10,15.4,15.4,27/04/2024 10:00
2024,4,27,11,7.3,7.3,27/04/2024 11:00
2024,4,27,12,3.25,3.25,27/04/2024 12:00
2024,4,27,13,0.03,0.03,27/04/2024 13:00
2024,4,27,14,0,0,27/04/2024 14:00
2024,4,27,15,0,0,27/04/2024 15:00
2024,4,27,16,0,0,27/04/2024 16:00
2024,4,27,17,0,0,27/04/2024 17:00
2024,4,27,18,0,0,27/04/2024 18:00
2024,4,27,19,0.44,0.44,27/04/2024 19:00
2024,4,27,20,14.98,14.98,27/04/2024 20:00
2024,4,27,21,45.51,45.51,27/04/2024 21:00
2024,4,27,22,65.27,65.27,27/04/2024 22:00
2024,4,27,23,62.78,62.78,27/04/2024 23:00
2024,4,27,24,58.52,58.52,28/04/2024 0:00
2024,4,28,1,56.39,56.39,28/04/2024 1:00
2024,4,28,2,38.96,38.96,28/04/2024 2:00
2024,4,28,3,39.6,39.6,28/04/2024 3:00
2024,4,28,4,35.01,35.01,28/04/2024 4:00
2024,4,28,5,35.01,35.01,28/04/2024 5:00
2024,4,28,6,35.5,35.5,28/04/2024 6:00
2024,4,28,7,35.76,35.76,28/04/2024 7:00
2024,4,28,8,36.73,36.73,28/04/2024 8:00
2024,4,28,9,35,35,28/04/2024 9:00
2024,4,28,10,14.98,14.98,28/04/2024 10:00
2024,4,28,11,0.44,0.44,28/04/2024 11:00
2024,4,28,12,0,0,28/04/2024 12:00
2024,4,28,13,0,0,28/04/2024 13:00
2024,4,28,14,0,0,28/04/2024 14:00
2024,4,28,15,0,0,28/04/2024 15:00
2024,4,28,16,0,0,28/04/2024 16:00
2024,4,28,17,-0.01,-0.01,28/04/2024 17:00
2024,4,28,18,0,0,28/04/2024 18:00
2024,4,28,19,20.66,20.66,28/04/2024 19:00
2024,4,28,20,35.01,35.01,28/04/2024 20:00
2024,4,28,21,58.88,58.88,28/04/2024 21:00
2024,4,28,22,78.56,78.56,28/04/2024 22:00
2024,4,28,23,72.21,72.21,28/04/2024 23:00
2024,4,28,24,60.65,60.65,29/04/2024 0:00
2024,4,29,1,63.15,63.15,29/04/2024 1:00
2024,4,29,2,60.05,60.05,29/04/2024 2:00
2024,4,29,3,58.93,58.93,29/04/2024 3:00
2024,4,29,4,58.87,58.87,29/04/2024 4:00
2024,4,29,5,56,56,29/04/2024 5:00
2024,4,29,6,58.52,58.52,29/04/2024 6:00
2024,4,29,7,52.25,52.25,29/04/2024 7:00
2024,4,29,8,102.26,102.26,29/04/2024 8:00
2024,4,29,9,96.24,96.24,29/04/2024 9:00
2024,4,29,10,59.79,59.79,29/04/2024 10:00
2024,4,29,11,45.5,45.5,29/04/2024 11:00
2024,4,29,12,36.73,36.73,29/04/2024 12:00
2024,4,29,13,35.1,35.1,29/04/2024 13:00
2024,4,29,14,35.01,35.01,29/04/2024 14:00
2024,4,29,15,35.01,35.01,29/04/2024 15:00
2024,4,29,16,35.01,35.01,29/04/2024 16:00
2024,4,29,17,35,35,29/04/2024 17:00
2024,4,29,18,35.2,35.2,29/04/2024 18:00
2024,4,29,19,40.74,40.74,29/04/2024 19:00
2024,4,29,20,60.53,60.53,29/04/2024 20:00
2024,4,29,21,87.21,87.21,29/04/2024 21:00
2024,4,29,22,97.92,97.92,29/04/2024 22:00
2024,4,29,23,83.75,83.75,29/04/2024 23:00
2024,4,29,24,69.77,69.77,30/04/2024 0:00
2024,4,30,1,73.73,73.73,30/04/2024 1:00
2024,4,30,2,57.83,57.83,30/04/2024 2:00
2024,4,30,3,58.99,58.99,30/04/2024 3:00
2024,4,30,4,68.81,68.81,30/04/2024 4:00
2024,4,30,5,64.77,64.77,30/04/2024 5:00
2024,4,30,6,77.13,77.13,30/04/2024 6:00
2024,4,30,7,85.36,85.36,30/04/2024 7:00
2024,4,30,8,99.32,99.32,30/04/2024 8:00
2024,4,30,9,84.41,84.41,30/04/2024 9:00
2024,4,30,10,58,58,30/04/2024 10:00
2024,4,30,11,41,41,30/04/2024 11:00
2024,4,30,12,35.01,35.01,30/04/2024 12:00
2024,4,30,13,28.26,28.26,30/04/2024 13:00
2024,4,30,14,15.1,15.1,30/04/2024 14:00
2024,4,30,15,17.5,17.5,30/04/2024 15:00
2024,4,30,16,19.14,19.14,30/04/2024 16:00
2024,4,30,17,17.5,17.5,30/04/2024 17:00
2024,4,30,18,20.4,20.4,30/04/2024 18:00
2024,4,30,19,31.96,31.96,30/04/2024 19:00
2024,4,30,20,48.25,48.25,30/04/2024 20:00
2024,4,30,21,60.1,60.1,30/04/2024 21:00
2024,4,30,22,83.91,83.91,30/04/2024 22:00
2024,4,30,23,70.98,70.98,30/04/2024 23:00
2024,4,30,24,65,65,01/05/2024 0:00
2024,5,1,1,35.01,35.01,01/05/2024 1:00
2024,5,1,2,34.99,34.99,01/05/2024 2:00
2024,5,1,3,21.07,21.07,01/05/2024 3:00
2024,5,1,4,19.77,19.77,01/05/2024 4:00
2024,5,1,5,17.83,17.83,01/05/2024 5:00
2024,5,1,6,17.83,17.83,01/05/2024 6:00
2024,5,1,7,18.97,18.97,01/05/2024 7:00
2024,5,1,8,17.83,17.83,01/05/2024 8:00
2024,5,1,9,8,8,01/05/2024 9:00
2024,5,1,10,3,3,01/05/2024 10:00
2024,5,1,11,-0.01,-0.01,01/05/2024 11:00
2024,5,1,12,-0.07,-0.07,01/05/2024 12:00
2024,5,1,13,-0.06,-0.06,01/05/2024 13:00
2024,5,1,14,-0.47,-1,01/05/2024 14:00
2024,5,1,15,-0.58,-1.26,01/05/2024 15:00
2024,5,1,16,-0.6,-1.29,01/05/2024 16:00
2024,5,1,17,-0.66,-1.29,01/05/2024 17:00
2024,5,1,18,-0.13,-0.13,01/05/2024 18:00
2024,5,1,19,0,0,01/05/2024 19:00
2024,5,1,20,0.44,0.44,01/05/2024 20:00
2024,5,1,21,19,19,01/05/2024 21:00
2024,5,1,22,35,35,01/05/2024 22:00
2024,5,1,23,33.4,33.4,01/05/2024 23:00
2024,5,1,24,23.71,23.71,02/05/2024 0:00
2024,5,2,1,14.56,14.56,02/05/2024 1:00
2024,5,2,2,10.94,10.94,02/05/2024 2:00
2024,5,2,3,10,10,02/05/2024 3:00
2024,5,2,4,7.8,7.8,02/05/2024 4:00
2024,5,2,5,8,8,02/05/2024 5:00
2024,5,2,6,10.94,10.94,02/05/2024 6:00
2024,5,2,7,22.9,22.9,02/05/2024 7:00
2024,5,2,8,35.01,35.01,02/05/2024 8:00
2024,5,2,9,35,35,02/05/2024 9:00
2024,5,2,10,10.94,10.94,02/05/2024 10:00
2024,5,2,11,3.25,3.25,02/05/2024 11:00
2024,5,2,12,2.49,2.49,02/05/2024 12:00
2024,5,2,13,1.79,1.79,02/05/2024 13:00
2024,5,2,14,1.83,1.83,02/05/2024 14:00
2024,5,2,15,0,0,02/05/2024 15:00
2024,5,2,16,0.44,0.44,02/05/2024 16:00
2024,5,2,17,1.06,1.06,02/05/2024 17:00
2024,5,2,18,0.44,0.44,02/05/2024 18:00
2024,5,2,19,5.39,5.39,02/05/2024 19:00
2024,5,2,20,17.6,17.6,02/05/2024 20:00
2024,5,2,21,35.4,35.4,02/05/2024 21:00
2024,5,2,22,59.14,59.14,02/05/2024 22:00
2024,5,2,23,43.9,43.9,02/05/2024 23:00
2024,5,2,24,35.64,35.64,03/05/2024 0:00
2024,5,3,1,35.01,35.01,03/05/2024 1:00
2024,5,3,2,35.01,35.01,03/05/2024 2:00
2024,5,3,3,35,35,03/05/2024 3:00
2024,5,3,4,35,35,03/05/2024 4:00
2024,5,3,5,35,35,03/05/2024 5:00
2024,5,3,6,34.43,34.43,03/05/2024 6:00
2024,5,3,7,35,35,03/05/2024 7:00
2024,5,3,8,41,41,03/05/2024 8:00
2024,5,3,9,35,35,03/05/2024 9:00
2024,5,3,10,28.9,28.9,03/05/2024 10:00
2024,5,3,11,16.2,16.2,03/05/2024 11:00
2024,5,3,12,4.99,4.99,03/05/2024 12:00
2024,5,3,13,6.1,6.1,03/05/2024 13:00
2024,5,3,14,5,5,03/05/2024 14:00
2024,5,3,15,3.25,3.25,03/05/2024 15:00
2024,5,3,16,2.51,2.51,03/05/2024 16:00
2024,5,3,17,0.44,0.44,03/05/2024 17:00
2024,5,3,18,3.25,3.25,03/05/2024 18:00
2024,5,3,19,9.08,9.08,03/05/2024 19:00
2024,5,3,20,27.94,27.94,03/05/2024 20:00
2024,5,3,21,40,40,03/05/2024 21:00
2024,5,3,22,66.52,66.52,03/05/2024 22:00
2024,5,3,23,50.02,50.02,03/05/2024 23:00
2024,5,3,24,42,42,04/05/2024 0:00
2024,5,4,1,35,35,04/05/2024 1:00
2024,5,4,2,33.11,33.11,04/05/2024 2:00
2024,5,4,3,27.94,27.94,04/05/2024 3:00
2024,5,4,4,18.9,18.9,04/05/2024 4:00
2024,5,4,5,16.2,16.2,04/05/2024 5:00
2024,5,4,6,18.9,18.9,04/05/2024 6:00
2024,5,4,7,22.23,22.23,04/05/2024 7:00
2024,5,4,8,26.22,26.22,04/05/2024 8:00
2024,5,4,9,16.2,16.2,04/05/2024 9:00
2024,5,4,10,2.1,2.1,04/05/2024 10:00
2024,5,4,11,0.01,0.01,04/05/2024 11:00
2024,5,4,12,0,0,04/05/2024 12:00
2024,5,4,13,0,0,04/05/2024 13:00
2024,5,4,14,0,0,04/05/2024 14:00
2024,5,4,15,0,0,04/05/2024 15:00
2024,5,4,16,0,0,04/05/2024 16:00
2024,5,4,17,0,0,04/05/2024 17:00
2024,5,4,18,0,0,04/05/2024 18:00
2024,5,4,19,0,0,04/05/2024 19:00
2024,5,4,20,3.25,3.25,04/05/2024 20:00
2024,5,4,21,30,30,04/05/2024 21:00
2024,5,4,22,35.01,35.01,04/05/2024 22:00
2024,5,4,23,35.02,35.02,04/05/2024 23:00
2024,5,4,24,35.01,35.01,05/05/2024 0:00
2024,5,5,1,30,30,05/05/2024 1:00
2024,5,5,2,26.87,26.87,05/05/2024 2:00
2024,5,5,3,24.13,24.13,05/05/2024 3:00
2024,5,5,4,22.62,22.62,05/05/2024 4:00
2024,5,5,5,22.86,22.86,05/05/2024 5:00
2024,5,5,6,24.81,24.81,05/05/2024 6:00
2024,5,5,7,26.87,26.87,05/05/2024 7:00
2024,5,5,8,25.63,25.63,05/05/2024 8:00
2024,5,5,9,16.72,16.72,05/05/2024 9:00
2024,5,5,10,3.25,3.25,05/05/2024 10:00
2024,5,5,11,1.88,1.88,05/05/2024 11:00
2024,5,5,12,0.44,0.44,05/05/2024 12:00
2024,5,5,13,0,0,05/05/2024 13:00
2024,5,5,14,-0.04,-0.04,05/05/2024 14:00
2024,5,5,15,-0.58,-0.58,05/05/2024 15:00
2024,5,5,16,-0.1,-0.1,05/05/2024 16:00
2024,5,5,17,0,0,05/05/2024 17:00
2024,5,5,18,0,0,05/05/2024 18:00
2024,5,5,19,3.25,3.25,05/05/2024 19:00
2024,5,5,20,6.1,6.1,05/05/2024 20:00
2024,5,5,21,29.9,29.9,05/05/2024 21:00
2024,5,5,22,54.33,54.33,05/05/2024 22:00
2024,5,5,23,51.61,51.61,05/05/2024 23:00
2024,5,5,24,50.15,50.15,06/05/2024 0:00
2024,5,6,1,63.58,63.58,06/05/2024 1:00
2024,5,6,2,55.99,55.99,06/05/2024 2:00
2024,5,6,3,51.91,51.91,06/05/2024 3:00
2024,5,6,4,53.96,53.96,06/05/2024 4:00
2024,5,6,5,51.08,51.08,06/05/2024 5:00
2024,5,6,6,53.96,53.96,06/05/2024 6:00
2024,5,6,7,57.1,57.1,06/05/2024 7:00
2024,5,6,8,84.03,84.03,06/05/2024 8:00
2024,5,6,9,86.89,86.89,06/05/2024 9:00
2024,5,6,10,61.54,61.54,06/05/2024 10:00
2024,5,6,11,45.13,45.13,06/05/2024 11:00
2024,5,6,12,35,35,06/05/2024 12:00
2024,5,6,13,18.9,18.9,06/05/2024 13:00
2024,5,6,14,10,10,06/05/2024 14:00
2024,5,6,15,6.1,6.1,06/05/2024 15:00
2024,5,6,16,4.99,4.99,06/05/2024 16:00
2024,5,6,17,4.23,4.23,06/05/2024 17:00
2024,5,6,18,5,5,06/05/2024 18:00
2024,5,6,19,9.9,9.9,06/05/2024 19:00
2024,5,6,20,37.62,37.62,06/05/2024 20:00
2024,5,6,21,75.1,75.1,06/05/2024 21:00
2024,5,6,22,97.69,97.69,06/05/2024 22:00
2024,5,6,23,93.2,93.2,06/05/2024 23:00
2024,5,6,24,84.42,84.42,07/05/2024 0:00
2024,5,7,1,81.73,81.73,07/05/2024 1:00
2024,5,7,2,77.64,77.64,07/05/2024 2:00
2024,5,7,3,74.77,74.77,07/05/2024 3:00
2024,5,7,4,68.24,68.24,07/05/2024 4:00
2024,5,7,5,66.82,66.82,07/05/2024 5:00
2024,5,7,6,69.09,69.09,07/05/2024 6:00
2024,5,7,7,75.98,75.98,07/05/2024 7:00
2024,5,7,8,99.87,99.87,07/05/2024 8:00
2024,5,7,9,75.62,75.62,07/05/2024 9:00
2024,5,7,10,35,35,07/05/2024 10:00
2024,5,7,11,10,10,07/05/2024 11:00
2024,5,7,12,9.99,3.6,07/05/2024 12:00
2024,5,7,13,8,0,07/05/2024 13:00
2024,5,7,14,7.53,0,07/05/2024 14:00
2024,5,7,15,5,0,07/05/2024 15:00
2024,5,7,16,0.31,0,07/05/2024 16:00
2024,5,7,17,0,0,07/05/2024 17:00
2024,5,7,18,1.01,0,07/05/2024 18:00
2024,5,7,19,1.01,0,07/05/2024 19:00
2024,5,7,20,35,35,07/05/2024 20:00
2024,5,7,21,56.18,56.18,07/05/2024 21:00
2024,5,7,22,67.44,67.44,07/05/2024 22:00
2024,5,7,23,62,62,07/05/2024 23:00
2024,5,7,24,50.01,50.01,08/05/2024 0:00
2024,5,8,1,30,30,08/05/2024 1:00
2024,5,8,2,20.18,20.18,08/05/2024 2:00
2024,5,8,3,19.47,19.47,08/05/2024 3:00
2024,5,8,4,17.27,17.27,08/05/2024 4:00
2024,5,8,5,19.47,19.47,08/05/2024 5:00
2024,5,8,6,18.67,18.67,08/05/2024 6:00
2024,5,8,7,21.07,21.07,08/05/2024 7:00
2024,5,8,8,35.01,35.01,08/05/2024 8:00
2024,5,8,9,30,30,08/05/2024 9:00
2024,5,8,10,18.67,18.67,08/05/2024 10:00
2024,5,8,11,10,10,08/05/2024 11:00
2024,5,8,12,6.55,6.55,08/05/2024 12:00
2024,5,8,13,3.25,3.25,08/05/2024 13:00
2024,5,8,14,3.25,3.25,08/05/2024 14:00
2024,5,8,15,3.25,3.25,08/05/2024 15:00
2024,5,8,16,3.25,3.25,08/05/2024 16:00
2024,5,8,17,7.53,3.25,08/05/2024 17:00
2024,5,8,18,8.47,3.6,08/05/2024 18:00
2024,5,8,19,11.16,10,08/05/2024 19:00
2024,5,8,20,24.5,24.5,08/05/2024 20:00
2024,5,8,21,39.52,39.52,08/05/2024 21:00
2024,5,8,22,63.38,63.38,08/05/2024 22:00
2024,5,8,23,54.36,54.36,08/05/2024 23:00
2024,5,8,24,51.91,51.91,09/05/2024 0:00
2024,5,9,1,35.01,35.01,09/05/2024 1:00
2024,5,9,2,35.01,35.01,09/05/2024 2:00
2024,5,9,3,35,35,09/05/2024 3:00
2024,5,9,4,35,35,09/05/2024 4:00
2024,5,9,5,35.01,35.01,09/05/2024 5:00
2024,5,9,6,35.01,35.01,09/05/2024 6:00
2024,5,9,7,47.33,47.33,09/05/2024 7:00
2024,5,9,8,68.78,68.78,09/05/2024 8:00
2024,5,9,9,40.15,40.15,09/05/2024 9:00
2024,5,9,10,29.9,29.9,09/05/2024 10:00
2024,5,9,11,10.99,10.99,09/05/2024 11:00
2024,5,9,12,7.23,3.25,09/05/2024 12:00
2024,5,9,13,9.41,0.44,09/05/2024 13:00
2024,5,9,14,9.41,0.44,09/05/2024 14:00
2024,5,9,15,9.41,0.44,09/05/2024 15:00
2024,5,9,16,9.41,0.44,09/05/2024 16:00
2024,5,9,17,9.41,1.74,09/05/2024 17:00
2024,5,9,18,11.16,5.89,09/05/2024 18:00
2024,5,9,19,14.99,14.99,09/05/2024 19:00
2024,5,9,20,35,35,09/05/2024 20:00
2024,5,9,21,72.94,72.94,09/05/2024 21:00
2024,5,9,22,104.62,104.62,09/05/2024 22:00
2024,5,9,23,91.83,91.83,09/05/2024 23:00
2024,5,9,24,65.72,65.72,10/05/2024 0:00
2024,5,10,1,45,45,10/05/2024 1:00
2024,5,10,2,40.74,40.74,10/05/2024 2:00
2024,5,10,3,39.95,39.95,10/05/2024 3:00
2024,5,10,4,38,38,10/05/2024 4:00
2024,5,10,5,38.55,38.55,10/05/2024 5:00
2024,5,10,6,40.86,40.86,10/05/2024 6:00
2024,5,10,7,57,57,10/05/2024 7:00
2024,5,10,8,75.72,75.72,10/05/2024 8:00
2024,5,10,9,40.89,40.89,10/05/2024 9:00
2024,5,10,10,22.98,22.98,10/05/2024 10:00
2024,5,10,11,12.1,12.1,10/05/2024 11:00
2024,5,10,12,4.5,3.25,10/05/2024 12:00
2024,5,10,13,4.5,0.98,10/05/2024 13:00
2024,5,10,14,0.44,0.44,10/05/2024 14:00
2024,5,10,15,3.24,0.44,10/05/2024 15:00
2024,5,10,16,0.99,0.88,10/05/2024 16:00
2024,5,10,17,3.25,3.25,10/05/2024 17:00
2024,5,10,18,6.31,6.31,10/05/2024 18:00
2024,5,10,19,9.76,9.76,10/05/2024 19:00
2024,5,10,20,14.99,14.99,10/05/2024 20:00
2024,5,10,21,39.52,39.52,10/05/2024 21:00
2024,5,10,22,75.72,75.72,10/05/2024 22:00
2024,5,10,23,47.25,47.25,10/05/2024 23:00
2024,5,10,24,40.17,40.17,11/05/2024 0:00
2024,5,11,1,38.86,38.86,11/05/2024 1:00
2024,5,11,2,35.01,35.01,11/05/2024 2:00
2024,5,11,3,35,35,11/05/2024 3:00
2024,5,11,4,35.01,35.01,11/05/2024 4:00
2024,5,11,5,35.01,35.01,11/05/2024 5:00
2024,5,11,6,35.01,35.01,11/05/2024 6:00
2024,5,11,7,35.01,35.01,11/05/2024 7:00
2024,5,11,8,35.01,35.01,11/05/2024 8:00
2024,5,11,9,28.07,28.07,11/05/2024 9:00
2024,5,11,10,6.4,6.4,11/05/2024 10:00
2024,5,11,11,1,0,11/05/2024 11:00
2024,5,11,12,0.98,0,11/05/2024 12:00
2024,5,11,13,0.06,0,11/05/2024 13:00
2024,5,11,14,0.05,0,11/05/2024 14:00
2024,5,11,15,0,-0.01,11/05/2024 15:00
2024,5,11,16,-0.1,-0.25,11/05/2024 16:00
2024,5,11,17,-0.41,-0.41,11/05/2024 17:00
2024,5,11,18,0,0,11/05/2024 18:00
2024,5,11,19,3.25,3.25,11/05/2024 19:00
2024,5,11,20,11.1,11.1,11/05/2024 20:00
2024,5,11,21,35,35,11/05/2024 21:00
2024,5,11,22,44,44,11/05/2024 22:00
2024,5,11,23,41.63,41.63,11/05/2024 23:00
2024,5,11,24,41.46,41.46,12/05/2024 0:00
2024,5,12,1,35.01,35.01,12/05/2024 1:00
2024,5,12,2,35,35,12/05/2024 2:00
2024,5,12,3,35,35,12/05/2024 3:00
2024,5,12,4,35,35,12/05/2024 4:00
2024,5,12,5,35,35,12/05/2024 5:00
2024,5,12,6,35,35,12/05/2024 6:00
2024,5,12,7,35,35,12/05/2024 7:00
2024,5,12,8,34.07,34.07,12/05/2024 8:00
2024,5,12,9,2.35,2.35,12/05/2024 9:00
2024,5,12,10,0,0,12/05/2024 10:00
2024,5,12,11,0,0,12/05/2024 11:00
2024,5,12,12,3.23,-0.75,12/05/2024 12:00
2024,5,12,13,3.23,-0.62,12/05/2024 13:00
2024,5,12,14,3.23,-0.66,12/05/2024 14:00
2024,5,12,15,1.7,-0.66,12/05/2024 15:00
2024,5,12,16,1.7,-1,12/05/2024 16:00
2024,5,12,17,0.1,-1,12/05/2024 17:00
2024,5,12,18,0.1,0,12/05/2024 18:00
2024,5,12,19,14.3,14.3,12/05/2024 19:00
2024,5,12,20,35,35,12/05/2024 20:00
2024,5,12,21,39.53,39.53,12/05/2024 21:00
2024,5,12,22,61.5,61.5,12/05/2024 22:00
2024,5,12,23,49.98,49.98,12/05/2024 23:00
2024,5,12,24,39.68,39.68,13/05/2024 0:00
2024,5,13,1,35,35,13/05/2024 1:00
2024,5,13,2,35,35,13/05/2024 2:00
2024,5,13,3,35,35,13/05/2024 3:00
2024,5,13,4,34.04,34.04,13/05/2024 4:00
2024,5,13,5,34.03,34.03,13/05/2024 5:00
2024,5,13,6,34,34,13/05/2024 6:00
2024,5,13,7,35,35,13/05/2024 7:00
2024,5,13,8,49.35,49.35,13/05/2024 8:00
2024,5,13,9,50,50,13/05/2024 9:00
2024,5,13,10,38.03,38.03,13/05/2024 10:00
2024,5,13,11,11.7,11.7,13/05/2024 11:00
2024,5,13,12,2.01,1.52,13/05/2024 12:00
2024,5,13,13,0.1,0,13/05/2024 13:00
2024,5,13,14,0,0,13/05/2024 14:00
2024,5,13,15,0,0,13/05/2024 15:00
2024,5,13,16,0,0,13/05/2024 16:00
2024,5,13,17,0.44,0.44,13/05/2024 17:00
2024,5,13,18,1.7,1.7,13/05/2024 18:00
2024,5,13,19,3.25,3.25,13/05/2024 19:00
2024,5,13,20,14.3,14.3,13/05/2024 20:00
2024,5,13,21,35,35,13/05/2024 21:00
2024,5,13,22,38.03,38.03,13/05/2024 22:00
2024,5,13,23,39.68,39.68,13/05/2024 23:00
2024,5,13,24,35.01,35.01,14/05/2024 0:00
2024,5,14,1,11.1,11.1,14/05/2024 1:00
2024,5,14,2,5,5,14/05/2024 2:00
2024,5,14,3,4.16,4.16,14/05/2024 3:00
2024,5,14,4,2,2,14/05/2024 4:00
2024,5,14,5,0.01,0.01,14/05/2024 5:00
2024,5,14,6,0.49,0.49,14/05/2024 6:00
2024,5,14,7,3.25,3.25,14/05/2024 7:00
2024,5,14,8,22,22,14/05/2024 8:00
2024,5,14,9,16.5,16.5,14/05/2024 9:00
2024,5,14,10,7.67,7.67,14/05/2024 10:00
2024,5,14,11,0,0,14/05/2024 11:00
2024,5,14,12,0.14,0,14/05/2024 12:00
2024,5,14,13,0,0,14/05/2024 13:00
2024,5,14,14,0,0,14/05/2024 14:00
2024,5,14,15,-0.01,-0.01,14/05/2024 15:00
2024,5,14,16,-0.06,-0.06,14/05/2024 16:00
2024,5,14,17,-0.01,-0.01,14/05/2024 17:00
2024,5,14,18,0,0,14/05/2024 18:00
2024,5,14,19,0,0,14/05/2024 19:00
2024,5,14,20,3.25,3.25,14/05/2024 20:00
2024,5,14,21,21.96,21.96,14/05/2024 21:00
2024,5,14,22,35,35,14/05/2024 22:00
2024,5,14,23,35,35,14/05/2024 23:00
2024,5,14,24,28.07,28.07,15/05/2024 0:00
2024,5,15,1,17.84,17.84,15/05/2024 1:00
2024,5,15,2,14.99,14.99,15/05/2024 2:00
2024,5,15,3,12.03,12.03,15/05/2024 3:00
2024,5,15,4,10.96,10.96,15/05/2024 4:00
2024,5,15,5,11,11,15/05/2024 5:00
2024,5,15,6,16.55,16.55,15/05/2024 6:00
2024,5,15,7,30.64,30.64,15/05/2024 7:00
2024,5,15,8,35.01,35.01,15/05/2024 8:00
2024,5,15,9,30,30,15/05/2024 9:00
2024,5,15,10,3.25,3.25,15/05/2024 10:00
2024,5,15,11,3.21,3.21,15/05/2024 11:00
2024,5,15,12,0.6,0.15,15/05/2024 12:00
2024,5,15,13,0.4,0,15/05/2024 13:00
2024,5,15,14,0,0,15/05/2024 14:00
2024,5,15,15,0,0,15/05/2024 15:00
2024,5,15,16,0,0,15/05/2024 16:00
2024,5,15,17,0,0,15/05/2024 17:00
2024,5,15,18,0,0,15/05/2024 18:00
2024,5,15,19,0.01,0.01,15/05/2024 19:00
2024,5,15,20,3.25,3.25,15/05/2024 20:00
2024,5,15,21,22.78,22.78,15/05/2024 21:00
2024,5,15,22,43.12,43.12,15/05/2024 22:00
2024,5,15,23,51.29,51.29,15/05/2024 23:00
2024,5,15,24,35.01,35.01,16/05/2024 0:00
2024,5,16,1,53.52,53.52,16/05/2024 1:00
2024,5,16,2,39.52,39.52,16/05/2024 2:00
2024,5,16,3,35.5,35.5,16/05/2024 3:00
2024,5,16,4,35.01,35.01,16/05/2024 4:00
2024,5,16,5,35,35,16/05/2024 5:00
2024,5,16,6,34.47,34.47,16/05/2024 6:00
2024,5,16,7,35,35,16/05/2024 7:00
2024,5,16,8,35.01,35.01,16/05/2024 8:00
2024,5,16,9,35.01,35.01,16/05/2024 9:00
2024,5,16,10,30,30,16/05/2024 10:00
2024,5,16,11,12,12,16/05/2024 11:00
2024,5,16,12,3.25,3.25,16/05/2024 12:00
2024,5,16,13,3.25,3.25,16/05/2024 13:00
2024,5,16,14,2.95,2.95,16/05/2024 14:00
2024,5,16,15,2.8,2.15,16/05/2024 15:00
2024,5,16,16,2.6,0.49,16/05/2024 16:00
2024,5,16,17,2.6,0.57,16/05/2024 17:00
2024,5,16,18,2.6,2.6,16/05/2024 18:00
2024,5,16,19,3.25,3.25,16/05/2024 19:00
2024,5,16,20,30,30,16/05/2024 20:00
2024,5,16,21,39.52,39.52,16/05/2024 21:00
2024,5,16,22,120,120,16/05/2024 22:00
2024,5,16,23,106.39,106.39,16/05/2024 23:00
2024,5,16,24,81.94,81.94,17/05/2024 0:00
2024,5,17,1,90.34,90.34,17/05/2024 1:00
2024,5,17,2,80.32,80.32,17/05/2024 2:00
2024,5,17,3,67.51,67.51,17/05/2024 3:00
2024,5,17,4,60,60,17/05/2024 4:00
2024,5,17,5,50.6,50.6,17/05/2024 5:00
2024,5,17,6,59.5,59.5,17/05/2024 6:00
2024,5,17,7,67.78,67.78,17/05/2024 7:00
2024,5,17,8,102.66,102.66,17/05/2024 8:00
2024,5,17,9,89.46,89.46,17/05/2024 9:00
2024,5,17,10,49.84,49.84,17/05/2024 10:00
2024,5,17,11,35.01,35.01,17/05/2024 11:00
2024,5,17,12,33.49,33.49,17/05/2024 12:00
2024,5,17,13,35.01,35.01,17/05/2024 13:00
2024,5,17,14,20.39,20.39,17/05/2024 14:00
2024,5,17,15,16.84,16.84,17/05/2024 15:00
2024,5,17,16,11.9,11.9,17/05/2024 16:00
2024,5,17,17,10.61,10.61,17/05/2024 17:00
2024,5,17,18,17.74,17.74,17/05/2024 18:00
2024,5,17,19,29.57,29.57,17/05/2024 19:00
2024,5,17,20,37.93,37.93,17/05/2024 20:00
2024,5,17,21,64.8,64.8,17/05/2024 21:00
2024,5,17,22,84.24,84.24,17/05/2024 22:00
2024,5,17,23,89.4,89.4,17/05/2024 23:00
2024,5,17,24,77.18,77.18,18/05/2024 0:00
2024,5,18,1,71.37,71.37,18/05/2024 1:00
2024,5,18,2,63.23,63.23,18/05/2024 2:00
2024,5,18,3,45.13,45.13,18/05/2024 3:00
2024,5,18,4,44.98,44.98,18/05/2024 4:00
2024,5,18,5,47.78,47.78,18/05/2024 5:00
2024,5,18,6,48.16,48.16,18/05/2024 6:00
2024,5,18,7,50.85,50.85,18/05/2024 7:00
2024,5,18,8,43.48,43.48,18/05/2024 8:00
2024,5,18,9,31.96,31.96,18/05/2024 9:00
2024,5,18,10,20.6,20.6,18/05/2024 10:00
2024,5,18,11,9.43,9.43,18/05/2024 11:00
2024,5,18,12,0.71,0.71,18/05/2024 12:00
2024,5,18,13,0,0,18/05/2024 13:00
2024,5,18,14,0,0,18/05/2024 14:00
2024,5,18,15,0,0,18/05/2024 15:00
2024,5,18,16,0,0,18/05/2024 16:00
2024,5,18,17,0,0,18/05/2024 17:00
2024,5,18,18,4.9,4.9,18/05/2024 18:00
2024,5,18,19,15.25,15.25,18/05/2024 19:00
2024,5,18,20,35,35,18/05/2024 20:00
2024,5,18,21,45.42,45.42,18/05/2024 21:00
2024,5,18,22,72.87,72.87,18/05/2024 22:00
2024,5,18,23,74.46,74.46,18/05/2024 23:00
2024,5,18,24,66.17,66.17,19/05/2024 0:00
2024,5,19,1,58.15,58.15,19/05/2024 1:00
2024,5,19,2,53.85,53.85,19/05/2024 2:00
2024,5,19,3,50.91,50.91,19/05/2024 3:00
2024,5,19,4,49.98,49.98,19/05/2024 4:00
2024,5,19,5,48.47,48.47,19/05/2024 5:00
2024,5,19,6,39.9,39.9,19/05/2024 6:00
2024,5,19,7,41.2,41.2,19/05/2024 7:00
2024,5,19,8,49.19,49.19,19/05/2024 8:00
2024,5,19,9,35,35,19/05/2024 9:00
2024,5,19,10,6.69,6.69,19/05/2024 10:00
2024,5,19,11,0,0,19/05/2024 11:00
2024,5,19,12,0,0,19/05/2024 12:00
2024,5,19,13,0.64,0,19/05/2024 13:00
2024,5,19,14,0,0,19/05/2024 14:00
2024,5,19,15,0,0,19/05/2024 15:00
2024,5,19,16,-0.03,-0.62,19/05/2024 16:00
2024,5,19,17,-0.62,-0.62,19/05/2024 17:00
2024,5,19,18,0,0,19/05/2024 18:00
2024,5,19,19,5,5,19/05/2024 19:00
2024,5,19,20,20.8,20.8,19/05/2024 20:00
2024,5,19,21,35,35,19/05/2024 21:00
2024,5,19,22,51.86,51.86,19/05/2024 22:00
2024,5,19,23,45.54,45.54,19/05/2024 23:00
2024,5,19,24,48.15,48.15,20/05/2024 0:00
2024,5,20,1,49.12,49.12,20/05/2024 1:00
2024,5,20,2,44,44,20/05/2024 2:00
2024,5,20,3,46.62,46.62,20/05/2024 3:00
2024,5,20,4,48.16,48.16,20/05/2024 4:00
2024,5,20,5,48.4,48.4,20/05/2024 5:00
2024,5,20,6,50.5,50.5,20/05/2024 6:00
2024,5,20,7,55.99,55.99,20/05/2024 7:00
2024,5,20,8,58.82,58.82,20/05/2024 8:00
2024,5,20,9,49.98,49.98,20/05/2024 9:00
2024,5,20,10,33.8,33.8,20/05/2024 10:00
2024,5,20,11,13.5,13.5,20/05/2024 11:00
2024,5,20,12,11.3,8.33,20/05/2024 12:00
2024,5,20,13,9.45,3.26,20/05/2024 13:00
2024,5,20,14,4.5,1.09,20/05/2024 14:00
2024,5,20,15,3.13,0.78,20/05/2024 15:00
2024,5,20,16,0.54,0.54,20/05/2024 16:00
2024,5,20,17,3.25,3.25,20/05/2024 17:00
2024,5,20,18,5,5,20/05/2024 18:00
2024,5,20,19,15.17,15.17,20/05/2024 19:00
2024,5,20,20,33.8,33.8,20/05/2024 20:00
2024,5,20,21,49.12,49.12,20/05/2024 21:00
2024,5,20,22,59.31,59.31,20/05/2024 22:00
2024,5,20,23,57.63,57.63,20/05/2024 23:00
2024,5,20,24,49,49,21/05/2024 0:00
2024,5,21,1,72.43,72.43,21/05/2024 1:00
2024,5,21,2,70.5,70.5,21/05/2024 2:00
2024,5,21,3,69.13,69.13,21/05/2024 3:00
2024,5,21,4,69,69,21/05/2024 4:00
2024,5,21,5,68.01,68.01,21/05/2024 5:00
2024,5,21,6,68.84,68.84,21/05/2024 6:00
2024,5,21,7,67,67,21/05/2024 7:00
2024,5,21,8,67.92,67.92,21/05/2024 8:00
2024,5,21,9,72.87,72.87,21/05/2024 9:00
2024,5,21,10,41.7,41.7,21/05/2024 10:00
2024,5,21,11,30,30,21/05/2024 11:00
2024,5,21,12,18.82,18.82,21/05/2024 12:00
2024,5,21,13,20.43,20.43,21/05/2024 13:00
2024,5,21,14,14.7,14.7,21/05/2024 14:00
2024,5,21,15,9.66,9.66,21/05/2024 15:00
2024,5,21,16,8.21,8.21,21/05/2024 16:00
2024,5,21,17,7.44,7.44,21/05/2024 17:00
2024,5,21,18,14.7,14.7,21/05/2024 18:00
2024,5,21,19,19.44,19.44,21/05/2024 19:00
2024,5,21,20,34.79,34.79,21/05/2024 20:00
2024,5,21,21,62.73,62.73,21/05/2024 21:00
2024,5,21,22,68.01,68.01,21/05/2024 22:00
2024,5,21,23,66.77,66.77,21/05/2024 23:00
2024,5,21,24,63.08,63.08,22/05/2024 0:00
2024,5,22,1,72,72,22/05/2024 1:00
2024,5,22,2,68.9,68.9,22/05/2024 2:00
2024,5,22,3,65.9,65.9,22/05/2024 3:00
2024,5,22,4,66.32,66.32,22/05/2024 4:00
2024,5,22,5,64.76,64.76,22/05/2024 5:00
2024,5,22,6,67.88,67.88,22/05/2024 6:00
2024,5,22,7,62.9,62.9,22/05/2024 7:00
2024,5,22,8,66.43,66.43,22/05/2024 8:00
2024,5,22,9,58.58,58.58,22/05/2024 9:00
2024,5,22,10,38.65,38.65,22/05/2024 10:00
2024,5,22,11,24.17,24.17,22/05/2024 11:00
2024,5,22,12,22,22,22/05/2024 12:00
2024,5,22,13,21.76,21.76,22/05/2024 13:00
2024,5,22,14,11.72,11.72,22/05/2024 14:00
2024,5,22,15,10.23,10.23,22/05/2024 15:00
2024,5,22,16,3.25,3.25,22/05/2024 16:00
2024,5,22,17,3.25,3.25,22/05/2024 17:00
2024,5,22,18,8.47,8.47,22/05/2024 18:00
2024,5,22,19,25.1,25.1,22/05/2024 19:00
2024,5,22,20,41.2,41.2,22/05/2024 20:00
2024,5,22,21,57.24,57.24,22/05/2024 21:00
2024,5,22,22,74.63,74.63,22/05/2024 22:00
2024,5,22,23,67.88,67.88,22/05/2024 23:00
2024,5,22,24,71,71,23/05/2024 0:00
2024,5,23,1,72,72,23/05/2024 1:00
2024,5,23,2,71.12,71.12,23/05/2024 2:00
2024,5,23,3,54,54,23/05/2024 3:00
2024,5,23,4,71.3,71.3,23/05/2024 4:00
2024,5,23,5,71.12,71.12,23/05/2024 5:00
2024,5,23,6,71.74,71.74,23/05/2024 6:00
2024,5,23,7,72,72,23/05/2024 7:00
2024,5,23,8,80.58,80.58,23/05/2024 8:00
2024,5,23,9,82.67,82.67,23/05/2024 9:00
2024,5,23,10,71.74,71.74,23/05/2024 10:00
2024,5,23,11,49.21,49.21,23/05/2024 11:00
2024,5,23,12,42.63,42.63,23/05/2024 12:00
2024,5,23,13,35.01,35.01,23/05/2024 13:00
2024,5,23,14,35,35,23/05/2024 14:00
2024,5,23,15,30.39,30.39,23/05/2024 15:00
2024,5,23,16,26.1,26.1,23/05/2024 16:00
2024,5,23,17,26.31,26.31,23/05/2024 17:00
2024,5,23,18,35.01,35.01,23/05/2024 18:00
2024,5,23,19,43.56,43.56,23/05/2024 19:00
2024,5,23,20,71.12,71.12,23/05/2024 20:00
2024,5,23,21,68.43,68.43,23/05/2024 21:00
2024,5,23,22,91.73,91.73,23/05/2024 22:00
2024,5,23,23,92.3,92.3,23/05/2024 23:00
2024,5,23,24,85.65,85.65,24/05/2024 0:00
2024,5,24,1,85,85,24/05/2024 1:00
2024,5,24,2,78.34,78.34,24/05/2024 2:00
2024,5,24,3,77.51,77.51,24/05/2024 3:00
2024,5,24,4,72,72,24/05/2024 4:00
2024,5,24,5,71,71,24/05/2024 5:00
2024,5,24,6,81.09,81.09,24/05/2024 6:00
2024,5,24,7,83.34,83.34,24/05/2024 7:00
2024,5,24,8,89.72,89.72,24/05/2024 8:00
2024,5,24,9,86.84,86.84,24/05/2024 9:00
2024,5,24,10,74.9,74.9,24/05/2024 10:00
2024,5,24,11,61.22,61.22,24/05/2024 11:00
2024,5,24,12,60.32,48.1,24/05/2024 12:00
2024,5,24,13,53.71,48.3,24/05/2024 13:00
2024,5,24,14,47.4,40.8,24/05/2024 14:00
2024,5,24,15,47.2,36.76,24/05/2024 15:00
2024,5,24,16,35.01,35.01,24/05/2024 16:00
2024,5,24,17,38.5,38.5,24/05/2024 17:00
2024,5,24,18,41.1,41.1,24/05/2024 18:00
2024,5,24,19,68,68,24/05/2024 19:00
2024,5,24,20,81.56,81.56,24/05/2024 20:00
2024,5,24,21,92.76,92.76,24/05/2024 21:00
2024,5,24,22,117.19,117.19,24/05/2024 22:00
2024,5,24,23,111.1,111.1,24/05/2024 23:00
2024,5,24,24,99.84,99.84,25/05/2024 0:00
2024,5,25,1,94.88,94.88,25/05/2024 1:00
2024,5,25,2,85.74,85.74,25/05/2024 2:00
2024,5,25,3,74.88,74.88,25/05/2024 3:00
2024,5,25,4,72,72,25/05/2024 4:00
2024,5,25,5,70.99,70.99,25/05/2024 5:00
2024,5,25,6,70,70,25/05/2024 6:00
2024,5,25,7,71.3,71.3,25/05/2024 7:00
2024,5,25,8,71.74,71.74,25/05/2024 8:00
2024,5,25,9,30.52,30.52,25/05/2024 9:00
2024,5,25,10,24.44,24.44,25/05/2024 10:00
2024,5,25,11,16.5,16.5,25/05/2024 11:00
2024,5,25,12,9.32,9.32,25/05/2024 12:00
2024,5,25,13,3.24,3.24,25/05/2024 13:00
2024,5,25,14,0.04,0.04,25/05/2024 14:00
2024,5,25,15,0,0,25/05/2024 15:00
2024,5,25,16,0,0,25/05/2024 16:00
2024,5,25,17,0,0,25/05/2024 17:00
2024,5,25,18,0,0,25/05/2024 18:00
2024,5,25,19,2,2,25/05/2024 19:00
2024,5,25,20,28.5,28.5,25/05/2024 20:00
2024,5,25,21,70.99,70.99,25/05/2024 21:00
2024,5,25,22,80.54,80.54,25/05/2024 22:00
2024,5,25,23,86.85,86.85,25/05/2024 23:00
2024,5,25,24,84.68,84.68,26/05/2024 0:00
2024,5,26,1,56.64,56.64,26/05/2024 1:00
2024,5,26,2,53.71,53.71,26/05/2024 2:00
2024,5,26,3,46.65,46.65,26/05/2024 3:00
2024,5,26,4,46.65,46.65,26/05/2024 4:00
2024,5,26,5,50,50,26/05/2024 5:00
2024,5,26,6,55.92,55.92,26/05/2024 6:00
2024,5,26,7,56.16,56.16,26/05/2024 7:00
2024,5,26,8,35.8,35.8,26/05/2024 8:00
2024,5,26,9,20.33,20.33,26/05/2024 9:00
2024,5,26,10,0.02,0.02,26/05/2024 10:00
2024,5,26,11,0,0,26/05/2024 11:00
2024,5,26,12,-0.01,-0.01,26/05/2024 12:00
2024,5,26,13,-0.01,-0.01,26/05/2024 13:00
2024,5,26,14,-0.01,-0.01,26/05/2024 14:00
2024,5,26,15,-0.03,-0.03,26/05/2024 15:00
2024,5,26,16,-0.6,-0.6,26/05/2024 16:00
2024,5,26,17,-0.6,-0.6,26/05/2024 17:00
2024,5,26,18,0,0,26/05/2024 18:00
2024,5,26,19,0.44,0.44,26/05/2024 19:00
2024,5,26,20,16.72,16.72,26/05/2024 20:00
2024,5,26,21,35.23,35.23,26/05/2024 21:00
2024,5,26,22,46,46,26/05/2024 22:00
2024,5,26,23,55.52,55.52,26/05/2024 23:00
2024,5,26,24,35.6,35.6,27/05/2024 0:00
2024,5,27,1,32.3,32.3,27/05/2024 1:00
2024,5,27,2,33,33,27/05/2024 2:00
2024,5,27,3,31,31,27/05/2024 3:00
2024,5,27,4,30.9,30.9,27/05/2024 4:00
2024,5,27,5,28,28,27/05/2024 5:00
2024,5,27,6,30.8,30.8,27/05/2024 6:00
2024,5,27,7,35.01,35.01,27/05/2024 7:00
2024,5,27,8,43.01,43.01,27/05/2024 8:00
2024,5,27,9,35,35,27/05/2024 9:00
2024,5,27,10,33.5,33.5,27/05/2024 10:00
2024,5,27,11,31.53,31.53,27/05/2024 11:00
2024,5,27,12,26.12,26.12,27/05/2024 12:00
2024,5,27,13,30.6,30.6,27/05/2024 13:00
2024,5,27,14,25,25,27/05/2024 14:00
2024,5,27,15,22.23,22.23,27/05/2024 15:00
2024,5,27,16,14.33,14.33,27/05/2024 16:00
2024,5,27,17,6,6,27/05/2024 17:00
2024,5,27,18,17.72,17.72,27/05/2024 18:00
2024,5,27,19,25.57,25.57,27/05/2024 19:00
2024,5,27,20,31.66,31.66,27/05/2024 20:00
2024,5,27,21,35.01,35.01,27/05/2024 21:00
2024,5,27,22,54,54,27/05/2024 22:00
2024,5,27,23,52.82,52.82,27/05/2024 23:00
2024,5,27,24,35.05,35.05,28/05/2024 0:00
2024,5,28,1,35,35,28/05/2024 1:00
2024,5,28,2,35,35,28/05/2024 2:00
2024,5,28,3,35.01,35.01,28/05/2024 3:00
2024,5,28,4,35.01,35.01,28/05/2024 4:00
2024,5,28,5,35.01,35.01,28/05/2024 5:00
2024,5,28,6,35.01,35.01,28/05/2024 6:00
2024,5,28,7,41.22,41.22,28/05/2024 7:00
2024,5,28,8,51.79,51.79,28/05/2024 8:00
2024,5,28,9,40.74,40.74,28/05/2024 9:00
2024,5,28,10,35,35,28/05/2024 10:00
2024,5,28,11,28.2,28.2,28/05/2024 11:00
2024,5,28,12,29.2,0.07,28/05/2024 12:00
2024,5,28,13,17.1,0.08,28/05/2024 13:00
2024,5,28,14,16.51,0,28/05/2024 14:00
2024,5,28,15,8.44,0,28/05/2024 15:00
2024,5,28,16,0,0,28/05/2024 16:00
2024,5,28,17,0.01,0.01,28/05/2024 17:00
2024,5,28,18,5,5,28/05/2024 18:00
2024,5,28,19,8,8,28/05/2024 19:00
2024,5,28,20,29.6,29.6,28/05/2024 20:00
2024,5,28,21,41.1,41.1,28/05/2024 21:00
2024,5,28,22,70.96,70.96,28/05/2024 22:00
2024,5,28,23,55.94,55.94,28/05/2024 23:00
2024,5,28,24,41.46,41.46,29/05/2024 0:00
2024,5,29,1,54.77,54.77,29/05/2024 1:00
2024,5,29,2,40.94,40.94,29/05/2024 2:00
2024,5,29,3,40.58,40.58,29/05/2024 3:00
2024,5,29,4,40.34,40.34,29/05/2024 4:00
2024,5,29,5,40.7,40.7,29/05/2024 5:00
2024,5,29,6,40.94,40.94,29/05/2024 6:00
2024,5,29,7,59.36,59.36,29/05/2024 7:00
2024,5,29,8,65,65,29/05/2024 8:00
2024,5,29,9,52.19,52.19,29/05/2024 9:00
2024,5,29,10,38.5,38.5,29/05/2024 10:00
2024,5,29,11,29,29,29/05/2024 11:00
2024,5,29,12,20.5,20.5,29/05/2024 12:00
2024,5,29,13,24.08,24.08,29/05/2024 13:00
2024,5,29,14,18.4,18.4,29/05/2024 14:00
2024,5,29,15,17.47,17.47,29/05/2024 15:00
2024,5,29,16,11.98,11.98,29/05/2024 16:00
2024,5,29,17,11,11,29/05/2024 17:00
2024,5,29,18,19.76,19.76,29/05/2024 18:00
2024,5,29,19,29.38,29.38,29/05/2024 19:00
2024,5,29,20,35.01,35.01,29/05/2024 20:00
2024,5,29,21,40.94,40.94,29/05/2024 21:00
2024,5,29,22,67.94,67.94,29/05/2024 22:00
2024,5,29,23,69.87,69.87,29/05/2024 23:00
2024,5,29,24,63.95,63.95,30/05/2024 0:00
2024,5,30,1,50.94,50.94,30/05/2024 1:00
2024,5,30,2,45.32,45.32,30/05/2024 2:00
2024,5,30,3,43.12,43.12,30/05/2024 3:00
2024,5,30,4,40.53,40.53,30/05/2024 4:00
2024,5,30,5,38.64,38.64,30/05/2024 5:00
2024,5,30,6,42.79,42.79,30/05/2024 6:00
2024,5,30,7,45.44,45.44,30/05/2024 7:00
2024,5,30,8,45.44,45.44,30/05/2024 8:00
2024,5,30,9,38.64,38.64,30/05/2024 9:00
2024,5,30,10,27.42,27.42,30/05/2024 10:00
2024,5,30,11,10.27,10.27,30/05/2024 11:00
2024,5,30,12,3.82,3.82,30/05/2024 12:00
2024,5,30,13,3.25,3.25,30/05/2024 13:00
2024,5,30,14,0.44,0.44,30/05/2024 14:00
2024,5,30,15,0,0,30/05/2024 15:00
2024,5,30,16,0,0,30/05/2024 16:00
2024,5,30,17,0,0,30/05/2024 17:00
2024,5,30,18,0,0,30/05/2024 18:00
2024,5,30,19,1,1,30/05/2024 19:00
2024,5,30,20,7,7,30/05/2024 20:00
2024,5,30,21,37.5,37.5,30/05/2024 21:00
2024,5,30,22,35.01,35.01,30/05/2024 22:00
2024,5,30,23,37.92,37.92,30/05/2024 23:00
2024,5,30,24,30.33,30.33,31/05/2024 0:00
2024,5,31,1,10,10,31/05/2024 1:00
2024,5,31,2,5.5,5.5,31/05/2024 2:00
2024,5,31,3,4.77,4.77,31/05/2024 3:00
2024,5,31,4,3.25,3.25,31/05/2024 4:00
2024,5,31,5,3.25,3.25,31/05/2024 5:00
2024,5,31,6,4.37,4.37,31/05/2024 6:00
2024,5,31,7,6.67,6.67,31/05/2024 7:00
2024,5,31,8,5,5,31/05/2024 8:00
2024,5,31,9,2.47,2.47,31/05/2024 9:00
2024,5,31,10,0,0,31/05/2024 10:00
2024,5,31,11,0,0,31/05/2024 11:00
2024,5,31,12,0,0,31/05/2024 12:00
2024,5,31,13,0,0,31/05/2024 13:00
2024,5,31,14,0,0,31/05/2024 14:00
2024,5,31,15,0,-0.01,31/05/2024 15:00
2024,5,31,16,-0.01,-0.01,31/05/2024 16:00
2024,5,31,17,-0.01,-0.01,31/05/2024 17:00
2024,5,31,18,-0.01,-0.01,31/05/2024 18:00
2024,5,31,19,0,0,31/05/2024 19:00
2024,5,31,20,0,0,31/05/2024 20:00
2024,5,31,21,3.25,3.25,31/05/2024 21:00
2024,5,31,22,7.3,7.3,31/05/2024 22:00
2024,5,31,23,5.5,5.5,31/05/2024 23:00
2024,5,31,24,3.25,3.25,01/06/2024 0:00
2024,6,1,1,94.09,94.09,01/06/2024 1:00
2024,6,1,2,87,87,01/06/2024 2:00
2024,6,1,3,87,87,01/06/2024 3:00
2024,6,1,4,89.01,89.01,01/06/2024 4:00
2024,6,1,5,81,81,01/06/2024 5:00
2024,6,1,6,80.1,80.1,01/06/2024 6:00
2024,6,1,7,88.1,88.1,01/06/2024 7:00
2024,6,1,8,98.5,98.5,01/06/2024 8:00
2024,6,1,9,99.07,99.07,01/06/2024 9:00
2024,6,1,10,87.3,87.3,01/06/2024 10:00
2024,6,1,11,73.86,73.86,01/06/2024 11:00
2024,6,1,12,72.81,72.81,01/06/2024 12:00
2024,6,1,13,72.81,72.81,01/06/2024 13:00
2024,6,1,14,72,72,01/06/2024 14:00
2024,6,1,15,70.49,70.49,01/06/2024 15:00
2024,6,1,16,69,69,01/06/2024 16:00
2024,6,1,17,68.18,68.18,01/06/2024 17:00
2024,6,1,18,73,73,01/06/2024 18:00
2024,6,1,19,86.16,86.16,01/06/2024 19:00
2024,6,1,20,99.35,99.35,01/06/2024 20:00
2024,6,1,21,102.5,102.5,01/06/2024 21:00
2024,6,1,22,103.79,103.79,01/06/2024 22:00
2024,6,1,23,101.77,101.77,01/06/2024 23:00
2024,6,1,24,92.02,92.02,02/06/2024 0:00
2024,6,2,1,89.51,89.51,02/06/2024 1:00
2024,6,2,2,80.1,80.1,02/06/2024 2:00
2024,6,2,3,77,77,02/06/2024 3:00
2024,6,2,4,77,77,02/06/2024 4:00
2024,6,2,5,74.26,74.26,02/06/2024 5:00
2024,6,2,6,80,80,02/06/2024 6:00
2024,6,2,7,89.33,89.33,02/06/2024 7:00
2024,6,2,8,91.72,91.72,02/06/2024 8:00
2024,6,2,9,93.3,93.3,02/06/2024 9:00
2024,6,2,10,87.44,87.44,02/06/2024 10:00
2024,6,2,11,89.82,89.82,02/06/2024 11:00
2024,6,2,12,82.1,82.1,02/06/2024 12:00
2024,6,2,13,81.1,81.1,02/06/2024 13:00
2024,6,2,14,81.1,81.1,02/06/2024 14:00
2024,6,2,15,77.23,77.23,02/06/2024 15:00
2024,6,2,16,77.07,77.07,02/06/2024 16:00
2024,6,2,17,80.82,80.82,02/06/2024 17:00
2024,6,2,18,88,88,02/06/2024 18:00
2024,6,2,19,85.8,85.8,02/06/2024 19:00
2024,6,2,20,91.4,91.4,02/06/2024 20:00
2024,6,2,21,99.82,99.82,02/06/2024 21:00
2024,6,2,22,103.53,103.53,02/06/2024 22:00
2024,6,2,23,103.11,103.11,02/06/2024 23:00
2024,6,2,24,101.09,101.09,03/06/2024 0:00
2024,6,3,1,95.67,95.67,03/06/2024 1:00
2024,6,3,2,86.81,86.81,03/06/2024 2:00
2024,6,3,3,90.02,90.02,03/06/2024 3:00
2024,6,3,4,90,90,03/06/2024 4:00
2024,6,3,5,95.67,95.67,03/06/2024 5:00
2024,6,3,6,93.74,93.74,03/06/2024 6:00
2024,6,3,7,87,87,03/06/2024 7:00
2024,6,3,8,86,86,03/06/2024 8:00
2024,6,3,9,80.75,80.75,03/06/2024 9:00
2024,6,3,10,80.05,80.05,03/06/2024 10:00
2024,6,3,11,70.99,70.99,03/06/2024 11:00
2024,6,3,12,78.95,60,03/06/2024 12:00
2024,6,3,13,78.95,57.4,03/06/2024 13:00
2024,6,3,14,78.95,60,03/06/2024 14:00
2024,6,3,15,78.95,60,03/06/2024 15:00
2024,6,3,16,78.85,56.41,03/06/2024 16:00
2024,6,3,17,78.75,56,03/06/2024 17:00
2024,6,3,18,78.75,61,03/06/2024 18:00
2024,6,3,19,78.75,75,03/06/2024 19:00
2024,6,3,20,80.1,80.1,03/06/2024 20:00
2024,6,3,21,81.1,81.1,03/06/2024 21:00
2024,6,3,22,102,102,03/06/2024 22:00
2024,6,3,23,103.34,103.34,03/06/2024 23:00
2024,6,3,24,95.67,95.67,04/06/2024 0:00
2024,6,4,1,92,92,04/06/2024 1:00
2024,6,4,2,90.16,90.16,04/06/2024 2:00
2024,6,4,3,89.96,89.96,04/06/2024 3:00
2024,6,4,4,89.35,89.35,04/06/2024 4:00
2024,6,4,5,86.65,86.65,04/06/2024 5:00
2024,6,4,6,84.69,84.69,04/06/2024 6:00
2024,6,4,7,80,80,04/06/2024 7:00
2024,6,4,8,78.75,78.75,04/06/2024 8:00
2024,6,4,9,63.01,63.01,04/06/2024 9:00
2024,6,4,10,60,47.99,04/06/2024 10:00
2024,6,4,11,51,25,04/06/2024 11:00
2024,6,4,12,64.78,25,04/06/2024 12:00
2024,6,4,13,78.75,25,04/06/2024 13:00
2024,6,4,14,78.75,40,04/06/2024 14:00
2024,6,4,15,64.4,40,04/06/2024 15:00
2024,6,4,16,51,30,04/06/2024 16:00
2024,6,4,17,51,30,04/06/2024 17:00
2024,6,4,18,51,45.14,04/06/2024 18:00
2024,6,4,19,78.21,78.21,04/06/2024 19:00
2024,6,4,20,83.5,83.5,04/06/2024 20:00
2024,6,4,21,90.57,90.57,04/06/2024 21:00
2024,6,4,22,99.3,99.3,04/06/2024 22:00
2024,6,4,23,103.64,103.64,04/06/2024 23:00
2024,6,4,24,95.67,95.67,05/06/2024 0:00
2024,6,5,1,97.1,97.1,05/06/2024 1:00
2024,6,5,2,91.59,91.59,05/06/2024 2:00
2024,6,5,3,90.99,90.99,05/06/2024 3:00
2024,6,5,4,91.36,91.36,05/06/2024 4:00
2024,6,5,5,90.69,90.69,05/06/2024 5:00
2024,6,5,6,82.1,82.1,05/06/2024 6:00
2024,6,5,7,93,93,05/06/2024 7:00
2024,6,5,8,99.39,99.39,05/06/2024 8:00
2024,6,5,9,99.95,99.95,05/06/2024 9:00
2024,6,5,10,85.77,85.77,05/06/2024 10:00
2024,6,5,11,75,75,05/06/2024 11:00
2024,6,5,12,70.08,70.08,05/06/2024 12:00
2024,6,5,13,68.99,68.99,05/06/2024 13:00
2024,6,5,14,66.54,66.54,05/06/2024 14:00
2024,6,5,15,67.16,67.16,05/06/2024 15:00
2024,6,5,16,68.79,68.79,05/06/2024 16:00
2024,6,5,17,75.92,75.92,05/06/2024 17:00
2024,6,5,18,87.92,87.92,05/06/2024 18:00
2024,6,5,19,88.35,88.35,05/06/2024 19:00
2024,6,5,20,95.12,95.12,05/06/2024 20:00
2024,6,5,21,101.46,101.46,05/06/2024 21:00
2024,6,5,22,103.67,103.67,05/06/2024 22:00
2024,6,5,23,100,100,05/06/2024 23:00
2024,6,5,24,95.12,88.76,06/06/2024 0:00
2024,6,6,1,92.52,92.52,06/06/2024 1:00
2024,6,6,2,90,90,06/06/2024 2:00
2024,6,6,3,89.41,89.41,06/06/2024 3:00
2024,6,6,4,85,85,06/06/2024 4:00
2024,6,6,5,80.1,80.1,06/06/2024 5:00
2024,6,6,6,80.1,80.1,06/06/2024 6:00
2024,6,6,7,90.02,90.02,06/06/2024 7:00
2024,6,6,8,99.03,99.03,06/06/2024 8:00
2024,6,6,9,102.7,102.7,06/06/2024 9:00
2024,6,6,10,94.9,94.9,06/06/2024 10:00
2024,6,6,11,86.21,86.21,06/06/2024 11:00
2024,6,6,12,82,82,06/06/2024 12:00
2024,6,6,13,76.41,76.41,06/06/2024 13:00
2024,6,6,14,73.26,73.26,06/06/2024 14:00
2024,6,6,15,68.5,68.5,06/06/2024 15:00
2024,6,6,16,71.12,71.12,06/06/2024 16:00
2024,6,6,17,74.4,74.4,06/06/2024 17:00
2024,6,6,18,84,84,06/06/2024 18:00
2024,6,6,19,90.38,90.38,06/06/2024 19:00
2024,6,6,20,95,95,06/06/2024 20:00
2024,6,6,21,101.11,101.11,06/06/2024 21:00
2024,6,6,22,101.57,101.57,06/06/2024 22:00
2024,6,6,23,96.56,96.56,06/06/2024 23:00
2024,6,6,24,89.99,89.99,07/06/2024 0:00
2024,6,7,1,83,83,07/06/2024 1:00
2024,6,7,2,76.2,76.2,07/06/2024 2:00
2024,6,7,3,73.99,73.99,07/06/2024 3:00
2024,6,7,4,68.05,68.05,07/06/2024 4:00
2024,6,7,5,65.7,65.7,07/06/2024 5:00
2024,6,7,6,70.2,70.2,07/06/2024 6:00
2024,6,7,7,74.9,74.9,07/06/2024 7:00
2024,6,7,8,95.05,95.05,07/06/2024 8:00
2024,6,7,9,101.11,101.35,07/06/2024 9:00
2024,6,7,10,97.69,97.69,07/06/2024 10:00
2024,6,7,11,92.83,92.83,07/06/2024 11:00
2024,6,7,12,89.06,89.06,07/06/2024 12:00
2024,6,7,13,88.87,88.87,07/06/2024 13:00
2024,6,7,14,85.01,85.01,07/06/2024 14:00
2024,6,7,15,80.1,80.1,07/06/2024 15:00
2024,6,7,16,81.1,81.1,07/06/2024 16:00
2024,6,7,17,80.35,80.35,07/06/2024 17:00
2024,6,7,18,87.92,87.92,07/06/2024 18:00
2024,6,7,19,96.72,96.72,07/06/2024 19:00
2024,6,7,20,97.74,97.74,07/06/2024 20:00
2024,6,7,21,103.25,103.25,07/06/2024 21:00
2024,6,7,22,107.36,107.36,07/06/2024 22:00
2024,6,7,23,100.5,100.5,07/06/2024 23:00
2024,6,7,24,94.9,94.9,08/06/2024 0:00
2024,6,8,1,93.93,93.93,08/06/2024 1:00
2024,6,8,2,89.26,89.26,08/06/2024 2:00
2024,6,8,3,82.83,82.83,08/06/2024 3:00
2024,6,8,4,74.95,74.95,08/06/2024 4:00
2024,6,8,5,73.57,73.57,08/06/2024 5:00
2024,6,8,6,73.57,73.57,08/06/2024 6:00
2024,6,8,7,89.85,89.85,08/06/2024 7:00
2024,6,8,8,92.78,92.78,08/06/2024 8:00
2024,6,8,9,91.4,91.4,08/06/2024 9:00
2024,6,8,10,83.76,83.76,08/06/2024 10:00
2024,6,8,11,74.64,74.64,08/06/2024 11:00
2024,6,8,12,68.5,68.5,08/06/2024 12:00
2024,6,8,13,64.22,64.22,08/06/2024 13:00
2024,6,8,14,64.4,64.4,08/06/2024 14:00
2024,6,8,15,64.06,64.06,08/06/2024 15:00
2024,6,8,16,67.93,67.93,08/06/2024 16:00
2024,6,8,17,71.17,71.17,08/06/2024 17:00
2024,6,8,18,76.1,76.1,08/06/2024 18:00
2024,6,8,19,73.52,73.52,08/06/2024 19:00
2024,6,8,20,89.85,89.85,08/06/2024 20:00
2024,6,8,21,98.6,98.6,08/06/2024 21:00
2024,6,8,22,100.55,100.55,08/06/2024 22:00
2024,6,8,23,96.58,96.58,08/06/2024 23:00
2024,6,8,24,91,91,09/06/2024 0:00
2024,6,9,1,95,95,09/06/2024 1:00
2024,6,9,2,89.7,89.7,09/06/2024 2:00
2024,6,9,3,79.73,79.73,09/06/2024 3:00
2024,6,9,4,76,76,09/06/2024 4:00
2024,6,9,5,75.8,75.8,09/06/2024 5:00
2024,6,9,6,76.42,76.42,09/06/2024 6:00
2024,6,9,7,79.93,79.93,09/06/2024 7:00
2024,6,9,8,93.67,93.67,09/06/2024 8:00
2024,6,9,9,93.31,93.31,09/06/2024 9:00
2024,6,9,10,91.31,91.31,09/06/2024 10:00
2024,6,9,11,82.26,82.26,09/06/2024 11:00
2024,6,9,12,70.92,70.92,09/06/2024 12:00
2024,6,9,13,68,68,09/06/2024 13:00
2024,6,9,14,67,67,09/06/2024 14:00
2024,6,9,15,62.4,62.4,09/06/2024 15:00
2024,6,9,16,59.75,59.75,09/06/2024 16:00
2024,6,9,17,59.75,59.75,09/06/2024 17:00
2024,6,9,18,63.12,63.12,09/06/2024 18:00
2024,6,9,19,72,72,09/06/2024 19:00
2024,6,9,20,92.6,92.6,09/06/2024 20:00
2024,6,9,21,104.43,104.43,09/06/2024 21:00
2024,6,9,22,104.12,104.12,09/06/2024 22:00
2024,6,9,23,102.52,102.52,09/06/2024 23:00
2024,6,9,24,100.26,100.26,10/06/2024 0:00
2024,6,10,1,91.99,91.99,10/06/2024 1:00
2024,6,10,2,90.03,90.03,10/06/2024 2:00
2024,6,10,3,89.06,89.06,10/06/2024 3:00
2024,6,10,4,89.06,89.06,10/06/2024 4:00
2024,6,10,5,89.36,89.36,10/06/2024 5:00
2024,6,10,6,91.31,91.31,10/06/2024 6:00
2024,6,10,7,91.99,91.99,10/06/2024 7:00
2024,6,10,8,90.03,90.03,10/06/2024 8:00
2024,6,10,9,90,90,10/06/2024 9:00
2024,6,10,10,81,81,10/06/2024 10:00
2024,6,10,11,68,68,10/06/2024 11:00
2024,6,10,12,66.4,64,10/06/2024 12:00
2024,6,10,13,63.12,61.85,10/06/2024 13:00
2024,6,10,14,66.4,61.55,10/06/2024 14:00
2024,6,10,15,66.4,55,10/06/2024 15:00
2024,6,10,16,57.12,50,10/06/2024 16:00
2024,6,10,17,57.12,48.61,10/06/2024 17:00
2024,6,10,18,60,56.62,10/06/2024 18:00
2024,6,10,19,74.97,74.97,10/06/2024 19:00
2024,6,10,20,86.16,86.16,10/06/2024 20:00
2024,6,10,21,95,95,10/06/2024 21:00
2024,6,10,22,110,110,10/06/2024 22:00
2024,6,10,23,111.81,111.81,10/06/2024 23:00
2024,6,10,24,103.64,103.64,11/06/2024 0:00
2024,6,11,1,90.59,90.59,11/06/2024 1:00
2024,6,11,2,89.06,89.06,11/06/2024 2:00
2024,6,11,3,89.65,89.65,11/06/2024 3:00
2024,6,11,4,89.36,89.36,11/06/2024 4:00
2024,6,11,5,85.75,85.75,11/06/2024 5:00
2024,6,11,6,89.06,89.06,11/06/2024 6:00
2024,6,11,7,89.65,89.65,11/06/2024 7:00
2024,6,11,8,88.5,88.5,11/06/2024 8:00
2024,6,11,9,75,75,11/06/2024 9:00
2024,6,11,10,57.01,57.01,11/06/2024 10:00
2024,6,11,11,50.61,50.61,11/06/2024 11:00
2024,6,11,12,70,20,11/06/2024 12:00
2024,6,11,13,70,15,11/06/2024 13:00
2024,6,11,14,70,20,11/06/2024 14:00
2024,6,11,15,69.4,15,11/06/2024 15:00
2024,6,11,16,45,15,11/06/2024 16:00
2024,6,11,17,45,10,11/06/2024 17:00
2024,6,11,18,54,27.92,11/06/2024 18:00
2024,6,11,19,69.7,69.7,11/06/2024 19:00
2024,6,11,20,93.46,93.46,11/06/2024 20:00
2024,6,11,21,105.14,105.14,11/06/2024 21:00
2024,6,11,22,111.99,111.99,11/06/2024 22:00
2024,6,11,23,111.81,111.81,11/06/2024 23:00
2024,6,11,24,103.53,103.53,12/06/2024 0:00
2024,6,12,1,94.33,94.33,12/06/2024 1:00
2024,6,12,2,85.08,85.08,12/06/2024 2:00
2024,6,12,3,85.02,85.02,12/06/2024 3:00
2024,6,12,4,81.63,81.63,12/06/2024 4:00
2024,6,12,5,83.95,83.95,12/06/2024 5:00
2024,6,12,6,95,95,12/06/2024 6:00
2024,6,12,7,104.81,104.81,12/06/2024 7:00
2024,6,12,8,107.75,107.75,12/06/2024 8:00
2024,6,12,9,104.74,104.74,12/06/2024 9:00
2024,6,12,10,103.26,103.26,12/06/2024 10:00
2024,6,12,11,95,95,12/06/2024 11:00
2024,6,12,12,90.48,90.48,12/06/2024 12:00
2024,6,12,13,87.17,87.17,12/06/2024 13:00
2024,6,12,14,83.34,83.34,12/06/2024 14:00
2024,6,12,15,81.1,81.1,12/06/2024 15:00
2024,6,12,16,78.7,78.7,12/06/2024 16:00
2024,6,12,17,79.18,79.18,12/06/2024 17:00
2024,6,12,18,87.06,87.06,12/06/2024 18:00
2024,6,12,19,92.91,92.91,12/06/2024 19:00
2024,6,12,20,95,95,12/06/2024 20:00
2024,6,12,21,108.3,108.3,12/06/2024 21:00
2024,6,12,22,116.93,116.93,12/06/2024 22:00
2024,6,12,23,107.03,107.03,12/06/2024 23:00
2024,6,12,24,98.12,98.12,13/06/2024 0:00
2024,6,13,1,102.3,102.3,13/06/2024 1:00
2024,6,13,2,99.95,99.95,13/06/2024 2:00
2024,6,13,3,99.95,99.95,13/06/2024 3:00
2024,6,13,4,99.95,99.95,13/06/2024 4:00
2024,6,13,5,95,95,13/06/2024 5:00
2024,6,13,6,92.25,92.25,13/06/2024 6:00
2024,6,13,7,101.94,101.94,13/06/2024 7:00
2024,6,13,8,106.16,106.16,13/06/2024 8:00
2024,6,13,9,104.34,104.34,13/06/2024 9:00
2024,6,13,10,102.81,102.81,13/06/2024 10:00
2024,6,13,11,85.08,85.08,13/06/2024 11:00
2024,6,13,12,80.1,80.1,13/06/2024 12:00
2024,6,13,13,79.02,79.02,13/06/2024 13:00
2024,6,13,14,73.22,73.22,13/06/2024 14:00
2024,6,13,15,71.33,71.33,13/06/2024 15:00
2024,6,13,16,68.15,68.15,13/06/2024 16:00
2024,6,13,17,68.99,68.99,13/06/2024 17:00
2024,6,13,18,68.75,68.75,13/06/2024 18:00
2024,6,13,19,69.9,69.9,13/06/2024 19:00
2024,6,13,20,73.79,73.79,13/06/2024 20:00
2024,6,13,21,101.94,101.94,13/06/2024 21:00
2024,6,13,22,105,105,13/06/2024 22:00
2024,6,13,23,105,105,13/06/2024 23:00
2024,6,13,24,98.38,98.38,14/06/2024 0:00
2024,6,14,1,96.28,96.28,14/06/2024 1:00
2024,6,14,2,88.68,88.68,14/06/2024 2:00
2024,6,14,3,86.98,86.98,14/06/2024 3:00
2024,6,14,4,86.25,86.25,14/06/2024 4:00
2024,6,14,5,85.83,85.83,14/06/2024 5:00
2024,6,14,6,93.43,93.43,14/06/2024 6:00
2024,6,14,7,97.72,97.72,14/06/2024 7:00
2024,6,14,8,99.75,99.75,14/06/2024 8:00
2024,6,14,9,85,85,14/06/2024 9:00
2024,6,14,10,69,69,14/06/2024 10:00
2024,6,14,11,66.17,66.17,14/06/2024 11:00
2024,6,14,12,72.87,55.07,14/06/2024 12:00
2024,6,14,13,75.71,65.5,14/06/2024 13:00
2024,6,14,14,67.99,67.99,14/06/2024 14:00
2024,6,14,15,67.77,67.77,14/06/2024 15:00
2024,6,14,16,72.57,68.07,14/06/2024 16:00
2024,6,14,17,72.57,68.07,14/06/2024 17:00
2024,6,14,18,71.22,71.22,14/06/2024 18:00
2024,6,14,19,75.92,75.92,14/06/2024 19:00
2024,6,14,20,97.79,97.79,14/06/2024 20:00
2024,6,14,21,102.37,102.37,14/06/2024 21:00
2024,6,14,22,114.69,114.69,14/06/2024 22:00
2024,6,14,23,114.21,114.21,14/06/2024 23:00
2024,6,14,24,105,105,15/06/2024 0:00
2024,6,15,1,107.12,107.12,15/06/2024 1:00
2024,6,15,2,102.77,102.77,15/06/2024 2:00
2024,6,15,3,100.62,100.62,15/06/2024 3:00
2024,6,15,4,100.38,100.38,15/06/2024 4:00
2024,6,15,5,100.37,100.37,15/06/2024 5:00
2024,6,15,6,98.5,98.5,15/06/2024 6:00
2024,6,15,7,104.67,104.67,15/06/2024 7:00
2024,6,15,8,110,110,15/06/2024 8:00
2024,6,15,9,107.12,107.12,15/06/2024 9:00
2024,6,15,10,105.2,105.2,15/06/2024 10:00
2024,6,15,11,103.3,103.3,15/06/2024 11:00
2024,6,15,12,98.02,98.02,15/06/2024 12:00
2024,6,15,13,92.24,92.24,15/06/2024 13:00
2024,6,15,14,90,90,15/06/2024 14:00
2024,6,15,15,90,90,15/06/2024 15:00
2024,6,15,16,92.01,92.01,15/06/2024 16:00
2024,6,15,17,95,95,15/06/2024 17:00
2024,6,15,18,99.01,99.01,15/06/2024 18:00
2024,6,15,19,100,100,15/06/2024 19:00
2024,6,15,20,103.57,103.57,15/06/2024 20:00
2024,6,15,21,109.55,109.55,15/06/2024 21:00
2024,6,15,22,142.1,142.1,15/06/2024 22:00
2024,6,15,23,146.8,146.8,15/06/2024 23:00
2024,6,15,24,118.68,118.68,16/06/2024 0:00
2024,6,16,1,126.16,126.16,16/06/2024 1:00
2024,6,16,2,122.98,122.98,16/06/2024 2:00
2024,6,16,3,122.98,122.98,16/06/2024 3:00
2024,6,16,4,122.98,122.98,16/06/2024 4:00
2024,6,16,5,113.05,113.05,16/06/2024 5:00
2024,6,16,6,117.72,117.72,16/06/2024 6:00
2024,6,16,7,132,132,16/06/2024 7:00
2024,6,16,8,149.83,149.83,16/06/2024 8:00
2024,6,16,9,145.59,145.59,16/06/2024 9:00
2024,6,16,10,124.16,124.16,16/06/2024 10:00
2024,6,16,11,112.2,112.2,16/06/2024 11:00
2024,6,16,12,108.99,108.99,16/06/2024 12:00
2024,6,16,13,107.35,107.35,16/06/2024 13:00
2024,6,16,14,106.76,106.76,16/06/2024 14:00
2024,6,16,15,103.31,103.31,16/06/2024 15:00
2024,6,16,16,99.7,97.01,16/06/2024 16:00
2024,6,16,17,99.7,97.1,16/06/2024 17:00
2024,6,16,18,100.1,100.1,16/06/2024 18:00
2024,6,16,19,118.75,118.75,16/06/2024 19:00
2024,6,16,20,126,126,16/06/2024 20:00
2024,6,16,21,137,137,16/06/2024 21:00
2024,6,16,22,156.13,156.13,16/06/2024 22:00
2024,6,16,23,151.85,151.85,16/06/2024 23:00
2024,6,16,24,138.18,138.18,17/06/2024 0:00
2024,6,17,1,130.81,130.81,17/06/2024 1:00
2024,6,17,2,122.8,122.8,17/06/2024 2:00
2024,6,17,3,119.97,119.97,17/06/2024 3:00
2024,6,17,4,116.39,116.39,17/06/2024 4:00
2024,6,17,5,118.23,118.23,17/06/2024 5:00
2024,6,17,6,120.75,120.75,17/06/2024 6:00
2024,6,17,7,111.82,111.82,17/06/2024 7:00
2024,6,17,8,108.01,108.01,17/06/2024 8:00
2024,6,17,9,101,101,17/06/2024 9:00
2024,6,17,10,95.6,95.6,17/06/2024 10:00
2024,6,17,11,85,85,17/06/2024 11:00
2024,6,17,12,79.71,69.99,17/06/2024 12:00
2024,6,17,13,61.18,59.36,17/06/2024 13:00
2024,6,17,14,59.11,48.4,17/06/2024 14:00
2024,6,17,15,59.1,39.38,17/06/2024 15:00
2024,6,17,16,56.08,56.08,17/06/2024 16:00
2024,6,17,17,50,50,17/06/2024 17:00
2024,6,17,18,60,60,17/06/2024 18:00
2024,6,17,19,76.41,76.41,17/06/2024 19:00
2024,6,17,20,97.01,97.01,17/06/2024 20:00
2024,6,17,21,132.23,132.23,17/06/2024 21:00
2024,6,17,22,141.81,141.81,17/06/2024 22:00
2024,6,17,23,142,142,17/06/2024 23:00
2024,6,17,24,136.65,136.65,18/06/2024 0:00
2024,6,18,1,126.78,126.78,18/06/2024 1:00
2024,6,18,2,108.87,108.87,18/06/2024 2:00
2024,6,18,3,103.19,103.19,18/06/2024 3:00
2024,6,18,4,100,100,18/06/2024 4:00
2024,6,18,5,96.01,96.01,18/06/2024 5:00
2024,6,18,6,86.81,86.81,18/06/2024 6:00
2024,6,18,7,94.75,94.75,18/06/2024 7:00
2024,6,18,8,92.06,92.06,18/06/2024 8:00
2024,6,18,9,85,85,18/06/2024 9:00
2024,6,18,10,78.17,78.17,18/06/2024 10:00
2024,6,18,11,63.53,63.53,18/06/2024 11:00
2024,6,18,12,53.88,53.88,18/06/2024 12:00
2024,6,18,13,50.21,46,18/06/2024 13:00
2024,6,18,14,50.21,29.52,18/06/2024 14:00
2024,6,18,15,45.47,25.1,18/06/2024 15:00
2024,6,18,16,49.14,49.14,18/06/2024 16:00
2024,6,18,17,55,55,18/06/2024 17:00
2024,6,18,18,70.11,70.11,18/06/2024 18:00
2024,6,18,19,80.77,80.77,18/06/2024 19:00
2024,6,18,20,104,104,18/06/2024 20:00
2024,6,18,21,125.47,125.47,18/06/2024 21:00
2024,6,18,22,134.02,134.02,18/06/2024 22:00
2024,6,18,23,137.06,137.06,18/06/2024 23:00
2024,6,18,24,128.13,128.13,19/06/2024 0:00
2024,6,19,1,106.37,106.37,19/06/2024 1:00
2024,6,19,2,93.49,93.49,19/06/2024 2:00
2024,6,19,3,100,100,19/06/2024 3:00
2024,6,19,4,100,100,19/06/2024 4:00
2024,6,19,5,90.69,90.69,19/06/2024 5:00
2024,6,19,6,95.61,95.61,19/06/2024 6:00
2024,6,19,7,109.78,109.78,19/06/2024 7:00
2024,6,19,8,130.15,130.15,19/06/2024 8:00
2024,6,19,9,132.23,132.23,19/06/2024 9:00
2024,6,19,10,115.33,115.33,19/06/2024 10:00
2024,6,19,11,103.78,103.78,19/06/2024 11:00
2024,6,19,12,97.02,97.02,19/06/2024 12:00
2024,6,19,13,93.11,93.11,19/06/2024 13:00
2024,6,19,14,90,90,19/06/2024 14:00
2024,6,19,15,87,87,19/06/2024 15:00
2024,6,19,16,85.9,85.9,19/06/2024 16:00
2024,6,19,17,86,86,19/06/2024 17:00
2024,6,19,18,93,93,19/06/2024 18:00
2024,6,19,19,87.3,87.3,19/06/2024 19:00
2024,6,19,20,110.75,110.75,19/06/2024 20:00
2024,6,19,21,131.73,131.73,19/06/2024 21:00
2024,6,19,22,144.68,144.68,19/06/2024 22:00
2024,6,19,23,142.86,142.86,19/06/2024 23:00
2024,6,19,24,134.48,134.48,20/06/2024 0:00
2024,6,20,1,120.8,120.8,20/06/2024 1:00
2024,6,20,2,110.28,110.28,20/06/2024 2:00
2024,6,20,3,103.98,103.98,20/06/2024 3:00
2024,6,20,4,112.01,112.01,20/06/2024 4:00
2024,6,20,5,104.12,104.12,20/06/2024 5:00
2024,6,20,6,101.07,101.07,20/06/2024 6:00
2024,6,20,7,111.89,111.89,20/06/2024 7:00
2024,6,20,8,126.21,126.21,20/06/2024 8:00
2024,6,20,9,129.06,129.06,20/06/2024 9:00
2024,6,20,10,121.82,121.82,20/06/2024 10:00
2024,6,20,11,114.01,114.01,20/06/2024 11:00
2024,6,20,12,109.8,109.8,20/06/2024 12:00
2024,6,20,13,99.9,99.9,20/06/2024 13:00
2024,6,20,14,101.52,101.52,20/06/2024 14:00
2024,6,20,15,97.76,97.76,20/06/2024 15:00
2024,6,20,16,88.78,88.78,20/06/2024 16:00
2024,6,20,17,88.78,88.78,20/06/2024 17:00
2024,6,20,18,95,95,20/06/2024 18:00
2024,6,20,19,106.81,106.81,20/06/2024 19:00
2024,6,20,20,110.07,110.07,20/06/2024 20:00
2024,6,20,21,127.71,127.71,20/06/2024 21:00
2024,6,20,22,142.25,142.25,20/06/2024 22:00
2024,6,20,23,138,138,20/06/2024 23:00
2024,6,20,24,120.11,120.11,21/06/2024 0:00
2024,6,21,1,121.99,121.99,21/06/2024 1:00
2024,6,21,2,110.7,110.7,21/06/2024 2:00
2024,6,21,3,104.7,104.7,21/06/2024 3:00
2024,6,21,4,103.89,103.89,21/06/2024 4:00
2024,6,21,5,103.74,103.74,21/06/2024 5:00
2024,6,21,6,106.98,106.98,21/06/2024 6:00
2024,6,21,7,123.4,123.4,21/06/2024 7:00
2024,6,21,8,137.67,137.67,21/06/2024 8:00
2024,6,21,9,139.51,139.51,21/06/2024 9:00
2024,6,21,10,126.01,126.01,21/06/2024 10:00
2024,6,21,11,114.07,114.07,21/06/2024 11:00
2024,6,21,12,110.07,110.07,21/06/2024 12:00
2024,6,21,13,104.57,104.57,21/06/2024 13:00
2024,6,21,14,99.73,99.73,21/06/2024 14:00
2024,6,21,15,95.78,95.78,21/06/2024 15:00
2024,6,21,16,99.11,99.11,21/06/2024 16:00
2024,6,21,17,100.12,100.12,21/06/2024 17:00
2024,6,21,18,113.44,113.44,21/06/2024 18:00
2024,6,21,19,108.1,108.1,21/06/2024 19:00
2024,6,21,20,116.47,116.47,21/06/2024 20:00
2024,6,21,21,135.3,135.3,21/06/2024 21:00
2024,6,21,22,148.06,148.06,21/06/2024 22:00
2024,6,21,23,151.15,151.15,21/06/2024 23:00
2024,6,21,24,134.79,134.79,22/06/2024 0:00
2024,6,22,1,137.85,137.85,22/06/2024 1:00
2024,6,22,2,135.71,135.71,22/06/2024 2:00
2024,6,22,3,135,135,22/06/2024 3:00
2024,6,22,4,134.55,134.55,22/06/2024 4:00
2024,6,22,5,131.94,131.94,22/06/2024 5:00
2024,6,22,6,137.55,137.55,22/06/2024 6:00
2024,6,22,7,137.55,137.55,22/06/2024 7:00
2024,6,22,8,143.38,143.38,22/06/2024 8:00
2024,6,22,9,143.89,143.89,22/06/2024 9:00
2024,6,22,10,127.59,127.59,22/06/2024 10:00
2024,6,22,11,112,112,22/06/2024 11:00
2024,6,22,12,106.61,106.61,22/06/2024 12:00
2024,6,22,13,104,104,22/06/2024 13:00
2024,6,22,14,106,106,22/06/2024 14:00
2024,6,22,15,99.46,99.46,22/06/2024 15:00
2024,6,22,16,95.3,94.1,22/06/2024 16:00
2024,6,22,17,95.3,93.6,22/06/2024 17:00
2024,6,22,18,95.4,94.1,22/06/2024 18:00
2024,6,22,19,95,93.9,22/06/2024 19:00
2024,6,22,20,120,120,22/06/2024 20:00
2024,6,22,21,143.89,143.89,22/06/2024 21:00
2024,6,22,22,147.18,147.18,22/06/2024 22:00
2024,6,22,23,138,138,22/06/2024 23:00
2024,6,22,24,120.84,120.84,23/06/2024 0:00
2024,6,23,1,126.92,126.92,23/06/2024 1:00
2024,6,23,2,121.37,121.37,23/06/2024 2:00
2024,6,23,3,109.64,109.64,23/06/2024 3:00
2024,6,23,4,104.25,104.25,23/06/2024 4:00
2024,6,23,5,98.1,98.1,23/06/2024 5:00
2024,6,23,6,101.99,101.99,23/06/2024 6:00
2024,6,23,7,115.09,115.09,23/06/2024 7:00
2024,6,23,8,128.7,128.7,23/06/2024 8:00
2024,6,23,9,131.23,131.23,23/06/2024 9:00
2024,6,23,10,121.93,121.93,23/06/2024 10:00
2024,6,23,11,107.12,107.12,23/06/2024 11:00
2024,6,23,12,98.1,98.1,23/06/2024 12:00
2024,6,23,13,93.01,93.01,23/06/2024 13:00
2024,6,23,14,89.07,87.37,23/06/2024 14:00
2024,6,23,15,88.77,82.55,23/06/2024 15:00
2024,6,23,16,89.17,82.17,23/06/2024 16:00
2024,6,23,17,90,90,23/06/2024 17:00
2024,6,23,18,92.26,92.26,23/06/2024 18:00
2024,6,23,19,106.5,106.5,23/06/2024 19:00
2024,6,23,20,126.43,126.43,23/06/2024 20:00
2024,6,23,21,136.9,136.9,23/06/2024 21:00
2024,6,23,22,134.96,134.96,23/06/2024 22:00
2024,6,23,23,130.1,130.1,23/06/2024 23:00
2024,6,23,24,121.87,121.87,24/06/2024 0:00
2024,6,24,1,117.28,117.28,24/06/2024 1:00
2024,6,24,2,109.66,109.66,24/06/2024 2:00
2024,6,24,3,102.84,102.84,24/06/2024 3:00
2024,6,24,4,106.57,106.57,24/06/2024 4:00
2024,6,24,5,106.57,106.57,24/06/2024 5:00
2024,6,24,6,106.57,106.57,24/06/2024 6:00
2024,6,24,7,92.3,92.3,24/06/2024 7:00
2024,6,24,8,92.3,92.3,24/06/2024 8:00
2024,6,24,9,90.57,90.57,24/06/2024 9:00
2024,6,24,10,81.69,81.69,24/06/2024 10:00
2024,6,24,11,57.64,57.64,24/06/2024 11:00
2024,6,24,12,62,25,24/06/2024 12:00
2024,6,24,13,62,20,24/06/2024 13:00
2024,6,24,14,65,25,24/06/2024 14:00
2024,6,24,15,62,25,24/06/2024 15:00
2024,6,24,16,65,10,24/06/2024 16:00
2024,6,24,17,72.85,28.2,24/06/2024 17:00
2024,6,24,18,91.7,80.98,24/06/2024 18:00
2024,6,24,19,91.7,89.6,24/06/2024 19:00
2024,6,24,20,101,101,24/06/2024 20:00
2024,6,24,21,113.52,113.52,24/06/2024 21:00
2024,6,24,22,129.91,129.91,24/06/2024 22:00
2024,6,24,23,132.82,132.82,24/06/2024 23:00
2024,6,24,24,131.05,131.05,25/06/2024 0:00
2024,6,25,1,127.59,127.59,25/06/2024 1:00
2024,6,25,2,123.21,123.21,25/06/2024 2:00
2024,6,25,3,115,115,25/06/2024 3:00
2024,6,25,4,105.06,105.06,25/06/2024 4:00
2024,6,25,5,105,105,25/06/2024 5:00
2024,6,25,6,103.23,103.23,25/06/2024 6:00
2024,6,25,7,105.06,105.06,25/06/2024 7:00
2024,6,25,8,90.3,90.3,25/06/2024 8:00
2024,6,25,9,90,74.71,25/06/2024 9:00
2024,6,25,10,90,32.55,25/06/2024 10:00
2024,6,25,11,90.3,9.69,25/06/2024 11:00
2024,6,25,12,90.3,0.1,25/06/2024 12:00
2024,6,25,13,89.7,0.01,25/06/2024 13:00
2024,6,25,14,89.7,9.15,25/06/2024 14:00
2024,6,25,15,80.5,5.1,25/06/2024 15:00
2024,6,25,16,80.5,0,25/06/2024 16:00
2024,6,25,17,75.77,9.69,25/06/2024 17:00
2024,6,25,18,75.77,68.99,25/06/2024 18:00
2024,6,25,19,81.3,81.3,25/06/2024 19:00
2024,6,25,20,95.01,95.01,25/06/2024 20:00
2024,6,25,21,105,105,25/06/2024 21:00
2024,6,25,22,122.49,122.49,25/06/2024 22:00
2024,6,25,23,127.59,127.59,25/06/2024 23:00
2024,6,25,24,118.76,118.76,26/06/2024 0:00
2024,6,26,1,92.3,92.3,26/06/2024 1:00
2024,6,26,2,90,90,26/06/2024 2:00
2024,6,26,3,79.5,79.5,26/06/2024 3:00
2024,6,26,4,77.75,77.75,26/06/2024 4:00
2024,6,26,5,79.5,79.5,26/06/2024 5:00
2024,6,26,6,80,80,26/06/2024 6:00
2024,6,26,7,87.9,87.9,26/06/2024 7:00
2024,6,26,8,110.11,110.11,26/06/2024 8:00
2024,6,26,9,112.8,112.8,26/06/2024 9:00
2024,6,26,10,101.52,101.52,26/06/2024 10:00
2024,6,26,11,92,87.9,26/06/2024 11:00
2024,6,26,12,92,83.17,26/06/2024 12:00
2024,6,26,13,92,82.68,26/06/2024 13:00
2024,6,26,14,85,77.58,26/06/2024 14:00
2024,6,26,15,84,72.71,26/06/2024 15:00
2024,6,26,16,84,72.11,26/06/2024 16:00
2024,6,26,17,71.61,71.61,26/06/2024 17:00
2024,6,26,18,86,86,26/06/2024 18:00
2024,6,26,19,97,97,26/06/2024 19:00
2024,6,26,20,109.59,109.59,26/06/2024 20:00
2024,6,26,21,115,115,26/06/2024 21:00
2024,6,26,22,125.73,125.73,26/06/2024 22:00
2024,6,26,23,129.16,129.16,26/06/2024 23:00
2024,6,26,24,118.66,118.66,27/06/2024 0:00
2024,6,27,1,113.82,113.82,27/06/2024 1:00
2024,6,27,2,95,95,27/06/2024 2:00
2024,6,27,3,91.57,91.57,27/06/2024 3:00
2024,6,27,4,89.09,89.09,27/06/2024 4:00
2024,6,27,5,86.36,86.36,27/06/2024 5:00
2024,6,27,6,90.55,90.55,27/06/2024 6:00
2024,6,27,7,108.89,108.89,27/06/2024 7:00
2024,6,27,8,115.8,115.8,27/06/2024 8:00
2024,6,27,9,115.31,115.31,27/06/2024 9:00
2024,6,27,10,91.95,91.95,27/06/2024 10:00
2024,6,27,11,90,90,27/06/2024 11:00
2024,6,27,12,88.03,88.03,27/06/2024 12:00
2024,6,27,13,84.67,84.67,27/06/2024 13:00
2024,6,27,14,85.31,85.31,27/06/2024 14:00
2024,6,27,15,84.74,84.74,27/06/2024 15:00
2024,6,27,16,83.2,83.2,27/06/2024 16:00
2024,6,27,17,89.05,89.05,27/06/2024 17:00
2024,6,27,18,96.4,96.4,27/06/2024 18:00
2024,6,27,19,107.12,107.12,27/06/2024 19:00
2024,6,27,20,115.7,115.7,27/06/2024 20:00
2024,6,27,21,121.1,121.1,27/06/2024 21:00
2024,6,27,22,127.6,127.6,27/06/2024 22:00
2024,6,27,23,125.06,125.06,27/06/2024 23:00
2024,6,27,24,116.16,116.16,28/06/2024 0:00
2024,6,28,1,97.95,97.95,28/06/2024 1:00
2024,6,28,2,90.54,90.54,28/06/2024 2:00
2024,6,28,3,87,87,28/06/2024 3:00
2024,6,28,4,86.16,86.16,28/06/2024 4:00
2024,6,28,5,86.16,86.16,28/06/2024 5:00
2024,6,28,6,90.27,90.27,28/06/2024 6:00
2024,6,28,7,93.8,93.8,28/06/2024 7:00
2024,6,28,8,112.63,112.63,28/06/2024 8:00
2024,6,28,9,120.1,120.1,28/06/2024 9:00
2024,6,28,10,108,108,28/06/2024 10:00
2024,6,28,11,101.89,101.89,28/06/2024 11:00
2024,6,28,12,99.3,99.3,28/06/2024 12:00
2024,6,28,13,101.18,101.18,28/06/2024 13:00
2024,6,28,14,97.42,97.42,28/06/2024 14:00
2024,6,28,15,95.59,95.59,28/06/2024 15:00
2024,6,28,16,95.39,95.39,28/06/2024 16:00
2024,6,28,17,97.6,97.6,28/06/2024 17:00
2024,6,28,18,105,105,28/06/2024 18:00
2024,6,28,19,105,105,28/06/2024 19:00
2024,6,28,20,115.24,115.24,28/06/2024 20:00
2024,6,28,21,122.93,122.93,28/06/2024 21:00
2024,6,28,22,130.9,130.9,28/06/2024 22:00
2024,6,28,23,130,130,28/06/2024 23:00
2024,6,28,24,121.1,121.1,29/06/2024 0:00
2024,6,29,1,119.46,119.46,29/06/2024 1:00
2024,6,29,2,110.06,110.06,29/06/2024 2:00
2024,6,29,3,107.51,107.51,29/06/2024 3:00
2024,6,29,4,104.5,104.5,29/06/2024 4:00
2024,6,29,5,97.09,97.09,29/06/2024 5:00
2024,6,29,6,101.54,101.54,29/06/2024 6:00
2024,6,29,7,113.97,113.97,29/06/2024 7:00
2024,6,29,8,129.29,129.29,29/06/2024 8:00
2024,6,29,9,127.5,127.5,29/06/2024 9:00
2024,6,29,10,116.39,116.39,29/06/2024 10:00
2024,6,29,11,105.95,105.95,29/06/2024 11:00
2024,6,29,12,98.6,98.6,29/06/2024 12:00
2024,6,29,13,97.98,97.98,29/06/2024 13:00
2024,6,29,14,96.88,96.88,29/06/2024 14:00
2024,6,29,15,89,89,29/06/2024 15:00
2024,6,29,16,85,85,29/06/2024 16:00
2024,6,29,17,83.96,83.96,29/06/2024 17:00
2024,6,29,18,83.51,83.51,29/06/2024 18:00
2024,6,29,19,82.51,82.51,29/06/2024 19:00
2024,6,29,20,83.9,83.9,29/06/2024 20:00
2024,6,29,21,97.96,97.96,29/06/2024 21:00
2024,6,29,22,122.03,122.03,29/06/2024 22:00
2024,6,29,23,124.76,124.76,29/06/2024 23:00
2024,6,29,24,112.63,112.63,30/06/2024 0:00
2024,6,30,1,115.04,115.04,30/06/2024 1:00
2024,6,30,2,103.41,103.41,30/06/2024 2:00
2024,6,30,3,96.68,96.68,30/06/2024 3:00
2024,6,30,4,85.13,85.13,30/06/2024 4:00
2024,6,30,5,83.08,83.08,30/06/2024 5:00
2024,6,30,6,85,85,30/06/2024 6:00
2024,6,30,7,92.13,92.13,30/06/2024 7:00
2024,6,30,8,116.7,116.7,30/06/2024 8:00
2024,6,30,9,114.33,114.33,30/06/2024 9:00
2024,6,30,10,90,90,30/06/2024 10:00
2024,6,30,11,79.1,79.1,30/06/2024 11:00
2024,6,30,12,83.07,83.07,30/06/2024 12:00
2024,6,30,13,86.87,86.87,30/06/2024 13:00
2024,6,30,14,89,89,30/06/2024 14:00
2024,6,30,15,86.87,86.87,30/06/2024 15:00
2024,6,30,16,80,80,30/06/2024 16:00
2024,6,30,17,80,80,30/06/2024 17:00
2024,6,30,18,78.6,78.6,30/06/2024 18:00
2024,6,30,19,86.9,86.9,30/06/2024 19:00
2024,6,30,20,111.08,111.08,30/06/2024 20:00
2024,6,30,21,118.05,118.05,30/06/2024 21:00
2024,6,30,22,118.05,118.05,30/06/2024 22:00
2024,6,30,23,123.2,123.2,30/06/2024 23:00
2024,6,30,24,115.4,115.4,01/07/2024 0:00
2024,7,1,1,102.51,102.51,01/07/2024 1:00
2024,7,1,2,102.51,102.51,01/07/2024 2:00
2024,7,1,3,89.19,89.19,01/07/2024 3:00
2024,7,1,4,87.5,87.5,01/07/2024 4:00
2024,7,1,5,86.79,86.79,01/07/2024 5:00
2024,7,1,6,85,85,01/07/2024 6:00
2024,7,1,7,85,85,01/07/2024 7:00
2024,7,1,8,80,80,01/07/2024 8:00
2024,7,1,9,67,62.29,01/07/2024 9:00
2024,7,1,10,81.4,50.41,01/07/2024 10:00
2024,7,1,11,81.7,43.71,01/07/2024 11:00
2024,7,1,12,82,24.61,01/07/2024 12:00
2024,7,1,13,83.9,16.83,01/07/2024 13:00
2024,7,1,14,83.9,4.43,01/07/2024 14:00
2024,7,1,15,82,1.64,01/07/2024 15:00
2024,7,1,16,82,0,01/07/2024 16:00
2024,7,1,17,81.7,0,01/07/2024 17:00
2024,7,1,18,81.7,1.64,01/07/2024 18:00
2024,7,1,19,81.7,22,01/07/2024 19:00
2024,7,1,20,81.4,65,01/07/2024 20:00
2024,7,1,21,82.14,82.14,01/07/2024 21:00
2024,7,1,22,119.05,119.05,01/07/2024 22:00
2024,7,1,23,120.2,120.2,01/07/2024 23:00
2024,7,1,24,115.8,115.8,02/07/2024 0:00
2024,7,2,1,107.59,107.59,02/07/2024 1:00
2024,7,2,2,85.2,85.2,02/07/2024 2:00
2024,7,2,3,84.6,75.73,02/07/2024 3:00
2024,7,2,4,72.68,72.68,02/07/2024 4:00
2024,7,2,5,72.68,72.68,02/07/2024 5:00
2024,7,2,6,72.68,72.68,02/07/2024 6:00
2024,7,2,7,72.68,72.68,02/07/2024 7:00
2024,7,2,8,70,70,02/07/2024 8:00
2024,7,2,9,75,11.46,02/07/2024 9:00
2024,7,2,10,84.6,0,02/07/2024 10:00
2024,7,2,11,84.9,0,02/07/2024 11:00
2024,7,2,12,85.2,0,02/07/2024 12:00
2024,7,2,13,69,0,02/07/2024 13:00
2024,7,2,14,75,1.64,02/07/2024 14:00
2024,7,2,15,61,1.64,02/07/2024 15:00
2024,7,2,16,94.38,0,02/07/2024 16:00
2024,7,2,17,89.19,0,02/07/2024 17:00
2024,7,2,18,85.2,0,02/07/2024 18:00
2024,7,2,19,108.35,1.64,02/07/2024 19:00
2024,7,2,20,25,25,02/07/2024 20:00
2024,7,2,21,108.35,107.59,02/07/2024 21:00
2024,7,2,22,124.57,124.57,02/07/2024 22:00
2024,7,2,23,130,130,02/07/2024 23:00
2024,7,2,24,125.9,125.9,03/07/2024 0:00
2024,7,3,1,129.29,129.29,03/07/2024 1:00
2024,7,3,2,126.96,126.96,03/07/2024 2:00
2024,7,3,3,112.97,112.97,03/07/2024 3:00
2024,7,3,4,112.97,112.97,03/07/2024 4:00
2024,7,3,5,121.5,121.5,03/07/2024 5:00
2024,7,3,6,126.43,126.43,03/07/2024 6:00
2024,7,3,7,129.29,129.29,03/07/2024 7:00
2024,7,3,8,131.61,131.61,03/07/2024 8:00
2024,7,3,9,129.3,129.3,03/07/2024 9:00
2024,7,3,10,124,124,03/07/2024 10:00
2024,7,3,11,112.97,112.97,03/07/2024 11:00
2024,7,3,12,107.72,107.72,03/07/2024 12:00
2024,7,3,13,107.72,107.72,03/07/2024 13:00
2024,7,3,14,107.72,107.72,03/07/2024 14:00
2024,7,3,15,100,100,03/07/2024 15:00
2024,7,3,16,90,90,03/07/2024 16:00
2024,7,3,17,88.08,88.08,03/07/2024 17:00
2024,7,3,18,95.2,95.2,03/07/2024 18:00
2024,7,3,19,97.84,97.84,03/07/2024 19:00
2024,7,3,20,117.41,117.41,03/07/2024 20:00
2024,7,3,21,130,130,03/07/2024 21:00
2024,7,3,22,138.1,138.1,03/07/2024 22:00
2024,7,3,23,139.49,139.49,03/07/2024 23:00
2024,7,3,24,132,132,04/07/2024 0:00
2024,7,4,1,129.29,129.29,04/07/2024 1:00
2024,7,4,2,120,120,04/07/2024 2:00
2024,7,4,3,125.02,125.02,04/07/2024 3:00
2024,7,4,4,114,114,04/07/2024 4:00
2024,7,4,5,111.78,111.78,04/07/2024 5:00
2024,7,4,6,123.93,123.93,04/07/2024 6:00
2024,7,4,7,129.29,129.29,04/07/2024 7:00
2024,7,4,8,130.47,130.47,04/07/2024 8:00
2024,7,4,9,128.01,128.01,04/07/2024 9:00
2024,7,4,10,108.52,108.52,04/07/2024 10:00
2024,7,4,11,93.68,93.68,04/07/2024 11:00
2024,7,4,12,92,92,04/07/2024 12:00
2024,7,4,13,91.78,91.78,04/07/2024 13:00
2024,7,4,14,91.78,91.78,04/07/2024 14:00
2024,7,4,15,87.78,87.78,04/07/2024 15:00
2024,7,4,16,84.99,84.99,04/07/2024 16:00
2024,7,4,17,84.9,84.74,04/07/2024 17:00
2024,7,4,18,93.68,93.68,04/07/2024 18:00
2024,7,4,19,99.91,99.91,04/07/2024 19:00
2024,7,4,20,125.64,125.64,04/07/2024 20:00
2024,7,4,21,133.88,133.88,04/07/2024 21:00
2024,7,4,22,140.7,140.7,04/07/2024 22:00
2024,7,4,23,139.82,139.82,04/07/2024 23:00
2024,7,4,24,132,132,05/07/2024 0:00
2024,7,5,1,118.83,118.83,05/07/2024 1:00
2024,7,5,2,106.74,106.74,05/07/2024 2:00
2024,7,5,3,98.81,98.81,05/07/2024 3:00
2024,7,5,4,94.84,94.84,05/07/2024 4:00
2024,7,5,5,93.32,93.32,05/07/2024 5:00
2024,7,5,6,94.84,94.84,05/07/2024 6:00
2024,7,5,7,121.48,121.48,05/07/2024 7:00
2024,7,5,8,128.95,128.95,05/07/2024 8:00
2024,7,5,9,122,122,05/07/2024 9:00
2024,7,5,10,108.01,108.01,05/07/2024 10:00
2024,7,5,11,93.52,93.52,05/07/2024 11:00
2024,7,5,12,93.52,93.52,05/07/2024 12:00
2024,7,5,13,93.62,93.62,05/07/2024 13:00
2024,7,5,14,95,95,05/07/2024 14:00
2024,7,5,15,93.02,93.02,05/07/2024 15:00
2024,7,5,16,91,91,05/07/2024 16:00
2024,7,5,17,90.1,90.1,05/07/2024 17:00
2024,7,5,18,91.42,91.42,05/07/2024 18:00
2024,7,5,19,93.32,93.32,05/07/2024 19:00
2024,7,5,20,106.74,106.74,05/07/2024 20:00
2024,7,5,21,128.76,128.76,05/07/2024 21:00
2024,7,5,22,135.14,135.14,05/07/2024 22:00
2024,7,5,23,135.05,135.05,05/07/2024 23:00
2024,7,5,24,128.95,128.95,06/07/2024 0:00
2024,7,6,1,125,125,06/07/2024 1:00
2024,7,6,2,120.19,120.19,06/07/2024 2:00
2024,7,6,3,110,110,06/07/2024 3:00
2024,7,6,4,109,109,06/07/2024 4:00
2024,7,6,5,109,109,06/07/2024 5:00
2024,7,6,6,116.63,116.63,06/07/2024 6:00
2024,7,6,7,126.87,126.87,06/07/2024 7:00
2024,7,6,8,129.78,129.78,06/07/2024 8:00
2024,7,6,9,127.55,127.55,06/07/2024 9:00
2024,7,6,10,116.89,116.89,06/07/2024 10:00
2024,7,6,11,106.78,106.78,06/07/2024 11:00
2024,7,6,12,92,92,06/07/2024 12:00
2024,7,6,13,98.08,98.08,06/07/2024 13:00
2024,7,6,14,89.5,89.5,06/07/2024 14:00
2024,7,6,15,86.67,86.67,06/07/2024 15:00
2024,7,6,16,85.02,85.02,06/07/2024 16:00
2024,7,6,17,88.1,88.1,06/07/2024 17:00
2024,7,6,18,98.93,98.93,06/07/2024 18:00
2024,7,6,19,110.01,110.01,06/07/2024 19:00
2024,7,6,20,120.81,120.81,06/07/2024 20:00
2024,7,6,21,131.15,131.15,06/07/2024 21:00
2024,7,6,22,131.83,131.83,06/07/2024 22:00
2024,7,6,23,129.85,129.85,06/07/2024 23:00
2024,7,6,24,126.87,126.87,07/07/2024 0:00
2024,7,7,1,123.2,123.2,07/07/2024 1:00
2024,7,7,2,118.1,118.1,07/07/2024 2:00
2024,7,7,3,114.49,114.49,07/07/2024 3:00
2024,7,7,4,114.49,114.49,07/07/2024 4:00
2024,7,7,5,112.82,112.82,07/07/2024 5:00
2024,7,7,6,110.57,110.57,07/07/2024 6:00
2024,7,7,7,120,120,07/07/2024 7:00
2024,7,7,8,126.87,126.87,07/07/2024 8:00
2024,7,7,9,120.55,120.55,07/07/2024 9:00
2024,7,7,10,105,105,07/07/2024 10:00
2024,7,7,11,95.86,95.86,07/07/2024 11:00
2024,7,7,12,84.95,84.95,07/07/2024 12:00
2024,7,7,13,84,84,07/07/2024 13:00
2024,7,7,14,80,80,07/07/2024 14:00
2024,7,7,15,64.98,64.98,07/07/2024 15:00
2024,7,7,16,66.18,66.18,07/07/2024 16:00
2024,7,7,17,80.1,80.1,07/07/2024 17:00
2024,7,7,18,80.41,80.41,07/07/2024 18:00
2024,7,7,19,83.12,83.12,07/07/2024 19:00
2024,7,7,20,91.1,91.1,07/07/2024 20:00
2024,7,7,21,119.17,119.17,07/07/2024 21:00
2024,7,7,22,124.27,124.27,07/07/2024 22:00
2024,7,7,23,126.87,126.87,07/07/2024 23:00
2024,7,7,24,118.56,118.56,08/07/2024 0:00
2024,7,8,1,107.03,107.03,08/07/2024 1:00
2024,7,8,2,98,98,08/07/2024 2:00
2024,7,8,3,91,91,08/07/2024 3:00
2024,7,8,4,92.1,92.1,08/07/2024 4:00
2024,7,8,5,92.1,92.1,08/07/2024 5:00
2024,7,8,6,98,98,08/07/2024 6:00
2024,7,8,7,102.6,102.6,08/07/2024 7:00
2024,7,8,8,109.37,109.37,08/07/2024 8:00
2024,7,8,9,88,88,08/07/2024 9:00
2024,7,8,10,80.61,80.61,08/07/2024 10:00
2024,7,8,11,73.14,73.14,08/07/2024 11:00
2024,7,8,12,60.76,54.99,08/07/2024 12:00
2024,7,8,13,60,48,08/07/2024 13:00
2024,7,8,14,60,42,08/07/2024 14:00
2024,7,8,15,55.5,35,08/07/2024 15:00
2024,7,8,16,55,40,08/07/2024 16:00
2024,7,8,17,60.9,60.9,08/07/2024 17:00
2024,7,8,18,83.4,83.4,08/07/2024 18:00
2024,7,8,19,86.02,86.02,08/07/2024 19:00
2024,7,8,20,109.98,109.98,08/07/2024 20:00
2024,7,8,21,128.76,128.76,08/07/2024 21:00
2024,7,8,22,132.86,132.86,08/07/2024 22:00
2024,7,8,23,129.7,129.7,08/07/2024 23:00
2024,7,8,24,126.65,126.65,09/07/2024 0:00
2024,7,9,1,116.46,116.46,09/07/2024 1:00
2024,7,9,2,111.75,111.75,09/07/2024 2:00
2024,7,9,3,110.07,110.07,09/07/2024 3:00
2024,7,9,4,110.55,110.55,09/07/2024 4:00
2024,7,9,5,106,106,09/07/2024 5:00
2024,7,9,6,106.11,106.11,09/07/2024 6:00
2024,7,9,7,106,106,09/07/2024 7:00
2024,7,9,8,97,97,09/07/2024 8:00
2024,7,9,9,86.02,86.02,09/07/2024 9:00
2024,7,9,10,76.93,76.93,09/07/2024 10:00
2024,7,9,11,60,60,09/07/2024 11:00
2024,7,9,12,54.9,50,09/07/2024 12:00
2024,7,9,13,54.9,48.46,09/07/2024 13:00
2024,7,9,14,55.2,40.98,09/07/2024 14:00
2024,7,9,15,50,44.99,09/07/2024 15:00
2024,7,9,16,55.31,55.31,09/07/2024 16:00
2024,7,9,17,72.87,72.87,09/07/2024 17:00
2024,7,9,18,82.4,82.4,09/07/2024 18:00
2024,7,9,19,85.71,85.71,09/07/2024 19:00
2024,7,9,20,100,100,09/07/2024 20:00
2024,7,9,21,127.02,127.02,09/07/2024 21:00
2024,7,9,22,134.1,134.1,09/07/2024 22:00
2024,7,9,23,133.09,133.09,09/07/2024 23:00
2024,7,9,24,126.96,126.96,10/07/2024 0:00
2024,7,10,1,113.8,113.8,10/07/2024 1:00
2024,7,10,2,106.59,106.59,10/07/2024 2:00
2024,7,10,3,94.3,94.3,10/07/2024 3:00
2024,7,10,4,91.94,91.94,10/07/2024 4:00
2024,7,10,5,93.31,93.31,10/07/2024 5:00
2024,7,10,6,105,105,10/07/2024 6:00
2024,7,10,7,114.92,114.92,10/07/2024 7:00
2024,7,10,8,126.87,126.87,10/07/2024 8:00
2024,7,10,9,131.15,131.15,10/07/2024 9:00
2024,7,10,10,117.95,117.95,10/07/2024 10:00
2024,7,10,11,105.28,105.28,10/07/2024 11:00
2024,7,10,12,101.1,101.1,10/07/2024 12:00
2024,7,10,13,95,95,10/07/2024 13:00
2024,7,10,14,94.81,94.81,10/07/2024 14:00
2024,7,10,15,91,91,10/07/2024 15:00
2024,7,10,16,91.34,91.34,10/07/2024 16:00
2024,7,10,17,88.32,88.32,10/07/2024 17:00
2024,7,10,18,95.05,95.05,10/07/2024 18:00
2024,7,10,19,97,97,10/07/2024 19:00
2024,7,10,20,113,113,10/07/2024 20:00
2024,7,10,21,133.43,133.43,10/07/2024 21:00
2024,7,10,22,151.65,151.65,10/07/2024 22:00
2024,7,10,23,151.65,151.65,10/07/2024 23:00
2024,7,10,24,133.7,133.7,11/07/2024 0:00
2024,7,11,1,124.41,124.41,11/07/2024 1:00
2024,7,11,2,112.75,112.75,11/07/2024 2:00
2024,7,11,3,104.28,104.28,11/07/2024 3:00
2024,7,11,4,104.28,104.28,11/07/2024 4:00
2024,7,11,5,101.45,101.45,11/07/2024 5:00
2024,7,11,6,104.28,104.28,11/07/2024 6:00
2024,7,11,7,113.79,113.79,11/07/2024 7:00
2024,7,11,8,121.9,121.9,11/07/2024 8:00
2024,7,11,9,120.95,120.95,11/07/2024 9:00
2024,7,11,10,105.1,105.1,11/07/2024 10:00
2024,7,11,11,97.72,97.72,11/07/2024 11:00
2024,7,11,12,99.08,99.08,11/07/2024 12:00
2024,7,11,13,96,96,11/07/2024 13:00
2024,7,11,14,92.5,92.5,11/07/2024 14:00
2024,7,11,15,90.1,90.1,11/07/2024 15:00
2024,7,11,16,87.12,87.12,11/07/2024 16:00
2024,7,11,17,89.02,89.02,11/07/2024 17:00
2024,7,11,18,90.71,90.71,11/07/2024 18:00
2024,7,11,19,92.61,92.61,11/07/2024 19:00
2024,7,11,20,109.93,109.93,11/07/2024 20:00
2024,7,11,21,126.87,126.87,11/07/2024 21:00
2024,7,11,22,128.21,128.21,11/07/2024 22:00
2024,7,11,23,125.95,125.95,11/07/2024 23:00
2024,7,11,24,113.86,113.86,12/07/2024 0:00
2024,7,12,1,98.47,98.47,12/07/2024 1:00
2024,7,12,2,91,91,12/07/2024 2:00
2024,7,12,3,90,90,12/07/2024 3:00
2024,7,12,4,90.1,90.1,12/07/2024 4:00
2024,7,12,5,90.71,90.71,12/07/2024 5:00
2024,7,12,6,91,91,12/07/2024 6:00
2024,7,12,7,101.39,101.39,12/07/2024 7:00
2024,7,12,8,117.29,117.29,12/07/2024 8:00
2024,7,12,9,120,120,12/07/2024 9:00
2024,7,12,10,107.18,107.18,12/07/2024 10:00
2024,7,12,11,97.37,97.37,12/07/2024 11:00
2024,7,12,12,92.2,92.2,12/07/2024 12:00
2024,7,12,13,95.31,95.31,12/07/2024 13:00
2024,7,12,14,91,91,12/07/2024 14:00
2024,7,12,15,89.52,89.52,12/07/2024 15:00
2024,7,12,16,88.44,88.44,12/07/2024 16:00
2024,7,12,17,86.75,86.75,12/07/2024 17:00
2024,7,12,18,88.72,88.72,12/07/2024 18:00
2024,7,12,19,93.91,93.91,12/07/2024 19:00
2024,7,12,20,109.19,109.19,12/07/2024 20:00
2024,7,12,21,117.96,117.96,12/07/2024 21:00
2024,7,12,22,123,123,12/07/2024 22:00
2024,7,12,23,123.79,123.79,12/07/2024 23:00
2024,7,12,24,114.2,114.2,13/07/2024 0:00
2024,7,13,1,105.24,105.24,13/07/2024 1:00
2024,7,13,2,93.38,93.38,13/07/2024 2:00
2024,7,13,3,90,90,13/07/2024 3:00
2024,7,13,4,89.52,89.52,13/07/2024 4:00
2024,7,13,5,89.52,89.52,13/07/2024 5:00
2024,7,13,6,92,92,13/07/2024 6:00
2024,7,13,7,105.38,105.38,13/07/2024 7:00
2024,7,13,8,117.85,117.85,13/07/2024 8:00
2024,7,13,9,119.1,119.1,13/07/2024 9:00
2024,7,13,10,104.68,104.68,13/07/2024 10:00
2024,7,13,11,92.13,92.13,13/07/2024 11:00
2024,7,13,12,88.72,88.72,13/07/2024 12:00
2024,7,13,13,90.66,90.66,13/07/2024 13:00
2024,7,13,14,90.1,90.1,13/07/2024 14:00
2024,7,13,15,90.1,90.1,13/07/2024 15:00
2024,7,13,16,90,90,13/07/2024 16:00
2024,7,13,17,89.52,89.52,13/07/2024 17:00
2024,7,13,18,90.55,90.55,13/07/2024 18:00
2024,7,13,19,96.09,96.09,13/07/2024 19:00
2024,7,13,20,117,117,13/07/2024 20:00
2024,7,13,21,132.14,132.14,13/07/2024 21:00
2024,7,13,22,137.31,137.31,13/07/2024 22:00
2024,7,13,23,130.13,130.13,13/07/2024 23:00
2024,7,13,24,117.72,117.72,14/07/2024 0:00
2024,7,14,1,117.95,117.95,14/07/2024 1:00
2024,7,14,2,110,110,14/07/2024 2:00
2024,7,14,3,105,105,14/07/2024 3:00
2024,7,14,4,101.14,101.14,14/07/2024 4:00
2024,7,14,5,92.13,92.13,14/07/2024 5:00
2024,7,14,6,91.43,91.43,14/07/2024 6:00
2024,7,14,7,100,100,14/07/2024 7:00
2024,7,14,8,104.79,104.79,14/07/2024 8:00
2024,7,14,9,104.39,104.39,14/07/2024 9:00
2024,7,14,10,85.07,85.07,14/07/2024 10:00
2024,7,14,11,81.99,79.71,14/07/2024 11:00
2024,7,14,12,80,75.23,14/07/2024 12:00
2024,7,14,13,73.9,73.9,14/07/2024 13:00
2024,7,14,14,64.34,64.34,14/07/2024 14:00
2024,7,14,15,60.2,56.62,14/07/2024 15:00
2024,7,14,16,50.83,50.83,14/07/2024 16:00
2024,7,14,17,45.68,45.68,14/07/2024 17:00
2024,7,14,18,57.42,57.42,14/07/2024 18:00
2024,7,14,19,70.72,70.72,14/07/2024 19:00
2024,7,14,20,80.7,80.7,14/07/2024 20:00
2024,7,14,21,101.75,101.75,14/07/2024 21:00
2024,7,14,22,110,110,14/07/2024 22:00
2024,7,14,23,118,118,14/07/2024 23:00
2024,7,14,24,102.05,102.05,15/07/2024 0:00
2024,7,15,1,108.75,108.75,15/07/2024 1:00
2024,7,15,2,99.02,99.02,15/07/2024 2:00
2024,7,15,3,90,90,15/07/2024 3:00
2024,7,15,4,90,90,15/07/2024 4:00
2024,7,15,5,86.03,86.03,15/07/2024 5:00
2024,7,15,6,86.03,86.03,15/07/2024 6:00
2024,7,15,7,91.23,91.23,15/07/2024 7:00
2024,7,15,8,91,91,15/07/2024 8:00
2024,7,15,9,76.26,76.26,15/07/2024 9:00
2024,7,15,10,61.69,61.69,15/07/2024 10:00
2024,7,15,11,50.54,50.54,15/07/2024 11:00
2024,7,15,12,45,25.1,15/07/2024 12:00
2024,7,15,13,45,25,15/07/2024 13:00
2024,7,15,14,45,14,15/07/2024 14:00
2024,7,15,15,27.68,4.3,15/07/2024 15:00
2024,7,15,16,22.73,4.3,15/07/2024 16:00
2024,7,15,17,19.32,1.64,15/07/2024 17:00
2024,7,15,18,19.32,4.3,15/07/2024 18:00
2024,7,15,19,30,30,15/07/2024 19:00
2024,7,15,20,66.81,66.81,15/07/2024 20:00
2024,7,15,21,89,89,15/07/2024 21:00
2024,7,15,22,107.02,107.02,15/07/2024 22:00
2024,7,15,23,107.02,107.02,15/07/2024 23:00
2024,7,15,24,103,103,16/07/2024 0:00
2024,7,16,1,80.02,80.02,16/07/2024 1:00
2024,7,16,2,72.17,72.17,16/07/2024 2:00
2024,7,16,3,70.81,70.81,16/07/2024 3:00
2024,7,16,4,69.71,69.71,16/07/2024 4:00
2024,7,16,5,69.71,69.71,16/07/2024 5:00
2024,7,16,6,71.63,71.63,16/07/2024 6:00
2024,7,16,7,79.98,79.98,16/07/2024 7:00
2024,7,16,8,79.98,79.98,16/07/2024 8:00
2024,7,16,9,69.71,69.71,16/07/2024 9:00
2024,7,16,10,26.98,26.98,16/07/2024 10:00
2024,7,16,11,25,25,16/07/2024 11:00
2024,7,16,12,25,25,16/07/2024 12:00
2024,7,16,13,25,25,16/07/2024 13:00
2024,7,16,14,25.02,25.02,16/07/2024 14:00
2024,7,16,15,25,25,16/07/2024 15:00
2024,7,16,16,20,20,16/07/2024 16:00
2024,7,16,17,15.69,15.69,16/07/2024 17:00
2024,7,16,18,15.69,15.69,16/07/2024 18:00
2024,7,16,19,34.6,34.6,16/07/2024 19:00
2024,7,16,20,93.82,93.82,16/07/2024 20:00
2024,7,16,21,100.98,100.98,16/07/2024 21:00
2024,7,16,22,110.72,110.72,16/07/2024 22:00
2024,7,16,23,114.95,114.95,16/07/2024 23:00
2024,7,16,24,110,110,17/07/2024 0:00
2024,7,17,1,90.68,90.68,17/07/2024 1:00
2024,7,17,2,73.32,73.32,17/07/2024 2:00
2024,7,17,3,71.05,71.05,17/07/2024 3:00
2024,7,17,4,70,70,17/07/2024 4:00
2024,7,17,5,70.59,70.59,17/07/2024 5:00
2024,7,17,6,71,71,17/07/2024 6:00
2024,7,17,7,85.01,85.01,17/07/2024 7:00
2024,7,17,8,109.5,109.5,17/07/2024 8:00
2024,7,17,9,110.85,110.85,17/07/2024 9:00
2024,7,17,10,96.08,96.08,17/07/2024 10:00
2024,7,17,11,77.4,77.4,17/07/2024 11:00
2024,7,17,12,73.52,73.52,17/07/2024 12:00
2024,7,17,13,81.01,81.01,17/07/2024 13:00
2024,7,17,14,73.52,73.52,17/07/2024 14:00
2024,7,17,15,73.32,73.32,17/07/2024 15:00
2024,7,17,16,73.02,73.02,17/07/2024 16:00
2024,7,17,17,73.02,73.02,17/07/2024 17:00
2024,7,17,18,75.36,75.36,17/07/2024 18:00
2024,7,17,19,84.24,84.24,17/07/2024 19:00
2024,7,17,20,90,90,17/07/2024 20:00
2024,7,17,21,113.98,113.98,17/07/2024 21:00
2024,7,17,22,125,125,17/07/2024 22:00
2024,7,17,23,126.44,126.44,17/07/2024 23:00
2024,7,17,24,111.49,111.49,18/07/2024 0:00
2024,7,18,1,100.28,100.28,18/07/2024 1:00
2024,7,18,2,91.8,91.8,18/07/2024 2:00
2024,7,18,3,91.1,91.1,18/07/2024 3:00
2024,7,18,4,91.8,91.8,18/07/2024 4:00
2024,7,18,5,89.99,89.99,18/07/2024 5:00
2024,7,18,6,91.8,91.8,18/07/2024 6:00
2024,7,18,7,96.88,96.88,18/07/2024 7:00
2024,7,18,8,108.65,108.65,18/07/2024 8:00
2024,7,18,9,110,110,18/07/2024 9:00
2024,7,18,10,97.75,97.75,18/07/2024 10:00
2024,7,18,11,91.8,91.8,18/07/2024 11:00
2024,7,18,12,89.74,89.74,18/07/2024 12:00
2024,7,18,13,84.74,84.74,18/07/2024 13:00
2024,7,18,14,82.7,81.99,18/07/2024 14:00
2024,7,18,15,81.66,81.66,18/07/2024 15:00
2024,7,18,16,81.9,81.9,18/07/2024 16:00
2024,7,18,17,84.78,84.78,18/07/2024 17:00
2024,7,18,18,96.9,96.9,18/07/2024 18:00
2024,7,18,19,98.85,98.85,18/07/2024 19:00
2024,7,18,20,98.85,98.85,18/07/2024 20:00
2024,7,18,21,110.31,110.31,18/07/2024 21:00
2024,7,18,22,120.01,120.01,18/07/2024 22:00
2024,7,18,23,118,118,18/07/2024 23:00
2024,7,18,24,109.3,109.3,19/07/2024 0:00
2024,7,19,1,108.11,108.11,19/07/2024 1:00
2024,7,19,2,101.2,101.2,19/07/2024 2:00
2024,7,19,3,97.25,97.25,19/07/2024 3:00
2024,7,19,4,92.1,92.1,19/07/2024 4:00
2024,7,19,5,89.84,89.84,19/07/2024 5:00
2024,7,19,6,90.1,90.1,19/07/2024 6:00
2024,7,19,7,97.5,97.5,19/07/2024 7:00
2024,7,19,8,105.06,105.06,19/07/2024 8:00
2024,7,19,9,111.3,111.3,19/07/2024 9:00
2024,7,19,10,99.9,99.9,19/07/2024 10:00
2024,7,19,11,93.08,93.08,19/07/2024 11:00
2024,7,19,12,87,87,19/07/2024 12:00
2024,7,19,13,87.3,87.3,19/07/2024 13:00
2024,7,19,14,87,87,19/07/2024 14:00
2024,7,19,15,83.52,83.52,19/07/2024 15:00
2024,7,19,16,81.42,81.42,19/07/2024 16:00
2024,7,19,17,78,78,19/07/2024 17:00
2024,7,19,18,77.09,77.09,19/07/2024 18:00
2024,7,19,19,82.72,82.72,19/07/2024 19:00
2024,7,19,20,99,99,19/07/2024 20:00
2024,7,19,21,102.33,102.33,19/07/2024 21:00
2024,7,19,22,113.04,113.04,19/07/2024 22:00
2024,7,19,23,116.03,116.03,19/07/2024 23:00
2024,7,19,24,102.63,102.63,20/07/2024 0:00
2024,7,20,1,101.12,101.12,20/07/2024 1:00
2024,7,20,2,94.5,94.5,20/07/2024 2:00
2024,7,20,3,90.1,90.1,20/07/2024 3:00
2024,7,20,4,90.09,90.09,20/07/2024 4:00
2024,7,20,5,90,90,20/07/2024 5:00
2024,7,20,6,96,96,20/07/2024 6:00
2024,7,20,7,101.73,101.73,20/07/2024 7:00
2024,7,20,8,109.99,109.99,20/07/2024 8:00
2024,7,20,9,111.45,111.45,20/07/2024 9:00
2024,7,20,10,101.28,101.28,20/07/2024 10:00
2024,7,20,11,97,97,20/07/2024 11:00
2024,7,20,12,96,96,20/07/2024 12:00
2024,7,20,13,92,92,20/07/2024 13:00
2024,7,20,14,80.85,80.85,20/07/2024 14:00
2024,7,20,15,76.72,76.72,20/07/2024 15:00
2024,7,20,16,75.03,75.03,20/07/2024 16:00
2024,7,20,17,77.31,77.31,20/07/2024 17:00
2024,7,20,18,77.45,77.45,20/07/2024 18:00
2024,7,20,19,75.25,75.25,20/07/2024 19:00
2024,7,20,20,85,85,20/07/2024 20:00
2024,7,20,21,101.46,101.46,20/07/2024 21:00
2024,7,20,22,110.8,110.8,20/07/2024 22:00
2024,7,20,23,112.47,112.47,20/07/2024 23:00
2024,7,20,24,107.84,107.84,21/07/2024 0:00
2024,7,21,1,103.05,103.05,21/07/2024 1:00
2024,7,21,2,88.94,88.94,21/07/2024 2:00
2024,7,21,3,82,82,21/07/2024 3:00
2024,7,21,4,82,82,21/07/2024 4:00
2024,7,21,5,82,82,21/07/2024 5:00
2024,7,21,6,88,88,21/07/2024 6:00
2024,7,21,7,102,102,21/07/2024 7:00
2024,7,21,8,109.38,109.38,21/07/2024 8:00
2024,7,21,9,111.51,111.51,21/07/2024 9:00
2024,7,21,10,103.09,103.09,21/07/2024 10:00
2024,7,21,11,95.35,95.35,21/07/2024 11:00
2024,7,21,12,91.72,91.72,21/07/2024 12:00
2024,7,21,13,88,88,21/07/2024 13:00
2024,7,21,14,91.72,91.72,21/07/2024 14:00
2024,7,21,15,85,85,21/07/2024 15:00
2024,7,21,16,76.86,76.86,21/07/2024 16:00
2024,7,21,17,75.2,75.2,21/07/2024 17:00
2024,7,21,18,74.9,74,21/07/2024 18:00
2024,7,21,19,79.94,79.94,21/07/2024 19:00
2024,7,21,20,91.72,91.72,21/07/2024 20:00
2024,7,21,21,103.09,103.09,21/07/2024 21:00
2024,7,21,22,106.5,106.5,21/07/2024 22:00
2024,7,21,23,111.38,111.38,21/07/2024 23:00
2024,7,21,24,105,105,22/07/2024 0:00
2024,7,22,1,98.14,98.14,22/07/2024 1:00
2024,7,22,2,105.01,105.01,22/07/2024 2:00
2024,7,22,3,105,105,22/07/2024 3:00
2024,7,22,4,102.38,102.38,22/07/2024 4:00
2024,7,22,5,100,100,22/07/2024 5:00
2024,7,22,6,95.01,95.01,22/07/2024 6:00
2024,7,22,7,103.05,103.05,22/07/2024 7:00
2024,7,22,8,105,105,22/07/2024 8:00
2024,7,22,9,102.01,102.01,22/07/2024 9:00
2024,7,22,10,82.16,82.16,22/07/2024 10:00
2024,7,22,11,75.9,75.9,22/07/2024 11:00
2024,7,22,12,75.9,71.2,22/07/2024 12:00
2024,7,22,13,75.9,71.2,22/07/2024 13:00
2024,7,22,14,75.9,71.7,22/07/2024 14:00
2024,7,22,15,74.5,71.2,22/07/2024 15:00
2024,7,22,16,70.9,70.9,22/07/2024 16:00
2024,7,22,17,69.6,69.6,22/07/2024 17:00
2024,7,22,18,71.5,71.5,22/07/2024 18:00
2024,7,22,19,80,80,22/07/2024 19:00
2024,7,22,20,93.81,93.81,22/07/2024 20:00
2024,7,22,21,110.09,110.09,22/07/2024 21:00
2024,7,22,22,113.4,113.4,22/07/2024 22:00
2024,7,22,23,115.67,115.67,22/07/2024 23:00
2024,7,22,24,112.47,112.47,23/07/2024 0:00
2024,7,23,1,106.03,106.03,23/07/2024 1:00
2024,7,23,2,103.01,103.01,23/07/2024 2:00
2024,7,23,3,96.48,96.48,23/07/2024 3:00
2024,7,23,4,95.67,95.67,23/07/2024 4:00
2024,7,23,5,93.16,93.16,23/07/2024 5:00
2024,7,23,6,94.1,94.1,23/07/2024 6:00
2024,7,23,7,93.16,93.16,23/07/2024 7:00
2024,7,23,8,89,89,23/07/2024 8:00
2024,7,23,9,77.61,77.61,23/07/2024 9:00
2024,7,23,10,70,70,23/07/2024 10:00
2024,7,23,11,36,36,23/07/2024 11:00
2024,7,23,12,25.6,20.1,23/07/2024 12:00
2024,7,23,13,25.6,0.1,23/07/2024 13:00
2024,7,23,14,25.6,0.01,23/07/2024 14:00
2024,7,23,15,4.59,0,23/07/2024 15:00
2024,7,23,16,1.88,0,23/07/2024 16:00
2024,7,23,17,0,0,23/07/2024 17:00
2024,7,23,18,4.1,4.1,23/07/2024 18:00
2024,7,23,19,20.1,20.1,23/07/2024 19:00
2024,7,23,20,70.65,70.65,23/07/2024 20:00
2024,7,23,21,90,90,23/07/2024 21:00
2024,7,23,22,99,99,23/07/2024 22:00
2024,7,23,23,113,113,23/07/2024 23:00
2024,7,23,24,114.95,114.95,24/07/2024 0:00
2024,7,24,1,103.39,103.39,24/07/2024 1:00
2024,7,24,2,101,101,24/07/2024 2:00
2024,7,24,3,88.39,88.39,24/07/2024 3:00
2024,7,24,4,83.1,83.1,24/07/2024 4:00
2024,7,24,5,82.23,82.23,24/07/2024 5:00
2024,7,24,6,91.1,91.1,24/07/2024 6:00
2024,7,24,7,105.43,105.43,24/07/2024 7:00
2024,7,24,8,105.64,105.64,24/07/2024 8:00
2024,7,24,9,105.64,105.64,24/07/2024 9:00
2024,7,24,10,105,105,24/07/2024 10:00
2024,7,24,11,99.94,99.94,24/07/2024 11:00
2024,7,24,12,94.62,94.62,24/07/2024 12:00
2024,7,24,13,87.56,87.56,24/07/2024 13:00
2024,7,24,14,81.76,81.76,24/07/2024 14:00
2024,7,24,15,75,75,24/07/2024 15:00
2024,7,24,16,68,68,24/07/2024 16:00
2024,7,24,17,66.2,66.2,24/07/2024 17:00
2024,7,24,18,67.9,67.9,24/07/2024 18:00
2024,7,24,19,67.3,67.3,24/07/2024 19:00
2024,7,24,20,70.9,70.9,24/07/2024 20:00
2024,7,24,21,102,102,24/07/2024 21:00
2024,7,24,22,105.25,105.25,24/07/2024 22:00
2024,7,24,23,105.84,105.84,24/07/2024 23:00
2024,7,24,24,103.39,103.39,25/07/2024 0:00
2024,7,25,1,99.87,99.87,25/07/2024 1:00
2024,7,25,2,90.43,90.43,25/07/2024 2:00
2024,7,25,3,90.1,90.1,25/07/2024 3:00
2024,7,25,4,89.87,89.87,25/07/2024 4:00
2024,7,25,5,86.99,86.99,25/07/2024 5:00
2024,7,25,6,90.43,90.43,25/07/2024 6:00
2024,7,25,7,103,103,25/07/2024 7:00
2024,7,25,8,103.84,103.84,25/07/2024 8:00
2024,7,25,9,103.39,103.39,25/07/2024 9:00
2024,7,25,10,99,99,25/07/2024 10:00
2024,7,25,11,89.71,89.71,25/07/2024 11:00
2024,7,25,12,78,78,25/07/2024 12:00
2024,7,25,13,76,76,25/07/2024 13:00
2024,7,25,14,78,78,25/07/2024 14:00
2024,7,25,15,73,73,25/07/2024 15:00
2024,7,25,16,72.2,72.2,25/07/2024 16:00
2024,7,25,17,71.5,71.5,25/07/2024 17:00
2024,7,25,18,71.5,71.5,25/07/2024 18:00
2024,7,25,19,72,72,25/07/2024 19:00
2024,7,25,20,89.71,89.71,25/07/2024 20:00
2024,7,25,21,110.38,110.38,25/07/2024 21:00
2024,7,25,22,120.01,120.01,25/07/2024 22:00
2024,7,25,23,110.84,110.84,25/07/2024 23:00
2024,7,25,24,105.45,105.45,26/07/2024 0:00
2024,7,26,1,105,105,26/07/2024 1:00
2024,7,26,2,96.94,96.94,26/07/2024 2:00
2024,7,26,3,92.1,92.1,26/07/2024 3:00
2024,7,26,4,95.38,95.38,26/07/2024 4:00
2024,7,26,5,92.1,92.1,26/07/2024 5:00
2024,7,26,6,94.87,94.87,26/07/2024 6:00
2024,7,26,7,103.84,103.84,26/07/2024 7:00
2024,7,26,8,108.8,108.8,26/07/2024 8:00
2024,7,26,9,111.15,111.15,26/07/2024 9:00
2024,7,26,10,107.85,107.85,26/07/2024 10:00
2024,7,26,11,99.81,99.81,26/07/2024 11:00
2024,7,26,12,93.6,93.6,26/07/2024 12:00
2024,7,26,13,91.5,91.5,26/07/2024 13:00
2024,7,26,14,90.7,90.7,26/07/2024 14:00
2024,7,26,15,88.97,88.97,26/07/2024 15:00
2024,7,26,16,87.86,87.86,26/07/2024 16:00
2024,7,26,17,84.82,84.82,26/07/2024 17:00
2024,7,26,18,92,92,26/07/2024 18:00
2024,7,26,19,100.1,100.1,26/07/2024 19:00
2024,7,26,20,111.15,111.15,26/07/2024 20:00
2024,7,26,21,120.3,120.3,26/07/2024 21:00
2024,7,26,22,121.88,121.88,26/07/2024 22:00
2024,7,26,23,127,127,26/07/2024 23:00
2024,7,26,24,115.1,115.1,27/07/2024 0:00
2024,7,27,1,119.2,119.2,27/07/2024 1:00
2024,7,27,2,111.15,111.15,27/07/2024 2:00
2024,7,27,3,108.5,108.5,27/07/2024 3:00
2024,7,27,4,107.86,107.86,27/07/2024 4:00
2024,7,27,5,105.1,105.1,27/07/2024 5:00
2024,7,27,6,107.86,107.86,27/07/2024 6:00
2024,7,27,7,111.15,111.15,27/07/2024 7:00
2024,7,27,8,113.35,113.35,27/07/2024 8:00
2024,7,27,9,109.5,109.5,27/07/2024 9:00
2024,7,27,10,99.12,99.12,27/07/2024 10:00
2024,7,27,11,96.8,96.8,27/07/2024 11:00
2024,7,27,12,90.39,90.39,27/07/2024 12:00
2024,7,27,13,86.45,86.45,27/07/2024 13:00
2024,7,27,14,80.01,80.01,27/07/2024 14:00
2024,7,27,15,78.33,78.33,27/07/2024 15:00
2024,7,27,16,76.01,76.01,27/07/2024 16:00
2024,7,27,17,73.6,73.6,27/07/2024 17:00
2024,7,27,18,76.51,76.51,27/07/2024 18:00
2024,7,27,19,77.84,77.84,27/07/2024 19:00
2024,7,27,20,87.56,87.56,27/07/2024 20:00
2024,7,27,21,111,111,27/07/2024 21:00
2024,7,27,22,118,118,27/07/2024 22:00
2024,7,27,23,121,121,27/07/2024 23:00
2024,7,27,24,115.25,115.25,28/07/2024 0:00
2024,7,28,1,109.8,109.8,28/07/2024 1:00
2024,7,28,2,108.2,108.2,28/07/2024 2:00
2024,7,28,3,101.38,101.38,28/07/2024 3:00
2024,7,28,4,101.38,101.38,28/07/2024 4:00
2024,7,28,5,96.75,96.75,28/07/2024 5:00
2024,7,28,6,100.15,100.15,28/07/2024 6:00
2024,7,28,7,107,107,28/07/2024 7:00
2024,7,28,8,111.02,111.02,28/07/2024 8:00
2024,7,28,9,112.99,112.99,28/07/2024 9:00
2024,7,28,10,107.87,107.87,28/07/2024 10:00
2024,7,28,11,99.54,99.54,28/07/2024 11:00
2024,7,28,12,93,93,28/07/2024 12:00
2024,7,28,13,87.97,87.97,28/07/2024 13:00
2024,7,28,14,80,80,28/07/2024 14:00
2024,7,28,15,75.65,75.65,28/07/2024 15:00
2024,7,28,16,76.1,76.1,28/07/2024 16:00
2024,7,28,17,78.33,78.33,28/07/2024 17:00
2024,7,28,18,78.52,78.52,28/07/2024 18:00
2024,7,28,19,84.99,84.99,28/07/2024 19:00
2024,7,28,20,100.15,100.15,28/07/2024 20:00
2024,7,28,21,110.82,110.82,28/07/2024 21:00
2024,7,28,22,113.82,113.82,28/07/2024 22:00
2024,7,28,23,113.09,113.09,28/07/2024 23:00
2024,7,28,24,109.5,109.5,29/07/2024 0:00
2024,7,29,1,103.09,103.09,29/07/2024 1:00
2024,7,29,2,100.07,100.07,29/07/2024 2:00
2024,7,29,3,99.1,99.1,29/07/2024 3:00
2024,7,29,4,99.1,99.1,29/07/2024 4:00
2024,7,29,5,98.48,98.48,29/07/2024 5:00
2024,7,29,6,99,99,29/07/2024 6:00
2024,7,29,7,100,100,29/07/2024 7:00
2024,7,29,8,99.1,99.1,29/07/2024 8:00
2024,7,29,9,97.39,97.39,29/07/2024 9:00
2024,7,29,10,81.71,81.71,29/07/2024 10:00
2024,7,29,11,75.5,75.5,29/07/2024 11:00
2024,7,29,12,96.1,63.75,29/07/2024 12:00
2024,7,29,13,93.86,59.34,29/07/2024 13:00
2024,7,29,14,90.1,41,29/07/2024 14:00
2024,7,29,15,83,25,29/07/2024 15:00
2024,7,29,16,79.22,25,29/07/2024 16:00
2024,7,29,17,72.59,33.57,29/07/2024 17:00
2024,7,29,18,69,51.93,29/07/2024 18:00
2024,7,29,19,73.1,73.1,29/07/2024 19:00
2024,7,29,20,83.35,83.35,29/07/2024 20:00
2024,7,29,21,100.65,100.65,29/07/2024 21:00
2024,7,29,22,110.49,110.49,29/07/2024 22:00
2024,7,29,23,110.86,110.86,29/07/2024 23:00
2024,7,29,24,102.88,102.88,30/07/2024 0:00
2024,7,30,1,99.1,99.1,30/07/2024 1:00
2024,7,30,2,92.9,92.9,30/07/2024 2:00
2024,7,30,3,90.45,90.45,30/07/2024 3:00
2024,7,30,4,92,92,30/07/2024 4:00
2024,7,30,5,90.83,90.83,30/07/2024 5:00
2024,7,30,6,95.66,95.66,30/07/2024 6:00
2024,7,30,7,99.1,99.1,30/07/2024 7:00
2024,7,30,8,96.13,96.13,30/07/2024 8:00
2024,7,30,9,80,80,30/07/2024 9:00
2024,7,30,10,62.3,62.3,30/07/2024 10:00
2024,7,30,11,66.99,25,30/07/2024 11:00
2024,7,30,12,67.12,11.2,30/07/2024 12:00
2024,7,30,13,67.12,24.5,30/07/2024 13:00
2024,7,30,14,67.12,25,30/07/2024 14:00
2024,7,30,15,60.01,27.7,30/07/2024 15:00
2024,7,30,16,38.98,25,30/07/2024 16:00
2024,7,30,17,38.98,15.1,30/07/2024 17:00
2024,7,30,18,38.98,20.25,30/07/2024 18:00
2024,7,30,19,42.65,42.65,30/07/2024 19:00
2024,7,30,20,75.83,75.83,30/07/2024 20:00
2024,7,30,21,98.48,98.48,30/07/2024 21:00
2024,7,30,22,112.82,112.82,30/07/2024 22:00
2024,7,30,23,113.93,113.93,30/07/2024 23:00
2024,7,30,24,110.95,110.95,31/07/2024 0:00
2024,7,31,1,99.03,99.03,31/07/2024 1:00
2024,7,31,2,91.43,91.43,31/07/2024 2:00
2024,7,31,3,85,85,31/07/2024 3:00
2024,7,31,4,88,88,31/07/2024 4:00
2024,7,31,5,91.1,91.1,31/07/2024 5:00
2024,7,31,6,96.94,96.94,31/07/2024 6:00
2024,7,31,7,103.7,103.7,31/07/2024 7:00
2024,7,31,8,106.96,106.96,31/07/2024 8:00
2024,7,31,9,99,99,31/07/2024 9:00
2024,7,31,10,94.85,94.85,31/07/2024 10:00
2024,7,31,11,84.12,84.12,31/07/2024 11:00
2024,7,31,12,78.99,78.99,31/07/2024 12:00
2024,7,31,13,78.99,78.99,31/07/2024 13:00
2024,7,31,14,77.5,77.5,31/07/2024 14:00
2024,7,31,15,74.51,74.51,31/07/2024 15:00
2024,7,31,16,72.11,72.11,31/07/2024 16:00
2024,7,31,17,70.5,70.5,31/07/2024 17:00
2024,7,31,18,74.45,74.45,31/07/2024 18:00
2024,7,31,19,78.3,78.3,31/07/2024 19:00
2024,7,31,20,88.56,88.56,31/07/2024 20:00
2024,7,31,21,96.96,96.96,31/07/2024 21:00
2024,7,31,22,103.5,103.5,31/07/2024 22:00
2024,7,31,23,100.01,100.01,31/07/2024 23:00
2024,7,31,24,99.65,99.65,01/08/2024 0:00
2024,8,1,1,103.09,103.09,01/08/2024 1:00
2024,8,1,2,96.94,96.94,01/08/2024 2:00
2024,8,1,3,87.79,87.79,01/08/2024 3:00
2024,8,1,4,82.5,82.5,01/08/2024 4:00
2024,8,1,5,78.6,78.6,01/08/2024 5:00
2024,8,1,6,79.26,79.26,01/08/2024 6:00
2024,8,1,7,93.86,93.86,01/08/2024 7:00
2024,8,1,8,94.69,94.69,01/08/2024 8:00
2024,8,1,9,100.98,100.98,01/08/2024 9:00
2024,8,1,10,87.76,87.76,01/08/2024 10:00
2024,8,1,11,76.5,76.5,01/08/2024 11:00
2024,8,1,12,78.99,78.99,01/08/2024 12:00
2024,8,1,13,78.99,75.1,01/08/2024 13:00
2024,8,1,14,72.75,68.57,01/08/2024 14:00
2024,8,1,15,72.52,64.6,01/08/2024 15:00
2024,8,1,16,69,66,01/08/2024 16:00
2024,8,1,17,68.84,64.6,01/08/2024 17:00
2024,8,1,18,68.84,68.5,01/08/2024 18:00
2024,8,1,19,79.12,79.12,01/08/2024 19:00
2024,8,1,20,94.69,94.69,01/08/2024 20:00
2024,8,1,21,105.22,105.22,01/08/2024 21:00
2024,8,1,22,112.77,112.77,01/08/2024 22:00
2024,8,1,23,115,115,01/08/2024 23:00
2024,8,1,24,104.55,104.55,02/08/2024 0:00
2024,8,2,1,95,95,02/08/2024 1:00
2024,8,2,2,95.93,95.93,02/08/2024 2:00
2024,8,2,3,96.09,96.09,02/08/2024 3:00
2024,8,2,4,96.09,96.09,02/08/2024 4:00
2024,8,2,5,94.09,94.09,02/08/2024 5:00
2024,8,2,6,94.09,94.09,02/08/2024 6:00
2024,8,2,7,93.86,93.86,02/08/2024 7:00
2024,8,2,8,94.61,94.61,02/08/2024 8:00
2024,8,2,9,92.37,92.37,02/08/2024 9:00
2024,8,2,10,72,72,02/08/2024 10:00
2024,8,2,11,65.88,65.88,02/08/2024 11:00
2024,8,2,12,65.88,64.5,02/08/2024 12:00
2024,8,2,13,65.88,64.3,02/08/2024 13:00
2024,8,2,14,65.88,63.23,02/08/2024 14:00
2024,8,2,15,49.21,48.99,02/08/2024 15:00
2024,8,2,16,49.21,25,02/08/2024 16:00
2024,8,2,17,34.81,28.84,02/08/2024 17:00
2024,8,2,18,52.05,52.05,02/08/2024 18:00
2024,8,2,19,63.18,63.18,02/08/2024 19:00
2024,8,2,20,65.88,65.88,02/08/2024 20:00
2024,8,2,21,86.99,86.99,02/08/2024 21:00
2024,8,2,22,91.6,91.6,02/08/2024 22:00
2024,8,2,23,91.6,91.6,02/08/2024 23:00
2024,8,2,24,90,90,03/08/2024 0:00
2024,8,3,1,87.59,87.59,03/08/2024 1:00
2024,8,3,2,83.88,83.88,03/08/2024 2:00
2024,8,3,3,77.03,77.03,03/08/2024 3:00
2024,8,3,4,77.9,77.9,03/08/2024 4:00
2024,8,3,5,75,75,03/08/2024 5:00
2024,8,3,6,80.01,80.01,03/08/2024 6:00
2024,8,3,7,83.51,83.51,03/08/2024 7:00
2024,8,3,8,84.73,84.73,03/08/2024 8:00
2024,8,3,9,80.58,80.58,03/08/2024 9:00
2024,8,3,10,62.5,62.5,03/08/2024 10:00
2024,8,3,11,52,52,03/08/2024 11:00
2024,8,3,12,50,35,03/08/2024 12:00
2024,8,3,13,35,35,03/08/2024 13:00
2024,8,3,14,35,35,03/08/2024 14:00
2024,8,3,15,23.51,23.51,03/08/2024 15:00
2024,8,3,16,24.09,24.09,03/08/2024 16:00
2024,8,3,17,25.11,25.11,03/08/2024 17:00
2024,8,3,18,49.63,49.63,03/08/2024 18:00
2024,8,3,19,51.99,51.99,03/08/2024 19:00
2024,8,3,20,62.8,62.8,03/08/2024 20:00
2024,8,3,21,89,89,03/08/2024 21:00
2024,8,3,22,95,95,03/08/2024 22:00
2024,8,3,23,95,95,03/08/2024 23:00
2024,8,3,24,88.35,88.35,04/08/2024 0:00
2024,8,4,1,88.6,88.6,04/08/2024 1:00
2024,8,4,2,83.85,83.85,04/08/2024 2:00
2024,8,4,3,80.92,80.92,04/08/2024 3:00
2024,8,4,4,79.25,79.25,04/08/2024 4:00
2024,8,4,5,76.6,76.6,04/08/2024 5:00
2024,8,4,6,78.55,78.55,04/08/2024 6:00
2024,8,4,7,78.55,78.55,04/08/2024 7:00
2024,8,4,8,82.83,82.83,04/08/2024 8:00
2024,8,4,9,80.01,80.01,04/08/2024 9:00
2024,8,4,10,59.2,59.2,04/08/2024 10:00
2024,8,4,11,40,40,04/08/2024 11:00
2024,8,4,12,48.11,48.11,04/08/2024 12:00
2024,8,4,13,48.41,48.41,04/08/2024 13:00
2024,8,4,14,50.01,50.01,04/08/2024 14:00
2024,8,4,15,50.83,47.61,04/08/2024 15:00
2024,8,4,16,53.22,35,04/08/2024 16:00
2024,8,4,17,53.22,27.63,04/08/2024 17:00
2024,8,4,18,53.22,35,04/08/2024 18:00
2024,8,4,19,53.22,48.11,04/08/2024 19:00
2024,8,4,20,70,70,04/08/2024 20:00
2024,8,4,21,86.3,86.3,04/08/2024 21:00
2024,8,4,22,94,94,04/08/2024 22:00
2024,8,4,23,94,94,04/08/2024 23:00
2024,8,4,24,91.7,91.7,05/08/2024 0:00
2024,8,5,1,101.55,101.55,05/08/2024 1:00
2024,8,5,2,94.9,94.9,05/08/2024 2:00
2024,8,5,3,92.58,92.58,05/08/2024 3:00
2024,8,5,4,90.3,90.3,05/08/2024 4:00
2024,8,5,5,90.24,90.24,05/08/2024 5:00
2024,8,5,6,90.54,90.54,05/08/2024 6:00
2024,8,5,7,90.24,90.24,05/08/2024 7:00
2024,8,5,8,86.41,86.41,05/08/2024 8:00
2024,8,5,9,85.66,85.66,05/08/2024 9:00
2024,8,5,10,75.52,75.52,05/08/2024 10:00
2024,8,5,11,60.31,60.31,05/08/2024 11:00
2024,8,5,12,85.67,50.1,05/08/2024 12:00
2024,8,5,13,85.67,35,05/08/2024 13:00
2024,8,5,14,85.67,40.46,05/08/2024 14:00
2024,8,5,15,84.73,35,05/08/2024 15:00
2024,8,5,16,75.52,25,05/08/2024 16:00
2024,8,5,17,75.22,25,05/08/2024 17:00
2024,8,5,18,75.22,25,05/08/2024 18:00
2024,8,5,19,75.22,45,05/08/2024 19:00
2024,8,5,20,66.01,66.01,05/08/2024 20:00
2024,8,5,21,82.99,82.99,05/08/2024 21:00
2024,8,5,22,90,90,05/08/2024 22:00
2024,8,5,23,91.39,91.39,05/08/2024 23:00
2024,8,5,24,85.66,85.66,06/08/2024 0:00
2024,8,6,1,76,76,06/08/2024 1:00
2024,8,6,2,46.67,46.67,06/08/2024 2:00
2024,8,6,3,35.01,35.01,06/08/2024 3:00
2024,8,6,4,33.11,33.11,06/08/2024 4:00
2024,8,6,5,32.61,32.61,06/08/2024 5:00
2024,8,6,6,31.8,31.8,06/08/2024 6:00
2024,8,6,7,32.3,32.3,06/08/2024 7:00
2024,8,6,8,27.8,27.8,06/08/2024 8:00
2024,8,6,9,5,5,06/08/2024 9:00
2024,8,6,10,1.64,1.64,06/08/2024 10:00
2024,8,6,11,1.68,1.64,06/08/2024 11:00
2024,8,6,12,61,0,06/08/2024 12:00
2024,8,6,13,76.22,1.64,06/08/2024 13:00
2024,8,6,14,76.52,0,06/08/2024 14:00
2024,8,6,15,76.22,0,06/08/2024 15:00
2024,8,6,16,76.52,0,06/08/2024 16:00
2024,8,6,17,76.52,0,06/08/2024 17:00
2024,8,6,18,76.52,1.64,06/08/2024 18:00
2024,8,6,19,80.46,0,06/08/2024 19:00
2024,8,6,20,57,33.41,06/08/2024 20:00
2024,8,6,21,77.06,77.06,06/08/2024 21:00
2024,8,6,22,80.5,80.5,06/08/2024 22:00
2024,8,6,23,81.25,81.25,06/08/2024 23:00
2024,8,6,24,76.5,76.5,07/08/2024 0:00
2024,8,7,1,72.22,72.22,07/08/2024 1:00
2024,8,7,2,58.11,58.11,07/08/2024 2:00
2024,8,7,3,52.3,52.3,07/08/2024 3:00
2024,8,7,4,51.8,51.8,07/08/2024 4:00
2024,8,7,5,47.8,47.8,07/08/2024 5:00
2024,8,7,6,65.03,65.03,07/08/2024 6:00
2024,8,7,7,72.22,72.22,07/08/2024 7:00
2024,8,7,8,91.31,91.31,07/08/2024 8:00
2024,8,7,9,94.5,94.5,07/08/2024 9:00
2024,8,7,10,77.62,77.62,07/08/2024 10:00
2024,8,7,11,57.5,57.5,07/08/2024 11:00
2024,8,7,12,75.01,52.3,07/08/2024 12:00
2024,8,7,13,90,59.13,07/08/2024 13:00
2024,8,7,14,90,52.71,07/08/2024 14:00
2024,8,7,15,90,55.2,07/08/2024 15:00
2024,8,7,16,90,54.23,07/08/2024 16:00
2024,8,7,17,90,57.61,07/08/2024 17:00
2024,8,7,18,85.01,70.95,07/08/2024 18:00
2024,8,7,19,85.1,85.1,07/08/2024 19:00
2024,8,7,20,107.02,107.02,07/08/2024 20:00
2024,8,7,21,116.3,116.3,07/08/2024 21:00
2024,8,7,22,124.95,124.95,07/08/2024 22:00
2024,8,7,23,110.8,110.8,07/08/2024 23:00
2024,8,7,24,100,100,08/08/2024 0:00
2024,8,8,1,106,106,08/08/2024 1:00
2024,8,8,2,104.37,104.37,08/08/2024 2:00
2024,8,8,3,99.93,99.93,08/08/2024 3:00
2024,8,8,4,99.41,99.41,08/08/2024 4:00
2024,8,8,5,91.69,91.69,08/08/2024 5:00
2024,8,8,6,92.54,92.54,08/08/2024 6:00
2024,8,8,7,96.32,96.32,08/08/2024 7:00
2024,8,8,8,99.93,99.93,08/08/2024 8:00
2024,8,8,9,99.93,99.93,08/08/2024 9:00
2024,8,8,10,98.15,98.15,08/08/2024 10:00
2024,8,8,11,85.52,85.52,08/08/2024 11:00
2024,8,8,12,78.69,78.69,08/08/2024 12:00
2024,8,8,13,78.69,78.69,08/08/2024 13:00
2024,8,8,14,79.7,79.7,08/08/2024 14:00
2024,8,8,15,79.7,79.7,08/08/2024 15:00
2024,8,8,16,78.5,78.5,08/08/2024 16:00
2024,8,8,17,78.5,78.5,08/08/2024 17:00
2024,8,8,18,80.46,80.46,08/08/2024 18:00
2024,8,8,19,95.34,95.34,08/08/2024 19:00
2024,8,8,20,102,102,08/08/2024 20:00
2024,8,8,21,116,116,08/08/2024 21:00
2024,8,8,22,127.66,127.66,08/08/2024 22:00
2024,8,8,23,125.44,125.44,08/08/2024 23:00
2024,8,8,24,120,120,09/08/2024 0:00
2024,8,9,1,109.77,109.77,09/08/2024 1:00
2024,8,9,2,102,102,09/08/2024 2:00
2024,8,9,3,102,102,09/08/2024 3:00
2024,8,9,4,100,100,09/08/2024 4:00
2024,8,9,5,94.25,94.25,09/08/2024 5:00
2024,8,9,6,96.5,96.5,09/08/2024 6:00
2024,8,9,7,98.16,98.16,09/08/2024 7:00
2024,8,9,8,105.7,105.7,09/08/2024 8:00
2024,8,9,9,106.44,106.44,09/08/2024 9:00
2024,8,9,10,99.66,99.66,09/08/2024 10:00
2024,8,9,11,89.96,89.96,09/08/2024 11:00
2024,8,9,12,85.69,85.69,09/08/2024 12:00
2024,8,9,13,83.33,83.33,09/08/2024 13:00
2024,8,9,14,80.85,80.85,09/08/2024 14:00
2024,8,9,15,80.01,80.01,09/08/2024 15:00
2024,8,9,16,79.51,79.51,09/08/2024 16:00
2024,8,9,17,80.5,80.5,09/08/2024 17:00
2024,8,9,18,84,84,09/08/2024 18:00
2024,8,9,19,98.53,98.53,09/08/2024 19:00
2024,8,9,20,117.56,117.56,09/08/2024 20:00
2024,8,9,21,123.86,123.86,09/08/2024 21:00
2024,8,9,22,130.81,130.81,09/08/2024 22:00
2024,8,9,23,122.47,122.47,09/08/2024 23:00
2024,8,9,24,122.84,122.84,10/08/2024 0:00
2024,8,10,1,117.57,117.57,10/08/2024 1:00
2024,8,10,2,112.58,112.58,10/08/2024 2:00
2024,8,10,3,111.24,111.24,10/08/2024 3:00
2024,8,10,4,111.24,111.24,10/08/2024 4:00
2024,8,10,5,110.54,110.54,10/08/2024 5:00
2024,8,10,6,112.41,112.41,10/08/2024 6:00
2024,8,10,7,114.07,114.07,10/08/2024 7:00
2024,8,10,8,112.58,112.58,10/08/2024 8:00
2024,8,10,9,107.44,107.44,10/08/2024 9:00
2024,8,10,10,107.44,107.44,10/08/2024 10:00
2024,8,10,11,105.5,105.5,10/08/2024 11:00
2024,8,10,12,86.21,86.21,10/08/2024 12:00
2024,8,10,13,85.1,85.1,10/08/2024 13:00
2024,8,10,14,84.5,84.5,10/08/2024 14:00
2024,8,10,15,83.5,83.5,10/08/2024 15:00
2024,8,10,16,82.51,82.51,10/08/2024 16:00
2024,8,10,17,82.21,82.21,10/08/2024 17:00
2024,8,10,18,91.28,91.28,10/08/2024 18:00
2024,8,10,19,100.42,100.42,10/08/2024 19:00
2024,8,10,20,109.25,109.25,10/08/2024 20:00
2024,8,10,21,120.25,120.25,10/08/2024 21:00
2024,8,10,22,125.51,125.51,10/08/2024 22:00
2024,8,10,23,124.82,124.82,10/08/2024 23:00
2024,8,10,24,115.72,115.72,11/08/2024 0:00
2024,8,11,1,122.27,122.27,11/08/2024 1:00
2024,8,11,2,121.57,121.57,11/08/2024 2:00
2024,8,11,3,119.1,119.1,11/08/2024 3:00
2024,8,11,4,118.76,118.76,11/08/2024 4:00
2024,8,11,5,117.1,117.1,11/08/2024 5:00
2024,8,11,6,117.57,117.57,11/08/2024 6:00
2024,8,11,7,119.08,119.08,11/08/2024 7:00
2024,8,11,8,126,126,11/08/2024 8:00
2024,8,11,9,130.82,130.82,11/08/2024 9:00
2024,8,11,10,117.48,117.48,11/08/2024 10:00
2024,8,11,11,113,113,11/08/2024 11:00
2024,8,11,12,97,97,11/08/2024 12:00
2024,8,11,13,97.6,97.6,11/08/2024 13:00
2024,8,11,14,97.4,97.4,11/08/2024 14:00
2024,8,11,15,91.92,91.92,11/08/2024 15:00
2024,8,11,16,90,90,11/08/2024 16:00
2024,8,11,17,89,89,11/08/2024 17:00
2024,8,11,18,97.98,97.98,11/08/2024 18:00
2024,8,11,19,111.05,111.05,11/08/2024 19:00
2024,8,11,20,121.57,121.57,11/08/2024 20:00
2024,8,11,21,130.5,130.5,11/08/2024 21:00
2024,8,11,22,130.36,130.36,11/08/2024 22:00
2024,8,11,23,120.57,120.57,11/08/2024 23:00
2024,8,11,24,116.52,116.52,12/08/2024 0:00
2024,8,12,1,119.54,119.54,12/08/2024 1:00
2024,8,12,2,112.62,112.62,12/08/2024 2:00
2024,8,12,3,109.55,109.55,12/08/2024 3:00
2024,8,12,4,109.18,109.18,12/08/2024 4:00
2024,8,12,5,109.18,109.18,12/08/2024 5:00
2024,8,12,6,109.18,109.18,12/08/2024 6:00
2024,8,12,7,112.62,112.62,12/08/2024 7:00
2024,8,12,8,110.93,110.93,12/08/2024 8:00
2024,8,12,9,103.01,103.01,12/08/2024 9:00
2024,8,12,10,90,90,12/08/2024 10:00
2024,8,12,11,79.81,79.81,12/08/2024 11:00
2024,8,12,12,75.51,75.51,12/08/2024 12:00
2024,8,12,13,74.91,74.91,12/08/2024 13:00
2024,8,12,14,75.51,75.51,12/08/2024 14:00
2024,8,12,15,74.91,74.91,12/08/2024 15:00
2024,8,12,16,72.48,72.48,12/08/2024 16:00
2024,8,12,17,70.51,70.51,12/08/2024 17:00
2024,8,12,18,71,71,12/08/2024 18:00
2024,8,12,19,85.49,85.49,12/08/2024 19:00
2024,8,12,20,106.47,106.47,12/08/2024 20:00
2024,8,12,21,116.04,116.04,12/08/2024 21:00
2024,8,12,22,123.55,123.55,12/08/2024 22:00
2024,8,12,23,122.84,122.84,12/08/2024 23:00
2024,8,12,24,121.88,121.88,13/08/2024 0:00
2024,8,13,1,109.18,109.18,13/08/2024 1:00
2024,8,13,2,100.11,100.11,13/08/2024 2:00
2024,8,13,3,95.95,95.95,13/08/2024 3:00
2024,8,13,4,96.52,96.52,13/08/2024 4:00
2024,8,13,5,89.85,89.85,13/08/2024 5:00
2024,8,13,6,96.52,96.52,13/08/2024 6:00
2024,8,13,7,100.11,100.11,13/08/2024 7:00
2024,8,13,8,96.68,96.68,13/08/2024 8:00
2024,8,13,9,80,80,13/08/2024 9:00
2024,8,13,10,65.91,65.91,13/08/2024 10:00
2024,8,13,11,30,30,13/08/2024 11:00
2024,8,13,12,15,15,13/08/2024 12:00
2024,8,13,13,30,16.27,13/08/2024 13:00
2024,8,13,14,15,15,13/08/2024 14:00
2024,8,13,15,10,10,13/08/2024 15:00
2024,8,13,16,6.76,6.76,13/08/2024 16:00
2024,8,13,17,17.45,17.45,13/08/2024 17:00
2024,8,13,18,69.98,69.98,13/08/2024 18:00
2024,8,13,19,74.91,74.91,13/08/2024 19:00
2024,8,13,20,96.52,96.52,13/08/2024 20:00
2024,8,13,21,110.9,110.9,13/08/2024 21:00
2024,8,13,22,120,120,13/08/2024 22:00
2024,8,13,23,120.01,120.01,13/08/2024 23:00
2024,8,13,24,114,114,14/08/2024 0:00
2024,8,14,1,113,113,14/08/2024 1:00
2024,8,14,2,109.18,109.18,14/08/2024 2:00
2024,8,14,3,99.24,99.24,14/08/2024 3:00
2024,8,14,4,99.24,99.24,14/08/2024 4:00
2024,8,14,5,99.24,99.24,14/08/2024 5:00
2024,8,14,6,103.8,103.8,14/08/2024 6:00
2024,8,14,7,115.66,115.66,14/08/2024 7:00
2024,8,14,8,121.16,121.16,14/08/2024 8:00
2024,8,14,9,114.71,114.71,14/08/2024 9:00
2024,8,14,10,99.24,99.24,14/08/2024 10:00
2024,8,14,11,83.67,83.67,14/08/2024 11:00
2024,8,14,12,77.31,77.31,14/08/2024 12:00
2024,8,14,13,75.05,75.05,14/08/2024 13:00
2024,8,14,14,75,75,14/08/2024 14:00
2024,8,14,15,67.13,67.13,14/08/2024 15:00
2024,8,14,16,74.1,74.1,14/08/2024 16:00
2024,8,14,17,76.81,76.81,14/08/2024 17:00
2024,8,14,18,77.71,77.71,14/08/2024 18:00
2024,8,14,19,78.51,78.51,14/08/2024 19:00
2024,8,14,20,109.42,109.42,14/08/2024 20:00
2024,8,14,21,118.34,118.34,14/08/2024 21:00
2024,8,14,22,125.12,125.12,14/08/2024 22:00
2024,8,14,23,115.33,115.33,14/08/2024 23:00
2024,8,14,24,114.61,114.61,15/08/2024 0:00
2024,8,15,1,117.01,117.01,15/08/2024 1:00
2024,8,15,2,112.58,112.58,15/08/2024 2:00
2024,8,15,3,95,95,15/08/2024 3:00
2024,8,15,4,95,95,15/08/2024 4:00
2024,8,15,5,95.44,95.44,15/08/2024 5:00
2024,8,15,6,101.43,101.43,15/08/2024 6:00
2024,8,15,7,110.01,110.01,15/08/2024 7:00
2024,8,15,8,112.58,112.58,15/08/2024 8:00
2024,8,15,9,105.34,105.34,15/08/2024 9:00
2024,8,15,10,87,87,15/08/2024 10:00
2024,8,15,11,79.25,79.25,15/08/2024 11:00
2024,8,15,12,74.12,74.12,15/08/2024 12:00
2024,8,15,13,73.17,73.17,15/08/2024 13:00
2024,8,15,14,73,73,15/08/2024 14:00
2024,8,15,15,70.3,70.3,15/08/2024 15:00
2024,8,15,16,45.85,45.85,15/08/2024 16:00
2024,8,15,17,70.26,70.26,15/08/2024 17:00
2024,8,15,18,76.21,76.21,15/08/2024 18:00
2024,8,15,19,83,83,15/08/2024 19:00
2024,8,15,20,115.61,115.61,15/08/2024 20:00
2024,8,15,21,129,129,15/08/2024 21:00
2024,8,15,22,133.04,133.04,15/08/2024 22:00
2024,8,15,23,125.25,125.25,15/08/2024 23:00
2024,8,15,24,115.77,115.77,16/08/2024 0:00
2024,8,16,1,106.76,106.76,16/08/2024 1:00
2024,8,16,2,97.45,97.45,16/08/2024 2:00
2024,8,16,3,90.71,90.71,16/08/2024 3:00
2024,8,16,4,90,90,16/08/2024 4:00
2024,8,16,5,87.89,87.89,16/08/2024 5:00
2024,8,16,6,90.32,90.32,16/08/2024 6:00
2024,8,16,7,115.38,115.38,16/08/2024 7:00
2024,8,16,8,124.41,124.41,16/08/2024 8:00
2024,8,16,9,125.78,125.78,16/08/2024 9:00
2024,8,16,10,109.47,109.47,16/08/2024 10:00
2024,8,16,11,99.21,99.21,16/08/2024 11:00
2024,8,16,12,94.1,94.1,16/08/2024 12:00
2024,8,16,13,90.32,90.32,16/08/2024 13:00
2024,8,16,14,86,86,16/08/2024 14:00
2024,8,16,15,86.29,86.29,16/08/2024 15:00
2024,8,16,16,88.51,88.51,16/08/2024 16:00
2024,8,16,17,94.17,94.17,16/08/2024 17:00
2024,8,16,18,103.14,103.14,16/08/2024 18:00
2024,8,16,19,115.17,115.17,16/08/2024 19:00
2024,8,16,20,125.25,125.25,16/08/2024 20:00
2024,8,16,21,132.96,132.96,16/08/2024 21:00
2024,8,16,22,136.1,136.1,16/08/2024 22:00
2024,8,16,23,126.4,126.4,16/08/2024 23:00
2024,8,16,24,124.41,124.41,17/08/2024 0:00
2024,8,17,1,122.11,122.11,17/08/2024 1:00
2024,8,17,2,117.61,117.61,17/08/2024 2:00
2024,8,17,3,112.15,112.15,17/08/2024 3:00
2024,8,17,4,112.15,112.15,17/08/2024 4:00
2024,8,17,5,121.38,121.38,17/08/2024 5:00
2024,8,17,6,124.4,124.4,17/08/2024 6:00
2024,8,17,7,129,129,17/08/2024 7:00
2024,8,17,8,131.76,131.76,17/08/2024 8:00
2024,8,17,9,131,131,17/08/2024 9:00
2024,8,17,10,122,122,17/08/2024 10:00
2024,8,17,11,108.36,108.36,17/08/2024 11:00
2024,8,17,12,95.26,95.26,17/08/2024 12:00
2024,8,17,13,91.62,91.62,17/08/2024 13:00
2024,8,17,14,90.51,90.51,17/08/2024 14:00
2024,8,17,15,89.98,89.98,17/08/2024 15:00
2024,8,17,16,92.32,92.32,17/08/2024 16:00
2024,8,17,17,93.97,93.97,17/08/2024 17:00
2024,8,17,18,94.36,94.36,17/08/2024 18:00
2024,8,17,19,95.51,95.51,17/08/2024 19:00
2024,8,17,20,124.4,124.4,17/08/2024 20:00
2024,8,17,21,132.25,132.25,17/08/2024 21:00
2024,8,17,22,136.01,136.01,17/08/2024 22:00
2024,8,17,23,134.6,134.6,17/08/2024 23:00
2024,8,17,24,132.25,132.25,18/08/2024 0:00
2024,8,18,1,129.4,129.4,18/08/2024 1:00
2024,8,18,2,123.02,123.02,18/08/2024 2:00
2024,8,18,3,119.96,119.96,18/08/2024 3:00
2024,8,18,4,113.21,113.21,18/08/2024 4:00
2024,8,18,5,113.21,113.21,18/08/2024 5:00
2024,8,18,6,113.21,113.21,18/08/2024 6:00
2024,8,18,7,120,120,18/08/2024 7:00
2024,8,18,8,117.43,117.43,18/08/2024 8:00
2024,8,18,9,110,110,18/08/2024 9:00
2024,8,18,10,106.81,106.81,18/08/2024 10:00
2024,8,18,11,95.85,95.85,18/08/2024 11:00
2024,8,18,12,89.05,89.05,18/08/2024 12:00
2024,8,18,13,86.28,86.28,18/08/2024 13:00
2024,8,18,14,82.85,82.85,18/08/2024 14:00
2024,8,18,15,84.16,84.16,18/08/2024 15:00
2024,8,18,16,85.49,85.49,18/08/2024 16:00
2024,8,18,17,85.71,85.71,18/08/2024 17:00
2024,8,18,18,86.76,86.76,18/08/2024 18:00
2024,8,18,19,89.05,89.05,18/08/2024 19:00
2024,8,18,20,119.32,119.32,18/08/2024 20:00
2024,8,18,21,123,123,18/08/2024 21:00
2024,8,18,22,130,130,18/08/2024 22:00
2024,8,18,23,130.52,130.52,18/08/2024 23:00
2024,8,18,24,129.01,129.01,19/08/2024 0:00
2024,8,19,1,123.12,123.12,19/08/2024 1:00
2024,8,19,2,121.32,121.32,19/08/2024 2:00
2024,8,19,3,117.62,117.62,19/08/2024 3:00
2024,8,19,4,112.76,112.76,19/08/2024 4:00
2024,8,19,5,112.76,112.76,19/08/2024 5:00
2024,8,19,6,117.62,117.62,19/08/2024 6:00
2024,8,19,7,120.34,120.34,19/08/2024 7:00
2024,8,19,8,121.32,121.32,19/08/2024 8:00
2024,8,19,9,122.84,122.84,19/08/2024 9:00
2024,8,19,10,112.76,112.76,19/08/2024 10:00
2024,8,19,11,89.05,89.05,19/08/2024 11:00
2024,8,19,12,85.01,85.01,19/08/2024 12:00
2024,8,19,13,84.76,84.76,19/08/2024 13:00
2024,8,19,14,84.91,84.91,19/08/2024 14:00
2024,8,19,15,84.76,84.76,19/08/2024 15:00
2024,8,19,16,85.01,85.01,19/08/2024 16:00
2024,8,19,17,84.91,84.91,19/08/2024 17:00
2024,8,19,18,86.32,86.32,19/08/2024 18:00
2024,8,19,19,98.72,98.72,19/08/2024 19:00
2024,8,19,20,122.5,122.5,19/08/2024 20:00
2024,8,19,21,134.6,134.6,19/08/2024 21:00
2024,8,19,22,140.36,140.36,19/08/2024 22:00
2024,8,19,23,138.41,138.41,19/08/2024 23:00
2024,8,19,24,134.6,134.6,20/08/2024 0:00
2024,8,20,1,133.46,133.46,20/08/2024 1:00
2024,8,20,2,131.75,131.75,20/08/2024 2:00
2024,8,20,3,131.18,131.18,20/08/2024 3:00
2024,8,20,4,129.78,129.78,20/08/2024 4:00
2024,8,20,5,129.95,129.95,20/08/2024 5:00
2024,8,20,6,129.78,129.78,20/08/2024 6:00
2024,8,20,7,129.78,129.78,20/08/2024 7:00
2024,8,20,8,122.01,122.01,20/08/2024 8:00
2024,8,20,9,113.5,113.5,20/08/2024 9:00
2024,8,20,10,99,99,20/08/2024 10:00
2024,8,20,11,87,87,20/08/2024 11:00
2024,8,20,12,83.71,83.71,20/08/2024 12:00
2024,8,20,13,82.92,82.92,20/08/2024 13:00
2024,8,20,14,83.71,83.71,20/08/2024 14:00
2024,8,20,15,84.3,84.3,20/08/2024 15:00
2024,8,20,16,82.92,82.92,20/08/2024 16:00
2024,8,20,17,82.5,82.5,20/08/2024 17:00
2024,8,20,18,94,94,20/08/2024 18:00
2024,8,20,19,112,112,20/08/2024 19:00
2024,8,20,20,128.8,128.8,20/08/2024 20:00
2024,8,20,21,136.9,136.9,20/08/2024 21:00
2024,8,20,22,139.54,139.54,20/08/2024 22:00
2024,8,20,23,134.6,134.6,20/08/2024 23:00
2024,8,20,24,132.97,132.97,21/08/2024 0:00
2024,8,21,1,125.86,125.86,21/08/2024 1:00
2024,8,21,2,118.81,118.81,21/08/2024 2:00
2024,8,21,3,108,108,21/08/2024 3:00
2024,8,21,4,100.32,100.32,21/08/2024 4:00
2024,8,21,5,99.32,99.32,21/08/2024 5:00
2024,8,21,6,110,110,21/08/2024 6:00
2024,8,21,7,121,121,21/08/2024 7:00
2024,8,21,8,132.32,132.32,21/08/2024 8:00
2024,8,21,9,133.31,133.31,21/08/2024 9:00
2024,8,21,10,115,115,21/08/2024 10:00
2024,8,21,11,103.99,103.99,21/08/2024 11:00
2024,8,21,12,101.51,101.51,21/08/2024 12:00
2024,8,21,13,101.1,101.1,21/08/2024 13:00
2024,8,21,14,101.1,101.1,21/08/2024 14:00
2024,8,21,15,97.51,97.51,21/08/2024 15:00
2024,8,21,16,97.09,97.09,21/08/2024 16:00
2024,8,21,17,101.08,101.08,21/08/2024 17:00
2024,8,21,18,118.71,118.71,21/08/2024 18:00
2024,8,21,19,126.22,126.22,21/08/2024 19:00
2024,8,21,20,136.76,136.76,21/08/2024 20:00
2024,8,21,21,149.58,149.58,21/08/2024 21:00
2024,8,21,22,149.3,149.3,21/08/2024 22:00
2024,8,21,23,136.01,136.01,21/08/2024 23:00
2024,8,21,24,130,130,22/08/2024 0:00
2024,8,22,1,136.01,136.01,22/08/2024 1:00
2024,8,22,2,131.26,131.26,22/08/2024 2:00
2024,8,22,3,111.6,111.6,22/08/2024 3:00
2024,8,22,4,110,110,22/08/2024 4:00
2024,8,22,5,108.7,108.7,22/08/2024 5:00
2024,8,22,6,112.04,112.04,22/08/2024 6:00
2024,8,22,7,132.35,132.35,22/08/2024 7:00
2024,8,22,8,139.47,139.47,22/08/2024 8:00
2024,8,22,9,137.76,137.76,22/08/2024 9:00
2024,8,22,10,118.94,118.94,22/08/2024 10:00
2024,8,22,11,102.86,102.86,22/08/2024 11:00
2024,8,22,12,99.67,99.67,22/08/2024 12:00
2024,8,22,13,99.51,99.51,22/08/2024 13:00
2024,8,22,14,99.51,99.51,22/08/2024 14:00
2024,8,22,15,99.51,99.51,22/08/2024 15:00
2024,8,22,16,99.51,99.51,22/08/2024 16:00
2024,8,22,17,102.17,102.17,22/08/2024 17:00
2024,8,22,18,110.46,110.46,22/08/2024 18:00
2024,8,22,19,118.4,118.4,22/08/2024 19:00
2024,8,22,20,138.33,138.33,22/08/2024 20:00
2024,8,22,21,148.53,148.53,22/08/2024 21:00
2024,8,22,22,158.61,158.61,22/08/2024 22:00
2024,8,22,23,145.8,145.8,22/08/2024 23:00
2024,8,22,24,135.14,135.14,23/08/2024 0:00
2024,8,23,1,145,145,23/08/2024 1:00
2024,8,23,2,140,140,23/08/2024 2:00
2024,8,23,3,120.76,120.76,23/08/2024 3:00
2024,8,23,4,114.56,114.56,23/08/2024 4:00
2024,8,23,5,111.12,111.12,23/08/2024 5:00
2024,8,23,6,114.56,114.56,23/08/2024 6:00
2024,8,23,7,138.33,138.33,23/08/2024 7:00
2024,8,23,8,153.79,153.79,23/08/2024 8:00
2024,8,23,9,157.41,157.41,23/08/2024 9:00
2024,8,23,10,137.19,137.19,23/08/2024 10:00
2024,8,23,11,120.76,120.76,23/08/2024 11:00
2024,8,23,12,115.89,115.89,23/08/2024 12:00
2024,8,23,13,114.56,114.56,23/08/2024 13:00
2024,8,23,14,114.56,114.56,23/08/2024 14:00
2024,8,23,15,114.56,114.56,23/08/2024 15:00
2024,8,23,16,115.35,115.35,23/08/2024 16:00
2024,8,23,17,120.04,120.04,23/08/2024 17:00
2024,8,23,18,135.51,135.51,23/08/2024 18:00
2024,8,23,19,138.33,138.33,23/08/2024 19:00
2024,8,23,20,153.79,153.79,23/08/2024 20:00
2024,8,23,21,168.08,168.08,23/08/2024 21:00
2024,8,23,22,180.34,180.34,23/08/2024 22:00
2024,8,23,23,170.01,170.01,23/08/2024 23:00
2024,8,23,24,144.06,144.06,24/08/2024 0:00
2024,8,24,1,145,145,24/08/2024 1:00
2024,8,24,2,138.87,138.87,24/08/2024 2:00
2024,8,24,3,124.79,124.79,24/08/2024 3:00
2024,8,24,4,124.79,124.79,24/08/2024 4:00
2024,8,24,5,120,120,24/08/2024 5:00
2024,8,24,6,126,126,24/08/2024 6:00
2024,8,24,7,139.47,139.47,24/08/2024 7:00
2024,8,24,8,152.53,152.53,24/08/2024 8:00
2024,8,24,9,154.94,154.94,24/08/2024 9:00
2024,8,24,10,131.97,131.97,24/08/2024 10:00
2024,8,24,11,122.47,122.47,24/08/2024 11:00
2024,8,24,12,112.61,112.61,24/08/2024 12:00
2024,8,24,13,115,115,24/08/2024 13:00
2024,8,24,14,112.27,112.27,24/08/2024 14:00
2024,8,24,15,113,113,24/08/2024 15:00
2024,8,24,16,117.94,117.94,24/08/2024 16:00
2024,8,24,17,118.63,118.63,24/08/2024 17:00
2024,8,24,18,112.72,112.72,24/08/2024 18:00
2024,8,24,19,124.79,124.79,24/08/2024 19:00
2024,8,24,20,147.27,147.27,24/08/2024 20:00
2024,8,24,21,163.88,163.88,24/08/2024 21:00
2024,8,24,22,171.16,171.16,24/08/2024 22:00
2024,8,24,23,159.7,159.7,24/08/2024 23:00
2024,8,24,24,140.04,140.04,25/08/2024 0:00
2024,8,25,1,114.95,114.95,25/08/2024 1:00
2024,8,25,2,103.81,103.81,25/08/2024 2:00
2024,8,25,3,99.26,99.26,25/08/2024 3:00
2024,8,25,4,99.34,99.34,25/08/2024 4:00
2024,8,25,5,98.4,98.4,25/08/2024 5:00
2024,8,25,6,103.23,103.23,25/08/2024 6:00
2024,8,25,7,124.22,124.22,25/08/2024 7:00
2024,8,25,8,135.12,135.12,25/08/2024 8:00
2024,8,25,9,139.42,139.42,25/08/2024 9:00
2024,8,25,10,129.03,129.03,25/08/2024 10:00
2024,8,25,11,114.01,114.01,25/08/2024 11:00
2024,8,25,12,110.63,110.63,25/08/2024 12:00
2024,8,25,13,102.36,102.36,25/08/2024 13:00
2024,8,25,14,100.06,100.06,25/08/2024 14:00
2024,8,25,15,96.85,96.85,25/08/2024 15:00
2024,8,25,16,92.51,92.51,25/08/2024 16:00
2024,8,25,17,91.33,91.33,25/08/2024 17:00
2024,8,25,18,91.33,91.33,25/08/2024 18:00
2024,8,25,19,92.33,92.33,25/08/2024 19:00
2024,8,25,20,125.02,125.02,25/08/2024 20:00
2024,8,25,21,139.69,139.69,25/08/2024 21:00
2024,8,25,22,140.61,140.61,25/08/2024 22:00
2024,8,25,23,128.78,128.78,25/08/2024 23:00
2024,8,25,24,108.34,108.34,26/08/2024 0:00
2024,8,26,1,109.9,109.9,26/08/2024 1:00
2024,8,26,2,104.44,104.44,26/08/2024 2:00
2024,8,26,3,104.44,104.44,26/08/2024 3:00
2024,8,26,4,105,105,26/08/2024 4:00
2024,8,26,5,104.44,104.44,26/08/2024 5:00
2024,8,26,6,104.44,104.44,26/08/2024 6:00
2024,8,26,7,108.94,108.94,26/08/2024 7:00
2024,8,26,8,105,105,26/08/2024 8:00
2024,8,26,9,104.44,104.44,26/08/2024 9:00
2024,8,26,10,107,107,26/08/2024 10:00
2024,8,26,11,99.36,99.36,26/08/2024 11:00
2024,8,26,12,92.2,92.2,26/08/2024 12:00
2024,8,26,13,90.73,90.73,26/08/2024 13:00
2024,8,26,14,89.91,89.91,26/08/2024 14:00
2024,8,26,15,82.02,82.02,26/08/2024 15:00
2024,8,26,16,81.93,81.93,26/08/2024 16:00
2024,8,26,17,87.57,87.57,26/08/2024 17:00
2024,8,26,18,89.91,89.91,26/08/2024 18:00
2024,8,26,19,91.5,91.5,26/08/2024 19:00
2024,8,26,20,99.36,99.36,26/08/2024 20:00
2024,8,26,21,120.5,120.5,26/08/2024 21:00
2024,8,26,22,128.22,128.22,26/08/2024 22:00
2024,8,26,23,122.98,122.98,26/08/2024 23:00
2024,8,26,24,110.63,110.63,27/08/2024 0:00
2024,8,27,1,102.39,102.39,27/08/2024 1:00
2024,8,27,2,92.92,92.92,27/08/2024 2:00
2024,8,27,3,91.5,91.5,27/08/2024 3:00
2024,8,27,4,89.82,89.82,27/08/2024 4:00
2024,8,27,5,83.33,83.33,27/08/2024 5:00
2024,8,27,6,82.9,82.9,27/08/2024 6:00
2024,8,27,7,82.73,82.73,27/08/2024 7:00
2024,8,27,8,80.1,80.1,27/08/2024 8:00
2024,8,27,9,40,40,27/08/2024 9:00
2024,8,27,10,4.3,4.3,27/08/2024 10:00
2024,8,27,11,0,0,27/08/2024 11:00
2024,8,27,12,0,0,27/08/2024 12:00
2024,8,27,13,0,0,27/08/2024 13:00
2024,8,27,14,0,0,27/08/2024 14:00
2024,8,27,15,0,0,27/08/2024 15:00
2024,8,27,16,0.01,0.01,27/08/2024 16:00
2024,8,27,17,0,0,27/08/2024 17:00
2024,8,27,18,1.64,1.64,27/08/2024 18:00
2024,8,27,19,4.3,4.3,27/08/2024 19:00
2024,8,27,20,46.5,46.5,27/08/2024 20:00
2024,8,27,21,103.5,103.5,27/08/2024 21:00
2024,8,27,22,127.55,127.55,27/08/2024 22:00
2024,8,27,23,119,119,27/08/2024 23:00
2024,8,27,24,102.99,102.99,28/08/2024 0:00
2024,8,28,1,93.31,93.31,28/08/2024 1:00
2024,8,28,2,88.52,88.52,28/08/2024 2:00
2024,8,28,3,85,85,28/08/2024 3:00
2024,8,28,4,80.66,80.66,28/08/2024 4:00
2024,8,28,5,72.2,72.2,28/08/2024 5:00
2024,8,28,6,87.9,87.9,28/08/2024 6:00
2024,8,28,7,107.49,107.49,28/08/2024 7:00
2024,8,28,8,114.52,114.52,28/08/2024 8:00
2024,8,28,9,119.87,119.87,28/08/2024 9:00
2024,8,28,10,108.49,108.49,28/08/2024 10:00
2024,8,28,11,86.2,86.2,28/08/2024 11:00
2024,8,28,12,74,74,28/08/2024 12:00
2024,8,28,13,65.11,65.11,28/08/2024 13:00
2024,8,28,14,68,68,28/08/2024 14:00
2024,8,28,15,65,65,28/08/2024 15:00
2024,8,28,16,50.1,50.1,28/08/2024 16:00
2024,8,28,17,40,40,28/08/2024 17:00
2024,8,28,18,50.1,50.1,28/08/2024 18:00
2024,8,28,19,80.5,80.5,28/08/2024 19:00
2024,8,28,20,108.49,108.49,28/08/2024 20:00
2024,8,28,21,133.52,133.52,28/08/2024 21:00
2024,8,28,22,138.08,138.08,28/08/2024 22:00
2024,8,28,23,123.72,123.72,28/08/2024 23:00
2024,8,28,24,111.08,111.08,29/08/2024 0:00
2024,8,29,1,113.6,113.6,29/08/2024 1:00
2024,8,29,2,105,105,29/08/2024 2:00
2024,8,29,3,97.92,97.92,29/08/2024 3:00
2024,8,29,4,97.01,97.01,29/08/2024 4:00
2024,8,29,5,90.93,90.93,29/08/2024 5:00
2024,8,29,6,91.23,91.23,29/08/2024 6:00
2024,8,29,7,110.72,110.72,29/08/2024 7:00
2024,8,29,8,122.01,122.01,29/08/2024 8:00
2024,8,29,9,139.07,139.07,29/08/2024 9:00
2024,8,29,10,115.34,115.34,29/08/2024 10:00
2024,8,29,11,90.51,90.51,29/08/2024 11:00
2024,8,29,12,88.84,88.84,29/08/2024 12:00
2024,8,29,13,86.29,86.29,29/08/2024 13:00
2024,8,29,14,86,86,29/08/2024 14:00
2024,8,29,15,81.2,81.2,29/08/2024 15:00
2024,8,29,16,80.25,80.25,29/08/2024 16:00
2024,8,29,17,78.91,78.91,29/08/2024 17:00
2024,8,29,18,80.1,80.1,29/08/2024 18:00
2024,8,29,19,85.5,85.5,29/08/2024 19:00
2024,8,29,20,113.6,113.6,29/08/2024 20:00
2024,8,29,21,133.66,133.66,29/08/2024 21:00
2024,8,29,22,136.68,136.68,29/08/2024 22:00
2024,8,29,23,122.08,122.08,29/08/2024 23:00
2024,8,29,24,115.34,115.34,30/08/2024 0:00
2024,8,30,1,113.6,113.6,30/08/2024 1:00
2024,8,30,2,109.92,109.92,30/08/2024 2:00
2024,8,30,3,96.36,96.36,30/08/2024 3:00
2024,8,30,4,91,91,30/08/2024 4:00
2024,8,30,5,92.39,92.39,30/08/2024 5:00
2024,8,30,6,94,94,30/08/2024 6:00
2024,8,30,7,115.56,115.56,30/08/2024 7:00
2024,8,30,8,124.88,124.88,30/08/2024 8:00
2024,8,30,9,129.16,129.16,30/08/2024 9:00
2024,8,30,10,122.52,122.52,30/08/2024 10:00
2024,8,30,11,110.39,110.39,30/08/2024 11:00
2024,8,30,12,100.15,100.15,30/08/2024 12:00
2024,8,30,13,97.25,97.25,30/08/2024 13:00
2024,8,30,14,95.68,95.68,30/08/2024 14:00
2024,8,30,15,91.2,91.2,30/08/2024 15:00
2024,8,30,16,88.7,88.7,30/08/2024 16:00
2024,8,30,17,86.51,86.51,30/08/2024 17:00
2024,8,30,18,88.41,88.41,30/08/2024 18:00
2024,8,30,19,106.07,106.07,30/08/2024 19:00
2024,8,30,20,127.01,127.01,30/08/2024 20:00
2024,8,30,21,138.45,138.45,30/08/2024 21:00
2024,8,30,22,134.4,134.4,30/08/2024 22:00
2024,8,30,23,123.5,123.5,30/08/2024 23:00
2024,8,30,24,122.63,122.63,31/08/2024 0:00
2024,8,31,1,118.46,118.46,31/08/2024 1:00
2024,8,31,2,114.83,114.83,31/08/2024 2:00
2024,8,31,3,104.86,104.86,31/08/2024 3:00
2024,8,31,4,104.86,104.86,31/08/2024 4:00
2024,8,31,5,104.86,104.86,31/08/2024 5:00
2024,8,31,6,112.13,112.13,31/08/2024 6:00
2024,8,31,7,122.94,122.94,31/08/2024 7:00
2024,8,31,8,125,125,31/08/2024 8:00
2024,8,31,9,128.5,128.5,31/08/2024 9:00
2024,8,31,10,115.02,115.02,31/08/2024 10:00
2024,8,31,11,97.56,97.56,31/08/2024 11:00
2024,8,31,12,92.43,92.43,31/08/2024 12:00
2024,8,31,13,90.06,90.06,31/08/2024 13:00
2024,8,31,14,89.31,89.31,31/08/2024 14:00
2024,8,31,15,88.2,88.2,31/08/2024 15:00
2024,8,31,16,88,88,31/08/2024 16:00
2024,8,31,17,90.43,90.43,31/08/2024 17:00
2024,8,31,18,101.03,101.03,31/08/2024 18:00
2024,8,31,19,113.81,113.81,31/08/2024 19:00
2024,8,31,20,125.01,125.01,31/08/2024 20:00
2024,8,31,21,136.66,136.66,31/08/2024 21:00
2024,8,31,22,136.52,136.52,31/08/2024 22:00
2024,8,31,23,130,130,31/08/2024 23:00
2024,8,31,24,123.21,123.21,01/09/2024 0:00
2024,9,1,1,119.25,119.25,01/09/2024 1:00
2024,9,1,2,116.25,116.25,01/09/2024 2:00
2024,9,1,3,109.4,109.4,01/09/2024 3:00
2024,9,1,4,109.4,109.4,01/09/2024 4:00
2024,9,1,5,108.72,108.72,01/09/2024 5:00
2024,9,1,6,109.4,109.4,01/09/2024 6:00
2024,9,1,7,112.68,112.68,01/09/2024 7:00
2024,9,1,8,115.46,115.46,01/09/2024 8:00
2024,9,1,9,119.01,119.01,01/09/2024 9:00
2024,9,1,10,111.25,111.25,01/09/2024 10:00
2024,9,1,11,102.18,102.18,01/09/2024 11:00
2024,9,1,12,96.52,96.52,01/09/2024 12:00
2024,9,1,13,92.02,92.02,01/09/2024 13:00
2024,9,1,14,88.9,88.9,01/09/2024 14:00
2024,9,1,15,80.5,80.5,01/09/2024 15:00
2024,9,1,16,74.68,74.68,01/09/2024 16:00
2024,9,1,17,74.46,74.46,01/09/2024 17:00
2024,9,1,18,80.48,80.48,01/09/2024 18:00
2024,9,1,19,107.91,107.91,01/09/2024 19:00
2024,9,1,20,119.81,119.81,01/09/2024 20:00
2024,9,1,21,126.73,126.73,01/09/2024 21:00
2024,9,1,22,127.82,127.82,01/09/2024 22:00
2024,9,1,23,118.56,118.56,01/09/2024 23:00
2024,9,1,24,117.75,117.75,02/09/2024 0:00
2024,9,2,1,119.4,119.4,02/09/2024 1:00
2024,9,2,2,105,105,02/09/2024 2:00
2024,9,2,3,100,100,02/09/2024 3:00
2024,9,2,4,94.28,94.28,02/09/2024 4:00
2024,9,2,5,92.1,92.1,02/09/2024 5:00
2024,9,2,6,94,94,02/09/2024 6:00
2024,9,2,7,95.67,95.67,02/09/2024 7:00
2024,9,2,8,101.09,101.09,02/09/2024 8:00
2024,9,2,9,110,110,02/09/2024 9:00
2024,9,2,10,115,115,02/09/2024 10:00
2024,9,2,11,120,120,02/09/2024 11:00
2024,9,2,12,94.28,94.28,02/09/2024 12:00
2024,9,2,13,83.33,83.33,02/09/2024 13:00
2024,9,2,14,83,83,02/09/2024 14:00
2024,9,2,15,82.31,82.31,02/09/2024 15:00
2024,9,2,16,79.45,79.45,02/09/2024 16:00
2024,9,2,17,80.01,80.01,02/09/2024 17:00
2024,9,2,18,93.45,93.45,02/09/2024 18:00
2024,9,2,19,110,110,02/09/2024 19:00
2024,9,2,20,121.92,121.92,02/09/2024 20:00
2024,9,2,21,126.96,126.96,02/09/2024 21:00
2024,9,2,22,131.31,131.31,02/09/2024 22:00
2024,9,2,23,120.01,120.01,02/09/2024 23:00
2024,9,2,24,103.42,103.42,03/09/2024 0:00
2024,9,3,1,105.28,105.28,03/09/2024 1:00
2024,9,3,2,100,100,03/09/2024 2:00
2024,9,3,3,88.3,88.3,03/09/2024 3:00
2024,9,3,4,82,82,03/09/2024 4:00
2024,9,3,5,79.96,79.96,03/09/2024 5:00
2024,9,3,6,79.91,79.91,03/09/2024 6:00
2024,9,3,7,80.31,80.31,03/09/2024 7:00
2024,9,3,8,80,80,03/09/2024 8:00
2024,9,3,9,80,80,03/09/2024 9:00
2024,9,3,10,78,78,03/09/2024 10:00
2024,9,3,11,60.3,60.3,03/09/2024 11:00
2024,9,3,12,43.43,43.43,03/09/2024 12:00
2024,9,3,13,21.37,21.37,03/09/2024 13:00
2024,9,3,14,11.33,11.33,03/09/2024 14:00
2024,9,3,15,4.94,4.94,03/09/2024 15:00
2024,9,3,16,4.3,4.3,03/09/2024 16:00
2024,9,3,17,4.3,4.3,03/09/2024 17:00
2024,9,3,18,5,5,03/09/2024 18:00
2024,9,3,19,22.87,20,03/09/2024 19:00
2024,9,3,20,79.91,79.91,03/09/2024 20:00
2024,9,3,21,102.43,102.43,03/09/2024 21:00
2024,9,3,22,110.78,110.78,03/09/2024 22:00
2024,9,3,23,103.37,103.37,03/09/2024 23:00
2024,9,3,24,95.12,95.12,04/09/2024 0:00
2024,9,4,1,83.02,83.02,04/09/2024 1:00
2024,9,4,2,71.75,71.75,04/09/2024 2:00
2024,9,4,3,62.57,62.57,04/09/2024 3:00
2024,9,4,4,54.8,54.8,04/09/2024 4:00
2024,9,4,5,52.86,52.86,04/09/2024 5:00
2024,9,4,6,55.04,55.04,04/09/2024 6:00
2024,9,4,7,86,86,04/09/2024 7:00
2024,9,4,8,114,114,04/09/2024 8:00
2024,9,4,9,120.29,120.29,04/09/2024 9:00
2024,9,4,10,109.36,109.36,04/09/2024 10:00
2024,9,4,11,92.88,92.88,04/09/2024 11:00
2024,9,4,12,82.07,82.07,04/09/2024 12:00
2024,9,4,13,77.69,77.69,04/09/2024 13:00
2024,9,4,14,70,70,04/09/2024 14:00
2024,9,4,15,54.8,54.8,04/09/2024 15:00
2024,9,4,16,52.14,52.14,04/09/2024 16:00
2024,9,4,17,52.52,52.52,04/09/2024 17:00
2024,9,4,18,63.99,63.99,04/09/2024 18:00
2024,9,4,19,98,98,04/09/2024 19:00
2024,9,4,20,117.92,117.92,04/09/2024 20:00
2024,9,4,21,138.33,138.33,04/09/2024 21:00
2024,9,4,22,137.76,137.76,04/09/2024 22:00
2024,9,4,23,121.7,121.7,04/09/2024 23:00
2024,9,4,24,115,115,05/09/2024 0:00
2024,9,5,1,102.83,102.83,05/09/2024 1:00
2024,9,5,2,89.5,89.5,05/09/2024 2:00
2024,9,5,3,87.3,87.3,05/09/2024 3:00
2024,9,5,4,86.2,86.2,05/09/2024 4:00
2024,9,5,5,86.2,86.2,05/09/2024 5:00
2024,9,5,6,87.55,87.55,05/09/2024 6:00
2024,9,5,7,101.7,101.7,05/09/2024 7:00
2024,9,5,8,119.02,119.02,05/09/2024 8:00
2024,9,5,9,123.54,123.54,05/09/2024 9:00
2024,9,5,10,107.68,107.68,05/09/2024 10:00
2024,9,5,11,88.1,88.1,05/09/2024 11:00
2024,9,5,12,85.05,85.05,05/09/2024 12:00
2024,9,5,13,81.5,81.5,05/09/2024 13:00
2024,9,5,14,80.31,80.31,05/09/2024 14:00
2024,9,5,15,80.48,80.48,05/09/2024 15:00
2024,9,5,16,83,83,05/09/2024 16:00
2024,9,5,17,88.51,88.51,05/09/2024 17:00
2024,9,5,18,102.31,102.31,05/09/2024 18:00
2024,9,5,19,116.94,116.94,05/09/2024 19:00
2024,9,5,20,139.01,139.01,05/09/2024 20:00
2024,9,5,21,149.23,149.23,05/09/2024 21:00
2024,9,5,22,141.18,141.18,05/09/2024 22:00
2024,9,5,23,137.76,137.76,05/09/2024 23:00
2024,9,5,24,126,126,06/09/2024 0:00
2024,9,6,1,117.62,117.62,06/09/2024 1:00
2024,9,6,2,114.18,114.18,06/09/2024 2:00
2024,9,6,3,107.01,107.01,06/09/2024 3:00
2024,9,6,4,100.85,100.85,06/09/2024 4:00
2024,9,6,5,100.08,100.08,06/09/2024 5:00
2024,9,6,6,100.85,100.85,06/09/2024 6:00
2024,9,6,7,105,105,06/09/2024 7:00
2024,9,6,8,125.55,125.55,06/09/2024 8:00
2024,9,6,9,121.93,121.93,06/09/2024 9:00
2024,9,6,10,105,105,06/09/2024 10:00
2024,9,6,11,88.65,88.65,06/09/2024 11:00
2024,9,6,12,82.45,82.45,06/09/2024 12:00
2024,9,6,13,79.97,79.97,06/09/2024 13:00
2024,9,6,14,79.77,79.77,06/09/2024 14:00
2024,9,6,15,79.27,79.27,06/09/2024 15:00
2024,9,6,16,82.5,82.5,06/09/2024 16:00
2024,9,6,17,91.44,91.44,06/09/2024 17:00
2024,9,6,18,105.87,105.87,06/09/2024 18:00
2024,9,6,19,122.69,122.69,06/09/2024 19:00
2024,9,6,20,133.57,133.57,06/09/2024 20:00
2024,9,6,21,152.5,152.5,06/09/2024 21:00
2024,9,6,22,135,135,06/09/2024 22:00
2024,9,6,23,124.42,124.42,06/09/2024 23:00
2024,9,6,24,114.12,114.12,07/09/2024 0:00
2024,9,7,1,119.42,119.42,07/09/2024 1:00
2024,9,7,2,110.42,110.42,07/09/2024 2:00
2024,9,7,3,97.5,97.5,07/09/2024 3:00
2024,9,7,4,93.5,93.5,07/09/2024 4:00
2024,9,7,5,93,93,07/09/2024 5:00
2024,9,7,6,93,93,07/09/2024 6:00
2024,9,7,7,103.35,103.35,07/09/2024 7:00
2024,9,7,8,130,130,07/09/2024 8:00
2024,9,7,9,126,126,07/09/2024 9:00
2024,9,7,10,113,113,07/09/2024 10:00
2024,9,7,11,95,95,07/09/2024 11:00
2024,9,7,12,86.72,86.72,07/09/2024 12:00
2024,9,7,13,85,85,07/09/2024 13:00
2024,9,7,14,83,83,07/09/2024 14:00
2024,9,7,15,81.71,81.71,07/09/2024 15:00
2024,9,7,16,82,82,07/09/2024 16:00
2024,9,7,17,88.3,88.3,07/09/2024 17:00
2024,9,7,18,103.14,103.14,07/09/2024 18:00
2024,9,7,19,115.49,115.49,07/09/2024 19:00
2024,9,7,20,132.92,132.92,07/09/2024 20:00
2024,9,7,21,146.75,146.75,07/09/2024 21:00
2024,9,7,22,134,134,07/09/2024 22:00
2024,9,7,23,130,130,07/09/2024 23:00
2024,9,7,24,127.1,127.1,08/09/2024 0:00
2024,9,8,1,117,117,08/09/2024 1:00
2024,9,8,2,106.24,106.24,08/09/2024 2:00
2024,9,8,3,98,98,08/09/2024 3:00
2024,9,8,4,97.34,97.34,08/09/2024 4:00
2024,9,8,5,94.54,94.54,08/09/2024 5:00
2024,9,8,6,90.77,90.77,08/09/2024 6:00
2024,9,8,7,103,103,08/09/2024 7:00
2024,9,8,8,121.5,121.5,08/09/2024 8:00
2024,9,8,9,122.47,122.47,08/09/2024 9:00
2024,9,8,10,105,105,08/09/2024 10:00
2024,9,8,11,90.4,90.4,08/09/2024 11:00
2024,9,8,12,83.72,83.72,08/09/2024 12:00
2024,9,8,13,82,82,08/09/2024 13:00
2024,9,8,14,81.1,81.1,08/09/2024 14:00
2024,9,8,15,80,80,08/09/2024 15:00
2024,9,8,16,80.23,80.23,08/09/2024 16:00
2024,9,8,17,88.41,88.41,08/09/2024 17:00
2024,9,8,18,106.85,106.85,08/09/2024 18:00
2024,9,8,19,110.05,110.05,08/09/2024 19:00
2024,9,8,20,124.18,124.18,08/09/2024 20:00
2024,9,8,21,149.05,149.05,08/09/2024 21:00
2024,9,8,22,132.08,132.08,08/09/2024 22:00
2024,9,8,23,115.42,115.42,08/09/2024 23:00
2024,9,8,24,112.5,112.5,09/09/2024 0:00
2024,9,9,1,127.77,127.77,09/09/2024 1:00
2024,9,9,2,117.42,117.42,09/09/2024 2:00
2024,9,9,3,110.05,110.05,09/09/2024 3:00
2024,9,9,4,100,100,09/09/2024 4:00
2024,9,9,5,97.56,97.56,09/09/2024 5:00
2024,9,9,6,97.56,97.56,09/09/2024 6:00
2024,9,9,7,105,105,09/09/2024 7:00
2024,9,9,8,103,103,09/09/2024 8:00
2024,9,9,9,103,103,09/09/2024 9:00
2024,9,9,10,89.77,89.77,09/09/2024 10:00
2024,9,9,11,86,86,09/09/2024 11:00
2024,9,9,12,83.72,80,09/09/2024 12:00
2024,9,9,13,77.84,77.84,09/09/2024 13:00
2024,9,9,14,73.5,73.5,09/09/2024 14:00
2024,9,9,15,64.99,64.99,09/09/2024 15:00
2024,9,9,16,57.89,57.89,09/09/2024 16:00
2024,9,9,17,78.8,78.8,09/09/2024 17:00
2024,9,9,18,83,83,09/09/2024 18:00
2024,9,9,19,101,101,09/09/2024 19:00
2024,9,9,20,126.51,126.51,09/09/2024 20:00
2024,9,9,21,137.67,137.67,09/09/2024 21:00
2024,9,9,22,135.13,135.13,09/09/2024 22:00
2024,9,9,23,134.31,134.31,09/09/2024 23:00
2024,9,9,24,129.03,129.03,10/09/2024 0:00
2024,9,10,1,126.51,126.51,10/09/2024 1:00
2024,9,10,2,115.43,115.43,10/09/2024 2:00
2024,9,10,3,114.82,114.82,10/09/2024 3:00
2024,9,10,4,113,113,10/09/2024 4:00
2024,9,10,5,110.05,110.05,10/09/2024 5:00
2024,9,10,6,101.73,101.73,10/09/2024 6:00
2024,9,10,7,111.74,111.74,10/09/2024 7:00
2024,9,10,8,111.74,111.74,10/09/2024 8:00
2024,9,10,9,113,113,10/09/2024 9:00
2024,9,10,10,101.73,101.73,10/09/2024 10:00
2024,9,10,11,83.72,83.72,10/09/2024 11:00
2024,9,10,12,79,79,10/09/2024 12:00
2024,9,10,13,79.2,75,10/09/2024 13:00
2024,9,10,14,81,75,10/09/2024 14:00
2024,9,10,15,77.84,74,10/09/2024 15:00
2024,9,10,16,73.27,54,10/09/2024 16:00
2024,9,10,17,79,79,10/09/2024 17:00
2024,9,10,18,84,84,10/09/2024 18:00
2024,9,10,19,101.73,101.73,10/09/2024 19:00
2024,9,10,20,121.04,121.04,10/09/2024 20:00
2024,9,10,21,129.94,129.94,10/09/2024 21:00
2024,9,10,22,131.57,131.57,10/09/2024 22:00
2024,9,10,23,126.51,126.51,10/09/2024 23:00
2024,9,10,24,115.43,115.43,11/09/2024 0:00
2024,9,11,1,120,120,11/09/2024 1:00
2024,9,11,2,117.89,117.89,11/09/2024 2:00
2024,9,11,3,108.01,108.01,11/09/2024 3:00
2024,9,11,4,110.78,110.78,11/09/2024 4:00
2024,9,11,5,112.42,112.42,11/09/2024 5:00
2024,9,11,6,114.18,114.18,11/09/2024 6:00
2024,9,11,7,125.3,125.3,11/09/2024 7:00
2024,9,11,8,129.16,129.16,11/09/2024 8:00
2024,9,11,9,136.44,136.44,11/09/2024 9:00
2024,9,11,10,127.42,127.42,11/09/2024 10:00
2024,9,11,11,117.78,117.78,11/09/2024 11:00
2024,9,11,12,99,99,11/09/2024 12:00
2024,9,11,13,93.97,93.97,11/09/2024 13:00
2024,9,11,14,92,92,11/09/2024 14:00
2024,9,11,15,90,90,11/09/2024 15:00
2024,9,11,16,92.53,92.53,11/09/2024 16:00
2024,9,11,17,100.18,100.18,11/09/2024 17:00
2024,9,11,18,117.89,117.89,11/09/2024 18:00
2024,9,11,19,120,120,11/09/2024 19:00
2024,9,11,20,132.24,132.24,11/09/2024 20:00
2024,9,11,21,147.3,147.3,11/09/2024 21:00
2024,9,11,22,148.8,148.8,11/09/2024 22:00
2024,9,11,23,131.41,131.41,11/09/2024 23:00
2024,9,11,24,121.8,121.8,12/09/2024 0:00
2024,9,12,1,119.7,119.7,12/09/2024 1:00
2024,9,12,2,110.78,110.78,12/09/2024 2:00
2024,9,12,3,112.19,112.19,12/09/2024 3:00
2024,9,12,4,110.01,110.01,12/09/2024 4:00
2024,9,12,5,107.91,107.91,12/09/2024 5:00
2024,9,12,6,112.19,112.19,12/09/2024 6:00
2024,9,12,7,119.09,119.09,12/09/2024 7:00
2024,9,12,8,135.13,135.13,12/09/2024 8:00
2024,9,12,9,140.78,140.78,12/09/2024 9:00
2024,9,12,10,123.22,123.22,12/09/2024 10:00
2024,9,12,11,115.65,115.65,12/09/2024 11:00
2024,9,12,12,101.59,101.59,12/09/2024 12:00
2024,9,12,13,98.14,98.14,12/09/2024 13:00
2024,9,12,14,97.2,97.2,12/09/2024 14:00
2024,9,12,15,97.2,97.2,12/09/2024 15:00
2024,9,12,16,99.9,99.9,12/09/2024 16:00
2024,9,12,17,107.91,107.91,12/09/2024 17:00
2024,9,12,18,117.31,117.31,12/09/2024 18:00
2024,9,12,19,121.2,121.2,12/09/2024 19:00
2024,9,12,20,135.71,135.71,12/09/2024 20:00
2024,9,12,21,147.47,147.47,12/09/2024 21:00
2024,9,12,22,137.51,137.51,12/09/2024 22:00
2024,9,12,23,121.91,121.91,12/09/2024 23:00
2024,9,12,24,110.05,110.05,13/09/2024 0:00
2024,9,13,1,114.18,114.18,13/09/2024 1:00
2024,9,13,2,100,100,13/09/2024 2:00
2024,9,13,3,97.89,97.89,13/09/2024 3:00
2024,9,13,4,93.84,93.84,13/09/2024 4:00
2024,9,13,5,93,93,13/09/2024 5:00
2024,9,13,6,93.21,93.21,13/09/2024 6:00
2024,9,13,7,107.18,107.18,13/09/2024 7:00
2024,9,13,8,123.27,123.27,13/09/2024 8:00
2024,9,13,9,137.5,137.5,13/09/2024 9:00
2024,9,13,10,124.91,124.91,13/09/2024 10:00
2024,9,13,11,103.21,103.21,13/09/2024 11:00
2024,9,13,12,96.86,96.86,13/09/2024 12:00
2024,9,13,13,94.97,94.97,13/09/2024 13:00
2024,9,13,14,93,93,13/09/2024 14:00
2024,9,13,15,91.76,91.76,13/09/2024 15:00
2024,9,13,16,90.55,90.55,13/09/2024 16:00
2024,9,13,17,91.93,91.93,13/09/2024 17:00
2024,9,13,18,100.27,100.27,13/09/2024 18:00
2024,9,13,19,116.87,116.87,13/09/2024 19:00
2024,9,13,20,130.01,130.01,13/09/2024 20:00
2024,9,13,21,137.5,137.5,13/09/2024 21:00
2024,9,13,22,133.48,133.48,13/09/2024 22:00
2024,9,13,23,126.13,126.13,13/09/2024 23:00
2024,9,13,24,114.18,114.18,14/09/2024 0:00
2024,9,14,1,96.3,96.3,14/09/2024 1:00
2024,9,14,2,93.21,93.21,14/09/2024 2:00
2024,9,14,3,89.51,89.51,14/09/2024 3:00
2024,9,14,4,90.1,90.1,14/09/2024 4:00
2024,9,14,5,90.2,90.2,14/09/2024 5:00
2024,9,14,6,93.21,93.21,14/09/2024 6:00
2024,9,14,7,114.35,114.35,14/09/2024 7:00
2024,9,14,8,125,125,14/09/2024 8:00
2024,9,14,9,127.77,127.77,14/09/2024 9:00
2024,9,14,10,120.43,120.43,14/09/2024 10:00
2024,9,14,11,96.82,96.82,14/09/2024 11:00
2024,9,14,12,90.87,90.87,14/09/2024 12:00
2024,9,14,13,88.99,88.99,14/09/2024 13:00
2024,9,14,14,89,89,14/09/2024 14:00
2024,9,14,15,89.2,89.2,14/09/2024 15:00
2024,9,14,16,89.2,89.2,14/09/2024 16:00
2024,9,14,17,94,94,14/09/2024 17:00
2024,9,14,18,94.68,94.68,14/09/2024 18:00
2024,9,14,19,121.1,121.1,14/09/2024 19:00
2024,9,14,20,131.44,131.44,14/09/2024 20:00
2024,9,14,21,145.91,145.91,14/09/2024 21:00
2024,9,14,22,132.22,132.22,14/09/2024 22:00
2024,9,14,23,126.41,126.41,14/09/2024 23:00
2024,9,14,24,125,125,15/09/2024 0:00
2024,9,15,1,119.32,119.32,15/09/2024 1:00
2024,9,15,2,110,110,15/09/2024 2:00
2024,9,15,3,103.52,103.52,15/09/2024 3:00
2024,9,15,4,103.32,103.32,15/09/2024 4:00
2024,9,15,5,103.52,103.52,15/09/2024 5:00
2024,9,15,6,104.04,104.04,15/09/2024 6:00
2024,9,15,7,122.25,122.25,15/09/2024 7:00
2024,9,15,8,126.23,126.23,15/09/2024 8:00
2024,9,15,9,125.07,125.07,15/09/2024 9:00
2024,9,15,10,124.19,124.19,15/09/2024 10:00
2024,9,15,11,124.92,124.92,15/09/2024 11:00
2024,9,15,12,122.69,122.69,15/09/2024 12:00
2024,9,15,13,121.22,121.22,15/09/2024 13:00
2024,9,15,14,109.18,109.18,15/09/2024 14:00
2024,9,15,15,99.22,99.22,15/09/2024 15:00
2024,9,15,16,94.75,94.75,15/09/2024 16:00
2024,9,15,17,96.16,96.16,15/09/2024 17:00
2024,9,15,18,108.29,108.29,15/09/2024 18:00
2024,9,15,19,118.97,118.97,15/09/2024 19:00
2024,9,15,20,124,124,15/09/2024 20:00
2024,9,15,21,130.5,130.5,15/09/2024 21:00
2024,9,15,22,130.5,130.5,15/09/2024 22:00
2024,9,15,23,124.19,124.19,15/09/2024 23:00
2024,9,15,24,123,123,16/09/2024 0:00
2024,9,16,1,120.95,120.95,16/09/2024 1:00
2024,9,16,2,118.59,118.59,16/09/2024 2:00
2024,9,16,3,114.21,114.21,16/09/2024 3:00
2024,9,16,4,100.53,100.53,16/09/2024 4:00
2024,9,16,5,100,100,16/09/2024 5:00
2024,9,16,6,92,92,16/09/2024 6:00
2024,9,16,7,100,100,16/09/2024 7:00
2024,9,16,8,100.53,100.53,16/09/2024 8:00
2024,9,16,9,103,103,16/09/2024 9:00
2024,9,16,10,99.84,99.84,16/09/2024 10:00
2024,9,16,11,85.72,85.72,16/09/2024 11:00
2024,9,16,12,80,80,16/09/2024 12:00
2024,9,16,13,76.23,76.23,16/09/2024 13:00
2024,9,16,14,76.23,76.23,16/09/2024 14:00
2024,9,16,15,73.41,73.41,16/09/2024 15:00
2024,9,16,16,74.46,74.46,16/09/2024 16:00
2024,9,16,17,76,76,16/09/2024 17:00
2024,9,16,18,81.68,81.68,16/09/2024 18:00
2024,9,16,19,103,103,16/09/2024 19:00
2024,9,16,20,118.59,118.59,16/09/2024 20:00
2024,9,16,21,121.57,121.57,16/09/2024 21:00
2024,9,16,22,122.69,122.69,16/09/2024 22:00
2024,9,16,23,119.61,119.61,16/09/2024 23:00
2024,9,16,24,115,115,17/09/2024 0:00
2024,9,17,1,113.23,113.23,17/09/2024 1:00
2024,9,17,2,105.23,105.23,17/09/2024 2:00
2024,9,17,3,87.55,87.55,17/09/2024 3:00
2024,9,17,4,79.05,79.05,17/09/2024 4:00
2024,9,17,5,77.91,77.91,17/09/2024 5:00
2024,9,17,6,77.75,77.75,17/09/2024 6:00
2024,9,17,7,79.05,79.05,17/09/2024 7:00
2024,9,17,8,79.33,79.33,17/09/2024 8:00
2024,9,17,9,78.51,78.51,17/09/2024 9:00
2024,9,17,10,70.01,70.01,17/09/2024 10:00
2024,9,17,11,50.23,50.23,17/09/2024 11:00
2024,9,17,12,20,20,17/09/2024 12:00
2024,9,17,13,5,5,17/09/2024 13:00
2024,9,17,14,4.08,4.08,17/09/2024 14:00
2024,9,17,15,4.3,4.3,17/09/2024 15:00
2024,9,17,16,4.3,4.3,17/09/2024 16:00
2024,9,17,17,4.3,4.3,17/09/2024 17:00
2024,9,17,18,4.3,4.3,17/09/2024 18:00
2024,9,17,19,46.17,46.17,17/09/2024 19:00
2024,9,17,20,90,90,17/09/2024 20:00
2024,9,17,21,122.69,122.69,17/09/2024 21:00
2024,9,17,22,118.25,118.25,17/09/2024 22:00
2024,9,17,23,110.05,110.05,17/09/2024 23:00
2024,9,17,24,99.18,99.18,18/09/2024 0:00
2024,9,18,1,85,85,18/09/2024 1:00
2024,9,18,2,82.51,82.51,18/09/2024 2:00
2024,9,18,3,81.73,81.73,18/09/2024 3:00
2024,9,18,4,80.2,80.2,18/09/2024 4:00
2024,9,18,5,81.73,81.73,18/09/2024 5:00
2024,9,18,6,83.5,83.5,18/09/2024 6:00
2024,9,18,7,106.96,106.96,18/09/2024 7:00
2024,9,18,8,125.4,125.4,18/09/2024 8:00
2024,9,18,9,129,129,18/09/2024 9:00
2024,9,18,10,125.23,125.23,18/09/2024 10:00
2024,9,18,11,109.1,109.1,18/09/2024 11:00
2024,9,18,12,90.1,90.1,18/09/2024 12:00
2024,9,18,13,88.19,88.19,18/09/2024 13:00
2024,9,18,14,86.5,86.5,18/09/2024 14:00
2024,9,18,15,85,85,18/09/2024 15:00
2024,9,18,16,85,85,18/09/2024 16:00
2024,9,18,17,86.5,86.5,18/09/2024 17:00
2024,9,18,18,106.96,106.96,18/09/2024 18:00
2024,9,18,19,123.91,123.91,18/09/2024 19:00
2024,9,18,20,129.22,129.22,18/09/2024 20:00
2024,9,18,21,149.05,149.05,18/09/2024 21:00
2024,9,18,22,164.12,164.12,18/09/2024 22:00
2024,9,18,23,129.22,129.22,18/09/2024 23:00
2024,9,18,24,125.25,125.25,19/09/2024 0:00
2024,9,19,1,129.22,129.22,19/09/2024 1:00
2024,9,19,2,123.91,123.91,19/09/2024 2:00
2024,9,19,3,114.08,114.08,19/09/2024 3:00
2024,9,19,4,109.5,109.5,19/09/2024 4:00
2024,9,19,5,104,104,19/09/2024 5:00
2024,9,19,6,106,106,19/09/2024 6:00
2024,9,19,7,122,122,19/09/2024 7:00
2024,9,19,8,129.22,129.22,19/09/2024 8:00
2024,9,19,9,129.82,129.82,19/09/2024 9:00
2024,9,19,10,114.69,114.69,19/09/2024 10:00
2024,9,19,11,93.93,93.93,19/09/2024 11:00
2024,9,19,12,90,90,19/09/2024 12:00
2024,9,19,13,89,89,19/09/2024 13:00
2024,9,19,14,89,89,19/09/2024 14:00
2024,9,19,15,86,86,19/09/2024 15:00
2024,9,19,16,85.51,85.51,19/09/2024 16:00
2024,9,19,17,86.5,86.5,19/09/2024 17:00
2024,9,19,18,89,89,19/09/2024 18:00
2024,9,19,19,99.99,99.99,19/09/2024 19:00
2024,9,19,20,120,120,19/09/2024 20:00
2024,9,19,21,140,140,19/09/2024 21:00
2024,9,19,22,143,143,19/09/2024 22:00
2024,9,19,23,129.22,129.22,19/09/2024 23:00
2024,9,19,24,114.08,114.08,20/09/2024 0:00
2024,9,20,1,110.77,110.77,20/09/2024 1:00
2024,9,20,2,98.15,98.15,20/09/2024 2:00
2024,9,20,3,109.13,109.13,20/09/2024 3:00
2024,9,20,4,103.5,103.5,20/09/2024 4:00
2024,9,20,5,101.83,101.83,20/09/2024 5:00
2024,9,20,6,101.88,101.88,20/09/2024 6:00
2024,9,20,7,110.77,110.77,20/09/2024 7:00
2024,9,20,8,115.73,115.73,20/09/2024 8:00
2024,9,20,9,116.61,116.61,20/09/2024 9:00
2024,9,20,10,114.94,114.94,20/09/2024 10:00
2024,9,20,11,103.5,103.5,20/09/2024 11:00
2024,9,20,12,82.5,82.5,20/09/2024 12:00
2024,9,20,13,81,81,20/09/2024 13:00
2024,9,20,14,76.41,76.41,20/09/2024 14:00
2024,9,20,15,63,60,20/09/2024 15:00
2024,9,20,16,40,40,20/09/2024 16:00
2024,9,20,17,40,35,20/09/2024 17:00
2024,9,20,18,60.91,60.91,20/09/2024 18:00
2024,9,20,19,81.73,81.73,20/09/2024 19:00
2024,9,20,20,112.94,112.94,20/09/2024 20:00
2024,9,20,21,115.45,115.45,20/09/2024 21:00
2024,9,20,22,114.94,114.94,20/09/2024 22:00
2024,9,20,23,110,110,20/09/2024 23:00
2024,9,20,24,89.99,89.99,21/09/2024 0:00
2024,9,21,1,78.57,78.57,21/09/2024 1:00
2024,9,21,2,76.97,76.97,21/09/2024 2:00
2024,9,21,3,73.77,73.77,21/09/2024 3:00
2024,9,21,4,72.88,72.88,21/09/2024 4:00
2024,9,21,5,70,70,21/09/2024 5:00
2024,9,21,6,71.11,71.11,21/09/2024 6:00
2024,9,21,7,77.57,77.57,21/09/2024 7:00
2024,9,21,8,110.11,110.11,21/09/2024 8:00
2024,9,21,9,115.82,115.82,21/09/2024 9:00
2024,9,21,10,106,106,21/09/2024 10:00
2024,9,21,11,102.13,102.13,21/09/2024 11:00
2024,9,21,12,92.83,92.83,21/09/2024 12:00
2024,9,21,13,88.31,88.31,21/09/2024 13:00
2024,9,21,14,82.27,82.27,21/09/2024 14:00
2024,9,21,15,77.57,77.57,21/09/2024 15:00
2024,9,21,16,77,77,21/09/2024 16:00
2024,9,21,17,77.37,77.37,21/09/2024 17:00
2024,9,21,18,89,89,21/09/2024 18:00
2024,9,21,19,102,102,21/09/2024 19:00
2024,9,21,20,119.53,119.53,21/09/2024 20:00
2024,9,21,21,121.38,121.38,21/09/2024 21:00
2024,9,21,22,119.68,119.68,21/09/2024 22:00
2024,9,21,23,108.65,108.65,21/09/2024 23:00
2024,9,21,24,100,100,22/09/2024 0:00
2024,9,22,1,103.83,103.83,22/09/2024 1:00
2024,9,22,2,94,94,22/09/2024 2:00
2024,9,22,3,94,94,22/09/2024 3:00
2024,9,22,4,92.22,92.22,22/09/2024 4:00
2024,9,22,5,90,90,22/09/2024 5:00
2024,9,22,6,102,102,22/09/2024 6:00
2024,9,22,7,111.33,111.33,22/09/2024 7:00
2024,9,22,8,121.23,121.23,22/09/2024 8:00
2024,9,22,9,125,125,22/09/2024 9:00
2024,9,22,10,118.13,118.13,22/09/2024 10:00
2024,9,22,11,99.64,99.64,22/09/2024 11:00
2024,9,22,12,90.93,90.93,22/09/2024 12:00
2024,9,22,13,85.65,85.65,22/09/2024 13:00
2024,9,22,14,77.11,77.11,22/09/2024 14:00
2024,9,22,15,70.77,70.77,22/09/2024 15:00
2024,9,22,16,71.41,71.41,22/09/2024 16:00
2024,9,22,17,76.91,76.91,22/09/2024 17:00
2024,9,22,18,78.66,78.66,22/09/2024 18:00
2024,9,22,19,105,105,22/09/2024 19:00
2024,9,22,20,121.27,121.27,22/09/2024 20:00
2024,9,22,21,133.59,133.59,22/09/2024 21:00
2024,9,22,22,130,130,22/09/2024 22:00
2024,9,22,23,122,122,22/09/2024 23:00
2024,9,22,24,120.51,120.51,23/09/2024 0:00
2024,9,23,1,121.95,121.95,23/09/2024 1:00
2024,9,23,2,121.23,121.23,23/09/2024 2:00
2024,9,23,3,120.35,120.35,23/09/2024 3:00
2024,9,23,4,120.35,120.35,23/09/2024 4:00
2024,9,23,5,120.35,120.35,23/09/2024 5:00
2024,9,23,6,118.5,118.5,23/09/2024 6:00
2024,9,23,7,120.51,120.51,23/09/2024 7:00
2024,9,23,8,122.4,122.4,23/09/2024 8:00
2024,9,23,9,121.95,121.95,23/09/2024 9:00
2024,9,23,10,112,112,23/09/2024 10:00
2024,9,23,11,90.75,90.75,23/09/2024 11:00
2024,9,23,12,84.9,84.9,23/09/2024 12:00
2024,9,23,13,79.89,79.89,23/09/2024 13:00
2024,9,23,14,70.55,70.55,23/09/2024 14:00
2024,9,23,15,60.63,60,23/09/2024 15:00
2024,9,23,16,72.01,72.01,23/09/2024 16:00
2024,9,23,17,78.23,78.23,23/09/2024 17:00
2024,9,23,18,87.55,87.55,23/09/2024 18:00
2024,9,23,19,117.82,117.82,23/09/2024 19:00
2024,9,23,20,139.64,139.64,23/09/2024 20:00
2024,9,23,21,145,145,23/09/2024 21:00
2024,9,23,22,150.82,150.82,23/09/2024 22:00
2024,9,23,23,136.1,136.1,23/09/2024 23:00
2024,9,23,24,128,128,24/09/2024 0:00
2024,9,24,1,136.1,136.1,24/09/2024 1:00
2024,9,24,2,124.96,124.96,24/09/2024 2:00
2024,9,24,3,121.57,121.57,24/09/2024 3:00
2024,9,24,4,119.78,119.78,24/09/2024 4:00
2024,9,24,5,114.82,114.82,24/09/2024 5:00
2024,9,24,6,114.82,114.82,24/09/2024 6:00
2024,9,24,7,120.35,120.35,24/09/2024 7:00
2024,9,24,8,120.35,120.35,24/09/2024 8:00
2024,9,24,9,106.7,106.7,24/09/2024 9:00
2024,9,24,10,76.2,76.2,24/09/2024 10:00
2024,9,24,11,28.83,1.06,24/09/2024 11:00
2024,9,24,12,50.91,0.85,24/09/2024 12:00
2024,9,24,13,70.95,0,24/09/2024 13:00
2024,9,24,14,71.5,0,24/09/2024 14:00
2024,9,24,15,70.95,0,24/09/2024 15:00
2024,9,24,16,59.63,0,24/09/2024 16:00
2024,9,24,17,70.95,3.54,24/09/2024 17:00
2024,9,24,18,73.43,24.99,24/09/2024 18:00
2024,9,24,19,85.2,85.2,24/09/2024 19:00
2024,9,24,20,129.47,129.47,24/09/2024 20:00
2024,9,24,21,143,143,24/09/2024 21:00
2024,9,24,22,160.51,160.51,24/09/2024 22:00
2024,9,24,23,146.11,146.11,24/09/2024 23:00
2024,9,24,24,141.92,141.92,25/09/2024 0:00
2024,9,25,1,127,127,25/09/2024 1:00
2024,9,25,2,114.88,114.88,25/09/2024 2:00
2024,9,25,3,114.62,114.62,25/09/2024 3:00
2024,9,25,4,114.62,114.62,25/09/2024 4:00
2024,9,25,5,114.62,114.62,25/09/2024 5:00
2024,9,25,6,119.01,119.01,25/09/2024 6:00
2024,9,25,7,131.76,131.76,25/09/2024 7:00
2024,9,25,8,139.15,139.15,25/09/2024 8:00
2024,9,25,9,143,143,25/09/2024 9:00
2024,9,25,10,133.17,133.17,25/09/2024 10:00
2024,9,25,11,97.07,97.07,25/09/2024 11:00
2024,9,25,12,90.3,89.01,25/09/2024 12:00
2024,9,25,13,90.1,86.63,25/09/2024 13:00
2024,9,25,14,90.1,86.23,25/09/2024 14:00
2024,9,25,15,89.3,85.93,25/09/2024 15:00
2024,9,25,16,92.06,92.06,25/09/2024 16:00
2024,9,25,17,97.46,97.46,25/09/2024 17:00
2024,9,25,18,103,103,25/09/2024 18:00
2024,9,25,19,130.07,130.07,25/09/2024 19:00
2024,9,25,20,149.88,149.88,25/09/2024 20:00
2024,9,25,21,156.59,156.59,25/09/2024 21:00
2024,9,25,22,160,160,25/09/2024 22:00
2024,9,25,23,138.37,138.37,25/09/2024 23:00
2024,9,25,24,133.02,133.02,26/09/2024 0:00
2024,9,26,1,122.47,122.47,26/09/2024 1:00
2024,9,26,2,109.42,109.42,26/09/2024 2:00
2024,9,26,3,106.62,106.62,26/09/2024 3:00
2024,9,26,4,111.05,111.05,26/09/2024 4:00
2024,9,26,5,111.54,111.54,26/09/2024 5:00
2024,9,26,6,122.47,122.47,26/09/2024 6:00
2024,9,26,7,130.91,130.91,26/09/2024 7:00
2024,9,26,8,139.98,139.98,26/09/2024 8:00
2024,9,26,9,146.6,146.6,26/09/2024 9:00
2024,9,26,10,131.32,131.32,26/09/2024 10:00
2024,9,26,11,110.01,110.01,26/09/2024 11:00
2024,9,26,12,99.63,99.63,26/09/2024 12:00
2024,9,26,13,98,98,26/09/2024 13:00
2024,9,26,14,98.93,98.93,26/09/2024 14:00
2024,9,26,15,98,98,26/09/2024 15:00
2024,9,26,16,98.02,98.02,26/09/2024 16:00
2024,9,26,17,104.51,104.51,26/09/2024 17:00
2024,9,26,18,122.47,122.47,26/09/2024 18:00
2024,9,26,19,135.42,135.42,26/09/2024 19:00
2024,9,26,20,150.69,150.69,26/09/2024 20:00
2024,9,26,21,163.77,163.77,26/09/2024 21:00
2024,9,26,22,163.77,163.77,26/09/2024 22:00
2024,9,26,23,141.7,141.7,26/09/2024 23:00
2024,9,26,24,135.95,135.95,27/09/2024 0:00
2024,9,27,1,122.5,122.5,27/09/2024 1:00
2024,9,27,2,121.8,121.8,27/09/2024 2:00
2024,9,27,3,116.08,116.08,27/09/2024 3:00
2024,9,27,4,114,114,27/09/2024 4:00
2024,9,27,5,103,103,27/09/2024 5:00
2024,9,27,6,104.3,104.3,27/09/2024 6:00
2024,9,27,7,119.57,119.57,27/09/2024 7:00
2024,9,27,8,133.23,133.23,27/09/2024 8:00
2024,9,27,9,140.01,140.01,27/09/2024 9:00
2024,9,27,10,128.37,128.37,27/09/2024 10:00
2024,9,27,11,102.33,102.33,27/09/2024 11:00
2024,9,27,12,93.26,93.26,27/09/2024 12:00
2024,9,27,13,92.9,89.03,27/09/2024 13:00
2024,9,27,14,90.85,87.34,27/09/2024 14:00
2024,9,27,15,82.2,82.2,27/09/2024 15:00
2024,9,27,16,89.52,77.14,27/09/2024 16:00
2024,9,27,17,87.06,87.06,27/09/2024 17:00
2024,9,27,18,89.52,87.63,27/09/2024 18:00
2024,9,27,19,110.02,110.02,27/09/2024 19:00
2024,9,27,20,133.68,133.68,27/09/2024 20:00
2024,9,27,21,170,170,27/09/2024 21:00
2024,9,27,22,164.25,164.25,27/09/2024 22:00
2024,9,27,23,136,136,27/09/2024 23:00
2024,9,27,24,133.23,133.23,28/09/2024 0:00
2024,9,28,1,115.54,115.54,28/09/2024 1:00
2024,9,28,2,117.19,117.19,28/09/2024 2:00
2024,9,28,3,118.91,118.91,28/09/2024 3:00
2024,9,28,4,115.73,115.73,28/09/2024 4:00
2024,9,28,5,113.35,113.35,28/09/2024 5:00
2024,9,28,6,118.91,118.91,28/09/2024 6:00
2024,9,28,7,123.84,123.84,28/09/2024 7:00
2024,9,28,8,130,130,28/09/2024 8:00
2024,9,28,9,133.67,133.67,28/09/2024 9:00
2024,9,28,10,128.36,128.36,28/09/2024 10:00
2024,9,28,11,93.4,93.4,28/09/2024 11:00
2024,9,28,12,93.4,88.56,28/09/2024 12:00
2024,9,28,13,93.4,83.73,28/09/2024 13:00
2024,9,28,14,92.9,82.18,28/09/2024 14:00
2024,9,28,15,92.9,87.7,28/09/2024 15:00
2024,9,28,16,92.9,91.5,28/09/2024 16:00
2024,9,28,17,93.4,92.9,28/09/2024 17:00
2024,9,28,18,97,97,28/09/2024 18:00
2024,9,28,19,119.77,119.77,28/09/2024 19:00
2024,9,28,20,133.67,133.67,28/09/2024 20:00
2024,9,28,21,147.65,147.65,28/09/2024 21:00
2024,9,28,22,147,147,28/09/2024 22:00
2024,9,28,23,130,130,28/09/2024 23:00
2024,9,28,24,122,122,29/09/2024 0:00
2024,9,29,1,115.93,115.93,29/09/2024 1:00
2024,9,29,2,120.32,120.32,29/09/2024 2:00
2024,9,29,3,121,121,29/09/2024 3:00
2024,9,29,4,126.89,126.89,29/09/2024 4:00
2024,9,29,5,127.1,127.1,29/09/2024 5:00
2024,9,29,6,118.54,118.54,29/09/2024 6:00
2024,9,29,7,128.36,128.36,29/09/2024 7:00
2024,9,29,8,135.95,135.95,29/09/2024 8:00
2024,9,29,9,138.34,138.34,29/09/2024 9:00
2024,9,29,10,120.32,120.32,29/09/2024 10:00
2024,9,29,11,110.84,110.84,29/09/2024 11:00
2024,9,29,12,96.8,96.8,29/09/2024 12:00
2024,9,29,13,94.5,94.5,29/09/2024 13:00
2024,9,29,14,94,94,29/09/2024 14:00
2024,9,29,15,93.65,93.65,29/09/2024 15:00
2024,9,29,16,90.87,90.87,29/09/2024 16:00
2024,9,29,17,96.71,96.71,29/09/2024 17:00
2024,9,29,18,112,112,29/09/2024 18:00
2024,9,29,19,121.45,121.45,29/09/2024 19:00
2024,9,29,20,141.24,141.24,29/09/2024 20:00
2024,9,29,21,149.25,149.25,29/09/2024 21:00
2024,9,29,22,143.21,143.21,29/09/2024 22:00
2024,9,29,23,129.91,129.91,29/09/2024 23:00
2024,9,29,24,127.88,127.88,30/09/2024 0:00
2024,9,30,1,126.62,126.62,30/09/2024 1:00
2024,9,30,2,125.6,125.6,30/09/2024 2:00
2024,9,30,3,120,120,30/09/2024 3:00
2024,9,30,4,125.34,125.34,30/09/2024 4:00
2024,9,30,5,124.73,124.73,30/09/2024 5:00
2024,9,30,6,116.89,116.89,30/09/2024 6:00
2024,9,30,7,113.72,113.72,30/09/2024 7:00
2024,9,30,8,119.01,119.01,30/09/2024 8:00
2024,9,30,9,113.72,113.72,30/09/2024 9:00
2024,9,30,10,105.08,105.08,30/09/2024 10:00
2024,9,30,11,87.5,87.5,30/09/2024 11:00
2024,9,30,12,70.5,70.5,30/09/2024 12:00
2024,9,30,13,42.76,42.76,30/09/2024 13:00
2024,9,30,14,54.63,54.63,30/09/2024 14:00
2024,9,30,15,40,40,30/09/2024 15:00
2024,9,30,16,56,56,30/09/2024 16:00
2024,9,30,17,81.8,81.8,30/09/2024 17:00
2024,9,30,18,90,90,30/09/2024 18:00
2024,9,30,19,113.72,113.72,30/09/2024 19:00
2024,9,30,20,132.03,132.03,30/09/2024 20:00
2024,9,30,21,145.18,145.18,30/09/2024 21:00
2024,9,30,22,150.58,150.58,30/09/2024 22:00
2024,9,30,23,133.67,133.67,30/09/2024 23:00
2024,9,30,24,128.36,128.36,01/10/2024 0:00
2024,10,1,1,126.88,126.88,01/10/2024 1:00
2024,10,1,2,121.68,121.68,01/10/2024 2:00
2024,10,1,3,112.99,112.99,01/10/2024 3:00
2024,10,1,4,111.06,111.06,01/10/2024 4:00
2024,10,1,5,109.5,109.5,01/10/2024 5:00
2024,10,1,6,109.01,109.01,01/10/2024 6:00
2024,10,1,7,114,114,01/10/2024 7:00
2024,10,1,8,126.68,126.68,01/10/2024 8:00
2024,10,1,9,124.11,124.11,01/10/2024 9:00
2024,10,1,10,97,97,01/10/2024 10:00
2024,10,1,11,53,53,01/10/2024 11:00
2024,10,1,12,35,35,01/10/2024 12:00
2024,10,1,13,35,35,01/10/2024 13:00
2024,10,1,14,37.43,37.43,01/10/2024 14:00
2024,10,1,15,35,35,01/10/2024 15:00
2024,10,1,16,60.3,4.3,01/10/2024 16:00
2024,10,1,17,62.73,62.73,01/10/2024 17:00
2024,10,1,18,91.3,91.3,01/10/2024 18:00
2024,10,1,19,120.06,120.06,01/10/2024 19:00
2024,10,1,20,130,130,01/10/2024 20:00
2024,10,1,21,137.36,137.36,01/10/2024 21:00
2024,10,1,22,142.45,142.45,01/10/2024 22:00
2024,10,1,23,137.36,137.36,01/10/2024 23:00
2024,10,1,24,130,130,02/10/2024 0:00
2024,10,2,1,122.99,122.99,02/10/2024 1:00
2024,10,2,2,113.89,113.89,02/10/2024 2:00
2024,10,2,3,100.92,100.92,02/10/2024 3:00
2024,10,2,4,98,98,02/10/2024 4:00
2024,10,2,5,97,97,02/10/2024 5:00
2024,10,2,6,99.86,99.86,02/10/2024 6:00
2024,10,2,7,123.31,123.31,02/10/2024 7:00
2024,10,2,8,137.36,137.36,02/10/2024 8:00
2024,10,2,9,144.5,144.5,02/10/2024 9:00
2024,10,2,10,128,128,02/10/2024 10:00
2024,10,2,11,105.32,105.32,02/10/2024 11:00
2024,10,2,12,92.1,92.1,02/10/2024 12:00
2024,10,2,13,90.01,90.01,02/10/2024 13:00
2024,10,2,14,87.7,87.7,02/10/2024 14:00
2024,10,2,15,88.07,88.07,02/10/2024 15:00
2024,10,2,16,90.5,90.5,02/10/2024 16:00
2024,10,2,17,93.77,93.77,02/10/2024 17:00
2024,10,2,18,103,103,02/10/2024 18:00
2024,10,2,19,130.61,130.61,02/10/2024 19:00
2024,10,2,20,145.18,145.18,02/10/2024 20:00
2024,10,2,21,160.07,160.07,02/10/2024 21:00
2024,10,2,22,142.89,142.89,02/10/2024 22:00
2024,10,2,23,132.98,132.98,02/10/2024 23:00
2024,10,2,24,128.64,128.64,03/10/2024 0:00
2024,10,3,1,126.07,126.07,03/10/2024 1:00
2024,10,3,2,122.81,122.81,03/10/2024 2:00
2024,10,3,3,112.96,112.96,03/10/2024 3:00
2024,10,3,4,117.5,117.5,03/10/2024 4:00
2024,10,3,5,124.63,124.63,03/10/2024 5:00
2024,10,3,6,128.36,128.36,03/10/2024 6:00
2024,10,3,7,129.57,129.57,03/10/2024 7:00
2024,10,3,8,133.15,133.15,03/10/2024 8:00
2024,10,3,9,134.27,134.27,03/10/2024 9:00
2024,10,3,10,126.44,126.44,03/10/2024 10:00
2024,10,3,11,108.17,108.17,03/10/2024 11:00
2024,10,3,12,91.6,91.6,03/10/2024 12:00
2024,10,3,13,90.8,90.8,03/10/2024 13:00
2024,10,3,14,88,88,03/10/2024 14:00
2024,10,3,15,74.99,74.99,03/10/2024 15:00
2024,10,3,16,64.91,64.91,03/10/2024 16:00
2024,10,3,17,64.91,35,03/10/2024 17:00
2024,10,3,18,70.12,70.12,03/10/2024 18:00
2024,10,3,19,92,92,03/10/2024 19:00
2024,10,3,20,124,124,03/10/2024 20:00
2024,10,3,21,130,130,03/10/2024 21:00
2024,10,3,22,125.78,125.78,03/10/2024 22:00
2024,10,3,23,114,114,03/10/2024 23:00
2024,10,3,24,93.37,93.37,04/10/2024 0:00
2024,10,4,1,85,85,04/10/2024 1:00
2024,10,4,2,84.25,84.25,04/10/2024 2:00
2024,10,4,3,84.82,84.82,04/10/2024 3:00
2024,10,4,4,86.1,86.1,04/10/2024 4:00
2024,10,4,5,90.1,90.1,04/10/2024 5:00
2024,10,4,6,92.1,92.1,04/10/2024 6:00
2024,10,4,7,118,118,04/10/2024 7:00
2024,10,4,8,124.72,124.72,04/10/2024 8:00
2024,10,4,9,129.29,129.29,04/10/2024 9:00
2024,10,4,10,125,125,04/10/2024 10:00
2024,10,4,11,92.2,92.2,04/10/2024 11:00
2024,10,4,12,85,85,04/10/2024 12:00
2024,10,4,13,84.25,84.25,04/10/2024 13:00
2024,10,4,14,84.25,84.25,04/10/2024 14:00
2024,10,4,15,83.55,83.55,04/10/2024 15:00
2024,10,4,16,82.85,82.85,04/10/2024 16:00
2024,10,4,17,84.24,84.24,04/10/2024 17:00
2024,10,4,18,92,92,04/10/2024 18:00
2024,10,4,19,111.12,111.12,04/10/2024 19:00
2024,10,4,20,130.02,130.02,04/10/2024 20:00
2024,10,4,21,139.93,139.93,04/10/2024 21:00
2024,10,4,22,132.27,132.27,04/10/2024 22:00
2024,10,4,23,124.72,124.72,04/10/2024 23:00
2024,10,4,24,119.98,119.98,05/10/2024 0:00
2024,10,5,1,103.28,103.28,05/10/2024 1:00
2024,10,5,2,91.15,91.15,05/10/2024 2:00
2024,10,5,3,99.2,99.2,05/10/2024 3:00
2024,10,5,4,103.28,103.28,05/10/2024 4:00
2024,10,5,5,101,101,05/10/2024 5:00
2024,10,5,6,105.09,105.09,05/10/2024 6:00
2024,10,5,7,103.28,103.28,05/10/2024 7:00
2024,10,5,8,120.59,120.59,05/10/2024 8:00
2024,10,5,9,124.92,124.92,05/10/2024 9:00
2024,10,5,10,112,112,05/10/2024 10:00
2024,10,5,11,87.33,87.33,05/10/2024 11:00
2024,10,5,12,84.22,84.22,05/10/2024 12:00
2024,10,5,13,82.45,82.45,05/10/2024 13:00
2024,10,5,14,81.05,81.05,05/10/2024 14:00
2024,10,5,15,80.03,80.03,05/10/2024 15:00
2024,10,5,16,83.8,83.8,05/10/2024 16:00
2024,10,5,17,83.57,83.57,05/10/2024 17:00
2024,10,5,18,85.2,85.2,05/10/2024 18:00
2024,10,5,19,112.94,112.94,05/10/2024 19:00
2024,10,5,20,135.25,135.25,05/10/2024 20:00
2024,10,5,21,139.4,139.4,05/10/2024 21:00
2024,10,5,22,129.74,129.74,05/10/2024 22:00
2024,10,5,23,122.39,122.39,05/10/2024 23:00
2024,10,5,24,112.84,112.84,06/10/2024 0:00
2024,10,6,1,118.69,118.69,06/10/2024 1:00
2024,10,6,2,116.46,116.46,06/10/2024 2:00
2024,10,6,3,113.27,113.27,06/10/2024 3:00
2024,10,6,4,112.23,112.23,06/10/2024 4:00
2024,10,6,5,106.48,106.48,06/10/2024 5:00
2024,10,6,6,98,98,06/10/2024 6:00
2024,10,6,7,113.27,113.27,06/10/2024 7:00
2024,10,6,8,121.74,121.74,06/10/2024 8:00
2024,10,6,9,123,123,06/10/2024 9:00
2024,10,6,10,112.84,112.84,06/10/2024 10:00
2024,10,6,11,94.58,94.58,06/10/2024 11:00
2024,10,6,12,85.2,85.2,06/10/2024 12:00
2024,10,6,13,84,84,06/10/2024 13:00
2024,10,6,14,83.1,83.1,06/10/2024 14:00
2024,10,6,15,81.9,81.9,06/10/2024 15:00
2024,10,6,16,81.4,81.4,06/10/2024 16:00
2024,10,6,17,84.4,84.4,06/10/2024 17:00
2024,10,6,18,88.49,88.49,06/10/2024 18:00
2024,10,6,19,112.5,112.5,06/10/2024 19:00
2024,10,6,20,119,119,06/10/2024 20:00
2024,10,6,21,130,130,06/10/2024 21:00
2024,10,6,22,122.45,122.45,06/10/2024 22:00
2024,10,6,23,117,117,06/10/2024 23:00
2024,10,6,24,112.23,112.23,07/10/2024 0:00
2024,10,7,1,116.3,116.3,07/10/2024 1:00
2024,10,7,2,113.29,113.29,07/10/2024 2:00
2024,10,7,3,100.47,100.47,07/10/2024 3:00
2024,10,7,4,99.28,99.28,07/10/2024 4:00
2024,10,7,5,99.28,99.28,07/10/2024 5:00
2024,10,7,6,100.01,100.01,07/10/2024 6:00
2024,10,7,7,109.49,109.49,07/10/2024 7:00
2024,10,7,8,113.8,113.8,07/10/2024 8:00
2024,10,7,9,114.28,114.28,07/10/2024 9:00
2024,10,7,10,100.47,100.47,07/10/2024 10:00
2024,10,7,11,85.2,85.2,07/10/2024 11:00
2024,10,7,12,80.26,80.26,07/10/2024 12:00
2024,10,7,13,65,65,07/10/2024 13:00
2024,10,7,14,75.8,75.8,07/10/2024 14:00
2024,10,7,15,73,73,07/10/2024 15:00
2024,10,7,16,60,60,07/10/2024 16:00
2024,10,7,17,74.3,74.3,07/10/2024 17:00
2024,10,7,18,86.44,86.44,07/10/2024 18:00
2024,10,7,19,102.28,102.28,07/10/2024 19:00
2024,10,7,20,118.64,118.64,07/10/2024 20:00
2024,10,7,21,125,125,07/10/2024 21:00
2024,10,7,22,125,125,07/10/2024 22:00
2024,10,7,23,121.61,121.61,07/10/2024 23:00
2024,10,7,24,120.59,120.59,08/10/2024 0:00
2024,10,8,1,121.79,121.79,08/10/2024 1:00
2024,10,8,2,119.01,119.01,08/10/2024 2:00
2024,10,8,3,115.6,115.6,08/10/2024 3:00
2024,10,8,4,120.31,120.31,08/10/2024 4:00
2024,10,8,5,115.6,115.6,08/10/2024 5:00
2024,10,8,6,115.6,115.6,08/10/2024 6:00
2024,10,8,7,115.6,115.6,08/10/2024 7:00
2024,10,8,8,118.75,118.75,08/10/2024 8:00
2024,10,8,9,115.6,115.6,08/10/2024 9:00
2024,10,8,10,102.71,102.71,08/10/2024 10:00
2024,10,8,11,85.95,85.95,08/10/2024 11:00
2024,10,8,12,75.7,75.7,08/10/2024 12:00
2024,10,8,13,69.51,69.51,08/10/2024 13:00
2024,10,8,14,55.14,55.14,08/10/2024 14:00
2024,10,8,15,54.59,54.59,08/10/2024 15:00
2024,10,8,16,70.8,70.8,08/10/2024 16:00
2024,10,8,17,79.86,79.86,08/10/2024 17:00
2024,10,8,18,87,87,08/10/2024 18:00
2024,10,8,19,116.69,116.69,08/10/2024 19:00
2024,10,8,20,139.01,139.01,08/10/2024 20:00
2024,10,8,21,131.85,131.85,08/10/2024 21:00
2024,10,8,22,129.82,129.82,08/10/2024 22:00
2024,10,8,23,126.24,126.24,08/10/2024 23:00
2024,10,8,24,118.85,118.85,09/10/2024 0:00
2024,10,9,1,125.48,125.48,09/10/2024 1:00
2024,10,9,2,125,125,09/10/2024 2:00
2024,10,9,3,120.76,120.76,09/10/2024 3:00
2024,10,9,4,120.76,120.76,09/10/2024 4:00
2024,10,9,5,120.76,120.76,09/10/2024 5:00
2024,10,9,6,121.01,121.01,09/10/2024 6:00
2024,10,9,7,125.48,125.48,09/10/2024 7:00
2024,10,9,8,131.03,131.03,09/10/2024 8:00
2024,10,9,9,134.74,134.74,09/10/2024 9:00
2024,10,9,10,125.48,125.48,09/10/2024 10:00
2024,10,9,11,111.78,111.78,09/10/2024 11:00
2024,10,9,12,105.38,105.38,09/10/2024 12:00
2024,10,9,13,99.33,99.33,09/10/2024 13:00
2024,10,9,14,93.02,93.02,09/10/2024 14:00
2024,10,9,15,93.02,93.02,09/10/2024 15:00
2024,10,9,16,93,93,09/10/2024 16:00
2024,10,9,17,103.68,103.68,09/10/2024 17:00
2024,10,9,18,109.85,109.85,09/10/2024 18:00
2024,10,9,19,129.71,129.71,09/10/2024 19:00
2024,10,9,20,143.32,143.32,09/10/2024 20:00
2024,10,9,21,184.5,184.5,09/10/2024 21:00
2024,10,9,22,134.75,134.75,09/10/2024 22:00
2024,10,9,23,129.71,129.71,09/10/2024 23:00
2024,10,9,24,121.5,121.5,10/10/2024 0:00
2024,10,10,1,129.91,129.91,10/10/2024 1:00
2024,10,10,2,125,125,10/10/2024 2:00
2024,10,10,3,124.6,124.6,10/10/2024 3:00
2024,10,10,4,124.29,124.29,10/10/2024 4:00
2024,10,10,5,124.29,124.29,10/10/2024 5:00
2024,10,10,6,124.8,124.8,10/10/2024 6:00
2024,10,10,7,125.68,125.68,10/10/2024 7:00
2024,10,10,8,148.74,151.1,10/10/2024 8:00
2024,10,10,9,157.32,159.48,10/10/2024 9:00
2024,10,10,10,139.14,139.14,10/10/2024 10:00
2024,10,10,11,121.74,121.74,10/10/2024 11:00
2024,10,10,12,105.45,105.45,10/10/2024 12:00
2024,10,10,13,100.05,100.05,10/10/2024 13:00
2024,10,10,14,100.05,100.05,10/10/2024 14:00
2024,10,10,15,100,100,10/10/2024 15:00
2024,10,10,16,99.25,99.25,10/10/2024 16:00
2024,10,10,17,100.25,100.25,10/10/2024 17:00
2024,10,10,18,114.13,114.13,10/10/2024 18:00
2024,10,10,19,129.98,129.98,10/10/2024 19:00
2024,10,10,20,143.21,143.21,10/10/2024 20:00
2024,10,10,21,157.32,157.32,10/10/2024 21:00
2024,10,10,22,149.55,149.55,10/10/2024 22:00
2024,10,10,23,135,135,10/10/2024 23:00
2024,10,10,24,125.08,125.08,11/10/2024 0:00
2024,10,11,1,132.12,132.12,11/10/2024 1:00
2024,10,11,2,131.11,131.11,11/10/2024 2:00
2024,10,11,3,130.4,130.4,11/10/2024 3:00
2024,10,11,4,130.4,130.4,11/10/2024 4:00
2024,10,11,5,131.11,131.11,11/10/2024 5:00
2024,10,11,6,130.4,130.4,11/10/2024 6:00
2024,10,11,7,130.4,130.4,11/10/2024 7:00
2024,10,11,8,137.74,137.74,11/10/2024 8:00
2024,10,11,9,142.42,142.42,11/10/2024 9:00
2024,10,11,10,136.15,136.15,11/10/2024 10:00
2024,10,11,11,106.48,106.48,11/10/2024 11:00
2024,10,11,12,96.48,96.48,11/10/2024 12:00
2024,10,11,13,95,95,11/10/2024 13:00
2024,10,11,14,96.09,96.09,11/10/2024 14:00
2024,10,11,15,93,93,11/10/2024 15:00
2024,10,11,16,90,90,11/10/2024 16:00
2024,10,11,17,94,94,11/10/2024 17:00
2024,10,11,18,106.3,106.3,11/10/2024 18:00
2024,10,11,19,132.12,132.12,11/10/2024 19:00
2024,10,11,20,142.24,142.24,11/10/2024 20:00
2024,10,11,21,158.28,158.28,11/10/2024 21:00
2024,10,11,22,148,148,11/10/2024 22:00
2024,10,11,23,139.67,139.67,11/10/2024 23:00
2024,10,11,24,136.15,136.15,12/10/2024 0:00
2024,10,12,1,133.74,133.74,12/10/2024 1:00
2024,10,12,2,133.19,133.19,12/10/2024 2:00
2024,10,12,3,131.12,131.12,12/10/2024 3:00
2024,10,12,4,131.12,131.12,12/10/2024 4:00
2024,10,12,5,129.82,129.82,12/10/2024 5:00
2024,10,12,6,129.4,129.4,12/10/2024 6:00
2024,10,12,7,128.56,128.56,12/10/2024 7:00
2024,10,12,8,134.24,134.24,12/10/2024 8:00
2024,10,12,9,137.46,137.46,12/10/2024 9:00
2024,10,12,10,137.34,137.34,12/10/2024 10:00
2024,10,12,11,127.15,127.15,12/10/2024 11:00
2024,10,12,12,96,96,12/10/2024 12:00
2024,10,12,13,91.5,91.5,12/10/2024 13:00
2024,10,12,14,91.5,91.5,12/10/2024 14:00
2024,10,12,15,90.74,90.74,12/10/2024 15:00
2024,10,12,16,88.23,88.23,12/10/2024 16:00
2024,10,12,17,89.87,88.25,12/10/2024 17:00
2024,10,12,18,96,96,12/10/2024 18:00
2024,10,12,19,132.34,132.34,12/10/2024 19:00
2024,10,12,20,140.2,140.2,12/10/2024 20:00
2024,10,12,21,152.03,152.03,12/10/2024 21:00
2024,10,12,22,139.52,139.52,12/10/2024 22:00
2024,10,12,23,137.34,137.34,12/10/2024 23:00
2024,10,12,24,130,130,13/10/2024 0:00
2024,10,13,1,130.22,130.22,13/10/2024 1:00
2024,10,13,2,127.91,127.91,13/10/2024 2:00
2024,10,13,3,121.9,121.9,13/10/2024 3:00
2024,10,13,4,105.49,105.49,13/10/2024 4:00
2024,10,13,5,103,103,13/10/2024 5:00
2024,10,13,6,106,106,13/10/2024 6:00
2024,10,13,7,128.06,128.06,13/10/2024 7:00
2024,10,13,8,135.15,135.15,13/10/2024 8:00
2024,10,13,9,143,143,13/10/2024 9:00
2024,10,13,10,133.19,133.19,13/10/2024 10:00
2024,10,13,11,115.25,115.25,13/10/2024 11:00
2024,10,13,12,94.32,94.32,13/10/2024 12:00
2024,10,13,13,93.99,93.99,13/10/2024 13:00
2024,10,13,14,91.25,91.25,13/10/2024 14:00
2024,10,13,15,90.25,90.25,13/10/2024 15:00
2024,10,13,16,90,90,13/10/2024 16:00
2024,10,13,17,93.74,93.74,13/10/2024 17:00
2024,10,13,18,125.01,125.01,13/10/2024 18:00
2024,10,13,19,130.22,130.22,13/10/2024 19:00
2024,10,13,20,139.05,139.05,13/10/2024 20:00
2024,10,13,21,142.71,142.71,13/10/2024 21:00
2024,10,13,22,140.32,140.32,13/10/2024 22:00
2024,10,13,23,135.15,135.15,13/10/2024 23:00
2024,10,13,24,132.13,132.13,14/10/2024 0:00
2024,10,14,1,140.02,140.02,14/10/2024 1:00
2024,10,14,2,139.41,139.41,14/10/2024 2:00
2024,10,14,3,139.15,139.15,14/10/2024 3:00
2024,10,14,4,138.98,138.98,14/10/2024 4:00
2024,10,14,5,137.77,137.77,14/10/2024 5:00
2024,10,14,6,136.6,136.6,14/10/2024 6:00
2024,10,14,7,136.8,136.8,14/10/2024 7:00
2024,10,14,8,134.4,134.4,14/10/2024 8:00
2024,10,14,9,136.08,136.08,14/10/2024 9:00
2024,10,14,10,137.01,137.01,14/10/2024 10:00
2024,10,14,11,135.93,135.93,14/10/2024 11:00
2024,10,14,12,139.4,139.4,14/10/2024 12:00
2024,10,14,13,138.98,138.98,14/10/2024 13:00
2024,10,14,14,138.15,138.15,14/10/2024 14:00
2024,10,14,15,130.5,130.5,14/10/2024 15:00
2024,10,14,16,112.42,112.42,14/10/2024 16:00
2024,10,14,17,108.57,108.57,14/10/2024 17:00
2024,10,14,18,120,120,14/10/2024 18:00
2024,10,14,19,139.4,139.4,14/10/2024 19:00
2024,10,14,20,142.22,142.22,14/10/2024 20:00
2024,10,14,21,143.09,143.09,14/10/2024 21:00
2024,10,14,22,140.21,140.21,14/10/2024 22:00
2024,10,14,23,138.98,138.98,14/10/2024 23:00
2024,10,14,24,139.15,139.15,15/10/2024 0:00
2024,10,15,1,139.68,139.68,15/10/2024 1:00
2024,10,15,2,139.24,139.24,15/10/2024 2:00
2024,10,15,3,137.1,137.1,15/10/2024 3:00
2024,10,15,4,135,135,15/10/2024 4:00
2024,10,15,5,135,135,15/10/2024 5:00
2024,10,15,6,138.96,138.96,15/10/2024 6:00
2024,10,15,7,139.24,139.24,15/10/2024 7:00
2024,10,15,8,140.21,140.21,15/10/2024 8:00
2024,10,15,9,142.12,142.12,15/10/2024 9:00
2024,10,15,10,140.83,140.83,15/10/2024 10:00
2024,10,15,11,111.62,111.62,15/10/2024 11:00
2024,10,15,12,98.99,98.99,15/10/2024 12:00
2024,10,15,13,98.99,98.99,15/10/2024 13:00
2024,10,15,14,103.32,103.32,15/10/2024 14:00
2024,10,15,15,103.32,103.32,15/10/2024 15:00
2024,10,15,16,98,98,15/10/2024 16:00
2024,10,15,17,98.99,98.99,15/10/2024 17:00
2024,10,15,18,139.04,139.04,15/10/2024 18:00
2024,10,15,19,146.75,146.75,15/10/2024 19:00
2024,10,15,20,155.91,155.91,15/10/2024 20:00
2024,10,15,21,162.34,162.34,15/10/2024 21:00
2024,10,15,22,163.42,163.42,15/10/2024 22:00
2024,10,15,23,154.71,154.71,15/10/2024 23:00
2024,10,15,24,149.67,149.67,16/10/2024 0:00
2024,10,16,1,140.02,140.02,16/10/2024 1:00
2024,10,16,2,137.2,137.2,16/10/2024 2:00
2024,10,16,3,123.64,123.64,16/10/2024 3:00
2024,10,16,4,112.29,112.29,16/10/2024 4:00
2024,10,16,5,110.24,110.24,16/10/2024 5:00
2024,10,16,6,111,111,16/10/2024 6:00
2024,10,16,7,139.56,139.56,16/10/2024 7:00
2024,10,16,8,159.37,159.37,16/10/2024 8:00
2024,10,16,9,175.12,175.12,16/10/2024 9:00
2024,10,16,10,156.57,156.57,16/10/2024 10:00
2024,10,16,11,141.95,141.95,16/10/2024 11:00
2024,10,16,12,140.02,140.02,16/10/2024 12:00
2024,10,16,13,136.23,136.23,16/10/2024 13:00
2024,10,16,14,135,135,16/10/2024 14:00
2024,10,16,15,127,127,16/10/2024 15:00
2024,10,16,16,118.26,118.26,16/10/2024 16:00
2024,10,16,17,138.96,138.96,16/10/2024 17:00
2024,10,16,18,145.94,145.94,16/10/2024 18:00
2024,10,16,19,155,155,16/10/2024 19:00
2024,10,16,20,155.65,220,16/10/2024 20:00
2024,10,16,21,154.19,161.75,16/10/2024 21:00
2024,10,16,22,145.54,145.54,16/10/2024 22:00
2024,10,16,23,135.2,135.2,16/10/2024 23:00
2024,10,16,24,119.22,119.22,17/10/2024 0:00
2024,10,17,1,127.58,127.58,17/10/2024 1:00
2024,10,17,2,114.04,114.04,17/10/2024 2:00
2024,10,17,3,108.22,108.22,17/10/2024 3:00
2024,10,17,4,96.3,96.3,17/10/2024 4:00
2024,10,17,5,93.2,93.2,17/10/2024 5:00
2024,10,17,6,95.32,95.32,17/10/2024 6:00
2024,10,17,7,114,114,17/10/2024 7:00
2024,10,17,8,133.81,138.87,17/10/2024 8:00
2024,10,17,9,139.5,144.76,17/10/2024 9:00
2024,10,17,10,139.11,139.11,17/10/2024 10:00
2024,10,17,11,130,130,17/10/2024 11:00
2024,10,17,12,113.94,113.94,17/10/2024 12:00
2024,10,17,13,96.26,96.26,17/10/2024 13:00
2024,10,17,14,94.25,94.25,17/10/2024 14:00
2024,10,17,15,90.45,90.45,17/10/2024 15:00
2024,10,17,16,90,90,17/10/2024 16:00
2024,10,17,17,90,90,17/10/2024 17:00
2024,10,17,18,91.8,91.8,17/10/2024 18:00
2024,10,17,19,106.01,106.01,17/10/2024 19:00
2024,10,17,20,114.28,114.28,17/10/2024 20:00
2024,10,17,21,128.24,128.24,17/10/2024 21:00
2024,10,17,22,103.99,103.99,17/10/2024 22:00
2024,10,17,23,92.1,92.1,17/10/2024 23:00
2024,10,17,24,84.78,84.78,18/10/2024 0:00
2024,10,18,1,61.37,61.37,18/10/2024 1:00
2024,10,18,2,38,38,18/10/2024 2:00
2024,10,18,3,27.01,27.01,18/10/2024 3:00
2024,10,18,4,10,10,18/10/2024 4:00
2024,10,18,5,5,5,18/10/2024 5:00
2024,10,18,6,13.23,10.01,18/10/2024 6:00
2024,10,18,7,49.18,49.18,18/10/2024 7:00
2024,10,18,8,75.32,75.32,18/10/2024 8:00
2024,10,18,9,98.74,98.74,18/10/2024 9:00
2024,10,18,10,95.27,95.27,18/10/2024 10:00
2024,10,18,11,87,87,18/10/2024 11:00
2024,10,18,12,71.67,71.67,18/10/2024 12:00
2024,10,18,13,62.26,62.26,18/10/2024 13:00
2024,10,18,14,60.57,60.57,18/10/2024 14:00
2024,10,18,15,50,50,18/10/2024 15:00
2024,10,18,16,45.55,45.55,18/10/2024 16:00
2024,10,18,17,46.97,46.97,18/10/2024 17:00
2024,10,18,18,61.37,61.37,18/10/2024 18:00
2024,10,18,19,83.99,83.99,18/10/2024 19:00
2024,10,18,20,102.56,102.56,18/10/2024 20:00
2024,10,18,21,101.3,101.3,18/10/2024 21:00
2024,10,18,22,88.87,88.87,18/10/2024 22:00
2024,10,18,23,70,70,18/10/2024 23:00
2024,10,18,24,55.77,55.77,19/10/2024 0:00
2024,10,19,1,22.93,22.93,19/10/2024 1:00
2024,10,19,2,4.3,4.3,19/10/2024 2:00
2024,10,19,3,4.3,4.3,19/10/2024 3:00
2024,10,19,4,4.3,4.3,19/10/2024 4:00
2024,10,19,5,4.3,4.3,19/10/2024 5:00
2024,10,19,6,6.5,6.5,19/10/2024 6:00
2024,10,19,7,53.25,53.25,19/10/2024 7:00
2024,10,19,8,75,75,19/10/2024 8:00
2024,10,19,9,92.25,92.25,19/10/2024 9:00
2024,10,19,10,95,95,19/10/2024 10:00
2024,10,19,11,93.97,93.97,19/10/2024 11:00
2024,10,19,12,93.97,93.97,19/10/2024 12:00
2024,10,19,13,95.51,95.51,19/10/2024 13:00
2024,10,19,14,95.51,95.51,19/10/2024 14:00
2024,10,19,15,93.97,93.97,19/10/2024 15:00
2024,10,19,16,93.97,93.97,19/10/2024 16:00
2024,10,19,17,94.86,94.86,19/10/2024 17:00
2024,10,19,18,93.97,93.97,19/10/2024 18:00
2024,10,19,19,91.02,91.02,19/10/2024 19:00
2024,10,19,20,91.02,91.02,19/10/2024 20:00
2024,10,19,21,95.72,95.72,19/10/2024 21:00
2024,10,19,22,93.97,93.97,19/10/2024 22:00
2024,10,19,23,75,75,19/10/2024 23:00
2024,10,19,24,62.75,62.75,20/10/2024 0:00
2024,10,20,1,37.42,37.42,20/10/2024 1:00
2024,10,20,2,5,5,20/10/2024 2:00
2024,10,20,3,4.3,4.3,20/10/2024 3:00
2024,10,20,4,4.3,4.3,20/10/2024 4:00
2024,10,20,5,4.3,4.3,20/10/2024 5:00
2024,10,20,6,4.3,4.3,20/10/2024 6:00
2024,10,20,7,4.3,4.3,20/10/2024 7:00
2024,10,20,8,27.26,27.26,20/10/2024 8:00
2024,10,20,9,39.77,39.77,20/10/2024 9:00
2024,10,20,10,36.18,36.18,20/10/2024 10:00
2024,10,20,11,5,5,20/10/2024 11:00
2024,10,20,12,4.3,4.3,20/10/2024 12:00
2024,10,20,13,4.3,4.3,20/10/2024 13:00
2024,10,20,14,4.3,4.3,20/10/2024 14:00
2024,10,20,15,1.68,1.68,20/10/2024 15:00
2024,10,20,16,1.64,1.64,20/10/2024 16:00
2024,10,20,17,3,3,20/10/2024 17:00
2024,10,20,18,4.3,4.3,20/10/2024 18:00
2024,10,20,19,30,30,20/10/2024 19:00
2024,10,20,20,52.67,52.67,20/10/2024 20:00
2024,10,20,21,74.99,74.99,20/10/2024 21:00
2024,10,20,22,74.2,74.2,20/10/2024 22:00
2024,10,20,23,70.27,70.27,20/10/2024 23:00
2024,10,20,24,57.15,57.15,21/10/2024 0:00
2024,10,21,1,53.1,53.1,21/10/2024 1:00
2024,10,21,2,37.27,37.27,21/10/2024 2:00
2024,10,21,3,39.74,39.74,21/10/2024 3:00
2024,10,21,4,25,25,21/10/2024 4:00
2024,10,21,5,16.35,16.35,21/10/2024 5:00
2024,10,21,6,16.35,16.35,21/10/2024 6:00
2024,10,21,7,29.63,29.63,21/10/2024 7:00
2024,10,21,8,51.6,51.6,21/10/2024 8:00
2024,10,21,9,55,55,21/10/2024 9:00
2024,10,21,10,56.7,56.7,21/10/2024 10:00
2024,10,21,11,44.83,44.83,21/10/2024 11:00
2024,10,21,12,31.1,31.1,21/10/2024 12:00
2024,10,21,13,20.8,20.8,21/10/2024 13:00
2024,10,21,14,10,10,21/10/2024 14:00
2024,10,21,15,13.21,13.21,21/10/2024 15:00
2024,10,21,16,17.05,17.05,21/10/2024 16:00
2024,10,21,17,17.75,17.75,21/10/2024 17:00
2024,10,21,18,50.09,50.09,21/10/2024 18:00
2024,10,21,19,89.47,89.47,21/10/2024 19:00
2024,10,21,20,139.98,139.98,21/10/2024 20:00
2024,10,21,21,200,200,21/10/2024 21:00
2024,10,21,22,180.01,180.01,21/10/2024 22:00
2024,10,21,23,142.89,142.89,21/10/2024 23:00
2024,10,21,24,131.86,131.86,22/10/2024 0:00
2024,10,22,1,130,130,22/10/2024 1:00
2024,10,22,2,115.04,115.04,22/10/2024 2:00
2024,10,22,3,113.93,113.93,22/10/2024 3:00
2024,10,22,4,112.67,112.67,22/10/2024 4:00
2024,10,22,5,111.26,111.26,22/10/2024 5:00
2024,10,22,6,106.05,106.05,22/10/2024 6:00
2024,10,22,7,101.64,101.64,22/10/2024 7:00
2024,10,22,8,91.6,91.6,22/10/2024 8:00
2024,10,22,9,86.16,86.16,22/10/2024 9:00
2024,10,22,10,80,80,22/10/2024 10:00
2024,10,22,11,68.55,68.55,22/10/2024 11:00
2024,10,22,12,58.99,58.99,22/10/2024 12:00
2024,10,22,13,52.6,52.6,22/10/2024 13:00
2024,10,22,14,51.6,51.6,22/10/2024 14:00
2024,10,22,15,46.2,46.2,22/10/2024 15:00
2024,10,22,16,52.4,52.4,22/10/2024 16:00
2024,10,22,17,68.55,68.55,22/10/2024 17:00
2024,10,22,18,75,75,22/10/2024 18:00
2024,10,22,19,85,85,22/10/2024 19:00
2024,10,22,20,98.25,98.25,22/10/2024 20:00
2024,10,22,21,111.9,111.9,22/10/2024 21:00
2024,10,22,22,105.1,105.1,22/10/2024 22:00
2024,10,22,23,90.01,90.01,22/10/2024 23:00
2024,10,22,24,75,75,23/10/2024 0:00
2024,10,23,1,104.31,104.31,23/10/2024 1:00
2024,10,23,2,100.44,100.44,23/10/2024 2:00
2024,10,23,3,101.28,101.28,23/10/2024 3:00
2024,10,23,4,99.27,99.27,23/10/2024 4:00
2024,10,23,5,96.9,96.9,23/10/2024 5:00
2024,10,23,6,100.68,100.68,23/10/2024 6:00
2024,10,23,7,104.31,104.31,23/10/2024 7:00
2024,10,23,8,136.81,136.81,23/10/2024 8:00
2024,10,23,9,157.47,157.47,23/10/2024 9:00
2024,10,23,10,150.46,150.46,23/10/2024 10:00
2024,10,23,11,128.07,128.07,23/10/2024 11:00
2024,10,23,12,109.03,109.03,23/10/2024 12:00
2024,10,23,13,103.2,103.2,23/10/2024 13:00
2024,10,23,14,103.22,103.22,23/10/2024 14:00
2024,10,23,15,107,107,23/10/2024 15:00
2024,10,23,16,111.12,111.12,23/10/2024 16:00
2024,10,23,17,114.8,114.8,23/10/2024 17:00
2024,10,23,18,126.87,126.87,23/10/2024 18:00
2024,10,23,19,136.51,136.51,23/10/2024 19:00
2024,10,23,20,157.91,157.91,23/10/2024 20:00
2024,10,23,21,215.02,215.02,23/10/2024 21:00
2024,10,23,22,165,165,23/10/2024 22:00
2024,10,23,23,125.25,125.25,23/10/2024 23:00
2024,10,23,24,123.96,123.96,24/10/2024 0:00
2024,10,24,1,127.05,127.05,24/10/2024 1:00
2024,10,24,2,124.53,124.53,24/10/2024 2:00
2024,10,24,3,119.31,119.31,24/10/2024 3:00
2024,10,24,4,110.02,110.02,24/10/2024 4:00
2024,10,24,5,105.01,105.01,24/10/2024 5:00
2024,10,24,6,100.19,100.19,24/10/2024 6:00
2024,10,24,7,110.02,110.02,24/10/2024 7:00
2024,10,24,8,122.96,122.96,24/10/2024 8:00
2024,10,24,9,132.13,132.13,24/10/2024 9:00
2024,10,24,10,125.79,125.79,24/10/2024 10:00
2024,10,24,11,109,109,24/10/2024 11:00
2024,10,24,12,79.52,79.52,24/10/2024 12:00
2024,10,24,13,73.09,73.09,24/10/2024 13:00
2024,10,24,14,65.1,65.1,24/10/2024 14:00
2024,10,24,15,64.95,64.95,24/10/2024 15:00
2024,10,24,16,65.8,65.8,24/10/2024 16:00
2024,10,24,17,77.05,77.05,24/10/2024 17:00
2024,10,24,18,94.6,94.6,24/10/2024 18:00
2024,10,24,19,109.5,109.5,24/10/2024 19:00
2024,10,24,20,124.35,124.35,24/10/2024 20:00
2024,10,24,21,128.46,128.46,24/10/2024 21:00
2024,10,24,22,119.31,119.31,24/10/2024 22:00
2024,10,24,23,114.1,114.1,24/10/2024 23:00
2024,10,24,24,98.37,98.37,25/10/2024 0:00
2024,10,25,1,70.75,70.75,25/10/2024 1:00
2024,10,25,2,64.75,64.75,25/10/2024 2:00
2024,10,25,3,62.65,62.65,25/10/2024 3:00
2024,10,25,4,61.42,61.42,25/10/2024 4:00
2024,10,25,5,45.59,45.59,25/10/2024 5:00
2024,10,25,6,59.75,59.75,25/10/2024 6:00
2024,10,25,7,65.1,65.1,25/10/2024 7:00
2024,10,25,8,88.59,88.59,25/10/2024 8:00
2024,10,25,9,104.25,104.25,25/10/2024 9:00
2024,10,25,10,95,95,25/10/2024 10:00
2024,10,25,11,70.75,70.75,25/10/2024 11:00
2024,10,25,12,62.65,62.65,25/10/2024 12:00
2024,10,25,13,45.48,45.48,25/10/2024 13:00
2024,10,25,14,35,35,25/10/2024 14:00
2024,10,25,15,20,20,25/10/2024 15:00
2024,10,25,16,17.45,17.45,25/10/2024 16:00
2024,10,25,17,37.77,37.77,25/10/2024 17:00
2024,10,25,18,64.75,64.75,25/10/2024 18:00
2024,10,25,19,85,85,25/10/2024 19:00
2024,10,25,20,97.56,97.56,25/10/2024 20:00
2024,10,25,21,109.68,109.68,25/10/2024 21:00
2024,10,25,22,105.97,105.97,25/10/2024 22:00
2024,10,25,23,92.7,92.7,25/10/2024 23:00
2024,10,25,24,86.4,86.4,26/10/2024 0:00
2024,10,26,1,51.4,51.4,26/10/2024 1:00
2024,10,26,2,40.55,40.55,26/10/2024 2:00
2024,10,26,3,35.45,35.45,26/10/2024 3:00
2024,10,26,4,35.45,35.45,26/10/2024 4:00
2024,10,26,5,34.75,34.75,26/10/2024 5:00
2024,10,26,6,35.45,35.45,26/10/2024 6:00
2024,10,26,7,54.4,54.4,26/10/2024 7:00
2024,10,26,8,72.4,72.4,26/10/2024 8:00
2024,10,26,9,78.25,78.25,26/10/2024 9:00
2024,10,26,10,78,78,26/10/2024 10:00
2024,10,26,11,73.01,73.01,26/10/2024 11:00
2024,10,26,12,54.93,54.93,26/10/2024 12:00
2024,10,26,13,45,45,26/10/2024 13:00
2024,10,26,14,35.75,35.75,26/10/2024 14:00
2024,10,26,15,32.65,32.65,26/10/2024 15:00
2024,10,26,16,21.95,21.95,26/10/2024 16:00
2024,10,26,17,33.35,33.35,26/10/2024 17:00
2024,10,26,18,40.55,40.55,26/10/2024 18:00
2024,10,26,19,54.6,54.6,26/10/2024 19:00
2024,10,26,20,55.1,55.1,26/10/2024 20:00
2024,10,26,21,76.9,76.9,26/10/2024 21:00
2024,10,26,22,75,75,26/10/2024 22:00
2024,10,26,23,72.4,72.4,26/10/2024 23:00
2024,10,26,24,55.2,55.2,27/10/2024 0:00
2024,10,27,1,22.93,22.93,27/10/2024 1:00
2024,10,27,2,11.97,11.97,27/10/2024 2:00
2024,10,27,3,4.3,4.3,27/10/2024 3:00
2024,10,27,4,4.3,4.3,27/10/2024 4:00
2024,10,27,5,4.3,4.3,27/10/2024 5:00
2024,10,27,6,4.3,4.3,27/10/2024 6:00
2024,10,27,7,25.65,25.65,27/10/2024 7:00
2024,10,27,8,42.78,42.78,27/10/2024 8:00
2024,10,27,9,51.17,51.17,27/10/2024 9:00
2024,10,27,10,45.1,45.1,27/10/2024 10:00
2024,10,27,11,28.45,28.45,27/10/2024 11:00
2024,10,27,12,4.3,4.3,27/10/2024 12:00
2024,10,27,13,4.3,4.3,27/10/2024 13:00
2024,10,27,14,4.3,4.3,27/10/2024 14:00
2024,10,27,15,4.3,4.3,27/10/2024 15:00
2024,10,27,16,4.3,4.3,27/10/2024 16:00
2024,10,27,17,4.3,4.3,27/10/2024 17:00
2024,10,27,18,14,14,27/10/2024 18:00
2024,10,27,19,44.6,44.6,27/10/2024 19:00
2024,10,27,20,62.83,62.83,27/10/2024 20:00
2024,10,27,21,92.49,92.49,27/10/2024 21:00
2024,10,27,22,69.7,69.7,27/10/2024 22:00
2024,10,27,23,53.25,53.25,27/10/2024 23:00
2024,10,27,24,45.1,45.1,28/10/2024 0:00
2024,10,28,1,15.07,15.07,28/10/2024 1:00
2024,10,28,2,4.55,4.55,28/10/2024 2:00
2024,10,28,3,4.3,4.3,28/10/2024 3:00
2024,10,28,4,4.3,4.3,28/10/2024 4:00
2024,10,28,5,4.3,4.3,28/10/2024 5:00
2024,10,28,6,4.3,4.3,28/10/2024 6:00
2024,10,28,7,4.3,4.3,28/10/2024 7:00
2024,10,28,8,4.3,4.3,28/10/2024 8:00
2024,10,28,9,6.04,6.04,28/10/2024 9:00
2024,10,28,10,6.04,6.04,28/10/2024 10:00
2024,10,28,11,4.3,4.3,28/10/2024 11:00
2024,10,28,12,2.8,2.8,28/10/2024 12:00
2024,10,28,13,1.62,1.62,28/10/2024 13:00
2024,10,28,14,1.34,1.34,28/10/2024 14:00
2024,10,28,15,0,0,28/10/2024 15:00
2024,10,28,16,0,0,28/10/2024 16:00
2024,10,28,17,0,0,28/10/2024 17:00
2024,10,28,18,1.62,1.62,28/10/2024 18:00
2024,10,28,19,4.3,4.3,28/10/2024 19:00
2024,10,28,20,19.17,19.17,28/10/2024 20:00
2024,10,28,21,23.55,23.55,28/10/2024 21:00
2024,10,28,22,20.25,20.25,28/10/2024 22:00
2024,10,28,23,14,14,28/10/2024 23:00
2024,10,28,24,4.3,4.3,29/10/2024 0:00
2024,10,29,1,4.3,4.3,29/10/2024 1:00
2024,10,29,2,1.38,1.38,29/10/2024 2:00
2024,10,29,3,0.02,0.02,29/10/2024 3:00
2024,10,29,4,0,0,29/10/2024 4:00
2024,10,29,5,0,0,29/10/2024 5:00
2024,10,29,6,0,0,29/10/2024 6:00
2024,10,29,7,0,0,29/10/2024 7:00
2024,10,29,8,0.05,0.05,29/10/2024 8:00
2024,10,29,9,0.69,0.69,29/10/2024 9:00
2024,10,29,10,0.91,0.91,29/10/2024 10:00
2024,10,29,11,0.86,0.86,29/10/2024 11:00
2024,10,29,12,0.6,0.6,29/10/2024 12:00
2024,10,29,13,0.66,0.66,29/10/2024 13:00
2024,10,29,14,0.96,0.96,29/10/2024 14:00
2024,10,29,15,1.42,1.42,29/10/2024 15:00
2024,10,29,16,2.8,2.8,29/10/2024 16:00
2024,10,29,17,3.5,3.5,29/10/2024 17:00
2024,10,29,18,4.3,4.3,29/10/2024 18:00
2024,10,29,19,15.1,15.1,29/10/2024 19:00
2024,10,29,20,27,27,29/10/2024 20:00
2024,10,29,21,64.21,64.21,29/10/2024 21:00
2024,10,29,22,63.81,63.81,29/10/2024 22:00
2024,10,29,23,50,56.21,29/10/2024 23:00
2024,10,29,24,30.4,30.4,30/10/2024 0:00
2024,10,30,1,8,8,30/10/2024 1:00
2024,10,30,2,8.2,8.2,30/10/2024 2:00
2024,10,30,3,7.57,7.57,30/10/2024 3:00
2024,10,30,4,5.2,5.2,30/10/2024 4:00
2024,10,30,5,5,5,30/10/2024 5:00
2024,10,30,6,7.54,7.54,30/10/2024 6:00
2024,10,30,7,32.62,32.62,30/10/2024 7:00
2024,10,30,8,80,80,30/10/2024 8:00
2024,10,30,9,90,90,30/10/2024 9:00
2024,10,30,10,39.8,39.8,30/10/2024 10:00
2024,10,30,11,34.24,34.24,30/10/2024 11:00
2024,10,30,12,19.17,19.17,30/10/2024 12:00
2024,10,30,13,7.24,7.24,30/10/2024 13:00
2024,10,30,14,5,5,30/10/2024 14:00
2024,10,30,15,4.3,4.3,30/10/2024 15:00
2024,10,30,16,4.3,4.3,30/10/2024 16:00
2024,10,30,17,5.17,5.17,30/10/2024 17:00
2024,10,30,18,35.29,35.29,30/10/2024 18:00
2024,10,30,19,63.15,63.15,30/10/2024 19:00
2024,10,30,20,87,87,30/10/2024 20:00
2024,10,30,21,96.81,96.81,30/10/2024 21:00
2024,10,30,22,94.75,94.75,30/10/2024 22:00
2024,10,30,23,63.15,63.15,30/10/2024 23:00
2024,10,30,24,36.4,36.4,31/10/2024 0:00
2024,10,31,1,61.6,61.6,31/10/2024 1:00
2024,10,31,2,60,60,31/10/2024 2:00
2024,10,31,3,64,64,31/10/2024 3:00
2024,10,31,4,64.8,64.8,31/10/2024 4:00
2024,10,31,5,65.5,65.5,31/10/2024 5:00
2024,10,31,6,75.26,75.26,31/10/2024 6:00
2024,10,31,7,94.8,94.8,31/10/2024 7:00
2024,10,31,8,101.94,114.2,31/10/2024 8:00
2024,10,31,9,129.47,129.47,31/10/2024 9:00
2024,10,31,10,115.01,115.01,31/10/2024 10:00
2024,10,31,11,105.24,105.24,31/10/2024 11:00
2024,10,31,12,104.5,104.5,31/10/2024 12:00
2024,10,31,13,102.64,102.64,31/10/2024 13:00
2024,10,31,14,101.94,101.94,31/10/2024 14:00
2024,10,31,15,109.92,109.92,31/10/2024 15:00
2024,10,31,16,119.07,119.07,31/10/2024 16:00
2024,10,31,17,125.48,135.11,31/10/2024 17:00
2024,10,31,18,125.48,161.81,31/10/2024 18:00
2024,10,31,19,115,172.04,31/10/2024 19:00
2024,10,31,20,104.69,152.92,31/10/2024 20:00
2024,10,31,21,98.24,125.88,31/10/2024 21:00
2024,10,31,22,96,115.92,31/10/2024 22:00
2024,10,31,23,95,95,31/10/2024 23:00
2024,10,31,24,71.56,71.56,01/11/2024 0:00
2024,11,1,1,16.75,16.75,01/11/2024 1:00
2024,11,1,2,12.52,12.52,01/11/2024 2:00
2024,11,1,3,4.99,4.99,01/11/2024 3:00
2024,11,1,4,4.3,4.3,01/11/2024 4:00
2024,11,1,5,4.3,4.3,01/11/2024 5:00
2024,11,1,6,4.3,4.3,01/11/2024 6:00
2024,11,1,7,4.3,4.3,01/11/2024 7:00
2024,11,1,8,4.3,4.3,01/11/2024 8:00
2024,11,1,9,4.3,4.3,01/11/2024 9:00
2024,11,1,10,3.1,3.1,01/11/2024 10:00
2024,11,1,11,1.8,1.8,01/11/2024 11:00
2024,11,1,12,0.54,0.54,01/11/2024 12:00
2024,11,1,13,0.1,0.1,01/11/2024 13:00
2024,11,1,14,0.1,0.1,01/11/2024 14:00
2024,11,1,15,0.1,0.1,01/11/2024 15:00
2024,11,1,16,0.01,0.01,01/11/2024 16:00
2024,11,1,17,1.62,1.62,01/11/2024 17:00
2024,11,1,18,4.3,4.3,01/11/2024 18:00
2024,11,1,19,4.3,4.3,01/11/2024 19:00
2024,11,1,20,4.3,4.3,01/11/2024 20:00
2024,11,1,21,7.87,7.87,01/11/2024 21:00
2024,11,1,22,11.56,11.56,01/11/2024 22:00
2024,11,1,23,4.55,4.55,01/11/2024 23:00
2024,11,1,24,4.3,4.3,02/11/2024 0:00
2024,11,2,1,4.3,4.3,02/11/2024 1:00
2024,11,2,2,4.3,4.3,02/11/2024 2:00
2024,11,2,3,0.77,0.77,02/11/2024 3:00
2024,11,2,4,0.06,0.06,02/11/2024 4:00
2024,11,2,5,0.09,0.09,02/11/2024 5:00
2024,11,2,6,1.6,1.6,02/11/2024 6:00
2024,11,2,7,4.3,4.3,02/11/2024 7:00
2024,11,2,8,5,5,02/11/2024 8:00
2024,11,2,9,10,10,02/11/2024 9:00
2024,11,2,10,4.55,4.55,02/11/2024 10:00
2024,11,2,11,4.3,4.3,02/11/2024 11:00
2024,11,2,12,4.3,4.3,02/11/2024 12:00
2024,11,2,13,4.3,4.3,02/11/2024 13:00
2024,11,2,14,4.3,4.3,02/11/2024 14:00
2024,11,2,15,4.3,4.3,02/11/2024 15:00
2024,11,2,16,3.8,3.8,02/11/2024 16:00
2024,11,2,17,4.3,4.3,02/11/2024 17:00
2024,11,2,18,4.3,4.3,02/11/2024 18:00
2024,11,2,19,4.5,4.5,02/11/2024 19:00
2024,11,2,20,10,10,02/11/2024 20:00
2024,11,2,21,10,10,02/11/2024 21:00
2024,11,2,22,4.55,4.55,02/11/2024 22:00
2024,11,2,23,4.3,4.3,02/11/2024 23:00
2024,11,2,24,3.8,3.8,03/11/2024 0:00
2024,11,3,1,3.1,3.1,03/11/2024 1:00
2024,11,3,2,1.5,1.5,03/11/2024 2:00
2024,11,3,3,0.19,0.19,03/11/2024 3:00
2024,11,3,4,0.02,0.02,03/11/2024 4:00
2024,11,3,5,0,0,03/11/2024 5:00
2024,11,3,6,0.1,0.1,03/11/2024 6:00
2024,11,3,7,4.1,4.1,03/11/2024 7:00
2024,11,3,8,4.3,4.3,03/11/2024 8:00
2024,11,3,9,4.3,4.3,03/11/2024 9:00
2024,11,3,10,4.3,4.3,03/11/2024 10:00
2024,11,3,11,4.1,4.1,03/11/2024 11:00
2024,11,3,12,3,3,03/11/2024 12:00
2024,11,3,13,2,2,03/11/2024 13:00
2024,11,3,14,3,3,03/11/2024 14:00
2024,11,3,15,3,3,03/11/2024 15:00
2024,11,3,16,4.1,4.1,03/11/2024 16:00
2024,11,3,17,4.3,4.3,03/11/2024 17:00
2024,11,3,18,12.56,12.56,03/11/2024 18:00
2024,11,3,19,12.82,12.82,03/11/2024 19:00
2024,11,3,20,12.82,12.82,03/11/2024 20:00
2024,11,3,21,15.5,15.5,03/11/2024 21:00
2024,11,3,22,14.54,14.54,03/11/2024 22:00
2024,11,3,23,14.54,14.54,03/11/2024 23:00
2024,11,3,24,10,10,04/11/2024 0:00
2024,11,4,1,4.3,4.3,04/11/2024 1:00
2024,11,4,2,2,2,04/11/2024 2:00
2024,11,4,3,1.2,1.2,04/11/2024 3:00
2024,11,4,4,1.62,1.62,04/11/2024 4:00
2024,11,4,5,1.19,1.19,04/11/2024 5:00
2024,11,4,6,1,1,04/11/2024 6:00
2024,11,4,7,1.5,1.5,04/11/2024 7:00
2024,11,4,8,1.4,1.4,04/11/2024 8:00
2024,11,4,9,1.68,1.68,04/11/2024 9:00
2024,11,4,10,2,2,04/11/2024 10:00
2024,11,4,11,1.62,1.62,04/11/2024 11:00
2024,11,4,12,0.2,0.2,04/11/2024 12:00
2024,11,4,13,0.1,0.1,04/11/2024 13:00
2024,11,4,14,0.1,0.1,04/11/2024 14:00
2024,11,4,15,0.02,0.02,04/11/2024 15:00
2024,11,4,16,0,0,04/11/2024 16:00
2024,11,4,17,0.02,0.02,04/11/2024 17:00
2024,11,4,18,0.15,0.15,04/11/2024 18:00
2024,11,4,19,2,2,04/11/2024 19:00
2024,11,4,20,4.3,4.3,04/11/2024 20:00
2024,11,4,21,4.3,4.3,04/11/2024 21:00
2024,11,4,22,4.3,4.3,04/11/2024 22:00
2024,11,4,23,1.3,1.3,04/11/2024 23:00
2024,11,4,24,0,0,05/11/2024 0:00
2024,11,5,1,0.09,0.09,05/11/2024 1:00
2024,11,5,2,0,0,05/11/2024 2:00
2024,11,5,3,0,0,05/11/2024 3:00
2024,11,5,4,0,0,05/11/2024 4:00
2024,11,5,5,0,0,05/11/2024 5:00
2024,11,5,6,0,0,05/11/2024 6:00
2024,11,5,7,0,0,05/11/2024 7:00
2024,11,5,8,0,0,05/11/2024 8:00
2024,11,5,9,0,0,05/11/2024 9:00
2024,11,5,10,0,0,05/11/2024 10:00
2024,11,5,11,0,0,05/11/2024 11:00
2024,11,5,12,0,0,05/11/2024 12:00
2024,11,5,13,0,0,05/11/2024 13:00
2024,11,5,14,0,0,05/11/2024 14:00
2024,11,5,15,0,0,05/11/2024 15:00
2024,11,5,16,0,0,05/11/2024 16:00
2024,11,5,17,0,0,05/11/2024 17:00
2024,11,5,18,2,2,05/11/2024 18:00
2024,11,5,19,7.41,7.41,05/11/2024 19:00
2024,11,5,20,22,22,05/11/2024 20:00
2024,11,5,21,24.8,24.8,05/11/2024 21:00
2024,11,5,22,25.02,25.02,05/11/2024 22:00
2024,11,5,23,22.86,22.86,05/11/2024 23:00
2024,11,5,24,16.42,16.42,06/11/2024 0:00
2024,11,6,1,14.1,14.1,06/11/2024 1:00
2024,11,6,2,9.43,9.43,06/11/2024 2:00
2024,11,6,3,4.3,4.3,06/11/2024 3:00
2024,11,6,4,1.77,1.77,06/11/2024 4:00
2024,11,6,5,4.3,4.3,06/11/2024 5:00
2024,11,6,6,16.93,16.93,06/11/2024 6:00
2024,11,6,7,46.4,46.4,06/11/2024 7:00
2024,11,6,8,91,91,06/11/2024 8:00
2024,11,6,9,92.22,92.22,06/11/2024 9:00
2024,11,6,10,35.5,35.5,06/11/2024 10:00
2024,11,6,11,31,31,06/11/2024 11:00
2024,11,6,12,20.78,20.78,06/11/2024 12:00
2024,11,6,13,20.78,20.78,06/11/2024 13:00
2024,11,6,14,20.78,20.78,06/11/2024 14:00
2024,11,6,15,23.44,23.44,06/11/2024 15:00
2024,11,6,16,29.62,29.62,06/11/2024 16:00
2024,11,6,17,60.15,60.15,06/11/2024 17:00
2024,11,6,18,100.01,100.01,06/11/2024 18:00
2024,11,6,19,151.74,151.74,06/11/2024 19:00
2024,11,6,20,140.31,140.31,06/11/2024 20:00
2024,11,6,21,112.48,112.48,06/11/2024 21:00
2024,11,6,22,106.99,106.99,06/11/2024 22:00
2024,11,6,23,100.11,100.11,06/11/2024 23:00
2024,11,6,24,89.36,89.36,07/11/2024 0:00
2024,11,7,1,82.19,82.19,07/11/2024 1:00
2024,11,7,2,76.63,76.63,07/11/2024 2:00
2024,11,7,3,70.96,70.96,07/11/2024 3:00
2024,11,7,4,68.01,68.01,07/11/2024 4:00
2024,11,7,5,70.25,70.25,07/11/2024 5:00
2024,11,7,6,83.8,83.8,07/11/2024 6:00
2024,11,7,7,95,103.33,07/11/2024 7:00
2024,11,7,8,133.05,133.05,07/11/2024 8:00
2024,11,7,9,136.12,136.12,07/11/2024 9:00
2024,11,7,10,85.01,85.01,07/11/2024 10:00
2024,11,7,11,76.04,76.04,07/11/2024 11:00
2024,11,7,12,76.63,76.63,07/11/2024 12:00
2024,11,7,13,80,80,07/11/2024 13:00
2024,11,7,14,83.1,83.1,07/11/2024 14:00
2024,11,7,15,83.8,83.8,07/11/2024 15:00
2024,11,7,16,84.1,84.1,07/11/2024 16:00
2024,11,7,17,92,92,07/11/2024 17:00
2024,11,7,18,138.88,138.88,07/11/2024 18:00
2024,11,7,19,150.59,150.59,07/11/2024 19:00
2024,11,7,20,137.77,137.77,07/11/2024 20:00
2024,11,7,21,138.13,138.13,07/11/2024 21:00
2024,11,7,22,120.02,120.02,07/11/2024 22:00
2024,11,7,23,92.39,92.39,07/11/2024 23:00
2024,11,7,24,86.51,86.51,08/11/2024 0:00
2024,11,8,1,93.35,93.35,08/11/2024 1:00
2024,11,8,2,79.39,79.39,08/11/2024 2:00
2024,11,8,3,77.99,77.99,08/11/2024 3:00
2024,11,8,4,76.3,76.3,08/11/2024 4:00
2024,11,8,5,66.76,66.76,08/11/2024 5:00
2024,11,8,6,75.01,75.01,08/11/2024 6:00
2024,11,8,7,84.98,84.98,08/11/2024 7:00
2024,11,8,8,100,107.92,08/11/2024 8:00
2024,11,8,9,111.47,111.47,08/11/2024 9:00
2024,11,8,10,93.92,93.92,08/11/2024 10:00
2024,11,8,11,85.24,85.24,08/11/2024 11:00
2024,11,8,12,78.85,78.85,08/11/2024 12:00
2024,11,8,13,76.2,76.2,08/11/2024 13:00
2024,11,8,14,76.5,76.5,08/11/2024 14:00
2024,11,8,15,77.99,77.99,08/11/2024 15:00
2024,11,8,16,81.5,81.5,08/11/2024 16:00
2024,11,8,17,96.44,96.44,08/11/2024 17:00
2024,11,8,18,100,119.4,08/11/2024 18:00
2024,11,8,19,127.43,127.43,08/11/2024 19:00
2024,11,8,20,121.31,121.31,08/11/2024 20:00
2024,11,8,21,115.17,115.17,08/11/2024 21:00
2024,11,8,22,99,99,08/11/2024 22:00
2024,11,8,23,92.3,92.3,08/11/2024 23:00
2024,11,8,24,80.68,80.68,09/11/2024 0:00
2024,11,9,1,76.63,76.63,09/11/2024 1:00
2024,11,9,2,60,60,09/11/2024 2:00
2024,11,9,3,58.7,58.7,09/11/2024 3:00
2024,11,9,4,58.7,58.7,09/11/2024 4:00
2024,11,9,5,57.39,57.39,09/11/2024 5:00
2024,11,9,6,60,60,09/11/2024 6:00
2024,11,9,7,72,72,09/11/2024 7:00
2024,11,9,8,85.1,85.1,09/11/2024 8:00
2024,11,9,9,95.53,95.53,09/11/2024 9:00
2024,11,9,10,80.1,80.1,09/11/2024 10:00
2024,11,9,11,70,70,09/11/2024 11:00
2024,11,9,12,56.48,56.48,09/11/2024 12:00
2024,11,9,13,54.99,54.99,09/11/2024 13:00
2024,11,9,14,51.6,51.6,09/11/2024 14:00
2024,11,9,15,44.71,44.71,09/11/2024 15:00
2024,11,9,16,30,30,09/11/2024 16:00
2024,11,9,17,53.29,53.29,09/11/2024 17:00
2024,11,9,18,76.63,76.63,09/11/2024 18:00
2024,11,9,19,100.42,100.42,09/11/2024 19:00
2024,11,9,20,112.22,112.22,09/11/2024 20:00
2024,11,9,21,103.63,103.63,09/11/2024 21:00
2024,11,9,22,92.5,92.5,09/11/2024 22:00
2024,11,9,23,84.04,84.04,09/11/2024 23:00
2024,11,9,24,74.36,74.36,10/11/2024 0:00
2024,11,10,1,64.32,64.32,10/11/2024 1:00
2024,11,10,2,58.5,58.5,10/11/2024 2:00
2024,11,10,3,52,52,10/11/2024 3:00
2024,11,10,4,45.8,45.8,10/11/2024 4:00
2024,11,10,5,45.01,45.01,10/11/2024 5:00
2024,11,10,6,49.99,49.99,10/11/2024 6:00
2024,11,10,7,45.8,45.8,10/11/2024 7:00
2024,11,10,8,64,64,10/11/2024 8:00
2024,11,10,9,72.6,72.6,10/11/2024 9:00
2024,11,10,10,52,52,10/11/2024 10:00
2024,11,10,11,32.99,32.99,10/11/2024 11:00
2024,11,10,12,26.99,26.99,10/11/2024 12:00
2024,11,10,13,25.8,25.8,10/11/2024 13:00
2024,11,10,14,21.17,21.17,10/11/2024 14:00
2024,11,10,15,20.78,20.78,10/11/2024 15:00
2024,11,10,16,32.29,32.29,10/11/2024 16:00
2024,11,10,17,45.01,45.01,10/11/2024 17:00
2024,11,10,18,62.64,62.64,10/11/2024 18:00
2024,11,10,19,81,81,10/11/2024 19:00
2024,11,10,20,99.94,99.94,10/11/2024 20:00
2024,11,10,21,106.43,106.43,10/11/2024 21:00
2024,11,10,22,82.22,82.22,10/11/2024 22:00
2024,11,10,23,65.16,65.16,10/11/2024 23:00
2024,11,10,24,52,52,11/11/2024 0:00
2024,11,11,1,19.08,19.08,11/11/2024 1:00
2024,11,11,2,9.39,9.39,11/11/2024 2:00
2024,11,11,3,6.23,6.23,11/11/2024 3:00
2024,11,11,4,4.3,4.3,11/11/2024 4:00
2024,11,11,5,4.3,4.3,11/11/2024 5:00
2024,11,11,6,5,5,11/11/2024 6:00
2024,11,11,7,7.29,7.29,11/11/2024 7:00
2024,11,11,8,9.39,9.39,11/11/2024 8:00
2024,11,11,9,10,10,11/11/2024 9:00
2024,11,11,10,10,10,11/11/2024 10:00
2024,11,11,11,7.29,7.29,11/11/2024 11:00
2024,11,11,12,4.3,4.3,11/11/2024 12:00
2024,11,11,13,4.3,4.3,11/11/2024 13:00
2024,11,11,14,4.3,4.3,11/11/2024 14:00
2024,11,11,15,4.3,4.3,11/11/2024 15:00
2024,11,11,16,1.62,1.62,11/11/2024 16:00
2024,11,11,17,4.3,4.3,11/11/2024 17:00
2024,11,11,18,7.42,7.42,11/11/2024 18:00
2024,11,11,19,11.7,11.7,11/11/2024 19:00
2024,11,11,20,19.14,19.14,11/11/2024 20:00
2024,11,11,21,20.17,20.17,11/11/2024 21:00
2024,11,11,22,19.08,19.08,11/11/2024 22:00
2024,11,11,23,10.39,10.39,11/11/2024 23:00
2024,11,11,24,6.29,6.29,12/11/2024 0:00
2024,11,12,1,4.3,4.3,12/11/2024 1:00
2024,11,12,2,4.3,4.3,12/11/2024 2:00
2024,11,12,3,3.42,3.42,12/11/2024 3:00
2024,11,12,4,3.42,3.42,12/11/2024 4:00
2024,11,12,5,3.42,3.42,12/11/2024 5:00
2024,11,12,6,4.3,4.3,12/11/2024 6:00
2024,11,12,7,4.3,4.3,12/11/2024 7:00
2024,11,12,8,4.99,4.99,12/11/2024 8:00
2024,11,12,9,6.29,6.29,12/11/2024 9:00
2024,11,12,10,6.29,6.29,12/11/2024 10:00
2024,11,12,11,5,5,12/11/2024 11:00
2024,11,12,12,4.3,4.3,12/11/2024 12:00
2024,11,12,13,4.3,4.3,12/11/2024 13:00
2024,11,12,14,5,5,12/11/2024 14:00
2024,11,12,15,6.23,6.23,12/11/2024 15:00
2024,11,12,16,7,7,12/11/2024 16:00
2024,11,12,17,14.17,14.17,12/11/2024 17:00
2024,11,12,18,40.28,40.28,12/11/2024 18:00
2024,11,12,19,52.22,52.22,12/11/2024 19:00
2024,11,12,20,74.37,74.37,12/11/2024 20:00
2024,11,12,21,77.8,77.8,12/11/2024 21:00
2024,11,12,22,76.63,76.63,12/11/2024 22:00
2024,11,12,23,51,51,12/11/2024 23:00
2024,11,12,24,40.5,40.5,13/11/2024 0:00
2024,11,13,1,40.4,40.4,13/11/2024 1:00
2024,11,13,2,34.45,34.45,13/11/2024 2:00
2024,11,13,3,23.44,23.44,13/11/2024 3:00
2024,11,13,4,22,22,13/11/2024 4:00
2024,11,13,5,23.44,23.44,13/11/2024 5:00
2024,11,13,6,37.5,37.5,13/11/2024 6:00
2024,11,13,7,47,47,13/11/2024 7:00
2024,11,13,8,49.88,90,13/11/2024 8:00
2024,11,13,9,60,107,13/11/2024 9:00
2024,11,13,10,53,53,13/11/2024 10:00
2024,11,13,11,45.12,45.12,13/11/2024 11:00
2024,11,13,12,40.2,40.2,13/11/2024 12:00
2024,11,13,13,21.15,21.15,13/11/2024 13:00
2024,11,13,14,18.02,18.02,13/11/2024 14:00
2024,11,13,15,20.78,20.78,13/11/2024 15:00
2024,11,13,16,40.1,40.1,13/11/2024 16:00
2024,11,13,17,49.88,49.88,13/11/2024 17:00
2024,11,13,18,86.22,86.22,13/11/2024 18:00
2024,11,13,19,94.02,94.02,13/11/2024 19:00
2024,11,13,20,104.57,104.57,13/11/2024 20:00
2024,11,13,21,88,88,13/11/2024 21:00
2024,11,13,22,63.98,63.98,13/11/2024 22:00
2024,11,13,23,55.1,55.1,13/11/2024 23:00
2024,11,13,24,45.92,45.92,14/11/2024 0:00
2024,11,14,1,45.67,45.67,14/11/2024 1:00
2024,11,14,2,40.3,40.3,14/11/2024 2:00
2024,11,14,3,38.33,38.33,14/11/2024 3:00
2024,11,14,4,40,40,14/11/2024 4:00
2024,11,14,5,40,40,14/11/2024 5:00
2024,11,14,6,40.3,40.3,14/11/2024 6:00
2024,11,14,7,52,52,14/11/2024 7:00
2024,11,14,8,81.61,81.61,14/11/2024 8:00
2024,11,14,9,89.42,89.42,14/11/2024 9:00
2024,11,14,10,81.75,81.75,14/11/2024 10:00
2024,11,14,11,47.69,47.69,14/11/2024 11:00
2024,11,14,12,40.5,40.5,14/11/2024 12:00
2024,11,14,13,40.5,40.5,14/11/2024 13:00
2024,11,14,14,40.2,40.2,14/11/2024 14:00
2024,11,14,15,40.2,40.2,14/11/2024 15:00
2024,11,14,16,40.5,40.5,14/11/2024 16:00
2024,11,14,17,70.7,70.7,14/11/2024 17:00
2024,11,14,18,97.79,97.79,14/11/2024 18:00
2024,11,14,19,118.14,118.14,14/11/2024 19:00
2024,11,14,20,117.02,117.02,14/11/2024 20:00
2024,11,14,21,118.22,118.22,14/11/2024 21:00
2024,11,14,22,110,110,14/11/2024 22:00
2024,11,14,23,92,92,14/11/2024 23:00
2024,11,14,24,91.61,91.61,15/11/2024 0:00
2024,11,15,1,81.1,81.1,15/11/2024 1:00
2024,11,15,2,76.42,76.42,15/11/2024 2:00
2024,11,15,3,74,74,15/11/2024 3:00
2024,11,15,4,74.39,74.39,15/11/2024 4:00
2024,11,15,5,74.45,74.45,15/11/2024 5:00
2024,11,15,6,80.68,80.68,15/11/2024 6:00
2024,11,15,7,93.55,93.55,15/11/2024 7:00
2024,11,15,8,112.67,112.67,15/11/2024 8:00
2024,11,15,9,117.72,117.72,15/11/2024 9:00
2024,11,15,10,103.41,103.41,15/11/2024 10:00
2024,11,15,11,92.59,92.59,15/11/2024 11:00
2024,11,15,12,85.5,85.5,15/11/2024 12:00
2024,11,15,13,84.42,84.42,15/11/2024 13:00
2024,11,15,14,83.35,83.35,15/11/2024 14:00
2024,11,15,15,82.51,82.51,15/11/2024 15:00
2024,11,15,16,84.52,84.52,15/11/2024 16:00
2024,11,15,17,102.94,102.94,15/11/2024 17:00
2024,11,15,18,120.2,120.2,15/11/2024 18:00
2024,11,15,19,129.9,129.9,15/11/2024 19:00
2024,11,15,20,121.09,121.09,15/11/2024 20:00
2024,11,15,21,117.9,117.9,15/11/2024 21:00
2024,11,15,22,104.07,104.07,15/11/2024 22:00
2024,11,15,23,91.66,91.66,15/11/2024 23:00
2024,11,15,24,84.21,84.21,16/11/2024 0:00
2024,11,16,1,85.48,85.48,16/11/2024 1:00
2024,11,16,2,83.29,83.29,16/11/2024 2:00
2024,11,16,3,82.06,82.06,16/11/2024 3:00
2024,11,16,4,79.9,79.9,16/11/2024 4:00
2024,11,16,5,84.81,84.81,16/11/2024 5:00
2024,11,16,6,91.21,91.21,16/11/2024 6:00
2024,11,16,7,94.29,94.29,16/11/2024 7:00
2024,11,16,8,114.43,117.9,16/11/2024 8:00
2024,11,16,9,120.25,120.25,16/11/2024 9:00
2024,11,16,10,114.43,114.43,16/11/2024 10:00
2024,11,16,11,102,102,16/11/2024 11:00
2024,11,16,12,111.65,111.65,16/11/2024 12:00
2024,11,16,13,110.2,110.2,16/11/2024 13:00
2024,11,16,14,97.88,97.88,16/11/2024 14:00
2024,11,16,15,90.28,90.28,16/11/2024 15:00
2024,11,16,16,84.79,84.79,16/11/2024 16:00
2024,11,16,17,89.61,89.61,16/11/2024 17:00
2024,11,16,18,111.4,111.4,16/11/2024 18:00
2024,11,16,19,120.52,120.52,16/11/2024 19:00
2024,11,16,20,125.28,125.28,16/11/2024 20:00
2024,11,16,21,121.2,121.2,16/11/2024 21:00
2024,11,16,22,115,115,16/11/2024 22:00
2024,11,16,23,110.2,110.2,16/11/2024 23:00
2024,11,16,24,100.85,100.85,17/11/2024 0:00
2024,11,17,1,106,106,17/11/2024 1:00
2024,11,17,2,100,100,17/11/2024 2:00
2024,11,17,3,96.93,96.93,17/11/2024 3:00
2024,11,17,4,92.79,92.79,17/11/2024 4:00
2024,11,17,5,95.7,95.7,17/11/2024 5:00
2024,11,17,6,103.2,103.2,17/11/2024 6:00
2024,11,17,7,119.66,119.66,17/11/2024 7:00
2024,11,17,8,131.03,131.03,17/11/2024 8:00
2024,11,17,9,141.92,141.92,17/11/2024 9:00
2024,11,17,10,129.65,129.65,17/11/2024 10:00
2024,11,17,11,124.81,124.81,17/11/2024 11:00
2024,11,17,12,117.78,117.78,17/11/2024 12:00
2024,11,17,13,117.6,117.6,17/11/2024 13:00
2024,11,17,14,111.55,111.55,17/11/2024 14:00
2024,11,17,15,101.76,101.76,17/11/2024 15:00
2024,11,17,16,115.18,115.18,17/11/2024 16:00
2024,11,17,17,124.81,124.81,17/11/2024 17:00
2024,11,17,18,128.09,128.09,17/11/2024 18:00
2024,11,17,19,150.33,150.33,17/11/2024 19:00
2024,11,17,20,141.92,141.92,17/11/2024 20:00
2024,11,17,21,128.53,128.53,17/11/2024 21:00
2024,11,17,22,121.31,121.31,17/11/2024 22:00
2024,11,17,23,118.53,118.53,17/11/2024 23:00
2024,11,17,24,112.93,112.93,18/11/2024 0:00
2024,11,18,1,110.56,110.56,18/11/2024 1:00
2024,11,18,2,97.38,97.38,18/11/2024 2:00
2024,11,18,3,90.61,90.61,18/11/2024 3:00
2024,11,18,4,85.87,85.87,18/11/2024 4:00
2024,11,18,5,82.36,82.36,18/11/2024 5:00
2024,11,18,6,82.45,82.45,18/11/2024 6:00
2024,11,18,7,85.41,85.41,18/11/2024 7:00
2024,11,18,8,92.08,92.08,18/11/2024 8:00
2024,11,18,9,100,100,18/11/2024 9:00
2024,11,18,10,94.12,94.12,18/11/2024 10:00
2024,11,18,11,75,75,18/11/2024 11:00
2024,11,18,12,72.69,72.69,18/11/2024 12:00
2024,11,18,13,70.8,70.8,18/11/2024 13:00
2024,11,18,14,70.8,70.8,18/11/2024 14:00
2024,11,18,15,66.05,66.05,18/11/2024 15:00
2024,11,18,16,67.69,67.69,18/11/2024 16:00
2024,11,18,17,81.1,81.1,18/11/2024 17:00
2024,11,18,18,105.64,105.64,18/11/2024 18:00
2024,11,18,19,108.67,108.67,18/11/2024 19:00
2024,11,18,20,110,110,18/11/2024 20:00
2024,11,18,21,111.16,111.16,18/11/2024 21:00
2024,11,18,22,107.72,107.72,18/11/2024 22:00
2024,11,18,23,89,89,18/11/2024 23:00
2024,11,18,24,80,80,19/11/2024 0:00
2024,11,19,1,78,78,19/11/2024 1:00
2024,11,19,2,72.52,72.52,19/11/2024 2:00
2024,11,19,3,72.52,72.52,19/11/2024 3:00
2024,11,19,4,73.55,73.55,19/11/2024 4:00
2024,11,19,5,72.52,72.52,19/11/2024 5:00
2024,11,19,6,72.8,72.8,19/11/2024 6:00
2024,11,19,7,73.55,73.55,19/11/2024 7:00
2024,11,19,8,73.38,73.38,19/11/2024 8:00
2024,11,19,9,69.36,69.36,19/11/2024 9:00
2024,11,19,10,64.39,64.39,19/11/2024 10:00
2024,11,19,11,40.1,40.1,19/11/2024 11:00
2024,11,19,12,20.78,20.78,19/11/2024 12:00
2024,11,19,13,25.1,25.1,19/11/2024 13:00
2024,11,19,14,38.8,38.8,19/11/2024 14:00
2024,11,19,15,39.99,39.99,19/11/2024 15:00
2024,11,19,16,42.06,42.06,19/11/2024 16:00
2024,11,19,17,67.7,67.7,19/11/2024 17:00
2024,11,19,18,91.57,91.57,19/11/2024 18:00
2024,11,19,19,104.68,104.68,19/11/2024 19:00
2024,11,19,20,104.01,104.01,19/11/2024 20:00
2024,11,19,21,114.18,114.18,19/11/2024 21:00
2024,11,19,22,104.01,104.01,19/11/2024 22:00
2024,11,19,23,96.9,96.9,19/11/2024 23:00
2024,11,19,24,96.2,96.2,20/11/2024 0:00
2024,11,20,1,90.3,90.3,20/11/2024 1:00
2024,11,20,2,91.6,91.6,20/11/2024 2:00
2024,11,20,3,89.32,89.32,20/11/2024 3:00
2024,11,20,4,89.32,89.32,20/11/2024 4:00
2024,11,20,5,86.72,86.72,20/11/2024 5:00
2024,11,20,6,89,89,20/11/2024 6:00
2024,11,20,7,101,101,20/11/2024 7:00
2024,11,20,8,116.92,125.71,20/11/2024 8:00
2024,11,20,9,123.01,123.01,20/11/2024 9:00
2024,11,20,10,113.81,113.81,20/11/2024 10:00
2024,11,20,11,94.08,94.08,20/11/2024 11:00
2024,11,20,12,83,83,20/11/2024 12:00
2024,11,20,13,88.12,88.12,20/11/2024 13:00
2024,11,20,14,78.32,78.32,20/11/2024 14:00
2024,11,20,15,67.1,67.1,20/11/2024 15:00
2024,11,20,16,67.1,67.1,20/11/2024 16:00
2024,11,20,17,89.96,89.96,20/11/2024 17:00
2024,11,20,18,99.5,99.5,20/11/2024 18:00
2024,11,20,19,115.24,115.24,20/11/2024 19:00
2024,11,20,20,115.24,115.24,20/11/2024 20:00
2024,11,20,21,115.24,115.24,20/11/2024 21:00
2024,11,20,22,99,99,20/11/2024 22:00
2024,11,20,23,86.96,86.96,20/11/2024 23:00
2024,11,20,24,60.1,60.1,21/11/2024 0:00
2024,11,21,1,44.13,44.13,21/11/2024 1:00
2024,11,21,2,40.4,40.4,21/11/2024 2:00
2024,11,21,3,37.38,37.38,21/11/2024 3:00
2024,11,21,4,37.38,37.38,21/11/2024 4:00
2024,11,21,5,37.38,37.38,21/11/2024 5:00
2024,11,21,6,40.4,40.4,21/11/2024 6:00
2024,11,21,7,50.09,50.09,21/11/2024 7:00
2024,11,21,8,50.09,50.09,21/11/2024 8:00
2024,11,21,9,65,65,21/11/2024 9:00
2024,11,21,10,44.13,44.13,21/11/2024 10:00
2024,11,21,11,40.1,40.1,21/11/2024 11:00
2024,11,21,12,25,25,21/11/2024 12:00
2024,11,21,13,20.78,20.78,21/11/2024 13:00
2024,11,21,14,16.5,16.5,21/11/2024 14:00
2024,11,21,15,10,10,21/11/2024 15:00
2024,11,21,16,13,13,21/11/2024 16:00
2024,11,21,17,24.43,24.43,21/11/2024 17:00
2024,11,21,18,43.1,43.1,21/11/2024 18:00
2024,11,21,19,49.39,49.39,21/11/2024 19:00
2024,11,21,20,58.19,58.19,21/11/2024 20:00
2024,11,21,21,76.3,76.3,21/11/2024 21:00
2024,11,21,22,73.86,73.86,21/11/2024 22:00
2024,11,21,23,47.29,47.29,21/11/2024 23:00
2024,11,21,24,40.96,40.96,22/11/2024 0:00
2024,11,22,1,32.29,32.29,22/11/2024 1:00
2024,11,22,2,30.1,30.1,22/11/2024 2:00
2024,11,22,3,25.1,25.1,22/11/2024 3:00
2024,11,22,4,23.44,23.44,22/11/2024 4:00
2024,11,22,5,23.44,23.44,22/11/2024 5:00
2024,11,22,6,23.44,23.44,22/11/2024 6:00
2024,11,22,7,30.1,30.1,22/11/2024 7:00
2024,11,22,8,30.6,30.6,22/11/2024 8:00
2024,11,22,9,34.39,34.39,22/11/2024 9:00
2024,11,22,10,31,31,22/11/2024 10:00
2024,11,22,11,20.78,20.78,22/11/2024 11:00
2024,11,22,12,12.96,12.96,22/11/2024 12:00
2024,11,22,13,9.9,9.9,22/11/2024 13:00
2024,11,22,14,9.9,9.9,22/11/2024 14:00
2024,11,22,15,7.41,7.41,22/11/2024 15:00
2024,11,22,16,9.9,9.9,22/11/2024 16:00
2024,11,22,17,21.01,21.01,22/11/2024 17:00
2024,11,22,18,40.52,40.52,22/11/2024 18:00
2024,11,22,19,68.1,68.1,22/11/2024 19:00
2024,11,22,20,44.18,44.18,22/11/2024 20:00
2024,11,22,21,59.1,59.1,22/11/2024 21:00
2024,11,22,22,40,40,22/11/2024 22:00
2024,11,22,23,50,50,22/11/2024 23:00
2024,11,22,24,32.99,32.99,23/11/2024 0:00
2024,11,23,1,34.39,34.39,23/11/2024 1:00
2024,11,23,2,31.14,31.14,23/11/2024 2:00
2024,11,23,3,27.09,27.09,23/11/2024 3:00
2024,11,23,4,25.6,25.6,23/11/2024 4:00
2024,11,23,5,23.96,23.96,23/11/2024 5:00
2024,11,23,6,30,30,23/11/2024 6:00
2024,11,23,7,35.09,35.09,23/11/2024 7:00
2024,11,23,8,77.04,77.04,23/11/2024 8:00
2024,11,23,9,89.03,89.03,23/11/2024 9:00
2024,11,23,10,45.99,45.99,23/11/2024 10:00
2024,11,23,11,25.6,25.6,23/11/2024 11:00
2024,11,23,12,25.4,25.4,23/11/2024 12:00
2024,11,23,13,25.5,25.5,23/11/2024 13:00
2024,11,23,14,27.78,27.78,23/11/2024 14:00
2024,11,23,15,29.9,29.9,23/11/2024 15:00
2024,11,23,16,31.14,31.14,23/11/2024 16:00
2024,11,23,17,57.82,57.82,23/11/2024 17:00
2024,11,23,18,75,75,23/11/2024 18:00
2024,11,23,19,109.88,109.88,23/11/2024 19:00
2024,11,23,20,125.76,125.76,23/11/2024 20:00
2024,11,23,21,104.67,104.67,23/11/2024 21:00
2024,11,23,22,87.94,87.94,23/11/2024 22:00
2024,11,23,23,75,75,23/11/2024 23:00
2024,11,23,24,39.02,39.02,24/11/2024 0:00
2024,11,24,1,40,40,24/11/2024 1:00
2024,11,24,2,35.18,35.18,24/11/2024 2:00
2024,11,24,3,31.11,31.11,24/11/2024 3:00
2024,11,24,4,30.5,30.5,24/11/2024 4:00
2024,11,24,5,30,30,24/11/2024 5:00
2024,11,24,6,34.91,34.91,24/11/2024 6:00
2024,11,24,7,71.96,71.96,24/11/2024 7:00
2024,11,24,8,95,95,24/11/2024 8:00
2024,11,24,9,101.36,101.36,24/11/2024 9:00
2024,11,24,10,72.07,72.07,24/11/2024 10:00
2024,11,24,11,65,65,24/11/2024 11:00
2024,11,24,12,52.39,52.39,24/11/2024 12:00
2024,11,24,13,52.39,52.39,24/11/2024 13:00
2024,11,24,14,52,52,24/11/2024 14:00
2024,11,24,15,51.69,51.69,24/11/2024 15:00
2024,11,24,16,53.09,53.09,24/11/2024 16:00
2024,11,24,17,78.45,78.45,24/11/2024 17:00
2024,11,24,18,86.1,86.1,24/11/2024 18:00
2024,11,24,19,104.98,104.98,24/11/2024 19:00
2024,11,24,20,105.59,105.59,24/11/2024 20:00
2024,11,24,21,97.71,97.71,24/11/2024 21:00
2024,11,24,22,83.41,83.41,24/11/2024 22:00
2024,11,24,23,83.13,83.13,24/11/2024 23:00
2024,11,24,24,79.19,79.19,25/11/2024 0:00
2024,11,25,1,78.07,78.07,25/11/2024 1:00
2024,11,25,2,74.03,74.03,25/11/2024 2:00
2024,11,25,3,72.07,72.07,25/11/2024 3:00
2024,11,25,4,71.61,71.61,25/11/2024 4:00
2024,11,25,5,69.99,69.99,25/11/2024 5:00
2024,11,25,6,74.19,74.19,25/11/2024 6:00
2024,11,25,7,79.81,79.81,25/11/2024 7:00
2024,11,25,8,87.08,87.08,25/11/2024 8:00
2024,11,25,9,94.29,94.29,25/11/2024 9:00
2024,11,25,10,80,80,25/11/2024 10:00
2024,11,25,11,62.99,62.99,25/11/2024 11:00
2024,11,25,12,62.6,62.6,25/11/2024 12:00
2024,11,25,13,63.5,63.5,25/11/2024 13:00
2024,11,25,14,67.57,67.57,25/11/2024 14:00
2024,11,25,15,65.57,65.57,25/11/2024 15:00
2024,11,25,16,70,70,25/11/2024 16:00
2024,11,25,17,82.5,82.5,25/11/2024 17:00
2024,11,25,18,111.75,111.75,25/11/2024 18:00
2024,11,25,19,130.26,130.26,25/11/2024 19:00
2024,11,25,20,127.55,127.55,25/11/2024 20:00
2024,11,25,21,127.31,127.31,25/11/2024 21:00
2024,11,25,22,118.81,118.81,25/11/2024 22:00
2024,11,25,23,118.96,118.96,25/11/2024 23:00
2024,11,25,24,116.86,116.86,26/11/2024 0:00
2024,11,26,1,112.88,112.88,26/11/2024 1:00
2024,11,26,2,107.7,107.7,26/11/2024 2:00
2024,11,26,3,105,105,26/11/2024 3:00
2024,11,26,4,102.36,102.36,26/11/2024 4:00
2024,11,26,5,99,99,26/11/2024 5:00
2024,11,26,6,99.68,99.68,26/11/2024 6:00
2024,11,26,7,103.44,103.44,26/11/2024 7:00
2024,11,26,8,113.27,113.27,26/11/2024 8:00
2024,11,26,9,113.48,113.48,26/11/2024 9:00
2024,11,26,10,117.66,117.66,26/11/2024 10:00
2024,11,26,11,116.1,116.1,26/11/2024 11:00
2024,11,26,12,114.28,114.28,26/11/2024 12:00
2024,11,26,13,113.62,113.62,26/11/2024 13:00
2024,11,26,14,110.1,110.1,26/11/2024 14:00
2024,11,26,15,115.1,115.1,26/11/2024 15:00
2024,11,26,16,117.33,117.33,26/11/2024 16:00
2024,11,26,17,127.34,127.34,26/11/2024 17:00
2024,11,26,18,144.35,144.35,26/11/2024 18:00
2024,11,26,19,156.68,156.68,26/11/2024 19:00
2024,11,26,20,146.1,146.1,26/11/2024 20:00
2024,11,26,21,137.72,137.72,26/11/2024 21:00
2024,11,26,22,127.29,127.29,26/11/2024 22:00
2024,11,26,23,118.99,118.99,26/11/2024 23:00
2024,11,26,24,102.56,102.56,27/11/2024 0:00
2024,11,27,1,99.47,99.47,27/11/2024 1:00
2024,11,27,2,94.29,94.29,27/11/2024 2:00
2024,11,27,3,89.9,89.9,27/11/2024 3:00
2024,11,27,4,88.82,88.82,27/11/2024 4:00
2024,11,27,5,87.91,87.91,27/11/2024 5:00
2024,11,27,6,94.09,94.09,27/11/2024 6:00
2024,11,27,7,121.64,121.64,27/11/2024 7:00
2024,11,27,8,128.75,128.75,27/11/2024 8:00
2024,11,27,9,144.99,144.99,27/11/2024 9:00
2024,11,27,10,135.2,135.2,27/11/2024 10:00
2024,11,27,11,109.34,109.34,27/11/2024 11:00
2024,11,27,12,101.81,101.81,27/11/2024 12:00
2024,11,27,13,108.73,108.73,27/11/2024 13:00
2024,11,27,14,100.03,100.03,27/11/2024 14:00
2024,11,27,15,88.44,88.44,27/11/2024 15:00
2024,11,27,16,94,94,27/11/2024 16:00
2024,11,27,17,104.83,104.83,27/11/2024 17:00
2024,11,27,18,123.74,123.74,27/11/2024 18:00
2024,11,27,19,128.9,128.9,27/11/2024 19:00
2024,11,27,20,127.33,127.33,27/11/2024 20:00
2024,11,27,21,120,120,27/11/2024 21:00
2024,11,27,22,111.01,111.01,27/11/2024 22:00
2024,11,27,23,100,100,27/11/2024 23:00
2024,11,27,24,85.11,85.11,28/11/2024 0:00
2024,11,28,1,77.74,77.74,28/11/2024 1:00
2024,11,28,2,70.49,70.49,28/11/2024 2:00
2024,11,28,3,67.47,67.47,28/11/2024 3:00
2024,11,28,4,64.47,64.47,28/11/2024 4:00
2024,11,28,5,68.29,68.29,28/11/2024 5:00
2024,11,28,6,80.15,80.15,28/11/2024 6:00
2024,11,28,7,95.5,95.5,28/11/2024 7:00
2024,11,28,8,118.38,118.38,28/11/2024 8:00
2024,11,28,9,128.42,128.42,28/11/2024 9:00
2024,11,28,10,128.01,128.01,28/11/2024 10:00
2024,11,28,11,118.38,118.38,28/11/2024 11:00
2024,11,28,12,114,114,28/11/2024 12:00
2024,11,28,13,109.12,109.12,28/11/2024 13:00
2024,11,28,14,99,99,28/11/2024 14:00
2024,11,28,15,97.5,97.5,28/11/2024 15:00
2024,11,28,16,107.69,107.69,28/11/2024 16:00
2024,11,28,17,120,120,28/11/2024 17:00
2024,11,28,18,130.11,130.11,28/11/2024 18:00
2024,11,28,19,144.81,144.81,28/11/2024 19:00
2024,11,28,20,161.99,161.99,28/11/2024 20:00
2024,11,28,21,140.98,140.98,28/11/2024 21:00
2024,11,28,22,129.3,129.3,28/11/2024 22:00
2024,11,28,23,119.76,119.76,28/11/2024 23:00
2024,11,28,24,109.08,109.08,29/11/2024 0:00
2024,11,29,1,92.07,92.07,29/11/2024 1:00
2024,11,29,2,90.1,90.1,29/11/2024 2:00
2024,11,29,3,90.2,90.2,29/11/2024 3:00
2024,11,29,4,85,85,29/11/2024 4:00
2024,11,29,5,79.84,79.84,29/11/2024 5:00
2024,11,29,6,81.1,81.1,29/11/2024 6:00
2024,11,29,7,90.1,90.1,29/11/2024 7:00
2024,11,29,8,92.5,92.5,29/11/2024 8:00
2024,11,29,9,95.16,95.16,29/11/2024 9:00
2024,11,29,10,94.73,94.73,29/11/2024 10:00
2024,11,29,11,92,92,29/11/2024 11:00
2024,11,29,12,80,80,29/11/2024 12:00
2024,11,29,13,65,65,29/11/2024 13:00
2024,11,29,14,60,60,29/11/2024 14:00
2024,11,29,15,57.79,57.79,29/11/2024 15:00
2024,11,29,16,59.3,59.3,29/11/2024 16:00
2024,11,29,17,69.54,69.54,29/11/2024 17:00
2024,11,29,18,92,92,29/11/2024 18:00
2024,11,29,19,97.97,97.97,29/11/2024 19:00
2024,11,29,20,96.35,96.35,29/11/2024 20:00
2024,11,29,21,100.28,100.28,29/11/2024 21:00
2024,11,29,22,97.97,97.97,29/11/2024 22:00
2024,11,29,23,93.1,93.1,29/11/2024 23:00
2024,11,29,24,88.01,88.01,30/11/2024 0:00
2024,11,30,1,72.39,72.39,30/11/2024 1:00
2024,11,30,2,64.5,64.5,30/11/2024 2:00
2024,11,30,3,59.79,59.79,30/11/2024 3:00
2024,11,30,4,59.3,59.3,30/11/2024 4:00
2024,11,30,5,59.01,59.01,30/11/2024 5:00
2024,11,30,6,59.99,59.99,30/11/2024 6:00
2024,11,30,7,71.95,71.95,30/11/2024 7:00
2024,11,30,8,100,100,30/11/2024 8:00
2024,11,30,9,99.17,99.17,30/11/2024 9:00
2024,11,30,10,100,100,30/11/2024 10:00
2024,11,30,11,101.48,101.48,30/11/2024 11:00
2024,11,30,12,99.17,99.17,30/11/2024 12:00
2024,11,30,13,101.48,101.48,30/11/2024 13:00
2024,11,30,14,103,103,30/11/2024 14:00
2024,11,30,15,103,103,30/11/2024 15:00
2024,11,30,16,101.48,101.48,30/11/2024 16:00
2024,11,30,17,113.51,113.51,30/11/2024 17:00
2024,11,30,18,115,115,30/11/2024 18:00
2024,11,30,19,125.01,125.01,30/11/2024 19:00
2024,11,30,20,145,145,30/11/2024 20:00
2024,11,30,21,150.2,150.2,30/11/2024 21:00
2024,11,30,22,132.66,132.66,30/11/2024 22:00
2024,11,30,23,104.34,104.34,30/11/2024 23:00
2024,11,30,24,113.51,113.51,01/12/2024 0:00
2024,12,1,1,106.91,106.91,01/12/2024 1:00
2024,12,1,2,102.63,102.63,01/12/2024 2:00
2024,12,1,3,99.1,99.1,01/12/2024 3:00
2024,12,1,4,95.88,95.88,01/12/2024 4:00
2024,12,1,5,96.07,96.07,01/12/2024 5:00
2024,12,1,6,102.22,102.22,01/12/2024 6:00
2024,12,1,7,94.19,94.19,01/12/2024 7:00
2024,12,1,8,113.41,114.19,01/12/2024 8:00
2024,12,1,9,113.07,127.96,01/12/2024 9:00
2024,12,1,10,116.11,116.7,01/12/2024 10:00
2024,12,1,11,109.48,109.48,01/12/2024 11:00
2024,12,1,12,96.07,96.07,01/12/2024 12:00
2024,12,1,13,91.89,91.89,01/12/2024 13:00
2024,12,1,14,82.9,82.9,01/12/2024 14:00
2024,12,1,15,77.93,77.93,01/12/2024 15:00
2024,12,1,16,65,65,01/12/2024 16:00
2024,12,1,17,77.93,77.93,01/12/2024 17:00
2024,12,1,18,92.1,92.1,01/12/2024 18:00
2024,12,1,19,98.4,98.4,01/12/2024 19:00
2024,12,1,20,107,107,01/12/2024 20:00
2024,12,1,21,107.17,107.17,01/12/2024 21:00
2024,12,1,22,105,105,01/12/2024 22:00
2024,12,1,23,98.4,98.4,01/12/2024 23:00
2024,12,1,24,86.1,86.1,02/12/2024 0:00
2024,12,2,1,64.25,64.25,02/12/2024 1:00
2024,12,2,2,57,57,02/12/2024 2:00
2024,12,2,3,59.4,59.4,02/12/2024 3:00
2024,12,2,4,57.5,57.5,02/12/2024 4:00
2024,12,2,5,65,65,02/12/2024 5:00
2024,12,2,6,65.5,65.5,02/12/2024 6:00
2024,12,2,7,67.99,67.99,02/12/2024 7:00
2024,12,2,8,85.33,85.33,02/12/2024 8:00
2024,12,2,9,97.67,97.67,02/12/2024 9:00
2024,12,2,10,88.31,88.31,02/12/2024 10:00
2024,12,2,11,67.5,67.5,02/12/2024 11:00
2024,12,2,12,60,60,02/12/2024 12:00
2024,12,2,13,57,57,02/12/2024 13:00
2024,12,2,14,57.5,57.5,02/12/2024 14:00
2024,12,2,15,56,56,02/12/2024 15:00
2024,12,2,16,57.5,57.5,02/12/2024 16:00
2024,12,2,17,67.9,67.9,02/12/2024 17:00
2024,12,2,18,105.03,105.03,02/12/2024 18:00
2024,12,2,19,116.36,116.36,02/12/2024 19:00
2024,12,2,20,129.64,129.64,02/12/2024 20:00
2024,12,2,21,122.63,122.63,02/12/2024 21:00
2024,12,2,22,116.83,116.83,02/12/2024 22:00
2024,12,2,23,112.78,112.78,02/12/2024 23:00
2024,12,2,24,110,110,03/12/2024 0:00
2024,12,3,1,97.67,97.67,03/12/2024 1:00
2024,12,3,2,92,92,03/12/2024 2:00
2024,12,3,3,87.62,87.62,03/12/2024 3:00
2024,12,3,4,88.57,88.57,03/12/2024 4:00
2024,12,3,5,87.02,87.02,03/12/2024 5:00
2024,12,3,6,82.99,82.99,03/12/2024 6:00
2024,12,3,7,79,79,03/12/2024 7:00
2024,12,3,8,80,80,03/12/2024 8:00
2024,12,3,9,80,80,03/12/2024 9:00
2024,12,3,10,85,85,03/12/2024 10:00
2024,12,3,11,61.5,61.5,03/12/2024 11:00
2024,12,3,12,60.1,60.1,03/12/2024 12:00
2024,12,3,13,60,60,03/12/2024 13:00
2024,12,3,14,60.1,60.1,03/12/2024 14:00
2024,12,3,15,60.1,60.1,03/12/2024 15:00
2024,12,3,16,60.1,60.1,03/12/2024 16:00
2024,12,3,17,75,75,03/12/2024 17:00
2024,12,3,18,95,95,03/12/2024 18:00
2024,12,3,19,88,88,03/12/2024 19:00
2024,12,3,20,94.95,94.95,03/12/2024 20:00
2024,12,3,21,96,96,03/12/2024 21:00
2024,12,3,22,89,89,03/12/2024 22:00
2024,12,3,23,80.5,80.5,03/12/2024 23:00
2024,12,3,24,77.93,77.93,04/12/2024 0:00
2024,12,4,1,58.1,58.1,04/12/2024 1:00
2024,12,4,2,57.4,57.4,04/12/2024 2:00
2024,12,4,3,50,50,04/12/2024 3:00
2024,12,4,4,48.52,48.52,04/12/2024 4:00
2024,12,4,5,45.1,45.1,04/12/2024 5:00
2024,12,4,6,50,50,04/12/2024 6:00
2024,12,4,7,60.5,60.5,04/12/2024 7:00
2024,12,4,8,87.38,87.38,04/12/2024 8:00
2024,12,4,9,89.81,89.81,04/12/2024 9:00
2024,12,4,10,88.57,88.57,04/12/2024 10:00
2024,12,4,11,82.3,82.3,04/12/2024 11:00
2024,12,4,12,72,72,04/12/2024 12:00
2024,12,4,13,65.14,65.14,04/12/2024 13:00
2024,12,4,14,60.1,60.1,04/12/2024 14:00
2024,12,4,15,59.5,59.5,04/12/2024 15:00
2024,12,4,16,60.39,60.39,04/12/2024 16:00
2024,12,4,17,70,70,04/12/2024 17:00
2024,12,4,18,97.73,97.73,04/12/2024 18:00
2024,12,4,19,115.91,115.91,04/12/2024 19:00
2024,12,4,20,123.02,123.02,04/12/2024 20:00
2024,12,4,21,115,115,04/12/2024 21:00
2024,12,4,22,105.55,105.55,04/12/2024 22:00
2024,12,4,23,100,100,04/12/2024 23:00
2024,12,4,24,91.76,91.76,05/12/2024 0:00
2024,12,5,1,90.85,90.85,05/12/2024 1:00
2024,12,5,2,88.01,88.01,05/12/2024 2:00
2024,12,5,3,85.73,85.73,05/12/2024 3:00
2024,12,5,4,83.62,83.62,05/12/2024 4:00
2024,12,5,5,84.71,84.71,05/12/2024 5:00
2024,12,5,6,91.02,91.02,05/12/2024 6:00
2024,12,5,7,108,108,05/12/2024 7:00
2024,12,5,8,113.96,113.96,05/12/2024 8:00
2024,12,5,9,119.49,123.32,05/12/2024 9:00
2024,12,5,10,122.38,122.38,05/12/2024 10:00
2024,12,5,11,120.55,120.55,05/12/2024 11:00
2024,12,5,12,115.3,115.3,05/12/2024 12:00
2024,12,5,13,116.1,116.1,05/12/2024 13:00
2024,12,5,14,116.1,116.1,05/12/2024 14:00
2024,12,5,15,115.25,115.25,05/12/2024 15:00
2024,12,5,16,115.25,115.25,05/12/2024 16:00
2024,12,5,17,128,128,05/12/2024 17:00
2024,12,5,18,133.48,146.79,05/12/2024 18:00
2024,12,5,19,147.47,147.47,05/12/2024 19:00
2024,12,5,20,141.56,141.56,05/12/2024 20:00
2024,12,5,21,128.63,128.63,05/12/2024 21:00
2024,12,5,22,117.83,117.83,05/12/2024 22:00
2024,12,5,23,111.55,111.55,05/12/2024 23:00
2024,12,5,24,103.28,103.28,06/12/2024 0:00
2024,12,6,1,94.97,94.97,06/12/2024 1:00
2024,12,6,2,93.1,93.1,06/12/2024 2:00
2024,12,6,3,92.57,92.57,06/12/2024 3:00
2024,12,6,4,90.96,90.96,06/12/2024 4:00
2024,12,6,5,90.59,90.59,06/12/2024 5:00
2024,12,6,6,93.89,93.89,06/12/2024 6:00
2024,12,6,7,92,92,06/12/2024 7:00
2024,12,6,8,105.55,105.55,06/12/2024 8:00
2024,12,6,9,108.33,108.33,06/12/2024 9:00
2024,12,6,10,112.57,112.57,06/12/2024 10:00
2024,12,6,11,109.07,109.07,06/12/2024 11:00
2024,12,6,12,105.55,105.55,06/12/2024 12:00
2024,12,6,13,105.55,105.55,06/12/2024 13:00
2024,12,6,14,106.88,106.88,06/12/2024 14:00
2024,12,6,15,107.03,107.03,06/12/2024 15:00
2024,12,6,16,108.25,108.25,06/12/2024 16:00
2024,12,6,17,112.25,112.25,06/12/2024 17:00
2024,12,6,18,114.3,114.3,06/12/2024 18:00
2024,12,6,19,120.87,120.87,06/12/2024 19:00
2024,12,6,20,125.96,125.96,06/12/2024 20:00
2024,12,6,21,129.91,129.91,06/12/2024 21:00
2024,12,6,22,115.68,115.68,06/12/2024 22:00
2024,12,6,23,107.33,107.33,06/12/2024 23:00
2024,12,6,24,100,100,07/12/2024 0:00
2024,12,7,1,95,95,07/12/2024 1:00
2024,12,7,2,91.46,91.46,07/12/2024 2:00
2024,12,7,3,89,89,07/12/2024 3:00
2024,12,7,4,74.8,74.8,07/12/2024 4:00
2024,12,7,5,70,70,07/12/2024 5:00
2024,12,7,6,70,70,07/12/2024 6:00
2024,12,7,7,81.1,81.1,07/12/2024 7:00
2024,12,7,8,95,95,07/12/2024 8:00
2024,12,7,9,95,95,07/12/2024 9:00
2024,12,7,10,91.46,91.46,07/12/2024 10:00
2024,12,7,11,81.1,81.1,07/12/2024 11:00
2024,12,7,12,75,75,07/12/2024 12:00
2024,12,7,13,81.92,81.92,07/12/2024 13:00
2024,12,7,14,84.36,84.36,07/12/2024 14:00
2024,12,7,15,75.01,75.01,07/12/2024 15:00
2024,12,7,16,82.44,82.44,07/12/2024 16:00
2024,12,7,17,85,85,07/12/2024 17:00
2024,12,7,18,93.12,93.12,07/12/2024 18:00
2024,12,7,19,93.5,93.5,07/12/2024 19:00
2024,12,7,20,93.41,93.41,07/12/2024 20:00
2024,12,7,21,92.54,92.54,07/12/2024 21:00
2024,12,7,22,94.14,94.14,07/12/2024 22:00
2024,12,7,23,92.4,92.4,07/12/2024 23:00
2024,12,7,24,65,65,08/12/2024 0:00
2024,12,8,1,37.94,37.94,08/12/2024 1:00
2024,12,8,2,16.66,16.66,08/12/2024 2:00
2024,12,8,3,14.72,14.72,08/12/2024 3:00
2024,12,8,4,4.3,4.3,08/12/2024 4:00
2024,12,8,5,4.3,4.3,08/12/2024 5:00
2024,12,8,6,4.3,4.3,08/12/2024 6:00
2024,12,8,7,4.3,4.3,08/12/2024 7:00
2024,12,8,8,5,5,08/12/2024 8:00
2024,12,8,9,14.81,14.81,08/12/2024 9:00
2024,12,8,10,14,14,08/12/2024 10:00
2024,12,8,11,5,5,08/12/2024 11:00
2024,12,8,12,4.3,4.3,08/12/2024 12:00
2024,12,8,13,4.3,4.3,08/12/2024 13:00
2024,12,8,14,4.3,4.3,08/12/2024 14:00
2024,12,8,15,4.3,4.3,08/12/2024 15:00
2024,12,8,16,4.3,4.3,08/12/2024 16:00
2024,12,8,17,16.66,16.66,08/12/2024 17:00
2024,12,8,18,39.98,39.98,08/12/2024 18:00
2024,12,8,19,47.5,47.5,08/12/2024 19:00
2024,12,8,20,62.29,62.29,08/12/2024 20:00
2024,12,8,21,63.37,63.37,08/12/2024 21:00
2024,12,8,22,58,58,08/12/2024 22:00
2024,12,8,23,46.5,46.5,08/12/2024 23:00
2024,12,8,24,41.6,41.6,09/12/2024 0:00
2024,12,9,1,41,41,09/12/2024 1:00
2024,12,9,2,30.57,30.57,09/12/2024 2:00
2024,12,9,3,20.87,20.87,09/12/2024 3:00
2024,12,9,4,18.37,18.37,09/12/2024 4:00
2024,12,9,5,16.66,16.66,09/12/2024 5:00
2024,12,9,6,16.66,16.66,09/12/2024 6:00
2024,12,9,7,18.3,18.3,09/12/2024 7:00
2024,12,9,8,20,20,09/12/2024 8:00
2024,12,9,9,30,30,09/12/2024 9:00
2024,12,9,10,32.95,32.95,09/12/2024 10:00
2024,12,9,11,21,21,09/12/2024 11:00
2024,12,9,12,18.47,18.47,09/12/2024 12:00
2024,12,9,13,18.37,18.37,09/12/2024 13:00
2024,12,9,14,18.47,18.47,09/12/2024 14:00
2024,12,9,15,18.47,18.47,09/12/2024 15:00
2024,12,9,16,21.25,21.25,09/12/2024 16:00
2024,12,9,17,40,40,09/12/2024 17:00
2024,12,9,18,60,60,09/12/2024 18:00
2024,12,9,19,76,76,09/12/2024 19:00
2024,12,9,20,76.27,76.27,09/12/2024 20:00
2024,12,9,21,68.43,68.43,09/12/2024 21:00
2024,12,9,22,63.26,63.26,09/12/2024 22:00
2024,12,9,23,57.87,57.87,09/12/2024 23:00
2024,12,9,24,46.18,46.18,10/12/2024 0:00
2024,12,10,1,35.45,35.45,10/12/2024 1:00
2024,12,10,2,22.21,22.21,10/12/2024 2:00
2024,12,10,3,18.53,16.66,10/12/2024 3:00
2024,12,10,4,18.53,16.66,10/12/2024 4:00
2024,12,10,5,18.53,15.8,10/12/2024 5:00
2024,12,10,6,18.53,18.53,10/12/2024 6:00
2024,12,10,7,24.32,24.32,10/12/2024 7:00
2024,12,10,8,42.1,42.1,10/12/2024 8:00
2024,12,10,9,45.5,45.5,10/12/2024 9:00
2024,12,10,10,45.1,45.1,10/12/2024 10:00
2024,12,10,11,42.1,42.1,10/12/2024 11:00
2024,12,10,12,42,42,10/12/2024 12:00
2024,12,10,13,39.1,39.1,10/12/2024 13:00
2024,12,10,14,39.99,39.99,10/12/2024 14:00
2024,12,10,15,39,39,10/12/2024 15:00
2024,12,10,16,36.6,36.6,10/12/2024 16:00
2024,12,10,17,45,45,10/12/2024 17:00
2024,12,10,18,50,50,10/12/2024 18:00
2024,12,10,19,57.06,57.06,10/12/2024 19:00
2024,12,10,20,62.4,62.4,10/12/2024 20:00
2024,12,10,21,55.4,55.4,10/12/2024 21:00
2024,12,10,22,50,50,10/12/2024 22:00
2024,12,10,23,47,47,10/12/2024 23:00
2024,12,10,24,45.5,45.5,11/12/2024 0:00
2024,12,11,1,35,35,11/12/2024 1:00
2024,12,11,2,16.66,16.66,11/12/2024 2:00
2024,12,11,3,13.98,13.98,11/12/2024 3:00
2024,12,11,4,10,10,11/12/2024 4:00
2024,12,11,5,13.24,13.24,11/12/2024 5:00
2024,12,11,6,37.02,37.02,11/12/2024 6:00
2024,12,11,7,66.01,66.01,11/12/2024 7:00
2024,12,11,8,86.82,86.82,11/12/2024 8:00
2024,12,11,9,101.65,101.65,11/12/2024 9:00
2024,12,11,10,91.5,91.5,11/12/2024 10:00
2024,12,11,11,84.73,84.73,11/12/2024 11:00
2024,12,11,12,77.78,77.78,11/12/2024 12:00
2024,12,11,13,74.88,74.88,11/12/2024 13:00
2024,12,11,14,74.01,74.01,11/12/2024 14:00
2024,12,11,15,77.59,77.59,11/12/2024 15:00
2024,12,11,16,83.13,83.13,11/12/2024 16:00
2024,12,11,17,86.1,86.1,11/12/2024 17:00
2024,12,11,18,117.61,117.61,11/12/2024 18:00
2024,12,11,19,123.57,123.57,11/12/2024 19:00
2024,12,11,20,122.01,122.01,11/12/2024 20:00
2024,12,11,21,114.41,114.41,11/12/2024 21:00
2024,12,11,22,99.97,99.97,11/12/2024 22:00
2024,12,11,23,96.6,96.6,11/12/2024 23:00
2024,12,11,24,86.82,86.82,12/12/2024 0:00
2024,12,12,1,66.01,66.01,12/12/2024 1:00
2024,12,12,2,66.01,66.01,12/12/2024 2:00
2024,12,12,3,52.24,52.24,12/12/2024 3:00
2024,12,12,4,50,50,12/12/2024 4:00
2024,12,12,5,49,49,12/12/2024 5:00
2024,12,12,6,51.73,51.73,12/12/2024 6:00
2024,12,12,7,60,60,12/12/2024 7:00
2024,12,12,8,73,73,12/12/2024 8:00
2024,12,12,9,77,77,12/12/2024 9:00
2024,12,12,10,75,75,12/12/2024 10:00
2024,12,12,11,74.28,74.28,12/12/2024 11:00
2024,12,12,12,70.21,70.21,12/12/2024 12:00
2024,12,12,13,60,60,12/12/2024 13:00
2024,12,12,14,52.76,52.76,12/12/2024 14:00
2024,12,12,15,53.99,53.99,12/12/2024 15:00
2024,12,12,16,70.2,70.2,12/12/2024 16:00
2024,12,12,17,84.82,84.82,12/12/2024 17:00
2024,12,12,18,82.1,82.1,12/12/2024 18:00
2024,12,12,19,91.01,91.01,12/12/2024 19:00
2024,12,12,20,92.13,92.13,12/12/2024 20:00
2024,12,12,21,90.88,90.88,12/12/2024 21:00
2024,12,12,22,84.1,84.1,12/12/2024 22:00
2024,12,12,23,77,77,12/12/2024 23:00
2024,12,12,24,66.01,66.01,13/12/2024 0:00
2024,12,13,1,50,50,13/12/2024 1:00
2024,12,13,2,44.99,44.99,13/12/2024 2:00
2024,12,13,3,42.24,42.24,13/12/2024 3:00
2024,12,13,4,40.7,40.7,13/12/2024 4:00
2024,12,13,5,39.98,39.98,13/12/2024 5:00
2024,12,13,6,40.7,40.7,13/12/2024 6:00
2024,12,13,7,44.63,44.63,13/12/2024 7:00
2024,12,13,8,47,47,13/12/2024 8:00
2024,12,13,9,71,71,13/12/2024 9:00
2024,12,13,10,77.9,77.9,13/12/2024 10:00
2024,12,13,11,60.1,60.1,13/12/2024 11:00
2024,12,13,12,45.1,45.1,13/12/2024 12:00
2024,12,13,13,43.6,43.6,13/12/2024 13:00
2024,12,13,14,42.24,42.24,13/12/2024 14:00
2024,12,13,15,40.72,40.72,13/12/2024 15:00
2024,12,13,16,42.24,42.24,13/12/2024 16:00
2024,12,13,17,48.85,48.85,13/12/2024 17:00
2024,12,13,18,74.88,74.88,13/12/2024 18:00
2024,12,13,19,80,80,13/12/2024 19:00
2024,12,13,20,87.9,87.9,13/12/2024 20:00
2024,12,13,21,90.1,90.1,13/12/2024 21:00
2024,12,13,22,85.01,85.01,13/12/2024 22:00
2024,12,13,23,71.04,71.04,13/12/2024 23:00
2024,12,13,24,64,64,14/12/2024 0:00
2024,12,14,1,55,55,14/12/2024 1:00
2024,12,14,2,50.5,50.5,14/12/2024 2:00
2024,12,14,3,49.24,49.24,14/12/2024 3:00
2024,12,14,4,49.24,49.24,14/12/2024 4:00
2024,12,14,5,49,49,14/12/2024 5:00
2024,12,14,6,50,50,14/12/2024 6:00
2024,12,14,7,57,57,14/12/2024 7:00
2024,12,14,8,75,75,14/12/2024 8:00
2024,12,14,9,85,85,14/12/2024 9:00
2024,12,14,10,65,65,14/12/2024 10:00
2024,12,14,11,51,51,14/12/2024 11:00
2024,12,14,12,48.57,48.57,14/12/2024 12:00
2024,12,14,13,49.24,47,14/12/2024 13:00
2024,12,14,14,49.24,48.3,14/12/2024 14:00
2024,12,14,15,49.24,49,14/12/2024 15:00
2024,12,14,16,51,51,14/12/2024 16:00
2024,12,14,17,62.38,62.38,14/12/2024 17:00
2024,12,14,18,89.68,89.68,14/12/2024 18:00
2024,12,14,19,102.37,102.37,14/12/2024 19:00
2024,12,14,20,103.15,103.15,14/12/2024 20:00
2024,12,14,21,102.37,102.37,14/12/2024 21:00
2024,12,14,22,96.2,96.2,14/12/2024 22:00
2024,12,14,23,92.64,92.64,14/12/2024 23:00
2024,12,14,24,85.57,85.57,15/12/2024 0:00
2024,12,15,1,86.04,86.04,15/12/2024 1:00
2024,12,15,2,82.85,82.85,15/12/2024 2:00
2024,12,15,3,80,80,15/12/2024 3:00
2024,12,15,4,76.44,76.44,15/12/2024 4:00
2024,12,15,5,75.16,75.16,15/12/2024 5:00
2024,12,15,6,78.97,78.97,15/12/2024 6:00
2024,12,15,7,83,83,15/12/2024 7:00
2024,12,15,8,90.98,90.98,15/12/2024 8:00
2024,12,15,9,90,90,15/12/2024 9:00
2024,12,15,10,76.44,76.44,15/12/2024 10:00
2024,12,15,11,58,58,15/12/2024 11:00
2024,12,15,12,54.12,54.12,15/12/2024 12:00
2024,12,15,13,54,54,15/12/2024 13:00
2024,12,15,14,50.98,50.98,15/12/2024 14:00
2024,12,15,15,50.24,50.24,15/12/2024 15:00
2024,12,15,16,51.47,51.47,15/12/2024 16:00
2024,12,15,17,58.15,58.15,15/12/2024 17:00
2024,12,15,18,80.5,80.5,15/12/2024 18:00
2024,12,15,19,90,90,15/12/2024 19:00
2024,12,15,20,90.93,90.93,15/12/2024 20:00
2024,12,15,21,90.3,90.3,15/12/2024 21:00
2024,12,15,22,88.36,88.36,15/12/2024 22:00
2024,12,15,23,82.89,82.89,15/12/2024 23:00
2024,12,15,24,76.71,76.71,16/12/2024 0:00
2024,12,16,1,67.2,67.2,16/12/2024 1:00
2024,12,16,2,63.21,63.21,16/12/2024 2:00
2024,12,16,3,60.37,60.37,16/12/2024 3:00
2024,12,16,4,58,58,16/12/2024 4:00
2024,12,16,5,54.1,54.1,16/12/2024 5:00
2024,12,16,6,55.64,55.64,16/12/2024 6:00
2024,12,16,7,59.34,59.34,16/12/2024 7:00
2024,12,16,8,65.1,65.1,16/12/2024 8:00
2024,12,16,9,79.89,79.89,16/12/2024 9:00
2024,12,16,10,85.5,85.5,16/12/2024 10:00
2024,12,16,11,82.43,82.43,16/12/2024 11:00
2024,12,16,12,76.37,76.37,16/12/2024 12:00
2024,12,16,13,71.92,71.92,16/12/2024 13:00
2024,12,16,14,70.8,70.8,16/12/2024 14:00
2024,12,16,15,75.74,75.74,16/12/2024 15:00
2024,12,16,16,80.5,80.5,16/12/2024 16:00
2024,12,16,17,84.33,84.33,16/12/2024 17:00
2024,12,16,18,93.38,93.38,16/12/2024 18:00
2024,12,16,19,101.98,101.98,16/12/2024 19:00
2024,12,16,20,104.34,104.34,16/12/2024 20:00
2024,12,16,21,105,105,16/12/2024 21:00
2024,12,16,22,104.81,104.81,16/12/2024 22:00
2024,12,16,23,101.62,101.62,16/12/2024 23:00
2024,12,16,24,99.9,99.9,17/12/2024 0:00
2024,12,17,1,92.96,92.96,17/12/2024 1:00
2024,12,17,2,81.6,81.6,17/12/2024 2:00
2024,12,17,3,70.64,70.64,17/12/2024 3:00
2024,12,17,4,70,70,17/12/2024 4:00
2024,12,17,5,69.4,69.4,17/12/2024 5:00
2024,12,17,6,68.15,68.15,17/12/2024 6:00
2024,12,17,7,69.4,69.4,17/12/2024 7:00
2024,12,17,8,70.1,70.1,17/12/2024 8:00
2024,12,17,9,75,75,17/12/2024 9:00
2024,12,17,10,68.1,68.1,17/12/2024 10:00
2024,12,17,11,54.43,54.43,17/12/2024 11:00
2024,12,17,12,49,49,17/12/2024 12:00
2024,12,17,13,43.71,43.71,17/12/2024 13:00
2024,12,17,14,46.5,46.5,17/12/2024 14:00
2024,12,17,15,47.5,47.5,17/12/2024 15:00
2024,12,17,16,58.12,58.12,17/12/2024 16:00
2024,12,17,17,67,67,17/12/2024 17:00
2024,12,17,18,92.96,92.96,17/12/2024 18:00
2024,12,17,19,105.47,105.47,17/12/2024 19:00
2024,12,17,20,107.05,107.05,17/12/2024 20:00
2024,12,17,21,114.06,114.06,17/12/2024 21:00
2024,12,17,22,110.34,110.34,17/12/2024 22:00
2024,12,17,23,103.28,103.28,17/12/2024 23:00
2024,12,17,24,95.9,95.9,18/12/2024 0:00
2024,12,18,1,81.6,81.6,18/12/2024 1:00
2024,12,18,2,80,80,18/12/2024 2:00
2024,12,18,3,76.85,76.85,18/12/2024 3:00
2024,12,18,4,75.54,75.54,18/12/2024 4:00
2024,12,18,5,75.1,75.1,18/12/2024 5:00
2024,12,18,6,76.22,76.22,18/12/2024 6:00
2024,12,18,7,84.79,84.79,18/12/2024 7:00
2024,12,18,8,105.21,105.21,18/12/2024 8:00
2024,12,18,9,109.97,109.97,18/12/2024 9:00
2024,12,18,10,105.21,105.21,18/12/2024 10:00
2024,12,18,11,89.03,89.03,18/12/2024 11:00
2024,12,18,12,81.17,81.17,18/12/2024 12:00
2024,12,18,13,74.89,74.89,18/12/2024 13:00
2024,12,18,14,75.16,75.16,18/12/2024 14:00
2024,12,18,15,81.75,81.75,18/12/2024 15:00
2024,12,18,16,84.3,84.3,18/12/2024 16:00
2024,12,18,17,95.83,95.83,18/12/2024 17:00
2024,12,18,18,108.32,108.32,18/12/2024 18:00
2024,12,18,19,119.47,119.47,18/12/2024 19:00
2024,12,18,20,150,150,18/12/2024 20:00
2024,12,18,21,174,174,18/12/2024 21:00
2024,12,18,22,129.47,129.47,18/12/2024 22:00
2024,12,18,23,110,110,18/12/2024 23:00
2024,12,18,24,105.71,105.71,19/12/2024 0:00
2024,12,19,1,94.28,94.28,19/12/2024 1:00
2024,12,19,2,90.54,90.54,19/12/2024 2:00
2024,12,19,3,79.14,79.14,19/12/2024 3:00
2024,12,19,4,75,75,19/12/2024 4:00
2024,12,19,5,71.05,71.05,19/12/2024 5:00
2024,12,19,6,75,75,19/12/2024 6:00
2024,12,19,7,91,91,19/12/2024 7:00
2024,12,19,8,100.52,100.52,19/12/2024 8:00
2024,12,19,9,109.58,109.58,19/12/2024 9:00
2024,12,19,10,99.31,99.31,19/12/2024 10:00
2024,12,19,11,86.1,86.1,19/12/2024 11:00
2024,12,19,12,79.71,79.71,19/12/2024 12:00
2024,12,19,13,76.5,76.5,19/12/2024 13:00
2024,12,19,14,75.31,75.31,19/12/2024 14:00
2024,12,19,15,81,81,19/12/2024 15:00
2024,12,19,16,85.78,85.78,19/12/2024 16:00
2024,12,19,17,89.88,89.88,19/12/2024 17:00
2024,12,19,18,95.55,95.55,19/12/2024 18:00
2024,12,19,19,97.01,97.01,19/12/2024 19:00
2024,12,19,20,95.55,95.55,19/12/2024 20:00
2024,12,19,21,95.2,95.2,19/12/2024 21:00
2024,12,19,22,91,91,19/12/2024 22:00
2024,12,19,23,86.5,86.5,19/12/2024 23:00
2024,12,19,24,60,59.9,20/12/2024 0:00
2024,12,20,1,57.85,57.85,20/12/2024 1:00
2024,12,20,2,50.48,50.48,20/12/2024 2:00
2024,12,20,3,48,48,20/12/2024 3:00
2024,12,20,4,39.98,39.98,20/12/2024 4:00
2024,12,20,5,33.88,33.88,20/12/2024 5:00
2024,12,20,6,42.16,42.16,20/12/2024 6:00
2024,12,20,7,49.8,49.8,20/12/2024 7:00
2024,12,20,8,65.49,65.49,20/12/2024 8:00
2024,12,20,9,78.88,78.88,20/12/2024 9:00
2024,12,20,10,75.86,75.86,20/12/2024 10:00
2024,12,20,11,65.26,65.26,20/12/2024 11:00
2024,12,20,12,61.82,61.82,20/12/2024 12:00
2024,12,20,13,55,55,20/12/2024 13:00
2024,12,20,14,50.1,50.1,20/12/2024 14:00
2024,12,20,15,49.8,49.8,20/12/2024 15:00
2024,12,20,16,50.1,50.1,20/12/2024 16:00
2024,12,20,17,61.82,61.82,20/12/2024 17:00
2024,12,20,18,77.62,77.62,20/12/2024 18:00
2024,12,20,19,88.06,88.06,20/12/2024 19:00
2024,12,20,20,84.44,84.44,20/12/2024 20:00
2024,12,20,21,78.37,78.37,20/12/2024 21:00
2024,12,20,22,71.86,71.86,20/12/2024 22:00
2024,12,20,23,61.42,61.42,20/12/2024 23:00
2024,12,20,24,49.1,49.1,21/12/2024 0:00
2024,12,21,1,44,44,21/12/2024 1:00
2024,12,21,2,42.6,42.6,21/12/2024 2:00
2024,12,21,3,40.28,40.28,21/12/2024 3:00
2024,12,21,4,40,40,21/12/2024 4:00
2024,12,21,5,40.07,37.48,21/12/2024 5:00
2024,12,21,6,40.28,40.28,21/12/2024 6:00
2024,12,21,7,43.5,43.5,21/12/2024 7:00
2024,12,21,8,55.55,55.55,21/12/2024 8:00
2024,12,21,9,69.95,69.95,21/12/2024 9:00
2024,12,21,10,65,65,21/12/2024 10:00
2024,12,21,11,51.83,51.83,21/12/2024 11:00
2024,12,21,12,44.8,44.8,21/12/2024 12:00
2024,12,21,13,42.18,42.18,21/12/2024 13:00
2024,12,21,14,40.07,40,21/12/2024 14:00
2024,12,21,15,40.07,40,21/12/2024 15:00
2024,12,21,16,40.28,40.28,21/12/2024 16:00
2024,12,21,17,45.1,45.1,21/12/2024 17:00
2024,12,21,18,68,68,21/12/2024 18:00
2024,12,21,19,71.83,71.83,21/12/2024 19:00
2024,12,21,20,74.34,74.34,21/12/2024 20:00
2024,12,21,21,74.61,74.61,21/12/2024 21:00
2024,12,21,22,71.71,71.71,21/12/2024 22:00
2024,12,21,23,68,68,21/12/2024 23:00
2024,12,21,24,65.47,65.47,22/12/2024 0:00
2024,12,22,1,44.8,44.8,22/12/2024 1:00
2024,12,22,2,43.1,43.1,22/12/2024 2:00
2024,12,22,3,41,41,22/12/2024 3:00
2024,12,22,4,36.5,36.5,22/12/2024 4:00
2024,12,22,5,27.79,27.79,22/12/2024 5:00
2024,12,22,6,38,38,22/12/2024 6:00
2024,12,22,7,44.1,44.1,22/12/2024 7:00
2024,12,22,8,61.1,61.1,22/12/2024 8:00
2024,12,22,9,71.34,71.34,22/12/2024 9:00
2024,12,22,10,61.2,61.2,22/12/2024 10:00
2024,12,22,11,45,45,22/12/2024 11:00
2024,12,22,12,42.6,42.6,22/12/2024 12:00
2024,12,22,13,41,41,22/12/2024 13:00
2024,12,22,14,40,40,22/12/2024 14:00
2024,12,22,15,40,40,22/12/2024 15:00
2024,12,22,16,42.6,42.6,22/12/2024 16:00
2024,12,22,17,45.15,45.15,22/12/2024 17:00
2024,12,22,18,65,65,22/12/2024 18:00
2024,12,22,19,70.5,70.5,22/12/2024 19:00
2024,12,22,20,71.98,71.98,22/12/2024 20:00
2024,12,22,21,73.1,73.1,22/12/2024 21:00
2024,12,22,22,70.75,70.75,22/12/2024 22:00
2024,12,22,23,66.9,66.9,22/12/2024 23:00
2024,12,22,24,59,59,23/12/2024 0:00
2024,12,23,1,44.8,44.8,23/12/2024 1:00
2024,12,23,2,40.5,40.5,23/12/2024 2:00
2024,12,23,3,39.7,39.7,23/12/2024 3:00
2024,12,23,4,38.5,38.5,23/12/2024 4:00
2024,12,23,5,38.5,38.5,23/12/2024 5:00
2024,12,23,6,38.1,38.1,23/12/2024 6:00
2024,12,23,7,39,39,23/12/2024 7:00
2024,12,23,8,40.25,40.25,23/12/2024 8:00
2024,12,23,9,42.85,42.85,23/12/2024 9:00
2024,12,23,10,42.08,42.08,23/12/2024 10:00
2024,12,23,11,40.15,40.15,23/12/2024 11:00
2024,12,23,12,36.1,36.1,23/12/2024 12:00
2024,12,23,13,34.99,34.99,23/12/2024 13:00
2024,12,23,14,27.26,27.26,23/12/2024 14:00
2024,12,23,15,30,30,23/12/2024 15:00
2024,12,23,16,23.17,23.17,23/12/2024 16:00
2024,12,23,17,38,38,23/12/2024 17:00
2024,12,23,18,62,62,23/12/2024 18:00
2024,12,23,19,70.68,70.68,23/12/2024 19:00
2024,12,23,20,73.06,73.06,23/12/2024 20:00
2024,12,23,21,73.1,73.1,23/12/2024 21:00
2024,12,23,22,74.61,74.61,23/12/2024 22:00
2024,12,23,23,69.52,69.52,23/12/2024 23:00
2024,12,23,24,62,62,24/12/2024 0:00
2024,12,24,1,72.55,72.55,24/12/2024 1:00
2024,12,24,2,69.5,69.5,24/12/2024 2:00
2024,12,24,3,66.34,66.34,24/12/2024 3:00
2024,12,24,4,60,60,24/12/2024 4:00
2024,12,24,5,61.16,61.16,24/12/2024 5:00
2024,12,24,6,60,60,24/12/2024 6:00
2024,12,24,7,57,57,24/12/2024 7:00
2024,12,24,8,66.34,66.34,24/12/2024 8:00
2024,12,24,9,70,70,24/12/2024 9:00
2024,12,24,10,70.5,70.5,24/12/2024 10:00
2024,12,24,11,59.52,59.52,24/12/2024 11:00
2024,12,24,12,47.86,47.86,24/12/2024 12:00
2024,12,24,13,47.6,47.6,24/12/2024 13:00
2024,12,24,14,48.99,48.99,24/12/2024 14:00
2024,12,24,15,47.6,47.6,24/12/2024 15:00
2024,12,24,16,46.99,46.99,24/12/2024 16:00
2024,12,24,17,68.45,68.45,24/12/2024 17:00
2024,12,24,18,77.57,77.57,24/12/2024 18:00
2024,12,24,19,101.55,101.55,24/12/2024 19:00
2024,12,24,20,109.3,109.3,24/12/2024 20:00
2024,12,24,21,109.3,109.3,24/12/2024 21:00
2024,12,24,22,92.85,92.85,24/12/2024 22:00
2024,12,24,23,76.93,76.93,24/12/2024 23:00
2024,12,24,24,72.23,72.23,25/12/2024 0:00
2024,12,25,1,75,75,25/12/2024 1:00
2024,12,25,2,69.03,69.03,25/12/2024 2:00
2024,12,25,3,59.9,59.9,25/12/2024 3:00
2024,12,25,4,61.16,61.16,25/12/2024 4:00
2024,12,25,5,49.3,49.3,25/12/2024 5:00
2024,12,25,6,49.3,49.3,25/12/2024 6:00
2024,12,25,7,50,50,25/12/2024 7:00
2024,12,25,8,54.9,54.9,25/12/2024 8:00
2024,12,25,9,68.96,68.96,25/12/2024 9:00
2024,12,25,10,54.9,54.9,25/12/2024 10:00
2024,12,25,11,49.6,49.6,25/12/2024 11:00
2024,12,25,12,49.3,49.3,25/12/2024 12:00
2024,12,25,13,49.3,49.3,25/12/2024 13:00
2024,12,25,14,49.3,49.3,25/12/2024 14:00
2024,12,25,15,48.6,48.6,25/12/2024 15:00
2024,12,25,16,47.79,47.79,25/12/2024 16:00
2024,12,25,17,53.5,53.5,25/12/2024 17:00
2024,12,25,18,78.39,78.39,25/12/2024 18:00
2024,12,25,19,85.02,85.02,25/12/2024 19:00
2024,12,25,20,83.61,83.61,25/12/2024 20:00
2024,12,25,21,83.46,83.46,25/12/2024 21:00
2024,12,25,22,83.46,83.46,25/12/2024 22:00
2024,12,25,23,83.46,83.46,25/12/2024 23:00
2024,12,25,24,76.94,76.94,26/12/2024 0:00
2024,12,26,1,93.24,93.24,26/12/2024 1:00
2024,12,26,2,90.78,90.78,26/12/2024 2:00
2024,12,26,3,90.78,90.78,26/12/2024 3:00
2024,12,26,4,80,80,26/12/2024 4:00
2024,12,26,5,77.82,77.82,26/12/2024 5:00
2024,12,26,6,82,82,26/12/2024 6:00
2024,12,26,7,94,94,26/12/2024 7:00
2024,12,26,8,96.4,96.4,26/12/2024 8:00
2024,12,26,9,97.7,97.7,26/12/2024 9:00
2024,12,26,10,96.96,96.96,26/12/2024 10:00
2024,12,26,11,94.1,94.1,26/12/2024 11:00
2024,12,26,12,90.78,90.78,26/12/2024 12:00
2024,12,26,13,82,82,26/12/2024 13:00
2024,12,26,14,76.47,76.47,26/12/2024 14:00
2024,12,26,15,73.37,73.37,26/12/2024 15:00
2024,12,26,16,73.02,73.02,26/12/2024 16:00
2024,12,26,17,89,89,26/12/2024 17:00
2024,12,26,18,97.12,97.12,26/12/2024 18:00
2024,12,26,19,111.93,111.93,26/12/2024 19:00
2024,12,26,20,110.89,110.89,26/12/2024 20:00
2024,12,26,21,141.2,141.2,26/12/2024 21:00
2024,12,26,22,109.21,109.21,26/12/2024 22:00
2024,12,26,23,99.46,99.46,26/12/2024 23:00
2024,12,26,24,94.78,94.78,27/12/2024 0:00
2024,12,27,1,78.59,78,27/12/2024 1:00
2024,12,27,2,76.47,75,27/12/2024 2:00
2024,12,27,3,58.59,58.59,27/12/2024 3:00
2024,12,27,4,54.1,54.1,27/12/2024 4:00
2024,12,27,5,53.4,50.18,27/12/2024 5:00
2024,12,27,6,53.4,53.4,27/12/2024 6:00
2024,12,27,7,65.1,65.1,27/12/2024 7:00
2024,12,27,8,80.2,80.2,27/12/2024 8:00
2024,12,27,9,91.75,91.75,27/12/2024 9:00
2024,12,27,10,87,87,27/12/2024 10:00
2024,12,27,11,76,76,27/12/2024 11:00
2024,12,27,12,68,68,27/12/2024 12:00
2024,12,27,13,64.39,64.39,27/12/2024 13:00
2024,12,27,14,62.98,62.98,27/12/2024 14:00
2024,12,27,15,64.39,64.39,27/12/2024 15:00
2024,12,27,16,65.64,65.64,27/12/2024 16:00
2024,12,27,17,74,74,27/12/2024 17:00
2024,12,27,18,82,82,27/12/2024 18:00
2024,12,27,19,109.18,109.18,27/12/2024 19:00
2024,12,27,20,111.49,111.49,27/12/2024 20:00
2024,12,27,21,121.53,121.53,27/12/2024 21:00
2024,12,27,22,120.38,120.38,27/12/2024 22:00
2024,12,27,23,105,105,27/12/2024 23:00
2024,12,27,24,90.78,90.78,28/12/2024 0:00
2024,12,28,1,95.62,95.62,28/12/2024 1:00
2024,12,28,2,87.99,87.99,28/12/2024 2:00
2024,12,28,3,78.56,78.56,28/12/2024 3:00
2024,12,28,4,76.2,76.2,28/12/2024 4:00
2024,12,28,5,75.18,75.18,28/12/2024 5:00
2024,12,28,6,76.46,76.46,28/12/2024 6:00
2024,12,28,7,90.78,90.78,28/12/2024 7:00
2024,12,28,8,101.11,101.11,28/12/2024 8:00
2024,12,28,9,108.37,108.37,28/12/2024 9:00
2024,12,28,10,108.45,108.45,28/12/2024 10:00
2024,12,28,11,96.96,96.96,28/12/2024 11:00
2024,12,28,12,90,90,28/12/2024 12:00
2024,12,28,13,81.48,81.48,28/12/2024 13:00
2024,12,28,14,90.1,90.1,28/12/2024 14:00
2024,12,28,15,90.78,90.78,28/12/2024 15:00
2024,12,28,16,91.75,91.75,28/12/2024 16:00
2024,12,28,17,103.01,103.01,28/12/2024 17:00
2024,12,28,18,111.61,111.61,28/12/2024 18:00
2024,12,28,19,117.98,117.98,28/12/2024 19:00
2024,12,28,20,121.5,121.5,28/12/2024 20:00
2024,12,28,21,128.46,128.46,28/12/2024 21:00
2024,12,28,22,122.02,122.02,28/12/2024 22:00
2024,12,28,23,112.12,112.12,28/12/2024 23:00
2024,12,28,24,100.15,100.15,29/12/2024 0:00
2024,12,29,1,102.07,102.07,29/12/2024 1:00
2024,12,29,2,95.15,95.15,29/12/2024 2:00
2024,12,29,3,94.37,94.37,29/12/2024 3:00
2024,12,29,4,93.9,93.9,29/12/2024 4:00
2024,12,29,5,87.38,87.38,29/12/2024 5:00
2024,12,29,6,87,87,29/12/2024 6:00
2024,12,29,7,93,93,29/12/2024 7:00
2024,12,29,8,105.19,105.19,29/12/2024 8:00
2024,12,29,9,109.62,109.62,29/12/2024 9:00
2024,12,29,10,107.79,107.79,29/12/2024 10:00
2024,12,29,11,105,105,29/12/2024 11:00
2024,12,29,12,96.99,96.99,29/12/2024 12:00
2024,12,29,13,100,100,29/12/2024 13:00
2024,12,29,14,97,97,29/12/2024 14:00
2024,12,29,15,94.02,94.02,29/12/2024 15:00
2024,12,29,16,95.21,95.21,29/12/2024 16:00
2024,12,29,17,103,103,29/12/2024 17:00
2024,12,29,18,110.13,110.13,29/12/2024 18:00
2024,12,29,19,122.4,122.4,29/12/2024 19:00
2024,12,29,20,123.76,123.76,29/12/2024 20:00
2024,12,29,21,126.72,126.72,29/12/2024 21:00
2024,12,29,22,123.24,123.24,29/12/2024 22:00
2024,12,29,23,109,109,29/12/2024 23:00
2024,12,29,24,102.07,102.07,30/12/2024 0:00
2024,12,30,1,86.31,86.31,30/12/2024 1:00
2024,12,30,2,82.33,82.33,30/12/2024 2:00
2024,12,30,3,78.77,78.77,30/12/2024 3:00
2024,12,30,4,70,70,30/12/2024 4:00
2024,12,30,5,62.06,62.06,30/12/2024 5:00
2024,12,30,6,59.01,59.01,30/12/2024 6:00
2024,12,30,7,76.02,76.02,30/12/2024 7:00
2024,12,30,8,79.39,79.39,30/12/2024 8:00
2024,12,30,9,86.31,86.31,30/12/2024 9:00
2024,12,30,10,88.21,88.21,30/12/2024 10:00
2024,12,30,11,76.02,76.02,30/12/2024 11:00
2024,12,30,12,58.1,58.1,30/12/2024 12:00
2024,12,30,13,52.99,52.99,30/12/2024 13:00
2024,12,30,14,48,48,30/12/2024 14:00
2024,12,30,15,42.04,42.04,30/12/2024 15:00
2024,12,30,16,46.49,46.49,30/12/2024 16:00
2024,12,30,17,54.1,54.1,30/12/2024 17:00
2024,12,30,18,75,75,30/12/2024 18:00
2024,12,30,19,84,84,30/12/2024 19:00
2024,12,30,20,81.5,81.5,30/12/2024 20:00
2024,12,30,21,80,80,30/12/2024 21:00
2024,12,30,22,75,75,30/12/2024 22:00
2024,12,30,23,56.85,56.85,30/12/2024 23:00
2024,12,30,24,43.23,43.23,31/12/2024 0:00
2024,12,31,1,18.21,18.21,31/12/2024 1:00
2024,12,31,2,5,5,31/12/2024 2:00
2024,12,31,3,4,4,31/12/2024 3:00
2024,12,31,4,0.31,0.31,31/12/2024 4:00
2024,12,31,5,0,0,31/12/2024 5:00
2024,12,31,6,0,0,31/12/2024 6:00
2024,12,31,7,0.01,0.01,31/12/2024 7:00
2024,12,31,8,4,4,31/12/2024 8:00
2024,12,31,9,4.3,4.3,31/12/2024 9:00
2024,12,31,10,10.47,10.47,31/12/2024 10:00
2024,12,31,11,18.21,14,31/12/2024 11:00
2024,12,31,12,19.32,13.98,31/12/2024 12:00
2024,12,31,13,12.01,12.01,31/12/2024 13:00
2024,12,31,14,18.21,7.21,31/12/2024 14:00
2024,12,31,15,18.21,10.06,31/12/2024 15:00
2024,12,31,16,18.21,13.98,31/12/2024 16:00
2024,12,31,17,42.25,38.5,31/12/2024 17:00
2024,12,31,18,65.04,63.84,31/12/2024 18:00
2024,12,31,19,75.01,75.01,31/12/2024 19:00
2024,12,31,20,101.3,101.3,31/12/2024 20:00
2024,12,31,21,92.97,92.97,31/12/2024 21:00
2024,12,31,22,85.49,85.49,31/12/2024 22:00
2024,12,31,23,74.74,74.74,31/12/2024 23:00
2024,12,31,24,71.96,71.96,01/01/2024 0:00
