Year,Month,Day,Hour,Spot_Price1,Spot_Price2,DateTime
2024,1,1,1,67.93903226,67.83,01/01/2024 1:00
2024,1,1,2,63.57612903,63.21419355,01/01/2024 2:00
2024,1,1,3,61.12419355,60.05806452,01/01/2024 3:00
2024,1,1,4,58.10193548,57.57483871,01/01/2024 4:00
2024,1,1,5,56.36774194,55.85451613,01/01/2024 5:00
2024,1,1,6,57.93677419,57.93354839,01/01/2024 6:00
2024,1,1,7,64.91322581,65.12451613,01/01/2024 7:00
2024,1,1,8,76.64096774,77.61741935,01/01/2024 8:00
2024,1,1,9,85.12645161,88.14354839,01/01/2024 9:00
2024,1,1,10,83.80419355,84.51096774,01/01/2024 10:00
2024,1,1,11,74.50548387,74.16322581,01/01/2024 11:00
2024,1,1,12,67.40645161,66.52580645,01/01/2024 12:00
2024,1,1,13,63.32451613,63.04709677,01/01/2024 13:00
2024,1,1,14,61.30774194,61.05193548,01/01/2024 14:00
2024,1,1,15,61.63870968,61.55483871,01/01/2024 15:00
2024,1,1,16,63.20322581,62.9683871,01/01/2024 16:00
2024,1,1,17,70.1816129,70.1816129,01/01/2024 17:00
2024,1,1,18,84.33516129,84.33516129,01/01/2024 18:00
2024,1,1,19,95.18483871,95.27129032,01/01/2024 19:00
2024,1,1,20,101.6041935,101.7548387,01/01/2024 20:00
2024,1,1,21,105.8151613,105.8151613,01/01/2024 21:00
2024,1,1,22,93.6416129,93.6416129,01/01/2024 22:00
2024,1,1,23,84.67580645,84.67580645,01/01/2024 23:00
2024,1,1,24,75.55387097,75.55387097,02/01/2024 0:00
2024,1,2,1,67.93903226,67.83,02/01/2024 1:00
2024,1,2,2,63.57612903,63.21419355,02/01/2024 2:00
2024,1,2,3,61.12419355,60.05806452,02/01/2024 3:00
2024,1,2,4,58.10193548,57.57483871,02/01/2024 4:00
2024,1,2,5,56.36774194,55.85451613,02/01/2024 5:00
2024,1,2,6,57.93677419,57.93354839,02/01/2024 6:00
2024,1,2,7,64.91322581,65.12451613,02/01/2024 7:00
2024,1,2,8,76.64096774,77.61741935,02/01/2024 8:00
2024,1,2,9,85.12645161,88.14354839,02/01/2024 9:00
2024,1,2,10,83.80419355,84.51096774,02/01/2024 10:00
2024,1,2,11,74.50548387,74.16322581,02/01/2024 11:00
2024,1,2,12,67.40645161,66.52580645,02/01/2024 12:00
2024,1,2,13,63.32451613,63.04709677,02/01/2024 13:00
2024,1,2,14,61.30774194,61.05193548,02/01/2024 14:00
2024,1,2,15,61.63870968,61.55483871,02/01/2024 15:00
2024,1,2,16,63.20322581,62.9683871,02/01/2024 16:00
2024,1,2,17,70.1816129,70.1816129,02/01/2024 17:00
2024,1,2,18,84.33516129,84.33516129,02/01/2024 18:00
2024,1,2,19,95.18483871,95.27129032,02/01/2024 19:00
2024,1,2,20,101.6041935,101.7548387,02/01/2024 20:00
2024,1,2,21,105.8151613,105.8151613,02/01/2024 21:00
2024,1,2,22,93.6416129,93.6416129,02/01/2024 22:00
2024,1,2,23,84.67580645,84.67580645,02/01/2024 23:00
2024,1,2,24,75.55387097,75.55387097,03/01/2024 0:00
2024,1,3,1,67.93903226,67.83,03/01/2024 1:00
2024,1,3,2,63.57612903,63.21419355,03/01/2024 2:00
2024,1,3,3,61.12419355,60.05806452,03/01/2024 3:00
2024,1,3,4,58.10193548,57.57483871,03/01/2024 4:00
2024,1,3,5,56.36774194,55.85451613,03/01/2024 5:00
2024,1,3,6,57.93677419,57.93354839,03/01/2024 6:00
2024,1,3,7,64.91322581,65.12451613,03/01/2024 7:00
2024,1,3,8,76.64096774,77.61741935,03/01/2024 8:00
2024,1,3,9,85.12645161,88.14354839,03/01/2024 9:00
2024,1,3,10,83.80419355,84.51096774,03/01/2024 10:00
2024,1,3,11,74.50548387,74.16322581,03/01/2024 11:00
2024,1,3,12,67.40645161,66.52580645,03/01/2024 12:00
2024,1,3,13,63.32451613,63.04709677,03/01/2024 13:00
2024,1,3,14,61.30774194,61.05193548,03/01/2024 14:00
2024,1,3,15,61.63870968,61.55483871,03/01/2024 15:00
2024,1,3,16,63.20322581,62.9683871,03/01/2024 16:00
2024,1,3,17,70.1816129,70.1816129,03/01/2024 17:00
2024,1,3,18,84.33516129,84.33516129,03/01/2024 18:00
2024,1,3,19,95.18483871,95.27129032,03/01/2024 19:00
2024,1,3,20,101.6041935,101.7548387,03/01/2024 20:00
2024,1,3,21,105.8151613,105.8151613,03/01/2024 21:00
2024,1,3,22,93.6416129,93.6416129,03/01/2024 22:00
2024,1,3,23,84.67580645,84.67580645,03/01/2024 23:00
2024,1,3,24,75.55387097,75.55387097,04/01/2024 0:00
2024,1,4,1,67.93903226,67.83,04/01/2024 1:00
2024,1,4,2,63.57612903,63.21419355,04/01/2024 2:00
2024,1,4,3,61.12419355,60.05806452,04/01/2024 3:00
2024,1,4,4,58.10193548,57.57483871,04/01/2024 4:00
2024,1,4,5,56.36774194,55.85451613,04/01/2024 5:00
2024,1,4,6,57.93677419,57.93354839,04/01/2024 6:00
2024,1,4,7,64.91322581,65.12451613,04/01/2024 7:00
2024,1,4,8,76.64096774,77.61741935,04/01/2024 8:00
2024,1,4,9,85.12645161,88.14354839,04/01/2024 9:00
2024,1,4,10,83.80419355,84.51096774,04/01/2024 10:00
2024,1,4,11,74.50548387,74.16322581,04/01/2024 11:00
2024,1,4,12,67.40645161,66.52580645,04/01/2024 12:00
2024,1,4,13,63.32451613,63.04709677,04/01/2024 13:00
2024,1,4,14,61.30774194,61.05193548,04/01/2024 14:00
2024,1,4,15,61.63870968,61.55483871,04/01/2024 15:00
2024,1,4,16,63.20322581,62.9683871,04/01/2024 16:00
2024,1,4,17,70.1816129,70.1816129,04/01/2024 17:00
2024,1,4,18,84.33516129,84.33516129,04/01/2024 18:00
2024,1,4,19,95.18483871,95.27129032,04/01/2024 19:00
2024,1,4,20,101.6041935,101.7548387,04/01/2024 20:00
2024,1,4,21,105.8151613,105.8151613,04/01/2024 21:00
2024,1,4,22,93.6416129,93.6416129,04/01/2024 22:00
2024,1,4,23,84.67580645,84.67580645,04/01/2024 23:00
2024,1,4,24,75.55387097,75.55387097,05/01/2024 0:00
2024,1,5,1,67.93903226,67.83,05/01/2024 1:00
2024,1,5,2,63.57612903,63.21419355,05/01/2024 2:00
2024,1,5,3,61.12419355,60.05806452,05/01/2024 3:00
2024,1,5,4,58.10193548,57.57483871,05/01/2024 4:00
2024,1,5,5,56.36774194,55.85451613,05/01/2024 5:00
2024,1,5,6,57.93677419,57.93354839,05/01/2024 6:00
2024,1,5,7,64.91322581,65.12451613,05/01/2024 7:00
2024,1,5,8,76.64096774,77.61741935,05/01/2024 8:00
2024,1,5,9,85.12645161,88.14354839,05/01/2024 9:00
2024,1,5,10,83.80419355,84.51096774,05/01/2024 10:00
2024,1,5,11,74.50548387,74.16322581,05/01/2024 11:00
2024,1,5,12,67.40645161,66.52580645,05/01/2024 12:00
2024,1,5,13,63.32451613,63.04709677,05/01/2024 13:00
2024,1,5,14,61.30774194,61.05193548,05/01/2024 14:00
2024,1,5,15,61.63870968,61.55483871,05/01/2024 15:00
2024,1,5,16,63.20322581,62.9683871,05/01/2024 16:00
2024,1,5,17,70.1816129,70.1816129,05/01/2024 17:00
2024,1,5,18,84.33516129,84.33516129,05/01/2024 18:00
2024,1,5,19,95.18483871,95.27129032,05/01/2024 19:00
2024,1,5,20,101.6041935,101.7548387,05/01/2024 20:00
2024,1,5,21,105.8151613,105.8151613,05/01/2024 21:00
2024,1,5,22,93.6416129,93.6416129,05/01/2024 22:00
2024,1,5,23,84.67580645,84.67580645,05/01/2024 23:00
2024,1,5,24,75.55387097,75.55387097,06/01/2024 0:00
2024,1,6,1,67.93903226,67.83,06/01/2024 1:00
2024,1,6,2,63.57612903,63.21419355,06/01/2024 2:00
2024,1,6,3,61.12419355,60.05806452,06/01/2024 3:00
2024,1,6,4,58.10193548,57.57483871,06/01/2024 4:00
2024,1,6,5,56.36774194,55.85451613,06/01/2024 5:00
2024,1,6,6,57.93677419,57.93354839,06/01/2024 6:00
2024,1,6,7,64.91322581,65.12451613,06/01/2024 7:00
2024,1,6,8,76.64096774,77.61741935,06/01/2024 8:00
2024,1,6,9,85.12645161,88.14354839,06/01/2024 9:00
2024,1,6,10,83.80419355,84.51096774,06/01/2024 10:00
2024,1,6,11,74.50548387,74.16322581,06/01/2024 11:00
2024,1,6,12,67.40645161,66.52580645,06/01/2024 12:00
2024,1,6,13,63.32451613,63.04709677,06/01/2024 13:00
2024,1,6,14,61.30774194,61.05193548,06/01/2024 14:00
2024,1,6,15,61.63870968,61.55483871,06/01/2024 15:00
2024,1,6,16,63.20322581,62.9683871,06/01/2024 16:00
2024,1,6,17,70.1816129,70.1816129,06/01/2024 17:00
2024,1,6,18,84.33516129,84.33516129,06/01/2024 18:00
2024,1,6,19,95.18483871,95.27129032,06/01/2024 19:00
2024,1,6,20,101.6041935,101.7548387,06/01/2024 20:00
2024,1,6,21,105.8151613,105.8151613,06/01/2024 21:00
2024,1,6,22,93.6416129,93.6416129,06/01/2024 22:00
2024,1,6,23,84.67580645,84.67580645,06/01/2024 23:00
2024,1,6,24,75.55387097,75.55387097,07/01/2024 0:00
2024,1,7,1,67.93903226,67.83,07/01/2024 1:00
2024,1,7,2,63.57612903,63.21419355,07/01/2024 2:00
2024,1,7,3,61.12419355,60.05806452,07/01/2024 3:00
2024,1,7,4,58.10193548,57.57483871,07/01/2024 4:00
2024,1,7,5,56.36774194,55.85451613,07/01/2024 5:00
2024,1,7,6,57.93677419,57.93354839,07/01/2024 6:00
2024,1,7,7,64.91322581,65.12451613,07/01/2024 7:00
2024,1,7,8,76.64096774,77.61741935,07/01/2024 8:00
2024,1,7,9,85.12645161,88.14354839,07/01/2024 9:00
2024,1,7,10,83.80419355,84.51096774,07/01/2024 10:00
2024,1,7,11,74.50548387,74.16322581,07/01/2024 11:00
2024,1,7,12,67.40645161,66.52580645,07/01/2024 12:00
2024,1,7,13,63.32451613,63.04709677,07/01/2024 13:00
2024,1,7,14,61.30774194,61.05193548,07/01/2024 14:00
2024,1,7,15,61.63870968,61.55483871,07/01/2024 15:00
2024,1,7,16,63.20322581,62.9683871,07/01/2024 16:00
2024,1,7,17,70.1816129,70.1816129,07/01/2024 17:00
2024,1,7,18,84.33516129,84.33516129,07/01/2024 18:00
2024,1,7,19,95.18483871,95.27129032,07/01/2024 19:00
2024,1,7,20,101.6041935,101.7548387,07/01/2024 20:00
2024,1,7,21,105.8151613,105.8151613,07/01/2024 21:00
2024,1,7,22,93.6416129,93.6416129,07/01/2024 22:00
2024,1,7,23,84.67580645,84.67580645,07/01/2024 23:00
2024,1,7,24,75.55387097,75.55387097,08/01/2024 0:00
2024,1,8,1,67.93903226,67.83,08/01/2024 1:00
2024,1,8,2,63.57612903,63.21419355,08/01/2024 2:00
2024,1,8,3,61.12419355,60.05806452,08/01/2024 3:00
2024,1,8,4,58.10193548,57.57483871,08/01/2024 4:00
2024,1,8,5,56.36774194,55.85451613,08/01/2024 5:00
2024,1,8,6,57.93677419,57.93354839,08/01/2024 6:00
2024,1,8,7,64.91322581,65.12451613,08/01/2024 7:00
2024,1,8,8,76.64096774,77.61741935,08/01/2024 8:00
2024,1,8,9,85.12645161,88.14354839,08/01/2024 9:00
2024,1,8,10,83.80419355,84.51096774,08/01/2024 10:00
2024,1,8,11,74.50548387,74.16322581,08/01/2024 11:00
2024,1,8,12,67.40645161,66.52580645,08/01/2024 12:00
2024,1,8,13,63.32451613,63.04709677,08/01/2024 13:00
2024,1,8,14,61.30774194,61.05193548,08/01/2024 14:00
2024,1,8,15,61.63870968,61.55483871,08/01/2024 15:00
2024,1,8,16,63.20322581,62.9683871,08/01/2024 16:00
2024,1,8,17,70.1816129,70.1816129,08/01/2024 17:00
2024,1,8,18,84.33516129,84.33516129,08/01/2024 18:00
2024,1,8,19,95.18483871,95.27129032,08/01/2024 19:00
2024,1,8,20,101.6041935,101.7548387,08/01/2024 20:00
2024,1,8,21,105.8151613,105.8151613,08/01/2024 21:00
2024,1,8,22,93.6416129,93.6416129,08/01/2024 22:00
2024,1,8,23,84.67580645,84.67580645,08/01/2024 23:00
2024,1,8,24,75.55387097,75.55387097,09/01/2024 0:00
2024,1,9,1,67.93903226,67.83,09/01/2024 1:00
2024,1,9,2,63.57612903,63.21419355,09/01/2024 2:00
2024,1,9,3,61.12419355,60.05806452,09/01/2024 3:00
2024,1,9,4,58.10193548,57.57483871,09/01/2024 4:00
2024,1,9,5,56.36774194,55.85451613,09/01/2024 5:00
2024,1,9,6,57.93677419,57.93354839,09/01/2024 6:00
2024,1,9,7,64.91322581,65.12451613,09/01/2024 7:00
2024,1,9,8,76.64096774,77.61741935,09/01/2024 8:00
2024,1,9,9,85.12645161,88.14354839,09/01/2024 9:00
2024,1,9,10,83.80419355,84.51096774,09/01/2024 10:00
2024,1,9,11,74.50548387,74.16322581,09/01/2024 11:00
2024,1,9,12,67.40645161,66.52580645,09/01/2024 12:00
2024,1,9,13,63.32451613,63.04709677,09/01/2024 13:00
2024,1,9,14,61.30774194,61.05193548,09/01/2024 14:00
2024,1,9,15,61.63870968,61.55483871,09/01/2024 15:00
2024,1,9,16,63.20322581,62.9683871,09/01/2024 16:00
2024,1,9,17,70.1816129,70.1816129,09/01/2024 17:00
2024,1,9,18,84.33516129,84.33516129,09/01/2024 18:00
2024,1,9,19,95.18483871,95.27129032,09/01/2024 19:00
2024,1,9,20,101.6041935,101.7548387,09/01/2024 20:00
2024,1,9,21,105.8151613,105.8151613,09/01/2024 21:00
2024,1,9,22,93.6416129,93.6416129,09/01/2024 22:00
2024,1,9,23,84.67580645,84.67580645,09/01/2024 23:00
2024,1,9,24,75.55387097,75.55387097,10/01/2024 0:00
2024,1,10,1,67.93903226,67.83,10/01/2024 1:00
2024,1,10,2,63.57612903,63.21419355,10/01/2024 2:00
2024,1,10,3,61.12419355,60.05806452,10/01/2024 3:00
2024,1,10,4,58.10193548,57.57483871,10/01/2024 4:00
2024,1,10,5,56.36774194,55.85451613,10/01/2024 5:00
2024,1,10,6,57.93677419,57.93354839,10/01/2024 6:00
2024,1,10,7,64.91322581,65.12451613,10/01/2024 7:00
2024,1,10,8,76.64096774,77.61741935,10/01/2024 8:00
2024,1,10,9,85.12645161,88.14354839,10/01/2024 9:00
2024,1,10,10,83.80419355,84.51096774,10/01/2024 10:00
2024,1,10,11,74.50548387,74.16322581,10/01/2024 11:00
2024,1,10,12,67.40645161,66.52580645,10/01/2024 12:00
2024,1,10,13,63.32451613,63.04709677,10/01/2024 13:00
2024,1,10,14,61.30774194,61.05193548,10/01/2024 14:00
2024,1,10,15,61.63870968,61.55483871,10/01/2024 15:00
2024,1,10,16,63.20322581,62.9683871,10/01/2024 16:00
2024,1,10,17,70.1816129,70.1816129,10/01/2024 17:00
2024,1,10,18,84.33516129,84.33516129,10/01/2024 18:00
2024,1,10,19,95.18483871,95.27129032,10/01/2024 19:00
2024,1,10,20,101.6041935,101.7548387,10/01/2024 20:00
2024,1,10,21,105.8151613,105.8151613,10/01/2024 21:00
2024,1,10,22,93.6416129,93.6416129,10/01/2024 22:00
2024,1,10,23,84.67580645,84.67580645,10/01/2024 23:00
2024,1,10,24,75.55387097,75.55387097,11/01/2024 0:00
2024,1,11,1,67.93903226,67.83,11/01/2024 1:00
2024,1,11,2,63.57612903,63.21419355,11/01/2024 2:00
2024,1,11,3,61.12419355,60.05806452,11/01/2024 3:00
2024,1,11,4,58.10193548,57.57483871,11/01/2024 4:00
2024,1,11,5,56.36774194,55.85451613,11/01/2024 5:00
2024,1,11,6,57.93677419,57.93354839,11/01/2024 6:00
2024,1,11,7,64.91322581,65.12451613,11/01/2024 7:00
2024,1,11,8,76.64096774,77.61741935,11/01/2024 8:00
2024,1,11,9,85.12645161,88.14354839,11/01/2024 9:00
2024,1,11,10,83.80419355,84.51096774,11/01/2024 10:00
2024,1,11,11,74.50548387,74.16322581,11/01/2024 11:00
2024,1,11,12,67.40645161,66.52580645,11/01/2024 12:00
2024,1,11,13,63.32451613,63.04709677,11/01/2024 13:00
2024,1,11,14,61.30774194,61.05193548,11/01/2024 14:00
2024,1,11,15,61.63870968,61.55483871,11/01/2024 15:00
2024,1,11,16,63.20322581,62.9683871,11/01/2024 16:00
2024,1,11,17,70.1816129,70.1816129,11/01/2024 17:00
2024,1,11,18,84.33516129,84.33516129,11/01/2024 18:00
2024,1,11,19,95.18483871,95.27129032,11/01/2024 19:00
2024,1,11,20,101.6041935,101.7548387,11/01/2024 20:00
2024,1,11,21,105.8151613,105.8151613,11/01/2024 21:00
2024,1,11,22,93.6416129,93.6416129,11/01/2024 22:00
2024,1,11,23,84.67580645,84.67580645,11/01/2024 23:00
2024,1,11,24,75.55387097,75.55387097,12/01/2024 0:00
2024,1,12,1,67.93903226,67.83,12/01/2024 1:00
2024,1,12,2,63.57612903,63.21419355,12/01/2024 2:00
2024,1,12,3,61.12419355,60.05806452,12/01/2024 3:00
2024,1,12,4,58.10193548,57.57483871,12/01/2024 4:00
2024,1,12,5,56.36774194,55.85451613,12/01/2024 5:00
2024,1,12,6,57.93677419,57.93354839,12/01/2024 6:00
2024,1,12,7,64.91322581,65.12451613,12/01/2024 7:00
2024,1,12,8,76.64096774,77.61741935,12/01/2024 8:00
2024,1,12,9,85.12645161,88.14354839,12/01/2024 9:00
2024,1,12,10,83.80419355,84.51096774,12/01/2024 10:00
2024,1,12,11,74.50548387,74.16322581,12/01/2024 11:00
2024,1,12,12,67.40645161,66.52580645,12/01/2024 12:00
2024,1,12,13,63.32451613,63.04709677,12/01/2024 13:00
2024,1,12,14,61.30774194,61.05193548,12/01/2024 14:00
2024,1,12,15,61.63870968,61.55483871,12/01/2024 15:00
2024,1,12,16,63.20322581,62.9683871,12/01/2024 16:00
2024,1,12,17,70.1816129,70.1816129,12/01/2024 17:00
2024,1,12,18,84.33516129,84.33516129,12/01/2024 18:00
2024,1,12,19,95.18483871,95.27129032,12/01/2024 19:00
2024,1,12,20,101.6041935,101.7548387,12/01/2024 20:00
2024,1,12,21,105.8151613,105.8151613,12/01/2024 21:00
2024,1,12,22,93.6416129,93.6416129,12/01/2024 22:00
2024,1,12,23,84.67580645,84.67580645,12/01/2024 23:00
2024,1,12,24,75.55387097,75.55387097,13/01/2024 0:00
2024,1,13,1,67.93903226,67.83,13/01/2024 1:00
2024,1,13,2,63.57612903,63.21419355,13/01/2024 2:00
2024,1,13,3,61.12419355,60.05806452,13/01/2024 3:00
2024,1,13,4,58.10193548,57.57483871,13/01/2024 4:00
2024,1,13,5,56.36774194,55.85451613,13/01/2024 5:00
2024,1,13,6,57.93677419,57.93354839,13/01/2024 6:00
2024,1,13,7,64.91322581,65.12451613,13/01/2024 7:00
2024,1,13,8,76.64096774,77.61741935,13/01/2024 8:00
2024,1,13,9,85.12645161,88.14354839,13/01/2024 9:00
2024,1,13,10,83.80419355,84.51096774,13/01/2024 10:00
2024,1,13,11,74.50548387,74.16322581,13/01/2024 11:00
2024,1,13,12,67.40645161,66.52580645,13/01/2024 12:00
2024,1,13,13,63.32451613,63.04709677,13/01/2024 13:00
2024,1,13,14,61.30774194,61.05193548,13/01/2024 14:00
2024,1,13,15,61.63870968,61.55483871,13/01/2024 15:00
2024,1,13,16,63.20322581,62.9683871,13/01/2024 16:00
2024,1,13,17,70.1816129,70.1816129,13/01/2024 17:00
2024,1,13,18,84.33516129,84.33516129,13/01/2024 18:00
2024,1,13,19,95.18483871,95.27129032,13/01/2024 19:00
2024,1,13,20,101.6041935,101.7548387,13/01/2024 20:00
2024,1,13,21,105.8151613,105.8151613,13/01/2024 21:00
2024,1,13,22,93.6416129,93.6416129,13/01/2024 22:00
2024,1,13,23,84.67580645,84.67580645,13/01/2024 23:00
2024,1,13,24,75.55387097,75.55387097,14/01/2024 0:00
2024,1,14,1,67.93903226,67.83,14/01/2024 1:00
2024,1,14,2,63.57612903,63.21419355,14/01/2024 2:00
2024,1,14,3,61.12419355,60.05806452,14/01/2024 3:00
2024,1,14,4,58.10193548,57.57483871,14/01/2024 4:00
2024,1,14,5,56.36774194,55.85451613,14/01/2024 5:00
2024,1,14,6,57.93677419,57.93354839,14/01/2024 6:00
2024,1,14,7,64.91322581,65.12451613,14/01/2024 7:00
2024,1,14,8,76.64096774,77.61741935,14/01/2024 8:00
2024,1,14,9,85.12645161,88.14354839,14/01/2024 9:00
2024,1,14,10,83.80419355,84.51096774,14/01/2024 10:00
2024,1,14,11,74.50548387,74.16322581,14/01/2024 11:00
2024,1,14,12,67.40645161,66.52580645,14/01/2024 12:00
2024,1,14,13,63.32451613,63.04709677,14/01/2024 13:00
2024,1,14,14,61.30774194,61.05193548,14/01/2024 14:00
2024,1,14,15,61.63870968,61.55483871,14/01/2024 15:00
2024,1,14,16,63.20322581,62.9683871,14/01/2024 16:00
2024,1,14,17,70.1816129,70.1816129,14/01/2024 17:00
2024,1,14,18,84.33516129,84.33516129,14/01/2024 18:00
2024,1,14,19,95.18483871,95.27129032,14/01/2024 19:00
2024,1,14,20,101.6041935,101.7548387,14/01/2024 20:00
2024,1,14,21,105.8151613,105.8151613,14/01/2024 21:00
2024,1,14,22,93.6416129,93.6416129,14/01/2024 22:00
2024,1,14,23,84.67580645,84.67580645,14/01/2024 23:00
2024,1,14,24,75.55387097,75.55387097,15/01/2024 0:00
2024,1,15,1,67.93903226,67.83,15/01/2024 1:00
2024,1,15,2,63.57612903,63.21419355,15/01/2024 2:00
2024,1,15,3,61.12419355,60.05806452,15/01/2024 3:00
2024,1,15,4,58.10193548,57.57483871,15/01/2024 4:00
2024,1,15,5,56.36774194,55.85451613,15/01/2024 5:00
2024,1,15,6,57.93677419,57.93354839,15/01/2024 6:00
2024,1,15,7,64.91322581,65.12451613,15/01/2024 7:00
2024,1,15,8,76.64096774,77.61741935,15/01/2024 8:00
2024,1,15,9,85.12645161,88.14354839,15/01/2024 9:00
2024,1,15,10,83.80419355,84.51096774,15/01/2024 10:00
2024,1,15,11,74.50548387,74.16322581,15/01/2024 11:00
2024,1,15,12,67.40645161,66.52580645,15/01/2024 12:00
2024,1,15,13,63.32451613,63.04709677,15/01/2024 13:00
2024,1,15,14,61.30774194,61.05193548,15/01/2024 14:00
2024,1,15,15,61.63870968,61.55483871,15/01/2024 15:00
2024,1,15,16,63.20322581,62.9683871,15/01/2024 16:00
2024,1,15,17,70.1816129,70.1816129,15/01/2024 17:00
2024,1,15,18,84.33516129,84.33516129,15/01/2024 18:00
2024,1,15,19,95.18483871,95.27129032,15/01/2024 19:00
2024,1,15,20,101.6041935,101.7548387,15/01/2024 20:00
2024,1,15,21,105.8151613,105.8151613,15/01/2024 21:00
2024,1,15,22,93.6416129,93.6416129,15/01/2024 22:00
2024,1,15,23,84.67580645,84.67580645,15/01/2024 23:00
2024,1,15,24,75.55387097,75.55387097,16/01/2024 0:00
2024,1,16,1,67.93903226,67.83,16/01/2024 1:00
2024,1,16,2,63.57612903,63.21419355,16/01/2024 2:00
2024,1,16,3,61.12419355,60.05806452,16/01/2024 3:00
2024,1,16,4,58.10193548,57.57483871,16/01/2024 4:00
2024,1,16,5,56.36774194,55.85451613,16/01/2024 5:00
2024,1,16,6,57.93677419,57.93354839,16/01/2024 6:00
2024,1,16,7,64.91322581,65.12451613,16/01/2024 7:00
2024,1,16,8,76.64096774,77.61741935,16/01/2024 8:00
2024,1,16,9,85.12645161,88.14354839,16/01/2024 9:00
2024,1,16,10,83.80419355,84.51096774,16/01/2024 10:00
2024,1,16,11,74.50548387,74.16322581,16/01/2024 11:00
2024,1,16,12,67.40645161,66.52580645,16/01/2024 12:00
2024,1,16,13,63.32451613,63.04709677,16/01/2024 13:00
2024,1,16,14,61.30774194,61.05193548,16/01/2024 14:00
2024,1,16,15,61.63870968,61.55483871,16/01/2024 15:00
2024,1,16,16,63.20322581,62.9683871,16/01/2024 16:00
2024,1,16,17,70.1816129,70.1816129,16/01/2024 17:00
2024,1,16,18,84.33516129,84.33516129,16/01/2024 18:00
2024,1,16,19,95.18483871,95.27129032,16/01/2024 19:00
2024,1,16,20,101.6041935,101.7548387,16/01/2024 20:00
2024,1,16,21,105.8151613,105.8151613,16/01/2024 21:00
2024,1,16,22,93.6416129,93.6416129,16/01/2024 22:00
2024,1,16,23,84.67580645,84.67580645,16/01/2024 23:00
2024,1,16,24,75.55387097,75.55387097,17/01/2024 0:00
2024,1,17,1,67.93903226,67.83,17/01/2024 1:00
2024,1,17,2,63.57612903,63.21419355,17/01/2024 2:00
2024,1,17,3,61.12419355,60.05806452,17/01/2024 3:00
2024,1,17,4,58.10193548,57.57483871,17/01/2024 4:00
2024,1,17,5,56.36774194,55.85451613,17/01/2024 5:00
2024,1,17,6,57.93677419,57.93354839,17/01/2024 6:00
2024,1,17,7,64.91322581,65.12451613,17/01/2024 7:00
2024,1,17,8,76.64096774,77.61741935,17/01/2024 8:00
2024,1,17,9,85.12645161,88.14354839,17/01/2024 9:00
2024,1,17,10,83.80419355,84.51096774,17/01/2024 10:00
2024,1,17,11,74.50548387,74.16322581,17/01/2024 11:00
2024,1,17,12,67.40645161,66.52580645,17/01/2024 12:00
2024,1,17,13,63.32451613,63.04709677,17/01/2024 13:00
2024,1,17,14,61.30774194,61.05193548,17/01/2024 14:00
2024,1,17,15,61.63870968,61.55483871,17/01/2024 15:00
2024,1,17,16,63.20322581,62.9683871,17/01/2024 16:00
2024,1,17,17,70.1816129,70.1816129,17/01/2024 17:00
2024,1,17,18,84.33516129,84.33516129,17/01/2024 18:00
2024,1,17,19,95.18483871,95.27129032,17/01/2024 19:00
2024,1,17,20,101.6041935,101.7548387,17/01/2024 20:00
2024,1,17,21,105.8151613,105.8151613,17/01/2024 21:00
2024,1,17,22,93.6416129,93.6416129,17/01/2024 22:00
2024,1,17,23,84.67580645,84.67580645,17/01/2024 23:00
2024,1,17,24,75.55387097,75.55387097,18/01/2024 0:00
2024,1,18,1,67.93903226,67.83,18/01/2024 1:00
2024,1,18,2,63.57612903,63.21419355,18/01/2024 2:00
2024,1,18,3,61.12419355,60.05806452,18/01/2024 3:00
2024,1,18,4,58.10193548,57.57483871,18/01/2024 4:00
2024,1,18,5,56.36774194,55.85451613,18/01/2024 5:00
2024,1,18,6,57.93677419,57.93354839,18/01/2024 6:00
2024,1,18,7,64.91322581,65.12451613,18/01/2024 7:00
2024,1,18,8,76.64096774,77.61741935,18/01/2024 8:00
2024,1,18,9,85.12645161,88.14354839,18/01/2024 9:00
2024,1,18,10,83.80419355,84.51096774,18/01/2024 10:00
2024,1,18,11,74.50548387,74.16322581,18/01/2024 11:00
2024,1,18,12,67.40645161,66.52580645,18/01/2024 12:00
2024,1,18,13,63.32451613,63.04709677,18/01/2024 13:00
2024,1,18,14,61.30774194,61.05193548,18/01/2024 14:00
2024,1,18,15,61.63870968,61.55483871,18/01/2024 15:00
2024,1,18,16,63.20322581,62.9683871,18/01/2024 16:00
2024,1,18,17,70.1816129,70.1816129,18/01/2024 17:00
2024,1,18,18,84.33516129,84.33516129,18/01/2024 18:00
2024,1,18,19,95.18483871,95.27129032,18/01/2024 19:00
2024,1,18,20,101.6041935,101.7548387,18/01/2024 20:00
2024,1,18,21,105.8151613,105.8151613,18/01/2024 21:00
2024,1,18,22,93.6416129,93.6416129,18/01/2024 22:00
2024,1,18,23,84.67580645,84.67580645,18/01/2024 23:00
2024,1,18,24,75.55387097,75.55387097,19/01/2024 0:00
2024,1,19,1,67.93903226,67.83,19/01/2024 1:00
2024,1,19,2,63.57612903,63.21419355,19/01/2024 2:00
2024,1,19,3,61.12419355,60.05806452,19/01/2024 3:00
2024,1,19,4,58.10193548,57.57483871,19/01/2024 4:00
2024,1,19,5,56.36774194,55.85451613,19/01/2024 5:00
2024,1,19,6,57.93677419,57.93354839,19/01/2024 6:00
2024,1,19,7,64.91322581,65.12451613,19/01/2024 7:00
2024,1,19,8,76.64096774,77.61741935,19/01/2024 8:00
2024,1,19,9,85.12645161,88.14354839,19/01/2024 9:00
2024,1,19,10,83.80419355,84.51096774,19/01/2024 10:00
2024,1,19,11,74.50548387,74.16322581,19/01/2024 11:00
2024,1,19,12,67.40645161,66.52580645,19/01/2024 12:00
2024,1,19,13,63.32451613,63.04709677,19/01/2024 13:00
2024,1,19,14,61.30774194,61.05193548,19/01/2024 14:00
2024,1,19,15,61.63870968,61.55483871,19/01/2024 15:00
2024,1,19,16,63.20322581,62.9683871,19/01/2024 16:00
2024,1,19,17,70.1816129,70.1816129,19/01/2024 17:00
2024,1,19,18,84.33516129,84.33516129,19/01/2024 18:00
2024,1,19,19,95.18483871,95.27129032,19/01/2024 19:00
2024,1,19,20,101.6041935,101.7548387,19/01/2024 20:00
2024,1,19,21,105.8151613,105.8151613,19/01/2024 21:00
2024,1,19,22,93.6416129,93.6416129,19/01/2024 22:00
2024,1,19,23,84.67580645,84.67580645,19/01/2024 23:00
2024,1,19,24,75.55387097,75.55387097,20/01/2024 0:00
2024,1,20,1,67.93903226,67.83,20/01/2024 1:00
2024,1,20,2,63.57612903,63.21419355,20/01/2024 2:00
2024,1,20,3,61.12419355,60.05806452,20/01/2024 3:00
2024,1,20,4,58.10193548,57.57483871,20/01/2024 4:00
2024,1,20,5,56.36774194,55.85451613,20/01/2024 5:00
2024,1,20,6,57.93677419,57.93354839,20/01/2024 6:00
2024,1,20,7,64.91322581,65.12451613,20/01/2024 7:00
2024,1,20,8,76.64096774,77.61741935,20/01/2024 8:00
2024,1,20,9,85.12645161,88.14354839,20/01/2024 9:00
2024,1,20,10,83.80419355,84.51096774,20/01/2024 10:00
2024,1,20,11,74.50548387,74.16322581,20/01/2024 11:00
2024,1,20,12,67.40645161,66.52580645,20/01/2024 12:00
2024,1,20,13,63.32451613,63.04709677,20/01/2024 13:00
2024,1,20,14,61.30774194,61.05193548,20/01/2024 14:00
2024,1,20,15,61.63870968,61.55483871,20/01/2024 15:00
2024,1,20,16,63.20322581,62.9683871,20/01/2024 16:00
2024,1,20,17,70.1816129,70.1816129,20/01/2024 17:00
2024,1,20,18,84.33516129,84.33516129,20/01/2024 18:00
2024,1,20,19,95.18483871,95.27129032,20/01/2024 19:00
2024,1,20,20,101.6041935,101.7548387,20/01/2024 20:00
2024,1,20,21,105.8151613,105.8151613,20/01/2024 21:00
2024,1,20,22,93.6416129,93.6416129,20/01/2024 22:00
2024,1,20,23,84.67580645,84.67580645,20/01/2024 23:00
2024,1,20,24,75.55387097,75.55387097,21/01/2024 0:00
2024,1,21,1,67.93903226,67.83,21/01/2024 1:00
2024,1,21,2,63.57612903,63.21419355,21/01/2024 2:00
2024,1,21,3,61.12419355,60.05806452,21/01/2024 3:00
2024,1,21,4,58.10193548,57.57483871,21/01/2024 4:00
2024,1,21,5,56.36774194,55.85451613,21/01/2024 5:00
2024,1,21,6,57.93677419,57.93354839,21/01/2024 6:00
2024,1,21,7,64.91322581,65.12451613,21/01/2024 7:00
2024,1,21,8,76.64096774,77.61741935,21/01/2024 8:00
2024,1,21,9,85.12645161,88.14354839,21/01/2024 9:00
2024,1,21,10,83.80419355,84.51096774,21/01/2024 10:00
2024,1,21,11,74.50548387,74.16322581,21/01/2024 11:00
2024,1,21,12,67.40645161,66.52580645,21/01/2024 12:00
2024,1,21,13,63.32451613,63.04709677,21/01/2024 13:00
2024,1,21,14,61.30774194,61.05193548,21/01/2024 14:00
2024,1,21,15,61.63870968,61.55483871,21/01/2024 15:00
2024,1,21,16,63.20322581,62.9683871,21/01/2024 16:00
2024,1,21,17,70.1816129,70.1816129,21/01/2024 17:00
2024,1,21,18,84.33516129,84.33516129,21/01/2024 18:00
2024,1,21,19,95.18483871,95.27129032,21/01/2024 19:00
2024,1,21,20,101.6041935,101.7548387,21/01/2024 20:00
2024,1,21,21,105.8151613,105.8151613,21/01/2024 21:00
2024,1,21,22,93.6416129,93.6416129,21/01/2024 22:00
2024,1,21,23,84.67580645,84.67580645,21/01/2024 23:00
2024,1,21,24,75.55387097,75.55387097,22/01/2024 0:00
2024,1,22,1,67.93903226,67.83,22/01/2024 1:00
2024,1,22,2,63.57612903,63.21419355,22/01/2024 2:00
2024,1,22,3,61.12419355,60.05806452,22/01/2024 3:00
2024,1,22,4,58.10193548,57.57483871,22/01/2024 4:00
2024,1,22,5,56.36774194,55.85451613,22/01/2024 5:00
2024,1,22,6,57.93677419,57.93354839,22/01/2024 6:00
2024,1,22,7,64.91322581,65.12451613,22/01/2024 7:00
2024,1,22,8,76.64096774,77.61741935,22/01/2024 8:00
2024,1,22,9,85.12645161,88.14354839,22/01/2024 9:00
2024,1,22,10,83.80419355,84.51096774,22/01/2024 10:00
2024,1,22,11,74.50548387,74.16322581,22/01/2024 11:00
2024,1,22,12,67.40645161,66.52580645,22/01/2024 12:00
2024,1,22,13,63.32451613,63.04709677,22/01/2024 13:00
2024,1,22,14,61.30774194,61.05193548,22/01/2024 14:00
2024,1,22,15,61.63870968,61.55483871,22/01/2024 15:00
2024,1,22,16,63.20322581,62.9683871,22/01/2024 16:00
2024,1,22,17,70.1816129,70.1816129,22/01/2024 17:00
2024,1,22,18,84.33516129,84.33516129,22/01/2024 18:00
2024,1,22,19,95.18483871,95.27129032,22/01/2024 19:00
2024,1,22,20,101.6041935,101.7548387,22/01/2024 20:00
2024,1,22,21,105.8151613,105.8151613,22/01/2024 21:00
2024,1,22,22,93.6416129,93.6416129,22/01/2024 22:00
2024,1,22,23,84.67580645,84.67580645,22/01/2024 23:00
2024,1,22,24,75.55387097,75.55387097,23/01/2024 0:00
2024,1,23,1,67.93903226,67.83,23/01/2024 1:00
2024,1,23,2,63.57612903,63.21419355,23/01/2024 2:00
2024,1,23,3,61.12419355,60.05806452,23/01/2024 3:00
2024,1,23,4,58.10193548,57.57483871,23/01/2024 4:00
2024,1,23,5,56.36774194,55.85451613,23/01/2024 5:00
2024,1,23,6,57.93677419,57.93354839,23/01/2024 6:00
2024,1,23,7,64.91322581,65.12451613,23/01/2024 7:00
2024,1,23,8,76.64096774,77.61741935,23/01/2024 8:00
2024,1,23,9,85.12645161,88.14354839,23/01/2024 9:00
2024,1,23,10,83.80419355,84.51096774,23/01/2024 10:00
2024,1,23,11,74.50548387,74.16322581,23/01/2024 11:00
2024,1,23,12,67.40645161,66.52580645,23/01/2024 12:00
2024,1,23,13,63.32451613,63.04709677,23/01/2024 13:00
2024,1,23,14,61.30774194,61.05193548,23/01/2024 14:00
2024,1,23,15,61.63870968,61.55483871,23/01/2024 15:00
2024,1,23,16,63.20322581,62.9683871,23/01/2024 16:00
2024,1,23,17,70.1816129,70.1816129,23/01/2024 17:00
2024,1,23,18,84.33516129,84.33516129,23/01/2024 18:00
2024,1,23,19,95.18483871,95.27129032,23/01/2024 19:00
2024,1,23,20,101.6041935,101.7548387,23/01/2024 20:00
2024,1,23,21,105.8151613,105.8151613,23/01/2024 21:00
2024,1,23,22,93.6416129,93.6416129,23/01/2024 22:00
2024,1,23,23,84.67580645,84.67580645,23/01/2024 23:00
2024,1,23,24,75.55387097,75.55387097,24/01/2024 0:00
2024,1,24,1,67.93903226,67.83,24/01/2024 1:00
2024,1,24,2,63.57612903,63.21419355,24/01/2024 2:00
2024,1,24,3,61.12419355,60.05806452,24/01/2024 3:00
2024,1,24,4,58.10193548,57.57483871,24/01/2024 4:00
2024,1,24,5,56.36774194,55.85451613,24/01/2024 5:00
2024,1,24,6,57.93677419,57.93354839,24/01/2024 6:00
2024,1,24,7,64.91322581,65.12451613,24/01/2024 7:00
2024,1,24,8,76.64096774,77.61741935,24/01/2024 8:00
2024,1,24,9,85.12645161,88.14354839,24/01/2024 9:00
2024,1,24,10,83.80419355,84.51096774,24/01/2024 10:00
2024,1,24,11,74.50548387,74.16322581,24/01/2024 11:00
2024,1,24,12,67.40645161,66.52580645,24/01/2024 12:00
2024,1,24,13,63.32451613,63.04709677,24/01/2024 13:00
2024,1,24,14,61.30774194,61.05193548,24/01/2024 14:00
2024,1,24,15,61.63870968,61.55483871,24/01/2024 15:00
2024,1,24,16,63.20322581,62.9683871,24/01/2024 16:00
2024,1,24,17,70.1816129,70.1816129,24/01/2024 17:00
2024,1,24,18,84.33516129,84.33516129,24/01/2024 18:00
2024,1,24,19,95.18483871,95.27129032,24/01/2024 19:00
2024,1,24,20,101.6041935,101.7548387,24/01/2024 20:00
2024,1,24,21,105.8151613,105.8151613,24/01/2024 21:00
2024,1,24,22,93.6416129,93.6416129,24/01/2024 22:00
2024,1,24,23,84.67580645,84.67580645,24/01/2024 23:00
2024,1,24,24,75.55387097,75.55387097,25/01/2024 0:00
2024,1,25,1,67.93903226,67.83,25/01/2024 1:00
2024,1,25,2,63.57612903,63.21419355,25/01/2024 2:00
2024,1,25,3,61.12419355,60.05806452,25/01/2024 3:00
2024,1,25,4,58.10193548,57.57483871,25/01/2024 4:00
2024,1,25,5,56.36774194,55.85451613,25/01/2024 5:00
2024,1,25,6,57.93677419,57.93354839,25/01/2024 6:00
2024,1,25,7,64.91322581,65.12451613,25/01/2024 7:00
2024,1,25,8,76.64096774,77.61741935,25/01/2024 8:00
2024,1,25,9,85.12645161,88.14354839,25/01/2024 9:00
2024,1,25,10,83.80419355,84.51096774,25/01/2024 10:00
2024,1,25,11,74.50548387,74.16322581,25/01/2024 11:00
2024,1,25,12,67.40645161,66.52580645,25/01/2024 12:00
2024,1,25,13,63.32451613,63.04709677,25/01/2024 13:00
2024,1,25,14,61.30774194,61.05193548,25/01/2024 14:00
2024,1,25,15,61.63870968,61.55483871,25/01/2024 15:00
2024,1,25,16,63.20322581,62.9683871,25/01/2024 16:00
2024,1,25,17,70.1816129,70.1816129,25/01/2024 17:00
2024,1,25,18,84.33516129,84.33516129,25/01/2024 18:00
2024,1,25,19,95.18483871,95.27129032,25/01/2024 19:00
2024,1,25,20,101.6041935,101.7548387,25/01/2024 20:00
2024,1,25,21,105.8151613,105.8151613,25/01/2024 21:00
2024,1,25,22,93.6416129,93.6416129,25/01/2024 22:00
2024,1,25,23,84.67580645,84.67580645,25/01/2024 23:00
2024,1,25,24,75.55387097,75.55387097,26/01/2024 0:00
2024,1,26,1,67.93903226,67.83,26/01/2024 1:00
2024,1,26,2,63.57612903,63.21419355,26/01/2024 2:00
2024,1,26,3,61.12419355,60.05806452,26/01/2024 3:00
2024,1,26,4,58.10193548,57.57483871,26/01/2024 4:00
2024,1,26,5,56.36774194,55.85451613,26/01/2024 5:00
2024,1,26,6,57.93677419,57.93354839,26/01/2024 6:00
2024,1,26,7,64.91322581,65.12451613,26/01/2024 7:00
2024,1,26,8,76.64096774,77.61741935,26/01/2024 8:00
2024,1,26,9,85.12645161,88.14354839,26/01/2024 9:00
2024,1,26,10,83.80419355,84.51096774,26/01/2024 10:00
2024,1,26,11,74.50548387,74.16322581,26/01/2024 11:00
2024,1,26,12,67.40645161,66.52580645,26/01/2024 12:00
2024,1,26,13,63.32451613,63.04709677,26/01/2024 13:00
2024,1,26,14,61.30774194,61.05193548,26/01/2024 14:00
2024,1,26,15,61.63870968,61.55483871,26/01/2024 15:00
2024,1,26,16,63.20322581,62.9683871,26/01/2024 16:00
2024,1,26,17,70.1816129,70.1816129,26/01/2024 17:00
2024,1,26,18,84.33516129,84.33516129,26/01/2024 18:00
2024,1,26,19,95.18483871,95.27129032,26/01/2024 19:00
2024,1,26,20,101.6041935,101.7548387,26/01/2024 20:00
2024,1,26,21,105.8151613,105.8151613,26/01/2024 21:00
2024,1,26,22,93.6416129,93.6416129,26/01/2024 22:00
2024,1,26,23,84.67580645,84.67580645,26/01/2024 23:00
2024,1,26,24,75.55387097,75.55387097,27/01/2024 0:00
2024,1,27,1,67.93903226,67.83,27/01/2024 1:00
2024,1,27,2,63.57612903,63.21419355,27/01/2024 2:00
2024,1,27,3,61.12419355,60.05806452,27/01/2024 3:00
2024,1,27,4,58.10193548,57.57483871,27/01/2024 4:00
2024,1,27,5,56.36774194,55.85451613,27/01/2024 5:00
2024,1,27,6,57.93677419,57.93354839,27/01/2024 6:00
2024,1,27,7,64.91322581,65.12451613,27/01/2024 7:00
2024,1,27,8,76.64096774,77.61741935,27/01/2024 8:00
2024,1,27,9,85.12645161,88.14354839,27/01/2024 9:00
2024,1,27,10,83.80419355,84.51096774,27/01/2024 10:00
2024,1,27,11,74.50548387,74.16322581,27/01/2024 11:00
2024,1,27,12,67.40645161,66.52580645,27/01/2024 12:00
2024,1,27,13,63.32451613,63.04709677,27/01/2024 13:00
2024,1,27,14,61.30774194,61.05193548,27/01/2024 14:00
2024,1,27,15,61.63870968,61.55483871,27/01/2024 15:00
2024,1,27,16,63.20322581,62.9683871,27/01/2024 16:00
2024,1,27,17,70.1816129,70.1816129,27/01/2024 17:00
2024,1,27,18,84.33516129,84.33516129,27/01/2024 18:00
2024,1,27,19,95.18483871,95.27129032,27/01/2024 19:00
2024,1,27,20,101.6041935,101.7548387,27/01/2024 20:00
2024,1,27,21,105.8151613,105.8151613,27/01/2024 21:00
2024,1,27,22,93.6416129,93.6416129,27/01/2024 22:00
2024,1,27,23,84.67580645,84.67580645,27/01/2024 23:00
2024,1,27,24,75.55387097,75.55387097,28/01/2024 0:00
2024,1,28,1,67.93903226,67.83,28/01/2024 1:00
2024,1,28,2,63.57612903,63.21419355,28/01/2024 2:00
2024,1,28,3,61.12419355,60.05806452,28/01/2024 3:00
2024,1,28,4,58.10193548,57.57483871,28/01/2024 4:00
2024,1,28,5,56.36774194,55.85451613,28/01/2024 5:00
2024,1,28,6,57.93677419,57.93354839,28/01/2024 6:00
2024,1,28,7,64.91322581,65.12451613,28/01/2024 7:00
2024,1,28,8,76.64096774,77.61741935,28/01/2024 8:00
2024,1,28,9,85.12645161,88.14354839,28/01/2024 9:00
2024,1,28,10,83.80419355,84.51096774,28/01/2024 10:00
2024,1,28,11,74.50548387,74.16322581,28/01/2024 11:00
2024,1,28,12,67.40645161,66.52580645,28/01/2024 12:00
2024,1,28,13,63.32451613,63.04709677,28/01/2024 13:00
2024,1,28,14,61.30774194,61.05193548,28/01/2024 14:00
2024,1,28,15,61.63870968,61.55483871,28/01/2024 15:00
2024,1,28,16,63.20322581,62.9683871,28/01/2024 16:00
2024,1,28,17,70.1816129,70.1816129,28/01/2024 17:00
2024,1,28,18,84.33516129,84.33516129,28/01/2024 18:00
2024,1,28,19,95.18483871,95.27129032,28/01/2024 19:00
2024,1,28,20,101.6041935,101.7548387,28/01/2024 20:00
2024,1,28,21,105.8151613,105.8151613,28/01/2024 21:00
2024,1,28,22,93.6416129,93.6416129,28/01/2024 22:00
2024,1,28,23,84.67580645,84.67580645,28/01/2024 23:00
2024,1,28,24,75.55387097,75.55387097,29/01/2024 0:00
2024,1,29,1,67.93903226,67.83,29/01/2024 1:00
2024,1,29,2,63.57612903,63.21419355,29/01/2024 2:00
2024,1,29,3,61.12419355,60.05806452,29/01/2024 3:00
2024,1,29,4,58.10193548,57.57483871,29/01/2024 4:00
2024,1,29,5,56.36774194,55.85451613,29/01/2024 5:00
2024,1,29,6,57.93677419,57.93354839,29/01/2024 6:00
2024,1,29,7,64.91322581,65.12451613,29/01/2024 7:00
2024,1,29,8,76.64096774,77.61741935,29/01/2024 8:00
2024,1,29,9,85.12645161,88.14354839,29/01/2024 9:00
2024,1,29,10,83.80419355,84.51096774,29/01/2024 10:00
2024,1,29,11,74.50548387,74.16322581,29/01/2024 11:00
2024,1,29,12,67.40645161,66.52580645,29/01/2024 12:00
2024,1,29,13,63.32451613,63.04709677,29/01/2024 13:00
2024,1,29,14,61.30774194,61.05193548,29/01/2024 14:00
2024,1,29,15,61.63870968,61.55483871,29/01/2024 15:00
2024,1,29,16,63.20322581,62.9683871,29/01/2024 16:00
2024,1,29,17,70.1816129,70.1816129,29/01/2024 17:00
2024,1,29,18,84.33516129,84.33516129,29/01/2024 18:00
2024,1,29,19,95.18483871,95.27129032,29/01/2024 19:00
2024,1,29,20,101.6041935,101.7548387,29/01/2024 20:00
2024,1,29,21,105.8151613,105.8151613,29/01/2024 21:00
2024,1,29,22,93.6416129,93.6416129,29/01/2024 22:00
2024,1,29,23,84.67580645,84.67580645,29/01/2024 23:00
2024,1,29,24,75.55387097,75.55387097,30/01/2024 0:00
2024,1,30,1,67.93903226,67.83,30/01/2024 1:00
2024,1,30,2,63.57612903,63.21419355,30/01/2024 2:00
2024,1,30,3,61.12419355,60.05806452,30/01/2024 3:00
2024,1,30,4,58.10193548,57.57483871,30/01/2024 4:00
2024,1,30,5,56.36774194,55.85451613,30/01/2024 5:00
2024,1,30,6,57.93677419,57.93354839,30/01/2024 6:00
2024,1,30,7,64.91322581,65.12451613,30/01/2024 7:00
2024,1,30,8,76.64096774,77.61741935,30/01/2024 8:00
2024,1,30,9,85.12645161,88.14354839,30/01/2024 9:00
2024,1,30,10,83.80419355,84.51096774,30/01/2024 10:00
2024,1,30,11,74.50548387,74.16322581,30/01/2024 11:00
2024,1,30,12,67.40645161,66.52580645,30/01/2024 12:00
2024,1,30,13,63.32451613,63.04709677,30/01/2024 13:00
2024,1,30,14,61.30774194,61.05193548,30/01/2024 14:00
2024,1,30,15,61.63870968,61.55483871,30/01/2024 15:00
2024,1,30,16,63.20322581,62.9683871,30/01/2024 16:00
2024,1,30,17,70.1816129,70.1816129,30/01/2024 17:00
2024,1,30,18,84.33516129,84.33516129,30/01/2024 18:00
2024,1,30,19,95.18483871,95.27129032,30/01/2024 19:00
2024,1,30,20,101.6041935,101.7548387,30/01/2024 20:00
2024,1,30,21,105.8151613,105.8151613,30/01/2024 21:00
2024,1,30,22,93.6416129,93.6416129,30/01/2024 22:00
2024,1,30,23,84.67580645,84.67580645,30/01/2024 23:00
2024,1,30,24,75.55387097,75.55387097,31/01/2024 0:00
2024,1,31,1,67.93903226,67.83,31/01/2024 1:00
2024,1,31,2,63.57612903,63.21419355,31/01/2024 2:00
2024,1,31,3,61.12419355,60.05806452,31/01/2024 3:00
2024,1,31,4,58.10193548,57.57483871,31/01/2024 4:00
2024,1,31,5,56.36774194,55.85451613,31/01/2024 5:00
2024,1,31,6,57.93677419,57.93354839,31/01/2024 6:00
2024,1,31,7,64.91322581,65.12451613,31/01/2024 7:00
2024,1,31,8,76.64096774,77.61741935,31/01/2024 8:00
2024,1,31,9,85.12645161,88.14354839,31/01/2024 9:00
2024,1,31,10,83.80419355,84.51096774,31/01/2024 10:00
2024,1,31,11,74.50548387,74.16322581,31/01/2024 11:00
2024,1,31,12,67.40645161,66.52580645,31/01/2024 12:00
2024,1,31,13,63.32451613,63.04709677,31/01/2024 13:00
2024,1,31,14,61.30774194,61.05193548,31/01/2024 14:00
2024,1,31,15,61.63870968,61.55483871,31/01/2024 15:00
2024,1,31,16,63.20322581,62.9683871,31/01/2024 16:00
2024,1,31,17,70.1816129,70.1816129,31/01/2024 17:00
2024,1,31,18,84.33516129,84.33516129,31/01/2024 18:00
2024,1,31,19,95.18483871,95.27129032,31/01/2024 19:00
2024,1,31,20,101.6041935,101.7548387,31/01/2024 20:00
2024,1,31,21,105.8151613,105.8151613,31/01/2024 21:00
2024,1,31,22,93.6416129,93.6416129,31/01/2024 22:00
2024,1,31,23,84.67580645,84.67580645,31/01/2024 23:00
2024,1,31,24,75.55387097,75.55387097,01/02/2024 0:00
2024,2,1,1,40.34857143,40.34857143,01/02/2024 1:00
2024,2,1,2,36.21357143,36.21357143,01/02/2024 2:00
2024,2,1,3,33.67142857,33.67142857,01/02/2024 3:00
2024,2,1,4,32.56714286,32.56714286,01/02/2024 4:00
2024,2,1,5,31.92392857,31.73964286,01/02/2024 5:00
2024,2,1,6,33.985,33.985,01/02/2024 6:00
2024,2,1,7,38.65071429,38.65071429,01/02/2024 7:00
2024,2,1,8,45.55928571,46.59,01/02/2024 8:00
2024,2,1,9,50.6925,52.10892857,01/02/2024 9:00
2024,2,1,10,44.88,44.88,01/02/2024 10:00
2024,2,1,11,38.23535714,38.23535714,01/02/2024 11:00
2024,2,1,12,34.32357143,34.32357143,01/02/2024 12:00
2024,2,1,13,31.85071429,31.85071429,01/02/2024 13:00
2024,2,1,14,30.01678571,30.01678571,01/02/2024 14:00
2024,2,1,15,29.40285714,29.40285714,01/02/2024 15:00
2024,2,1,16,29.56785714,29.56785714,01/02/2024 16:00
2024,2,1,17,32.44857143,32.44857143,01/02/2024 17:00
2024,2,1,18,39.47714286,39.47714286,01/02/2024 18:00
2024,2,1,19,50.13785714,50.68607143,01/02/2024 19:00
2024,2,1,20,60.37464286,61.07642857,01/02/2024 20:00
2024,2,1,21,70.14678571,70.185,01/02/2024 21:00
2024,2,1,22,59.84035714,59.84035714,01/02/2024 22:00
2024,2,1,23,49.42357143,49.42357143,01/02/2024 23:00
2024,2,1,24,42.85928571,42.85928571,02/02/2024 0:00
2024,2,2,1,40.34857143,40.34857143,02/02/2024 1:00
2024,2,2,2,36.21357143,36.21357143,02/02/2024 2:00
2024,2,2,3,33.67142857,33.67142857,02/02/2024 3:00
2024,2,2,4,32.56714286,32.56714286,02/02/2024 4:00
2024,2,2,5,31.92392857,31.73964286,02/02/2024 5:00
2024,2,2,6,33.985,33.985,02/02/2024 6:00
2024,2,2,7,38.65071429,38.65071429,02/02/2024 7:00
2024,2,2,8,45.55928571,46.59,02/02/2024 8:00
2024,2,2,9,50.6925,52.10892857,02/02/2024 9:00
2024,2,2,10,44.88,44.88,02/02/2024 10:00
2024,2,2,11,38.23535714,38.23535714,02/02/2024 11:00
2024,2,2,12,34.32357143,34.32357143,02/02/2024 12:00
2024,2,2,13,31.85071429,31.85071429,02/02/2024 13:00
2024,2,2,14,30.01678571,30.01678571,02/02/2024 14:00
2024,2,2,15,29.40285714,29.40285714,02/02/2024 15:00
2024,2,2,16,29.56785714,29.56785714,02/02/2024 16:00
2024,2,2,17,32.44857143,32.44857143,02/02/2024 17:00
2024,2,2,18,39.47714286,39.47714286,02/02/2024 18:00
2024,2,2,19,50.13785714,50.68607143,02/02/2024 19:00
2024,2,2,20,60.37464286,61.07642857,02/02/2024 20:00
2024,2,2,21,70.14678571,70.185,02/02/2024 21:00
2024,2,2,22,59.84035714,59.84035714,02/02/2024 22:00
2024,2,2,23,49.42357143,49.42357143,02/02/2024 23:00
2024,2,2,24,42.85928571,42.85928571,03/02/2024 0:00
2024,2,3,1,40.34857143,40.34857143,03/02/2024 1:00
2024,2,3,2,36.21357143,36.21357143,03/02/2024 2:00
2024,2,3,3,33.67142857,33.67142857,03/02/2024 3:00
2024,2,3,4,32.56714286,32.56714286,03/02/2024 4:00
2024,2,3,5,31.92392857,31.73964286,03/02/2024 5:00
2024,2,3,6,33.985,33.985,03/02/2024 6:00
2024,2,3,7,38.65071429,38.65071429,03/02/2024 7:00
2024,2,3,8,45.55928571,46.59,03/02/2024 8:00
2024,2,3,9,50.6925,52.10892857,03/02/2024 9:00
2024,2,3,10,44.88,44.88,03/02/2024 10:00
2024,2,3,11,38.23535714,38.23535714,03/02/2024 11:00
2024,2,3,12,34.32357143,34.32357143,03/02/2024 12:00
2024,2,3,13,31.85071429,31.85071429,03/02/2024 13:00
2024,2,3,14,30.01678571,30.01678571,03/02/2024 14:00
2024,2,3,15,29.40285714,29.40285714,03/02/2024 15:00
2024,2,3,16,29.56785714,29.56785714,03/02/2024 16:00
2024,2,3,17,32.44857143,32.44857143,03/02/2024 17:00
2024,2,3,18,39.47714286,39.47714286,03/02/2024 18:00
2024,2,3,19,50.13785714,50.68607143,03/02/2024 19:00
2024,2,3,20,60.37464286,61.07642857,03/02/2024 20:00
2024,2,3,21,70.14678571,70.185,03/02/2024 21:00
2024,2,3,22,59.84035714,59.84035714,03/02/2024 22:00
2024,2,3,23,49.42357143,49.42357143,03/02/2024 23:00
2024,2,3,24,42.85928571,42.85928571,04/02/2024 0:00
2024,2,4,1,40.34857143,40.34857143,04/02/2024 1:00
2024,2,4,2,36.21357143,36.21357143,04/02/2024 2:00
2024,2,4,3,33.67142857,33.67142857,04/02/2024 3:00
2024,2,4,4,32.56714286,32.56714286,04/02/2024 4:00
2024,2,4,5,31.92392857,31.73964286,04/02/2024 5:00
2024,2,4,6,33.985,33.985,04/02/2024 6:00
2024,2,4,7,38.65071429,38.65071429,04/02/2024 7:00
2024,2,4,8,45.55928571,46.59,04/02/2024 8:00
2024,2,4,9,50.6925,52.10892857,04/02/2024 9:00
2024,2,4,10,44.88,44.88,04/02/2024 10:00
2024,2,4,11,38.23535714,38.23535714,04/02/2024 11:00
2024,2,4,12,34.32357143,34.32357143,04/02/2024 12:00
2024,2,4,13,31.85071429,31.85071429,04/02/2024 13:00
2024,2,4,14,30.01678571,30.01678571,04/02/2024 14:00
2024,2,4,15,29.40285714,29.40285714,04/02/2024 15:00
2024,2,4,16,29.56785714,29.56785714,04/02/2024 16:00
2024,2,4,17,32.44857143,32.44857143,04/02/2024 17:00
2024,2,4,18,39.47714286,39.47714286,04/02/2024 18:00
2024,2,4,19,50.13785714,50.68607143,04/02/2024 19:00
2024,2,4,20,60.37464286,61.07642857,04/02/2024 20:00
2024,2,4,21,70.14678571,70.185,04/02/2024 21:00
2024,2,4,22,59.84035714,59.84035714,04/02/2024 22:00
2024,2,4,23,49.42357143,49.42357143,04/02/2024 23:00
2024,2,4,24,42.85928571,42.85928571,05/02/2024 0:00
2024,2,5,1,40.34857143,40.34857143,05/02/2024 1:00
2024,2,5,2,36.21357143,36.21357143,05/02/2024 2:00
2024,2,5,3,33.67142857,33.67142857,05/02/2024 3:00
2024,2,5,4,32.56714286,32.56714286,05/02/2024 4:00
2024,2,5,5,31.92392857,31.73964286,05/02/2024 5:00
2024,2,5,6,33.985,33.985,05/02/2024 6:00
2024,2,5,7,38.65071429,38.65071429,05/02/2024 7:00
2024,2,5,8,45.55928571,46.59,05/02/2024 8:00
2024,2,5,9,50.6925,52.10892857,05/02/2024 9:00
2024,2,5,10,44.88,44.88,05/02/2024 10:00
2024,2,5,11,38.23535714,38.23535714,05/02/2024 11:00
2024,2,5,12,34.32357143,34.32357143,05/02/2024 12:00
2024,2,5,13,31.85071429,31.85071429,05/02/2024 13:00
2024,2,5,14,30.01678571,30.01678571,05/02/2024 14:00
2024,2,5,15,29.40285714,29.40285714,05/02/2024 15:00
2024,2,5,16,29.56785714,29.56785714,05/02/2024 16:00
2024,2,5,17,32.44857143,32.44857143,05/02/2024 17:00
2024,2,5,18,39.47714286,39.47714286,05/02/2024 18:00
2024,2,5,19,50.13785714,50.68607143,05/02/2024 19:00
2024,2,5,20,60.37464286,61.07642857,05/02/2024 20:00
2024,2,5,21,70.14678571,70.185,05/02/2024 21:00
2024,2,5,22,59.84035714,59.84035714,05/02/2024 22:00
2024,2,5,23,49.42357143,49.42357143,05/02/2024 23:00
2024,2,5,24,42.85928571,42.85928571,06/02/2024 0:00
2024,2,6,1,40.34857143,40.34857143,06/02/2024 1:00
2024,2,6,2,36.21357143,36.21357143,06/02/2024 2:00
2024,2,6,3,33.67142857,33.67142857,06/02/2024 3:00
2024,2,6,4,32.56714286,32.56714286,06/02/2024 4:00
2024,2,6,5,31.92392857,31.73964286,06/02/2024 5:00
2024,2,6,6,33.985,33.985,06/02/2024 6:00
2024,2,6,7,38.65071429,38.65071429,06/02/2024 7:00
2024,2,6,8,45.55928571,46.59,06/02/2024 8:00
2024,2,6,9,50.6925,52.10892857,06/02/2024 9:00
2024,2,6,10,44.88,44.88,06/02/2024 10:00
2024,2,6,11,38.23535714,38.23535714,06/02/2024 11:00
2024,2,6,12,34.32357143,34.32357143,06/02/2024 12:00
2024,2,6,13,31.85071429,31.85071429,06/02/2024 13:00
2024,2,6,14,30.01678571,30.01678571,06/02/2024 14:00
2024,2,6,15,29.40285714,29.40285714,06/02/2024 15:00
2024,2,6,16,29.56785714,29.56785714,06/02/2024 16:00
2024,2,6,17,32.44857143,32.44857143,06/02/2024 17:00
2024,2,6,18,39.47714286,39.47714286,06/02/2024 18:00
2024,2,6,19,50.13785714,50.68607143,06/02/2024 19:00
2024,2,6,20,60.37464286,61.07642857,06/02/2024 20:00
2024,2,6,21,70.14678571,70.185,06/02/2024 21:00
2024,2,6,22,59.84035714,59.84035714,06/02/2024 22:00
2024,2,6,23,49.42357143,49.42357143,06/02/2024 23:00
2024,2,6,24,42.85928571,42.85928571,07/02/2024 0:00
2024,2,7,1,40.34857143,40.34857143,07/02/2024 1:00
2024,2,7,2,36.21357143,36.21357143,07/02/2024 2:00
2024,2,7,3,33.67142857,33.67142857,07/02/2024 3:00
2024,2,7,4,32.56714286,32.56714286,07/02/2024 4:00
2024,2,7,5,31.92392857,31.73964286,07/02/2024 5:00
2024,2,7,6,33.985,33.985,07/02/2024 6:00
2024,2,7,7,38.65071429,38.65071429,07/02/2024 7:00
2024,2,7,8,45.55928571,46.59,07/02/2024 8:00
2024,2,7,9,50.6925,52.10892857,07/02/2024 9:00
2024,2,7,10,44.88,44.88,07/02/2024 10:00
2024,2,7,11,38.23535714,38.23535714,07/02/2024 11:00
2024,2,7,12,34.32357143,34.32357143,07/02/2024 12:00
2024,2,7,13,31.85071429,31.85071429,07/02/2024 13:00
2024,2,7,14,30.01678571,30.01678571,07/02/2024 14:00
2024,2,7,15,29.40285714,29.40285714,07/02/2024 15:00
2024,2,7,16,29.56785714,29.56785714,07/02/2024 16:00
2024,2,7,17,32.44857143,32.44857143,07/02/2024 17:00
2024,2,7,18,39.47714286,39.47714286,07/02/2024 18:00
2024,2,7,19,50.13785714,50.68607143,07/02/2024 19:00
2024,2,7,20,60.37464286,61.07642857,07/02/2024 20:00
2024,2,7,21,70.14678571,70.185,07/02/2024 21:00
2024,2,7,22,59.84035714,59.84035714,07/02/2024 22:00
2024,2,7,23,49.42357143,49.42357143,07/02/2024 23:00
2024,2,7,24,42.85928571,42.85928571,08/02/2024 0:00
2024,2,8,1,40.34857143,40.34857143,08/02/2024 1:00
2024,2,8,2,36.21357143,36.21357143,08/02/2024 2:00
2024,2,8,3,33.67142857,33.67142857,08/02/2024 3:00
2024,2,8,4,32.56714286,32.56714286,08/02/2024 4:00
2024,2,8,5,31.92392857,31.73964286,08/02/2024 5:00
2024,2,8,6,33.985,33.985,08/02/2024 6:00
2024,2,8,7,38.65071429,38.65071429,08/02/2024 7:00
2024,2,8,8,45.55928571,46.59,08/02/2024 8:00
2024,2,8,9,50.6925,52.10892857,08/02/2024 9:00
2024,2,8,10,44.88,44.88,08/02/2024 10:00
2024,2,8,11,38.23535714,38.23535714,08/02/2024 11:00
2024,2,8,12,34.32357143,34.32357143,08/02/2024 12:00
2024,2,8,13,31.85071429,31.85071429,08/02/2024 13:00
2024,2,8,14,30.01678571,30.01678571,08/02/2024 14:00
2024,2,8,15,29.40285714,29.40285714,08/02/2024 15:00
2024,2,8,16,29.56785714,29.56785714,08/02/2024 16:00
2024,2,8,17,32.44857143,32.44857143,08/02/2024 17:00
2024,2,8,18,39.47714286,39.47714286,08/02/2024 18:00
2024,2,8,19,50.13785714,50.68607143,08/02/2024 19:00
2024,2,8,20,60.37464286,61.07642857,08/02/2024 20:00
2024,2,8,21,70.14678571,70.185,08/02/2024 21:00
2024,2,8,22,59.84035714,59.84035714,08/02/2024 22:00
2024,2,8,23,49.42357143,49.42357143,08/02/2024 23:00
2024,2,8,24,42.85928571,42.85928571,09/02/2024 0:00
2024,2,9,1,40.34857143,40.34857143,09/02/2024 1:00
2024,2,9,2,36.21357143,36.21357143,09/02/2024 2:00
2024,2,9,3,33.67142857,33.67142857,09/02/2024 3:00
2024,2,9,4,32.56714286,32.56714286,09/02/2024 4:00
2024,2,9,5,31.92392857,31.73964286,09/02/2024 5:00
2024,2,9,6,33.985,33.985,09/02/2024 6:00
2024,2,9,7,38.65071429,38.65071429,09/02/2024 7:00
2024,2,9,8,45.55928571,46.59,09/02/2024 8:00
2024,2,9,9,50.6925,52.10892857,09/02/2024 9:00
2024,2,9,10,44.88,44.88,09/02/2024 10:00
2024,2,9,11,38.23535714,38.23535714,09/02/2024 11:00
2024,2,9,12,34.32357143,34.32357143,09/02/2024 12:00
2024,2,9,13,31.85071429,31.85071429,09/02/2024 13:00
2024,2,9,14,30.01678571,30.01678571,09/02/2024 14:00
2024,2,9,15,29.40285714,29.40285714,09/02/2024 15:00
2024,2,9,16,29.56785714,29.56785714,09/02/2024 16:00
2024,2,9,17,32.44857143,32.44857143,09/02/2024 17:00
2024,2,9,18,39.47714286,39.47714286,09/02/2024 18:00
2024,2,9,19,50.13785714,50.68607143,09/02/2024 19:00
2024,2,9,20,60.37464286,61.07642857,09/02/2024 20:00
2024,2,9,21,70.14678571,70.185,09/02/2024 21:00
2024,2,9,22,59.84035714,59.84035714,09/02/2024 22:00
2024,2,9,23,49.42357143,49.42357143,09/02/2024 23:00
2024,2,9,24,42.85928571,42.85928571,10/02/2024 0:00
2024,2,10,1,40.34857143,40.34857143,10/02/2024 1:00
2024,2,10,2,36.21357143,36.21357143,10/02/2024 2:00
2024,2,10,3,33.67142857,33.67142857,10/02/2024 3:00
2024,2,10,4,32.56714286,32.56714286,10/02/2024 4:00
2024,2,10,5,31.92392857,31.73964286,10/02/2024 5:00
2024,2,10,6,33.985,33.985,10/02/2024 6:00
2024,2,10,7,38.65071429,38.65071429,10/02/2024 7:00
2024,2,10,8,45.55928571,46.59,10/02/2024 8:00
2024,2,10,9,50.6925,52.10892857,10/02/2024 9:00
2024,2,10,10,44.88,44.88,10/02/2024 10:00
2024,2,10,11,38.23535714,38.23535714,10/02/2024 11:00
2024,2,10,12,34.32357143,34.32357143,10/02/2024 12:00
2024,2,10,13,31.85071429,31.85071429,10/02/2024 13:00
2024,2,10,14,30.01678571,30.01678571,10/02/2024 14:00
2024,2,10,15,29.40285714,29.40285714,10/02/2024 15:00
2024,2,10,16,29.56785714,29.56785714,10/02/2024 16:00
2024,2,10,17,32.44857143,32.44857143,10/02/2024 17:00
2024,2,10,18,39.47714286,39.47714286,10/02/2024 18:00
2024,2,10,19,50.13785714,50.68607143,10/02/2024 19:00
2024,2,10,20,60.37464286,61.07642857,10/02/2024 20:00
2024,2,10,21,70.14678571,70.185,10/02/2024 21:00
2024,2,10,22,59.84035714,59.84035714,10/02/2024 22:00
2024,2,10,23,49.42357143,49.42357143,10/02/2024 23:00
2024,2,10,24,42.85928571,42.85928571,11/02/2024 0:00
2024,2,11,1,40.34857143,40.34857143,11/02/2024 1:00
2024,2,11,2,36.21357143,36.21357143,11/02/2024 2:00
2024,2,11,3,33.67142857,33.67142857,11/02/2024 3:00
2024,2,11,4,32.56714286,32.56714286,11/02/2024 4:00
2024,2,11,5,31.92392857,31.73964286,11/02/2024 5:00
2024,2,11,6,33.985,33.985,11/02/2024 6:00
2024,2,11,7,38.65071429,38.65071429,11/02/2024 7:00
2024,2,11,8,45.55928571,46.59,11/02/2024 8:00
2024,2,11,9,50.6925,52.10892857,11/02/2024 9:00
2024,2,11,10,44.88,44.88,11/02/2024 10:00
2024,2,11,11,38.23535714,38.23535714,11/02/2024 11:00
2024,2,11,12,34.32357143,34.32357143,11/02/2024 12:00
2024,2,11,13,31.85071429,31.85071429,11/02/2024 13:00
2024,2,11,14,30.01678571,30.01678571,11/02/2024 14:00
2024,2,11,15,29.40285714,29.40285714,11/02/2024 15:00
2024,2,11,16,29.56785714,29.56785714,11/02/2024 16:00
2024,2,11,17,32.44857143,32.44857143,11/02/2024 17:00
2024,2,11,18,39.47714286,39.47714286,11/02/2024 18:00
2024,2,11,19,50.13785714,50.68607143,11/02/2024 19:00
2024,2,11,20,60.37464286,61.07642857,11/02/2024 20:00
2024,2,11,21,70.14678571,70.185,11/02/2024 21:00
2024,2,11,22,59.84035714,59.84035714,11/02/2024 22:00
2024,2,11,23,49.42357143,49.42357143,11/02/2024 23:00
2024,2,11,24,42.85928571,42.85928571,12/02/2024 0:00
2024,2,12,1,40.34857143,40.34857143,12/02/2024 1:00
2024,2,12,2,36.21357143,36.21357143,12/02/2024 2:00
2024,2,12,3,33.67142857,33.67142857,12/02/2024 3:00
2024,2,12,4,32.56714286,32.56714286,12/02/2024 4:00
2024,2,12,5,31.92392857,31.73964286,12/02/2024 5:00
2024,2,12,6,33.985,33.985,12/02/2024 6:00
2024,2,12,7,38.65071429,38.65071429,12/02/2024 7:00
2024,2,12,8,45.55928571,46.59,12/02/2024 8:00
2024,2,12,9,50.6925,52.10892857,12/02/2024 9:00
2024,2,12,10,44.88,44.88,12/02/2024 10:00
2024,2,12,11,38.23535714,38.23535714,12/02/2024 11:00
2024,2,12,12,34.32357143,34.32357143,12/02/2024 12:00
2024,2,12,13,31.85071429,31.85071429,12/02/2024 13:00
2024,2,12,14,30.01678571,30.01678571,12/02/2024 14:00
2024,2,12,15,29.40285714,29.40285714,12/02/2024 15:00
2024,2,12,16,29.56785714,29.56785714,12/02/2024 16:00
2024,2,12,17,32.44857143,32.44857143,12/02/2024 17:00
2024,2,12,18,39.47714286,39.47714286,12/02/2024 18:00
2024,2,12,19,50.13785714,50.68607143,12/02/2024 19:00
2024,2,12,20,60.37464286,61.07642857,12/02/2024 20:00
2024,2,12,21,70.14678571,70.185,12/02/2024 21:00
2024,2,12,22,59.84035714,59.84035714,12/02/2024 22:00
2024,2,12,23,49.42357143,49.42357143,12/02/2024 23:00
2024,2,12,24,42.85928571,42.85928571,13/02/2024 0:00
2024,2,13,1,40.34857143,40.34857143,13/02/2024 1:00
2024,2,13,2,36.21357143,36.21357143,13/02/2024 2:00
2024,2,13,3,33.67142857,33.67142857,13/02/2024 3:00
2024,2,13,4,32.56714286,32.56714286,13/02/2024 4:00
2024,2,13,5,31.92392857,31.73964286,13/02/2024 5:00
2024,2,13,6,33.985,33.985,13/02/2024 6:00
2024,2,13,7,38.65071429,38.65071429,13/02/2024 7:00
2024,2,13,8,45.55928571,46.59,13/02/2024 8:00
2024,2,13,9,50.6925,52.10892857,13/02/2024 9:00
2024,2,13,10,44.88,44.88,13/02/2024 10:00
2024,2,13,11,38.23535714,38.23535714,13/02/2024 11:00
2024,2,13,12,34.32357143,34.32357143,13/02/2024 12:00
2024,2,13,13,31.85071429,31.85071429,13/02/2024 13:00
2024,2,13,14,30.01678571,30.01678571,13/02/2024 14:00
2024,2,13,15,29.40285714,29.40285714,13/02/2024 15:00
2024,2,13,16,29.56785714,29.56785714,13/02/2024 16:00
2024,2,13,17,32.44857143,32.44857143,13/02/2024 17:00
2024,2,13,18,39.47714286,39.47714286,13/02/2024 18:00
2024,2,13,19,50.13785714,50.68607143,13/02/2024 19:00
2024,2,13,20,60.37464286,61.07642857,13/02/2024 20:00
2024,2,13,21,70.14678571,70.185,13/02/2024 21:00
2024,2,13,22,59.84035714,59.84035714,13/02/2024 22:00
2024,2,13,23,49.42357143,49.42357143,13/02/2024 23:00
2024,2,13,24,42.85928571,42.85928571,14/02/2024 0:00
2024,2,14,1,40.34857143,40.34857143,14/02/2024 1:00
2024,2,14,2,36.21357143,36.21357143,14/02/2024 2:00
2024,2,14,3,33.67142857,33.67142857,14/02/2024 3:00
2024,2,14,4,32.56714286,32.56714286,14/02/2024 4:00
2024,2,14,5,31.92392857,31.73964286,14/02/2024 5:00
2024,2,14,6,33.985,33.985,14/02/2024 6:00
2024,2,14,7,38.65071429,38.65071429,14/02/2024 7:00
2024,2,14,8,45.55928571,46.59,14/02/2024 8:00
2024,2,14,9,50.6925,52.10892857,14/02/2024 9:00
2024,2,14,10,44.88,44.88,14/02/2024 10:00
2024,2,14,11,38.23535714,38.23535714,14/02/2024 11:00
2024,2,14,12,34.32357143,34.32357143,14/02/2024 12:00
2024,2,14,13,31.85071429,31.85071429,14/02/2024 13:00
2024,2,14,14,30.01678571,30.01678571,14/02/2024 14:00
2024,2,14,15,29.40285714,29.40285714,14/02/2024 15:00
2024,2,14,16,29.56785714,29.56785714,14/02/2024 16:00
2024,2,14,17,32.44857143,32.44857143,14/02/2024 17:00
2024,2,14,18,39.47714286,39.47714286,14/02/2024 18:00
2024,2,14,19,50.13785714,50.68607143,14/02/2024 19:00
2024,2,14,20,60.37464286,61.07642857,14/02/2024 20:00
2024,2,14,21,70.14678571,70.185,14/02/2024 21:00
2024,2,14,22,59.84035714,59.84035714,14/02/2024 22:00
2024,2,14,23,49.42357143,49.42357143,14/02/2024 23:00
2024,2,14,24,42.85928571,42.85928571,15/02/2024 0:00
2024,2,15,1,40.34857143,40.34857143,15/02/2024 1:00
2024,2,15,2,36.21357143,36.21357143,15/02/2024 2:00
2024,2,15,3,33.67142857,33.67142857,15/02/2024 3:00
2024,2,15,4,32.56714286,32.56714286,15/02/2024 4:00
2024,2,15,5,31.92392857,31.73964286,15/02/2024 5:00
2024,2,15,6,33.985,33.985,15/02/2024 6:00
2024,2,15,7,38.65071429,38.65071429,15/02/2024 7:00
2024,2,15,8,45.55928571,46.59,15/02/2024 8:00
2024,2,15,9,50.6925,52.10892857,15/02/2024 9:00
2024,2,15,10,44.88,44.88,15/02/2024 10:00
2024,2,15,11,38.23535714,38.23535714,15/02/2024 11:00
2024,2,15,12,34.32357143,34.32357143,15/02/2024 12:00
2024,2,15,13,31.85071429,31.85071429,15/02/2024 13:00
2024,2,15,14,30.01678571,30.01678571,15/02/2024 14:00
2024,2,15,15,29.40285714,29.40285714,15/02/2024 15:00
2024,2,15,16,29.56785714,29.56785714,15/02/2024 16:00
2024,2,15,17,32.44857143,32.44857143,15/02/2024 17:00
2024,2,15,18,39.47714286,39.47714286,15/02/2024 18:00
2024,2,15,19,50.13785714,50.68607143,15/02/2024 19:00
2024,2,15,20,60.37464286,61.07642857,15/02/2024 20:00
2024,2,15,21,70.14678571,70.185,15/02/2024 21:00
2024,2,15,22,59.84035714,59.84035714,15/02/2024 22:00
2024,2,15,23,49.42357143,49.42357143,15/02/2024 23:00
2024,2,15,24,42.85928571,42.85928571,16/02/2024 0:00
2024,2,16,1,40.34857143,40.34857143,16/02/2024 1:00
2024,2,16,2,36.21357143,36.21357143,16/02/2024 2:00
2024,2,16,3,33.67142857,33.67142857,16/02/2024 3:00
2024,2,16,4,32.56714286,32.56714286,16/02/2024 4:00
2024,2,16,5,31.92392857,31.73964286,16/02/2024 5:00
2024,2,16,6,33.985,33.985,16/02/2024 6:00
2024,2,16,7,38.65071429,38.65071429,16/02/2024 7:00
2024,2,16,8,45.55928571,46.59,16/02/2024 8:00
2024,2,16,9,50.6925,52.10892857,16/02/2024 9:00
2024,2,16,10,44.88,44.88,16/02/2024 10:00
2024,2,16,11,38.23535714,38.23535714,16/02/2024 11:00
2024,2,16,12,34.32357143,34.32357143,16/02/2024 12:00
2024,2,16,13,31.85071429,31.85071429,16/02/2024 13:00
2024,2,16,14,30.01678571,30.01678571,16/02/2024 14:00
2024,2,16,15,29.40285714,29.40285714,16/02/2024 15:00
2024,2,16,16,29.56785714,29.56785714,16/02/2024 16:00
2024,2,16,17,32.44857143,32.44857143,16/02/2024 17:00
2024,2,16,18,39.47714286,39.47714286,16/02/2024 18:00
2024,2,16,19,50.13785714,50.68607143,16/02/2024 19:00
2024,2,16,20,60.37464286,61.07642857,16/02/2024 20:00
2024,2,16,21,70.14678571,70.185,16/02/2024 21:00
2024,2,16,22,59.84035714,59.84035714,16/02/2024 22:00
2024,2,16,23,49.42357143,49.42357143,16/02/2024 23:00
2024,2,16,24,42.85928571,42.85928571,17/02/2024 0:00
2024,2,17,1,40.34857143,40.34857143,17/02/2024 1:00
2024,2,17,2,36.21357143,36.21357143,17/02/2024 2:00
2024,2,17,3,33.67142857,33.67142857,17/02/2024 3:00
2024,2,17,4,32.56714286,32.56714286,17/02/2024 4:00
2024,2,17,5,31.92392857,31.73964286,17/02/2024 5:00
2024,2,17,6,33.985,33.985,17/02/2024 6:00
2024,2,17,7,38.65071429,38.65071429,17/02/2024 7:00
2024,2,17,8,45.55928571,46.59,17/02/2024 8:00
2024,2,17,9,50.6925,52.10892857,17/02/2024 9:00
2024,2,17,10,44.88,44.88,17/02/2024 10:00
2024,2,17,11,38.23535714,38.23535714,17/02/2024 11:00
2024,2,17,12,34.32357143,34.32357143,17/02/2024 12:00
2024,2,17,13,31.85071429,31.85071429,17/02/2024 13:00
2024,2,17,14,30.01678571,30.01678571,17/02/2024 14:00
2024,2,17,15,29.40285714,29.40285714,17/02/2024 15:00
2024,2,17,16,29.56785714,29.56785714,17/02/2024 16:00
2024,2,17,17,32.44857143,32.44857143,17/02/2024 17:00
2024,2,17,18,39.47714286,39.47714286,17/02/2024 18:00
2024,2,17,19,50.13785714,50.68607143,17/02/2024 19:00
2024,2,17,20,60.37464286,61.07642857,17/02/2024 20:00
2024,2,17,21,70.14678571,70.185,17/02/2024 21:00
2024,2,17,22,59.84035714,59.84035714,17/02/2024 22:00
2024,2,17,23,49.42357143,49.42357143,17/02/2024 23:00
2024,2,17,24,42.85928571,42.85928571,18/02/2024 0:00
2024,2,18,1,40.34857143,40.34857143,18/02/2024 1:00
2024,2,18,2,36.21357143,36.21357143,18/02/2024 2:00
2024,2,18,3,33.67142857,33.67142857,18/02/2024 3:00
2024,2,18,4,32.56714286,32.56714286,18/02/2024 4:00
2024,2,18,5,31.92392857,31.73964286,18/02/2024 5:00
2024,2,18,6,33.985,33.985,18/02/2024 6:00
2024,2,18,7,38.65071429,38.65071429,18/02/2024 7:00
2024,2,18,8,45.55928571,46.59,18/02/2024 8:00
2024,2,18,9,50.6925,52.10892857,18/02/2024 9:00
2024,2,18,10,44.88,44.88,18/02/2024 10:00
2024,2,18,11,38.23535714,38.23535714,18/02/2024 11:00
2024,2,18,12,34.32357143,34.32357143,18/02/2024 12:00
2024,2,18,13,31.85071429,31.85071429,18/02/2024 13:00
2024,2,18,14,30.01678571,30.01678571,18/02/2024 14:00
2024,2,18,15,29.40285714,29.40285714,18/02/2024 15:00
2024,2,18,16,29.56785714,29.56785714,18/02/2024 16:00
2024,2,18,17,32.44857143,32.44857143,18/02/2024 17:00
2024,2,18,18,39.47714286,39.47714286,18/02/2024 18:00
2024,2,18,19,50.13785714,50.68607143,18/02/2024 19:00
2024,2,18,20,60.37464286,61.07642857,18/02/2024 20:00
2024,2,18,21,70.14678571,70.185,18/02/2024 21:00
2024,2,18,22,59.84035714,59.84035714,18/02/2024 22:00
2024,2,18,23,49.42357143,49.42357143,18/02/2024 23:00
2024,2,18,24,42.85928571,42.85928571,19/02/2024 0:00
2024,2,19,1,40.34857143,40.34857143,19/02/2024 1:00
2024,2,19,2,36.21357143,36.21357143,19/02/2024 2:00
2024,2,19,3,33.67142857,33.67142857,19/02/2024 3:00
2024,2,19,4,32.56714286,32.56714286,19/02/2024 4:00
2024,2,19,5,31.92392857,31.73964286,19/02/2024 5:00
2024,2,19,6,33.985,33.985,19/02/2024 6:00
2024,2,19,7,38.65071429,38.65071429,19/02/2024 7:00
2024,2,19,8,45.55928571,46.59,19/02/2024 8:00
2024,2,19,9,50.6925,52.10892857,19/02/2024 9:00
2024,2,19,10,44.88,44.88,19/02/2024 10:00
2024,2,19,11,38.23535714,38.23535714,19/02/2024 11:00
2024,2,19,12,34.32357143,34.32357143,19/02/2024 12:00
2024,2,19,13,31.85071429,31.85071429,19/02/2024 13:00
2024,2,19,14,30.01678571,30.01678571,19/02/2024 14:00
2024,2,19,15,29.40285714,29.40285714,19/02/2024 15:00
2024,2,19,16,29.56785714,29.56785714,19/02/2024 16:00
2024,2,19,17,32.44857143,32.44857143,19/02/2024 17:00
2024,2,19,18,39.47714286,39.47714286,19/02/2024 18:00
2024,2,19,19,50.13785714,50.68607143,19/02/2024 19:00
2024,2,19,20,60.37464286,61.07642857,19/02/2024 20:00
2024,2,19,21,70.14678571,70.185,19/02/2024 21:00
2024,2,19,22,59.84035714,59.84035714,19/02/2024 22:00
2024,2,19,23,49.42357143,49.42357143,19/02/2024 23:00
2024,2,19,24,42.85928571,42.85928571,20/02/2024 0:00
2024,2,20,1,40.34857143,40.34857143,20/02/2024 1:00
2024,2,20,2,36.21357143,36.21357143,20/02/2024 2:00
2024,2,20,3,33.67142857,33.67142857,20/02/2024 3:00
2024,2,20,4,32.56714286,32.56714286,20/02/2024 4:00
2024,2,20,5,31.92392857,31.73964286,20/02/2024 5:00
2024,2,20,6,33.985,33.985,20/02/2024 6:00
2024,2,20,7,38.65071429,38.65071429,20/02/2024 7:00
2024,2,20,8,45.55928571,46.59,20/02/2024 8:00
2024,2,20,9,50.6925,52.10892857,20/02/2024 9:00
2024,2,20,10,44.88,44.88,20/02/2024 10:00
2024,2,20,11,38.23535714,38.23535714,20/02/2024 11:00
2024,2,20,12,34.32357143,34.32357143,20/02/2024 12:00
2024,2,20,13,31.85071429,31.85071429,20/02/2024 13:00
2024,2,20,14,30.01678571,30.01678571,20/02/2024 14:00
2024,2,20,15,29.40285714,29.40285714,20/02/2024 15:00
2024,2,20,16,29.56785714,29.56785714,20/02/2024 16:00
2024,2,20,17,32.44857143,32.44857143,20/02/2024 17:00
2024,2,20,18,39.47714286,39.47714286,20/02/2024 18:00
2024,2,20,19,50.13785714,50.68607143,20/02/2024 19:00
2024,2,20,20,60.37464286,61.07642857,20/02/2024 20:00
2024,2,20,21,70.14678571,70.185,20/02/2024 21:00
2024,2,20,22,59.84035714,59.84035714,20/02/2024 22:00
2024,2,20,23,49.42357143,49.42357143,20/02/2024 23:00
2024,2,20,24,42.85928571,42.85928571,21/02/2024 0:00
2024,2,21,1,40.34857143,40.34857143,21/02/2024 1:00
2024,2,21,2,36.21357143,36.21357143,21/02/2024 2:00
2024,2,21,3,33.67142857,33.67142857,21/02/2024 3:00
2024,2,21,4,32.56714286,32.56714286,21/02/2024 4:00
2024,2,21,5,31.92392857,31.73964286,21/02/2024 5:00
2024,2,21,6,33.985,33.985,21/02/2024 6:00
2024,2,21,7,38.65071429,38.65071429,21/02/2024 7:00
2024,2,21,8,45.55928571,46.59,21/02/2024 8:00
2024,2,21,9,50.6925,52.10892857,21/02/2024 9:00
2024,2,21,10,44.88,44.88,21/02/2024 10:00
2024,2,21,11,38.23535714,38.23535714,21/02/2024 11:00
2024,2,21,12,34.32357143,34.32357143,21/02/2024 12:00
2024,2,21,13,31.85071429,31.85071429,21/02/2024 13:00
2024,2,21,14,30.01678571,30.01678571,21/02/2024 14:00
2024,2,21,15,29.40285714,29.40285714,21/02/2024 15:00
2024,2,21,16,29.56785714,29.56785714,21/02/2024 16:00
2024,2,21,17,32.44857143,32.44857143,21/02/2024 17:00
2024,2,21,18,39.47714286,39.47714286,21/02/2024 18:00
2024,2,21,19,50.13785714,50.68607143,21/02/2024 19:00
2024,2,21,20,60.37464286,61.07642857,21/02/2024 20:00
2024,2,21,21,70.14678571,70.185,21/02/2024 21:00
2024,2,21,22,59.84035714,59.84035714,21/02/2024 22:00
2024,2,21,23,49.42357143,49.42357143,21/02/2024 23:00
2024,2,21,24,42.85928571,42.85928571,22/02/2024 0:00
2024,2,22,1,40.34857143,40.34857143,22/02/2024 1:00
2024,2,22,2,36.21357143,36.21357143,22/02/2024 2:00
2024,2,22,3,33.67142857,33.67142857,22/02/2024 3:00
2024,2,22,4,32.56714286,32.56714286,22/02/2024 4:00
2024,2,22,5,31.92392857,31.73964286,22/02/2024 5:00
2024,2,22,6,33.985,33.985,22/02/2024 6:00
2024,2,22,7,38.65071429,38.65071429,22/02/2024 7:00
2024,2,22,8,45.55928571,46.59,22/02/2024 8:00
2024,2,22,9,50.6925,52.10892857,22/02/2024 9:00
2024,2,22,10,44.88,44.88,22/02/2024 10:00
2024,2,22,11,38.23535714,38.23535714,22/02/2024 11:00
2024,2,22,12,34.32357143,34.32357143,22/02/2024 12:00
2024,2,22,13,31.85071429,31.85071429,22/02/2024 13:00
2024,2,22,14,30.01678571,30.01678571,22/02/2024 14:00
2024,2,22,15,29.40285714,29.40285714,22/02/2024 15:00
2024,2,22,16,29.56785714,29.56785714,22/02/2024 16:00
2024,2,22,17,32.44857143,32.44857143,22/02/2024 17:00
2024,2,22,18,39.47714286,39.47714286,22/02/2024 18:00
2024,2,22,19,50.13785714,50.68607143,22/02/2024 19:00
2024,2,22,20,60.37464286,61.07642857,22/02/2024 20:00
2024,2,22,21,70.14678571,70.185,22/02/2024 21:00
2024,2,22,22,59.84035714,59.84035714,22/02/2024 22:00
2024,2,22,23,49.42357143,49.42357143,22/02/2024 23:00
2024,2,22,24,42.85928571,42.85928571,23/02/2024 0:00
2024,2,23,1,40.34857143,40.34857143,23/02/2024 1:00
2024,2,23,2,36.21357143,36.21357143,23/02/2024 2:00
2024,2,23,3,33.67142857,33.67142857,23/02/2024 3:00
2024,2,23,4,32.56714286,32.56714286,23/02/2024 4:00
2024,2,23,5,31.92392857,31.73964286,23/02/2024 5:00
2024,2,23,6,33.985,33.985,23/02/2024 6:00
2024,2,23,7,38.65071429,38.65071429,23/02/2024 7:00
2024,2,23,8,45.55928571,46.59,23/02/2024 8:00
2024,2,23,9,50.6925,52.10892857,23/02/2024 9:00
2024,2,23,10,44.88,44.88,23/02/2024 10:00
2024,2,23,11,38.23535714,38.23535714,23/02/2024 11:00
2024,2,23,12,34.32357143,34.32357143,23/02/2024 12:00
2024,2,23,13,31.85071429,31.85071429,23/02/2024 13:00
2024,2,23,14,30.01678571,30.01678571,23/02/2024 14:00
2024,2,23,15,29.40285714,29.40285714,23/02/2024 15:00
2024,2,23,16,29.56785714,29.56785714,23/02/2024 16:00
2024,2,23,17,32.44857143,32.44857143,23/02/2024 17:00
2024,2,23,18,39.47714286,39.47714286,23/02/2024 18:00
2024,2,23,19,50.13785714,50.68607143,23/02/2024 19:00
2024,2,23,20,60.37464286,61.07642857,23/02/2024 20:00
2024,2,23,21,70.14678571,70.185,23/02/2024 21:00
2024,2,23,22,59.84035714,59.84035714,23/02/2024 22:00
2024,2,23,23,49.42357143,49.42357143,23/02/2024 23:00
2024,2,23,24,42.85928571,42.85928571,24/02/2024 0:00
2024,2,24,1,40.34857143,40.34857143,24/02/2024 1:00
2024,2,24,2,36.21357143,36.21357143,24/02/2024 2:00
2024,2,24,3,33.67142857,33.67142857,24/02/2024 3:00
2024,2,24,4,32.56714286,32.56714286,24/02/2024 4:00
2024,2,24,5,31.92392857,31.73964286,24/02/2024 5:00
2024,2,24,6,33.985,33.985,24/02/2024 6:00
2024,2,24,7,38.65071429,38.65071429,24/02/2024 7:00
2024,2,24,8,45.55928571,46.59,24/02/2024 8:00
2024,2,24,9,50.6925,52.10892857,24/02/2024 9:00
2024,2,24,10,44.88,44.88,24/02/2024 10:00
2024,2,24,11,38.23535714,38.23535714,24/02/2024 11:00
2024,2,24,12,34.32357143,34.32357143,24/02/2024 12:00
2024,2,24,13,31.85071429,31.85071429,24/02/2024 13:00
2024,2,24,14,30.01678571,30.01678571,24/02/2024 14:00
2024,2,24,15,29.40285714,29.40285714,24/02/2024 15:00
2024,2,24,16,29.56785714,29.56785714,24/02/2024 16:00
2024,2,24,17,32.44857143,32.44857143,24/02/2024 17:00
2024,2,24,18,39.47714286,39.47714286,24/02/2024 18:00
2024,2,24,19,50.13785714,50.68607143,24/02/2024 19:00
2024,2,24,20,60.37464286,61.07642857,24/02/2024 20:00
2024,2,24,21,70.14678571,70.185,24/02/2024 21:00
2024,2,24,22,59.84035714,59.84035714,24/02/2024 22:00
2024,2,24,23,49.42357143,49.42357143,24/02/2024 23:00
2024,2,24,24,42.85928571,42.85928571,25/02/2024 0:00
2024,2,25,1,40.34857143,40.34857143,25/02/2024 1:00
2024,2,25,2,36.21357143,36.21357143,25/02/2024 2:00
2024,2,25,3,33.67142857,33.67142857,25/02/2024 3:00
2024,2,25,4,32.56714286,32.56714286,25/02/2024 4:00
2024,2,25,5,31.92392857,31.73964286,25/02/2024 5:00
2024,2,25,6,33.985,33.985,25/02/2024 6:00
2024,2,25,7,38.65071429,38.65071429,25/02/2024 7:00
2024,2,25,8,45.55928571,46.59,25/02/2024 8:00
2024,2,25,9,50.6925,52.10892857,25/02/2024 9:00
2024,2,25,10,44.88,44.88,25/02/2024 10:00
2024,2,25,11,38.23535714,38.23535714,25/02/2024 11:00
2024,2,25,12,34.32357143,34.32357143,25/02/2024 12:00
2024,2,25,13,31.85071429,31.85071429,25/02/2024 13:00
2024,2,25,14,30.01678571,30.01678571,25/02/2024 14:00
2024,2,25,15,29.40285714,29.40285714,25/02/2024 15:00
2024,2,25,16,29.56785714,29.56785714,25/02/2024 16:00
2024,2,25,17,32.44857143,32.44857143,25/02/2024 17:00
2024,2,25,18,39.47714286,39.47714286,25/02/2024 18:00
2024,2,25,19,50.13785714,50.68607143,25/02/2024 19:00
2024,2,25,20,60.37464286,61.07642857,25/02/2024 20:00
2024,2,25,21,70.14678571,70.185,25/02/2024 21:00
2024,2,25,22,59.84035714,59.84035714,25/02/2024 22:00
2024,2,25,23,49.42357143,49.42357143,25/02/2024 23:00
2024,2,25,24,42.85928571,42.85928571,26/02/2024 0:00
2024,2,26,1,40.34857143,40.34857143,26/02/2024 1:00
2024,2,26,2,36.21357143,36.21357143,26/02/2024 2:00
2024,2,26,3,33.67142857,33.67142857,26/02/2024 3:00
2024,2,26,4,32.56714286,32.56714286,26/02/2024 4:00
2024,2,26,5,31.92392857,31.73964286,26/02/2024 5:00
2024,2,26,6,33.985,33.985,26/02/2024 6:00
2024,2,26,7,38.65071429,38.65071429,26/02/2024 7:00
2024,2,26,8,45.55928571,46.59,26/02/2024 8:00
2024,2,26,9,50.6925,52.10892857,26/02/2024 9:00
2024,2,26,10,44.88,44.88,26/02/2024 10:00
2024,2,26,11,38.23535714,38.23535714,26/02/2024 11:00
2024,2,26,12,34.32357143,34.32357143,26/02/2024 12:00
2024,2,26,13,31.85071429,31.85071429,26/02/2024 13:00
2024,2,26,14,30.01678571,30.01678571,26/02/2024 14:00
2024,2,26,15,29.40285714,29.40285714,26/02/2024 15:00
2024,2,26,16,29.56785714,29.56785714,26/02/2024 16:00
2024,2,26,17,32.44857143,32.44857143,26/02/2024 17:00
2024,2,26,18,39.47714286,39.47714286,26/02/2024 18:00
2024,2,26,19,50.13785714,50.68607143,26/02/2024 19:00
2024,2,26,20,60.37464286,61.07642857,26/02/2024 20:00
2024,2,26,21,70.14678571,70.185,26/02/2024 21:00
2024,2,26,22,59.84035714,59.84035714,26/02/2024 22:00
2024,2,26,23,49.42357143,49.42357143,26/02/2024 23:00
2024,2,26,24,42.85928571,42.85928571,27/02/2024 0:00
2024,2,27,1,40.34857143,40.34857143,27/02/2024 1:00
2024,2,27,2,36.21357143,36.21357143,27/02/2024 2:00
2024,2,27,3,33.67142857,33.67142857,27/02/2024 3:00
2024,2,27,4,32.56714286,32.56714286,27/02/2024 4:00
2024,2,27,5,31.92392857,31.73964286,27/02/2024 5:00
2024,2,27,6,33.985,33.985,27/02/2024 6:00
2024,2,27,7,38.65071429,38.65071429,27/02/2024 7:00
2024,2,27,8,45.55928571,46.59,27/02/2024 8:00
2024,2,27,9,50.6925,52.10892857,27/02/2024 9:00
2024,2,27,10,44.88,44.88,27/02/2024 10:00
2024,2,27,11,38.23535714,38.23535714,27/02/2024 11:00
2024,2,27,12,34.32357143,34.32357143,27/02/2024 12:00
2024,2,27,13,31.85071429,31.85071429,27/02/2024 13:00
2024,2,27,14,30.01678571,30.01678571,27/02/2024 14:00
2024,2,27,15,29.40285714,29.40285714,27/02/2024 15:00
2024,2,27,16,29.56785714,29.56785714,27/02/2024 16:00
2024,2,27,17,32.44857143,32.44857143,27/02/2024 17:00
2024,2,27,18,39.47714286,39.47714286,27/02/2024 18:00
2024,2,27,19,50.13785714,50.68607143,27/02/2024 19:00
2024,2,27,20,60.37464286,61.07642857,27/02/2024 20:00
2024,2,27,21,70.14678571,70.185,27/02/2024 21:00
2024,2,27,22,59.84035714,59.84035714,27/02/2024 22:00
2024,2,27,23,49.42357143,49.42357143,27/02/2024 23:00
2024,2,27,24,42.85928571,42.85928571,28/02/2024 0:00
2024,2,28,1,40.34857143,40.34857143,28/02/2024 1:00
2024,2,28,2,36.21357143,36.21357143,28/02/2024 2:00
2024,2,28,3,33.67142857,33.67142857,28/02/2024 3:00
2024,2,28,4,32.56714286,32.56714286,28/02/2024 4:00
2024,2,28,5,31.92392857,31.73964286,28/02/2024 5:00
2024,2,28,6,33.985,33.985,28/02/2024 6:00
2024,2,28,7,38.65071429,38.65071429,28/02/2024 7:00
2024,2,28,8,45.55928571,46.59,28/02/2024 8:00
2024,2,28,9,50.6925,52.10892857,28/02/2024 9:00
2024,2,28,10,44.88,44.88,28/02/2024 10:00
2024,2,28,11,38.23535714,38.23535714,28/02/2024 11:00
2024,2,28,12,34.32357143,34.32357143,28/02/2024 12:00
2024,2,28,13,31.85071429,31.85071429,28/02/2024 13:00
2024,2,28,14,30.01678571,30.01678571,28/02/2024 14:00
2024,2,28,15,29.40285714,29.40285714,28/02/2024 15:00
2024,2,28,16,29.56785714,29.56785714,28/02/2024 16:00
2024,2,28,17,32.44857143,32.44857143,28/02/2024 17:00
2024,2,28,18,39.47714286,39.47714286,28/02/2024 18:00
2024,2,28,19,50.13785714,50.68607143,28/02/2024 19:00
2024,2,28,20,60.37464286,61.07642857,28/02/2024 20:00
2024,2,28,21,70.14678571,70.185,28/02/2024 21:00
2024,2,28,22,59.84035714,59.84035714,28/02/2024 22:00
2024,2,28,23,49.42357143,49.42357143,28/02/2024 23:00
2024,2,28,24,42.85928571,42.85928571,29/02/2024 0:00
2024,3,1,1,21.08741935,21.80354839,01/03/2024 1:00
2024,3,1,2,17.36967742,17.53096774,01/03/2024 2:00
2024,3,1,3,15.55387097,15.57870968,01/03/2024 3:00
2024,3,1,4,14.91451613,14.96903226,01/03/2024 4:00
2024,3,1,5,14.19129032,14.19129032,01/03/2024 5:00
2024,3,1,6,15.82193548,16.15451613,01/03/2024 6:00
2024,3,1,7,18.53967742,22.19548387,01/03/2024 7:00
2024,3,1,8,25.46322581,34.3816129,01/03/2024 8:00
2024,3,1,9,27.04096774,30.92129032,01/03/2024 9:00
2024,3,1,10,14.81290323,15.01741935,01/03/2024 10:00
2024,3,1,11,9.518064516,9.518064516,01/03/2024 11:00
2024,3,1,12,6.37516129,6.37516129,01/03/2024 12:00
2024,3,1,13,5.756451613,5.756451613,01/03/2024 13:00
2024,3,1,14,5.020645161,5.020645161,01/03/2024 14:00
2024,3,1,15,4.541612903,4.541612903,01/03/2024 15:00
2024,3,1,16,4.599677419,4.599677419,01/03/2024 16:00
2024,3,1,17,6.360322581,6.360322581,01/03/2024 17:00
2024,3,1,18,11.26967742,11.26967742,01/03/2024 18:00
2024,3,1,19,22.04,22.4283871,01/03/2024 19:00
2024,3,1,20,44.26032258,47.24290323,01/03/2024 20:00
2024,3,1,21,55.59258065,55.96741935,01/03/2024 21:00
2024,3,1,22,44.18967742,45.20806452,01/03/2024 22:00
2024,3,1,23,33.63774194,34.45677419,01/03/2024 23:00
2024,3,1,24,24.28483871,25.23354839,02/03/2024 0:00
2024,3,2,1,21.08741935,21.80354839,02/03/2024 1:00
2024,3,2,2,17.36967742,17.53096774,02/03/2024 2:00
2024,3,2,3,15.55387097,15.57870968,02/03/2024 3:00
2024,3,2,4,14.91451613,14.96903226,02/03/2024 4:00
2024,3,2,5,14.19129032,14.19129032,02/03/2024 5:00
2024,3,2,6,15.82193548,16.15451613,02/03/2024 6:00
2024,3,2,7,18.53967742,22.19548387,02/03/2024 7:00
2024,3,2,8,25.46322581,34.3816129,02/03/2024 8:00
2024,3,2,9,27.04096774,30.92129032,02/03/2024 9:00
2024,3,2,10,14.81290323,15.01741935,02/03/2024 10:00
2024,3,2,11,9.518064516,9.518064516,02/03/2024 11:00
2024,3,2,12,6.37516129,6.37516129,02/03/2024 12:00
2024,3,2,13,5.756451613,5.756451613,02/03/2024 13:00
2024,3,2,14,5.020645161,5.020645161,02/03/2024 14:00
2024,3,2,15,4.541612903,4.541612903,02/03/2024 15:00
2024,3,2,16,4.599677419,4.599677419,02/03/2024 16:00
2024,3,2,17,6.360322581,6.360322581,02/03/2024 17:00
2024,3,2,18,11.26967742,11.26967742,02/03/2024 18:00
2024,3,2,19,22.04,22.4283871,02/03/2024 19:00
2024,3,2,20,44.26032258,47.24290323,02/03/2024 20:00
2024,3,2,21,55.59258065,55.96741935,02/03/2024 21:00
2024,3,2,22,44.18967742,45.20806452,02/03/2024 22:00
2024,3,2,23,33.63774194,34.45677419,02/03/2024 23:00
2024,3,2,24,24.28483871,25.23354839,03/03/2024 0:00
2024,3,3,1,21.08741935,21.80354839,03/03/2024 1:00
2024,3,3,2,17.36967742,17.53096774,03/03/2024 2:00
2024,3,3,3,15.55387097,15.57870968,03/03/2024 3:00
2024,3,3,4,14.91451613,14.96903226,03/03/2024 4:00
2024,3,3,5,14.19129032,14.19129032,03/03/2024 5:00
2024,3,3,6,15.82193548,16.15451613,03/03/2024 6:00
2024,3,3,7,18.53967742,22.19548387,03/03/2024 7:00
2024,3,3,8,25.46322581,34.3816129,03/03/2024 8:00
2024,3,3,9,27.04096774,30.92129032,03/03/2024 9:00
2024,3,3,10,14.81290323,15.01741935,03/03/2024 10:00
2024,3,3,11,9.518064516,9.518064516,03/03/2024 11:00
2024,3,3,12,6.37516129,6.37516129,03/03/2024 12:00
2024,3,3,13,5.756451613,5.756451613,03/03/2024 13:00
2024,3,3,14,5.020645161,5.020645161,03/03/2024 14:00
2024,3,3,15,4.541612903,4.541612903,03/03/2024 15:00
2024,3,3,16,4.599677419,4.599677419,03/03/2024 16:00
2024,3,3,17,6.360322581,6.360322581,03/03/2024 17:00
2024,3,3,18,11.26967742,11.26967742,03/03/2024 18:00
2024,3,3,19,22.04,22.4283871,03/03/2024 19:00
2024,3,3,20,44.26032258,47.24290323,03/03/2024 20:00
2024,3,3,21,55.59258065,55.96741935,03/03/2024 21:00
2024,3,3,22,44.18967742,45.20806452,03/03/2024 22:00
2024,3,3,23,33.63774194,34.45677419,03/03/2024 23:00
2024,3,3,24,24.28483871,25.23354839,04/03/2024 0:00
2024,3,4,1,21.08741935,21.80354839,04/03/2024 1:00
2024,3,4,2,17.36967742,17.53096774,04/03/2024 2:00
2024,3,4,3,15.55387097,15.57870968,04/03/2024 3:00
2024,3,4,4,14.91451613,14.96903226,04/03/2024 4:00
2024,3,4,5,14.19129032,14.19129032,04/03/2024 5:00
2024,3,4,6,15.82193548,16.15451613,04/03/2024 6:00
2024,3,4,7,18.53967742,22.19548387,04/03/2024 7:00
2024,3,4,8,25.46322581,34.3816129,04/03/2024 8:00
2024,3,4,9,27.04096774,30.92129032,04/03/2024 9:00
2024,3,4,10,14.81290323,15.01741935,04/03/2024 10:00
2024,3,4,11,9.518064516,9.518064516,04/03/2024 11:00
2024,3,4,12,6.37516129,6.37516129,04/03/2024 12:00
2024,3,4,13,5.756451613,5.756451613,04/03/2024 13:00
2024,3,4,14,5.020645161,5.020645161,04/03/2024 14:00
2024,3,4,15,4.541612903,4.541612903,04/03/2024 15:00
2024,3,4,16,4.599677419,4.599677419,04/03/2024 16:00
2024,3,4,17,6.360322581,6.360322581,04/03/2024 17:00
2024,3,4,18,11.26967742,11.26967742,04/03/2024 18:00
2024,3,4,19,22.04,22.4283871,04/03/2024 19:00
2024,3,4,20,44.26032258,47.24290323,04/03/2024 20:00
2024,3,4,21,55.59258065,55.96741935,04/03/2024 21:00
2024,3,4,22,44.18967742,45.20806452,04/03/2024 22:00
2024,3,4,23,33.63774194,34.45677419,04/03/2024 23:00
2024,3,4,24,24.28483871,25.23354839,05/03/2024 0:00
2024,3,5,1,21.08741935,21.80354839,05/03/2024 1:00
2024,3,5,2,17.36967742,17.53096774,05/03/2024 2:00
2024,3,5,3,15.55387097,15.57870968,05/03/2024 3:00
2024,3,5,4,14.91451613,14.96903226,05/03/2024 4:00
2024,3,5,5,14.19129032,14.19129032,05/03/2024 5:00
2024,3,5,6,15.82193548,16.15451613,05/03/2024 6:00
2024,3,5,7,18.53967742,22.19548387,05/03/2024 7:00
2024,3,5,8,25.46322581,34.3816129,05/03/2024 8:00
2024,3,5,9,27.04096774,30.92129032,05/03/2024 9:00
2024,3,5,10,14.81290323,15.01741935,05/03/2024 10:00
2024,3,5,11,9.518064516,9.518064516,05/03/2024 11:00
2024,3,5,12,6.37516129,6.37516129,05/03/2024 12:00
2024,3,5,13,5.756451613,5.756451613,05/03/2024 13:00
2024,3,5,14,5.020645161,5.020645161,05/03/2024 14:00
2024,3,5,15,4.541612903,4.541612903,05/03/2024 15:00
2024,3,5,16,4.599677419,4.599677419,05/03/2024 16:00
2024,3,5,17,6.360322581,6.360322581,05/03/2024 17:00
2024,3,5,18,11.26967742,11.26967742,05/03/2024 18:00
2024,3,5,19,22.04,22.4283871,05/03/2024 19:00
2024,3,5,20,44.26032258,47.24290323,05/03/2024 20:00
2024,3,5,21,55.59258065,55.96741935,05/03/2024 21:00
2024,3,5,22,44.18967742,45.20806452,05/03/2024 22:00
2024,3,5,23,33.63774194,34.45677419,05/03/2024 23:00
2024,3,5,24,24.28483871,25.23354839,06/03/2024 0:00
2024,3,6,1,21.08741935,21.80354839,06/03/2024 1:00
2024,3,6,2,17.36967742,17.53096774,06/03/2024 2:00
2024,3,6,3,15.55387097,15.57870968,06/03/2024 3:00
2024,3,6,4,14.91451613,14.96903226,06/03/2024 4:00
2024,3,6,5,14.19129032,14.19129032,06/03/2024 5:00
2024,3,6,6,15.82193548,16.15451613,06/03/2024 6:00
2024,3,6,7,18.53967742,22.19548387,06/03/2024 7:00
2024,3,6,8,25.46322581,34.3816129,06/03/2024 8:00
2024,3,6,9,27.04096774,30.92129032,06/03/2024 9:00
2024,3,6,10,14.81290323,15.01741935,06/03/2024 10:00
2024,3,6,11,9.518064516,9.518064516,06/03/2024 11:00
2024,3,6,12,6.37516129,6.37516129,06/03/2024 12:00
2024,3,6,13,5.756451613,5.756451613,06/03/2024 13:00
2024,3,6,14,5.020645161,5.020645161,06/03/2024 14:00
2024,3,6,15,4.541612903,4.541612903,06/03/2024 15:00
2024,3,6,16,4.599677419,4.599677419,06/03/2024 16:00
2024,3,6,17,6.360322581,6.360322581,06/03/2024 17:00
2024,3,6,18,11.26967742,11.26967742,06/03/2024 18:00
2024,3,6,19,22.04,22.4283871,06/03/2024 19:00
2024,3,6,20,44.26032258,47.24290323,06/03/2024 20:00
2024,3,6,21,55.59258065,55.96741935,06/03/2024 21:00
2024,3,6,22,44.18967742,45.20806452,06/03/2024 22:00
2024,3,6,23,33.63774194,34.45677419,06/03/2024 23:00
2024,3,6,24,24.28483871,25.23354839,07/03/2024 0:00
2024,3,7,1,21.08741935,21.80354839,07/03/2024 1:00
2024,3,7,2,17.36967742,17.53096774,07/03/2024 2:00
2024,3,7,3,15.55387097,15.57870968,07/03/2024 3:00
2024,3,7,4,14.91451613,14.96903226,07/03/2024 4:00
2024,3,7,5,14.19129032,14.19129032,07/03/2024 5:00
2024,3,7,6,15.82193548,16.15451613,07/03/2024 6:00
2024,3,7,7,18.53967742,22.19548387,07/03/2024 7:00
2024,3,7,8,25.46322581,34.3816129,07/03/2024 8:00
2024,3,7,9,27.04096774,30.92129032,07/03/2024 9:00
2024,3,7,10,14.81290323,15.01741935,07/03/2024 10:00
2024,3,7,11,9.518064516,9.518064516,07/03/2024 11:00
2024,3,7,12,6.37516129,6.37516129,07/03/2024 12:00
2024,3,7,13,5.756451613,5.756451613,07/03/2024 13:00
2024,3,7,14,5.020645161,5.020645161,07/03/2024 14:00
2024,3,7,15,4.541612903,4.541612903,07/03/2024 15:00
2024,3,7,16,4.599677419,4.599677419,07/03/2024 16:00
2024,3,7,17,6.360322581,6.360322581,07/03/2024 17:00
2024,3,7,18,11.26967742,11.26967742,07/03/2024 18:00
2024,3,7,19,22.04,22.4283871,07/03/2024 19:00
2024,3,7,20,44.26032258,47.24290323,07/03/2024 20:00
2024,3,7,21,55.59258065,55.96741935,07/03/2024 21:00
2024,3,7,22,44.18967742,45.20806452,07/03/2024 22:00
2024,3,7,23,33.63774194,34.45677419,07/03/2024 23:00
2024,3,7,24,24.28483871,25.23354839,08/03/2024 0:00
2024,3,8,1,21.08741935,21.80354839,08/03/2024 1:00
2024,3,8,2,17.36967742,17.53096774,08/03/2024 2:00
2024,3,8,3,15.55387097,15.57870968,08/03/2024 3:00
2024,3,8,4,14.91451613,14.96903226,08/03/2024 4:00
2024,3,8,5,14.19129032,14.19129032,08/03/2024 5:00
2024,3,8,6,15.82193548,16.15451613,08/03/2024 6:00
2024,3,8,7,18.53967742,22.19548387,08/03/2024 7:00
2024,3,8,8,25.46322581,34.3816129,08/03/2024 8:00
2024,3,8,9,27.04096774,30.92129032,08/03/2024 9:00
2024,3,8,10,14.81290323,15.01741935,08/03/2024 10:00
2024,3,8,11,9.518064516,9.518064516,08/03/2024 11:00
2024,3,8,12,6.37516129,6.37516129,08/03/2024 12:00
2024,3,8,13,5.756451613,5.756451613,08/03/2024 13:00
2024,3,8,14,5.020645161,5.020645161,08/03/2024 14:00
2024,3,8,15,4.541612903,4.541612903,08/03/2024 15:00
2024,3,8,16,4.599677419,4.599677419,08/03/2024 16:00
2024,3,8,17,6.360322581,6.360322581,08/03/2024 17:00
2024,3,8,18,11.26967742,11.26967742,08/03/2024 18:00
2024,3,8,19,22.04,22.4283871,08/03/2024 19:00
2024,3,8,20,44.26032258,47.24290323,08/03/2024 20:00
2024,3,8,21,55.59258065,55.96741935,08/03/2024 21:00
2024,3,8,22,44.18967742,45.20806452,08/03/2024 22:00
2024,3,8,23,33.63774194,34.45677419,08/03/2024 23:00
2024,3,8,24,24.28483871,25.23354839,09/03/2024 0:00
2024,3,9,1,21.08741935,21.80354839,09/03/2024 1:00
2024,3,9,2,17.36967742,17.53096774,09/03/2024 2:00
2024,3,9,3,15.55387097,15.57870968,09/03/2024 3:00
2024,3,9,4,14.91451613,14.96903226,09/03/2024 4:00
2024,3,9,5,14.19129032,14.19129032,09/03/2024 5:00
2024,3,9,6,15.82193548,16.15451613,09/03/2024 6:00
2024,3,9,7,18.53967742,22.19548387,09/03/2024 7:00
2024,3,9,8,25.46322581,34.3816129,09/03/2024 8:00
2024,3,9,9,27.04096774,30.92129032,09/03/2024 9:00
2024,3,9,10,14.81290323,15.01741935,09/03/2024 10:00
2024,3,9,11,9.518064516,9.518064516,09/03/2024 11:00
2024,3,9,12,6.37516129,6.37516129,09/03/2024 12:00
2024,3,9,13,5.756451613,5.756451613,09/03/2024 13:00
2024,3,9,14,5.020645161,5.020645161,09/03/2024 14:00
2024,3,9,15,4.541612903,4.541612903,09/03/2024 15:00
2024,3,9,16,4.599677419,4.599677419,09/03/2024 16:00
2024,3,9,17,6.360322581,6.360322581,09/03/2024 17:00
2024,3,9,18,11.26967742,11.26967742,09/03/2024 18:00
2024,3,9,19,22.04,22.4283871,09/03/2024 19:00
2024,3,9,20,44.26032258,47.24290323,09/03/2024 20:00
2024,3,9,21,55.59258065,55.96741935,09/03/2024 21:00
2024,3,9,22,44.18967742,45.20806452,09/03/2024 22:00
2024,3,9,23,33.63774194,34.45677419,09/03/2024 23:00
2024,3,9,24,24.28483871,25.23354839,10/03/2024 0:00
2024,3,10,1,21.08741935,21.80354839,10/03/2024 1:00
2024,3,10,2,17.36967742,17.53096774,10/03/2024 2:00
2024,3,10,3,15.55387097,15.57870968,10/03/2024 3:00
2024,3,10,4,14.91451613,14.96903226,10/03/2024 4:00
2024,3,10,5,14.19129032,14.19129032,10/03/2024 5:00
2024,3,10,6,15.82193548,16.15451613,10/03/2024 6:00
2024,3,10,7,18.53967742,22.19548387,10/03/2024 7:00
2024,3,10,8,25.46322581,34.3816129,10/03/2024 8:00
2024,3,10,9,27.04096774,30.92129032,10/03/2024 9:00
2024,3,10,10,14.81290323,15.01741935,10/03/2024 10:00
2024,3,10,11,9.518064516,9.518064516,10/03/2024 11:00
2024,3,10,12,6.37516129,6.37516129,10/03/2024 12:00
2024,3,10,13,5.756451613,5.756451613,10/03/2024 13:00
2024,3,10,14,5.020645161,5.020645161,10/03/2024 14:00
2024,3,10,15,4.541612903,4.541612903,10/03/2024 15:00
2024,3,10,16,4.599677419,4.599677419,10/03/2024 16:00
2024,3,10,17,6.360322581,6.360322581,10/03/2024 17:00
2024,3,10,18,11.26967742,11.26967742,10/03/2024 18:00
2024,3,10,19,22.04,22.4283871,10/03/2024 19:00
2024,3,10,20,44.26032258,47.24290323,10/03/2024 20:00
2024,3,10,21,55.59258065,55.96741935,10/03/2024 21:00
2024,3,10,22,44.18967742,45.20806452,10/03/2024 22:00
2024,3,10,23,33.63774194,34.45677419,10/03/2024 23:00
2024,3,10,24,24.28483871,25.23354839,11/03/2024 0:00
2024,3,11,1,21.08741935,21.80354839,11/03/2024 1:00
2024,3,11,2,17.36967742,17.53096774,11/03/2024 2:00
2024,3,11,3,15.55387097,15.57870968,11/03/2024 3:00
2024,3,11,4,14.91451613,14.96903226,11/03/2024 4:00
2024,3,11,5,14.19129032,14.19129032,11/03/2024 5:00
2024,3,11,6,15.82193548,16.15451613,11/03/2024 6:00
2024,3,11,7,18.53967742,22.19548387,11/03/2024 7:00
2024,3,11,8,25.46322581,34.3816129,11/03/2024 8:00
2024,3,11,9,27.04096774,30.92129032,11/03/2024 9:00
2024,3,11,10,14.81290323,15.01741935,11/03/2024 10:00
2024,3,11,11,9.518064516,9.518064516,11/03/2024 11:00
2024,3,11,12,6.37516129,6.37516129,11/03/2024 12:00
2024,3,11,13,5.756451613,5.756451613,11/03/2024 13:00
2024,3,11,14,5.020645161,5.020645161,11/03/2024 14:00
2024,3,11,15,4.541612903,4.541612903,11/03/2024 15:00
2024,3,11,16,4.599677419,4.599677419,11/03/2024 16:00
2024,3,11,17,6.360322581,6.360322581,11/03/2024 17:00
2024,3,11,18,11.26967742,11.26967742,11/03/2024 18:00
2024,3,11,19,22.04,22.4283871,11/03/2024 19:00
2024,3,11,20,44.26032258,47.24290323,11/03/2024 20:00
2024,3,11,21,55.59258065,55.96741935,11/03/2024 21:00
2024,3,11,22,44.18967742,45.20806452,11/03/2024 22:00
2024,3,11,23,33.63774194,34.45677419,11/03/2024 23:00
2024,3,11,24,24.28483871,25.23354839,12/03/2024 0:00
2024,3,12,1,21.08741935,21.80354839,12/03/2024 1:00
2024,3,12,2,17.36967742,17.53096774,12/03/2024 2:00
2024,3,12,3,15.55387097,15.57870968,12/03/2024 3:00
2024,3,12,4,14.91451613,14.96903226,12/03/2024 4:00
2024,3,12,5,14.19129032,14.19129032,12/03/2024 5:00
2024,3,12,6,15.82193548,16.15451613,12/03/2024 6:00
2024,3,12,7,18.53967742,22.19548387,12/03/2024 7:00
2024,3,12,8,25.46322581,34.3816129,12/03/2024 8:00
2024,3,12,9,27.04096774,30.92129032,12/03/2024 9:00
2024,3,12,10,14.81290323,15.01741935,12/03/2024 10:00
2024,3,12,11,9.518064516,9.518064516,12/03/2024 11:00
2024,3,12,12,6.37516129,6.37516129,12/03/2024 12:00
2024,3,12,13,5.756451613,5.756451613,12/03/2024 13:00
2024,3,12,14,5.020645161,5.020645161,12/03/2024 14:00
2024,3,12,15,4.541612903,4.541612903,12/03/2024 15:00
2024,3,12,16,4.599677419,4.599677419,12/03/2024 16:00
2024,3,12,17,6.360322581,6.360322581,12/03/2024 17:00
2024,3,12,18,11.26967742,11.26967742,12/03/2024 18:00
2024,3,12,19,22.04,22.4283871,12/03/2024 19:00
2024,3,12,20,44.26032258,47.24290323,12/03/2024 20:00
2024,3,12,21,55.59258065,55.96741935,12/03/2024 21:00
2024,3,12,22,44.18967742,45.20806452,12/03/2024 22:00
2024,3,12,23,33.63774194,34.45677419,12/03/2024 23:00
2024,3,12,24,24.28483871,25.23354839,13/03/2024 0:00
2024,3,13,1,21.08741935,21.80354839,13/03/2024 1:00
2024,3,13,2,17.36967742,17.53096774,13/03/2024 2:00
2024,3,13,3,15.55387097,15.57870968,13/03/2024 3:00
2024,3,13,4,14.91451613,14.96903226,13/03/2024 4:00
2024,3,13,5,14.19129032,14.19129032,13/03/2024 5:00
2024,3,13,6,15.82193548,16.15451613,13/03/2024 6:00
2024,3,13,7,18.53967742,22.19548387,13/03/2024 7:00
2024,3,13,8,25.46322581,34.3816129,13/03/2024 8:00
2024,3,13,9,27.04096774,30.92129032,13/03/2024 9:00
2024,3,13,10,14.81290323,15.01741935,13/03/2024 10:00
2024,3,13,11,9.518064516,9.518064516,13/03/2024 11:00
2024,3,13,12,6.37516129,6.37516129,13/03/2024 12:00
2024,3,13,13,5.756451613,5.756451613,13/03/2024 13:00
2024,3,13,14,5.020645161,5.020645161,13/03/2024 14:00
2024,3,13,15,4.541612903,4.541612903,13/03/2024 15:00
2024,3,13,16,4.599677419,4.599677419,13/03/2024 16:00
2024,3,13,17,6.360322581,6.360322581,13/03/2024 17:00
2024,3,13,18,11.26967742,11.26967742,13/03/2024 18:00
2024,3,13,19,22.04,22.4283871,13/03/2024 19:00
2024,3,13,20,44.26032258,47.24290323,13/03/2024 20:00
2024,3,13,21,55.59258065,55.96741935,13/03/2024 21:00
2024,3,13,22,44.18967742,45.20806452,13/03/2024 22:00
2024,3,13,23,33.63774194,34.45677419,13/03/2024 23:00
2024,3,13,24,24.28483871,25.23354839,14/03/2024 0:00
2024,3,14,1,21.08741935,21.80354839,14/03/2024 1:00
2024,3,14,2,17.36967742,17.53096774,14/03/2024 2:00
2024,3,14,3,15.55387097,15.57870968,14/03/2024 3:00
2024,3,14,4,14.91451613,14.96903226,14/03/2024 4:00
2024,3,14,5,14.19129032,14.19129032,14/03/2024 5:00
2024,3,14,6,15.82193548,16.15451613,14/03/2024 6:00
2024,3,14,7,18.53967742,22.19548387,14/03/2024 7:00
2024,3,14,8,25.46322581,34.3816129,14/03/2024 8:00
2024,3,14,9,27.04096774,30.92129032,14/03/2024 9:00
2024,3,14,10,14.81290323,15.01741935,14/03/2024 10:00
2024,3,14,11,9.518064516,9.518064516,14/03/2024 11:00
2024,3,14,12,6.37516129,6.37516129,14/03/2024 12:00
2024,3,14,13,5.756451613,5.756451613,14/03/2024 13:00
2024,3,14,14,5.020645161,5.020645161,14/03/2024 14:00
2024,3,14,15,4.541612903,4.541612903,14/03/2024 15:00
2024,3,14,16,4.599677419,4.599677419,14/03/2024 16:00
2024,3,14,17,6.360322581,6.360322581,14/03/2024 17:00
2024,3,14,18,11.26967742,11.26967742,14/03/2024 18:00
2024,3,14,19,22.04,22.4283871,14/03/2024 19:00
2024,3,14,20,44.26032258,47.24290323,14/03/2024 20:00
2024,3,14,21,55.59258065,55.96741935,14/03/2024 21:00
2024,3,14,22,44.18967742,45.20806452,14/03/2024 22:00
2024,3,14,23,33.63774194,34.45677419,14/03/2024 23:00
2024,3,14,24,24.28483871,25.23354839,15/03/2024 0:00
2024,3,15,1,21.08741935,21.80354839,15/03/2024 1:00
2024,3,15,2,17.36967742,17.53096774,15/03/2024 2:00
2024,3,15,3,15.55387097,15.57870968,15/03/2024 3:00
2024,3,15,4,14.91451613,14.96903226,15/03/2024 4:00
2024,3,15,5,14.19129032,14.19129032,15/03/2024 5:00
2024,3,15,6,15.82193548,16.15451613,15/03/2024 6:00
2024,3,15,7,18.53967742,22.19548387,15/03/2024 7:00
2024,3,15,8,25.46322581,34.3816129,15/03/2024 8:00
2024,3,15,9,27.04096774,30.92129032,15/03/2024 9:00
2024,3,15,10,14.81290323,15.01741935,15/03/2024 10:00
2024,3,15,11,9.518064516,9.518064516,15/03/2024 11:00
2024,3,15,12,6.37516129,6.37516129,15/03/2024 12:00
2024,3,15,13,5.756451613,5.756451613,15/03/2024 13:00
2024,3,15,14,5.020645161,5.020645161,15/03/2024 14:00
2024,3,15,15,4.541612903,4.541612903,15/03/2024 15:00
2024,3,15,16,4.599677419,4.599677419,15/03/2024 16:00
2024,3,15,17,6.360322581,6.360322581,15/03/2024 17:00
2024,3,15,18,11.26967742,11.26967742,15/03/2024 18:00
2024,3,15,19,22.04,22.4283871,15/03/2024 19:00
2024,3,15,20,44.26032258,47.24290323,15/03/2024 20:00
2024,3,15,21,55.59258065,55.96741935,15/03/2024 21:00
2024,3,15,22,44.18967742,45.20806452,15/03/2024 22:00
2024,3,15,23,33.63774194,34.45677419,15/03/2024 23:00
2024,3,15,24,24.28483871,25.23354839,16/03/2024 0:00
2024,3,16,1,21.08741935,21.80354839,16/03/2024 1:00
2024,3,16,2,17.36967742,17.53096774,16/03/2024 2:00
2024,3,16,3,15.55387097,15.57870968,16/03/2024 3:00
2024,3,16,4,14.91451613,14.96903226,16/03/2024 4:00
2024,3,16,5,14.19129032,14.19129032,16/03/2024 5:00
2024,3,16,6,15.82193548,16.15451613,16/03/2024 6:00
2024,3,16,7,18.53967742,22.19548387,16/03/2024 7:00
2024,3,16,8,25.46322581,34.3816129,16/03/2024 8:00
2024,3,16,9,27.04096774,30.92129032,16/03/2024 9:00
2024,3,16,10,14.81290323,15.01741935,16/03/2024 10:00
2024,3,16,11,9.518064516,9.518064516,16/03/2024 11:00
2024,3,16,12,6.37516129,6.37516129,16/03/2024 12:00
2024,3,16,13,5.756451613,5.756451613,16/03/2024 13:00
2024,3,16,14,5.020645161,5.020645161,16/03/2024 14:00
2024,3,16,15,4.541612903,4.541612903,16/03/2024 15:00
2024,3,16,16,4.599677419,4.599677419,16/03/2024 16:00
2024,3,16,17,6.360322581,6.360322581,16/03/2024 17:00
2024,3,16,18,11.26967742,11.26967742,16/03/2024 18:00
2024,3,16,19,22.04,22.4283871,16/03/2024 19:00
2024,3,16,20,44.26032258,47.24290323,16/03/2024 20:00
2024,3,16,21,55.59258065,55.96741935,16/03/2024 21:00
2024,3,16,22,44.18967742,45.20806452,16/03/2024 22:00
2024,3,16,23,33.63774194,34.45677419,16/03/2024 23:00
2024,3,16,24,24.28483871,25.23354839,17/03/2024 0:00
2024,3,17,1,21.08741935,21.80354839,17/03/2024 1:00
2024,3,17,2,17.36967742,17.53096774,17/03/2024 2:00
2024,3,17,3,15.55387097,15.57870968,17/03/2024 3:00
2024,3,17,4,14.91451613,14.96903226,17/03/2024 4:00
2024,3,17,5,14.19129032,14.19129032,17/03/2024 5:00
2024,3,17,6,15.82193548,16.15451613,17/03/2024 6:00
2024,3,17,7,18.53967742,22.19548387,17/03/2024 7:00
2024,3,17,8,25.46322581,34.3816129,17/03/2024 8:00
2024,3,17,9,27.04096774,30.92129032,17/03/2024 9:00
2024,3,17,10,14.81290323,15.01741935,17/03/2024 10:00
2024,3,17,11,9.518064516,9.518064516,17/03/2024 11:00
2024,3,17,12,6.37516129,6.37516129,17/03/2024 12:00
2024,3,17,13,5.756451613,5.756451613,17/03/2024 13:00
2024,3,17,14,5.020645161,5.020645161,17/03/2024 14:00
2024,3,17,15,4.541612903,4.541612903,17/03/2024 15:00
2024,3,17,16,4.599677419,4.599677419,17/03/2024 16:00
2024,3,17,17,6.360322581,6.360322581,17/03/2024 17:00
2024,3,17,18,11.26967742,11.26967742,17/03/2024 18:00
2024,3,17,19,22.04,22.4283871,17/03/2024 19:00
2024,3,17,20,44.26032258,47.24290323,17/03/2024 20:00
2024,3,17,21,55.59258065,55.96741935,17/03/2024 21:00
2024,3,17,22,44.18967742,45.20806452,17/03/2024 22:00
2024,3,17,23,33.63774194,34.45677419,17/03/2024 23:00
2024,3,17,24,24.28483871,25.23354839,18/03/2024 0:00
2024,3,18,1,21.08741935,21.80354839,18/03/2024 1:00
2024,3,18,2,17.36967742,17.53096774,18/03/2024 2:00
2024,3,18,3,15.55387097,15.57870968,18/03/2024 3:00
2024,3,18,4,14.91451613,14.96903226,18/03/2024 4:00
2024,3,18,5,14.19129032,14.19129032,18/03/2024 5:00
2024,3,18,6,15.82193548,16.15451613,18/03/2024 6:00
2024,3,18,7,18.53967742,22.19548387,18/03/2024 7:00
2024,3,18,8,25.46322581,34.3816129,18/03/2024 8:00
2024,3,18,9,27.04096774,30.92129032,18/03/2024 9:00
2024,3,18,10,14.81290323,15.01741935,18/03/2024 10:00
2024,3,18,11,9.518064516,9.518064516,18/03/2024 11:00
2024,3,18,12,6.37516129,6.37516129,18/03/2024 12:00
2024,3,18,13,5.756451613,5.756451613,18/03/2024 13:00
2024,3,18,14,5.020645161,5.020645161,18/03/2024 14:00
2024,3,18,15,4.541612903,4.541612903,18/03/2024 15:00
2024,3,18,16,4.599677419,4.599677419,18/03/2024 16:00
2024,3,18,17,6.360322581,6.360322581,18/03/2024 17:00
2024,3,18,18,11.26967742,11.26967742,18/03/2024 18:00
2024,3,18,19,22.04,22.4283871,18/03/2024 19:00
2024,3,18,20,44.26032258,47.24290323,18/03/2024 20:00
2024,3,18,21,55.59258065,55.96741935,18/03/2024 21:00
2024,3,18,22,44.18967742,45.20806452,18/03/2024 22:00
2024,3,18,23,33.63774194,34.45677419,18/03/2024 23:00
2024,3,18,24,24.28483871,25.23354839,19/03/2024 0:00
2024,3,19,1,21.08741935,21.80354839,19/03/2024 1:00
2024,3,19,2,17.36967742,17.53096774,19/03/2024 2:00
2024,3,19,3,15.55387097,15.57870968,19/03/2024 3:00
2024,3,19,4,14.91451613,14.96903226,19/03/2024 4:00
2024,3,19,5,14.19129032,14.19129032,19/03/2024 5:00
2024,3,19,6,15.82193548,16.15451613,19/03/2024 6:00
2024,3,19,7,18.53967742,22.19548387,19/03/2024 7:00
2024,3,19,8,25.46322581,34.3816129,19/03/2024 8:00
2024,3,19,9,27.04096774,30.92129032,19/03/2024 9:00
2024,3,19,10,14.81290323,15.01741935,19/03/2024 10:00
2024,3,19,11,9.518064516,9.518064516,19/03/2024 11:00
2024,3,19,12,6.37516129,6.37516129,19/03/2024 12:00
2024,3,19,13,5.756451613,5.756451613,19/03/2024 13:00
2024,3,19,14,5.020645161,5.020645161,19/03/2024 14:00
2024,3,19,15,4.541612903,4.541612903,19/03/2024 15:00
2024,3,19,16,4.599677419,4.599677419,19/03/2024 16:00
2024,3,19,17,6.360322581,6.360322581,19/03/2024 17:00
2024,3,19,18,11.26967742,11.26967742,19/03/2024 18:00
2024,3,19,19,22.04,22.4283871,19/03/2024 19:00
2024,3,19,20,44.26032258,47.24290323,19/03/2024 20:00
2024,3,19,21,55.59258065,55.96741935,19/03/2024 21:00
2024,3,19,22,44.18967742,45.20806452,19/03/2024 22:00
2024,3,19,23,33.63774194,34.45677419,19/03/2024 23:00
2024,3,19,24,24.28483871,25.23354839,20/03/2024 0:00
2024,3,20,1,21.08741935,21.80354839,20/03/2024 1:00
2024,3,20,2,17.36967742,17.53096774,20/03/2024 2:00
2024,3,20,3,15.55387097,15.57870968,20/03/2024 3:00
2024,3,20,4,14.91451613,14.96903226,20/03/2024 4:00
2024,3,20,5,14.19129032,14.19129032,20/03/2024 5:00
2024,3,20,6,15.82193548,16.15451613,20/03/2024 6:00
2024,3,20,7,18.53967742,22.19548387,20/03/2024 7:00
2024,3,20,8,25.46322581,34.3816129,20/03/2024 8:00
2024,3,20,9,27.04096774,30.92129032,20/03/2024 9:00
2024,3,20,10,14.81290323,15.01741935,20/03/2024 10:00
2024,3,20,11,9.518064516,9.518064516,20/03/2024 11:00
2024,3,20,12,6.37516129,6.37516129,20/03/2024 12:00
2024,3,20,13,5.756451613,5.756451613,20/03/2024 13:00
2024,3,20,14,5.020645161,5.020645161,20/03/2024 14:00
2024,3,20,15,4.541612903,4.541612903,20/03/2024 15:00
2024,3,20,16,4.599677419,4.599677419,20/03/2024 16:00
2024,3,20,17,6.360322581,6.360322581,20/03/2024 17:00
2024,3,20,18,11.26967742,11.26967742,20/03/2024 18:00
2024,3,20,19,22.04,22.4283871,20/03/2024 19:00
2024,3,20,20,44.26032258,47.24290323,20/03/2024 20:00
2024,3,20,21,55.59258065,55.96741935,20/03/2024 21:00
2024,3,20,22,44.18967742,45.20806452,20/03/2024 22:00
2024,3,20,23,33.63774194,34.45677419,20/03/2024 23:00
2024,3,20,24,24.28483871,25.23354839,21/03/2024 0:00
2024,3,21,1,21.08741935,21.80354839,21/03/2024 1:00
2024,3,21,2,17.36967742,17.53096774,21/03/2024 2:00
2024,3,21,3,15.55387097,15.57870968,21/03/2024 3:00
2024,3,21,4,14.91451613,14.96903226,21/03/2024 4:00
2024,3,21,5,14.19129032,14.19129032,21/03/2024 5:00
2024,3,21,6,15.82193548,16.15451613,21/03/2024 6:00
2024,3,21,7,18.53967742,22.19548387,21/03/2024 7:00
2024,3,21,8,25.46322581,34.3816129,21/03/2024 8:00
2024,3,21,9,27.04096774,30.92129032,21/03/2024 9:00
2024,3,21,10,14.81290323,15.01741935,21/03/2024 10:00
2024,3,21,11,9.518064516,9.518064516,21/03/2024 11:00
2024,3,21,12,6.37516129,6.37516129,21/03/2024 12:00
2024,3,21,13,5.756451613,5.756451613,21/03/2024 13:00
2024,3,21,14,5.020645161,5.020645161,21/03/2024 14:00
2024,3,21,15,4.541612903,4.541612903,21/03/2024 15:00
2024,3,21,16,4.599677419,4.599677419,21/03/2024 16:00
2024,3,21,17,6.360322581,6.360322581,21/03/2024 17:00
2024,3,21,18,11.26967742,11.26967742,21/03/2024 18:00
2024,3,21,19,22.04,22.4283871,21/03/2024 19:00
2024,3,21,20,44.26032258,47.24290323,21/03/2024 20:00
2024,3,21,21,55.59258065,55.96741935,21/03/2024 21:00
2024,3,21,22,44.18967742,45.20806452,21/03/2024 22:00
2024,3,21,23,33.63774194,34.45677419,21/03/2024 23:00
2024,3,21,24,24.28483871,25.23354839,22/03/2024 0:00
2024,3,22,1,21.08741935,21.80354839,22/03/2024 1:00
2024,3,22,2,17.36967742,17.53096774,22/03/2024 2:00
2024,3,22,3,15.55387097,15.57870968,22/03/2024 3:00
2024,3,22,4,14.91451613,14.96903226,22/03/2024 4:00
2024,3,22,5,14.19129032,14.19129032,22/03/2024 5:00
2024,3,22,6,15.82193548,16.15451613,22/03/2024 6:00
2024,3,22,7,18.53967742,22.19548387,22/03/2024 7:00
2024,3,22,8,25.46322581,34.3816129,22/03/2024 8:00
2024,3,22,9,27.04096774,30.92129032,22/03/2024 9:00
2024,3,22,10,14.81290323,15.01741935,22/03/2024 10:00
2024,3,22,11,9.518064516,9.518064516,22/03/2024 11:00
2024,3,22,12,6.37516129,6.37516129,22/03/2024 12:00
2024,3,22,13,5.756451613,5.756451613,22/03/2024 13:00
2024,3,22,14,5.020645161,5.020645161,22/03/2024 14:00
2024,3,22,15,4.541612903,4.541612903,22/03/2024 15:00
2024,3,22,16,4.599677419,4.599677419,22/03/2024 16:00
2024,3,22,17,6.360322581,6.360322581,22/03/2024 17:00
2024,3,22,18,11.26967742,11.26967742,22/03/2024 18:00
2024,3,22,19,22.04,22.4283871,22/03/2024 19:00
2024,3,22,20,44.26032258,47.24290323,22/03/2024 20:00
2024,3,22,21,55.59258065,55.96741935,22/03/2024 21:00
2024,3,22,22,44.18967742,45.20806452,22/03/2024 22:00
2024,3,22,23,33.63774194,34.45677419,22/03/2024 23:00
2024,3,22,24,24.28483871,25.23354839,23/03/2024 0:00
2024,3,23,1,21.08741935,21.80354839,23/03/2024 1:00
2024,3,23,2,17.36967742,17.53096774,23/03/2024 2:00
2024,3,23,3,15.55387097,15.57870968,23/03/2024 3:00
2024,3,23,4,14.91451613,14.96903226,23/03/2024 4:00
2024,3,23,5,14.19129032,14.19129032,23/03/2024 5:00
2024,3,23,6,15.82193548,16.15451613,23/03/2024 6:00
2024,3,23,7,18.53967742,22.19548387,23/03/2024 7:00
2024,3,23,8,25.46322581,34.3816129,23/03/2024 8:00
2024,3,23,9,27.04096774,30.92129032,23/03/2024 9:00
2024,3,23,10,14.81290323,15.01741935,23/03/2024 10:00
2024,3,23,11,9.518064516,9.518064516,23/03/2024 11:00
2024,3,23,12,6.37516129,6.37516129,23/03/2024 12:00
2024,3,23,13,5.756451613,5.756451613,23/03/2024 13:00
2024,3,23,14,5.020645161,5.020645161,23/03/2024 14:00
2024,3,23,15,4.541612903,4.541612903,23/03/2024 15:00
2024,3,23,16,4.599677419,4.599677419,23/03/2024 16:00
2024,3,23,17,6.360322581,6.360322581,23/03/2024 17:00
2024,3,23,18,11.26967742,11.26967742,23/03/2024 18:00
2024,3,23,19,22.04,22.4283871,23/03/2024 19:00
2024,3,23,20,44.26032258,47.24290323,23/03/2024 20:00
2024,3,23,21,55.59258065,55.96741935,23/03/2024 21:00
2024,3,23,22,44.18967742,45.20806452,23/03/2024 22:00
2024,3,23,23,33.63774194,34.45677419,23/03/2024 23:00
2024,3,23,24,24.28483871,25.23354839,24/03/2024 0:00
2024,3,24,1,21.08741935,21.80354839,24/03/2024 1:00
2024,3,24,2,17.36967742,17.53096774,24/03/2024 2:00
2024,3,24,3,15.55387097,15.57870968,24/03/2024 3:00
2024,3,24,4,14.91451613,14.96903226,24/03/2024 4:00
2024,3,24,5,14.19129032,14.19129032,24/03/2024 5:00
2024,3,24,6,15.82193548,16.15451613,24/03/2024 6:00
2024,3,24,7,18.53967742,22.19548387,24/03/2024 7:00
2024,3,24,8,25.46322581,34.3816129,24/03/2024 8:00
2024,3,24,9,27.04096774,30.92129032,24/03/2024 9:00
2024,3,24,10,14.81290323,15.01741935,24/03/2024 10:00
2024,3,24,11,9.518064516,9.518064516,24/03/2024 11:00
2024,3,24,12,6.37516129,6.37516129,24/03/2024 12:00
2024,3,24,13,5.756451613,5.756451613,24/03/2024 13:00
2024,3,24,14,5.020645161,5.020645161,24/03/2024 14:00
2024,3,24,15,4.541612903,4.541612903,24/03/2024 15:00
2024,3,24,16,4.599677419,4.599677419,24/03/2024 16:00
2024,3,24,17,6.360322581,6.360322581,24/03/2024 17:00
2024,3,24,18,11.26967742,11.26967742,24/03/2024 18:00
2024,3,24,19,22.04,22.4283871,24/03/2024 19:00
2024,3,24,20,44.26032258,47.24290323,24/03/2024 20:00
2024,3,24,21,55.59258065,55.96741935,24/03/2024 21:00
2024,3,24,22,44.18967742,45.20806452,24/03/2024 22:00
2024,3,24,23,33.63774194,34.45677419,24/03/2024 23:00
2024,3,24,24,24.28483871,25.23354839,25/03/2024 0:00
2024,3,25,1,21.08741935,21.80354839,25/03/2024 1:00
2024,3,25,2,17.36967742,17.53096774,25/03/2024 2:00
2024,3,25,3,15.55387097,15.57870968,25/03/2024 3:00
2024,3,25,4,14.91451613,14.96903226,25/03/2024 4:00
2024,3,25,5,14.19129032,14.19129032,25/03/2024 5:00
2024,3,25,6,15.82193548,16.15451613,25/03/2024 6:00
2024,3,25,7,18.53967742,22.19548387,25/03/2024 7:00
2024,3,25,8,25.46322581,34.3816129,25/03/2024 8:00
2024,3,25,9,27.04096774,30.92129032,25/03/2024 9:00
2024,3,25,10,14.81290323,15.01741935,25/03/2024 10:00
2024,3,25,11,9.518064516,9.518064516,25/03/2024 11:00
2024,3,25,12,6.37516129,6.37516129,25/03/2024 12:00
2024,3,25,13,5.756451613,5.756451613,25/03/2024 13:00
2024,3,25,14,5.020645161,5.020645161,25/03/2024 14:00
2024,3,25,15,4.541612903,4.541612903,25/03/2024 15:00
2024,3,25,16,4.599677419,4.599677419,25/03/2024 16:00
2024,3,25,17,6.360322581,6.360322581,25/03/2024 17:00
2024,3,25,18,11.26967742,11.26967742,25/03/2024 18:00
2024,3,25,19,22.04,22.4283871,25/03/2024 19:00
2024,3,25,20,44.26032258,47.24290323,25/03/2024 20:00
2024,3,25,21,55.59258065,55.96741935,25/03/2024 21:00
2024,3,25,22,44.18967742,45.20806452,25/03/2024 22:00
2024,3,25,23,33.63774194,34.45677419,25/03/2024 23:00
2024,3,25,24,24.28483871,25.23354839,26/03/2024 0:00
2024,3,26,1,21.08741935,21.80354839,26/03/2024 1:00
2024,3,26,2,17.36967742,17.53096774,26/03/2024 2:00
2024,3,26,3,15.55387097,15.57870968,26/03/2024 3:00
2024,3,26,4,14.91451613,14.96903226,26/03/2024 4:00
2024,3,26,5,14.19129032,14.19129032,26/03/2024 5:00
2024,3,26,6,15.82193548,16.15451613,26/03/2024 6:00
2024,3,26,7,18.53967742,22.19548387,26/03/2024 7:00
2024,3,26,8,25.46322581,34.3816129,26/03/2024 8:00
2024,3,26,9,27.04096774,30.92129032,26/03/2024 9:00
2024,3,26,10,14.81290323,15.01741935,26/03/2024 10:00
2024,3,26,11,9.518064516,9.518064516,26/03/2024 11:00
2024,3,26,12,6.37516129,6.37516129,26/03/2024 12:00
2024,3,26,13,5.756451613,5.756451613,26/03/2024 13:00
2024,3,26,14,5.020645161,5.020645161,26/03/2024 14:00
2024,3,26,15,4.541612903,4.541612903,26/03/2024 15:00
2024,3,26,16,4.599677419,4.599677419,26/03/2024 16:00
2024,3,26,17,6.360322581,6.360322581,26/03/2024 17:00
2024,3,26,18,11.26967742,11.26967742,26/03/2024 18:00
2024,3,26,19,22.04,22.4283871,26/03/2024 19:00
2024,3,26,20,44.26032258,47.24290323,26/03/2024 20:00
2024,3,26,21,55.59258065,55.96741935,26/03/2024 21:00
2024,3,26,22,44.18967742,45.20806452,26/03/2024 22:00
2024,3,26,23,33.63774194,34.45677419,26/03/2024 23:00
2024,3,26,24,24.28483871,25.23354839,27/03/2024 0:00
2024,3,27,1,21.08741935,21.80354839,27/03/2024 1:00
2024,3,27,2,17.36967742,17.53096774,27/03/2024 2:00
2024,3,27,3,15.55387097,15.57870968,27/03/2024 3:00
2024,3,27,4,14.91451613,14.96903226,27/03/2024 4:00
2024,3,27,5,14.19129032,14.19129032,27/03/2024 5:00
2024,3,27,6,15.82193548,16.15451613,27/03/2024 6:00
2024,3,27,7,18.53967742,22.19548387,27/03/2024 7:00
2024,3,27,8,25.46322581,34.3816129,27/03/2024 8:00
2024,3,27,9,27.04096774,30.92129032,27/03/2024 9:00
2024,3,27,10,14.81290323,15.01741935,27/03/2024 10:00
2024,3,27,11,9.518064516,9.518064516,27/03/2024 11:00
2024,3,27,12,6.37516129,6.37516129,27/03/2024 12:00
2024,3,27,13,5.756451613,5.756451613,27/03/2024 13:00
2024,3,27,14,5.020645161,5.020645161,27/03/2024 14:00
2024,3,27,15,4.541612903,4.541612903,27/03/2024 15:00
2024,3,27,16,4.599677419,4.599677419,27/03/2024 16:00
2024,3,27,17,6.360322581,6.360322581,27/03/2024 17:00
2024,3,27,18,11.26967742,11.26967742,27/03/2024 18:00
2024,3,27,19,22.04,22.4283871,27/03/2024 19:00
2024,3,27,20,44.26032258,47.24290323,27/03/2024 20:00
2024,3,27,21,55.59258065,55.96741935,27/03/2024 21:00
2024,3,27,22,44.18967742,45.20806452,27/03/2024 22:00
2024,3,27,23,33.63774194,34.45677419,27/03/2024 23:00
2024,3,27,24,24.28483871,25.23354839,28/03/2024 0:00
2024,3,28,1,21.08741935,21.80354839,28/03/2024 1:00
2024,3,28,2,17.36967742,17.53096774,28/03/2024 2:00
2024,3,28,3,15.55387097,15.57870968,28/03/2024 3:00
2024,3,28,4,14.91451613,14.96903226,28/03/2024 4:00
2024,3,28,5,14.19129032,14.19129032,28/03/2024 5:00
2024,3,28,6,15.82193548,16.15451613,28/03/2024 6:00
2024,3,28,7,18.53967742,22.19548387,28/03/2024 7:00
2024,3,28,8,25.46322581,34.3816129,28/03/2024 8:00
2024,3,28,9,27.04096774,30.92129032,28/03/2024 9:00
2024,3,28,10,14.81290323,15.01741935,28/03/2024 10:00
2024,3,28,11,9.518064516,9.518064516,28/03/2024 11:00
2024,3,28,12,6.37516129,6.37516129,28/03/2024 12:00
2024,3,28,13,5.756451613,5.756451613,28/03/2024 13:00
2024,3,28,14,5.020645161,5.020645161,28/03/2024 14:00
2024,3,28,15,4.541612903,4.541612903,28/03/2024 15:00
2024,3,28,16,4.599677419,4.599677419,28/03/2024 16:00
2024,3,28,17,6.360322581,6.360322581,28/03/2024 17:00
2024,3,28,18,11.26967742,11.26967742,28/03/2024 18:00
2024,3,28,19,22.04,22.4283871,28/03/2024 19:00
2024,3,28,20,44.26032258,47.24290323,28/03/2024 20:00
2024,3,28,21,55.59258065,55.96741935,28/03/2024 21:00
2024,3,28,22,44.18967742,45.20806452,28/03/2024 22:00
2024,3,28,23,33.63774194,34.45677419,28/03/2024 23:00
2024,3,28,24,24.28483871,25.23354839,29/03/2024 0:00
2024,3,29,1,21.08741935,21.80354839,29/03/2024 1:00
2024,3,29,2,17.36967742,17.53096774,29/03/2024 2:00
2024,3,29,3,15.55387097,15.57870968,29/03/2024 3:00
2024,3,29,4,14.91451613,14.96903226,29/03/2024 4:00
2024,3,29,5,14.19129032,14.19129032,29/03/2024 5:00
2024,3,29,6,15.82193548,16.15451613,29/03/2024 6:00
2024,3,29,7,18.53967742,22.19548387,29/03/2024 7:00
2024,3,29,8,25.46322581,34.3816129,29/03/2024 8:00
2024,3,29,9,27.04096774,30.92129032,29/03/2024 9:00
2024,3,29,10,14.81290323,15.01741935,29/03/2024 10:00
2024,3,29,11,9.518064516,9.518064516,29/03/2024 11:00
2024,3,29,12,6.37516129,6.37516129,29/03/2024 12:00
2024,3,29,13,5.756451613,5.756451613,29/03/2024 13:00
2024,3,29,14,5.020645161,5.020645161,29/03/2024 14:00
2024,3,29,15,4.541612903,4.541612903,29/03/2024 15:00
2024,3,29,16,4.599677419,4.599677419,29/03/2024 16:00
2024,3,29,17,6.360322581,6.360322581,29/03/2024 17:00
2024,3,29,18,11.26967742,11.26967742,29/03/2024 18:00
2024,3,29,19,22.04,22.4283871,29/03/2024 19:00
2024,3,29,20,44.26032258,47.24290323,29/03/2024 20:00
2024,3,29,21,55.59258065,55.96741935,29/03/2024 21:00
2024,3,29,22,44.18967742,45.20806452,29/03/2024 22:00
2024,3,29,23,33.63774194,34.45677419,29/03/2024 23:00
2024,3,29,24,24.28483871,25.23354839,30/03/2024 0:00
2024,3,30,1,21.08741935,21.80354839,30/03/2024 1:00
2024,3,30,2,17.36967742,17.53096774,30/03/2024 2:00
2024,3,30,3,15.55387097,15.57870968,30/03/2024 3:00
2024,3,30,4,14.91451613,14.96903226,30/03/2024 4:00
2024,3,30,5,14.19129032,14.19129032,30/03/2024 5:00
2024,3,30,6,15.82193548,16.15451613,30/03/2024 6:00
2024,3,30,7,18.53967742,22.19548387,30/03/2024 7:00
2024,3,30,8,25.46322581,34.3816129,30/03/2024 8:00
2024,3,30,9,27.04096774,30.92129032,30/03/2024 9:00
2024,3,30,10,14.81290323,15.01741935,30/03/2024 10:00
2024,3,30,11,9.518064516,9.518064516,30/03/2024 11:00
2024,3,30,12,6.37516129,6.37516129,30/03/2024 12:00
2024,3,30,13,5.756451613,5.756451613,30/03/2024 13:00
2024,3,30,14,5.020645161,5.020645161,30/03/2024 14:00
2024,3,30,15,4.541612903,4.541612903,30/03/2024 15:00
2024,3,30,16,4.599677419,4.599677419,30/03/2024 16:00
2024,3,30,17,6.360322581,6.360322581,30/03/2024 17:00
2024,3,30,18,11.26967742,11.26967742,30/03/2024 18:00
2024,3,30,19,22.04,22.4283871,30/03/2024 19:00
2024,3,30,20,44.26032258,47.24290323,30/03/2024 20:00
2024,3,30,21,55.59258065,55.96741935,30/03/2024 21:00
2024,3,30,22,44.18967742,45.20806452,30/03/2024 22:00
2024,3,30,23,33.63774194,34.45677419,30/03/2024 23:00
2024,3,30,24,24.28483871,25.23354839,31/03/2024 0:00
2024,3,31,1,21.08741935,21.80354839,31/03/2024 1:00
2024,3,31,2,17.36967742,17.53096774,31/03/2024 2:00
2024,3,31,3,15.55387097,15.57870968,31/03/2024 3:00
2024,3,31,4,14.91451613,14.96903226,31/03/2024 4:00
2024,3,31,5,14.19129032,14.19129032,31/03/2024 5:00
2024,3,31,6,15.82193548,16.15451613,31/03/2024 6:00
2024,3,31,7,18.53967742,22.19548387,31/03/2024 7:00
2024,3,31,8,25.46322581,34.3816129,31/03/2024 8:00
2024,3,31,9,27.04096774,30.92129032,31/03/2024 9:00
2024,3,31,10,14.81290323,15.01741935,31/03/2024 10:00
2024,3,31,11,9.518064516,9.518064516,31/03/2024 11:00
2024,3,31,12,6.37516129,6.37516129,31/03/2024 12:00
2024,3,31,13,5.756451613,5.756451613,31/03/2024 13:00
2024,3,31,14,5.020645161,5.020645161,31/03/2024 14:00
2024,3,31,15,4.541612903,4.541612903,31/03/2024 15:00
2024,3,31,16,4.599677419,4.599677419,31/03/2024 16:00
2024,3,31,17,6.360322581,6.360322581,31/03/2024 17:00
2024,3,31,18,11.26967742,11.26967742,31/03/2024 18:00
2024,3,31,19,22.04,22.4283871,31/03/2024 19:00
2024,3,31,20,44.26032258,47.24290323,31/03/2024 20:00
2024,3,31,21,55.59258065,55.96741935,31/03/2024 21:00
2024,3,31,22,44.18967742,45.20806452,31/03/2024 22:00
2024,3,31,23,33.63774194,34.45677419,31/03/2024 23:00
2024,3,31,24,24.28483871,25.23354839,01/04/2024 0:00
2024,4,1,1,17.35866667,17.35866667,01/04/2024 1:00
2024,4,1,2,13.61466667,13.61466667,01/04/2024 2:00
2024,4,1,3,12.743,12.743,01/04/2024 3:00
2024,4,1,4,12.82633333,12.85766667,01/04/2024 4:00
2024,4,1,5,12.383,12.383,01/04/2024 5:00
2024,4,1,6,13.241,13.48066667,01/04/2024 6:00
2024,4,1,7,14.96733333,16.59533333,01/04/2024 7:00
2024,4,1,8,24.72133333,29.48266667,01/04/2024 8:00
2024,4,1,9,22.12166667,24.31466667,01/04/2024 9:00
2024,4,1,10,10.32866667,10.32866667,01/04/2024 10:00
2024,4,1,11,5.493666667,5.493666667,01/04/2024 11:00
2024,4,1,12,4.526666667,4.510333333,01/04/2024 12:00
2024,4,1,13,3.889666667,3.871333333,01/04/2024 13:00
2024,4,1,14,3.205,3.144666667,01/04/2024 14:00
2024,4,1,15,2.753333333,2.682666667,01/04/2024 15:00
2024,4,1,16,2.652333333,2.577666667,01/04/2024 16:00
2024,4,1,17,2.45,2.368666667,01/04/2024 17:00
2024,4,1,18,2.928333333,2.921666667,01/04/2024 18:00
2024,4,1,19,5.167333333,5.167333333,01/04/2024 19:00
2024,4,1,20,10.906,10.906,01/04/2024 20:00
2024,4,1,21,25.76633333,26.80666667,01/04/2024 21:00
2024,4,1,22,40.90966667,41.5,01/04/2024 22:00
2024,4,1,23,30.66766667,31.10966667,01/04/2024 23:00
2024,4,1,24,21.80666667,21.86166667,02/04/2024 0:00
2024,4,2,1,17.35866667,17.35866667,02/04/2024 1:00
2024,4,2,2,13.61466667,13.61466667,02/04/2024 2:00
2024,4,2,3,12.743,12.743,02/04/2024 3:00
2024,4,2,4,12.82633333,12.85766667,02/04/2024 4:00
2024,4,2,5,12.383,12.383,02/04/2024 5:00
2024,4,2,6,13.241,13.48066667,02/04/2024 6:00
2024,4,2,7,14.96733333,16.59533333,02/04/2024 7:00
2024,4,2,8,24.72133333,29.48266667,02/04/2024 8:00
2024,4,2,9,22.12166667,24.31466667,02/04/2024 9:00
2024,4,2,10,10.32866667,10.32866667,02/04/2024 10:00
2024,4,2,11,5.493666667,5.493666667,02/04/2024 11:00
2024,4,2,12,4.526666667,4.510333333,02/04/2024 12:00
2024,4,2,13,3.889666667,3.871333333,02/04/2024 13:00
2024,4,2,14,3.205,3.144666667,02/04/2024 14:00
2024,4,2,15,2.753333333,2.682666667,02/04/2024 15:00
2024,4,2,16,2.652333333,2.577666667,02/04/2024 16:00
2024,4,2,17,2.45,2.368666667,02/04/2024 17:00
2024,4,2,18,2.928333333,2.921666667,02/04/2024 18:00
2024,4,2,19,5.167333333,5.167333333,02/04/2024 19:00
2024,4,2,20,10.906,10.906,02/04/2024 20:00
2024,4,2,21,25.76633333,26.80666667,02/04/2024 21:00
2024,4,2,22,40.90966667,41.5,02/04/2024 22:00
2024,4,2,23,30.66766667,31.10966667,02/04/2024 23:00
2024,4,2,24,21.80666667,21.86166667,03/04/2024 0:00
2024,4,3,1,17.35866667,17.35866667,03/04/2024 1:00
2024,4,3,2,13.61466667,13.61466667,03/04/2024 2:00
2024,4,3,3,12.743,12.743,03/04/2024 3:00
2024,4,3,4,12.82633333,12.85766667,03/04/2024 4:00
2024,4,3,5,12.383,12.383,03/04/2024 5:00
2024,4,3,6,13.241,13.48066667,03/04/2024 6:00
2024,4,3,7,14.96733333,16.59533333,03/04/2024 7:00
2024,4,3,8,24.72133333,29.48266667,03/04/2024 8:00
2024,4,3,9,22.12166667,24.31466667,03/04/2024 9:00
2024,4,3,10,10.32866667,10.32866667,03/04/2024 10:00
2024,4,3,11,5.493666667,5.493666667,03/04/2024 11:00
2024,4,3,12,4.526666667,4.510333333,03/04/2024 12:00
2024,4,3,13,3.889666667,3.871333333,03/04/2024 13:00
2024,4,3,14,3.205,3.144666667,03/04/2024 14:00
2024,4,3,15,2.753333333,2.682666667,03/04/2024 15:00
2024,4,3,16,2.652333333,2.577666667,03/04/2024 16:00
2024,4,3,17,2.45,2.368666667,03/04/2024 17:00
2024,4,3,18,2.928333333,2.921666667,03/04/2024 18:00
2024,4,3,19,5.167333333,5.167333333,03/04/2024 19:00
2024,4,3,20,10.906,10.906,03/04/2024 20:00
2024,4,3,21,25.76633333,26.80666667,03/04/2024 21:00
2024,4,3,22,40.90966667,41.5,03/04/2024 22:00
2024,4,3,23,30.66766667,31.10966667,03/04/2024 23:00
2024,4,3,24,21.80666667,21.86166667,04/04/2024 0:00
2024,4,4,1,17.35866667,17.35866667,04/04/2024 1:00
2024,4,4,2,13.61466667,13.61466667,04/04/2024 2:00
2024,4,4,3,12.743,12.743,04/04/2024 3:00
2024,4,4,4,12.82633333,12.85766667,04/04/2024 4:00
2024,4,4,5,12.383,12.383,04/04/2024 5:00
2024,4,4,6,13.241,13.48066667,04/04/2024 6:00
2024,4,4,7,14.96733333,16.59533333,04/04/2024 7:00
2024,4,4,8,24.72133333,29.48266667,04/04/2024 8:00
2024,4,4,9,22.12166667,24.31466667,04/04/2024 9:00
2024,4,4,10,10.32866667,10.32866667,04/04/2024 10:00
2024,4,4,11,5.493666667,5.493666667,04/04/2024 11:00
2024,4,4,12,4.526666667,4.510333333,04/04/2024 12:00
2024,4,4,13,3.889666667,3.871333333,04/04/2024 13:00
2024,4,4,14,3.205,3.144666667,04/04/2024 14:00
2024,4,4,15,2.753333333,2.682666667,04/04/2024 15:00
2024,4,4,16,2.652333333,2.577666667,04/04/2024 16:00
2024,4,4,17,2.45,2.368666667,04/04/2024 17:00
2024,4,4,18,2.928333333,2.921666667,04/04/2024 18:00
2024,4,4,19,5.167333333,5.167333333,04/04/2024 19:00
2024,4,4,20,10.906,10.906,04/04/2024 20:00
2024,4,4,21,25.76633333,26.80666667,04/04/2024 21:00
2024,4,4,22,40.90966667,41.5,04/04/2024 22:00
2024,4,4,23,30.66766667,31.10966667,04/04/2024 23:00
2024,4,4,24,21.80666667,21.86166667,05/04/2024 0:00
2024,4,5,1,17.35866667,17.35866667,05/04/2024 1:00
2024,4,5,2,13.61466667,13.61466667,05/04/2024 2:00
2024,4,5,3,12.743,12.743,05/04/2024 3:00
2024,4,5,4,12.82633333,12.85766667,05/04/2024 4:00
2024,4,5,5,12.383,12.383,05/04/2024 5:00
2024,4,5,6,13.241,13.48066667,05/04/2024 6:00
2024,4,5,7,14.96733333,16.59533333,05/04/2024 7:00
2024,4,5,8,24.72133333,29.48266667,05/04/2024 8:00
2024,4,5,9,22.12166667,24.31466667,05/04/2024 9:00
2024,4,5,10,10.32866667,10.32866667,05/04/2024 10:00
2024,4,5,11,5.493666667,5.493666667,05/04/2024 11:00
2024,4,5,12,4.526666667,4.510333333,05/04/2024 12:00
2024,4,5,13,3.889666667,3.871333333,05/04/2024 13:00
2024,4,5,14,3.205,3.144666667,05/04/2024 14:00
2024,4,5,15,2.753333333,2.682666667,05/04/2024 15:00
2024,4,5,16,2.652333333,2.577666667,05/04/2024 16:00
2024,4,5,17,2.45,2.368666667,05/04/2024 17:00
2024,4,5,18,2.928333333,2.921666667,05/04/2024 18:00
2024,4,5,19,5.167333333,5.167333333,05/04/2024 19:00
2024,4,5,20,10.906,10.906,05/04/2024 20:00
2024,4,5,21,25.76633333,26.80666667,05/04/2024 21:00
2024,4,5,22,40.90966667,41.5,05/04/2024 22:00
2024,4,5,23,30.66766667,31.10966667,05/04/2024 23:00
2024,4,5,24,21.80666667,21.86166667,06/04/2024 0:00
2024,4,6,1,17.35866667,17.35866667,06/04/2024 1:00
2024,4,6,2,13.61466667,13.61466667,06/04/2024 2:00
2024,4,6,3,12.743,12.743,06/04/2024 3:00
2024,4,6,4,12.82633333,12.85766667,06/04/2024 4:00
2024,4,6,5,12.383,12.383,06/04/2024 5:00
2024,4,6,6,13.241,13.48066667,06/04/2024 6:00
2024,4,6,7,14.96733333,16.59533333,06/04/2024 7:00
2024,4,6,8,24.72133333,29.48266667,06/04/2024 8:00
2024,4,6,9,22.12166667,24.31466667,06/04/2024 9:00
2024,4,6,10,10.32866667,10.32866667,06/04/2024 10:00
2024,4,6,11,5.493666667,5.493666667,06/04/2024 11:00
2024,4,6,12,4.526666667,4.510333333,06/04/2024 12:00
2024,4,6,13,3.889666667,3.871333333,06/04/2024 13:00
2024,4,6,14,3.205,3.144666667,06/04/2024 14:00
2024,4,6,15,2.753333333,2.682666667,06/04/2024 15:00
2024,4,6,16,2.652333333,2.577666667,06/04/2024 16:00
2024,4,6,17,2.45,2.368666667,06/04/2024 17:00
2024,4,6,18,2.928333333,2.921666667,06/04/2024 18:00
2024,4,6,19,5.167333333,5.167333333,06/04/2024 19:00
2024,4,6,20,10.906,10.906,06/04/2024 20:00
2024,4,6,21,25.76633333,26.80666667,06/04/2024 21:00
2024,4,6,22,40.90966667,41.5,06/04/2024 22:00
2024,4,6,23,30.66766667,31.10966667,06/04/2024 23:00
2024,4,6,24,21.80666667,21.86166667,07/04/2024 0:00
2024,4,7,1,17.35866667,17.35866667,07/04/2024 1:00
2024,4,7,2,13.61466667,13.61466667,07/04/2024 2:00
2024,4,7,3,12.743,12.743,07/04/2024 3:00
2024,4,7,4,12.82633333,12.85766667,07/04/2024 4:00
2024,4,7,5,12.383,12.383,07/04/2024 5:00
2024,4,7,6,13.241,13.48066667,07/04/2024 6:00
2024,4,7,7,14.96733333,16.59533333,07/04/2024 7:00
2024,4,7,8,24.72133333,29.48266667,07/04/2024 8:00
2024,4,7,9,22.12166667,24.31466667,07/04/2024 9:00
2024,4,7,10,10.32866667,10.32866667,07/04/2024 10:00
2024,4,7,11,5.493666667,5.493666667,07/04/2024 11:00
2024,4,7,12,4.526666667,4.510333333,07/04/2024 12:00
2024,4,7,13,3.889666667,3.871333333,07/04/2024 13:00
2024,4,7,14,3.205,3.144666667,07/04/2024 14:00
2024,4,7,15,2.753333333,2.682666667,07/04/2024 15:00
2024,4,7,16,2.652333333,2.577666667,07/04/2024 16:00
2024,4,7,17,2.45,2.368666667,07/04/2024 17:00
2024,4,7,18,2.928333333,2.921666667,07/04/2024 18:00
2024,4,7,19,5.167333333,5.167333333,07/04/2024 19:00
2024,4,7,20,10.906,10.906,07/04/2024 20:00
2024,4,7,21,25.76633333,26.80666667,07/04/2024 21:00
2024,4,7,22,40.90966667,41.5,07/04/2024 22:00
2024,4,7,23,30.66766667,31.10966667,07/04/2024 23:00
2024,4,7,24,21.80666667,21.86166667,08/04/2024 0:00
2024,4,8,1,17.35866667,17.35866667,08/04/2024 1:00
2024,4,8,2,13.61466667,13.61466667,08/04/2024 2:00
2024,4,8,3,12.743,12.743,08/04/2024 3:00
2024,4,8,4,12.82633333,12.85766667,08/04/2024 4:00
2024,4,8,5,12.383,12.383,08/04/2024 5:00
2024,4,8,6,13.241,13.48066667,08/04/2024 6:00
2024,4,8,7,14.96733333,16.59533333,08/04/2024 7:00
2024,4,8,8,24.72133333,29.48266667,08/04/2024 8:00
2024,4,8,9,22.12166667,24.31466667,08/04/2024 9:00
2024,4,8,10,10.32866667,10.32866667,08/04/2024 10:00
2024,4,8,11,5.493666667,5.493666667,08/04/2024 11:00
2024,4,8,12,4.526666667,4.510333333,08/04/2024 12:00
2024,4,8,13,3.889666667,3.871333333,08/04/2024 13:00
2024,4,8,14,3.205,3.144666667,08/04/2024 14:00
2024,4,8,15,2.753333333,2.682666667,08/04/2024 15:00
2024,4,8,16,2.652333333,2.577666667,08/04/2024 16:00
2024,4,8,17,2.45,2.368666667,08/04/2024 17:00
2024,4,8,18,2.928333333,2.921666667,08/04/2024 18:00
2024,4,8,19,5.167333333,5.167333333,08/04/2024 19:00
2024,4,8,20,10.906,10.906,08/04/2024 20:00
2024,4,8,21,25.76633333,26.80666667,08/04/2024 21:00
2024,4,8,22,40.90966667,41.5,08/04/2024 22:00
2024,4,8,23,30.66766667,31.10966667,08/04/2024 23:00
2024,4,8,24,21.80666667,21.86166667,09/04/2024 0:00
2024,4,9,1,17.35866667,17.35866667,09/04/2024 1:00
2024,4,9,2,13.61466667,13.61466667,09/04/2024 2:00
2024,4,9,3,12.743,12.743,09/04/2024 3:00
2024,4,9,4,12.82633333,12.85766667,09/04/2024 4:00
2024,4,9,5,12.383,12.383,09/04/2024 5:00
2024,4,9,6,13.241,13.48066667,09/04/2024 6:00
2024,4,9,7,14.96733333,16.59533333,09/04/2024 7:00
2024,4,9,8,24.72133333,29.48266667,09/04/2024 8:00
2024,4,9,9,22.12166667,24.31466667,09/04/2024 9:00
2024,4,9,10,10.32866667,10.32866667,09/04/2024 10:00
2024,4,9,11,5.493666667,5.493666667,09/04/2024 11:00
2024,4,9,12,4.526666667,4.510333333,09/04/2024 12:00
2024,4,9,13,3.889666667,3.871333333,09/04/2024 13:00
2024,4,9,14,3.205,3.144666667,09/04/2024 14:00
2024,4,9,15,2.753333333,2.682666667,09/04/2024 15:00
2024,4,9,16,2.652333333,2.577666667,09/04/2024 16:00
2024,4,9,17,2.45,2.368666667,09/04/2024 17:00
2024,4,9,18,2.928333333,2.921666667,09/04/2024 18:00
2024,4,9,19,5.167333333,5.167333333,09/04/2024 19:00
2024,4,9,20,10.906,10.906,09/04/2024 20:00
2024,4,9,21,25.76633333,26.80666667,09/04/2024 21:00
2024,4,9,22,40.90966667,41.5,09/04/2024 22:00
2024,4,9,23,30.66766667,31.10966667,09/04/2024 23:00
2024,4,9,24,21.80666667,21.86166667,10/04/2024 0:00
2024,4,10,1,17.35866667,17.35866667,10/04/2024 1:00
2024,4,10,2,13.61466667,13.61466667,10/04/2024 2:00
2024,4,10,3,12.743,12.743,10/04/2024 3:00
2024,4,10,4,12.82633333,12.85766667,10/04/2024 4:00
2024,4,10,5,12.383,12.383,10/04/2024 5:00
2024,4,10,6,13.241,13.48066667,10/04/2024 6:00
2024,4,10,7,14.96733333,16.59533333,10/04/2024 7:00
2024,4,10,8,24.72133333,29.48266667,10/04/2024 8:00
2024,4,10,9,22.12166667,24.31466667,10/04/2024 9:00
2024,4,10,10,10.32866667,10.32866667,10/04/2024 10:00
2024,4,10,11,5.493666667,5.493666667,10/04/2024 11:00
2024,4,10,12,4.526666667,4.510333333,10/04/2024 12:00
2024,4,10,13,3.889666667,3.871333333,10/04/2024 13:00
2024,4,10,14,3.205,3.144666667,10/04/2024 14:00
2024,4,10,15,2.753333333,2.682666667,10/04/2024 15:00
2024,4,10,16,2.652333333,2.577666667,10/04/2024 16:00
2024,4,10,17,2.45,2.368666667,10/04/2024 17:00
2024,4,10,18,2.928333333,2.921666667,10/04/2024 18:00
2024,4,10,19,5.167333333,5.167333333,10/04/2024 19:00
2024,4,10,20,10.906,10.906,10/04/2024 20:00
2024,4,10,21,25.76633333,26.80666667,10/04/2024 21:00
2024,4,10,22,40.90966667,41.5,10/04/2024 22:00
2024,4,10,23,30.66766667,31.10966667,10/04/2024 23:00
2024,4,10,24,21.80666667,21.86166667,11/04/2024 0:00
2024,4,11,1,17.35866667,17.35866667,11/04/2024 1:00
2024,4,11,2,13.61466667,13.61466667,11/04/2024 2:00
2024,4,11,3,12.743,12.743,11/04/2024 3:00
2024,4,11,4,12.82633333,12.85766667,11/04/2024 4:00
2024,4,11,5,12.383,12.383,11/04/2024 5:00
2024,4,11,6,13.241,13.48066667,11/04/2024 6:00
2024,4,11,7,14.96733333,16.59533333,11/04/2024 7:00
2024,4,11,8,24.72133333,29.48266667,11/04/2024 8:00
2024,4,11,9,22.12166667,24.31466667,11/04/2024 9:00
2024,4,11,10,10.32866667,10.32866667,11/04/2024 10:00
2024,4,11,11,5.493666667,5.493666667,11/04/2024 11:00
2024,4,11,12,4.526666667,4.510333333,11/04/2024 12:00
2024,4,11,13,3.889666667,3.871333333,11/04/2024 13:00
2024,4,11,14,3.205,3.144666667,11/04/2024 14:00
2024,4,11,15,2.753333333,2.682666667,11/04/2024 15:00
2024,4,11,16,2.652333333,2.577666667,11/04/2024 16:00
2024,4,11,17,2.45,2.368666667,11/04/2024 17:00
2024,4,11,18,2.928333333,2.921666667,11/04/2024 18:00
2024,4,11,19,5.167333333,5.167333333,11/04/2024 19:00
2024,4,11,20,10.906,10.906,11/04/2024 20:00
2024,4,11,21,25.76633333,26.80666667,11/04/2024 21:00
2024,4,11,22,40.90966667,41.5,11/04/2024 22:00
2024,4,11,23,30.66766667,31.10966667,11/04/2024 23:00
2024,4,11,24,21.80666667,21.86166667,12/04/2024 0:00
2024,4,12,1,17.35866667,17.35866667,12/04/2024 1:00
2024,4,12,2,13.61466667,13.61466667,12/04/2024 2:00
2024,4,12,3,12.743,12.743,12/04/2024 3:00
2024,4,12,4,12.82633333,12.85766667,12/04/2024 4:00
2024,4,12,5,12.383,12.383,12/04/2024 5:00
2024,4,12,6,13.241,13.48066667,12/04/2024 6:00
2024,4,12,7,14.96733333,16.59533333,12/04/2024 7:00
2024,4,12,8,24.72133333,29.48266667,12/04/2024 8:00
2024,4,12,9,22.12166667,24.31466667,12/04/2024 9:00
2024,4,12,10,10.32866667,10.32866667,12/04/2024 10:00
2024,4,12,11,5.493666667,5.493666667,12/04/2024 11:00
2024,4,12,12,4.526666667,4.510333333,12/04/2024 12:00
2024,4,12,13,3.889666667,3.871333333,12/04/2024 13:00
2024,4,12,14,3.205,3.144666667,12/04/2024 14:00
2024,4,12,15,2.753333333,2.682666667,12/04/2024 15:00
2024,4,12,16,2.652333333,2.577666667,12/04/2024 16:00
2024,4,12,17,2.45,2.368666667,12/04/2024 17:00
2024,4,12,18,2.928333333,2.921666667,12/04/2024 18:00
2024,4,12,19,5.167333333,5.167333333,12/04/2024 19:00
2024,4,12,20,10.906,10.906,12/04/2024 20:00
2024,4,12,21,25.76633333,26.80666667,12/04/2024 21:00
2024,4,12,22,40.90966667,41.5,12/04/2024 22:00
2024,4,12,23,30.66766667,31.10966667,12/04/2024 23:00
2024,4,12,24,21.80666667,21.86166667,13/04/2024 0:00
2024,4,13,1,17.35866667,17.35866667,13/04/2024 1:00
2024,4,13,2,13.61466667,13.61466667,13/04/2024 2:00
2024,4,13,3,12.743,12.743,13/04/2024 3:00
2024,4,13,4,12.82633333,12.85766667,13/04/2024 4:00
2024,4,13,5,12.383,12.383,13/04/2024 5:00
2024,4,13,6,13.241,13.48066667,13/04/2024 6:00
2024,4,13,7,14.96733333,16.59533333,13/04/2024 7:00
2024,4,13,8,24.72133333,29.48266667,13/04/2024 8:00
2024,4,13,9,22.12166667,24.31466667,13/04/2024 9:00
2024,4,13,10,10.32866667,10.32866667,13/04/2024 10:00
2024,4,13,11,5.493666667,5.493666667,13/04/2024 11:00
2024,4,13,12,4.526666667,4.510333333,13/04/2024 12:00
2024,4,13,13,3.889666667,3.871333333,13/04/2024 13:00
2024,4,13,14,3.205,3.144666667,13/04/2024 14:00
2024,4,13,15,2.753333333,2.682666667,13/04/2024 15:00
2024,4,13,16,2.652333333,2.577666667,13/04/2024 16:00
2024,4,13,17,2.45,2.368666667,13/04/2024 17:00
2024,4,13,18,2.928333333,2.921666667,13/04/2024 18:00
2024,4,13,19,5.167333333,5.167333333,13/04/2024 19:00
2024,4,13,20,10.906,10.906,13/04/2024 20:00
2024,4,13,21,25.76633333,26.80666667,13/04/2024 21:00
2024,4,13,22,40.90966667,41.5,13/04/2024 22:00
2024,4,13,23,30.66766667,31.10966667,13/04/2024 23:00
2024,4,13,24,21.80666667,21.86166667,14/04/2024 0:00
2024,4,14,1,17.35866667,17.35866667,14/04/2024 1:00
2024,4,14,2,13.61466667,13.61466667,14/04/2024 2:00
2024,4,14,3,12.743,12.743,14/04/2024 3:00
2024,4,14,4,12.82633333,12.85766667,14/04/2024 4:00
2024,4,14,5,12.383,12.383,14/04/2024 5:00
2024,4,14,6,13.241,13.48066667,14/04/2024 6:00
2024,4,14,7,14.96733333,16.59533333,14/04/2024 7:00
2024,4,14,8,24.72133333,29.48266667,14/04/2024 8:00
2024,4,14,9,22.12166667,24.31466667,14/04/2024 9:00
2024,4,14,10,10.32866667,10.32866667,14/04/2024 10:00
2024,4,14,11,5.493666667,5.493666667,14/04/2024 11:00
2024,4,14,12,4.526666667,4.510333333,14/04/2024 12:00
2024,4,14,13,3.889666667,3.871333333,14/04/2024 13:00
2024,4,14,14,3.205,3.144666667,14/04/2024 14:00
2024,4,14,15,2.753333333,2.682666667,14/04/2024 15:00
2024,4,14,16,2.652333333,2.577666667,14/04/2024 16:00
2024,4,14,17,2.45,2.368666667,14/04/2024 17:00
2024,4,14,18,2.928333333,2.921666667,14/04/2024 18:00
2024,4,14,19,5.167333333,5.167333333,14/04/2024 19:00
2024,4,14,20,10.906,10.906,14/04/2024 20:00
2024,4,14,21,25.76633333,26.80666667,14/04/2024 21:00
2024,4,14,22,40.90966667,41.5,14/04/2024 22:00
2024,4,14,23,30.66766667,31.10966667,14/04/2024 23:00
2024,4,14,24,21.80666667,21.86166667,15/04/2024 0:00
2024,4,15,1,17.35866667,17.35866667,15/04/2024 1:00
2024,4,15,2,13.61466667,13.61466667,15/04/2024 2:00
2024,4,15,3,12.743,12.743,15/04/2024 3:00
2024,4,15,4,12.82633333,12.85766667,15/04/2024 4:00
2024,4,15,5,12.383,12.383,15/04/2024 5:00
2024,4,15,6,13.241,13.48066667,15/04/2024 6:00
2024,4,15,7,14.96733333,16.59533333,15/04/2024 7:00
2024,4,15,8,24.72133333,29.48266667,15/04/2024 8:00
2024,4,15,9,22.12166667,24.31466667,15/04/2024 9:00
2024,4,15,10,10.32866667,10.32866667,15/04/2024 10:00
2024,4,15,11,5.493666667,5.493666667,15/04/2024 11:00
2024,4,15,12,4.526666667,4.510333333,15/04/2024 12:00
2024,4,15,13,3.889666667,3.871333333,15/04/2024 13:00
2024,4,15,14,3.205,3.144666667,15/04/2024 14:00
2024,4,15,15,2.753333333,2.682666667,15/04/2024 15:00
2024,4,15,16,2.652333333,2.577666667,15/04/2024 16:00
2024,4,15,17,2.45,2.368666667,15/04/2024 17:00
2024,4,15,18,2.928333333,2.921666667,15/04/2024 18:00
2024,4,15,19,5.167333333,5.167333333,15/04/2024 19:00
2024,4,15,20,10.906,10.906,15/04/2024 20:00
2024,4,15,21,25.76633333,26.80666667,15/04/2024 21:00
2024,4,15,22,40.90966667,41.5,15/04/2024 22:00
2024,4,15,23,30.66766667,31.10966667,15/04/2024 23:00
2024,4,15,24,21.80666667,21.86166667,16/04/2024 0:00
2024,4,16,1,17.35866667,17.35866667,16/04/2024 1:00
2024,4,16,2,13.61466667,13.61466667,16/04/2024 2:00
2024,4,16,3,12.743,12.743,16/04/2024 3:00
2024,4,16,4,12.82633333,12.85766667,16/04/2024 4:00
2024,4,16,5,12.383,12.383,16/04/2024 5:00
2024,4,16,6,13.241,13.48066667,16/04/2024 6:00
2024,4,16,7,14.96733333,16.59533333,16/04/2024 7:00
2024,4,16,8,24.72133333,29.48266667,16/04/2024 8:00
2024,4,16,9,22.12166667,24.31466667,16/04/2024 9:00
2024,4,16,10,10.32866667,10.32866667,16/04/2024 10:00
2024,4,16,11,5.493666667,5.493666667,16/04/2024 11:00
2024,4,16,12,4.526666667,4.510333333,16/04/2024 12:00
2024,4,16,13,3.889666667,3.871333333,16/04/2024 13:00
2024,4,16,14,3.205,3.144666667,16/04/2024 14:00
2024,4,16,15,2.753333333,2.682666667,16/04/2024 15:00
2024,4,16,16,2.652333333,2.577666667,16/04/2024 16:00
2024,4,16,17,2.45,2.368666667,16/04/2024 17:00
2024,4,16,18,2.928333333,2.921666667,16/04/2024 18:00
2024,4,16,19,5.167333333,5.167333333,16/04/2024 19:00
2024,4,16,20,10.906,10.906,16/04/2024 20:00
2024,4,16,21,25.76633333,26.80666667,16/04/2024 21:00
2024,4,16,22,40.90966667,41.5,16/04/2024 22:00
2024,4,16,23,30.66766667,31.10966667,16/04/2024 23:00
2024,4,16,24,21.80666667,21.86166667,17/04/2024 0:00
2024,4,17,1,17.35866667,17.35866667,17/04/2024 1:00
2024,4,17,2,13.61466667,13.61466667,17/04/2024 2:00
2024,4,17,3,12.743,12.743,17/04/2024 3:00
2024,4,17,4,12.82633333,12.85766667,17/04/2024 4:00
2024,4,17,5,12.383,12.383,17/04/2024 5:00
2024,4,17,6,13.241,13.48066667,17/04/2024 6:00
2024,4,17,7,14.96733333,16.59533333,17/04/2024 7:00
2024,4,17,8,24.72133333,29.48266667,17/04/2024 8:00
2024,4,17,9,22.12166667,24.31466667,17/04/2024 9:00
2024,4,17,10,10.32866667,10.32866667,17/04/2024 10:00
2024,4,17,11,5.493666667,5.493666667,17/04/2024 11:00
2024,4,17,12,4.526666667,4.510333333,17/04/2024 12:00
2024,4,17,13,3.889666667,3.871333333,17/04/2024 13:00
2024,4,17,14,3.205,3.144666667,17/04/2024 14:00
2024,4,17,15,2.753333333,2.682666667,17/04/2024 15:00
2024,4,17,16,2.652333333,2.577666667,17/04/2024 16:00
2024,4,17,17,2.45,2.368666667,17/04/2024 17:00
2024,4,17,18,2.928333333,2.921666667,17/04/2024 18:00
2024,4,17,19,5.167333333,5.167333333,17/04/2024 19:00
2024,4,17,20,10.906,10.906,17/04/2024 20:00
2024,4,17,21,25.76633333,26.80666667,17/04/2024 21:00
2024,4,17,22,40.90966667,41.5,17/04/2024 22:00
2024,4,17,23,30.66766667,31.10966667,17/04/2024 23:00
2024,4,17,24,21.80666667,21.86166667,18/04/2024 0:00
2024,4,18,1,17.35866667,17.35866667,18/04/2024 1:00
2024,4,18,2,13.61466667,13.61466667,18/04/2024 2:00
2024,4,18,3,12.743,12.743,18/04/2024 3:00
2024,4,18,4,12.82633333,12.85766667,18/04/2024 4:00
2024,4,18,5,12.383,12.383,18/04/2024 5:00
2024,4,18,6,13.241,13.48066667,18/04/2024 6:00
2024,4,18,7,14.96733333,16.59533333,18/04/2024 7:00
2024,4,18,8,24.72133333,29.48266667,18/04/2024 8:00
2024,4,18,9,22.12166667,24.31466667,18/04/2024 9:00
2024,4,18,10,10.32866667,10.32866667,18/04/2024 10:00
2024,4,18,11,5.493666667,5.493666667,18/04/2024 11:00
2024,4,18,12,4.526666667,4.510333333,18/04/2024 12:00
2024,4,18,13,3.889666667,3.871333333,18/04/2024 13:00
2024,4,18,14,3.205,3.144666667,18/04/2024 14:00
2024,4,18,15,2.753333333,2.682666667,18/04/2024 15:00
2024,4,18,16,2.652333333,2.577666667,18/04/2024 16:00
2024,4,18,17,2.45,2.368666667,18/04/2024 17:00
2024,4,18,18,2.928333333,2.921666667,18/04/2024 18:00
2024,4,18,19,5.167333333,5.167333333,18/04/2024 19:00
2024,4,18,20,10.906,10.906,18/04/2024 20:00
2024,4,18,21,25.76633333,26.80666667,18/04/2024 21:00
2024,4,18,22,40.90966667,41.5,18/04/2024 22:00
2024,4,18,23,30.66766667,31.10966667,18/04/2024 23:00
2024,4,18,24,21.80666667,21.86166667,19/04/2024 0:00
2024,4,19,1,17.35866667,17.35866667,19/04/2024 1:00
2024,4,19,2,13.61466667,13.61466667,19/04/2024 2:00
2024,4,19,3,12.743,12.743,19/04/2024 3:00
2024,4,19,4,12.82633333,12.85766667,19/04/2024 4:00
2024,4,19,5,12.383,12.383,19/04/2024 5:00
2024,4,19,6,13.241,13.48066667,19/04/2024 6:00
2024,4,19,7,14.96733333,16.59533333,19/04/2024 7:00
2024,4,19,8,24.72133333,29.48266667,19/04/2024 8:00
2024,4,19,9,22.12166667,24.31466667,19/04/2024 9:00
2024,4,19,10,10.32866667,10.32866667,19/04/2024 10:00
2024,4,19,11,5.493666667,5.493666667,19/04/2024 11:00
2024,4,19,12,4.526666667,4.510333333,19/04/2024 12:00
2024,4,19,13,3.889666667,3.871333333,19/04/2024 13:00
2024,4,19,14,3.205,3.144666667,19/04/2024 14:00
2024,4,19,15,2.753333333,2.682666667,19/04/2024 15:00
2024,4,19,16,2.652333333,2.577666667,19/04/2024 16:00
2024,4,19,17,2.45,2.368666667,19/04/2024 17:00
2024,4,19,18,2.928333333,2.921666667,19/04/2024 18:00
2024,4,19,19,5.167333333,5.167333333,19/04/2024 19:00
2024,4,19,20,10.906,10.906,19/04/2024 20:00
2024,4,19,21,25.76633333,26.80666667,19/04/2024 21:00
2024,4,19,22,40.90966667,41.5,19/04/2024 22:00
2024,4,19,23,30.66766667,31.10966667,19/04/2024 23:00
2024,4,19,24,21.80666667,21.86166667,20/04/2024 0:00
2024,4,20,1,17.35866667,17.35866667,20/04/2024 1:00
2024,4,20,2,13.61466667,13.61466667,20/04/2024 2:00
2024,4,20,3,12.743,12.743,20/04/2024 3:00
2024,4,20,4,12.82633333,12.85766667,20/04/2024 4:00
2024,4,20,5,12.383,12.383,20/04/2024 5:00
2024,4,20,6,13.241,13.48066667,20/04/2024 6:00
2024,4,20,7,14.96733333,16.59533333,20/04/2024 7:00
2024,4,20,8,24.72133333,29.48266667,20/04/2024 8:00
2024,4,20,9,22.12166667,24.31466667,20/04/2024 9:00
2024,4,20,10,10.32866667,10.32866667,20/04/2024 10:00
2024,4,20,11,5.493666667,5.493666667,20/04/2024 11:00
2024,4,20,12,4.526666667,4.510333333,20/04/2024 12:00
2024,4,20,13,3.889666667,3.871333333,20/04/2024 13:00
2024,4,20,14,3.205,3.144666667,20/04/2024 14:00
2024,4,20,15,2.753333333,2.682666667,20/04/2024 15:00
2024,4,20,16,2.652333333,2.577666667,20/04/2024 16:00
2024,4,20,17,2.45,2.368666667,20/04/2024 17:00
2024,4,20,18,2.928333333,2.921666667,20/04/2024 18:00
2024,4,20,19,5.167333333,5.167333333,20/04/2024 19:00
2024,4,20,20,10.906,10.906,20/04/2024 20:00
2024,4,20,21,25.76633333,26.80666667,20/04/2024 21:00
2024,4,20,22,40.90966667,41.5,20/04/2024 22:00
2024,4,20,23,30.66766667,31.10966667,20/04/2024 23:00
2024,4,20,24,21.80666667,21.86166667,21/04/2024 0:00
2024,4,21,1,17.35866667,17.35866667,21/04/2024 1:00
2024,4,21,2,13.61466667,13.61466667,21/04/2024 2:00
2024,4,21,3,12.743,12.743,21/04/2024 3:00
2024,4,21,4,12.82633333,12.85766667,21/04/2024 4:00
2024,4,21,5,12.383,12.383,21/04/2024 5:00
2024,4,21,6,13.241,13.48066667,21/04/2024 6:00
2024,4,21,7,14.96733333,16.59533333,21/04/2024 7:00
2024,4,21,8,24.72133333,29.48266667,21/04/2024 8:00
2024,4,21,9,22.12166667,24.31466667,21/04/2024 9:00
2024,4,21,10,10.32866667,10.32866667,21/04/2024 10:00
2024,4,21,11,5.493666667,5.493666667,21/04/2024 11:00
2024,4,21,12,4.526666667,4.510333333,21/04/2024 12:00
2024,4,21,13,3.889666667,3.871333333,21/04/2024 13:00
2024,4,21,14,3.205,3.144666667,21/04/2024 14:00
2024,4,21,15,2.753333333,2.682666667,21/04/2024 15:00
2024,4,21,16,2.652333333,2.577666667,21/04/2024 16:00
2024,4,21,17,2.45,2.368666667,21/04/2024 17:00
2024,4,21,18,2.928333333,2.921666667,21/04/2024 18:00
2024,4,21,19,5.167333333,5.167333333,21/04/2024 19:00
2024,4,21,20,10.906,10.906,21/04/2024 20:00
2024,4,21,21,25.76633333,26.80666667,21/04/2024 21:00
2024,4,21,22,40.90966667,41.5,21/04/2024 22:00
2024,4,21,23,30.66766667,31.10966667,21/04/2024 23:00
2024,4,21,24,21.80666667,21.86166667,22/04/2024 0:00
2024,4,22,1,17.35866667,17.35866667,22/04/2024 1:00
2024,4,22,2,13.61466667,13.61466667,22/04/2024 2:00
2024,4,22,3,12.743,12.743,22/04/2024 3:00
2024,4,22,4,12.82633333,12.85766667,22/04/2024 4:00
2024,4,22,5,12.383,12.383,22/04/2024 5:00
2024,4,22,6,13.241,13.48066667,22/04/2024 6:00
2024,4,22,7,14.96733333,16.59533333,22/04/2024 7:00
2024,4,22,8,24.72133333,29.48266667,22/04/2024 8:00
2024,4,22,9,22.12166667,24.31466667,22/04/2024 9:00
2024,4,22,10,10.32866667,10.32866667,22/04/2024 10:00
2024,4,22,11,5.493666667,5.493666667,22/04/2024 11:00
2024,4,22,12,4.526666667,4.510333333,22/04/2024 12:00
2024,4,22,13,3.889666667,3.871333333,22/04/2024 13:00
2024,4,22,14,3.205,3.144666667,22/04/2024 14:00
2024,4,22,15,2.753333333,2.682666667,22/04/2024 15:00
2024,4,22,16,2.652333333,2.577666667,22/04/2024 16:00
2024,4,22,17,2.45,2.368666667,22/04/2024 17:00
2024,4,22,18,2.928333333,2.921666667,22/04/2024 18:00
2024,4,22,19,5.167333333,5.167333333,22/04/2024 19:00
2024,4,22,20,10.906,10.906,22/04/2024 20:00
2024,4,22,21,25.76633333,26.80666667,22/04/2024 21:00
2024,4,22,22,40.90966667,41.5,22/04/2024 22:00
2024,4,22,23,30.66766667,31.10966667,22/04/2024 23:00
2024,4,22,24,21.80666667,21.86166667,23/04/2024 0:00
2024,4,23,1,17.35866667,17.35866667,23/04/2024 1:00
2024,4,23,2,13.61466667,13.61466667,23/04/2024 2:00
2024,4,23,3,12.743,12.743,23/04/2024 3:00
2024,4,23,4,12.82633333,12.85766667,23/04/2024 4:00
2024,4,23,5,12.383,12.383,23/04/2024 5:00
2024,4,23,6,13.241,13.48066667,23/04/2024 6:00
2024,4,23,7,14.96733333,16.59533333,23/04/2024 7:00
2024,4,23,8,24.72133333,29.48266667,23/04/2024 8:00
2024,4,23,9,22.12166667,24.31466667,23/04/2024 9:00
2024,4,23,10,10.32866667,10.32866667,23/04/2024 10:00
2024,4,23,11,5.493666667,5.493666667,23/04/2024 11:00
2024,4,23,12,4.526666667,4.510333333,23/04/2024 12:00
2024,4,23,13,3.889666667,3.871333333,23/04/2024 13:00
2024,4,23,14,3.205,3.144666667,23/04/2024 14:00
2024,4,23,15,2.753333333,2.682666667,23/04/2024 15:00
2024,4,23,16,2.652333333,2.577666667,23/04/2024 16:00
2024,4,23,17,2.45,2.368666667,23/04/2024 17:00
2024,4,23,18,2.928333333,2.921666667,23/04/2024 18:00
2024,4,23,19,5.167333333,5.167333333,23/04/2024 19:00
2024,4,23,20,10.906,10.906,23/04/2024 20:00
2024,4,23,21,25.76633333,26.80666667,23/04/2024 21:00
2024,4,23,22,40.90966667,41.5,23/04/2024 22:00
2024,4,23,23,30.66766667,31.10966667,23/04/2024 23:00
2024,4,23,24,21.80666667,21.86166667,24/04/2024 0:00
2024,4,24,1,17.35866667,17.35866667,24/04/2024 1:00
2024,4,24,2,13.61466667,13.61466667,24/04/2024 2:00
2024,4,24,3,12.743,12.743,24/04/2024 3:00
2024,4,24,4,12.82633333,12.85766667,24/04/2024 4:00
2024,4,24,5,12.383,12.383,24/04/2024 5:00
2024,4,24,6,13.241,13.48066667,24/04/2024 6:00
2024,4,24,7,14.96733333,16.59533333,24/04/2024 7:00
2024,4,24,8,24.72133333,29.48266667,24/04/2024 8:00
2024,4,24,9,22.12166667,24.31466667,24/04/2024 9:00
2024,4,24,10,10.32866667,10.32866667,24/04/2024 10:00
2024,4,24,11,5.493666667,5.493666667,24/04/2024 11:00
2024,4,24,12,4.526666667,4.510333333,24/04/2024 12:00
2024,4,24,13,3.889666667,3.871333333,24/04/2024 13:00
2024,4,24,14,3.205,3.144666667,24/04/2024 14:00
2024,4,24,15,2.753333333,2.682666667,24/04/2024 15:00
2024,4,24,16,2.652333333,2.577666667,24/04/2024 16:00
2024,4,24,17,2.45,2.368666667,24/04/2024 17:00
2024,4,24,18,2.928333333,2.921666667,24/04/2024 18:00
2024,4,24,19,5.167333333,5.167333333,24/04/2024 19:00
2024,4,24,20,10.906,10.906,24/04/2024 20:00
2024,4,24,21,25.76633333,26.80666667,24/04/2024 21:00
2024,4,24,22,40.90966667,41.5,24/04/2024 22:00
2024,4,24,23,30.66766667,31.10966667,24/04/2024 23:00
2024,4,24,24,21.80666667,21.86166667,25/04/2024 0:00
2024,4,25,1,17.35866667,17.35866667,25/04/2024 1:00
2024,4,25,2,13.61466667,13.61466667,25/04/2024 2:00
2024,4,25,3,12.743,12.743,25/04/2024 3:00
2024,4,25,4,12.82633333,12.85766667,25/04/2024 4:00
2024,4,25,5,12.383,12.383,25/04/2024 5:00
2024,4,25,6,13.241,13.48066667,25/04/2024 6:00
2024,4,25,7,14.96733333,16.59533333,25/04/2024 7:00
2024,4,25,8,24.72133333,29.48266667,25/04/2024 8:00
2024,4,25,9,22.12166667,24.31466667,25/04/2024 9:00
2024,4,25,10,10.32866667,10.32866667,25/04/2024 10:00
2024,4,25,11,5.493666667,5.493666667,25/04/2024 11:00
2024,4,25,12,4.526666667,4.510333333,25/04/2024 12:00
2024,4,25,13,3.889666667,3.871333333,25/04/2024 13:00
2024,4,25,14,3.205,3.144666667,25/04/2024 14:00
2024,4,25,15,2.753333333,2.682666667,25/04/2024 15:00
2024,4,25,16,2.652333333,2.577666667,25/04/2024 16:00
2024,4,25,17,2.45,2.368666667,25/04/2024 17:00
2024,4,25,18,2.928333333,2.921666667,25/04/2024 18:00
2024,4,25,19,5.167333333,5.167333333,25/04/2024 19:00
2024,4,25,20,10.906,10.906,25/04/2024 20:00
2024,4,25,21,25.76633333,26.80666667,25/04/2024 21:00
2024,4,25,22,40.90966667,41.5,25/04/2024 22:00
2024,4,25,23,30.66766667,31.10966667,25/04/2024 23:00
2024,4,25,24,21.80666667,21.86166667,26/04/2024 0:00
2024,4,26,1,17.35866667,17.35866667,26/04/2024 1:00
2024,4,26,2,13.61466667,13.61466667,26/04/2024 2:00
2024,4,26,3,12.743,12.743,26/04/2024 3:00
2024,4,26,4,12.82633333,12.85766667,26/04/2024 4:00
2024,4,26,5,12.383,12.383,26/04/2024 5:00
2024,4,26,6,13.241,13.48066667,26/04/2024 6:00
2024,4,26,7,14.96733333,16.59533333,26/04/2024 7:00
2024,4,26,8,24.72133333,29.48266667,26/04/2024 8:00
2024,4,26,9,22.12166667,24.31466667,26/04/2024 9:00
2024,4,26,10,10.32866667,10.32866667,26/04/2024 10:00
2024,4,26,11,5.493666667,5.493666667,26/04/2024 11:00
2024,4,26,12,4.526666667,4.510333333,26/04/2024 12:00
2024,4,26,13,3.889666667,3.871333333,26/04/2024 13:00
2024,4,26,14,3.205,3.144666667,26/04/2024 14:00
2024,4,26,15,2.753333333,2.682666667,26/04/2024 15:00
2024,4,26,16,2.652333333,2.577666667,26/04/2024 16:00
2024,4,26,17,2.45,2.368666667,26/04/2024 17:00
2024,4,26,18,2.928333333,2.921666667,26/04/2024 18:00
2024,4,26,19,5.167333333,5.167333333,26/04/2024 19:00
2024,4,26,20,10.906,10.906,26/04/2024 20:00
2024,4,26,21,25.76633333,26.80666667,26/04/2024 21:00
2024,4,26,22,40.90966667,41.5,26/04/2024 22:00
2024,4,26,23,30.66766667,31.10966667,26/04/2024 23:00
2024,4,26,24,21.80666667,21.86166667,27/04/2024 0:00
2024,4,27,1,17.35866667,17.35866667,27/04/2024 1:00
2024,4,27,2,13.61466667,13.61466667,27/04/2024 2:00
2024,4,27,3,12.743,12.743,27/04/2024 3:00
2024,4,27,4,12.82633333,12.85766667,27/04/2024 4:00
2024,4,27,5,12.383,12.383,27/04/2024 5:00
2024,4,27,6,13.241,13.48066667,27/04/2024 6:00
2024,4,27,7,14.96733333,16.59533333,27/04/2024 7:00
2024,4,27,8,24.72133333,29.48266667,27/04/2024 8:00
2024,4,27,9,22.12166667,24.31466667,27/04/2024 9:00
2024,4,27,10,10.32866667,10.32866667,27/04/2024 10:00
2024,4,27,11,5.493666667,5.493666667,27/04/2024 11:00
2024,4,27,12,4.526666667,4.510333333,27/04/2024 12:00
2024,4,27,13,3.889666667,3.871333333,27/04/2024 13:00
2024,4,27,14,3.205,3.144666667,27/04/2024 14:00
2024,4,27,15,2.753333333,2.682666667,27/04/2024 15:00
2024,4,27,16,2.652333333,2.577666667,27/04/2024 16:00
2024,4,27,17,2.45,2.368666667,27/04/2024 17:00
2024,4,27,18,2.928333333,2.921666667,27/04/2024 18:00
2024,4,27,19,5.167333333,5.167333333,27/04/2024 19:00
2024,4,27,20,10.906,10.906,27/04/2024 20:00
2024,4,27,21,25.76633333,26.80666667,27/04/2024 21:00
2024,4,27,22,40.90966667,41.5,27/04/2024 22:00
2024,4,27,23,30.66766667,31.10966667,27/04/2024 23:00
2024,4,27,24,21.80666667,21.86166667,28/04/2024 0:00
2024,4,28,1,17.35866667,17.35866667,28/04/2024 1:00
2024,4,28,2,13.61466667,13.61466667,28/04/2024 2:00
2024,4,28,3,12.743,12.743,28/04/2024 3:00
2024,4,28,4,12.82633333,12.85766667,28/04/2024 4:00
2024,4,28,5,12.383,12.383,28/04/2024 5:00
2024,4,28,6,13.241,13.48066667,28/04/2024 6:00
2024,4,28,7,14.96733333,16.59533333,28/04/2024 7:00
2024,4,28,8,24.72133333,29.48266667,28/04/2024 8:00
2024,4,28,9,22.12166667,24.31466667,28/04/2024 9:00
2024,4,28,10,10.32866667,10.32866667,28/04/2024 10:00
2024,4,28,11,5.493666667,5.493666667,28/04/2024 11:00
2024,4,28,12,4.526666667,4.510333333,28/04/2024 12:00
2024,4,28,13,3.889666667,3.871333333,28/04/2024 13:00
2024,4,28,14,3.205,3.144666667,28/04/2024 14:00
2024,4,28,15,2.753333333,2.682666667,28/04/2024 15:00
2024,4,28,16,2.652333333,2.577666667,28/04/2024 16:00
2024,4,28,17,2.45,2.368666667,28/04/2024 17:00
2024,4,28,18,2.928333333,2.921666667,28/04/2024 18:00
2024,4,28,19,5.167333333,5.167333333,28/04/2024 19:00
2024,4,28,20,10.906,10.906,28/04/2024 20:00
2024,4,28,21,25.76633333,26.80666667,28/04/2024 21:00
2024,4,28,22,40.90966667,41.5,28/04/2024 22:00
2024,4,28,23,30.66766667,31.10966667,28/04/2024 23:00
2024,4,28,24,21.80666667,21.86166667,29/04/2024 0:00
2024,4,29,1,17.35866667,17.35866667,29/04/2024 1:00
2024,4,29,2,13.61466667,13.61466667,29/04/2024 2:00
2024,4,29,3,12.743,12.743,29/04/2024 3:00
2024,4,29,4,12.82633333,12.85766667,29/04/2024 4:00
2024,4,29,5,12.383,12.383,29/04/2024 5:00
2024,4,29,6,13.241,13.48066667,29/04/2024 6:00
2024,4,29,7,14.96733333,16.59533333,29/04/2024 7:00
2024,4,29,8,24.72133333,29.48266667,29/04/2024 8:00
2024,4,29,9,22.12166667,24.31466667,29/04/2024 9:00
2024,4,29,10,10.32866667,10.32866667,29/04/2024 10:00
2024,4,29,11,5.493666667,5.493666667,29/04/2024 11:00
2024,4,29,12,4.526666667,4.510333333,29/04/2024 12:00
2024,4,29,13,3.889666667,3.871333333,29/04/2024 13:00
2024,4,29,14,3.205,3.144666667,29/04/2024 14:00
2024,4,29,15,2.753333333,2.682666667,29/04/2024 15:00
2024,4,29,16,2.652333333,2.577666667,29/04/2024 16:00
2024,4,29,17,2.45,2.368666667,29/04/2024 17:00
2024,4,29,18,2.928333333,2.921666667,29/04/2024 18:00
2024,4,29,19,5.167333333,5.167333333,29/04/2024 19:00
2024,4,29,20,10.906,10.906,29/04/2024 20:00
2024,4,29,21,25.76633333,26.80666667,29/04/2024 21:00
2024,4,29,22,40.90966667,41.5,29/04/2024 22:00
2024,4,29,23,30.66766667,31.10966667,29/04/2024 23:00
2024,4,29,24,21.80666667,21.86166667,30/04/2024 0:00
2024,4,30,1,17.35866667,17.35866667,30/04/2024 1:00
2024,4,30,2,13.61466667,13.61466667,30/04/2024 2:00
2024,4,30,3,12.743,12.743,30/04/2024 3:00
2024,4,30,4,12.82633333,12.85766667,30/04/2024 4:00
2024,4,30,5,12.383,12.383,30/04/2024 5:00
2024,4,30,6,13.241,13.48066667,30/04/2024 6:00
2024,4,30,7,14.96733333,16.59533333,30/04/2024 7:00
2024,4,30,8,24.72133333,29.48266667,30/04/2024 8:00
2024,4,30,9,22.12166667,24.31466667,30/04/2024 9:00
2024,4,30,10,10.32866667,10.32866667,30/04/2024 10:00
2024,4,30,11,5.493666667,5.493666667,30/04/2024 11:00
2024,4,30,12,4.526666667,4.510333333,30/04/2024 12:00
2024,4,30,13,3.889666667,3.871333333,30/04/2024 13:00
2024,4,30,14,3.205,3.144666667,30/04/2024 14:00
2024,4,30,15,2.753333333,2.682666667,30/04/2024 15:00
2024,4,30,16,2.652333333,2.577666667,30/04/2024 16:00
2024,4,30,17,2.45,2.368666667,30/04/2024 17:00
2024,4,30,18,2.928333333,2.921666667,30/04/2024 18:00
2024,4,30,19,5.167333333,5.167333333,30/04/2024 19:00
2024,4,30,20,10.906,10.906,30/04/2024 20:00
2024,4,30,21,25.76633333,26.80666667,30/04/2024 21:00
2024,4,30,22,40.90966667,41.5,30/04/2024 22:00
2024,4,30,23,30.66766667,31.10966667,30/04/2024 23:00
2024,4,30,24,21.80666667,21.86166667,01/05/2024 0:00
2024,5,1,1,48.42483871,48.42483871,01/05/2024 1:00
2024,5,1,2,44.01516129,44.01516129,01/05/2024 2:00
2024,5,1,3,40.27903226,40.27903226,01/05/2024 3:00
2024,5,1,4,39.32258065,39.32258065,01/05/2024 4:00
2024,5,1,5,38.63225806,38.63225806,01/05/2024 5:00
2024,5,1,6,40.24064516,40.24064516,01/05/2024 6:00
2024,5,1,7,44.34096774,44.34096774,01/05/2024 7:00
2024,5,1,8,51.48806452,51.48806452,01/05/2024 8:00
2024,5,1,9,41.08548387,41.08548387,01/05/2024 9:00
2024,5,1,10,25.75580645,25.75580645,01/05/2024 10:00
2024,5,1,11,15.33870968,15.30645161,01/05/2024 11:00
2024,5,1,12,11.5983871,9.599032258,01/05/2024 12:00
2024,5,1,13,10.10322581,8.356129032,01/05/2024 13:00
2024,5,1,14,7.653870968,6.121935484,01/05/2024 14:00
2024,5,1,15,6.423870968,5.078387097,01/05/2024 15:00
2024,5,1,16,4.387741935,3.883548387,01/05/2024 16:00
2024,5,1,17,4.294193548,3.787419355,01/05/2024 17:00
2024,5,1,18,6.751612903,6.388709677,01/05/2024 18:00
2024,5,1,19,12.1316129,12.0616129,01/05/2024 19:00
2024,5,1,20,25.93645161,25.93645161,01/05/2024 20:00
2024,5,1,21,44.2216129,44.2216129,01/05/2024 21:00
2024,5,1,22,63.9383871,63.9383871,01/05/2024 22:00
2024,5,1,23,59.87290323,59.87290323,01/05/2024 23:00
2024,5,1,24,51.42903226,51.42903226,02/05/2024 0:00
2024,5,2,1,48.42483871,48.42483871,02/05/2024 1:00
2024,5,2,2,44.01516129,44.01516129,02/05/2024 2:00
2024,5,2,3,40.27903226,40.27903226,02/05/2024 3:00
2024,5,2,4,39.32258065,39.32258065,02/05/2024 4:00
2024,5,2,5,38.63225806,38.63225806,02/05/2024 5:00
2024,5,2,6,40.24064516,40.24064516,02/05/2024 6:00
2024,5,2,7,44.34096774,44.34096774,02/05/2024 7:00
2024,5,2,8,51.48806452,51.48806452,02/05/2024 8:00
2024,5,2,9,41.08548387,41.08548387,02/05/2024 9:00
2024,5,2,10,25.75580645,25.75580645,02/05/2024 10:00
2024,5,2,11,15.33870968,15.30645161,02/05/2024 11:00
2024,5,2,12,11.5983871,9.599032258,02/05/2024 12:00
2024,5,2,13,10.10322581,8.356129032,02/05/2024 13:00
2024,5,2,14,7.653870968,6.121935484,02/05/2024 14:00
2024,5,2,15,6.423870968,5.078387097,02/05/2024 15:00
2024,5,2,16,4.387741935,3.883548387,02/05/2024 16:00
2024,5,2,17,4.294193548,3.787419355,02/05/2024 17:00
2024,5,2,18,6.751612903,6.388709677,02/05/2024 18:00
2024,5,2,19,12.1316129,12.0616129,02/05/2024 19:00
2024,5,2,20,25.93645161,25.93645161,02/05/2024 20:00
2024,5,2,21,44.2216129,44.2216129,02/05/2024 21:00
2024,5,2,22,63.9383871,63.9383871,02/05/2024 22:00
2024,5,2,23,59.87290323,59.87290323,02/05/2024 23:00
2024,5,2,24,51.42903226,51.42903226,03/05/2024 0:00
2024,5,3,1,48.42483871,48.42483871,03/05/2024 1:00
2024,5,3,2,44.01516129,44.01516129,03/05/2024 2:00
2024,5,3,3,40.27903226,40.27903226,03/05/2024 3:00
2024,5,3,4,39.32258065,39.32258065,03/05/2024 4:00
2024,5,3,5,38.63225806,38.63225806,03/05/2024 5:00
2024,5,3,6,40.24064516,40.24064516,03/05/2024 6:00
2024,5,3,7,44.34096774,44.34096774,03/05/2024 7:00
2024,5,3,8,51.48806452,51.48806452,03/05/2024 8:00
2024,5,3,9,41.08548387,41.08548387,03/05/2024 9:00
2024,5,3,10,25.75580645,25.75580645,03/05/2024 10:00
2024,5,3,11,15.33870968,15.30645161,03/05/2024 11:00
2024,5,3,12,11.5983871,9.599032258,03/05/2024 12:00
2024,5,3,13,10.10322581,8.356129032,03/05/2024 13:00
2024,5,3,14,7.653870968,6.121935484,03/05/2024 14:00
2024,5,3,15,6.423870968,5.078387097,03/05/2024 15:00
2024,5,3,16,4.387741935,3.883548387,03/05/2024 16:00
2024,5,3,17,4.294193548,3.787419355,03/05/2024 17:00
2024,5,3,18,6.751612903,6.388709677,03/05/2024 18:00
2024,5,3,19,12.1316129,12.0616129,03/05/2024 19:00
2024,5,3,20,25.93645161,25.93645161,03/05/2024 20:00
2024,5,3,21,44.2216129,44.2216129,03/05/2024 21:00
2024,5,3,22,63.9383871,63.9383871,03/05/2024 22:00
2024,5,3,23,59.87290323,59.87290323,03/05/2024 23:00
2024,5,3,24,51.42903226,51.42903226,04/05/2024 0:00
2024,5,4,1,48.42483871,48.42483871,04/05/2024 1:00
2024,5,4,2,44.01516129,44.01516129,04/05/2024 2:00
2024,5,4,3,40.27903226,40.27903226,04/05/2024 3:00
2024,5,4,4,39.32258065,39.32258065,04/05/2024 4:00
2024,5,4,5,38.63225806,38.63225806,04/05/2024 5:00
2024,5,4,6,40.24064516,40.24064516,04/05/2024 6:00
2024,5,4,7,44.34096774,44.34096774,04/05/2024 7:00
2024,5,4,8,51.48806452,51.48806452,04/05/2024 8:00
2024,5,4,9,41.08548387,41.08548387,04/05/2024 9:00
2024,5,4,10,25.75580645,25.75580645,04/05/2024 10:00
2024,5,4,11,15.33870968,15.30645161,04/05/2024 11:00
2024,5,4,12,11.5983871,9.599032258,04/05/2024 12:00
2024,5,4,13,10.10322581,8.356129032,04/05/2024 13:00
2024,5,4,14,7.653870968,6.121935484,04/05/2024 14:00
2024,5,4,15,6.423870968,5.078387097,04/05/2024 15:00
2024,5,4,16,4.387741935,3.883548387,04/05/2024 16:00
2024,5,4,17,4.294193548,3.787419355,04/05/2024 17:00
2024,5,4,18,6.751612903,6.388709677,04/05/2024 18:00
2024,5,4,19,12.1316129,12.0616129,04/05/2024 19:00
2024,5,4,20,25.93645161,25.93645161,04/05/2024 20:00
2024,5,4,21,44.2216129,44.2216129,04/05/2024 21:00
2024,5,4,22,63.9383871,63.9383871,04/05/2024 22:00
2024,5,4,23,59.87290323,59.87290323,04/05/2024 23:00
2024,5,4,24,51.42903226,51.42903226,05/05/2024 0:00
2024,5,5,1,48.42483871,48.42483871,05/05/2024 1:00
2024,5,5,2,44.01516129,44.01516129,05/05/2024 2:00
2024,5,5,3,40.27903226,40.27903226,05/05/2024 3:00
2024,5,5,4,39.32258065,39.32258065,05/05/2024 4:00
2024,5,5,5,38.63225806,38.63225806,05/05/2024 5:00
2024,5,5,6,40.24064516,40.24064516,05/05/2024 6:00
2024,5,5,7,44.34096774,44.34096774,05/05/2024 7:00
2024,5,5,8,51.48806452,51.48806452,05/05/2024 8:00
2024,5,5,9,41.08548387,41.08548387,05/05/2024 9:00
2024,5,5,10,25.75580645,25.75580645,05/05/2024 10:00
2024,5,5,11,15.33870968,15.30645161,05/05/2024 11:00
2024,5,5,12,11.5983871,9.599032258,05/05/2024 12:00
2024,5,5,13,10.10322581,8.356129032,05/05/2024 13:00
2024,5,5,14,7.653870968,6.121935484,05/05/2024 14:00
2024,5,5,15,6.423870968,5.078387097,05/05/2024 15:00
2024,5,5,16,4.387741935,3.883548387,05/05/2024 16:00
2024,5,5,17,4.294193548,3.787419355,05/05/2024 17:00
2024,5,5,18,6.751612903,6.388709677,05/05/2024 18:00
2024,5,5,19,12.1316129,12.0616129,05/05/2024 19:00
2024,5,5,20,25.93645161,25.93645161,05/05/2024 20:00
2024,5,5,21,44.2216129,44.2216129,05/05/2024 21:00
2024,5,5,22,63.9383871,63.9383871,05/05/2024 22:00
2024,5,5,23,59.87290323,59.87290323,05/05/2024 23:00
2024,5,5,24,51.42903226,51.42903226,06/05/2024 0:00
2024,5,6,1,48.42483871,48.42483871,06/05/2024 1:00
2024,5,6,2,44.01516129,44.01516129,06/05/2024 2:00
2024,5,6,3,40.27903226,40.27903226,06/05/2024 3:00
2024,5,6,4,39.32258065,39.32258065,06/05/2024 4:00
2024,5,6,5,38.63225806,38.63225806,06/05/2024 5:00
2024,5,6,6,40.24064516,40.24064516,06/05/2024 6:00
2024,5,6,7,44.34096774,44.34096774,06/05/2024 7:00
2024,5,6,8,51.48806452,51.48806452,06/05/2024 8:00
2024,5,6,9,41.08548387,41.08548387,06/05/2024 9:00
2024,5,6,10,25.75580645,25.75580645,06/05/2024 10:00
2024,5,6,11,15.33870968,15.30645161,06/05/2024 11:00
2024,5,6,12,11.5983871,9.599032258,06/05/2024 12:00
2024,5,6,13,10.10322581,8.356129032,06/05/2024 13:00
2024,5,6,14,7.653870968,6.121935484,06/05/2024 14:00
2024,5,6,15,6.423870968,5.078387097,06/05/2024 15:00
2024,5,6,16,4.387741935,3.883548387,06/05/2024 16:00
2024,5,6,17,4.294193548,3.787419355,06/05/2024 17:00
2024,5,6,18,6.751612903,6.388709677,06/05/2024 18:00
2024,5,6,19,12.1316129,12.0616129,06/05/2024 19:00
2024,5,6,20,25.93645161,25.93645161,06/05/2024 20:00
2024,5,6,21,44.2216129,44.2216129,06/05/2024 21:00
2024,5,6,22,63.9383871,63.9383871,06/05/2024 22:00
2024,5,6,23,59.87290323,59.87290323,06/05/2024 23:00
2024,5,6,24,51.42903226,51.42903226,07/05/2024 0:00
2024,5,7,1,48.42483871,48.42483871,07/05/2024 1:00
2024,5,7,2,44.01516129,44.01516129,07/05/2024 2:00
2024,5,7,3,40.27903226,40.27903226,07/05/2024 3:00
2024,5,7,4,39.32258065,39.32258065,07/05/2024 4:00
2024,5,7,5,38.63225806,38.63225806,07/05/2024 5:00
2024,5,7,6,40.24064516,40.24064516,07/05/2024 6:00
2024,5,7,7,44.34096774,44.34096774,07/05/2024 7:00
2024,5,7,8,51.48806452,51.48806452,07/05/2024 8:00
2024,5,7,9,41.08548387,41.08548387,07/05/2024 9:00
2024,5,7,10,25.75580645,25.75580645,07/05/2024 10:00
2024,5,7,11,15.33870968,15.30645161,07/05/2024 11:00
2024,5,7,12,11.5983871,9.599032258,07/05/2024 12:00
2024,5,7,13,10.10322581,8.356129032,07/05/2024 13:00
2024,5,7,14,7.653870968,6.121935484,07/05/2024 14:00
2024,5,7,15,6.423870968,5.078387097,07/05/2024 15:00
2024,5,7,16,4.387741935,3.883548387,07/05/2024 16:00
2024,5,7,17,4.294193548,3.787419355,07/05/2024 17:00
2024,5,7,18,6.751612903,6.388709677,07/05/2024 18:00
2024,5,7,19,12.1316129,12.0616129,07/05/2024 19:00
2024,5,7,20,25.93645161,25.93645161,07/05/2024 20:00
2024,5,7,21,44.2216129,44.2216129,07/05/2024 21:00
2024,5,7,22,63.9383871,63.9383871,07/05/2024 22:00
2024,5,7,23,59.87290323,59.87290323,07/05/2024 23:00
2024,5,7,24,51.42903226,51.42903226,08/05/2024 0:00
2024,5,8,1,48.42483871,48.42483871,08/05/2024 1:00
2024,5,8,2,44.01516129,44.01516129,08/05/2024 2:00
2024,5,8,3,40.27903226,40.27903226,08/05/2024 3:00
2024,5,8,4,39.32258065,39.32258065,08/05/2024 4:00
2024,5,8,5,38.63225806,38.63225806,08/05/2024 5:00
2024,5,8,6,40.24064516,40.24064516,08/05/2024 6:00
2024,5,8,7,44.34096774,44.34096774,08/05/2024 7:00
2024,5,8,8,51.48806452,51.48806452,08/05/2024 8:00
2024,5,8,9,41.08548387,41.08548387,08/05/2024 9:00
2024,5,8,10,25.75580645,25.75580645,08/05/2024 10:00
2024,5,8,11,15.33870968,15.30645161,08/05/2024 11:00
2024,5,8,12,11.5983871,9.599032258,08/05/2024 12:00
2024,5,8,13,10.10322581,8.356129032,08/05/2024 13:00
2024,5,8,14,7.653870968,6.121935484,08/05/2024 14:00
2024,5,8,15,6.423870968,5.078387097,08/05/2024 15:00
2024,5,8,16,4.387741935,3.883548387,08/05/2024 16:00
2024,5,8,17,4.294193548,3.787419355,08/05/2024 17:00
2024,5,8,18,6.751612903,6.388709677,08/05/2024 18:00
2024,5,8,19,12.1316129,12.0616129,08/05/2024 19:00
2024,5,8,20,25.93645161,25.93645161,08/05/2024 20:00
2024,5,8,21,44.2216129,44.2216129,08/05/2024 21:00
2024,5,8,22,63.9383871,63.9383871,08/05/2024 22:00
2024,5,8,23,59.87290323,59.87290323,08/05/2024 23:00
2024,5,8,24,51.42903226,51.42903226,09/05/2024 0:00
2024,5,9,1,48.42483871,48.42483871,09/05/2024 1:00
2024,5,9,2,44.01516129,44.01516129,09/05/2024 2:00
2024,5,9,3,40.27903226,40.27903226,09/05/2024 3:00
2024,5,9,4,39.32258065,39.32258065,09/05/2024 4:00
2024,5,9,5,38.63225806,38.63225806,09/05/2024 5:00
2024,5,9,6,40.24064516,40.24064516,09/05/2024 6:00
2024,5,9,7,44.34096774,44.34096774,09/05/2024 7:00
2024,5,9,8,51.48806452,51.48806452,09/05/2024 8:00
2024,5,9,9,41.08548387,41.08548387,09/05/2024 9:00
2024,5,9,10,25.75580645,25.75580645,09/05/2024 10:00
2024,5,9,11,15.33870968,15.30645161,09/05/2024 11:00
2024,5,9,12,11.5983871,9.599032258,09/05/2024 12:00
2024,5,9,13,10.10322581,8.356129032,09/05/2024 13:00
2024,5,9,14,7.653870968,6.121935484,09/05/2024 14:00
2024,5,9,15,6.423870968,5.078387097,09/05/2024 15:00
2024,5,9,16,4.387741935,3.883548387,09/05/2024 16:00
2024,5,9,17,4.294193548,3.787419355,09/05/2024 17:00
2024,5,9,18,6.751612903,6.388709677,09/05/2024 18:00
2024,5,9,19,12.1316129,12.0616129,09/05/2024 19:00
2024,5,9,20,25.93645161,25.93645161,09/05/2024 20:00
2024,5,9,21,44.2216129,44.2216129,09/05/2024 21:00
2024,5,9,22,63.9383871,63.9383871,09/05/2024 22:00
2024,5,9,23,59.87290323,59.87290323,09/05/2024 23:00
2024,5,9,24,51.42903226,51.42903226,10/05/2024 0:00
2024,5,10,1,48.42483871,48.42483871,10/05/2024 1:00
2024,5,10,2,44.01516129,44.01516129,10/05/2024 2:00
2024,5,10,3,40.27903226,40.27903226,10/05/2024 3:00
2024,5,10,4,39.32258065,39.32258065,10/05/2024 4:00
2024,5,10,5,38.63225806,38.63225806,10/05/2024 5:00
2024,5,10,6,40.24064516,40.24064516,10/05/2024 6:00
2024,5,10,7,44.34096774,44.34096774,10/05/2024 7:00
2024,5,10,8,51.48806452,51.48806452,10/05/2024 8:00
2024,5,10,9,41.08548387,41.08548387,10/05/2024 9:00
2024,5,10,10,25.75580645,25.75580645,10/05/2024 10:00
2024,5,10,11,15.33870968,15.30645161,10/05/2024 11:00
2024,5,10,12,11.5983871,9.599032258,10/05/2024 12:00
2024,5,10,13,10.10322581,8.356129032,10/05/2024 13:00
2024,5,10,14,7.653870968,6.121935484,10/05/2024 14:00
2024,5,10,15,6.423870968,5.078387097,10/05/2024 15:00
2024,5,10,16,4.387741935,3.883548387,10/05/2024 16:00
2024,5,10,17,4.294193548,3.787419355,10/05/2024 17:00
2024,5,10,18,6.751612903,6.388709677,10/05/2024 18:00
2024,5,10,19,12.1316129,12.0616129,10/05/2024 19:00
2024,5,10,20,25.93645161,25.93645161,10/05/2024 20:00
2024,5,10,21,44.2216129,44.2216129,10/05/2024 21:00
2024,5,10,22,63.9383871,63.9383871,10/05/2024 22:00
2024,5,10,23,59.87290323,59.87290323,10/05/2024 23:00
2024,5,10,24,51.42903226,51.42903226,11/05/2024 0:00
2024,5,11,1,48.42483871,48.42483871,11/05/2024 1:00
2024,5,11,2,44.01516129,44.01516129,11/05/2024 2:00
2024,5,11,3,40.27903226,40.27903226,11/05/2024 3:00
2024,5,11,4,39.32258065,39.32258065,11/05/2024 4:00
2024,5,11,5,38.63225806,38.63225806,11/05/2024 5:00
2024,5,11,6,40.24064516,40.24064516,11/05/2024 6:00
2024,5,11,7,44.34096774,44.34096774,11/05/2024 7:00
2024,5,11,8,51.48806452,51.48806452,11/05/2024 8:00
2024,5,11,9,41.08548387,41.08548387,11/05/2024 9:00
2024,5,11,10,25.75580645,25.75580645,11/05/2024 10:00
2024,5,11,11,15.33870968,15.30645161,11/05/2024 11:00
2024,5,11,12,11.5983871,9.599032258,11/05/2024 12:00
2024,5,11,13,10.10322581,8.356129032,11/05/2024 13:00
2024,5,11,14,7.653870968,6.121935484,11/05/2024 14:00
2024,5,11,15,6.423870968,5.078387097,11/05/2024 15:00
2024,5,11,16,4.387741935,3.883548387,11/05/2024 16:00
2024,5,11,17,4.294193548,3.787419355,11/05/2024 17:00
2024,5,11,18,6.751612903,6.388709677,11/05/2024 18:00
2024,5,11,19,12.1316129,12.0616129,11/05/2024 19:00
2024,5,11,20,25.93645161,25.93645161,11/05/2024 20:00
2024,5,11,21,44.2216129,44.2216129,11/05/2024 21:00
2024,5,11,22,63.9383871,63.9383871,11/05/2024 22:00
2024,5,11,23,59.87290323,59.87290323,11/05/2024 23:00
2024,5,11,24,51.42903226,51.42903226,12/05/2024 0:00
2024,5,12,1,48.42483871,48.42483871,12/05/2024 1:00
2024,5,12,2,44.01516129,44.01516129,12/05/2024 2:00
2024,5,12,3,40.27903226,40.27903226,12/05/2024 3:00
2024,5,12,4,39.32258065,39.32258065,12/05/2024 4:00
2024,5,12,5,38.63225806,38.63225806,12/05/2024 5:00
2024,5,12,6,40.24064516,40.24064516,12/05/2024 6:00
2024,5,12,7,44.34096774,44.34096774,12/05/2024 7:00
2024,5,12,8,51.48806452,51.48806452,12/05/2024 8:00
2024,5,12,9,41.08548387,41.08548387,12/05/2024 9:00
2024,5,12,10,25.75580645,25.75580645,12/05/2024 10:00
2024,5,12,11,15.33870968,15.30645161,12/05/2024 11:00
2024,5,12,12,11.5983871,9.599032258,12/05/2024 12:00
2024,5,12,13,10.10322581,8.356129032,12/05/2024 13:00
2024,5,12,14,7.653870968,6.121935484,12/05/2024 14:00
2024,5,12,15,6.423870968,5.078387097,12/05/2024 15:00
2024,5,12,16,4.387741935,3.883548387,12/05/2024 16:00
2024,5,12,17,4.294193548,3.787419355,12/05/2024 17:00
2024,5,12,18,6.751612903,6.388709677,12/05/2024 18:00
2024,5,12,19,12.1316129,12.0616129,12/05/2024 19:00
2024,5,12,20,25.93645161,25.93645161,12/05/2024 20:00
2024,5,12,21,44.2216129,44.2216129,12/05/2024 21:00
2024,5,12,22,63.9383871,63.9383871,12/05/2024 22:00
2024,5,12,23,59.87290323,59.87290323,12/05/2024 23:00
2024,5,12,24,51.42903226,51.42903226,13/05/2024 0:00
2024,5,13,1,48.42483871,48.42483871,13/05/2024 1:00
2024,5,13,2,44.01516129,44.01516129,13/05/2024 2:00
2024,5,13,3,40.27903226,40.27903226,13/05/2024 3:00
2024,5,13,4,39.32258065,39.32258065,13/05/2024 4:00
2024,5,13,5,38.63225806,38.63225806,13/05/2024 5:00
2024,5,13,6,40.24064516,40.24064516,13/05/2024 6:00
2024,5,13,7,44.34096774,44.34096774,13/05/2024 7:00
2024,5,13,8,51.48806452,51.48806452,13/05/2024 8:00
2024,5,13,9,41.08548387,41.08548387,13/05/2024 9:00
2024,5,13,10,25.75580645,25.75580645,13/05/2024 10:00
2024,5,13,11,15.33870968,15.30645161,13/05/2024 11:00
2024,5,13,12,11.5983871,9.599032258,13/05/2024 12:00
2024,5,13,13,10.10322581,8.356129032,13/05/2024 13:00
2024,5,13,14,7.653870968,6.121935484,13/05/2024 14:00
2024,5,13,15,6.423870968,5.078387097,13/05/2024 15:00
2024,5,13,16,4.387741935,3.883548387,13/05/2024 16:00
2024,5,13,17,4.294193548,3.787419355,13/05/2024 17:00
2024,5,13,18,6.751612903,6.388709677,13/05/2024 18:00
2024,5,13,19,12.1316129,12.0616129,13/05/2024 19:00
2024,5,13,20,25.93645161,25.93645161,13/05/2024 20:00
2024,5,13,21,44.2216129,44.2216129,13/05/2024 21:00
2024,5,13,22,63.9383871,63.9383871,13/05/2024 22:00
2024,5,13,23,59.87290323,59.87290323,13/05/2024 23:00
2024,5,13,24,51.42903226,51.42903226,14/05/2024 0:00
2024,5,14,1,48.42483871,48.42483871,14/05/2024 1:00
2024,5,14,2,44.01516129,44.01516129,14/05/2024 2:00
2024,5,14,3,40.27903226,40.27903226,14/05/2024 3:00
2024,5,14,4,39.32258065,39.32258065,14/05/2024 4:00
2024,5,14,5,38.63225806,38.63225806,14/05/2024 5:00
2024,5,14,6,40.24064516,40.24064516,14/05/2024 6:00
2024,5,14,7,44.34096774,44.34096774,14/05/2024 7:00
2024,5,14,8,51.48806452,51.48806452,14/05/2024 8:00
2024,5,14,9,41.08548387,41.08548387,14/05/2024 9:00
2024,5,14,10,25.75580645,25.75580645,14/05/2024 10:00
2024,5,14,11,15.33870968,15.30645161,14/05/2024 11:00
2024,5,14,12,11.5983871,9.599032258,14/05/2024 12:00
2024,5,14,13,10.10322581,8.356129032,14/05/2024 13:00
2024,5,14,14,7.653870968,6.121935484,14/05/2024 14:00
2024,5,14,15,6.423870968,5.078387097,14/05/2024 15:00
2024,5,14,16,4.387741935,3.883548387,14/05/2024 16:00
2024,5,14,17,4.294193548,3.787419355,14/05/2024 17:00
2024,5,14,18,6.751612903,6.388709677,14/05/2024 18:00
2024,5,14,19,12.1316129,12.0616129,14/05/2024 19:00
2024,5,14,20,25.93645161,25.93645161,14/05/2024 20:00
2024,5,14,21,44.2216129,44.2216129,14/05/2024 21:00
2024,5,14,22,63.9383871,63.9383871,14/05/2024 22:00
2024,5,14,23,59.87290323,59.87290323,14/05/2024 23:00
2024,5,14,24,51.42903226,51.42903226,15/05/2024 0:00
2024,5,15,1,48.42483871,48.42483871,15/05/2024 1:00
2024,5,15,2,44.01516129,44.01516129,15/05/2024 2:00
2024,5,15,3,40.27903226,40.27903226,15/05/2024 3:00
2024,5,15,4,39.32258065,39.32258065,15/05/2024 4:00
2024,5,15,5,38.63225806,38.63225806,15/05/2024 5:00
2024,5,15,6,40.24064516,40.24064516,15/05/2024 6:00
2024,5,15,7,44.34096774,44.34096774,15/05/2024 7:00
2024,5,15,8,51.48806452,51.48806452,15/05/2024 8:00
2024,5,15,9,41.08548387,41.08548387,15/05/2024 9:00
2024,5,15,10,25.75580645,25.75580645,15/05/2024 10:00
2024,5,15,11,15.33870968,15.30645161,15/05/2024 11:00
2024,5,15,12,11.5983871,9.599032258,15/05/2024 12:00
2024,5,15,13,10.10322581,8.356129032,15/05/2024 13:00
2024,5,15,14,7.653870968,6.121935484,15/05/2024 14:00
2024,5,15,15,6.423870968,5.078387097,15/05/2024 15:00
2024,5,15,16,4.387741935,3.883548387,15/05/2024 16:00
2024,5,15,17,4.294193548,3.787419355,15/05/2024 17:00
2024,5,15,18,6.751612903,6.388709677,15/05/2024 18:00
2024,5,15,19,12.1316129,12.0616129,15/05/2024 19:00
2024,5,15,20,25.93645161,25.93645161,15/05/2024 20:00
2024,5,15,21,44.2216129,44.2216129,15/05/2024 21:00
2024,5,15,22,63.9383871,63.9383871,15/05/2024 22:00
2024,5,15,23,59.87290323,59.87290323,15/05/2024 23:00
2024,5,15,24,51.42903226,51.42903226,16/05/2024 0:00
2024,5,16,1,48.42483871,48.42483871,16/05/2024 1:00
2024,5,16,2,44.01516129,44.01516129,16/05/2024 2:00
2024,5,16,3,40.27903226,40.27903226,16/05/2024 3:00
2024,5,16,4,39.32258065,39.32258065,16/05/2024 4:00
2024,5,16,5,38.63225806,38.63225806,16/05/2024 5:00
2024,5,16,6,40.24064516,40.24064516,16/05/2024 6:00
2024,5,16,7,44.34096774,44.34096774,16/05/2024 7:00
2024,5,16,8,51.48806452,51.48806452,16/05/2024 8:00
2024,5,16,9,41.08548387,41.08548387,16/05/2024 9:00
2024,5,16,10,25.75580645,25.75580645,16/05/2024 10:00
2024,5,16,11,15.33870968,15.30645161,16/05/2024 11:00
2024,5,16,12,11.5983871,9.599032258,16/05/2024 12:00
2024,5,16,13,10.10322581,8.356129032,16/05/2024 13:00
2024,5,16,14,7.653870968,6.121935484,16/05/2024 14:00
2024,5,16,15,6.423870968,5.078387097,16/05/2024 15:00
2024,5,16,16,4.387741935,3.883548387,16/05/2024 16:00
2024,5,16,17,4.294193548,3.787419355,16/05/2024 17:00
2024,5,16,18,6.751612903,6.388709677,16/05/2024 18:00
2024,5,16,19,12.1316129,12.0616129,16/05/2024 19:00
2024,5,16,20,25.93645161,25.93645161,16/05/2024 20:00
2024,5,16,21,44.2216129,44.2216129,16/05/2024 21:00
2024,5,16,22,63.9383871,63.9383871,16/05/2024 22:00
2024,5,16,23,59.87290323,59.87290323,16/05/2024 23:00
2024,5,16,24,51.42903226,51.42903226,17/05/2024 0:00
2024,5,17,1,48.42483871,48.42483871,17/05/2024 1:00
2024,5,17,2,44.01516129,44.01516129,17/05/2024 2:00
2024,5,17,3,40.27903226,40.27903226,17/05/2024 3:00
2024,5,17,4,39.32258065,39.32258065,17/05/2024 4:00
2024,5,17,5,38.63225806,38.63225806,17/05/2024 5:00
2024,5,17,6,40.24064516,40.24064516,17/05/2024 6:00
2024,5,17,7,44.34096774,44.34096774,17/05/2024 7:00
2024,5,17,8,51.48806452,51.48806452,17/05/2024 8:00
2024,5,17,9,41.08548387,41.08548387,17/05/2024 9:00
2024,5,17,10,25.75580645,25.75580645,17/05/2024 10:00
2024,5,17,11,15.33870968,15.30645161,17/05/2024 11:00
2024,5,17,12,11.5983871,9.599032258,17/05/2024 12:00
2024,5,17,13,10.10322581,8.356129032,17/05/2024 13:00
2024,5,17,14,7.653870968,6.121935484,17/05/2024 14:00
2024,5,17,15,6.423870968,5.078387097,17/05/2024 15:00
2024,5,17,16,4.387741935,3.883548387,17/05/2024 16:00
2024,5,17,17,4.294193548,3.787419355,17/05/2024 17:00
2024,5,17,18,6.751612903,6.388709677,17/05/2024 18:00
2024,5,17,19,12.1316129,12.0616129,17/05/2024 19:00
2024,5,17,20,25.93645161,25.93645161,17/05/2024 20:00
2024,5,17,21,44.2216129,44.2216129,17/05/2024 21:00
2024,5,17,22,63.9383871,63.9383871,17/05/2024 22:00
2024,5,17,23,59.87290323,59.87290323,17/05/2024 23:00
2024,5,17,24,51.42903226,51.42903226,18/05/2024 0:00
2024,5,18,1,48.42483871,48.42483871,18/05/2024 1:00
2024,5,18,2,44.01516129,44.01516129,18/05/2024 2:00
2024,5,18,3,40.27903226,40.27903226,18/05/2024 3:00
2024,5,18,4,39.32258065,39.32258065,18/05/2024 4:00
2024,5,18,5,38.63225806,38.63225806,18/05/2024 5:00
2024,5,18,6,40.24064516,40.24064516,18/05/2024 6:00
2024,5,18,7,44.34096774,44.34096774,18/05/2024 7:00
2024,5,18,8,51.48806452,51.48806452,18/05/2024 8:00
2024,5,18,9,41.08548387,41.08548387,18/05/2024 9:00
2024,5,18,10,25.75580645,25.75580645,18/05/2024 10:00
2024,5,18,11,15.33870968,15.30645161,18/05/2024 11:00
2024,5,18,12,11.5983871,9.599032258,18/05/2024 12:00
2024,5,18,13,10.10322581,8.356129032,18/05/2024 13:00
2024,5,18,14,7.653870968,6.121935484,18/05/2024 14:00
2024,5,18,15,6.423870968,5.078387097,18/05/2024 15:00
2024,5,18,16,4.387741935,3.883548387,18/05/2024 16:00
2024,5,18,17,4.294193548,3.787419355,18/05/2024 17:00
2024,5,18,18,6.751612903,6.388709677,18/05/2024 18:00
2024,5,18,19,12.1316129,12.0616129,18/05/2024 19:00
2024,5,18,20,25.93645161,25.93645161,18/05/2024 20:00
2024,5,18,21,44.2216129,44.2216129,18/05/2024 21:00
2024,5,18,22,63.9383871,63.9383871,18/05/2024 22:00
2024,5,18,23,59.87290323,59.87290323,18/05/2024 23:00
2024,5,18,24,51.42903226,51.42903226,19/05/2024 0:00
2024,5,19,1,48.42483871,48.42483871,19/05/2024 1:00
2024,5,19,2,44.01516129,44.01516129,19/05/2024 2:00
2024,5,19,3,40.27903226,40.27903226,19/05/2024 3:00
2024,5,19,4,39.32258065,39.32258065,19/05/2024 4:00
2024,5,19,5,38.63225806,38.63225806,19/05/2024 5:00
2024,5,19,6,40.24064516,40.24064516,19/05/2024 6:00
2024,5,19,7,44.34096774,44.34096774,19/05/2024 7:00
2024,5,19,8,51.48806452,51.48806452,19/05/2024 8:00
2024,5,19,9,41.08548387,41.08548387,19/05/2024 9:00
2024,5,19,10,25.75580645,25.75580645,19/05/2024 10:00
2024,5,19,11,15.33870968,15.30645161,19/05/2024 11:00
2024,5,19,12,11.5983871,9.599032258,19/05/2024 12:00
2024,5,19,13,10.10322581,8.356129032,19/05/2024 13:00
2024,5,19,14,7.653870968,6.121935484,19/05/2024 14:00
2024,5,19,15,6.423870968,5.078387097,19/05/2024 15:00
2024,5,19,16,4.387741935,3.883548387,19/05/2024 16:00
2024,5,19,17,4.294193548,3.787419355,19/05/2024 17:00
2024,5,19,18,6.751612903,6.388709677,19/05/2024 18:00
2024,5,19,19,12.1316129,12.0616129,19/05/2024 19:00
2024,5,19,20,25.93645161,25.93645161,19/05/2024 20:00
2024,5,19,21,44.2216129,44.2216129,19/05/2024 21:00
2024,5,19,22,63.9383871,63.9383871,19/05/2024 22:00
2024,5,19,23,59.87290323,59.87290323,19/05/2024 23:00
2024,5,19,24,51.42903226,51.42903226,20/05/2024 0:00
2024,5,20,1,48.42483871,48.42483871,20/05/2024 1:00
2024,5,20,2,44.01516129,44.01516129,20/05/2024 2:00
2024,5,20,3,40.27903226,40.27903226,20/05/2024 3:00
2024,5,20,4,39.32258065,39.32258065,20/05/2024 4:00
2024,5,20,5,38.63225806,38.63225806,20/05/2024 5:00
2024,5,20,6,40.24064516,40.24064516,20/05/2024 6:00
2024,5,20,7,44.34096774,44.34096774,20/05/2024 7:00
2024,5,20,8,51.48806452,51.48806452,20/05/2024 8:00
2024,5,20,9,41.08548387,41.08548387,20/05/2024 9:00
2024,5,20,10,25.75580645,25.75580645,20/05/2024 10:00
2024,5,20,11,15.33870968,15.30645161,20/05/2024 11:00
2024,5,20,12,11.5983871,9.599032258,20/05/2024 12:00
2024,5,20,13,10.10322581,8.356129032,20/05/2024 13:00
2024,5,20,14,7.653870968,6.121935484,20/05/2024 14:00
2024,5,20,15,6.423870968,5.078387097,20/05/2024 15:00
2024,5,20,16,4.387741935,3.883548387,20/05/2024 16:00
2024,5,20,17,4.294193548,3.787419355,20/05/2024 17:00
2024,5,20,18,6.751612903,6.388709677,20/05/2024 18:00
2024,5,20,19,12.1316129,12.0616129,20/05/2024 19:00
2024,5,20,20,25.93645161,25.93645161,20/05/2024 20:00
2024,5,20,21,44.2216129,44.2216129,20/05/2024 21:00
2024,5,20,22,63.9383871,63.9383871,20/05/2024 22:00
2024,5,20,23,59.87290323,59.87290323,20/05/2024 23:00
2024,5,20,24,51.42903226,51.42903226,21/05/2024 0:00
2024,5,21,1,48.42483871,48.42483871,21/05/2024 1:00
2024,5,21,2,44.01516129,44.01516129,21/05/2024 2:00
2024,5,21,3,40.27903226,40.27903226,21/05/2024 3:00
2024,5,21,4,39.32258065,39.32258065,21/05/2024 4:00
2024,5,21,5,38.63225806,38.63225806,21/05/2024 5:00
2024,5,21,6,40.24064516,40.24064516,21/05/2024 6:00
2024,5,21,7,44.34096774,44.34096774,21/05/2024 7:00
2024,5,21,8,51.48806452,51.48806452,21/05/2024 8:00
2024,5,21,9,41.08548387,41.08548387,21/05/2024 9:00
2024,5,21,10,25.75580645,25.75580645,21/05/2024 10:00
2024,5,21,11,15.33870968,15.30645161,21/05/2024 11:00
2024,5,21,12,11.5983871,9.599032258,21/05/2024 12:00
2024,5,21,13,10.10322581,8.356129032,21/05/2024 13:00
2024,5,21,14,7.653870968,6.121935484,21/05/2024 14:00
2024,5,21,15,6.423870968,5.078387097,21/05/2024 15:00
2024,5,21,16,4.387741935,3.883548387,21/05/2024 16:00
2024,5,21,17,4.294193548,3.787419355,21/05/2024 17:00
2024,5,21,18,6.751612903,6.388709677,21/05/2024 18:00
2024,5,21,19,12.1316129,12.0616129,21/05/2024 19:00
2024,5,21,20,25.93645161,25.93645161,21/05/2024 20:00
2024,5,21,21,44.2216129,44.2216129,21/05/2024 21:00
2024,5,21,22,63.9383871,63.9383871,21/05/2024 22:00
2024,5,21,23,59.87290323,59.87290323,21/05/2024 23:00
2024,5,21,24,51.42903226,51.42903226,22/05/2024 0:00
2024,5,22,1,48.42483871,48.42483871,22/05/2024 1:00
2024,5,22,2,44.01516129,44.01516129,22/05/2024 2:00
2024,5,22,3,40.27903226,40.27903226,22/05/2024 3:00
2024,5,22,4,39.32258065,39.32258065,22/05/2024 4:00
2024,5,22,5,38.63225806,38.63225806,22/05/2024 5:00
2024,5,22,6,40.24064516,40.24064516,22/05/2024 6:00
2024,5,22,7,44.34096774,44.34096774,22/05/2024 7:00
2024,5,22,8,51.48806452,51.48806452,22/05/2024 8:00
2024,5,22,9,41.08548387,41.08548387,22/05/2024 9:00
2024,5,22,10,25.75580645,25.75580645,22/05/2024 10:00
2024,5,22,11,15.33870968,15.30645161,22/05/2024 11:00
2024,5,22,12,11.5983871,9.599032258,22/05/2024 12:00
2024,5,22,13,10.10322581,8.356129032,22/05/2024 13:00
2024,5,22,14,7.653870968,6.121935484,22/05/2024 14:00
2024,5,22,15,6.423870968,5.078387097,22/05/2024 15:00
2024,5,22,16,4.387741935,3.883548387,22/05/2024 16:00
2024,5,22,17,4.294193548,3.787419355,22/05/2024 17:00
2024,5,22,18,6.751612903,6.388709677,22/05/2024 18:00
2024,5,22,19,12.1316129,12.0616129,22/05/2024 19:00
2024,5,22,20,25.93645161,25.93645161,22/05/2024 20:00
2024,5,22,21,44.2216129,44.2216129,22/05/2024 21:00
2024,5,22,22,63.9383871,63.9383871,22/05/2024 22:00
2024,5,22,23,59.87290323,59.87290323,22/05/2024 23:00
2024,5,22,24,51.42903226,51.42903226,23/05/2024 0:00
2024,5,23,1,48.42483871,48.42483871,23/05/2024 1:00
2024,5,23,2,44.01516129,44.01516129,23/05/2024 2:00
2024,5,23,3,40.27903226,40.27903226,23/05/2024 3:00
2024,5,23,4,39.32258065,39.32258065,23/05/2024 4:00
2024,5,23,5,38.63225806,38.63225806,23/05/2024 5:00
2024,5,23,6,40.24064516,40.24064516,23/05/2024 6:00
2024,5,23,7,44.34096774,44.34096774,23/05/2024 7:00
2024,5,23,8,51.48806452,51.48806452,23/05/2024 8:00
2024,5,23,9,41.08548387,41.08548387,23/05/2024 9:00
2024,5,23,10,25.75580645,25.75580645,23/05/2024 10:00
2024,5,23,11,15.33870968,15.30645161,23/05/2024 11:00
2024,5,23,12,11.5983871,9.599032258,23/05/2024 12:00
2024,5,23,13,10.10322581,8.356129032,23/05/2024 13:00
2024,5,23,14,7.653870968,6.121935484,23/05/2024 14:00
2024,5,23,15,6.423870968,5.078387097,23/05/2024 15:00
2024,5,23,16,4.387741935,3.883548387,23/05/2024 16:00
2024,5,23,17,4.294193548,3.787419355,23/05/2024 17:00
2024,5,23,18,6.751612903,6.388709677,23/05/2024 18:00
2024,5,23,19,12.1316129,12.0616129,23/05/2024 19:00
2024,5,23,20,25.93645161,25.93645161,23/05/2024 20:00
2024,5,23,21,44.2216129,44.2216129,23/05/2024 21:00
2024,5,23,22,63.9383871,63.9383871,23/05/2024 22:00
2024,5,23,23,59.87290323,59.87290323,23/05/2024 23:00
2024,5,23,24,51.42903226,51.42903226,24/05/2024 0:00
2024,5,24,1,48.42483871,48.42483871,24/05/2024 1:00
2024,5,24,2,44.01516129,44.01516129,24/05/2024 2:00
2024,5,24,3,40.27903226,40.27903226,24/05/2024 3:00
2024,5,24,4,39.32258065,39.32258065,24/05/2024 4:00
2024,5,24,5,38.63225806,38.63225806,24/05/2024 5:00
2024,5,24,6,40.24064516,40.24064516,24/05/2024 6:00
2024,5,24,7,44.34096774,44.34096774,24/05/2024 7:00
2024,5,24,8,51.48806452,51.48806452,24/05/2024 8:00
2024,5,24,9,41.08548387,41.08548387,24/05/2024 9:00
2024,5,24,10,25.75580645,25.75580645,24/05/2024 10:00
2024,5,24,11,15.33870968,15.30645161,24/05/2024 11:00
2024,5,24,12,11.5983871,9.599032258,24/05/2024 12:00
2024,5,24,13,10.10322581,8.356129032,24/05/2024 13:00
2024,5,24,14,7.653870968,6.121935484,24/05/2024 14:00
2024,5,24,15,6.423870968,5.078387097,24/05/2024 15:00
2024,5,24,16,4.387741935,3.883548387,24/05/2024 16:00
2024,5,24,17,4.294193548,3.787419355,24/05/2024 17:00
2024,5,24,18,6.751612903,6.388709677,24/05/2024 18:00
2024,5,24,19,12.1316129,12.0616129,24/05/2024 19:00
2024,5,24,20,25.93645161,25.93645161,24/05/2024 20:00
2024,5,24,21,44.2216129,44.2216129,24/05/2024 21:00
2024,5,24,22,63.9383871,63.9383871,24/05/2024 22:00
2024,5,24,23,59.87290323,59.87290323,24/05/2024 23:00
2024,5,24,24,51.42903226,51.42903226,25/05/2024 0:00
2024,5,25,1,48.42483871,48.42483871,25/05/2024 1:00
2024,5,25,2,44.01516129,44.01516129,25/05/2024 2:00
2024,5,25,3,40.27903226,40.27903226,25/05/2024 3:00
2024,5,25,4,39.32258065,39.32258065,25/05/2024 4:00
2024,5,25,5,38.63225806,38.63225806,25/05/2024 5:00
2024,5,25,6,40.24064516,40.24064516,25/05/2024 6:00
2024,5,25,7,44.34096774,44.34096774,25/05/2024 7:00
2024,5,25,8,51.48806452,51.48806452,25/05/2024 8:00
2024,5,25,9,41.08548387,41.08548387,25/05/2024 9:00
2024,5,25,10,25.75580645,25.75580645,25/05/2024 10:00
2024,5,25,11,15.33870968,15.30645161,25/05/2024 11:00
2024,5,25,12,11.5983871,9.599032258,25/05/2024 12:00
2024,5,25,13,10.10322581,8.356129032,25/05/2024 13:00
2024,5,25,14,7.653870968,6.121935484,25/05/2024 14:00
2024,5,25,15,6.423870968,5.078387097,25/05/2024 15:00
2024,5,25,16,4.387741935,3.883548387,25/05/2024 16:00
2024,5,25,17,4.294193548,3.787419355,25/05/2024 17:00
2024,5,25,18,6.751612903,6.388709677,25/05/2024 18:00
2024,5,25,19,12.1316129,12.0616129,25/05/2024 19:00
2024,5,25,20,25.93645161,25.93645161,25/05/2024 20:00
2024,5,25,21,44.2216129,44.2216129,25/05/2024 21:00
2024,5,25,22,63.9383871,63.9383871,25/05/2024 22:00
2024,5,25,23,59.87290323,59.87290323,25/05/2024 23:00
2024,5,25,24,51.42903226,51.42903226,26/05/2024 0:00
2024,5,26,1,48.42483871,48.42483871,26/05/2024 1:00
2024,5,26,2,44.01516129,44.01516129,26/05/2024 2:00
2024,5,26,3,40.27903226,40.27903226,26/05/2024 3:00
2024,5,26,4,39.32258065,39.32258065,26/05/2024 4:00
2024,5,26,5,38.63225806,38.63225806,26/05/2024 5:00
2024,5,26,6,40.24064516,40.24064516,26/05/2024 6:00
2024,5,26,7,44.34096774,44.34096774,26/05/2024 7:00
2024,5,26,8,51.48806452,51.48806452,26/05/2024 8:00
2024,5,26,9,41.08548387,41.08548387,26/05/2024 9:00
2024,5,26,10,25.75580645,25.75580645,26/05/2024 10:00
2024,5,26,11,15.33870968,15.30645161,26/05/2024 11:00
2024,5,26,12,11.5983871,9.599032258,26/05/2024 12:00
2024,5,26,13,10.10322581,8.356129032,26/05/2024 13:00
2024,5,26,14,7.653870968,6.121935484,26/05/2024 14:00
2024,5,26,15,6.423870968,5.078387097,26/05/2024 15:00
2024,5,26,16,4.387741935,3.883548387,26/05/2024 16:00
2024,5,26,17,4.294193548,3.787419355,26/05/2024 17:00
2024,5,26,18,6.751612903,6.388709677,26/05/2024 18:00
2024,5,26,19,12.1316129,12.0616129,26/05/2024 19:00
2024,5,26,20,25.93645161,25.93645161,26/05/2024 20:00
2024,5,26,21,44.2216129,44.2216129,26/05/2024 21:00
2024,5,26,22,63.9383871,63.9383871,26/05/2024 22:00
2024,5,26,23,59.87290323,59.87290323,26/05/2024 23:00
2024,5,26,24,51.42903226,51.42903226,27/05/2024 0:00
2024,5,27,1,48.42483871,48.42483871,27/05/2024 1:00
2024,5,27,2,44.01516129,44.01516129,27/05/2024 2:00
2024,5,27,3,40.27903226,40.27903226,27/05/2024 3:00
2024,5,27,4,39.32258065,39.32258065,27/05/2024 4:00
2024,5,27,5,38.63225806,38.63225806,27/05/2024 5:00
2024,5,27,6,40.24064516,40.24064516,27/05/2024 6:00
2024,5,27,7,44.34096774,44.34096774,27/05/2024 7:00
2024,5,27,8,51.48806452,51.48806452,27/05/2024 8:00
2024,5,27,9,41.08548387,41.08548387,27/05/2024 9:00
2024,5,27,10,25.75580645,25.75580645,27/05/2024 10:00
2024,5,27,11,15.33870968,15.30645161,27/05/2024 11:00
2024,5,27,12,11.5983871,9.599032258,27/05/2024 12:00
2024,5,27,13,10.10322581,8.356129032,27/05/2024 13:00
2024,5,27,14,7.653870968,6.121935484,27/05/2024 14:00
2024,5,27,15,6.423870968,5.078387097,27/05/2024 15:00
2024,5,27,16,4.387741935,3.883548387,27/05/2024 16:00
2024,5,27,17,4.294193548,3.787419355,27/05/2024 17:00
2024,5,27,18,6.751612903,6.388709677,27/05/2024 18:00
2024,5,27,19,12.1316129,12.0616129,27/05/2024 19:00
2024,5,27,20,25.93645161,25.93645161,27/05/2024 20:00
2024,5,27,21,44.2216129,44.2216129,27/05/2024 21:00
2024,5,27,22,63.9383871,63.9383871,27/05/2024 22:00
2024,5,27,23,59.87290323,59.87290323,27/05/2024 23:00
2024,5,27,24,51.42903226,51.42903226,28/05/2024 0:00
2024,5,28,1,48.42483871,48.42483871,28/05/2024 1:00
2024,5,28,2,44.01516129,44.01516129,28/05/2024 2:00
2024,5,28,3,40.27903226,40.27903226,28/05/2024 3:00
2024,5,28,4,39.32258065,39.32258065,28/05/2024 4:00
2024,5,28,5,38.63225806,38.63225806,28/05/2024 5:00
2024,5,28,6,40.24064516,40.24064516,28/05/2024 6:00
2024,5,28,7,44.34096774,44.34096774,28/05/2024 7:00
2024,5,28,8,51.48806452,51.48806452,28/05/2024 8:00
2024,5,28,9,41.08548387,41.08548387,28/05/2024 9:00
2024,5,28,10,25.75580645,25.75580645,28/05/2024 10:00
2024,5,28,11,15.33870968,15.30645161,28/05/2024 11:00
2024,5,28,12,11.5983871,9.599032258,28/05/2024 12:00
2024,5,28,13,10.10322581,8.356129032,28/05/2024 13:00
2024,5,28,14,7.653870968,6.121935484,28/05/2024 14:00
2024,5,28,15,6.423870968,5.078387097,28/05/2024 15:00
2024,5,28,16,4.387741935,3.883548387,28/05/2024 16:00
2024,5,28,17,4.294193548,3.787419355,28/05/2024 17:00
2024,5,28,18,6.751612903,6.388709677,28/05/2024 18:00
2024,5,28,19,12.1316129,12.0616129,28/05/2024 19:00
2024,5,28,20,25.93645161,25.93645161,28/05/2024 20:00
2024,5,28,21,44.2216129,44.2216129,28/05/2024 21:00
2024,5,28,22,63.9383871,63.9383871,28/05/2024 22:00
2024,5,28,23,59.87290323,59.87290323,28/05/2024 23:00
2024,5,28,24,51.42903226,51.42903226,29/05/2024 0:00
2024,5,29,1,48.42483871,48.42483871,29/05/2024 1:00
2024,5,29,2,44.01516129,44.01516129,29/05/2024 2:00
2024,5,29,3,40.27903226,40.27903226,29/05/2024 3:00
2024,5,29,4,39.32258065,39.32258065,29/05/2024 4:00
2024,5,29,5,38.63225806,38.63225806,29/05/2024 5:00
2024,5,29,6,40.24064516,40.24064516,29/05/2024 6:00
2024,5,29,7,44.34096774,44.34096774,29/05/2024 7:00
2024,5,29,8,51.48806452,51.48806452,29/05/2024 8:00
2024,5,29,9,41.08548387,41.08548387,29/05/2024 9:00
2024,5,29,10,25.75580645,25.75580645,29/05/2024 10:00
2024,5,29,11,15.33870968,15.30645161,29/05/2024 11:00
2024,5,29,12,11.5983871,9.599032258,29/05/2024 12:00
2024,5,29,13,10.10322581,8.356129032,29/05/2024 13:00
2024,5,29,14,7.653870968,6.121935484,29/05/2024 14:00
2024,5,29,15,6.423870968,5.078387097,29/05/2024 15:00
2024,5,29,16,4.387741935,3.883548387,29/05/2024 16:00
2024,5,29,17,4.294193548,3.787419355,29/05/2024 17:00
2024,5,29,18,6.751612903,6.388709677,29/05/2024 18:00
2024,5,29,19,12.1316129,12.0616129,29/05/2024 19:00
2024,5,29,20,25.93645161,25.93645161,29/05/2024 20:00
2024,5,29,21,44.2216129,44.2216129,29/05/2024 21:00
2024,5,29,22,63.9383871,63.9383871,29/05/2024 22:00
2024,5,29,23,59.87290323,59.87290323,29/05/2024 23:00
2024,5,29,24,51.42903226,51.42903226,30/05/2024 0:00
2024,5,30,1,48.42483871,48.42483871,30/05/2024 1:00
2024,5,30,2,44.01516129,44.01516129,30/05/2024 2:00
2024,5,30,3,40.27903226,40.27903226,30/05/2024 3:00
2024,5,30,4,39.32258065,39.32258065,30/05/2024 4:00
2024,5,30,5,38.63225806,38.63225806,30/05/2024 5:00
2024,5,30,6,40.24064516,40.24064516,30/05/2024 6:00
2024,5,30,7,44.34096774,44.34096774,30/05/2024 7:00
2024,5,30,8,51.48806452,51.48806452,30/05/2024 8:00
2024,5,30,9,41.08548387,41.08548387,30/05/2024 9:00
2024,5,30,10,25.75580645,25.75580645,30/05/2024 10:00
2024,5,30,11,15.33870968,15.30645161,30/05/2024 11:00
2024,5,30,12,11.5983871,9.599032258,30/05/2024 12:00
2024,5,30,13,10.10322581,8.356129032,30/05/2024 13:00
2024,5,30,14,7.653870968,6.121935484,30/05/2024 14:00
2024,5,30,15,6.423870968,5.078387097,30/05/2024 15:00
2024,5,30,16,4.387741935,3.883548387,30/05/2024 16:00
2024,5,30,17,4.294193548,3.787419355,30/05/2024 17:00
2024,5,30,18,6.751612903,6.388709677,30/05/2024 18:00
2024,5,30,19,12.1316129,12.0616129,30/05/2024 19:00
2024,5,30,20,25.93645161,25.93645161,30/05/2024 20:00
2024,5,30,21,44.2216129,44.2216129,30/05/2024 21:00
2024,5,30,22,63.9383871,63.9383871,30/05/2024 22:00
2024,5,30,23,59.87290323,59.87290323,30/05/2024 23:00
2024,5,30,24,51.42903226,51.42903226,31/05/2024 0:00
2024,5,31,1,48.42483871,48.42483871,31/05/2024 1:00
2024,5,31,2,44.01516129,44.01516129,31/05/2024 2:00
2024,5,31,3,40.27903226,40.27903226,31/05/2024 3:00
2024,5,31,4,39.32258065,39.32258065,31/05/2024 4:00
2024,5,31,5,38.63225806,38.63225806,31/05/2024 5:00
2024,5,31,6,40.24064516,40.24064516,31/05/2024 6:00
2024,5,31,7,44.34096774,44.34096774,31/05/2024 7:00
2024,5,31,8,51.48806452,51.48806452,31/05/2024 8:00
2024,5,31,9,41.08548387,41.08548387,31/05/2024 9:00
2024,5,31,10,25.75580645,25.75580645,31/05/2024 10:00
2024,5,31,11,15.33870968,15.30645161,31/05/2024 11:00
2024,5,31,12,11.5983871,9.599032258,31/05/2024 12:00
2024,5,31,13,10.10322581,8.356129032,31/05/2024 13:00
2024,5,31,14,7.653870968,6.121935484,31/05/2024 14:00
2024,5,31,15,6.423870968,5.078387097,31/05/2024 15:00
2024,5,31,16,4.387741935,3.883548387,31/05/2024 16:00
2024,5,31,17,4.294193548,3.787419355,31/05/2024 17:00
2024,5,31,18,6.751612903,6.388709677,31/05/2024 18:00
2024,5,31,19,12.1316129,12.0616129,31/05/2024 19:00
2024,5,31,20,25.93645161,25.93645161,31/05/2024 20:00
2024,5,31,21,44.2216129,44.2216129,31/05/2024 21:00
2024,5,31,22,63.9383871,63.9383871,31/05/2024 22:00
2024,5,31,23,59.87290323,59.87290323,31/05/2024 23:00
2024,5,31,24,51.42903226,51.42903226,01/06/2024 0:00
2024,6,1,1,106.5516667,106.5516667,01/06/2024 1:00
2024,6,1,2,99.48233333,99.48233333,01/06/2024 2:00
2024,6,1,3,96.39233333,96.39233333,01/06/2024 3:00
2024,6,1,4,94.52266667,94.52266667,01/06/2024 4:00
2024,6,1,5,92.11133333,92.11133333,01/06/2024 5:00
2024,6,1,6,93.537,93.537,01/06/2024 6:00
2024,6,1,7,99.77466667,99.77466667,01/06/2024 7:00
2024,6,1,8,107.3406667,107.3406667,01/06/2024 8:00
2024,6,1,9,105.6306667,105.129,01/06/2024 9:00
2024,6,1,10,95.88866667,93.57333333,01/06/2024 10:00
2024,6,1,11,86.44533333,82.755,01/06/2024 11:00
2024,6,1,12,84.485,75.329,01/06/2024 12:00
2024,6,1,13,82.43633333,72.809,01/06/2024 13:00
2024,6,1,14,80.95566667,71.835,01/06/2024 14:00
2024,6,1,15,77.95466667,68.64966667,01/06/2024 15:00
2024,6,1,16,75.81433333,67.703,01/06/2024 16:00
2024,6,1,17,76.46466667,69.57166667,01/06/2024 17:00
2024,6,1,18,82.20466667,79.809,01/06/2024 18:00
2024,6,1,19,88.81533333,88.58366667,01/06/2024 19:00
2024,6,1,20,100.556,100.556,01/06/2024 20:00
2024,6,1,21,112.2976667,112.2976667,01/06/2024 21:00
2024,6,1,22,121.7466667,121.7466667,01/06/2024 22:00
2024,6,1,23,120.943,120.943,01/06/2024 23:00
2024,6,1,24,111.7293333,111.5173333,02/06/2024 0:00
2024,6,2,1,106.5516667,106.5516667,02/06/2024 1:00
2024,6,2,2,99.48233333,99.48233333,02/06/2024 2:00
2024,6,2,3,96.39233333,96.39233333,02/06/2024 3:00
2024,6,2,4,94.52266667,94.52266667,02/06/2024 4:00
2024,6,2,5,92.11133333,92.11133333,02/06/2024 5:00
2024,6,2,6,93.537,93.537,02/06/2024 6:00
2024,6,2,7,99.77466667,99.77466667,02/06/2024 7:00
2024,6,2,8,107.3406667,107.3406667,02/06/2024 8:00
2024,6,2,9,105.6306667,105.129,02/06/2024 9:00
2024,6,2,10,95.88866667,93.57333333,02/06/2024 10:00
2024,6,2,11,86.44533333,82.755,02/06/2024 11:00
2024,6,2,12,84.485,75.329,02/06/2024 12:00
2024,6,2,13,82.43633333,72.809,02/06/2024 13:00
2024,6,2,14,80.95566667,71.835,02/06/2024 14:00
2024,6,2,15,77.95466667,68.64966667,02/06/2024 15:00
2024,6,2,16,75.81433333,67.703,02/06/2024 16:00
2024,6,2,17,76.46466667,69.57166667,02/06/2024 17:00
2024,6,2,18,82.20466667,79.809,02/06/2024 18:00
2024,6,2,19,88.81533333,88.58366667,02/06/2024 19:00
2024,6,2,20,100.556,100.556,02/06/2024 20:00
2024,6,2,21,112.2976667,112.2976667,02/06/2024 21:00
2024,6,2,22,121.7466667,121.7466667,02/06/2024 22:00
2024,6,2,23,120.943,120.943,02/06/2024 23:00
2024,6,2,24,111.7293333,111.5173333,03/06/2024 0:00
2024,6,3,1,106.5516667,106.5516667,03/06/2024 1:00
2024,6,3,2,99.48233333,99.48233333,03/06/2024 2:00
2024,6,3,3,96.39233333,96.39233333,03/06/2024 3:00
2024,6,3,4,94.52266667,94.52266667,03/06/2024 4:00
2024,6,3,5,92.11133333,92.11133333,03/06/2024 5:00
2024,6,3,6,93.537,93.537,03/06/2024 6:00
2024,6,3,7,99.77466667,99.77466667,03/06/2024 7:00
2024,6,3,8,107.3406667,107.3406667,03/06/2024 8:00
2024,6,3,9,105.6306667,105.129,03/06/2024 9:00
2024,6,3,10,95.88866667,93.57333333,03/06/2024 10:00
2024,6,3,11,86.44533333,82.755,03/06/2024 11:00
2024,6,3,12,84.485,75.329,03/06/2024 12:00
2024,6,3,13,82.43633333,72.809,03/06/2024 13:00
2024,6,3,14,80.95566667,71.835,03/06/2024 14:00
2024,6,3,15,77.95466667,68.64966667,03/06/2024 15:00
2024,6,3,16,75.81433333,67.703,03/06/2024 16:00
2024,6,3,17,76.46466667,69.57166667,03/06/2024 17:00
2024,6,3,18,82.20466667,79.809,03/06/2024 18:00
2024,6,3,19,88.81533333,88.58366667,03/06/2024 19:00
2024,6,3,20,100.556,100.556,03/06/2024 20:00
2024,6,3,21,112.2976667,112.2976667,03/06/2024 21:00
2024,6,3,22,121.7466667,121.7466667,03/06/2024 22:00
2024,6,3,23,120.943,120.943,03/06/2024 23:00
2024,6,3,24,111.7293333,111.5173333,04/06/2024 0:00
2024,6,4,1,106.5516667,106.5516667,04/06/2024 1:00
2024,6,4,2,99.48233333,99.48233333,04/06/2024 2:00
2024,6,4,3,96.39233333,96.39233333,04/06/2024 3:00
2024,6,4,4,94.52266667,94.52266667,04/06/2024 4:00
2024,6,4,5,92.11133333,92.11133333,04/06/2024 5:00
2024,6,4,6,93.537,93.537,04/06/2024 6:00
2024,6,4,7,99.77466667,99.77466667,04/06/2024 7:00
2024,6,4,8,107.3406667,107.3406667,04/06/2024 8:00
2024,6,4,9,105.6306667,105.129,04/06/2024 9:00
2024,6,4,10,95.88866667,93.57333333,04/06/2024 10:00
2024,6,4,11,86.44533333,82.755,04/06/2024 11:00
2024,6,4,12,84.485,75.329,04/06/2024 12:00
2024,6,4,13,82.43633333,72.809,04/06/2024 13:00
2024,6,4,14,80.95566667,71.835,04/06/2024 14:00
2024,6,4,15,77.95466667,68.64966667,04/06/2024 15:00
2024,6,4,16,75.81433333,67.703,04/06/2024 16:00
2024,6,4,17,76.46466667,69.57166667,04/06/2024 17:00
2024,6,4,18,82.20466667,79.809,04/06/2024 18:00
2024,6,4,19,88.81533333,88.58366667,04/06/2024 19:00
2024,6,4,20,100.556,100.556,04/06/2024 20:00
2024,6,4,21,112.2976667,112.2976667,04/06/2024 21:00
2024,6,4,22,121.7466667,121.7466667,04/06/2024 22:00
2024,6,4,23,120.943,120.943,04/06/2024 23:00
2024,6,4,24,111.7293333,111.5173333,05/06/2024 0:00
2024,6,5,1,106.5516667,106.5516667,05/06/2024 1:00
2024,6,5,2,99.48233333,99.48233333,05/06/2024 2:00
2024,6,5,3,96.39233333,96.39233333,05/06/2024 3:00
2024,6,5,4,94.52266667,94.52266667,05/06/2024 4:00
2024,6,5,5,92.11133333,92.11133333,05/06/2024 5:00
2024,6,5,6,93.537,93.537,05/06/2024 6:00
2024,6,5,7,99.77466667,99.77466667,05/06/2024 7:00
2024,6,5,8,107.3406667,107.3406667,05/06/2024 8:00
2024,6,5,9,105.6306667,105.129,05/06/2024 9:00
2024,6,5,10,95.88866667,93.57333333,05/06/2024 10:00
2024,6,5,11,86.44533333,82.755,05/06/2024 11:00
2024,6,5,12,84.485,75.329,05/06/2024 12:00
2024,6,5,13,82.43633333,72.809,05/06/2024 13:00
2024,6,5,14,80.95566667,71.835,05/06/2024 14:00
2024,6,5,15,77.95466667,68.64966667,05/06/2024 15:00
2024,6,5,16,75.81433333,67.703,05/06/2024 16:00
2024,6,5,17,76.46466667,69.57166667,05/06/2024 17:00
2024,6,5,18,82.20466667,79.809,05/06/2024 18:00
2024,6,5,19,88.81533333,88.58366667,05/06/2024 19:00
2024,6,5,20,100.556,100.556,05/06/2024 20:00
2024,6,5,21,112.2976667,112.2976667,05/06/2024 21:00
2024,6,5,22,121.7466667,121.7466667,05/06/2024 22:00
2024,6,5,23,120.943,120.943,05/06/2024 23:00
2024,6,5,24,111.7293333,111.5173333,06/06/2024 0:00
2024,6,6,1,106.5516667,106.5516667,06/06/2024 1:00
2024,6,6,2,99.48233333,99.48233333,06/06/2024 2:00
2024,6,6,3,96.39233333,96.39233333,06/06/2024 3:00
2024,6,6,4,94.52266667,94.52266667,06/06/2024 4:00
2024,6,6,5,92.11133333,92.11133333,06/06/2024 5:00
2024,6,6,6,93.537,93.537,06/06/2024 6:00
2024,6,6,7,99.77466667,99.77466667,06/06/2024 7:00
2024,6,6,8,107.3406667,107.3406667,06/06/2024 8:00
2024,6,6,9,105.6306667,105.129,06/06/2024 9:00
2024,6,6,10,95.88866667,93.57333333,06/06/2024 10:00
2024,6,6,11,86.44533333,82.755,06/06/2024 11:00
2024,6,6,12,84.485,75.329,06/06/2024 12:00
2024,6,6,13,82.43633333,72.809,06/06/2024 13:00
2024,6,6,14,80.95566667,71.835,06/06/2024 14:00
2024,6,6,15,77.95466667,68.64966667,06/06/2024 15:00
2024,6,6,16,75.81433333,67.703,06/06/2024 16:00
2024,6,6,17,76.46466667,69.57166667,06/06/2024 17:00
2024,6,6,18,82.20466667,79.809,06/06/2024 18:00
2024,6,6,19,88.81533333,88.58366667,06/06/2024 19:00
2024,6,6,20,100.556,100.556,06/06/2024 20:00
2024,6,6,21,112.2976667,112.2976667,06/06/2024 21:00
2024,6,6,22,121.7466667,121.7466667,06/06/2024 22:00
2024,6,6,23,120.943,120.943,06/06/2024 23:00
2024,6,6,24,111.7293333,111.5173333,07/06/2024 0:00
2024,6,7,1,106.5516667,106.5516667,07/06/2024 1:00
2024,6,7,2,99.48233333,99.48233333,07/06/2024 2:00
2024,6,7,3,96.39233333,96.39233333,07/06/2024 3:00
2024,6,7,4,94.52266667,94.52266667,07/06/2024 4:00
2024,6,7,5,92.11133333,92.11133333,07/06/2024 5:00
2024,6,7,6,93.537,93.537,07/06/2024 6:00
2024,6,7,7,99.77466667,99.77466667,07/06/2024 7:00
2024,6,7,8,107.3406667,107.3406667,07/06/2024 8:00
2024,6,7,9,105.6306667,105.129,07/06/2024 9:00
2024,6,7,10,95.88866667,93.57333333,07/06/2024 10:00
2024,6,7,11,86.44533333,82.755,07/06/2024 11:00
2024,6,7,12,84.485,75.329,07/06/2024 12:00
2024,6,7,13,82.43633333,72.809,07/06/2024 13:00
2024,6,7,14,80.95566667,71.835,07/06/2024 14:00
2024,6,7,15,77.95466667,68.64966667,07/06/2024 15:00
2024,6,7,16,75.81433333,67.703,07/06/2024 16:00
2024,6,7,17,76.46466667,69.57166667,07/06/2024 17:00
2024,6,7,18,82.20466667,79.809,07/06/2024 18:00
2024,6,7,19,88.81533333,88.58366667,07/06/2024 19:00
2024,6,7,20,100.556,100.556,07/06/2024 20:00
2024,6,7,21,112.2976667,112.2976667,07/06/2024 21:00
2024,6,7,22,121.7466667,121.7466667,07/06/2024 22:00
2024,6,7,23,120.943,120.943,07/06/2024 23:00
2024,6,7,24,111.7293333,111.5173333,08/06/2024 0:00
2024,6,8,1,106.5516667,106.5516667,08/06/2024 1:00
2024,6,8,2,99.48233333,99.48233333,08/06/2024 2:00
2024,6,8,3,96.39233333,96.39233333,08/06/2024 3:00
2024,6,8,4,94.52266667,94.52266667,08/06/2024 4:00
2024,6,8,5,92.11133333,92.11133333,08/06/2024 5:00
2024,6,8,6,93.537,93.537,08/06/2024 6:00
2024,6,8,7,99.77466667,99.77466667,08/06/2024 7:00
2024,6,8,8,107.3406667,107.3406667,08/06/2024 8:00
2024,6,8,9,105.6306667,105.129,08/06/2024 9:00
2024,6,8,10,95.88866667,93.57333333,08/06/2024 10:00
2024,6,8,11,86.44533333,82.755,08/06/2024 11:00
2024,6,8,12,84.485,75.329,08/06/2024 12:00
2024,6,8,13,82.43633333,72.809,08/06/2024 13:00
2024,6,8,14,80.95566667,71.835,08/06/2024 14:00
2024,6,8,15,77.95466667,68.64966667,08/06/2024 15:00
2024,6,8,16,75.81433333,67.703,08/06/2024 16:00
2024,6,8,17,76.46466667,69.57166667,08/06/2024 17:00
2024,6,8,18,82.20466667,79.809,08/06/2024 18:00
2024,6,8,19,88.81533333,88.58366667,08/06/2024 19:00
2024,6,8,20,100.556,100.556,08/06/2024 20:00
2024,6,8,21,112.2976667,112.2976667,08/06/2024 21:00
2024,6,8,22,121.7466667,121.7466667,08/06/2024 22:00
2024,6,8,23,120.943,120.943,08/06/2024 23:00
2024,6,8,24,111.7293333,111.5173333,09/06/2024 0:00
2024,6,9,1,106.5516667,106.5516667,09/06/2024 1:00
2024,6,9,2,99.48233333,99.48233333,09/06/2024 2:00
2024,6,9,3,96.39233333,96.39233333,09/06/2024 3:00
2024,6,9,4,94.52266667,94.52266667,09/06/2024 4:00
2024,6,9,5,92.11133333,92.11133333,09/06/2024 5:00
2024,6,9,6,93.537,93.537,09/06/2024 6:00
2024,6,9,7,99.77466667,99.77466667,09/06/2024 7:00
2024,6,9,8,107.3406667,107.3406667,09/06/2024 8:00
2024,6,9,9,105.6306667,105.129,09/06/2024 9:00
2024,6,9,10,95.88866667,93.57333333,09/06/2024 10:00
2024,6,9,11,86.44533333,82.755,09/06/2024 11:00
2024,6,9,12,84.485,75.329,09/06/2024 12:00
2024,6,9,13,82.43633333,72.809,09/06/2024 13:00
2024,6,9,14,80.95566667,71.835,09/06/2024 14:00
2024,6,9,15,77.95466667,68.64966667,09/06/2024 15:00
2024,6,9,16,75.81433333,67.703,09/06/2024 16:00
2024,6,9,17,76.46466667,69.57166667,09/06/2024 17:00
2024,6,9,18,82.20466667,79.809,09/06/2024 18:00
2024,6,9,19,88.81533333,88.58366667,09/06/2024 19:00
2024,6,9,20,100.556,100.556,09/06/2024 20:00
2024,6,9,21,112.2976667,112.2976667,09/06/2024 21:00
2024,6,9,22,121.7466667,121.7466667,09/06/2024 22:00
2024,6,9,23,120.943,120.943,09/06/2024 23:00
2024,6,9,24,111.7293333,111.5173333,10/06/2024 0:00
2024,6,10,1,106.5516667,106.5516667,10/06/2024 1:00
2024,6,10,2,99.48233333,99.48233333,10/06/2024 2:00
2024,6,10,3,96.39233333,96.39233333,10/06/2024 3:00
2024,6,10,4,94.52266667,94.52266667,10/06/2024 4:00
2024,6,10,5,92.11133333,92.11133333,10/06/2024 5:00
2024,6,10,6,93.537,93.537,10/06/2024 6:00
2024,6,10,7,99.77466667,99.77466667,10/06/2024 7:00
2024,6,10,8,107.3406667,107.3406667,10/06/2024 8:00
2024,6,10,9,105.6306667,105.129,10/06/2024 9:00
2024,6,10,10,95.88866667,93.57333333,10/06/2024 10:00
2024,6,10,11,86.44533333,82.755,10/06/2024 11:00
2024,6,10,12,84.485,75.329,10/06/2024 12:00
2024,6,10,13,82.43633333,72.809,10/06/2024 13:00
2024,6,10,14,80.95566667,71.835,10/06/2024 14:00
2024,6,10,15,77.95466667,68.64966667,10/06/2024 15:00
2024,6,10,16,75.81433333,67.703,10/06/2024 16:00
2024,6,10,17,76.46466667,69.57166667,10/06/2024 17:00
2024,6,10,18,82.20466667,79.809,10/06/2024 18:00
2024,6,10,19,88.81533333,88.58366667,10/06/2024 19:00
2024,6,10,20,100.556,100.556,10/06/2024 20:00
2024,6,10,21,112.2976667,112.2976667,10/06/2024 21:00
2024,6,10,22,121.7466667,121.7466667,10/06/2024 22:00
2024,6,10,23,120.943,120.943,10/06/2024 23:00
2024,6,10,24,111.7293333,111.5173333,11/06/2024 0:00
2024,6,11,1,106.5516667,106.5516667,11/06/2024 1:00
2024,6,11,2,99.48233333,99.48233333,11/06/2024 2:00
2024,6,11,3,96.39233333,96.39233333,11/06/2024 3:00
2024,6,11,4,94.52266667,94.52266667,11/06/2024 4:00
2024,6,11,5,92.11133333,92.11133333,11/06/2024 5:00
2024,6,11,6,93.537,93.537,11/06/2024 6:00
2024,6,11,7,99.77466667,99.77466667,11/06/2024 7:00
2024,6,11,8,107.3406667,107.3406667,11/06/2024 8:00
2024,6,11,9,105.6306667,105.129,11/06/2024 9:00
2024,6,11,10,95.88866667,93.57333333,11/06/2024 10:00
2024,6,11,11,86.44533333,82.755,11/06/2024 11:00
2024,6,11,12,84.485,75.329,11/06/2024 12:00
2024,6,11,13,82.43633333,72.809,11/06/2024 13:00
2024,6,11,14,80.95566667,71.835,11/06/2024 14:00
2024,6,11,15,77.95466667,68.64966667,11/06/2024 15:00
2024,6,11,16,75.81433333,67.703,11/06/2024 16:00
2024,6,11,17,76.46466667,69.57166667,11/06/2024 17:00
2024,6,11,18,82.20466667,79.809,11/06/2024 18:00
2024,6,11,19,88.81533333,88.58366667,11/06/2024 19:00
2024,6,11,20,100.556,100.556,11/06/2024 20:00
2024,6,11,21,112.2976667,112.2976667,11/06/2024 21:00
2024,6,11,22,121.7466667,121.7466667,11/06/2024 22:00
2024,6,11,23,120.943,120.943,11/06/2024 23:00
2024,6,11,24,111.7293333,111.5173333,12/06/2024 0:00
2024,6,12,1,106.5516667,106.5516667,12/06/2024 1:00
2024,6,12,2,99.48233333,99.48233333,12/06/2024 2:00
2024,6,12,3,96.39233333,96.39233333,12/06/2024 3:00
2024,6,12,4,94.52266667,94.52266667,12/06/2024 4:00
2024,6,12,5,92.11133333,92.11133333,12/06/2024 5:00
2024,6,12,6,93.537,93.537,12/06/2024 6:00
2024,6,12,7,99.77466667,99.77466667,12/06/2024 7:00
2024,6,12,8,107.3406667,107.3406667,12/06/2024 8:00
2024,6,12,9,105.6306667,105.129,12/06/2024 9:00
2024,6,12,10,95.88866667,93.57333333,12/06/2024 10:00
2024,6,12,11,86.44533333,82.755,12/06/2024 11:00
2024,6,12,12,84.485,75.329,12/06/2024 12:00
2024,6,12,13,82.43633333,72.809,12/06/2024 13:00
2024,6,12,14,80.95566667,71.835,12/06/2024 14:00
2024,6,12,15,77.95466667,68.64966667,12/06/2024 15:00
2024,6,12,16,75.81433333,67.703,12/06/2024 16:00
2024,6,12,17,76.46466667,69.57166667,12/06/2024 17:00
2024,6,12,18,82.20466667,79.809,12/06/2024 18:00
2024,6,12,19,88.81533333,88.58366667,12/06/2024 19:00
2024,6,12,20,100.556,100.556,12/06/2024 20:00
2024,6,12,21,112.2976667,112.2976667,12/06/2024 21:00
2024,6,12,22,121.7466667,121.7466667,12/06/2024 22:00
2024,6,12,23,120.943,120.943,12/06/2024 23:00
2024,6,12,24,111.7293333,111.5173333,13/06/2024 0:00
2024,6,13,1,106.5516667,106.5516667,13/06/2024 1:00
2024,6,13,2,99.48233333,99.48233333,13/06/2024 2:00
2024,6,13,3,96.39233333,96.39233333,13/06/2024 3:00
2024,6,13,4,94.52266667,94.52266667,13/06/2024 4:00
2024,6,13,5,92.11133333,92.11133333,13/06/2024 5:00
2024,6,13,6,93.537,93.537,13/06/2024 6:00
2024,6,13,7,99.77466667,99.77466667,13/06/2024 7:00
2024,6,13,8,107.3406667,107.3406667,13/06/2024 8:00
2024,6,13,9,105.6306667,105.129,13/06/2024 9:00
2024,6,13,10,95.88866667,93.57333333,13/06/2024 10:00
2024,6,13,11,86.44533333,82.755,13/06/2024 11:00
2024,6,13,12,84.485,75.329,13/06/2024 12:00
2024,6,13,13,82.43633333,72.809,13/06/2024 13:00
2024,6,13,14,80.95566667,71.835,13/06/2024 14:00
2024,6,13,15,77.95466667,68.64966667,13/06/2024 15:00
2024,6,13,16,75.81433333,67.703,13/06/2024 16:00
2024,6,13,17,76.46466667,69.57166667,13/06/2024 17:00
2024,6,13,18,82.20466667,79.809,13/06/2024 18:00
2024,6,13,19,88.81533333,88.58366667,13/06/2024 19:00
2024,6,13,20,100.556,100.556,13/06/2024 20:00
2024,6,13,21,112.2976667,112.2976667,13/06/2024 21:00
2024,6,13,22,121.7466667,121.7466667,13/06/2024 22:00
2024,6,13,23,120.943,120.943,13/06/2024 23:00
2024,6,13,24,111.7293333,111.5173333,14/06/2024 0:00
2024,6,14,1,106.5516667,106.5516667,14/06/2024 1:00
2024,6,14,2,99.48233333,99.48233333,14/06/2024 2:00
2024,6,14,3,96.39233333,96.39233333,14/06/2024 3:00
2024,6,14,4,94.52266667,94.52266667,14/06/2024 4:00
2024,6,14,5,92.11133333,92.11133333,14/06/2024 5:00
2024,6,14,6,93.537,93.537,14/06/2024 6:00
2024,6,14,7,99.77466667,99.77466667,14/06/2024 7:00
2024,6,14,8,107.3406667,107.3406667,14/06/2024 8:00
2024,6,14,9,105.6306667,105.129,14/06/2024 9:00
2024,6,14,10,95.88866667,93.57333333,14/06/2024 10:00
2024,6,14,11,86.44533333,82.755,14/06/2024 11:00
2024,6,14,12,84.485,75.329,14/06/2024 12:00
2024,6,14,13,82.43633333,72.809,14/06/2024 13:00
2024,6,14,14,80.95566667,71.835,14/06/2024 14:00
2024,6,14,15,77.95466667,68.64966667,14/06/2024 15:00
2024,6,14,16,75.81433333,67.703,14/06/2024 16:00
2024,6,14,17,76.46466667,69.57166667,14/06/2024 17:00
2024,6,14,18,82.20466667,79.809,14/06/2024 18:00
2024,6,14,19,88.81533333,88.58366667,14/06/2024 19:00
2024,6,14,20,100.556,100.556,14/06/2024 20:00
2024,6,14,21,112.2976667,112.2976667,14/06/2024 21:00
2024,6,14,22,121.7466667,121.7466667,14/06/2024 22:00
2024,6,14,23,120.943,120.943,14/06/2024 23:00
2024,6,14,24,111.7293333,111.5173333,15/06/2024 0:00
2024,6,15,1,106.5516667,106.5516667,15/06/2024 1:00
2024,6,15,2,99.48233333,99.48233333,15/06/2024 2:00
2024,6,15,3,96.39233333,96.39233333,15/06/2024 3:00
2024,6,15,4,94.52266667,94.52266667,15/06/2024 4:00
2024,6,15,5,92.11133333,92.11133333,15/06/2024 5:00
2024,6,15,6,93.537,93.537,15/06/2024 6:00
2024,6,15,7,99.77466667,99.77466667,15/06/2024 7:00
2024,6,15,8,107.3406667,107.3406667,15/06/2024 8:00
2024,6,15,9,105.6306667,105.129,15/06/2024 9:00
2024,6,15,10,95.88866667,93.57333333,15/06/2024 10:00
2024,6,15,11,86.44533333,82.755,15/06/2024 11:00
2024,6,15,12,84.485,75.329,15/06/2024 12:00
2024,6,15,13,82.43633333,72.809,15/06/2024 13:00
2024,6,15,14,80.95566667,71.835,15/06/2024 14:00
2024,6,15,15,77.95466667,68.64966667,15/06/2024 15:00
2024,6,15,16,75.81433333,67.703,15/06/2024 16:00
2024,6,15,17,76.46466667,69.57166667,15/06/2024 17:00
2024,6,15,18,82.20466667,79.809,15/06/2024 18:00
2024,6,15,19,88.81533333,88.58366667,15/06/2024 19:00
2024,6,15,20,100.556,100.556,15/06/2024 20:00
2024,6,15,21,112.2976667,112.2976667,15/06/2024 21:00
2024,6,15,22,121.7466667,121.7466667,15/06/2024 22:00
2024,6,15,23,120.943,120.943,15/06/2024 23:00
2024,6,15,24,111.7293333,111.5173333,16/06/2024 0:00
2024,6,16,1,106.5516667,106.5516667,16/06/2024 1:00
2024,6,16,2,99.48233333,99.48233333,16/06/2024 2:00
2024,6,16,3,96.39233333,96.39233333,16/06/2024 3:00
2024,6,16,4,94.52266667,94.52266667,16/06/2024 4:00
2024,6,16,5,92.11133333,92.11133333,16/06/2024 5:00
2024,6,16,6,93.537,93.537,16/06/2024 6:00
2024,6,16,7,99.77466667,99.77466667,16/06/2024 7:00
2024,6,16,8,107.3406667,107.3406667,16/06/2024 8:00
2024,6,16,9,105.6306667,105.129,16/06/2024 9:00
2024,6,16,10,95.88866667,93.57333333,16/06/2024 10:00
2024,6,16,11,86.44533333,82.755,16/06/2024 11:00
2024,6,16,12,84.485,75.329,16/06/2024 12:00
2024,6,16,13,82.43633333,72.809,16/06/2024 13:00
2024,6,16,14,80.95566667,71.835,16/06/2024 14:00
2024,6,16,15,77.95466667,68.64966667,16/06/2024 15:00
2024,6,16,16,75.81433333,67.703,16/06/2024 16:00
2024,6,16,17,76.46466667,69.57166667,16/06/2024 17:00
2024,6,16,18,82.20466667,79.809,16/06/2024 18:00
2024,6,16,19,88.81533333,88.58366667,16/06/2024 19:00
2024,6,16,20,100.556,100.556,16/06/2024 20:00
2024,6,16,21,112.2976667,112.2976667,16/06/2024 21:00
2024,6,16,22,121.7466667,121.7466667,16/06/2024 22:00
2024,6,16,23,120.943,120.943,16/06/2024 23:00
2024,6,16,24,111.7293333,111.5173333,17/06/2024 0:00
2024,6,17,1,106.5516667,106.5516667,17/06/2024 1:00
2024,6,17,2,99.48233333,99.48233333,17/06/2024 2:00
2024,6,17,3,96.39233333,96.39233333,17/06/2024 3:00
2024,6,17,4,94.52266667,94.52266667,17/06/2024 4:00
2024,6,17,5,92.11133333,92.11133333,17/06/2024 5:00
2024,6,17,6,93.537,93.537,17/06/2024 6:00
2024,6,17,7,99.77466667,99.77466667,17/06/2024 7:00
2024,6,17,8,107.3406667,107.3406667,17/06/2024 8:00
2024,6,17,9,105.6306667,105.129,17/06/2024 9:00
2024,6,17,10,95.88866667,93.57333333,17/06/2024 10:00
2024,6,17,11,86.44533333,82.755,17/06/2024 11:00
2024,6,17,12,84.485,75.329,17/06/2024 12:00
2024,6,17,13,82.43633333,72.809,17/06/2024 13:00
2024,6,17,14,80.95566667,71.835,17/06/2024 14:00
2024,6,17,15,77.95466667,68.64966667,17/06/2024 15:00
2024,6,17,16,75.81433333,67.703,17/06/2024 16:00
2024,6,17,17,76.46466667,69.57166667,17/06/2024 17:00
2024,6,17,18,82.20466667,79.809,17/06/2024 18:00
2024,6,17,19,88.81533333,88.58366667,17/06/2024 19:00
2024,6,17,20,100.556,100.556,17/06/2024 20:00
2024,6,17,21,112.2976667,112.2976667,17/06/2024 21:00
2024,6,17,22,121.7466667,121.7466667,17/06/2024 22:00
2024,6,17,23,120.943,120.943,17/06/2024 23:00
2024,6,17,24,111.7293333,111.5173333,18/06/2024 0:00
2024,6,18,1,106.5516667,106.5516667,18/06/2024 1:00
2024,6,18,2,99.48233333,99.48233333,18/06/2024 2:00
2024,6,18,3,96.39233333,96.39233333,18/06/2024 3:00
2024,6,18,4,94.52266667,94.52266667,18/06/2024 4:00
2024,6,18,5,92.11133333,92.11133333,18/06/2024 5:00
2024,6,18,6,93.537,93.537,18/06/2024 6:00
2024,6,18,7,99.77466667,99.77466667,18/06/2024 7:00
2024,6,18,8,107.3406667,107.3406667,18/06/2024 8:00
2024,6,18,9,105.6306667,105.129,18/06/2024 9:00
2024,6,18,10,95.88866667,93.57333333,18/06/2024 10:00
2024,6,18,11,86.44533333,82.755,18/06/2024 11:00
2024,6,18,12,84.485,75.329,18/06/2024 12:00
2024,6,18,13,82.43633333,72.809,18/06/2024 13:00
2024,6,18,14,80.95566667,71.835,18/06/2024 14:00
2024,6,18,15,77.95466667,68.64966667,18/06/2024 15:00
2024,6,18,16,75.81433333,67.703,18/06/2024 16:00
2024,6,18,17,76.46466667,69.57166667,18/06/2024 17:00
2024,6,18,18,82.20466667,79.809,18/06/2024 18:00
2024,6,18,19,88.81533333,88.58366667,18/06/2024 19:00
2024,6,18,20,100.556,100.556,18/06/2024 20:00
2024,6,18,21,112.2976667,112.2976667,18/06/2024 21:00
2024,6,18,22,121.7466667,121.7466667,18/06/2024 22:00
2024,6,18,23,120.943,120.943,18/06/2024 23:00
2024,6,18,24,111.7293333,111.5173333,19/06/2024 0:00
2024,6,19,1,106.5516667,106.5516667,19/06/2024 1:00
2024,6,19,2,99.48233333,99.48233333,19/06/2024 2:00
2024,6,19,3,96.39233333,96.39233333,19/06/2024 3:00
2024,6,19,4,94.52266667,94.52266667,19/06/2024 4:00
2024,6,19,5,92.11133333,92.11133333,19/06/2024 5:00
2024,6,19,6,93.537,93.537,19/06/2024 6:00
2024,6,19,7,99.77466667,99.77466667,19/06/2024 7:00
2024,6,19,8,107.3406667,107.3406667,19/06/2024 8:00
2024,6,19,9,105.6306667,105.129,19/06/2024 9:00
2024,6,19,10,95.88866667,93.57333333,19/06/2024 10:00
2024,6,19,11,86.44533333,82.755,19/06/2024 11:00
2024,6,19,12,84.485,75.329,19/06/2024 12:00
2024,6,19,13,82.43633333,72.809,19/06/2024 13:00
2024,6,19,14,80.95566667,71.835,19/06/2024 14:00
2024,6,19,15,77.95466667,68.64966667,19/06/2024 15:00
2024,6,19,16,75.81433333,67.703,19/06/2024 16:00
2024,6,19,17,76.46466667,69.57166667,19/06/2024 17:00
2024,6,19,18,82.20466667,79.809,19/06/2024 18:00
2024,6,19,19,88.81533333,88.58366667,19/06/2024 19:00
2024,6,19,20,100.556,100.556,19/06/2024 20:00
2024,6,19,21,112.2976667,112.2976667,19/06/2024 21:00
2024,6,19,22,121.7466667,121.7466667,19/06/2024 22:00
2024,6,19,23,120.943,120.943,19/06/2024 23:00
2024,6,19,24,111.7293333,111.5173333,20/06/2024 0:00
2024,6,20,1,106.5516667,106.5516667,20/06/2024 1:00
2024,6,20,2,99.48233333,99.48233333,20/06/2024 2:00
2024,6,20,3,96.39233333,96.39233333,20/06/2024 3:00
2024,6,20,4,94.52266667,94.52266667,20/06/2024 4:00
2024,6,20,5,92.11133333,92.11133333,20/06/2024 5:00
2024,6,20,6,93.537,93.537,20/06/2024 6:00
2024,6,20,7,99.77466667,99.77466667,20/06/2024 7:00
2024,6,20,8,107.3406667,107.3406667,20/06/2024 8:00
2024,6,20,9,105.6306667,105.129,20/06/2024 9:00
2024,6,20,10,95.88866667,93.57333333,20/06/2024 10:00
2024,6,20,11,86.44533333,82.755,20/06/2024 11:00
2024,6,20,12,84.485,75.329,20/06/2024 12:00
2024,6,20,13,82.43633333,72.809,20/06/2024 13:00
2024,6,20,14,80.95566667,71.835,20/06/2024 14:00
2024,6,20,15,77.95466667,68.64966667,20/06/2024 15:00
2024,6,20,16,75.81433333,67.703,20/06/2024 16:00
2024,6,20,17,76.46466667,69.57166667,20/06/2024 17:00
2024,6,20,18,82.20466667,79.809,20/06/2024 18:00
2024,6,20,19,88.81533333,88.58366667,20/06/2024 19:00
2024,6,20,20,100.556,100.556,20/06/2024 20:00
2024,6,20,21,112.2976667,112.2976667,20/06/2024 21:00
2024,6,20,22,121.7466667,121.7466667,20/06/2024 22:00
2024,6,20,23,120.943,120.943,20/06/2024 23:00
2024,6,20,24,111.7293333,111.5173333,21/06/2024 0:00
2024,6,21,1,106.5516667,106.5516667,21/06/2024 1:00
2024,6,21,2,99.48233333,99.48233333,21/06/2024 2:00
2024,6,21,3,96.39233333,96.39233333,21/06/2024 3:00
2024,6,21,4,94.52266667,94.52266667,21/06/2024 4:00
2024,6,21,5,92.11133333,92.11133333,21/06/2024 5:00
2024,6,21,6,93.537,93.537,21/06/2024 6:00
2024,6,21,7,99.77466667,99.77466667,21/06/2024 7:00
2024,6,21,8,107.3406667,107.3406667,21/06/2024 8:00
2024,6,21,9,105.6306667,105.129,21/06/2024 9:00
2024,6,21,10,95.88866667,93.57333333,21/06/2024 10:00
2024,6,21,11,86.44533333,82.755,21/06/2024 11:00
2024,6,21,12,84.485,75.329,21/06/2024 12:00
2024,6,21,13,82.43633333,72.809,21/06/2024 13:00
2024,6,21,14,80.95566667,71.835,21/06/2024 14:00
2024,6,21,15,77.95466667,68.64966667,21/06/2024 15:00
2024,6,21,16,75.81433333,67.703,21/06/2024 16:00
2024,6,21,17,76.46466667,69.57166667,21/06/2024 17:00
2024,6,21,18,82.20466667,79.809,21/06/2024 18:00
2024,6,21,19,88.81533333,88.58366667,21/06/2024 19:00
2024,6,21,20,100.556,100.556,21/06/2024 20:00
2024,6,21,21,112.2976667,112.2976667,21/06/2024 21:00
2024,6,21,22,121.7466667,121.7466667,21/06/2024 22:00
2024,6,21,23,120.943,120.943,21/06/2024 23:00
2024,6,21,24,111.7293333,111.5173333,22/06/2024 0:00
2024,6,22,1,106.5516667,106.5516667,22/06/2024 1:00
2024,6,22,2,99.48233333,99.48233333,22/06/2024 2:00
2024,6,22,3,96.39233333,96.39233333,22/06/2024 3:00
2024,6,22,4,94.52266667,94.52266667,22/06/2024 4:00
2024,6,22,5,92.11133333,92.11133333,22/06/2024 5:00
2024,6,22,6,93.537,93.537,22/06/2024 6:00
2024,6,22,7,99.77466667,99.77466667,22/06/2024 7:00
2024,6,22,8,107.3406667,107.3406667,22/06/2024 8:00
2024,6,22,9,105.6306667,105.129,22/06/2024 9:00
2024,6,22,10,95.88866667,93.57333333,22/06/2024 10:00
2024,6,22,11,86.44533333,82.755,22/06/2024 11:00
2024,6,22,12,84.485,75.329,22/06/2024 12:00
2024,6,22,13,82.43633333,72.809,22/06/2024 13:00
2024,6,22,14,80.95566667,71.835,22/06/2024 14:00
2024,6,22,15,77.95466667,68.64966667,22/06/2024 15:00
2024,6,22,16,75.81433333,67.703,22/06/2024 16:00
2024,6,22,17,76.46466667,69.57166667,22/06/2024 17:00
2024,6,22,18,82.20466667,79.809,22/06/2024 18:00
2024,6,22,19,88.81533333,88.58366667,22/06/2024 19:00
2024,6,22,20,100.556,100.556,22/06/2024 20:00
2024,6,22,21,112.2976667,112.2976667,22/06/2024 21:00
2024,6,22,22,121.7466667,121.7466667,22/06/2024 22:00
2024,6,22,23,120.943,120.943,22/06/2024 23:00
2024,6,22,24,111.7293333,111.5173333,23/06/2024 0:00
2024,6,23,1,106.5516667,106.5516667,23/06/2024 1:00
2024,6,23,2,99.48233333,99.48233333,23/06/2024 2:00
2024,6,23,3,96.39233333,96.39233333,23/06/2024 3:00
2024,6,23,4,94.52266667,94.52266667,23/06/2024 4:00
2024,6,23,5,92.11133333,92.11133333,23/06/2024 5:00
2024,6,23,6,93.537,93.537,23/06/2024 6:00
2024,6,23,7,99.77466667,99.77466667,23/06/2024 7:00
2024,6,23,8,107.3406667,107.3406667,23/06/2024 8:00
2024,6,23,9,105.6306667,105.129,23/06/2024 9:00
2024,6,23,10,95.88866667,93.57333333,23/06/2024 10:00
2024,6,23,11,86.44533333,82.755,23/06/2024 11:00
2024,6,23,12,84.485,75.329,23/06/2024 12:00
2024,6,23,13,82.43633333,72.809,23/06/2024 13:00
2024,6,23,14,80.95566667,71.835,23/06/2024 14:00
2024,6,23,15,77.95466667,68.64966667,23/06/2024 15:00
2024,6,23,16,75.81433333,67.703,23/06/2024 16:00
2024,6,23,17,76.46466667,69.57166667,23/06/2024 17:00
2024,6,23,18,82.20466667,79.809,23/06/2024 18:00
2024,6,23,19,88.81533333,88.58366667,23/06/2024 19:00
2024,6,23,20,100.556,100.556,23/06/2024 20:00
2024,6,23,21,112.2976667,112.2976667,23/06/2024 21:00
2024,6,23,22,121.7466667,121.7466667,23/06/2024 22:00
2024,6,23,23,120.943,120.943,23/06/2024 23:00
2024,6,23,24,111.7293333,111.5173333,24/06/2024 0:00
2024,6,24,1,106.5516667,106.5516667,24/06/2024 1:00
2024,6,24,2,99.48233333,99.48233333,24/06/2024 2:00
2024,6,24,3,96.39233333,96.39233333,24/06/2024 3:00
2024,6,24,4,94.52266667,94.52266667,24/06/2024 4:00
2024,6,24,5,92.11133333,92.11133333,24/06/2024 5:00
2024,6,24,6,93.537,93.537,24/06/2024 6:00
2024,6,24,7,99.77466667,99.77466667,24/06/2024 7:00
2024,6,24,8,107.3406667,107.3406667,24/06/2024 8:00
2024,6,24,9,105.6306667,105.129,24/06/2024 9:00
2024,6,24,10,95.88866667,93.57333333,24/06/2024 10:00
2024,6,24,11,86.44533333,82.755,24/06/2024 11:00
2024,6,24,12,84.485,75.329,24/06/2024 12:00
2024,6,24,13,82.43633333,72.809,24/06/2024 13:00
2024,6,24,14,80.95566667,71.835,24/06/2024 14:00
2024,6,24,15,77.95466667,68.64966667,24/06/2024 15:00
2024,6,24,16,75.81433333,67.703,24/06/2024 16:00
2024,6,24,17,76.46466667,69.57166667,24/06/2024 17:00
2024,6,24,18,82.20466667,79.809,24/06/2024 18:00
2024,6,24,19,88.81533333,88.58366667,24/06/2024 19:00
2024,6,24,20,100.556,100.556,24/06/2024 20:00
2024,6,24,21,112.2976667,112.2976667,24/06/2024 21:00
2024,6,24,22,121.7466667,121.7466667,24/06/2024 22:00
2024,6,24,23,120.943,120.943,24/06/2024 23:00
2024,6,24,24,111.7293333,111.5173333,25/06/2024 0:00
2024,6,25,1,106.5516667,106.5516667,25/06/2024 1:00
2024,6,25,2,99.48233333,99.48233333,25/06/2024 2:00
2024,6,25,3,96.39233333,96.39233333,25/06/2024 3:00
2024,6,25,4,94.52266667,94.52266667,25/06/2024 4:00
2024,6,25,5,92.11133333,92.11133333,25/06/2024 5:00
2024,6,25,6,93.537,93.537,25/06/2024 6:00
2024,6,25,7,99.77466667,99.77466667,25/06/2024 7:00
2024,6,25,8,107.3406667,107.3406667,25/06/2024 8:00
2024,6,25,9,105.6306667,105.129,25/06/2024 9:00
2024,6,25,10,95.88866667,93.57333333,25/06/2024 10:00
2024,6,25,11,86.44533333,82.755,25/06/2024 11:00
2024,6,25,12,84.485,75.329,25/06/2024 12:00
2024,6,25,13,82.43633333,72.809,25/06/2024 13:00
2024,6,25,14,80.95566667,71.835,25/06/2024 14:00
2024,6,25,15,77.95466667,68.64966667,25/06/2024 15:00
2024,6,25,16,75.81433333,67.703,25/06/2024 16:00
2024,6,25,17,76.46466667,69.57166667,25/06/2024 17:00
2024,6,25,18,82.20466667,79.809,25/06/2024 18:00
2024,6,25,19,88.81533333,88.58366667,25/06/2024 19:00
2024,6,25,20,100.556,100.556,25/06/2024 20:00
2024,6,25,21,112.2976667,112.2976667,25/06/2024 21:00
2024,6,25,22,121.7466667,121.7466667,25/06/2024 22:00
2024,6,25,23,120.943,120.943,25/06/2024 23:00
2024,6,25,24,111.7293333,111.5173333,26/06/2024 0:00
2024,6,26,1,106.5516667,106.5516667,26/06/2024 1:00
2024,6,26,2,99.48233333,99.48233333,26/06/2024 2:00
2024,6,26,3,96.39233333,96.39233333,26/06/2024 3:00
2024,6,26,4,94.52266667,94.52266667,26/06/2024 4:00
2024,6,26,5,92.11133333,92.11133333,26/06/2024 5:00
2024,6,26,6,93.537,93.537,26/06/2024 6:00
2024,6,26,7,99.77466667,99.77466667,26/06/2024 7:00
2024,6,26,8,107.3406667,107.3406667,26/06/2024 8:00
2024,6,26,9,105.6306667,105.129,26/06/2024 9:00
2024,6,26,10,95.88866667,93.57333333,26/06/2024 10:00
2024,6,26,11,86.44533333,82.755,26/06/2024 11:00
2024,6,26,12,84.485,75.329,26/06/2024 12:00
2024,6,26,13,82.43633333,72.809,26/06/2024 13:00
2024,6,26,14,80.95566667,71.835,26/06/2024 14:00
2024,6,26,15,77.95466667,68.64966667,26/06/2024 15:00
2024,6,26,16,75.81433333,67.703,26/06/2024 16:00
2024,6,26,17,76.46466667,69.57166667,26/06/2024 17:00
2024,6,26,18,82.20466667,79.809,26/06/2024 18:00
2024,6,26,19,88.81533333,88.58366667,26/06/2024 19:00
2024,6,26,20,100.556,100.556,26/06/2024 20:00
2024,6,26,21,112.2976667,112.2976667,26/06/2024 21:00
2024,6,26,22,121.7466667,121.7466667,26/06/2024 22:00
2024,6,26,23,120.943,120.943,26/06/2024 23:00
2024,6,26,24,111.7293333,111.5173333,27/06/2024 0:00
2024,6,27,1,106.5516667,106.5516667,27/06/2024 1:00
2024,6,27,2,99.48233333,99.48233333,27/06/2024 2:00
2024,6,27,3,96.39233333,96.39233333,27/06/2024 3:00
2024,6,27,4,94.52266667,94.52266667,27/06/2024 4:00
2024,6,27,5,92.11133333,92.11133333,27/06/2024 5:00
2024,6,27,6,93.537,93.537,27/06/2024 6:00
2024,6,27,7,99.77466667,99.77466667,27/06/2024 7:00
2024,6,27,8,107.3406667,107.3406667,27/06/2024 8:00
2024,6,27,9,105.6306667,105.129,27/06/2024 9:00
2024,6,27,10,95.88866667,93.57333333,27/06/2024 10:00
2024,6,27,11,86.44533333,82.755,27/06/2024 11:00
2024,6,27,12,84.485,75.329,27/06/2024 12:00
2024,6,27,13,82.43633333,72.809,27/06/2024 13:00
2024,6,27,14,80.95566667,71.835,27/06/2024 14:00
2024,6,27,15,77.95466667,68.64966667,27/06/2024 15:00
2024,6,27,16,75.81433333,67.703,27/06/2024 16:00
2024,6,27,17,76.46466667,69.57166667,27/06/2024 17:00
2024,6,27,18,82.20466667,79.809,27/06/2024 18:00
2024,6,27,19,88.81533333,88.58366667,27/06/2024 19:00
2024,6,27,20,100.556,100.556,27/06/2024 20:00
2024,6,27,21,112.2976667,112.2976667,27/06/2024 21:00
2024,6,27,22,121.7466667,121.7466667,27/06/2024 22:00
2024,6,27,23,120.943,120.943,27/06/2024 23:00
2024,6,27,24,111.7293333,111.5173333,28/06/2024 0:00
2024,6,28,1,106.5516667,106.5516667,28/06/2024 1:00
2024,6,28,2,99.48233333,99.48233333,28/06/2024 2:00
2024,6,28,3,96.39233333,96.39233333,28/06/2024 3:00
2024,6,28,4,94.52266667,94.52266667,28/06/2024 4:00
2024,6,28,5,92.11133333,92.11133333,28/06/2024 5:00
2024,6,28,6,93.537,93.537,28/06/2024 6:00
2024,6,28,7,99.77466667,99.77466667,28/06/2024 7:00
2024,6,28,8,107.3406667,107.3406667,28/06/2024 8:00
2024,6,28,9,105.6306667,105.129,28/06/2024 9:00
2024,6,28,10,95.88866667,93.57333333,28/06/2024 10:00
2024,6,28,11,86.44533333,82.755,28/06/2024 11:00
2024,6,28,12,84.485,75.329,28/06/2024 12:00
2024,6,28,13,82.43633333,72.809,28/06/2024 13:00
2024,6,28,14,80.95566667,71.835,28/06/2024 14:00
2024,6,28,15,77.95466667,68.64966667,28/06/2024 15:00
2024,6,28,16,75.81433333,67.703,28/06/2024 16:00
2024,6,28,17,76.46466667,69.57166667,28/06/2024 17:00
2024,6,28,18,82.20466667,79.809,28/06/2024 18:00
2024,6,28,19,88.81533333,88.58366667,28/06/2024 19:00
2024,6,28,20,100.556,100.556,28/06/2024 20:00
2024,6,28,21,112.2976667,112.2976667,28/06/2024 21:00
2024,6,28,22,121.7466667,121.7466667,28/06/2024 22:00
2024,6,28,23,120.943,120.943,28/06/2024 23:00
2024,6,28,24,111.7293333,111.5173333,29/06/2024 0:00
2024,6,29,1,106.5516667,106.5516667,29/06/2024 1:00
2024,6,29,2,99.48233333,99.48233333,29/06/2024 2:00
2024,6,29,3,96.39233333,96.39233333,29/06/2024 3:00
2024,6,29,4,94.52266667,94.52266667,29/06/2024 4:00
2024,6,29,5,92.11133333,92.11133333,29/06/2024 5:00
2024,6,29,6,93.537,93.537,29/06/2024 6:00
2024,6,29,7,99.77466667,99.77466667,29/06/2024 7:00
2024,6,29,8,107.3406667,107.3406667,29/06/2024 8:00
2024,6,29,9,105.6306667,105.129,29/06/2024 9:00
2024,6,29,10,95.88866667,93.57333333,29/06/2024 10:00
2024,6,29,11,86.44533333,82.755,29/06/2024 11:00
2024,6,29,12,84.485,75.329,29/06/2024 12:00
2024,6,29,13,82.43633333,72.809,29/06/2024 13:00
2024,6,29,14,80.95566667,71.835,29/06/2024 14:00
2024,6,29,15,77.95466667,68.64966667,29/06/2024 15:00
2024,6,29,16,75.81433333,67.703,29/06/2024 16:00
2024,6,29,17,76.46466667,69.57166667,29/06/2024 17:00
2024,6,29,18,82.20466667,79.809,29/06/2024 18:00
2024,6,29,19,88.81533333,88.58366667,29/06/2024 19:00
2024,6,29,20,100.556,100.556,29/06/2024 20:00
2024,6,29,21,112.2976667,112.2976667,29/06/2024 21:00
2024,6,29,22,121.7466667,121.7466667,29/06/2024 22:00
2024,6,29,23,120.943,120.943,29/06/2024 23:00
2024,6,29,24,111.7293333,111.5173333,30/06/2024 0:00
2024,6,30,1,106.5516667,106.5516667,30/06/2024 1:00
2024,6,30,2,99.48233333,99.48233333,30/06/2024 2:00
2024,6,30,3,96.39233333,96.39233333,30/06/2024 3:00
2024,6,30,4,94.52266667,94.52266667,30/06/2024 4:00
2024,6,30,5,92.11133333,92.11133333,30/06/2024 5:00
2024,6,30,6,93.537,93.537,30/06/2024 6:00
2024,6,30,7,99.77466667,99.77466667,30/06/2024 7:00
2024,6,30,8,107.3406667,107.3406667,30/06/2024 8:00
2024,6,30,9,105.6306667,105.129,30/06/2024 9:00
2024,6,30,10,95.88866667,93.57333333,30/06/2024 10:00
2024,6,30,11,86.44533333,82.755,30/06/2024 11:00
2024,6,30,12,84.485,75.329,30/06/2024 12:00
2024,6,30,13,82.43633333,72.809,30/06/2024 13:00
2024,6,30,14,80.95566667,71.835,30/06/2024 14:00
2024,6,30,15,77.95466667,68.64966667,30/06/2024 15:00
2024,6,30,16,75.81433333,67.703,30/06/2024 16:00
2024,6,30,17,76.46466667,69.57166667,30/06/2024 17:00
2024,6,30,18,82.20466667,79.809,30/06/2024 18:00
2024,6,30,19,88.81533333,88.58366667,30/06/2024 19:00
2024,6,30,20,100.556,100.556,30/06/2024 20:00
2024,6,30,21,112.2976667,112.2976667,30/06/2024 21:00
2024,6,30,22,121.7466667,121.7466667,30/06/2024 22:00
2024,6,30,23,120.943,120.943,30/06/2024 23:00
2024,6,30,24,111.7293333,111.5173333,01/07/2024 0:00
2024,7,1,1,108.1848387,108.1848387,01/07/2024 1:00
2024,7,1,2,100.7825806,100.7825806,01/07/2024 2:00
2024,7,1,3,95.75935484,95.47322581,01/07/2024 3:00
2024,7,1,4,94.37258065,94.37258065,01/07/2024 4:00
2024,7,1,5,93.1616129,93.1616129,01/07/2024 5:00
2024,7,1,6,96.05096774,96.05096774,01/07/2024 6:00
2024,7,1,7,103.6274194,103.6274194,01/07/2024 7:00
2024,7,1,8,107.9080645,107.9080645,01/07/2024 8:00
2024,7,1,9,104.4767742,102.2751613,01/07/2024 9:00
2024,7,1,10,93.63129032,89.90258065,01/07/2024 10:00
2024,7,1,11,84.88774194,79.49548387,01/07/2024 11:00
2024,7,1,12,81.14354839,72.22741935,01/07/2024 12:00
2024,7,1,13,79.60870968,70.51677419,01/07/2024 13:00
2024,7,1,14,77.52741935,66.6316129,01/07/2024 14:00
2024,7,1,15,72.33322581,62.96580645,01/07/2024 15:00
2024,7,1,16,70.51064516,61.48193548,01/07/2024 16:00
2024,7,1,17,70.47322581,62.35612903,01/07/2024 17:00
2024,7,1,18,74.06322581,67.06387097,01/07/2024 18:00
2024,7,1,19,79.94483871,74.57677419,01/07/2024 19:00
2024,7,1,20,93.70225806,93.17322581,01/07/2024 20:00
2024,7,1,21,112.0390323,112.0145161,01/07/2024 21:00
2024,7,1,22,120.7112903,120.7112903,01/07/2024 22:00
2024,7,1,23,121.6490323,121.6490323,01/07/2024 23:00
2024,7,1,24,114.6474194,114.6474194,02/07/2024 0:00
2024,7,2,1,108.1848387,108.1848387,02/07/2024 1:00
2024,7,2,2,100.7825806,100.7825806,02/07/2024 2:00
2024,7,2,3,95.75935484,95.47322581,02/07/2024 3:00
2024,7,2,4,94.37258065,94.37258065,02/07/2024 4:00
2024,7,2,5,93.1616129,93.1616129,02/07/2024 5:00
2024,7,2,6,96.05096774,96.05096774,02/07/2024 6:00
2024,7,2,7,103.6274194,103.6274194,02/07/2024 7:00
2024,7,2,8,107.9080645,107.9080645,02/07/2024 8:00
2024,7,2,9,104.4767742,102.2751613,02/07/2024 9:00
2024,7,2,10,93.63129032,89.90258065,02/07/2024 10:00
2024,7,2,11,84.88774194,79.49548387,02/07/2024 11:00
2024,7,2,12,81.14354839,72.22741935,02/07/2024 12:00
2024,7,2,13,79.60870968,70.51677419,02/07/2024 13:00
2024,7,2,14,77.52741935,66.6316129,02/07/2024 14:00
2024,7,2,15,72.33322581,62.96580645,02/07/2024 15:00
2024,7,2,16,70.51064516,61.48193548,02/07/2024 16:00
2024,7,2,17,70.47322581,62.35612903,02/07/2024 17:00
2024,7,2,18,74.06322581,67.06387097,02/07/2024 18:00
2024,7,2,19,79.94483871,74.57677419,02/07/2024 19:00
2024,7,2,20,93.70225806,93.17322581,02/07/2024 20:00
2024,7,2,21,112.0390323,112.0145161,02/07/2024 21:00
2024,7,2,22,120.7112903,120.7112903,02/07/2024 22:00
2024,7,2,23,121.6490323,121.6490323,02/07/2024 23:00
2024,7,2,24,114.6474194,114.6474194,03/07/2024 0:00
2024,7,3,1,108.1848387,108.1848387,03/07/2024 1:00
2024,7,3,2,100.7825806,100.7825806,03/07/2024 2:00
2024,7,3,3,95.75935484,95.47322581,03/07/2024 3:00
2024,7,3,4,94.37258065,94.37258065,03/07/2024 4:00
2024,7,3,5,93.1616129,93.1616129,03/07/2024 5:00
2024,7,3,6,96.05096774,96.05096774,03/07/2024 6:00
2024,7,3,7,103.6274194,103.6274194,03/07/2024 7:00
2024,7,3,8,107.9080645,107.9080645,03/07/2024 8:00
2024,7,3,9,104.4767742,102.2751613,03/07/2024 9:00
2024,7,3,10,93.63129032,89.90258065,03/07/2024 10:00
2024,7,3,11,84.88774194,79.49548387,03/07/2024 11:00
2024,7,3,12,81.14354839,72.22741935,03/07/2024 12:00
2024,7,3,13,79.60870968,70.51677419,03/07/2024 13:00
2024,7,3,14,77.52741935,66.6316129,03/07/2024 14:00
2024,7,3,15,72.33322581,62.96580645,03/07/2024 15:00
2024,7,3,16,70.51064516,61.48193548,03/07/2024 16:00
2024,7,3,17,70.47322581,62.35612903,03/07/2024 17:00
2024,7,3,18,74.06322581,67.06387097,03/07/2024 18:00
2024,7,3,19,79.94483871,74.57677419,03/07/2024 19:00
2024,7,3,20,93.70225806,93.17322581,03/07/2024 20:00
2024,7,3,21,112.0390323,112.0145161,03/07/2024 21:00
2024,7,3,22,120.7112903,120.7112903,03/07/2024 22:00
2024,7,3,23,121.6490323,121.6490323,03/07/2024 23:00
2024,7,3,24,114.6474194,114.6474194,04/07/2024 0:00
2024,7,4,1,108.1848387,108.1848387,04/07/2024 1:00
2024,7,4,2,100.7825806,100.7825806,04/07/2024 2:00
2024,7,4,3,95.75935484,95.47322581,04/07/2024 3:00
2024,7,4,4,94.37258065,94.37258065,04/07/2024 4:00
2024,7,4,5,93.1616129,93.1616129,04/07/2024 5:00
2024,7,4,6,96.05096774,96.05096774,04/07/2024 6:00
2024,7,4,7,103.6274194,103.6274194,04/07/2024 7:00
2024,7,4,8,107.9080645,107.9080645,04/07/2024 8:00
2024,7,4,9,104.4767742,102.2751613,04/07/2024 9:00
2024,7,4,10,93.63129032,89.90258065,04/07/2024 10:00
2024,7,4,11,84.88774194,79.49548387,04/07/2024 11:00
2024,7,4,12,81.14354839,72.22741935,04/07/2024 12:00
2024,7,4,13,79.60870968,70.51677419,04/07/2024 13:00
2024,7,4,14,77.52741935,66.6316129,04/07/2024 14:00
2024,7,4,15,72.33322581,62.96580645,04/07/2024 15:00
2024,7,4,16,70.51064516,61.48193548,04/07/2024 16:00
2024,7,4,17,70.47322581,62.35612903,04/07/2024 17:00
2024,7,4,18,74.06322581,67.06387097,04/07/2024 18:00
2024,7,4,19,79.94483871,74.57677419,04/07/2024 19:00
2024,7,4,20,93.70225806,93.17322581,04/07/2024 20:00
2024,7,4,21,112.0390323,112.0145161,04/07/2024 21:00
2024,7,4,22,120.7112903,120.7112903,04/07/2024 22:00
2024,7,4,23,121.6490323,121.6490323,04/07/2024 23:00
2024,7,4,24,114.6474194,114.6474194,05/07/2024 0:00
2024,7,5,1,108.1848387,108.1848387,05/07/2024 1:00
2024,7,5,2,100.7825806,100.7825806,05/07/2024 2:00
2024,7,5,3,95.75935484,95.47322581,05/07/2024 3:00
2024,7,5,4,94.37258065,94.37258065,05/07/2024 4:00
2024,7,5,5,93.1616129,93.1616129,05/07/2024 5:00
2024,7,5,6,96.05096774,96.05096774,05/07/2024 6:00
2024,7,5,7,103.6274194,103.6274194,05/07/2024 7:00
2024,7,5,8,107.9080645,107.9080645,05/07/2024 8:00
2024,7,5,9,104.4767742,102.2751613,05/07/2024 9:00
2024,7,5,10,93.63129032,89.90258065,05/07/2024 10:00
2024,7,5,11,84.88774194,79.49548387,05/07/2024 11:00
2024,7,5,12,81.14354839,72.22741935,05/07/2024 12:00
2024,7,5,13,79.60870968,70.51677419,05/07/2024 13:00
2024,7,5,14,77.52741935,66.6316129,05/07/2024 14:00
2024,7,5,15,72.33322581,62.96580645,05/07/2024 15:00
2024,7,5,16,70.51064516,61.48193548,05/07/2024 16:00
2024,7,5,17,70.47322581,62.35612903,05/07/2024 17:00
2024,7,5,18,74.06322581,67.06387097,05/07/2024 18:00
2024,7,5,19,79.94483871,74.57677419,05/07/2024 19:00
2024,7,5,20,93.70225806,93.17322581,05/07/2024 20:00
2024,7,5,21,112.0390323,112.0145161,05/07/2024 21:00
2024,7,5,22,120.7112903,120.7112903,05/07/2024 22:00
2024,7,5,23,121.6490323,121.6490323,05/07/2024 23:00
2024,7,5,24,114.6474194,114.6474194,06/07/2024 0:00
2024,7,6,1,108.1848387,108.1848387,06/07/2024 1:00
2024,7,6,2,100.7825806,100.7825806,06/07/2024 2:00
2024,7,6,3,95.75935484,95.47322581,06/07/2024 3:00
2024,7,6,4,94.37258065,94.37258065,06/07/2024 4:00
2024,7,6,5,93.1616129,93.1616129,06/07/2024 5:00
2024,7,6,6,96.05096774,96.05096774,06/07/2024 6:00
2024,7,6,7,103.6274194,103.6274194,06/07/2024 7:00
2024,7,6,8,107.9080645,107.9080645,06/07/2024 8:00
2024,7,6,9,104.4767742,102.2751613,06/07/2024 9:00
2024,7,6,10,93.63129032,89.90258065,06/07/2024 10:00
2024,7,6,11,84.88774194,79.49548387,06/07/2024 11:00
2024,7,6,12,81.14354839,72.22741935,06/07/2024 12:00
2024,7,6,13,79.60870968,70.51677419,06/07/2024 13:00
2024,7,6,14,77.52741935,66.6316129,06/07/2024 14:00
2024,7,6,15,72.33322581,62.96580645,06/07/2024 15:00
2024,7,6,16,70.51064516,61.48193548,06/07/2024 16:00
2024,7,6,17,70.47322581,62.35612903,06/07/2024 17:00
2024,7,6,18,74.06322581,67.06387097,06/07/2024 18:00
2024,7,6,19,79.94483871,74.57677419,06/07/2024 19:00
2024,7,6,20,93.70225806,93.17322581,06/07/2024 20:00
2024,7,6,21,112.0390323,112.0145161,06/07/2024 21:00
2024,7,6,22,120.7112903,120.7112903,06/07/2024 22:00
2024,7,6,23,121.6490323,121.6490323,06/07/2024 23:00
2024,7,6,24,114.6474194,114.6474194,07/07/2024 0:00
2024,7,7,1,108.1848387,108.1848387,07/07/2024 1:00
2024,7,7,2,100.7825806,100.7825806,07/07/2024 2:00
2024,7,7,3,95.75935484,95.47322581,07/07/2024 3:00
2024,7,7,4,94.37258065,94.37258065,07/07/2024 4:00
2024,7,7,5,93.1616129,93.1616129,07/07/2024 5:00
2024,7,7,6,96.05096774,96.05096774,07/07/2024 6:00
2024,7,7,7,103.6274194,103.6274194,07/07/2024 7:00
2024,7,7,8,107.9080645,107.9080645,07/07/2024 8:00
2024,7,7,9,104.4767742,102.2751613,07/07/2024 9:00
2024,7,7,10,93.63129032,89.90258065,07/07/2024 10:00
2024,7,7,11,84.88774194,79.49548387,07/07/2024 11:00
2024,7,7,12,81.14354839,72.22741935,07/07/2024 12:00
2024,7,7,13,79.60870968,70.51677419,07/07/2024 13:00
2024,7,7,14,77.52741935,66.6316129,07/07/2024 14:00
2024,7,7,15,72.33322581,62.96580645,07/07/2024 15:00
2024,7,7,16,70.51064516,61.48193548,07/07/2024 16:00
2024,7,7,17,70.47322581,62.35612903,07/07/2024 17:00
2024,7,7,18,74.06322581,67.06387097,07/07/2024 18:00
2024,7,7,19,79.94483871,74.57677419,07/07/2024 19:00
2024,7,7,20,93.70225806,93.17322581,07/07/2024 20:00
2024,7,7,21,112.0390323,112.0145161,07/07/2024 21:00
2024,7,7,22,120.7112903,120.7112903,07/07/2024 22:00
2024,7,7,23,121.6490323,121.6490323,07/07/2024 23:00
2024,7,7,24,114.6474194,114.6474194,08/07/2024 0:00
2024,7,8,1,108.1848387,108.1848387,08/07/2024 1:00
2024,7,8,2,100.7825806,100.7825806,08/07/2024 2:00
2024,7,8,3,95.75935484,95.47322581,08/07/2024 3:00
2024,7,8,4,94.37258065,94.37258065,08/07/2024 4:00
2024,7,8,5,93.1616129,93.1616129,08/07/2024 5:00
2024,7,8,6,96.05096774,96.05096774,08/07/2024 6:00
2024,7,8,7,103.6274194,103.6274194,08/07/2024 7:00
2024,7,8,8,107.9080645,107.9080645,08/07/2024 8:00
2024,7,8,9,104.4767742,102.2751613,08/07/2024 9:00
2024,7,8,10,93.63129032,89.90258065,08/07/2024 10:00
2024,7,8,11,84.88774194,79.49548387,08/07/2024 11:00
2024,7,8,12,81.14354839,72.22741935,08/07/2024 12:00
2024,7,8,13,79.60870968,70.51677419,08/07/2024 13:00
2024,7,8,14,77.52741935,66.6316129,08/07/2024 14:00
2024,7,8,15,72.33322581,62.96580645,08/07/2024 15:00
2024,7,8,16,70.51064516,61.48193548,08/07/2024 16:00
2024,7,8,17,70.47322581,62.35612903,08/07/2024 17:00
2024,7,8,18,74.06322581,67.06387097,08/07/2024 18:00
2024,7,8,19,79.94483871,74.57677419,08/07/2024 19:00
2024,7,8,20,93.70225806,93.17322581,08/07/2024 20:00
2024,7,8,21,112.0390323,112.0145161,08/07/2024 21:00
2024,7,8,22,120.7112903,120.7112903,08/07/2024 22:00
2024,7,8,23,121.6490323,121.6490323,08/07/2024 23:00
2024,7,8,24,114.6474194,114.6474194,09/07/2024 0:00
2024,7,9,1,108.1848387,108.1848387,09/07/2024 1:00
2024,7,9,2,100.7825806,100.7825806,09/07/2024 2:00
2024,7,9,3,95.75935484,95.47322581,09/07/2024 3:00
2024,7,9,4,94.37258065,94.37258065,09/07/2024 4:00
2024,7,9,5,93.1616129,93.1616129,09/07/2024 5:00
2024,7,9,6,96.05096774,96.05096774,09/07/2024 6:00
2024,7,9,7,103.6274194,103.6274194,09/07/2024 7:00
2024,7,9,8,107.9080645,107.9080645,09/07/2024 8:00
2024,7,9,9,104.4767742,102.2751613,09/07/2024 9:00
2024,7,9,10,93.63129032,89.90258065,09/07/2024 10:00
2024,7,9,11,84.88774194,79.49548387,09/07/2024 11:00
2024,7,9,12,81.14354839,72.22741935,09/07/2024 12:00
2024,7,9,13,79.60870968,70.51677419,09/07/2024 13:00
2024,7,9,14,77.52741935,66.6316129,09/07/2024 14:00
2024,7,9,15,72.33322581,62.96580645,09/07/2024 15:00
2024,7,9,16,70.51064516,61.48193548,09/07/2024 16:00
2024,7,9,17,70.47322581,62.35612903,09/07/2024 17:00
2024,7,9,18,74.06322581,67.06387097,09/07/2024 18:00
2024,7,9,19,79.94483871,74.57677419,09/07/2024 19:00
2024,7,9,20,93.70225806,93.17322581,09/07/2024 20:00
2024,7,9,21,112.0390323,112.0145161,09/07/2024 21:00
2024,7,9,22,120.7112903,120.7112903,09/07/2024 22:00
2024,7,9,23,121.6490323,121.6490323,09/07/2024 23:00
2024,7,9,24,114.6474194,114.6474194,10/07/2024 0:00
2024,7,10,1,108.1848387,108.1848387,10/07/2024 1:00
2024,7,10,2,100.7825806,100.7825806,10/07/2024 2:00
2024,7,10,3,95.75935484,95.47322581,10/07/2024 3:00
2024,7,10,4,94.37258065,94.37258065,10/07/2024 4:00
2024,7,10,5,93.1616129,93.1616129,10/07/2024 5:00
2024,7,10,6,96.05096774,96.05096774,10/07/2024 6:00
2024,7,10,7,103.6274194,103.6274194,10/07/2024 7:00
2024,7,10,8,107.9080645,107.9080645,10/07/2024 8:00
2024,7,10,9,104.4767742,102.2751613,10/07/2024 9:00
2024,7,10,10,93.63129032,89.90258065,10/07/2024 10:00
2024,7,10,11,84.88774194,79.49548387,10/07/2024 11:00
2024,7,10,12,81.14354839,72.22741935,10/07/2024 12:00
2024,7,10,13,79.60870968,70.51677419,10/07/2024 13:00
2024,7,10,14,77.52741935,66.6316129,10/07/2024 14:00
2024,7,10,15,72.33322581,62.96580645,10/07/2024 15:00
2024,7,10,16,70.51064516,61.48193548,10/07/2024 16:00
2024,7,10,17,70.47322581,62.35612903,10/07/2024 17:00
2024,7,10,18,74.06322581,67.06387097,10/07/2024 18:00
2024,7,10,19,79.94483871,74.57677419,10/07/2024 19:00
2024,7,10,20,93.70225806,93.17322581,10/07/2024 20:00
2024,7,10,21,112.0390323,112.0145161,10/07/2024 21:00
2024,7,10,22,120.7112903,120.7112903,10/07/2024 22:00
2024,7,10,23,121.6490323,121.6490323,10/07/2024 23:00
2024,7,10,24,114.6474194,114.6474194,11/07/2024 0:00
2024,7,11,1,108.1848387,108.1848387,11/07/2024 1:00
2024,7,11,2,100.7825806,100.7825806,11/07/2024 2:00
2024,7,11,3,95.75935484,95.47322581,11/07/2024 3:00
2024,7,11,4,94.37258065,94.37258065,11/07/2024 4:00
2024,7,11,5,93.1616129,93.1616129,11/07/2024 5:00
2024,7,11,6,96.05096774,96.05096774,11/07/2024 6:00
2024,7,11,7,103.6274194,103.6274194,11/07/2024 7:00
2024,7,11,8,107.9080645,107.9080645,11/07/2024 8:00
2024,7,11,9,104.4767742,102.2751613,11/07/2024 9:00
2024,7,11,10,93.63129032,89.90258065,11/07/2024 10:00
2024,7,11,11,84.88774194,79.49548387,11/07/2024 11:00
2024,7,11,12,81.14354839,72.22741935,11/07/2024 12:00
2024,7,11,13,79.60870968,70.51677419,11/07/2024 13:00
2024,7,11,14,77.52741935,66.6316129,11/07/2024 14:00
2024,7,11,15,72.33322581,62.96580645,11/07/2024 15:00
2024,7,11,16,70.51064516,61.48193548,11/07/2024 16:00
2024,7,11,17,70.47322581,62.35612903,11/07/2024 17:00
2024,7,11,18,74.06322581,67.06387097,11/07/2024 18:00
2024,7,11,19,79.94483871,74.57677419,11/07/2024 19:00
2024,7,11,20,93.70225806,93.17322581,11/07/2024 20:00
2024,7,11,21,112.0390323,112.0145161,11/07/2024 21:00
2024,7,11,22,120.7112903,120.7112903,11/07/2024 22:00
2024,7,11,23,121.6490323,121.6490323,11/07/2024 23:00
2024,7,11,24,114.6474194,114.6474194,12/07/2024 0:00
2024,7,12,1,108.1848387,108.1848387,12/07/2024 1:00
2024,7,12,2,100.7825806,100.7825806,12/07/2024 2:00
2024,7,12,3,95.75935484,95.47322581,12/07/2024 3:00
2024,7,12,4,94.37258065,94.37258065,12/07/2024 4:00
2024,7,12,5,93.1616129,93.1616129,12/07/2024 5:00
2024,7,12,6,96.05096774,96.05096774,12/07/2024 6:00
2024,7,12,7,103.6274194,103.6274194,12/07/2024 7:00
2024,7,12,8,107.9080645,107.9080645,12/07/2024 8:00
2024,7,12,9,104.4767742,102.2751613,12/07/2024 9:00
2024,7,12,10,93.63129032,89.90258065,12/07/2024 10:00
2024,7,12,11,84.88774194,79.49548387,12/07/2024 11:00
2024,7,12,12,81.14354839,72.22741935,12/07/2024 12:00
2024,7,12,13,79.60870968,70.51677419,12/07/2024 13:00
2024,7,12,14,77.52741935,66.6316129,12/07/2024 14:00
2024,7,12,15,72.33322581,62.96580645,12/07/2024 15:00
2024,7,12,16,70.51064516,61.48193548,12/07/2024 16:00
2024,7,12,17,70.47322581,62.35612903,12/07/2024 17:00
2024,7,12,18,74.06322581,67.06387097,12/07/2024 18:00
2024,7,12,19,79.94483871,74.57677419,12/07/2024 19:00
2024,7,12,20,93.70225806,93.17322581,12/07/2024 20:00
2024,7,12,21,112.0390323,112.0145161,12/07/2024 21:00
2024,7,12,22,120.7112903,120.7112903,12/07/2024 22:00
2024,7,12,23,121.6490323,121.6490323,12/07/2024 23:00
2024,7,12,24,114.6474194,114.6474194,13/07/2024 0:00
2024,7,13,1,108.1848387,108.1848387,13/07/2024 1:00
2024,7,13,2,100.7825806,100.7825806,13/07/2024 2:00
2024,7,13,3,95.75935484,95.47322581,13/07/2024 3:00
2024,7,13,4,94.37258065,94.37258065,13/07/2024 4:00
2024,7,13,5,93.1616129,93.1616129,13/07/2024 5:00
2024,7,13,6,96.05096774,96.05096774,13/07/2024 6:00
2024,7,13,7,103.6274194,103.6274194,13/07/2024 7:00
2024,7,13,8,107.9080645,107.9080645,13/07/2024 8:00
2024,7,13,9,104.4767742,102.2751613,13/07/2024 9:00
2024,7,13,10,93.63129032,89.90258065,13/07/2024 10:00
2024,7,13,11,84.88774194,79.49548387,13/07/2024 11:00
2024,7,13,12,81.14354839,72.22741935,13/07/2024 12:00
2024,7,13,13,79.60870968,70.51677419,13/07/2024 13:00
2024,7,13,14,77.52741935,66.6316129,13/07/2024 14:00
2024,7,13,15,72.33322581,62.96580645,13/07/2024 15:00
2024,7,13,16,70.51064516,61.48193548,13/07/2024 16:00
2024,7,13,17,70.47322581,62.35612903,13/07/2024 17:00
2024,7,13,18,74.06322581,67.06387097,13/07/2024 18:00
2024,7,13,19,79.94483871,74.57677419,13/07/2024 19:00
2024,7,13,20,93.70225806,93.17322581,13/07/2024 20:00
2024,7,13,21,112.0390323,112.0145161,13/07/2024 21:00
2024,7,13,22,120.7112903,120.7112903,13/07/2024 22:00
2024,7,13,23,121.6490323,121.6490323,13/07/2024 23:00
2024,7,13,24,114.6474194,114.6474194,14/07/2024 0:00
2024,7,14,1,108.1848387,108.1848387,14/07/2024 1:00
2024,7,14,2,100.7825806,100.7825806,14/07/2024 2:00
2024,7,14,3,95.75935484,95.47322581,14/07/2024 3:00
2024,7,14,4,94.37258065,94.37258065,14/07/2024 4:00
2024,7,14,5,93.1616129,93.1616129,14/07/2024 5:00
2024,7,14,6,96.05096774,96.05096774,14/07/2024 6:00
2024,7,14,7,103.6274194,103.6274194,14/07/2024 7:00
2024,7,14,8,107.9080645,107.9080645,14/07/2024 8:00
2024,7,14,9,104.4767742,102.2751613,14/07/2024 9:00
2024,7,14,10,93.63129032,89.90258065,14/07/2024 10:00
2024,7,14,11,84.88774194,79.49548387,14/07/2024 11:00
2024,7,14,12,81.14354839,72.22741935,14/07/2024 12:00
2024,7,14,13,79.60870968,70.51677419,14/07/2024 13:00
2024,7,14,14,77.52741935,66.6316129,14/07/2024 14:00
2024,7,14,15,72.33322581,62.96580645,14/07/2024 15:00
2024,7,14,16,70.51064516,61.48193548,14/07/2024 16:00
2024,7,14,17,70.47322581,62.35612903,14/07/2024 17:00
2024,7,14,18,74.06322581,67.06387097,14/07/2024 18:00
2024,7,14,19,79.94483871,74.57677419,14/07/2024 19:00
2024,7,14,20,93.70225806,93.17322581,14/07/2024 20:00
2024,7,14,21,112.0390323,112.0145161,14/07/2024 21:00
2024,7,14,22,120.7112903,120.7112903,14/07/2024 22:00
2024,7,14,23,121.6490323,121.6490323,14/07/2024 23:00
2024,7,14,24,114.6474194,114.6474194,15/07/2024 0:00
2024,7,15,1,108.1848387,108.1848387,15/07/2024 1:00
2024,7,15,2,100.7825806,100.7825806,15/07/2024 2:00
2024,7,15,3,95.75935484,95.47322581,15/07/2024 3:00
2024,7,15,4,94.37258065,94.37258065,15/07/2024 4:00
2024,7,15,5,93.1616129,93.1616129,15/07/2024 5:00
2024,7,15,6,96.05096774,96.05096774,15/07/2024 6:00
2024,7,15,7,103.6274194,103.6274194,15/07/2024 7:00
2024,7,15,8,107.9080645,107.9080645,15/07/2024 8:00
2024,7,15,9,104.4767742,102.2751613,15/07/2024 9:00
2024,7,15,10,93.63129032,89.90258065,15/07/2024 10:00
2024,7,15,11,84.88774194,79.49548387,15/07/2024 11:00
2024,7,15,12,81.14354839,72.22741935,15/07/2024 12:00
2024,7,15,13,79.60870968,70.51677419,15/07/2024 13:00
2024,7,15,14,77.52741935,66.6316129,15/07/2024 14:00
2024,7,15,15,72.33322581,62.96580645,15/07/2024 15:00
2024,7,15,16,70.51064516,61.48193548,15/07/2024 16:00
2024,7,15,17,70.47322581,62.35612903,15/07/2024 17:00
2024,7,15,18,74.06322581,67.06387097,15/07/2024 18:00
2024,7,15,19,79.94483871,74.57677419,15/07/2024 19:00
2024,7,15,20,93.70225806,93.17322581,15/07/2024 20:00
2024,7,15,21,112.0390323,112.0145161,15/07/2024 21:00
2024,7,15,22,120.7112903,120.7112903,15/07/2024 22:00
2024,7,15,23,121.6490323,121.6490323,15/07/2024 23:00
2024,7,15,24,114.6474194,114.6474194,16/07/2024 0:00
2024,7,16,1,108.1848387,108.1848387,16/07/2024 1:00
2024,7,16,2,100.7825806,100.7825806,16/07/2024 2:00
2024,7,16,3,95.75935484,95.47322581,16/07/2024 3:00
2024,7,16,4,94.37258065,94.37258065,16/07/2024 4:00
2024,7,16,5,93.1616129,93.1616129,16/07/2024 5:00
2024,7,16,6,96.05096774,96.05096774,16/07/2024 6:00
2024,7,16,7,103.6274194,103.6274194,16/07/2024 7:00
2024,7,16,8,107.9080645,107.9080645,16/07/2024 8:00
2024,7,16,9,104.4767742,102.2751613,16/07/2024 9:00
2024,7,16,10,93.63129032,89.90258065,16/07/2024 10:00
2024,7,16,11,84.88774194,79.49548387,16/07/2024 11:00
2024,7,16,12,81.14354839,72.22741935,16/07/2024 12:00
2024,7,16,13,79.60870968,70.51677419,16/07/2024 13:00
2024,7,16,14,77.52741935,66.6316129,16/07/2024 14:00
2024,7,16,15,72.33322581,62.96580645,16/07/2024 15:00
2024,7,16,16,70.51064516,61.48193548,16/07/2024 16:00
2024,7,16,17,70.47322581,62.35612903,16/07/2024 17:00
2024,7,16,18,74.06322581,67.06387097,16/07/2024 18:00
2024,7,16,19,79.94483871,74.57677419,16/07/2024 19:00
2024,7,16,20,93.70225806,93.17322581,16/07/2024 20:00
2024,7,16,21,112.0390323,112.0145161,16/07/2024 21:00
2024,7,16,22,120.7112903,120.7112903,16/07/2024 22:00
2024,7,16,23,121.6490323,121.6490323,16/07/2024 23:00
2024,7,16,24,114.6474194,114.6474194,17/07/2024 0:00
2024,7,17,1,108.1848387,108.1848387,17/07/2024 1:00
2024,7,17,2,100.7825806,100.7825806,17/07/2024 2:00
2024,7,17,3,95.75935484,95.47322581,17/07/2024 3:00
2024,7,17,4,94.37258065,94.37258065,17/07/2024 4:00
2024,7,17,5,93.1616129,93.1616129,17/07/2024 5:00
2024,7,17,6,96.05096774,96.05096774,17/07/2024 6:00
2024,7,17,7,103.6274194,103.6274194,17/07/2024 7:00
2024,7,17,8,107.9080645,107.9080645,17/07/2024 8:00
2024,7,17,9,104.4767742,102.2751613,17/07/2024 9:00
2024,7,17,10,93.63129032,89.90258065,17/07/2024 10:00
2024,7,17,11,84.88774194,79.49548387,17/07/2024 11:00
2024,7,17,12,81.14354839,72.22741935,17/07/2024 12:00
2024,7,17,13,79.60870968,70.51677419,17/07/2024 13:00
2024,7,17,14,77.52741935,66.6316129,17/07/2024 14:00
2024,7,17,15,72.33322581,62.96580645,17/07/2024 15:00
2024,7,17,16,70.51064516,61.48193548,17/07/2024 16:00
2024,7,17,17,70.47322581,62.35612903,17/07/2024 17:00
2024,7,17,18,74.06322581,67.06387097,17/07/2024 18:00
2024,7,17,19,79.94483871,74.57677419,17/07/2024 19:00
2024,7,17,20,93.70225806,93.17322581,17/07/2024 20:00
2024,7,17,21,112.0390323,112.0145161,17/07/2024 21:00
2024,7,17,22,120.7112903,120.7112903,17/07/2024 22:00
2024,7,17,23,121.6490323,121.6490323,17/07/2024 23:00
2024,7,17,24,114.6474194,114.6474194,18/07/2024 0:00
2024,7,18,1,108.1848387,108.1848387,18/07/2024 1:00
2024,7,18,2,100.7825806,100.7825806,18/07/2024 2:00
2024,7,18,3,95.75935484,95.47322581,18/07/2024 3:00
2024,7,18,4,94.37258065,94.37258065,18/07/2024 4:00
2024,7,18,5,93.1616129,93.1616129,18/07/2024 5:00
2024,7,18,6,96.05096774,96.05096774,18/07/2024 6:00
2024,7,18,7,103.6274194,103.6274194,18/07/2024 7:00
2024,7,18,8,107.9080645,107.9080645,18/07/2024 8:00
2024,7,18,9,104.4767742,102.2751613,18/07/2024 9:00
2024,7,18,10,93.63129032,89.90258065,18/07/2024 10:00
2024,7,18,11,84.88774194,79.49548387,18/07/2024 11:00
2024,7,18,12,81.14354839,72.22741935,18/07/2024 12:00
2024,7,18,13,79.60870968,70.51677419,18/07/2024 13:00
2024,7,18,14,77.52741935,66.6316129,18/07/2024 14:00
2024,7,18,15,72.33322581,62.96580645,18/07/2024 15:00
2024,7,18,16,70.51064516,61.48193548,18/07/2024 16:00
2024,7,18,17,70.47322581,62.35612903,18/07/2024 17:00
2024,7,18,18,74.06322581,67.06387097,18/07/2024 18:00
2024,7,18,19,79.94483871,74.57677419,18/07/2024 19:00
2024,7,18,20,93.70225806,93.17322581,18/07/2024 20:00
2024,7,18,21,112.0390323,112.0145161,18/07/2024 21:00
2024,7,18,22,120.7112903,120.7112903,18/07/2024 22:00
2024,7,18,23,121.6490323,121.6490323,18/07/2024 23:00
2024,7,18,24,114.6474194,114.6474194,19/07/2024 0:00
2024,7,19,1,108.1848387,108.1848387,19/07/2024 1:00
2024,7,19,2,100.7825806,100.7825806,19/07/2024 2:00
2024,7,19,3,95.75935484,95.47322581,19/07/2024 3:00
2024,7,19,4,94.37258065,94.37258065,19/07/2024 4:00
2024,7,19,5,93.1616129,93.1616129,19/07/2024 5:00
2024,7,19,6,96.05096774,96.05096774,19/07/2024 6:00
2024,7,19,7,103.6274194,103.6274194,19/07/2024 7:00
2024,7,19,8,107.9080645,107.9080645,19/07/2024 8:00
2024,7,19,9,104.4767742,102.2751613,19/07/2024 9:00
2024,7,19,10,93.63129032,89.90258065,19/07/2024 10:00
2024,7,19,11,84.88774194,79.49548387,19/07/2024 11:00
2024,7,19,12,81.14354839,72.22741935,19/07/2024 12:00
2024,7,19,13,79.60870968,70.51677419,19/07/2024 13:00
2024,7,19,14,77.52741935,66.6316129,19/07/2024 14:00
2024,7,19,15,72.33322581,62.96580645,19/07/2024 15:00
2024,7,19,16,70.51064516,61.48193548,19/07/2024 16:00
2024,7,19,17,70.47322581,62.35612903,19/07/2024 17:00
2024,7,19,18,74.06322581,67.06387097,19/07/2024 18:00
2024,7,19,19,79.94483871,74.57677419,19/07/2024 19:00
2024,7,19,20,93.70225806,93.17322581,19/07/2024 20:00
2024,7,19,21,112.0390323,112.0145161,19/07/2024 21:00
2024,7,19,22,120.7112903,120.7112903,19/07/2024 22:00
2024,7,19,23,121.6490323,121.6490323,19/07/2024 23:00
2024,7,19,24,114.6474194,114.6474194,20/07/2024 0:00
2024,7,20,1,108.1848387,108.1848387,20/07/2024 1:00
2024,7,20,2,100.7825806,100.7825806,20/07/2024 2:00
2024,7,20,3,95.75935484,95.47322581,20/07/2024 3:00
2024,7,20,4,94.37258065,94.37258065,20/07/2024 4:00
2024,7,20,5,93.1616129,93.1616129,20/07/2024 5:00
2024,7,20,6,96.05096774,96.05096774,20/07/2024 6:00
2024,7,20,7,103.6274194,103.6274194,20/07/2024 7:00
2024,7,20,8,107.9080645,107.9080645,20/07/2024 8:00
2024,7,20,9,104.4767742,102.2751613,20/07/2024 9:00
2024,7,20,10,93.63129032,89.90258065,20/07/2024 10:00
2024,7,20,11,84.88774194,79.49548387,20/07/2024 11:00
2024,7,20,12,81.14354839,72.22741935,20/07/2024 12:00
2024,7,20,13,79.60870968,70.51677419,20/07/2024 13:00
2024,7,20,14,77.52741935,66.6316129,20/07/2024 14:00
2024,7,20,15,72.33322581,62.96580645,20/07/2024 15:00
2024,7,20,16,70.51064516,61.48193548,20/07/2024 16:00
2024,7,20,17,70.47322581,62.35612903,20/07/2024 17:00
2024,7,20,18,74.06322581,67.06387097,20/07/2024 18:00
2024,7,20,19,79.94483871,74.57677419,20/07/2024 19:00
2024,7,20,20,93.70225806,93.17322581,20/07/2024 20:00
2024,7,20,21,112.0390323,112.0145161,20/07/2024 21:00
2024,7,20,22,120.7112903,120.7112903,20/07/2024 22:00
2024,7,20,23,121.6490323,121.6490323,20/07/2024 23:00
2024,7,20,24,114.6474194,114.6474194,21/07/2024 0:00
2024,7,21,1,108.1848387,108.1848387,21/07/2024 1:00
2024,7,21,2,100.7825806,100.7825806,21/07/2024 2:00
2024,7,21,3,95.75935484,95.47322581,21/07/2024 3:00
2024,7,21,4,94.37258065,94.37258065,21/07/2024 4:00
2024,7,21,5,93.1616129,93.1616129,21/07/2024 5:00
2024,7,21,6,96.05096774,96.05096774,21/07/2024 6:00
2024,7,21,7,103.6274194,103.6274194,21/07/2024 7:00
2024,7,21,8,107.9080645,107.9080645,21/07/2024 8:00
2024,7,21,9,104.4767742,102.2751613,21/07/2024 9:00
2024,7,21,10,93.63129032,89.90258065,21/07/2024 10:00
2024,7,21,11,84.88774194,79.49548387,21/07/2024 11:00
2024,7,21,12,81.14354839,72.22741935,21/07/2024 12:00
2024,7,21,13,79.60870968,70.51677419,21/07/2024 13:00
2024,7,21,14,77.52741935,66.6316129,21/07/2024 14:00
2024,7,21,15,72.33322581,62.96580645,21/07/2024 15:00
2024,7,21,16,70.51064516,61.48193548,21/07/2024 16:00
2024,7,21,17,70.47322581,62.35612903,21/07/2024 17:00
2024,7,21,18,74.06322581,67.06387097,21/07/2024 18:00
2024,7,21,19,79.94483871,74.57677419,21/07/2024 19:00
2024,7,21,20,93.70225806,93.17322581,21/07/2024 20:00
2024,7,21,21,112.0390323,112.0145161,21/07/2024 21:00
2024,7,21,22,120.7112903,120.7112903,21/07/2024 22:00
2024,7,21,23,121.6490323,121.6490323,21/07/2024 23:00
2024,7,21,24,114.6474194,114.6474194,22/07/2024 0:00
2024,7,22,1,108.1848387,108.1848387,22/07/2024 1:00
2024,7,22,2,100.7825806,100.7825806,22/07/2024 2:00
2024,7,22,3,95.75935484,95.47322581,22/07/2024 3:00
2024,7,22,4,94.37258065,94.37258065,22/07/2024 4:00
2024,7,22,5,93.1616129,93.1616129,22/07/2024 5:00
2024,7,22,6,96.05096774,96.05096774,22/07/2024 6:00
2024,7,22,7,103.6274194,103.6274194,22/07/2024 7:00
2024,7,22,8,107.9080645,107.9080645,22/07/2024 8:00
2024,7,22,9,104.4767742,102.2751613,22/07/2024 9:00
2024,7,22,10,93.63129032,89.90258065,22/07/2024 10:00
2024,7,22,11,84.88774194,79.49548387,22/07/2024 11:00
2024,7,22,12,81.14354839,72.22741935,22/07/2024 12:00
2024,7,22,13,79.60870968,70.51677419,22/07/2024 13:00
2024,7,22,14,77.52741935,66.6316129,22/07/2024 14:00
2024,7,22,15,72.33322581,62.96580645,22/07/2024 15:00
2024,7,22,16,70.51064516,61.48193548,22/07/2024 16:00
2024,7,22,17,70.47322581,62.35612903,22/07/2024 17:00
2024,7,22,18,74.06322581,67.06387097,22/07/2024 18:00
2024,7,22,19,79.94483871,74.57677419,22/07/2024 19:00
2024,7,22,20,93.70225806,93.17322581,22/07/2024 20:00
2024,7,22,21,112.0390323,112.0145161,22/07/2024 21:00
2024,7,22,22,120.7112903,120.7112903,22/07/2024 22:00
2024,7,22,23,121.6490323,121.6490323,22/07/2024 23:00
2024,7,22,24,114.6474194,114.6474194,23/07/2024 0:00
2024,7,23,1,108.1848387,108.1848387,23/07/2024 1:00
2024,7,23,2,100.7825806,100.7825806,23/07/2024 2:00
2024,7,23,3,95.75935484,95.47322581,23/07/2024 3:00
2024,7,23,4,94.37258065,94.37258065,23/07/2024 4:00
2024,7,23,5,93.1616129,93.1616129,23/07/2024 5:00
2024,7,23,6,96.05096774,96.05096774,23/07/2024 6:00
2024,7,23,7,103.6274194,103.6274194,23/07/2024 7:00
2024,7,23,8,107.9080645,107.9080645,23/07/2024 8:00
2024,7,23,9,104.4767742,102.2751613,23/07/2024 9:00
2024,7,23,10,93.63129032,89.90258065,23/07/2024 10:00
2024,7,23,11,84.88774194,79.49548387,23/07/2024 11:00
2024,7,23,12,81.14354839,72.22741935,23/07/2024 12:00
2024,7,23,13,79.60870968,70.51677419,23/07/2024 13:00
2024,7,23,14,77.52741935,66.6316129,23/07/2024 14:00
2024,7,23,15,72.33322581,62.96580645,23/07/2024 15:00
2024,7,23,16,70.51064516,61.48193548,23/07/2024 16:00
2024,7,23,17,70.47322581,62.35612903,23/07/2024 17:00
2024,7,23,18,74.06322581,67.06387097,23/07/2024 18:00
2024,7,23,19,79.94483871,74.57677419,23/07/2024 19:00
2024,7,23,20,93.70225806,93.17322581,23/07/2024 20:00
2024,7,23,21,112.0390323,112.0145161,23/07/2024 21:00
2024,7,23,22,120.7112903,120.7112903,23/07/2024 22:00
2024,7,23,23,121.6490323,121.6490323,23/07/2024 23:00
2024,7,23,24,114.6474194,114.6474194,24/07/2024 0:00
2024,7,24,1,108.1848387,108.1848387,24/07/2024 1:00
2024,7,24,2,100.7825806,100.7825806,24/07/2024 2:00
2024,7,24,3,95.75935484,95.47322581,24/07/2024 3:00
2024,7,24,4,94.37258065,94.37258065,24/07/2024 4:00
2024,7,24,5,93.1616129,93.1616129,24/07/2024 5:00
2024,7,24,6,96.05096774,96.05096774,24/07/2024 6:00
2024,7,24,7,103.6274194,103.6274194,24/07/2024 7:00
2024,7,24,8,107.9080645,107.9080645,24/07/2024 8:00
2024,7,24,9,104.4767742,102.2751613,24/07/2024 9:00
2024,7,24,10,93.63129032,89.90258065,24/07/2024 10:00
2024,7,24,11,84.88774194,79.49548387,24/07/2024 11:00
2024,7,24,12,81.14354839,72.22741935,24/07/2024 12:00
2024,7,24,13,79.60870968,70.51677419,24/07/2024 13:00
2024,7,24,14,77.52741935,66.6316129,24/07/2024 14:00
2024,7,24,15,72.33322581,62.96580645,24/07/2024 15:00
2024,7,24,16,70.51064516,61.48193548,24/07/2024 16:00
2024,7,24,17,70.47322581,62.35612903,24/07/2024 17:00
2024,7,24,18,74.06322581,67.06387097,24/07/2024 18:00
2024,7,24,19,79.94483871,74.57677419,24/07/2024 19:00
2024,7,24,20,93.70225806,93.17322581,24/07/2024 20:00
2024,7,24,21,112.0390323,112.0145161,24/07/2024 21:00
2024,7,24,22,120.7112903,120.7112903,24/07/2024 22:00
2024,7,24,23,121.6490323,121.6490323,24/07/2024 23:00
2024,7,24,24,114.6474194,114.6474194,25/07/2024 0:00
2024,7,25,1,108.1848387,108.1848387,25/07/2024 1:00
2024,7,25,2,100.7825806,100.7825806,25/07/2024 2:00
2024,7,25,3,95.75935484,95.47322581,25/07/2024 3:00
2024,7,25,4,94.37258065,94.37258065,25/07/2024 4:00
2024,7,25,5,93.1616129,93.1616129,25/07/2024 5:00
2024,7,25,6,96.05096774,96.05096774,25/07/2024 6:00
2024,7,25,7,103.6274194,103.6274194,25/07/2024 7:00
2024,7,25,8,107.9080645,107.9080645,25/07/2024 8:00
2024,7,25,9,104.4767742,102.2751613,25/07/2024 9:00
2024,7,25,10,93.63129032,89.90258065,25/07/2024 10:00
2024,7,25,11,84.88774194,79.49548387,25/07/2024 11:00
2024,7,25,12,81.14354839,72.22741935,25/07/2024 12:00
2024,7,25,13,79.60870968,70.51677419,25/07/2024 13:00
2024,7,25,14,77.52741935,66.6316129,25/07/2024 14:00
2024,7,25,15,72.33322581,62.96580645,25/07/2024 15:00
2024,7,25,16,70.51064516,61.48193548,25/07/2024 16:00
2024,7,25,17,70.47322581,62.35612903,25/07/2024 17:00
2024,7,25,18,74.06322581,67.06387097,25/07/2024 18:00
2024,7,25,19,79.94483871,74.57677419,25/07/2024 19:00
2024,7,25,20,93.70225806,93.17322581,25/07/2024 20:00
2024,7,25,21,112.0390323,112.0145161,25/07/2024 21:00
2024,7,25,22,120.7112903,120.7112903,25/07/2024 22:00
2024,7,25,23,121.6490323,121.6490323,25/07/2024 23:00
2024,7,25,24,114.6474194,114.6474194,26/07/2024 0:00
2024,7,26,1,108.1848387,108.1848387,26/07/2024 1:00
2024,7,26,2,100.7825806,100.7825806,26/07/2024 2:00
2024,7,26,3,95.75935484,95.47322581,26/07/2024 3:00
2024,7,26,4,94.37258065,94.37258065,26/07/2024 4:00
2024,7,26,5,93.1616129,93.1616129,26/07/2024 5:00
2024,7,26,6,96.05096774,96.05096774,26/07/2024 6:00
2024,7,26,7,103.6274194,103.6274194,26/07/2024 7:00
2024,7,26,8,107.9080645,107.9080645,26/07/2024 8:00
2024,7,26,9,104.4767742,102.2751613,26/07/2024 9:00
2024,7,26,10,93.63129032,89.90258065,26/07/2024 10:00
2024,7,26,11,84.88774194,79.49548387,26/07/2024 11:00
2024,7,26,12,81.14354839,72.22741935,26/07/2024 12:00
2024,7,26,13,79.60870968,70.51677419,26/07/2024 13:00
2024,7,26,14,77.52741935,66.6316129,26/07/2024 14:00
2024,7,26,15,72.33322581,62.96580645,26/07/2024 15:00
2024,7,26,16,70.51064516,61.48193548,26/07/2024 16:00
2024,7,26,17,70.47322581,62.35612903,26/07/2024 17:00
2024,7,26,18,74.06322581,67.06387097,26/07/2024 18:00
2024,7,26,19,79.94483871,74.57677419,26/07/2024 19:00
2024,7,26,20,93.70225806,93.17322581,26/07/2024 20:00
2024,7,26,21,112.0390323,112.0145161,26/07/2024 21:00
2024,7,26,22,120.7112903,120.7112903,26/07/2024 22:00
2024,7,26,23,121.6490323,121.6490323,26/07/2024 23:00
2024,7,26,24,114.6474194,114.6474194,27/07/2024 0:00
2024,7,27,1,108.1848387,108.1848387,27/07/2024 1:00
2024,7,27,2,100.7825806,100.7825806,27/07/2024 2:00
2024,7,27,3,95.75935484,95.47322581,27/07/2024 3:00
2024,7,27,4,94.37258065,94.37258065,27/07/2024 4:00
2024,7,27,5,93.1616129,93.1616129,27/07/2024 5:00
2024,7,27,6,96.05096774,96.05096774,27/07/2024 6:00
2024,7,27,7,103.6274194,103.6274194,27/07/2024 7:00
2024,7,27,8,107.9080645,107.9080645,27/07/2024 8:00
2024,7,27,9,104.4767742,102.2751613,27/07/2024 9:00
2024,7,27,10,93.63129032,89.90258065,27/07/2024 10:00
2024,7,27,11,84.88774194,79.49548387,27/07/2024 11:00
2024,7,27,12,81.14354839,72.22741935,27/07/2024 12:00
2024,7,27,13,79.60870968,70.51677419,27/07/2024 13:00
2024,7,27,14,77.52741935,66.6316129,27/07/2024 14:00
2024,7,27,15,72.33322581,62.96580645,27/07/2024 15:00
2024,7,27,16,70.51064516,61.48193548,27/07/2024 16:00
2024,7,27,17,70.47322581,62.35612903,27/07/2024 17:00
2024,7,27,18,74.06322581,67.06387097,27/07/2024 18:00
2024,7,27,19,79.94483871,74.57677419,27/07/2024 19:00
2024,7,27,20,93.70225806,93.17322581,27/07/2024 20:00
2024,7,27,21,112.0390323,112.0145161,27/07/2024 21:00
2024,7,27,22,120.7112903,120.7112903,27/07/2024 22:00
2024,7,27,23,121.6490323,121.6490323,27/07/2024 23:00
2024,7,27,24,114.6474194,114.6474194,28/07/2024 0:00
2024,7,28,1,108.1848387,108.1848387,28/07/2024 1:00
2024,7,28,2,100.7825806,100.7825806,28/07/2024 2:00
2024,7,28,3,95.75935484,95.47322581,28/07/2024 3:00
2024,7,28,4,94.37258065,94.37258065,28/07/2024 4:00
2024,7,28,5,93.1616129,93.1616129,28/07/2024 5:00
2024,7,28,6,96.05096774,96.05096774,28/07/2024 6:00
2024,7,28,7,103.6274194,103.6274194,28/07/2024 7:00
2024,7,28,8,107.9080645,107.9080645,28/07/2024 8:00
2024,7,28,9,104.4767742,102.2751613,28/07/2024 9:00
2024,7,28,10,93.63129032,89.90258065,28/07/2024 10:00
2024,7,28,11,84.88774194,79.49548387,28/07/2024 11:00
2024,7,28,12,81.14354839,72.22741935,28/07/2024 12:00
2024,7,28,13,79.60870968,70.51677419,28/07/2024 13:00
2024,7,28,14,77.52741935,66.6316129,28/07/2024 14:00
2024,7,28,15,72.33322581,62.96580645,28/07/2024 15:00
2024,7,28,16,70.51064516,61.48193548,28/07/2024 16:00
2024,7,28,17,70.47322581,62.35612903,28/07/2024 17:00
2024,7,28,18,74.06322581,67.06387097,28/07/2024 18:00
2024,7,28,19,79.94483871,74.57677419,28/07/2024 19:00
2024,7,28,20,93.70225806,93.17322581,28/07/2024 20:00
2024,7,28,21,112.0390323,112.0145161,28/07/2024 21:00
2024,7,28,22,120.7112903,120.7112903,28/07/2024 22:00
2024,7,28,23,121.6490323,121.6490323,28/07/2024 23:00
2024,7,28,24,114.6474194,114.6474194,29/07/2024 0:00
2024,7,29,1,108.1848387,108.1848387,29/07/2024 1:00
2024,7,29,2,100.7825806,100.7825806,29/07/2024 2:00
2024,7,29,3,95.75935484,95.47322581,29/07/2024 3:00
2024,7,29,4,94.37258065,94.37258065,29/07/2024 4:00
2024,7,29,5,93.1616129,93.1616129,29/07/2024 5:00
2024,7,29,6,96.05096774,96.05096774,29/07/2024 6:00
2024,7,29,7,103.6274194,103.6274194,29/07/2024 7:00
2024,7,29,8,107.9080645,107.9080645,29/07/2024 8:00
2024,7,29,9,104.4767742,102.2751613,29/07/2024 9:00
2024,7,29,10,93.63129032,89.90258065,29/07/2024 10:00
2024,7,29,11,84.88774194,79.49548387,29/07/2024 11:00
2024,7,29,12,81.14354839,72.22741935,29/07/2024 12:00
2024,7,29,13,79.60870968,70.51677419,29/07/2024 13:00
2024,7,29,14,77.52741935,66.6316129,29/07/2024 14:00
2024,7,29,15,72.33322581,62.96580645,29/07/2024 15:00
2024,7,29,16,70.51064516,61.48193548,29/07/2024 16:00
2024,7,29,17,70.47322581,62.35612903,29/07/2024 17:00
2024,7,29,18,74.06322581,67.06387097,29/07/2024 18:00
2024,7,29,19,79.94483871,74.57677419,29/07/2024 19:00
2024,7,29,20,93.70225806,93.17322581,29/07/2024 20:00
2024,7,29,21,112.0390323,112.0145161,29/07/2024 21:00
2024,7,29,22,120.7112903,120.7112903,29/07/2024 22:00
2024,7,29,23,121.6490323,121.6490323,29/07/2024 23:00
2024,7,29,24,114.6474194,114.6474194,30/07/2024 0:00
2024,7,30,1,108.1848387,108.1848387,30/07/2024 1:00
2024,7,30,2,100.7825806,100.7825806,30/07/2024 2:00
2024,7,30,3,95.75935484,95.47322581,30/07/2024 3:00
2024,7,30,4,94.37258065,94.37258065,30/07/2024 4:00
2024,7,30,5,93.1616129,93.1616129,30/07/2024 5:00
2024,7,30,6,96.05096774,96.05096774,30/07/2024 6:00
2024,7,30,7,103.6274194,103.6274194,30/07/2024 7:00
2024,7,30,8,107.9080645,107.9080645,30/07/2024 8:00
2024,7,30,9,104.4767742,102.2751613,30/07/2024 9:00
2024,7,30,10,93.63129032,89.90258065,30/07/2024 10:00
2024,7,30,11,84.88774194,79.49548387,30/07/2024 11:00
2024,7,30,12,81.14354839,72.22741935,30/07/2024 12:00
2024,7,30,13,79.60870968,70.51677419,30/07/2024 13:00
2024,7,30,14,77.52741935,66.6316129,30/07/2024 14:00
2024,7,30,15,72.33322581,62.96580645,30/07/2024 15:00
2024,7,30,16,70.51064516,61.48193548,30/07/2024 16:00
2024,7,30,17,70.47322581,62.35612903,30/07/2024 17:00
2024,7,30,18,74.06322581,67.06387097,30/07/2024 18:00
2024,7,30,19,79.94483871,74.57677419,30/07/2024 19:00
2024,7,30,20,93.70225806,93.17322581,30/07/2024 20:00
2024,7,30,21,112.0390323,112.0145161,30/07/2024 21:00
2024,7,30,22,120.7112903,120.7112903,30/07/2024 22:00
2024,7,30,23,121.6490323,121.6490323,30/07/2024 23:00
2024,7,30,24,114.6474194,114.6474194,31/07/2024 0:00
2024,7,31,1,108.1848387,108.1848387,31/07/2024 1:00
2024,7,31,2,100.7825806,100.7825806,31/07/2024 2:00
2024,7,31,3,95.75935484,95.47322581,31/07/2024 3:00
2024,7,31,4,94.37258065,94.37258065,31/07/2024 4:00
2024,7,31,5,93.1616129,93.1616129,31/07/2024 5:00
2024,7,31,6,96.05096774,96.05096774,31/07/2024 6:00
2024,7,31,7,103.6274194,103.6274194,31/07/2024 7:00
2024,7,31,8,107.9080645,107.9080645,31/07/2024 8:00
2024,7,31,9,104.4767742,102.2751613,31/07/2024 9:00
2024,7,31,10,93.63129032,89.90258065,31/07/2024 10:00
2024,7,31,11,84.88774194,79.49548387,31/07/2024 11:00
2024,7,31,12,81.14354839,72.22741935,31/07/2024 12:00
2024,7,31,13,79.60870968,70.51677419,31/07/2024 13:00
2024,7,31,14,77.52741935,66.6316129,31/07/2024 14:00
2024,7,31,15,72.33322581,62.96580645,31/07/2024 15:00
2024,7,31,16,70.51064516,61.48193548,31/07/2024 16:00
2024,7,31,17,70.47322581,62.35612903,31/07/2024 17:00
2024,7,31,18,74.06322581,67.06387097,31/07/2024 18:00
2024,7,31,19,79.94483871,74.57677419,31/07/2024 19:00
2024,7,31,20,93.70225806,93.17322581,31/07/2024 20:00
2024,7,31,21,112.0390323,112.0145161,31/07/2024 21:00
2024,7,31,22,120.7112903,120.7112903,31/07/2024 22:00
2024,7,31,23,121.6490323,121.6490323,31/07/2024 23:00
2024,7,31,24,114.6474194,114.6474194,01/08/2024 0:00
2024,8,1,1,111.9780645,111.9780645,01/08/2024 1:00
2024,8,1,2,105.6393548,105.6393548,01/08/2024 2:00
2024,8,1,3,99.02709677,99.02709677,01/08/2024 3:00
2024,8,1,4,97.27612903,97.27612903,01/08/2024 4:00
2024,8,1,5,95.2616129,95.2616129,01/08/2024 5:00
2024,8,1,6,98.80612903,98.80612903,01/08/2024 6:00
2024,8,1,7,107.3812903,107.3812903,01/08/2024 7:00
2024,8,1,8,111.2777419,111.2777419,01/08/2024 8:00
2024,8,1,9,108.8319355,108.8319355,01/08/2024 9:00
2024,8,1,10,95.35354839,95.35354839,01/08/2024 10:00
2024,8,1,11,82.19870968,82.19741935,01/08/2024 11:00
2024,8,1,12,80.2983871,75.92225806,01/08/2024 12:00
2024,8,1,13,79.86741935,74.21193548,01/08/2024 13:00
2024,8,1,14,78.74741935,73.39741935,01/08/2024 14:00
2024,8,1,15,76.22677419,70.67483871,01/08/2024 15:00
2024,8,1,16,74.61,67.89258065,01/08/2024 16:00
2024,8,1,17,75.70612903,69.41806452,01/08/2024 17:00
2024,8,1,18,82.37451613,77.28677419,01/08/2024 18:00
2024,8,1,19,90.57225806,86.83709677,01/08/2024 19:00
2024,8,1,20,107.8454839,107.0845161,01/08/2024 20:00
2024,8,1,21,122.726129,122.726129,01/08/2024 21:00
2024,8,1,22,128.6564516,128.6564516,01/08/2024 22:00
2024,8,1,23,122.6412903,122.6412903,01/08/2024 23:00
2024,8,1,24,115.316129,115.316129,02/08/2024 0:00
2024,8,2,1,111.9780645,111.9780645,02/08/2024 1:00
2024,8,2,2,105.6393548,105.6393548,02/08/2024 2:00
2024,8,2,3,99.02709677,99.02709677,02/08/2024 3:00
2024,8,2,4,97.27612903,97.27612903,02/08/2024 4:00
2024,8,2,5,95.2616129,95.2616129,02/08/2024 5:00
2024,8,2,6,98.80612903,98.80612903,02/08/2024 6:00
2024,8,2,7,107.3812903,107.3812903,02/08/2024 7:00
2024,8,2,8,111.2777419,111.2777419,02/08/2024 8:00
2024,8,2,9,108.8319355,108.8319355,02/08/2024 9:00
2024,8,2,10,95.35354839,95.35354839,02/08/2024 10:00
2024,8,2,11,82.19870968,82.19741935,02/08/2024 11:00
2024,8,2,12,80.2983871,75.92225806,02/08/2024 12:00
2024,8,2,13,79.86741935,74.21193548,02/08/2024 13:00
2024,8,2,14,78.74741935,73.39741935,02/08/2024 14:00
2024,8,2,15,76.22677419,70.67483871,02/08/2024 15:00
2024,8,2,16,74.61,67.89258065,02/08/2024 16:00
2024,8,2,17,75.70612903,69.41806452,02/08/2024 17:00
2024,8,2,18,82.37451613,77.28677419,02/08/2024 18:00
2024,8,2,19,90.57225806,86.83709677,02/08/2024 19:00
2024,8,2,20,107.8454839,107.0845161,02/08/2024 20:00
2024,8,2,21,122.726129,122.726129,02/08/2024 21:00
2024,8,2,22,128.6564516,128.6564516,02/08/2024 22:00
2024,8,2,23,122.6412903,122.6412903,02/08/2024 23:00
2024,8,2,24,115.316129,115.316129,03/08/2024 0:00
2024,8,3,1,111.9780645,111.9780645,03/08/2024 1:00
2024,8,3,2,105.6393548,105.6393548,03/08/2024 2:00
2024,8,3,3,99.02709677,99.02709677,03/08/2024 3:00
2024,8,3,4,97.27612903,97.27612903,03/08/2024 4:00
2024,8,3,5,95.2616129,95.2616129,03/08/2024 5:00
2024,8,3,6,98.80612903,98.80612903,03/08/2024 6:00
2024,8,3,7,107.3812903,107.3812903,03/08/2024 7:00
2024,8,3,8,111.2777419,111.2777419,03/08/2024 8:00
2024,8,3,9,108.8319355,108.8319355,03/08/2024 9:00
2024,8,3,10,95.35354839,95.35354839,03/08/2024 10:00
2024,8,3,11,82.19870968,82.19741935,03/08/2024 11:00
2024,8,3,12,80.2983871,75.92225806,03/08/2024 12:00
2024,8,3,13,79.86741935,74.21193548,03/08/2024 13:00
2024,8,3,14,78.74741935,73.39741935,03/08/2024 14:00
2024,8,3,15,76.22677419,70.67483871,03/08/2024 15:00
2024,8,3,16,74.61,67.89258065,03/08/2024 16:00
2024,8,3,17,75.70612903,69.41806452,03/08/2024 17:00
2024,8,3,18,82.37451613,77.28677419,03/08/2024 18:00
2024,8,3,19,90.57225806,86.83709677,03/08/2024 19:00
2024,8,3,20,107.8454839,107.0845161,03/08/2024 20:00
2024,8,3,21,122.726129,122.726129,03/08/2024 21:00
2024,8,3,22,128.6564516,128.6564516,03/08/2024 22:00
2024,8,3,23,122.6412903,122.6412903,03/08/2024 23:00
2024,8,3,24,115.316129,115.316129,04/08/2024 0:00
2024,8,4,1,111.9780645,111.9780645,04/08/2024 1:00
2024,8,4,2,105.6393548,105.6393548,04/08/2024 2:00
2024,8,4,3,99.02709677,99.02709677,04/08/2024 3:00
2024,8,4,4,97.27612903,97.27612903,04/08/2024 4:00
2024,8,4,5,95.2616129,95.2616129,04/08/2024 5:00
2024,8,4,6,98.80612903,98.80612903,04/08/2024 6:00
2024,8,4,7,107.3812903,107.3812903,04/08/2024 7:00
2024,8,4,8,111.2777419,111.2777419,04/08/2024 8:00
2024,8,4,9,108.8319355,108.8319355,04/08/2024 9:00
2024,8,4,10,95.35354839,95.35354839,04/08/2024 10:00
2024,8,4,11,82.19870968,82.19741935,04/08/2024 11:00
2024,8,4,12,80.2983871,75.92225806,04/08/2024 12:00
2024,8,4,13,79.86741935,74.21193548,04/08/2024 13:00
2024,8,4,14,78.74741935,73.39741935,04/08/2024 14:00
2024,8,4,15,76.22677419,70.67483871,04/08/2024 15:00
2024,8,4,16,74.61,67.89258065,04/08/2024 16:00
2024,8,4,17,75.70612903,69.41806452,04/08/2024 17:00
2024,8,4,18,82.37451613,77.28677419,04/08/2024 18:00
2024,8,4,19,90.57225806,86.83709677,04/08/2024 19:00
2024,8,4,20,107.8454839,107.0845161,04/08/2024 20:00
2024,8,4,21,122.726129,122.726129,04/08/2024 21:00
2024,8,4,22,128.6564516,128.6564516,04/08/2024 22:00
2024,8,4,23,122.6412903,122.6412903,04/08/2024 23:00
2024,8,4,24,115.316129,115.316129,05/08/2024 0:00
2024,8,5,1,111.9780645,111.9780645,05/08/2024 1:00
2024,8,5,2,105.6393548,105.6393548,05/08/2024 2:00
2024,8,5,3,99.02709677,99.02709677,05/08/2024 3:00
2024,8,5,4,97.27612903,97.27612903,05/08/2024 4:00
2024,8,5,5,95.2616129,95.2616129,05/08/2024 5:00
2024,8,5,6,98.80612903,98.80612903,05/08/2024 6:00
2024,8,5,7,107.3812903,107.3812903,05/08/2024 7:00
2024,8,5,8,111.2777419,111.2777419,05/08/2024 8:00
2024,8,5,9,108.8319355,108.8319355,05/08/2024 9:00
2024,8,5,10,95.35354839,95.35354839,05/08/2024 10:00
2024,8,5,11,82.19870968,82.19741935,05/08/2024 11:00
2024,8,5,12,80.2983871,75.92225806,05/08/2024 12:00
2024,8,5,13,79.86741935,74.21193548,05/08/2024 13:00
2024,8,5,14,78.74741935,73.39741935,05/08/2024 14:00
2024,8,5,15,76.22677419,70.67483871,05/08/2024 15:00
2024,8,5,16,74.61,67.89258065,05/08/2024 16:00
2024,8,5,17,75.70612903,69.41806452,05/08/2024 17:00
2024,8,5,18,82.37451613,77.28677419,05/08/2024 18:00
2024,8,5,19,90.57225806,86.83709677,05/08/2024 19:00
2024,8,5,20,107.8454839,107.0845161,05/08/2024 20:00
2024,8,5,21,122.726129,122.726129,05/08/2024 21:00
2024,8,5,22,128.6564516,128.6564516,05/08/2024 22:00
2024,8,5,23,122.6412903,122.6412903,05/08/2024 23:00
2024,8,5,24,115.316129,115.316129,06/08/2024 0:00
2024,8,6,1,111.9780645,111.9780645,06/08/2024 1:00
2024,8,6,2,105.6393548,105.6393548,06/08/2024 2:00
2024,8,6,3,99.02709677,99.02709677,06/08/2024 3:00
2024,8,6,4,97.27612903,97.27612903,06/08/2024 4:00
2024,8,6,5,95.2616129,95.2616129,06/08/2024 5:00
2024,8,6,6,98.80612903,98.80612903,06/08/2024 6:00
2024,8,6,7,107.3812903,107.3812903,06/08/2024 7:00
2024,8,6,8,111.2777419,111.2777419,06/08/2024 8:00
2024,8,6,9,108.8319355,108.8319355,06/08/2024 9:00
2024,8,6,10,95.35354839,95.35354839,06/08/2024 10:00
2024,8,6,11,82.19870968,82.19741935,06/08/2024 11:00
2024,8,6,12,80.2983871,75.92225806,06/08/2024 12:00
2024,8,6,13,79.86741935,74.21193548,06/08/2024 13:00
2024,8,6,14,78.74741935,73.39741935,06/08/2024 14:00
2024,8,6,15,76.22677419,70.67483871,06/08/2024 15:00
2024,8,6,16,74.61,67.89258065,06/08/2024 16:00
2024,8,6,17,75.70612903,69.41806452,06/08/2024 17:00
2024,8,6,18,82.37451613,77.28677419,06/08/2024 18:00
2024,8,6,19,90.57225806,86.83709677,06/08/2024 19:00
2024,8,6,20,107.8454839,107.0845161,06/08/2024 20:00
2024,8,6,21,122.726129,122.726129,06/08/2024 21:00
2024,8,6,22,128.6564516,128.6564516,06/08/2024 22:00
2024,8,6,23,122.6412903,122.6412903,06/08/2024 23:00
2024,8,6,24,115.316129,115.316129,07/08/2024 0:00
2024,8,7,1,111.9780645,111.9780645,07/08/2024 1:00
2024,8,7,2,105.6393548,105.6393548,07/08/2024 2:00
2024,8,7,3,99.02709677,99.02709677,07/08/2024 3:00
2024,8,7,4,97.27612903,97.27612903,07/08/2024 4:00
2024,8,7,5,95.2616129,95.2616129,07/08/2024 5:00
2024,8,7,6,98.80612903,98.80612903,07/08/2024 6:00
2024,8,7,7,107.3812903,107.3812903,07/08/2024 7:00
2024,8,7,8,111.2777419,111.2777419,07/08/2024 8:00
2024,8,7,9,108.8319355,108.8319355,07/08/2024 9:00
2024,8,7,10,95.35354839,95.35354839,07/08/2024 10:00
2024,8,7,11,82.19870968,82.19741935,07/08/2024 11:00
2024,8,7,12,80.2983871,75.92225806,07/08/2024 12:00
2024,8,7,13,79.86741935,74.21193548,07/08/2024 13:00
2024,8,7,14,78.74741935,73.39741935,07/08/2024 14:00
2024,8,7,15,76.22677419,70.67483871,07/08/2024 15:00
2024,8,7,16,74.61,67.89258065,07/08/2024 16:00
2024,8,7,17,75.70612903,69.41806452,07/08/2024 17:00
2024,8,7,18,82.37451613,77.28677419,07/08/2024 18:00
2024,8,7,19,90.57225806,86.83709677,07/08/2024 19:00
2024,8,7,20,107.8454839,107.0845161,07/08/2024 20:00
2024,8,7,21,122.726129,122.726129,07/08/2024 21:00
2024,8,7,22,128.6564516,128.6564516,07/08/2024 22:00
2024,8,7,23,122.6412903,122.6412903,07/08/2024 23:00
2024,8,7,24,115.316129,115.316129,08/08/2024 0:00
2024,8,8,1,111.9780645,111.9780645,08/08/2024 1:00
2024,8,8,2,105.6393548,105.6393548,08/08/2024 2:00
2024,8,8,3,99.02709677,99.02709677,08/08/2024 3:00
2024,8,8,4,97.27612903,97.27612903,08/08/2024 4:00
2024,8,8,5,95.2616129,95.2616129,08/08/2024 5:00
2024,8,8,6,98.80612903,98.80612903,08/08/2024 6:00
2024,8,8,7,107.3812903,107.3812903,08/08/2024 7:00
2024,8,8,8,111.2777419,111.2777419,08/08/2024 8:00
2024,8,8,9,108.8319355,108.8319355,08/08/2024 9:00
2024,8,8,10,95.35354839,95.35354839,08/08/2024 10:00
2024,8,8,11,82.19870968,82.19741935,08/08/2024 11:00
2024,8,8,12,80.2983871,75.92225806,08/08/2024 12:00
2024,8,8,13,79.86741935,74.21193548,08/08/2024 13:00
2024,8,8,14,78.74741935,73.39741935,08/08/2024 14:00
2024,8,8,15,76.22677419,70.67483871,08/08/2024 15:00
2024,8,8,16,74.61,67.89258065,08/08/2024 16:00
2024,8,8,17,75.70612903,69.41806452,08/08/2024 17:00
2024,8,8,18,82.37451613,77.28677419,08/08/2024 18:00
2024,8,8,19,90.57225806,86.83709677,08/08/2024 19:00
2024,8,8,20,107.8454839,107.0845161,08/08/2024 20:00
2024,8,8,21,122.726129,122.726129,08/08/2024 21:00
2024,8,8,22,128.6564516,128.6564516,08/08/2024 22:00
2024,8,8,23,122.6412903,122.6412903,08/08/2024 23:00
2024,8,8,24,115.316129,115.316129,09/08/2024 0:00
2024,8,9,1,111.9780645,111.9780645,09/08/2024 1:00
2024,8,9,2,105.6393548,105.6393548,09/08/2024 2:00
2024,8,9,3,99.02709677,99.02709677,09/08/2024 3:00
2024,8,9,4,97.27612903,97.27612903,09/08/2024 4:00
2024,8,9,5,95.2616129,95.2616129,09/08/2024 5:00
2024,8,9,6,98.80612903,98.80612903,09/08/2024 6:00
2024,8,9,7,107.3812903,107.3812903,09/08/2024 7:00
2024,8,9,8,111.2777419,111.2777419,09/08/2024 8:00
2024,8,9,9,108.8319355,108.8319355,09/08/2024 9:00
2024,8,9,10,95.35354839,95.35354839,09/08/2024 10:00
2024,8,9,11,82.19870968,82.19741935,09/08/2024 11:00
2024,8,9,12,80.2983871,75.92225806,09/08/2024 12:00
2024,8,9,13,79.86741935,74.21193548,09/08/2024 13:00
2024,8,9,14,78.74741935,73.39741935,09/08/2024 14:00
2024,8,9,15,76.22677419,70.67483871,09/08/2024 15:00
2024,8,9,16,74.61,67.89258065,09/08/2024 16:00
2024,8,9,17,75.70612903,69.41806452,09/08/2024 17:00
2024,8,9,18,82.37451613,77.28677419,09/08/2024 18:00
2024,8,9,19,90.57225806,86.83709677,09/08/2024 19:00
2024,8,9,20,107.8454839,107.0845161,09/08/2024 20:00
2024,8,9,21,122.726129,122.726129,09/08/2024 21:00
2024,8,9,22,128.6564516,128.6564516,09/08/2024 22:00
2024,8,9,23,122.6412903,122.6412903,09/08/2024 23:00
2024,8,9,24,115.316129,115.316129,10/08/2024 0:00
2024,8,10,1,111.9780645,111.9780645,10/08/2024 1:00
2024,8,10,2,105.6393548,105.6393548,10/08/2024 2:00
2024,8,10,3,99.02709677,99.02709677,10/08/2024 3:00
2024,8,10,4,97.27612903,97.27612903,10/08/2024 4:00
2024,8,10,5,95.2616129,95.2616129,10/08/2024 5:00
2024,8,10,6,98.80612903,98.80612903,10/08/2024 6:00
2024,8,10,7,107.3812903,107.3812903,10/08/2024 7:00
2024,8,10,8,111.2777419,111.2777419,10/08/2024 8:00
2024,8,10,9,108.8319355,108.8319355,10/08/2024 9:00
2024,8,10,10,95.35354839,95.35354839,10/08/2024 10:00
2024,8,10,11,82.19870968,82.19741935,10/08/2024 11:00
2024,8,10,12,80.2983871,75.92225806,10/08/2024 12:00
2024,8,10,13,79.86741935,74.21193548,10/08/2024 13:00
2024,8,10,14,78.74741935,73.39741935,10/08/2024 14:00
2024,8,10,15,76.22677419,70.67483871,10/08/2024 15:00
2024,8,10,16,74.61,67.89258065,10/08/2024 16:00
2024,8,10,17,75.70612903,69.41806452,10/08/2024 17:00
2024,8,10,18,82.37451613,77.28677419,10/08/2024 18:00
2024,8,10,19,90.57225806,86.83709677,10/08/2024 19:00
2024,8,10,20,107.8454839,107.0845161,10/08/2024 20:00
2024,8,10,21,122.726129,122.726129,10/08/2024 21:00
2024,8,10,22,128.6564516,128.6564516,10/08/2024 22:00
2024,8,10,23,122.6412903,122.6412903,10/08/2024 23:00
2024,8,10,24,115.316129,115.316129,11/08/2024 0:00
2024,8,11,1,111.9780645,111.9780645,11/08/2024 1:00
2024,8,11,2,105.6393548,105.6393548,11/08/2024 2:00
2024,8,11,3,99.02709677,99.02709677,11/08/2024 3:00
2024,8,11,4,97.27612903,97.27612903,11/08/2024 4:00
2024,8,11,5,95.2616129,95.2616129,11/08/2024 5:00
2024,8,11,6,98.80612903,98.80612903,11/08/2024 6:00
2024,8,11,7,107.3812903,107.3812903,11/08/2024 7:00
2024,8,11,8,111.2777419,111.2777419,11/08/2024 8:00
2024,8,11,9,108.8319355,108.8319355,11/08/2024 9:00
2024,8,11,10,95.35354839,95.35354839,11/08/2024 10:00
2024,8,11,11,82.19870968,82.19741935,11/08/2024 11:00
2024,8,11,12,80.2983871,75.92225806,11/08/2024 12:00
2024,8,11,13,79.86741935,74.21193548,11/08/2024 13:00
2024,8,11,14,78.74741935,73.39741935,11/08/2024 14:00
2024,8,11,15,76.22677419,70.67483871,11/08/2024 15:00
2024,8,11,16,74.61,67.89258065,11/08/2024 16:00
2024,8,11,17,75.70612903,69.41806452,11/08/2024 17:00
2024,8,11,18,82.37451613,77.28677419,11/08/2024 18:00
2024,8,11,19,90.57225806,86.83709677,11/08/2024 19:00
2024,8,11,20,107.8454839,107.0845161,11/08/2024 20:00
2024,8,11,21,122.726129,122.726129,11/08/2024 21:00
2024,8,11,22,128.6564516,128.6564516,11/08/2024 22:00
2024,8,11,23,122.6412903,122.6412903,11/08/2024 23:00
2024,8,11,24,115.316129,115.316129,12/08/2024 0:00
2024,8,12,1,111.9780645,111.9780645,12/08/2024 1:00
2024,8,12,2,105.6393548,105.6393548,12/08/2024 2:00
2024,8,12,3,99.02709677,99.02709677,12/08/2024 3:00
2024,8,12,4,97.27612903,97.27612903,12/08/2024 4:00
2024,8,12,5,95.2616129,95.2616129,12/08/2024 5:00
2024,8,12,6,98.80612903,98.80612903,12/08/2024 6:00
2024,8,12,7,107.3812903,107.3812903,12/08/2024 7:00
2024,8,12,8,111.2777419,111.2777419,12/08/2024 8:00
2024,8,12,9,108.8319355,108.8319355,12/08/2024 9:00
2024,8,12,10,95.35354839,95.35354839,12/08/2024 10:00
2024,8,12,11,82.19870968,82.19741935,12/08/2024 11:00
2024,8,12,12,80.2983871,75.92225806,12/08/2024 12:00
2024,8,12,13,79.86741935,74.21193548,12/08/2024 13:00
2024,8,12,14,78.74741935,73.39741935,12/08/2024 14:00
2024,8,12,15,76.22677419,70.67483871,12/08/2024 15:00
2024,8,12,16,74.61,67.89258065,12/08/2024 16:00
2024,8,12,17,75.70612903,69.41806452,12/08/2024 17:00
2024,8,12,18,82.37451613,77.28677419,12/08/2024 18:00
2024,8,12,19,90.57225806,86.83709677,12/08/2024 19:00
2024,8,12,20,107.8454839,107.0845161,12/08/2024 20:00
2024,8,12,21,122.726129,122.726129,12/08/2024 21:00
2024,8,12,22,128.6564516,128.6564516,12/08/2024 22:00
2024,8,12,23,122.6412903,122.6412903,12/08/2024 23:00
2024,8,12,24,115.316129,115.316129,13/08/2024 0:00
2024,8,13,1,111.9780645,111.9780645,13/08/2024 1:00
2024,8,13,2,105.6393548,105.6393548,13/08/2024 2:00
2024,8,13,3,99.02709677,99.02709677,13/08/2024 3:00
2024,8,13,4,97.27612903,97.27612903,13/08/2024 4:00
2024,8,13,5,95.2616129,95.2616129,13/08/2024 5:00
2024,8,13,6,98.80612903,98.80612903,13/08/2024 6:00
2024,8,13,7,107.3812903,107.3812903,13/08/2024 7:00
2024,8,13,8,111.2777419,111.2777419,13/08/2024 8:00
2024,8,13,9,108.8319355,108.8319355,13/08/2024 9:00
2024,8,13,10,95.35354839,95.35354839,13/08/2024 10:00
2024,8,13,11,82.19870968,82.19741935,13/08/2024 11:00
2024,8,13,12,80.2983871,75.92225806,13/08/2024 12:00
2024,8,13,13,79.86741935,74.21193548,13/08/2024 13:00
2024,8,13,14,78.74741935,73.39741935,13/08/2024 14:00
2024,8,13,15,76.22677419,70.67483871,13/08/2024 15:00
2024,8,13,16,74.61,67.89258065,13/08/2024 16:00
2024,8,13,17,75.70612903,69.41806452,13/08/2024 17:00
2024,8,13,18,82.37451613,77.28677419,13/08/2024 18:00
2024,8,13,19,90.57225806,86.83709677,13/08/2024 19:00
2024,8,13,20,107.8454839,107.0845161,13/08/2024 20:00
2024,8,13,21,122.726129,122.726129,13/08/2024 21:00
2024,8,13,22,128.6564516,128.6564516,13/08/2024 22:00
2024,8,13,23,122.6412903,122.6412903,13/08/2024 23:00
2024,8,13,24,115.316129,115.316129,14/08/2024 0:00
2024,8,14,1,111.9780645,111.9780645,14/08/2024 1:00
2024,8,14,2,105.6393548,105.6393548,14/08/2024 2:00
2024,8,14,3,99.02709677,99.02709677,14/08/2024 3:00
2024,8,14,4,97.27612903,97.27612903,14/08/2024 4:00
2024,8,14,5,95.2616129,95.2616129,14/08/2024 5:00
2024,8,14,6,98.80612903,98.80612903,14/08/2024 6:00
2024,8,14,7,107.3812903,107.3812903,14/08/2024 7:00
2024,8,14,8,111.2777419,111.2777419,14/08/2024 8:00
2024,8,14,9,108.8319355,108.8319355,14/08/2024 9:00
2024,8,14,10,95.35354839,95.35354839,14/08/2024 10:00
2024,8,14,11,82.19870968,82.19741935,14/08/2024 11:00
2024,8,14,12,80.2983871,75.92225806,14/08/2024 12:00
2024,8,14,13,79.86741935,74.21193548,14/08/2024 13:00
2024,8,14,14,78.74741935,73.39741935,14/08/2024 14:00
2024,8,14,15,76.22677419,70.67483871,14/08/2024 15:00
2024,8,14,16,74.61,67.89258065,14/08/2024 16:00
2024,8,14,17,75.70612903,69.41806452,14/08/2024 17:00
2024,8,14,18,82.37451613,77.28677419,14/08/2024 18:00
2024,8,14,19,90.57225806,86.83709677,14/08/2024 19:00
2024,8,14,20,107.8454839,107.0845161,14/08/2024 20:00
2024,8,14,21,122.726129,122.726129,14/08/2024 21:00
2024,8,14,22,128.6564516,128.6564516,14/08/2024 22:00
2024,8,14,23,122.6412903,122.6412903,14/08/2024 23:00
2024,8,14,24,115.316129,115.316129,15/08/2024 0:00
2024,8,15,1,111.9780645,111.9780645,15/08/2024 1:00
2024,8,15,2,105.6393548,105.6393548,15/08/2024 2:00
2024,8,15,3,99.02709677,99.02709677,15/08/2024 3:00
2024,8,15,4,97.27612903,97.27612903,15/08/2024 4:00
2024,8,15,5,95.2616129,95.2616129,15/08/2024 5:00
2024,8,15,6,98.80612903,98.80612903,15/08/2024 6:00
2024,8,15,7,107.3812903,107.3812903,15/08/2024 7:00
2024,8,15,8,111.2777419,111.2777419,15/08/2024 8:00
2024,8,15,9,108.8319355,108.8319355,15/08/2024 9:00
2024,8,15,10,95.35354839,95.35354839,15/08/2024 10:00
2024,8,15,11,82.19870968,82.19741935,15/08/2024 11:00
2024,8,15,12,80.2983871,75.92225806,15/08/2024 12:00
2024,8,15,13,79.86741935,74.21193548,15/08/2024 13:00
2024,8,15,14,78.74741935,73.39741935,15/08/2024 14:00
2024,8,15,15,76.22677419,70.67483871,15/08/2024 15:00
2024,8,15,16,74.61,67.89258065,15/08/2024 16:00
2024,8,15,17,75.70612903,69.41806452,15/08/2024 17:00
2024,8,15,18,82.37451613,77.28677419,15/08/2024 18:00
2024,8,15,19,90.57225806,86.83709677,15/08/2024 19:00
2024,8,15,20,107.8454839,107.0845161,15/08/2024 20:00
2024,8,15,21,122.726129,122.726129,15/08/2024 21:00
2024,8,15,22,128.6564516,128.6564516,15/08/2024 22:00
2024,8,15,23,122.6412903,122.6412903,15/08/2024 23:00
2024,8,15,24,115.316129,115.316129,16/08/2024 0:00
2024,8,16,1,111.9780645,111.9780645,16/08/2024 1:00
2024,8,16,2,105.6393548,105.6393548,16/08/2024 2:00
2024,8,16,3,99.02709677,99.02709677,16/08/2024 3:00
2024,8,16,4,97.27612903,97.27612903,16/08/2024 4:00
2024,8,16,5,95.2616129,95.2616129,16/08/2024 5:00
2024,8,16,6,98.80612903,98.80612903,16/08/2024 6:00
2024,8,16,7,107.3812903,107.3812903,16/08/2024 7:00
2024,8,16,8,111.2777419,111.2777419,16/08/2024 8:00
2024,8,16,9,108.8319355,108.8319355,16/08/2024 9:00
2024,8,16,10,95.35354839,95.35354839,16/08/2024 10:00
2024,8,16,11,82.19870968,82.19741935,16/08/2024 11:00
2024,8,16,12,80.2983871,75.92225806,16/08/2024 12:00
2024,8,16,13,79.86741935,74.21193548,16/08/2024 13:00
2024,8,16,14,78.74741935,73.39741935,16/08/2024 14:00
2024,8,16,15,76.22677419,70.67483871,16/08/2024 15:00
2024,8,16,16,74.61,67.89258065,16/08/2024 16:00
2024,8,16,17,75.70612903,69.41806452,16/08/2024 17:00
2024,8,16,18,82.37451613,77.28677419,16/08/2024 18:00
2024,8,16,19,90.57225806,86.83709677,16/08/2024 19:00
2024,8,16,20,107.8454839,107.0845161,16/08/2024 20:00
2024,8,16,21,122.726129,122.726129,16/08/2024 21:00
2024,8,16,22,128.6564516,128.6564516,16/08/2024 22:00
2024,8,16,23,122.6412903,122.6412903,16/08/2024 23:00
2024,8,16,24,115.316129,115.316129,17/08/2024 0:00
2024,8,17,1,111.9780645,111.9780645,17/08/2024 1:00
2024,8,17,2,105.6393548,105.6393548,17/08/2024 2:00
2024,8,17,3,99.02709677,99.02709677,17/08/2024 3:00
2024,8,17,4,97.27612903,97.27612903,17/08/2024 4:00
2024,8,17,5,95.2616129,95.2616129,17/08/2024 5:00
2024,8,17,6,98.80612903,98.80612903,17/08/2024 6:00
2024,8,17,7,107.3812903,107.3812903,17/08/2024 7:00
2024,8,17,8,111.2777419,111.2777419,17/08/2024 8:00
2024,8,17,9,108.8319355,108.8319355,17/08/2024 9:00
2024,8,17,10,95.35354839,95.35354839,17/08/2024 10:00
2024,8,17,11,82.19870968,82.19741935,17/08/2024 11:00
2024,8,17,12,80.2983871,75.92225806,17/08/2024 12:00
2024,8,17,13,79.86741935,74.21193548,17/08/2024 13:00
2024,8,17,14,78.74741935,73.39741935,17/08/2024 14:00
2024,8,17,15,76.22677419,70.67483871,17/08/2024 15:00
2024,8,17,16,74.61,67.89258065,17/08/2024 16:00
2024,8,17,17,75.70612903,69.41806452,17/08/2024 17:00
2024,8,17,18,82.37451613,77.28677419,17/08/2024 18:00
2024,8,17,19,90.57225806,86.83709677,17/08/2024 19:00
2024,8,17,20,107.8454839,107.0845161,17/08/2024 20:00
2024,8,17,21,122.726129,122.726129,17/08/2024 21:00
2024,8,17,22,128.6564516,128.6564516,17/08/2024 22:00
2024,8,17,23,122.6412903,122.6412903,17/08/2024 23:00
2024,8,17,24,115.316129,115.316129,18/08/2024 0:00
2024,8,18,1,111.9780645,111.9780645,18/08/2024 1:00
2024,8,18,2,105.6393548,105.6393548,18/08/2024 2:00
2024,8,18,3,99.02709677,99.02709677,18/08/2024 3:00
2024,8,18,4,97.27612903,97.27612903,18/08/2024 4:00
2024,8,18,5,95.2616129,95.2616129,18/08/2024 5:00
2024,8,18,6,98.80612903,98.80612903,18/08/2024 6:00
2024,8,18,7,107.3812903,107.3812903,18/08/2024 7:00
2024,8,18,8,111.2777419,111.2777419,18/08/2024 8:00
2024,8,18,9,108.8319355,108.8319355,18/08/2024 9:00
2024,8,18,10,95.35354839,95.35354839,18/08/2024 10:00
2024,8,18,11,82.19870968,82.19741935,18/08/2024 11:00
2024,8,18,12,80.2983871,75.92225806,18/08/2024 12:00
2024,8,18,13,79.86741935,74.21193548,18/08/2024 13:00
2024,8,18,14,78.74741935,73.39741935,18/08/2024 14:00
2024,8,18,15,76.22677419,70.67483871,18/08/2024 15:00
2024,8,18,16,74.61,67.89258065,18/08/2024 16:00
2024,8,18,17,75.70612903,69.41806452,18/08/2024 17:00
2024,8,18,18,82.37451613,77.28677419,18/08/2024 18:00
2024,8,18,19,90.57225806,86.83709677,18/08/2024 19:00
2024,8,18,20,107.8454839,107.0845161,18/08/2024 20:00
2024,8,18,21,122.726129,122.726129,18/08/2024 21:00
2024,8,18,22,128.6564516,128.6564516,18/08/2024 22:00
2024,8,18,23,122.6412903,122.6412903,18/08/2024 23:00
2024,8,18,24,115.316129,115.316129,19/08/2024 0:00
2024,8,19,1,111.9780645,111.9780645,19/08/2024 1:00
2024,8,19,2,105.6393548,105.6393548,19/08/2024 2:00
2024,8,19,3,99.02709677,99.02709677,19/08/2024 3:00
2024,8,19,4,97.27612903,97.27612903,19/08/2024 4:00
2024,8,19,5,95.2616129,95.2616129,19/08/2024 5:00
2024,8,19,6,98.80612903,98.80612903,19/08/2024 6:00
2024,8,19,7,107.3812903,107.3812903,19/08/2024 7:00
2024,8,19,8,111.2777419,111.2777419,19/08/2024 8:00
2024,8,19,9,108.8319355,108.8319355,19/08/2024 9:00
2024,8,19,10,95.35354839,95.35354839,19/08/2024 10:00
2024,8,19,11,82.19870968,82.19741935,19/08/2024 11:00
2024,8,19,12,80.2983871,75.92225806,19/08/2024 12:00
2024,8,19,13,79.86741935,74.21193548,19/08/2024 13:00
2024,8,19,14,78.74741935,73.39741935,19/08/2024 14:00
2024,8,19,15,76.22677419,70.67483871,19/08/2024 15:00
2024,8,19,16,74.61,67.89258065,19/08/2024 16:00
2024,8,19,17,75.70612903,69.41806452,19/08/2024 17:00
2024,8,19,18,82.37451613,77.28677419,19/08/2024 18:00
2024,8,19,19,90.57225806,86.83709677,19/08/2024 19:00
2024,8,19,20,107.8454839,107.0845161,19/08/2024 20:00
2024,8,19,21,122.726129,122.726129,19/08/2024 21:00
2024,8,19,22,128.6564516,128.6564516,19/08/2024 22:00
2024,8,19,23,122.6412903,122.6412903,19/08/2024 23:00
2024,8,19,24,115.316129,115.316129,20/08/2024 0:00
2024,8,20,1,111.9780645,111.9780645,20/08/2024 1:00
2024,8,20,2,105.6393548,105.6393548,20/08/2024 2:00
2024,8,20,3,99.02709677,99.02709677,20/08/2024 3:00
2024,8,20,4,97.27612903,97.27612903,20/08/2024 4:00
2024,8,20,5,95.2616129,95.2616129,20/08/2024 5:00
2024,8,20,6,98.80612903,98.80612903,20/08/2024 6:00
2024,8,20,7,107.3812903,107.3812903,20/08/2024 7:00
2024,8,20,8,111.2777419,111.2777419,20/08/2024 8:00
2024,8,20,9,108.8319355,108.8319355,20/08/2024 9:00
2024,8,20,10,95.35354839,95.35354839,20/08/2024 10:00
2024,8,20,11,82.19870968,82.19741935,20/08/2024 11:00
2024,8,20,12,80.2983871,75.92225806,20/08/2024 12:00
2024,8,20,13,79.86741935,74.21193548,20/08/2024 13:00
2024,8,20,14,78.74741935,73.39741935,20/08/2024 14:00
2024,8,20,15,76.22677419,70.67483871,20/08/2024 15:00
2024,8,20,16,74.61,67.89258065,20/08/2024 16:00
2024,8,20,17,75.70612903,69.41806452,20/08/2024 17:00
2024,8,20,18,82.37451613,77.28677419,20/08/2024 18:00
2024,8,20,19,90.57225806,86.83709677,20/08/2024 19:00
2024,8,20,20,107.8454839,107.0845161,20/08/2024 20:00
2024,8,20,21,122.726129,122.726129,20/08/2024 21:00
2024,8,20,22,128.6564516,128.6564516,20/08/2024 22:00
2024,8,20,23,122.6412903,122.6412903,20/08/2024 23:00
2024,8,20,24,115.316129,115.316129,21/08/2024 0:00
2024,8,21,1,111.9780645,111.9780645,21/08/2024 1:00
2024,8,21,2,105.6393548,105.6393548,21/08/2024 2:00
2024,8,21,3,99.02709677,99.02709677,21/08/2024 3:00
2024,8,21,4,97.27612903,97.27612903,21/08/2024 4:00
2024,8,21,5,95.2616129,95.2616129,21/08/2024 5:00
2024,8,21,6,98.80612903,98.80612903,21/08/2024 6:00
2024,8,21,7,107.3812903,107.3812903,21/08/2024 7:00
2024,8,21,8,111.2777419,111.2777419,21/08/2024 8:00
2024,8,21,9,108.8319355,108.8319355,21/08/2024 9:00
2024,8,21,10,95.35354839,95.35354839,21/08/2024 10:00
2024,8,21,11,82.19870968,82.19741935,21/08/2024 11:00
2024,8,21,12,80.2983871,75.92225806,21/08/2024 12:00
2024,8,21,13,79.86741935,74.21193548,21/08/2024 13:00
2024,8,21,14,78.74741935,73.39741935,21/08/2024 14:00
2024,8,21,15,76.22677419,70.67483871,21/08/2024 15:00
2024,8,21,16,74.61,67.89258065,21/08/2024 16:00
2024,8,21,17,75.70612903,69.41806452,21/08/2024 17:00
2024,8,21,18,82.37451613,77.28677419,21/08/2024 18:00
2024,8,21,19,90.57225806,86.83709677,21/08/2024 19:00
2024,8,21,20,107.8454839,107.0845161,21/08/2024 20:00
2024,8,21,21,122.726129,122.726129,21/08/2024 21:00
2024,8,21,22,128.6564516,128.6564516,21/08/2024 22:00
2024,8,21,23,122.6412903,122.6412903,21/08/2024 23:00
2024,8,21,24,115.316129,115.316129,22/08/2024 0:00
2024,8,22,1,111.9780645,111.9780645,22/08/2024 1:00
2024,8,22,2,105.6393548,105.6393548,22/08/2024 2:00
2024,8,22,3,99.02709677,99.02709677,22/08/2024 3:00
2024,8,22,4,97.27612903,97.27612903,22/08/2024 4:00
2024,8,22,5,95.2616129,95.2616129,22/08/2024 5:00
2024,8,22,6,98.80612903,98.80612903,22/08/2024 6:00
2024,8,22,7,107.3812903,107.3812903,22/08/2024 7:00
2024,8,22,8,111.2777419,111.2777419,22/08/2024 8:00
2024,8,22,9,108.8319355,108.8319355,22/08/2024 9:00
2024,8,22,10,95.35354839,95.35354839,22/08/2024 10:00
2024,8,22,11,82.19870968,82.19741935,22/08/2024 11:00
2024,8,22,12,80.2983871,75.92225806,22/08/2024 12:00
2024,8,22,13,79.86741935,74.21193548,22/08/2024 13:00
2024,8,22,14,78.74741935,73.39741935,22/08/2024 14:00
2024,8,22,15,76.22677419,70.67483871,22/08/2024 15:00
2024,8,22,16,74.61,67.89258065,22/08/2024 16:00
2024,8,22,17,75.70612903,69.41806452,22/08/2024 17:00
2024,8,22,18,82.37451613,77.28677419,22/08/2024 18:00
2024,8,22,19,90.57225806,86.83709677,22/08/2024 19:00
2024,8,22,20,107.8454839,107.0845161,22/08/2024 20:00
2024,8,22,21,122.726129,122.726129,22/08/2024 21:00
2024,8,22,22,128.6564516,128.6564516,22/08/2024 22:00
2024,8,22,23,122.6412903,122.6412903,22/08/2024 23:00
2024,8,22,24,115.316129,115.316129,23/08/2024 0:00
2024,8,23,1,111.9780645,111.9780645,23/08/2024 1:00
2024,8,23,2,105.6393548,105.6393548,23/08/2024 2:00
2024,8,23,3,99.02709677,99.02709677,23/08/2024 3:00
2024,8,23,4,97.27612903,97.27612903,23/08/2024 4:00
2024,8,23,5,95.2616129,95.2616129,23/08/2024 5:00
2024,8,23,6,98.80612903,98.80612903,23/08/2024 6:00
2024,8,23,7,107.3812903,107.3812903,23/08/2024 7:00
2024,8,23,8,111.2777419,111.2777419,23/08/2024 8:00
2024,8,23,9,108.8319355,108.8319355,23/08/2024 9:00
2024,8,23,10,95.35354839,95.35354839,23/08/2024 10:00
2024,8,23,11,82.19870968,82.19741935,23/08/2024 11:00
2024,8,23,12,80.2983871,75.92225806,23/08/2024 12:00
2024,8,23,13,79.86741935,74.21193548,23/08/2024 13:00
2024,8,23,14,78.74741935,73.39741935,23/08/2024 14:00
2024,8,23,15,76.22677419,70.67483871,23/08/2024 15:00
2024,8,23,16,74.61,67.89258065,23/08/2024 16:00
2024,8,23,17,75.70612903,69.41806452,23/08/2024 17:00
2024,8,23,18,82.37451613,77.28677419,23/08/2024 18:00
2024,8,23,19,90.57225806,86.83709677,23/08/2024 19:00
2024,8,23,20,107.8454839,107.0845161,23/08/2024 20:00
2024,8,23,21,122.726129,122.726129,23/08/2024 21:00
2024,8,23,22,128.6564516,128.6564516,23/08/2024 22:00
2024,8,23,23,122.6412903,122.6412903,23/08/2024 23:00
2024,8,23,24,115.316129,115.316129,24/08/2024 0:00
2024,8,24,1,111.9780645,111.9780645,24/08/2024 1:00
2024,8,24,2,105.6393548,105.6393548,24/08/2024 2:00
2024,8,24,3,99.02709677,99.02709677,24/08/2024 3:00
2024,8,24,4,97.27612903,97.27612903,24/08/2024 4:00
2024,8,24,5,95.2616129,95.2616129,24/08/2024 5:00
2024,8,24,6,98.80612903,98.80612903,24/08/2024 6:00
2024,8,24,7,107.3812903,107.3812903,24/08/2024 7:00
2024,8,24,8,111.2777419,111.2777419,24/08/2024 8:00
2024,8,24,9,108.8319355,108.8319355,24/08/2024 9:00
2024,8,24,10,95.35354839,95.35354839,24/08/2024 10:00
2024,8,24,11,82.19870968,82.19741935,24/08/2024 11:00
2024,8,24,12,80.2983871,75.92225806,24/08/2024 12:00
2024,8,24,13,79.86741935,74.21193548,24/08/2024 13:00
2024,8,24,14,78.74741935,73.39741935,24/08/2024 14:00
2024,8,24,15,76.22677419,70.67483871,24/08/2024 15:00
2024,8,24,16,74.61,67.89258065,24/08/2024 16:00
2024,8,24,17,75.70612903,69.41806452,24/08/2024 17:00
2024,8,24,18,82.37451613,77.28677419,24/08/2024 18:00
2024,8,24,19,90.57225806,86.83709677,24/08/2024 19:00
2024,8,24,20,107.8454839,107.0845161,24/08/2024 20:00
2024,8,24,21,122.726129,122.726129,24/08/2024 21:00
2024,8,24,22,128.6564516,128.6564516,24/08/2024 22:00
2024,8,24,23,122.6412903,122.6412903,24/08/2024 23:00
2024,8,24,24,115.316129,115.316129,25/08/2024 0:00
2024,8,25,1,111.9780645,111.9780645,25/08/2024 1:00
2024,8,25,2,105.6393548,105.6393548,25/08/2024 2:00
2024,8,25,3,99.02709677,99.02709677,25/08/2024 3:00
2024,8,25,4,97.27612903,97.27612903,25/08/2024 4:00
2024,8,25,5,95.2616129,95.2616129,25/08/2024 5:00
2024,8,25,6,98.80612903,98.80612903,25/08/2024 6:00
2024,8,25,7,107.3812903,107.3812903,25/08/2024 7:00
2024,8,25,8,111.2777419,111.2777419,25/08/2024 8:00
2024,8,25,9,108.8319355,108.8319355,25/08/2024 9:00
2024,8,25,10,95.35354839,95.35354839,25/08/2024 10:00
2024,8,25,11,82.19870968,82.19741935,25/08/2024 11:00
2024,8,25,12,80.2983871,75.92225806,25/08/2024 12:00
2024,8,25,13,79.86741935,74.21193548,25/08/2024 13:00
2024,8,25,14,78.74741935,73.39741935,25/08/2024 14:00
2024,8,25,15,76.22677419,70.67483871,25/08/2024 15:00
2024,8,25,16,74.61,67.89258065,25/08/2024 16:00
2024,8,25,17,75.70612903,69.41806452,25/08/2024 17:00
2024,8,25,18,82.37451613,77.28677419,25/08/2024 18:00
2024,8,25,19,90.57225806,86.83709677,25/08/2024 19:00
2024,8,25,20,107.8454839,107.0845161,25/08/2024 20:00
2024,8,25,21,122.726129,122.726129,25/08/2024 21:00
2024,8,25,22,128.6564516,128.6564516,25/08/2024 22:00
2024,8,25,23,122.6412903,122.6412903,25/08/2024 23:00
2024,8,25,24,115.316129,115.316129,26/08/2024 0:00
2024,8,26,1,111.9780645,111.9780645,26/08/2024 1:00
2024,8,26,2,105.6393548,105.6393548,26/08/2024 2:00
2024,8,26,3,99.02709677,99.02709677,26/08/2024 3:00
2024,8,26,4,97.27612903,97.27612903,26/08/2024 4:00
2024,8,26,5,95.2616129,95.2616129,26/08/2024 5:00
2024,8,26,6,98.80612903,98.80612903,26/08/2024 6:00
2024,8,26,7,107.3812903,107.3812903,26/08/2024 7:00
2024,8,26,8,111.2777419,111.2777419,26/08/2024 8:00
2024,8,26,9,108.8319355,108.8319355,26/08/2024 9:00
2024,8,26,10,95.35354839,95.35354839,26/08/2024 10:00
2024,8,26,11,82.19870968,82.19741935,26/08/2024 11:00
2024,8,26,12,80.2983871,75.92225806,26/08/2024 12:00
2024,8,26,13,79.86741935,74.21193548,26/08/2024 13:00
2024,8,26,14,78.74741935,73.39741935,26/08/2024 14:00
2024,8,26,15,76.22677419,70.67483871,26/08/2024 15:00
2024,8,26,16,74.61,67.89258065,26/08/2024 16:00
2024,8,26,17,75.70612903,69.41806452,26/08/2024 17:00
2024,8,26,18,82.37451613,77.28677419,26/08/2024 18:00
2024,8,26,19,90.57225806,86.83709677,26/08/2024 19:00
2024,8,26,20,107.8454839,107.0845161,26/08/2024 20:00
2024,8,26,21,122.726129,122.726129,26/08/2024 21:00
2024,8,26,22,128.6564516,128.6564516,26/08/2024 22:00
2024,8,26,23,122.6412903,122.6412903,26/08/2024 23:00
2024,8,26,24,115.316129,115.316129,27/08/2024 0:00
2024,8,27,1,111.9780645,111.9780645,27/08/2024 1:00
2024,8,27,2,105.6393548,105.6393548,27/08/2024 2:00
2024,8,27,3,99.02709677,99.02709677,27/08/2024 3:00
2024,8,27,4,97.27612903,97.27612903,27/08/2024 4:00
2024,8,27,5,95.2616129,95.2616129,27/08/2024 5:00
2024,8,27,6,98.80612903,98.80612903,27/08/2024 6:00
2024,8,27,7,107.3812903,107.3812903,27/08/2024 7:00
2024,8,27,8,111.2777419,111.2777419,27/08/2024 8:00
2024,8,27,9,108.8319355,108.8319355,27/08/2024 9:00
2024,8,27,10,95.35354839,95.35354839,27/08/2024 10:00
2024,8,27,11,82.19870968,82.19741935,27/08/2024 11:00
2024,8,27,12,80.2983871,75.92225806,27/08/2024 12:00
2024,8,27,13,79.86741935,74.21193548,27/08/2024 13:00
2024,8,27,14,78.74741935,73.39741935,27/08/2024 14:00
2024,8,27,15,76.22677419,70.67483871,27/08/2024 15:00
2024,8,27,16,74.61,67.89258065,27/08/2024 16:00
2024,8,27,17,75.70612903,69.41806452,27/08/2024 17:00
2024,8,27,18,82.37451613,77.28677419,27/08/2024 18:00
2024,8,27,19,90.57225806,86.83709677,27/08/2024 19:00
2024,8,27,20,107.8454839,107.0845161,27/08/2024 20:00
2024,8,27,21,122.726129,122.726129,27/08/2024 21:00
2024,8,27,22,128.6564516,128.6564516,27/08/2024 22:00
2024,8,27,23,122.6412903,122.6412903,27/08/2024 23:00
2024,8,27,24,115.316129,115.316129,28/08/2024 0:00
2024,8,28,1,111.9780645,111.9780645,28/08/2024 1:00
2024,8,28,2,105.6393548,105.6393548,28/08/2024 2:00
2024,8,28,3,99.02709677,99.02709677,28/08/2024 3:00
2024,8,28,4,97.27612903,97.27612903,28/08/2024 4:00
2024,8,28,5,95.2616129,95.2616129,28/08/2024 5:00
2024,8,28,6,98.80612903,98.80612903,28/08/2024 6:00
2024,8,28,7,107.3812903,107.3812903,28/08/2024 7:00
2024,8,28,8,111.2777419,111.2777419,28/08/2024 8:00
2024,8,28,9,108.8319355,108.8319355,28/08/2024 9:00
2024,8,28,10,95.35354839,95.35354839,28/08/2024 10:00
2024,8,28,11,82.19870968,82.19741935,28/08/2024 11:00
2024,8,28,12,80.2983871,75.92225806,28/08/2024 12:00
2024,8,28,13,79.86741935,74.21193548,28/08/2024 13:00
2024,8,28,14,78.74741935,73.39741935,28/08/2024 14:00
2024,8,28,15,76.22677419,70.67483871,28/08/2024 15:00
2024,8,28,16,74.61,67.89258065,28/08/2024 16:00
2024,8,28,17,75.70612903,69.41806452,28/08/2024 17:00
2024,8,28,18,82.37451613,77.28677419,28/08/2024 18:00
2024,8,28,19,90.57225806,86.83709677,28/08/2024 19:00
2024,8,28,20,107.8454839,107.0845161,28/08/2024 20:00
2024,8,28,21,122.726129,122.726129,28/08/2024 21:00
2024,8,28,22,128.6564516,128.6564516,28/08/2024 22:00
2024,8,28,23,122.6412903,122.6412903,28/08/2024 23:00
2024,8,28,24,115.316129,115.316129,29/08/2024 0:00
2024,8,29,1,111.9780645,111.9780645,29/08/2024 1:00
2024,8,29,2,105.6393548,105.6393548,29/08/2024 2:00
2024,8,29,3,99.02709677,99.02709677,29/08/2024 3:00
2024,8,29,4,97.27612903,97.27612903,29/08/2024 4:00
2024,8,29,5,95.2616129,95.2616129,29/08/2024 5:00
2024,8,29,6,98.80612903,98.80612903,29/08/2024 6:00
2024,8,29,7,107.3812903,107.3812903,29/08/2024 7:00
2024,8,29,8,111.2777419,111.2777419,29/08/2024 8:00
2024,8,29,9,108.8319355,108.8319355,29/08/2024 9:00
2024,8,29,10,95.35354839,95.35354839,29/08/2024 10:00
2024,8,29,11,82.19870968,82.19741935,29/08/2024 11:00
2024,8,29,12,80.2983871,75.92225806,29/08/2024 12:00
2024,8,29,13,79.86741935,74.21193548,29/08/2024 13:00
2024,8,29,14,78.74741935,73.39741935,29/08/2024 14:00
2024,8,29,15,76.22677419,70.67483871,29/08/2024 15:00
2024,8,29,16,74.61,67.89258065,29/08/2024 16:00
2024,8,29,17,75.70612903,69.41806452,29/08/2024 17:00
2024,8,29,18,82.37451613,77.28677419,29/08/2024 18:00
2024,8,29,19,90.57225806,86.83709677,29/08/2024 19:00
2024,8,29,20,107.8454839,107.0845161,29/08/2024 20:00
2024,8,29,21,122.726129,122.726129,29/08/2024 21:00
2024,8,29,22,128.6564516,128.6564516,29/08/2024 22:00
2024,8,29,23,122.6412903,122.6412903,29/08/2024 23:00
2024,8,29,24,115.316129,115.316129,30/08/2024 0:00
2024,8,30,1,111.9780645,111.9780645,30/08/2024 1:00
2024,8,30,2,105.6393548,105.6393548,30/08/2024 2:00
2024,8,30,3,99.02709677,99.02709677,30/08/2024 3:00
2024,8,30,4,97.27612903,97.27612903,30/08/2024 4:00
2024,8,30,5,95.2616129,95.2616129,30/08/2024 5:00
2024,8,30,6,98.80612903,98.80612903,30/08/2024 6:00
2024,8,30,7,107.3812903,107.3812903,30/08/2024 7:00
2024,8,30,8,111.2777419,111.2777419,30/08/2024 8:00
2024,8,30,9,108.8319355,108.8319355,30/08/2024 9:00
2024,8,30,10,95.35354839,95.35354839,30/08/2024 10:00
2024,8,30,11,82.19870968,82.19741935,30/08/2024 11:00
2024,8,30,12,80.2983871,75.92225806,30/08/2024 12:00
2024,8,30,13,79.86741935,74.21193548,30/08/2024 13:00
2024,8,30,14,78.74741935,73.39741935,30/08/2024 14:00
2024,8,30,15,76.22677419,70.67483871,30/08/2024 15:00
2024,8,30,16,74.61,67.89258065,30/08/2024 16:00
2024,8,30,17,75.70612903,69.41806452,30/08/2024 17:00
2024,8,30,18,82.37451613,77.28677419,30/08/2024 18:00
2024,8,30,19,90.57225806,86.83709677,30/08/2024 19:00
2024,8,30,20,107.8454839,107.0845161,30/08/2024 20:00
2024,8,30,21,122.726129,122.726129,30/08/2024 21:00
2024,8,30,22,128.6564516,128.6564516,30/08/2024 22:00
2024,8,30,23,122.6412903,122.6412903,30/08/2024 23:00
2024,8,30,24,115.316129,115.316129,31/08/2024 0:00
2024,8,31,1,111.9780645,111.9780645,31/08/2024 1:00
2024,8,31,2,105.6393548,105.6393548,31/08/2024 2:00
2024,8,31,3,99.02709677,99.02709677,31/08/2024 3:00
2024,8,31,4,97.27612903,97.27612903,31/08/2024 4:00
2024,8,31,5,95.2616129,95.2616129,31/08/2024 5:00
2024,8,31,6,98.80612903,98.80612903,31/08/2024 6:00
2024,8,31,7,107.3812903,107.3812903,31/08/2024 7:00
2024,8,31,8,111.2777419,111.2777419,31/08/2024 8:00
2024,8,31,9,108.8319355,108.8319355,31/08/2024 9:00
2024,8,31,10,95.35354839,95.35354839,31/08/2024 10:00
2024,8,31,11,82.19870968,82.19741935,31/08/2024 11:00
2024,8,31,12,80.2983871,75.92225806,31/08/2024 12:00
2024,8,31,13,79.86741935,74.21193548,31/08/2024 13:00
2024,8,31,14,78.74741935,73.39741935,31/08/2024 14:00
2024,8,31,15,76.22677419,70.67483871,31/08/2024 15:00
2024,8,31,16,74.61,67.89258065,31/08/2024 16:00
2024,8,31,17,75.70612903,69.41806452,31/08/2024 17:00
2024,8,31,18,82.37451613,77.28677419,31/08/2024 18:00
2024,8,31,19,90.57225806,86.83709677,31/08/2024 19:00
2024,8,31,20,107.8454839,107.0845161,31/08/2024 20:00
2024,8,31,21,122.726129,122.726129,31/08/2024 21:00
2024,8,31,22,128.6564516,128.6564516,31/08/2024 22:00
2024,8,31,23,122.6412903,122.6412903,31/08/2024 23:00
2024,8,31,24,115.316129,115.316129,01/09/2024 0:00
2024,9,1,1,114.576,114.576,01/09/2024 1:00
2024,9,1,2,107.761,107.761,01/09/2024 2:00
2024,9,1,3,103.323,103.323,01/09/2024 3:00
2024,9,1,4,100.8353333,100.8353333,01/09/2024 4:00
2024,9,1,5,99.23666667,99.23666667,01/09/2024 5:00
2024,9,1,6,99.81066667,99.81066667,01/09/2024 6:00
2024,9,1,7,109.644,109.644,01/09/2024 7:00
2024,9,1,8,119.3923333,119.3923333,01/09/2024 8:00
2024,9,1,9,121.6183333,121.6183333,01/09/2024 9:00
2024,9,1,10,111.3206667,111.3206667,01/09/2024 10:00
2024,9,1,11,94.353,93.42733333,01/09/2024 11:00
2024,9,1,12,85.13433333,83.13733333,01/09/2024 12:00
2024,9,1,13,81.103,78.031,01/09/2024 13:00
2024,9,1,14,78.91166667,75.725,01/09/2024 14:00
2024,9,1,15,74.73,71.83033333,01/09/2024 15:00
2024,9,1,16,74.16933333,71.08,01/09/2024 16:00
2024,9,1,17,79.121,76.69066667,01/09/2024 17:00
2024,9,1,18,88.40033333,86.72266667,01/09/2024 18:00
2024,9,1,19,106.6696667,106.574,01/09/2024 19:00
2024,9,1,20,126.4013333,126.4013333,01/09/2024 20:00
2024,9,1,21,139.748,139.748,01/09/2024 21:00
2024,9,1,22,138.3986667,138.3986667,01/09/2024 22:00
2024,9,1,23,126.0906667,126.0906667,01/09/2024 23:00
2024,9,1,24,118.7956667,118.7956667,02/09/2024 0:00
2024,9,2,1,114.576,114.576,02/09/2024 1:00
2024,9,2,2,107.761,107.761,02/09/2024 2:00
2024,9,2,3,103.323,103.323,02/09/2024 3:00
2024,9,2,4,100.8353333,100.8353333,02/09/2024 4:00
2024,9,2,5,99.23666667,99.23666667,02/09/2024 5:00
2024,9,2,6,99.81066667,99.81066667,02/09/2024 6:00
2024,9,2,7,109.644,109.644,02/09/2024 7:00
2024,9,2,8,119.3923333,119.3923333,02/09/2024 8:00
2024,9,2,9,121.6183333,121.6183333,02/09/2024 9:00
2024,9,2,10,111.3206667,111.3206667,02/09/2024 10:00
2024,9,2,11,94.353,93.42733333,02/09/2024 11:00
2024,9,2,12,85.13433333,83.13733333,02/09/2024 12:00
2024,9,2,13,81.103,78.031,02/09/2024 13:00
2024,9,2,14,78.91166667,75.725,02/09/2024 14:00
2024,9,2,15,74.73,71.83033333,02/09/2024 15:00
2024,9,2,16,74.16933333,71.08,02/09/2024 16:00
2024,9,2,17,79.121,76.69066667,02/09/2024 17:00
2024,9,2,18,88.40033333,86.72266667,02/09/2024 18:00
2024,9,2,19,106.6696667,106.574,02/09/2024 19:00
2024,9,2,20,126.4013333,126.4013333,02/09/2024 20:00
2024,9,2,21,139.748,139.748,02/09/2024 21:00
2024,9,2,22,138.3986667,138.3986667,02/09/2024 22:00
2024,9,2,23,126.0906667,126.0906667,02/09/2024 23:00
2024,9,2,24,118.7956667,118.7956667,03/09/2024 0:00
2024,9,3,1,114.576,114.576,03/09/2024 1:00
2024,9,3,2,107.761,107.761,03/09/2024 2:00
2024,9,3,3,103.323,103.323,03/09/2024 3:00
2024,9,3,4,100.8353333,100.8353333,03/09/2024 4:00
2024,9,3,5,99.23666667,99.23666667,03/09/2024 5:00
2024,9,3,6,99.81066667,99.81066667,03/09/2024 6:00
2024,9,3,7,109.644,109.644,03/09/2024 7:00
2024,9,3,8,119.3923333,119.3923333,03/09/2024 8:00
2024,9,3,9,121.6183333,121.6183333,03/09/2024 9:00
2024,9,3,10,111.3206667,111.3206667,03/09/2024 10:00
2024,9,3,11,94.353,93.42733333,03/09/2024 11:00
2024,9,3,12,85.13433333,83.13733333,03/09/2024 12:00
2024,9,3,13,81.103,78.031,03/09/2024 13:00
2024,9,3,14,78.91166667,75.725,03/09/2024 14:00
2024,9,3,15,74.73,71.83033333,03/09/2024 15:00
2024,9,3,16,74.16933333,71.08,03/09/2024 16:00
2024,9,3,17,79.121,76.69066667,03/09/2024 17:00
2024,9,3,18,88.40033333,86.72266667,03/09/2024 18:00
2024,9,3,19,106.6696667,106.574,03/09/2024 19:00
2024,9,3,20,126.4013333,126.4013333,03/09/2024 20:00
2024,9,3,21,139.748,139.748,03/09/2024 21:00
2024,9,3,22,138.3986667,138.3986667,03/09/2024 22:00
2024,9,3,23,126.0906667,126.0906667,03/09/2024 23:00
2024,9,3,24,118.7956667,118.7956667,04/09/2024 0:00
2024,9,4,1,114.576,114.576,04/09/2024 1:00
2024,9,4,2,107.761,107.761,04/09/2024 2:00
2024,9,4,3,103.323,103.323,04/09/2024 3:00
2024,9,4,4,100.8353333,100.8353333,04/09/2024 4:00
2024,9,4,5,99.23666667,99.23666667,04/09/2024 5:00
2024,9,4,6,99.81066667,99.81066667,04/09/2024 6:00
2024,9,4,7,109.644,109.644,04/09/2024 7:00
2024,9,4,8,119.3923333,119.3923333,04/09/2024 8:00
2024,9,4,9,121.6183333,121.6183333,04/09/2024 9:00
2024,9,4,10,111.3206667,111.3206667,04/09/2024 10:00
2024,9,4,11,94.353,93.42733333,04/09/2024 11:00
2024,9,4,12,85.13433333,83.13733333,04/09/2024 12:00
2024,9,4,13,81.103,78.031,04/09/2024 13:00
2024,9,4,14,78.91166667,75.725,04/09/2024 14:00
2024,9,4,15,74.73,71.83033333,04/09/2024 15:00
2024,9,4,16,74.16933333,71.08,04/09/2024 16:00
2024,9,4,17,79.121,76.69066667,04/09/2024 17:00
2024,9,4,18,88.40033333,86.72266667,04/09/2024 18:00
2024,9,4,19,106.6696667,106.574,04/09/2024 19:00
2024,9,4,20,126.4013333,126.4013333,04/09/2024 20:00
2024,9,4,21,139.748,139.748,04/09/2024 21:00
2024,9,4,22,138.3986667,138.3986667,04/09/2024 22:00
2024,9,4,23,126.0906667,126.0906667,04/09/2024 23:00
2024,9,4,24,118.7956667,118.7956667,05/09/2024 0:00
2024,9,5,1,114.576,114.576,05/09/2024 1:00
2024,9,5,2,107.761,107.761,05/09/2024 2:00
2024,9,5,3,103.323,103.323,05/09/2024 3:00
2024,9,5,4,100.8353333,100.8353333,05/09/2024 4:00
2024,9,5,5,99.23666667,99.23666667,05/09/2024 5:00
2024,9,5,6,99.81066667,99.81066667,05/09/2024 6:00
2024,9,5,7,109.644,109.644,05/09/2024 7:00
2024,9,5,8,119.3923333,119.3923333,05/09/2024 8:00
2024,9,5,9,121.6183333,121.6183333,05/09/2024 9:00
2024,9,5,10,111.3206667,111.3206667,05/09/2024 10:00
2024,9,5,11,94.353,93.42733333,05/09/2024 11:00
2024,9,5,12,85.13433333,83.13733333,05/09/2024 12:00
2024,9,5,13,81.103,78.031,05/09/2024 13:00
2024,9,5,14,78.91166667,75.725,05/09/2024 14:00
2024,9,5,15,74.73,71.83033333,05/09/2024 15:00
2024,9,5,16,74.16933333,71.08,05/09/2024 16:00
2024,9,5,17,79.121,76.69066667,05/09/2024 17:00
2024,9,5,18,88.40033333,86.72266667,05/09/2024 18:00
2024,9,5,19,106.6696667,106.574,05/09/2024 19:00
2024,9,5,20,126.4013333,126.4013333,05/09/2024 20:00
2024,9,5,21,139.748,139.748,05/09/2024 21:00
2024,9,5,22,138.3986667,138.3986667,05/09/2024 22:00
2024,9,5,23,126.0906667,126.0906667,05/09/2024 23:00
2024,9,5,24,118.7956667,118.7956667,06/09/2024 0:00
2024,9,6,1,114.576,114.576,06/09/2024 1:00
2024,9,6,2,107.761,107.761,06/09/2024 2:00
2024,9,6,3,103.323,103.323,06/09/2024 3:00
2024,9,6,4,100.8353333,100.8353333,06/09/2024 4:00
2024,9,6,5,99.23666667,99.23666667,06/09/2024 5:00
2024,9,6,6,99.81066667,99.81066667,06/09/2024 6:00
2024,9,6,7,109.644,109.644,06/09/2024 7:00
2024,9,6,8,119.3923333,119.3923333,06/09/2024 8:00
2024,9,6,9,121.6183333,121.6183333,06/09/2024 9:00
2024,9,6,10,111.3206667,111.3206667,06/09/2024 10:00
2024,9,6,11,94.353,93.42733333,06/09/2024 11:00
2024,9,6,12,85.13433333,83.13733333,06/09/2024 12:00
2024,9,6,13,81.103,78.031,06/09/2024 13:00
2024,9,6,14,78.91166667,75.725,06/09/2024 14:00
2024,9,6,15,74.73,71.83033333,06/09/2024 15:00
2024,9,6,16,74.16933333,71.08,06/09/2024 16:00
2024,9,6,17,79.121,76.69066667,06/09/2024 17:00
2024,9,6,18,88.40033333,86.72266667,06/09/2024 18:00
2024,9,6,19,106.6696667,106.574,06/09/2024 19:00
2024,9,6,20,126.4013333,126.4013333,06/09/2024 20:00
2024,9,6,21,139.748,139.748,06/09/2024 21:00
2024,9,6,22,138.3986667,138.3986667,06/09/2024 22:00
2024,9,6,23,126.0906667,126.0906667,06/09/2024 23:00
2024,9,6,24,118.7956667,118.7956667,07/09/2024 0:00
2024,9,7,1,114.576,114.576,07/09/2024 1:00
2024,9,7,2,107.761,107.761,07/09/2024 2:00
2024,9,7,3,103.323,103.323,07/09/2024 3:00
2024,9,7,4,100.8353333,100.8353333,07/09/2024 4:00
2024,9,7,5,99.23666667,99.23666667,07/09/2024 5:00
2024,9,7,6,99.81066667,99.81066667,07/09/2024 6:00
2024,9,7,7,109.644,109.644,07/09/2024 7:00
2024,9,7,8,119.3923333,119.3923333,07/09/2024 8:00
2024,9,7,9,121.6183333,121.6183333,07/09/2024 9:00
2024,9,7,10,111.3206667,111.3206667,07/09/2024 10:00
2024,9,7,11,94.353,93.42733333,07/09/2024 11:00
2024,9,7,12,85.13433333,83.13733333,07/09/2024 12:00
2024,9,7,13,81.103,78.031,07/09/2024 13:00
2024,9,7,14,78.91166667,75.725,07/09/2024 14:00
2024,9,7,15,74.73,71.83033333,07/09/2024 15:00
2024,9,7,16,74.16933333,71.08,07/09/2024 16:00
2024,9,7,17,79.121,76.69066667,07/09/2024 17:00
2024,9,7,18,88.40033333,86.72266667,07/09/2024 18:00
2024,9,7,19,106.6696667,106.574,07/09/2024 19:00
2024,9,7,20,126.4013333,126.4013333,07/09/2024 20:00
2024,9,7,21,139.748,139.748,07/09/2024 21:00
2024,9,7,22,138.3986667,138.3986667,07/09/2024 22:00
2024,9,7,23,126.0906667,126.0906667,07/09/2024 23:00
2024,9,7,24,118.7956667,118.7956667,08/09/2024 0:00
2024,9,8,1,114.576,114.576,08/09/2024 1:00
2024,9,8,2,107.761,107.761,08/09/2024 2:00
2024,9,8,3,103.323,103.323,08/09/2024 3:00
2024,9,8,4,100.8353333,100.8353333,08/09/2024 4:00
2024,9,8,5,99.23666667,99.23666667,08/09/2024 5:00
2024,9,8,6,99.81066667,99.81066667,08/09/2024 6:00
2024,9,8,7,109.644,109.644,08/09/2024 7:00
2024,9,8,8,119.3923333,119.3923333,08/09/2024 8:00
2024,9,8,9,121.6183333,121.6183333,08/09/2024 9:00
2024,9,8,10,111.3206667,111.3206667,08/09/2024 10:00
2024,9,8,11,94.353,93.42733333,08/09/2024 11:00
2024,9,8,12,85.13433333,83.13733333,08/09/2024 12:00
2024,9,8,13,81.103,78.031,08/09/2024 13:00
2024,9,8,14,78.91166667,75.725,08/09/2024 14:00
2024,9,8,15,74.73,71.83033333,08/09/2024 15:00
2024,9,8,16,74.16933333,71.08,08/09/2024 16:00
2024,9,8,17,79.121,76.69066667,08/09/2024 17:00
2024,9,8,18,88.40033333,86.72266667,08/09/2024 18:00
2024,9,8,19,106.6696667,106.574,08/09/2024 19:00
2024,9,8,20,126.4013333,126.4013333,08/09/2024 20:00
2024,9,8,21,139.748,139.748,08/09/2024 21:00
2024,9,8,22,138.3986667,138.3986667,08/09/2024 22:00
2024,9,8,23,126.0906667,126.0906667,08/09/2024 23:00
2024,9,8,24,118.7956667,118.7956667,09/09/2024 0:00
2024,9,9,1,114.576,114.576,09/09/2024 1:00
2024,9,9,2,107.761,107.761,09/09/2024 2:00
2024,9,9,3,103.323,103.323,09/09/2024 3:00
2024,9,9,4,100.8353333,100.8353333,09/09/2024 4:00
2024,9,9,5,99.23666667,99.23666667,09/09/2024 5:00
2024,9,9,6,99.81066667,99.81066667,09/09/2024 6:00
2024,9,9,7,109.644,109.644,09/09/2024 7:00
2024,9,9,8,119.3923333,119.3923333,09/09/2024 8:00
2024,9,9,9,121.6183333,121.6183333,09/09/2024 9:00
2024,9,9,10,111.3206667,111.3206667,09/09/2024 10:00
2024,9,9,11,94.353,93.42733333,09/09/2024 11:00
2024,9,9,12,85.13433333,83.13733333,09/09/2024 12:00
2024,9,9,13,81.103,78.031,09/09/2024 13:00
2024,9,9,14,78.91166667,75.725,09/09/2024 14:00
2024,9,9,15,74.73,71.83033333,09/09/2024 15:00
2024,9,9,16,74.16933333,71.08,09/09/2024 16:00
2024,9,9,17,79.121,76.69066667,09/09/2024 17:00
2024,9,9,18,88.40033333,86.72266667,09/09/2024 18:00
2024,9,9,19,106.6696667,106.574,09/09/2024 19:00
2024,9,9,20,126.4013333,126.4013333,09/09/2024 20:00
2024,9,9,21,139.748,139.748,09/09/2024 21:00
2024,9,9,22,138.3986667,138.3986667,09/09/2024 22:00
2024,9,9,23,126.0906667,126.0906667,09/09/2024 23:00
2024,9,9,24,118.7956667,118.7956667,10/09/2024 0:00
2024,9,10,1,114.576,114.576,10/09/2024 1:00
2024,9,10,2,107.761,107.761,10/09/2024 2:00
2024,9,10,3,103.323,103.323,10/09/2024 3:00
2024,9,10,4,100.8353333,100.8353333,10/09/2024 4:00
2024,9,10,5,99.23666667,99.23666667,10/09/2024 5:00
2024,9,10,6,99.81066667,99.81066667,10/09/2024 6:00
2024,9,10,7,109.644,109.644,10/09/2024 7:00
2024,9,10,8,119.3923333,119.3923333,10/09/2024 8:00
2024,9,10,9,121.6183333,121.6183333,10/09/2024 9:00
2024,9,10,10,111.3206667,111.3206667,10/09/2024 10:00
2024,9,10,11,94.353,93.42733333,10/09/2024 11:00
2024,9,10,12,85.13433333,83.13733333,10/09/2024 12:00
2024,9,10,13,81.103,78.031,10/09/2024 13:00
2024,9,10,14,78.91166667,75.725,10/09/2024 14:00
2024,9,10,15,74.73,71.83033333,10/09/2024 15:00
2024,9,10,16,74.16933333,71.08,10/09/2024 16:00
2024,9,10,17,79.121,76.69066667,10/09/2024 17:00
2024,9,10,18,88.40033333,86.72266667,10/09/2024 18:00
2024,9,10,19,106.6696667,106.574,10/09/2024 19:00
2024,9,10,20,126.4013333,126.4013333,10/09/2024 20:00
2024,9,10,21,139.748,139.748,10/09/2024 21:00
2024,9,10,22,138.3986667,138.3986667,10/09/2024 22:00
2024,9,10,23,126.0906667,126.0906667,10/09/2024 23:00
2024,9,10,24,118.7956667,118.7956667,11/09/2024 0:00
2024,9,11,1,114.576,114.576,11/09/2024 1:00
2024,9,11,2,107.761,107.761,11/09/2024 2:00
2024,9,11,3,103.323,103.323,11/09/2024 3:00
2024,9,11,4,100.8353333,100.8353333,11/09/2024 4:00
2024,9,11,5,99.23666667,99.23666667,11/09/2024 5:00
2024,9,11,6,99.81066667,99.81066667,11/09/2024 6:00
2024,9,11,7,109.644,109.644,11/09/2024 7:00
2024,9,11,8,119.3923333,119.3923333,11/09/2024 8:00
2024,9,11,9,121.6183333,121.6183333,11/09/2024 9:00
2024,9,11,10,111.3206667,111.3206667,11/09/2024 10:00
2024,9,11,11,94.353,93.42733333,11/09/2024 11:00
2024,9,11,12,85.13433333,83.13733333,11/09/2024 12:00
2024,9,11,13,81.103,78.031,11/09/2024 13:00
2024,9,11,14,78.91166667,75.725,11/09/2024 14:00
2024,9,11,15,74.73,71.83033333,11/09/2024 15:00
2024,9,11,16,74.16933333,71.08,11/09/2024 16:00
2024,9,11,17,79.121,76.69066667,11/09/2024 17:00
2024,9,11,18,88.40033333,86.72266667,11/09/2024 18:00
2024,9,11,19,106.6696667,106.574,11/09/2024 19:00
2024,9,11,20,126.4013333,126.4013333,11/09/2024 20:00
2024,9,11,21,139.748,139.748,11/09/2024 21:00
2024,9,11,22,138.3986667,138.3986667,11/09/2024 22:00
2024,9,11,23,126.0906667,126.0906667,11/09/2024 23:00
2024,9,11,24,118.7956667,118.7956667,12/09/2024 0:00
2024,9,12,1,114.576,114.576,12/09/2024 1:00
2024,9,12,2,107.761,107.761,12/09/2024 2:00
2024,9,12,3,103.323,103.323,12/09/2024 3:00
2024,9,12,4,100.8353333,100.8353333,12/09/2024 4:00
2024,9,12,5,99.23666667,99.23666667,12/09/2024 5:00
2024,9,12,6,99.81066667,99.81066667,12/09/2024 6:00
2024,9,12,7,109.644,109.644,12/09/2024 7:00
2024,9,12,8,119.3923333,119.3923333,12/09/2024 8:00
2024,9,12,9,121.6183333,121.6183333,12/09/2024 9:00
2024,9,12,10,111.3206667,111.3206667,12/09/2024 10:00
2024,9,12,11,94.353,93.42733333,12/09/2024 11:00
2024,9,12,12,85.13433333,83.13733333,12/09/2024 12:00
2024,9,12,13,81.103,78.031,12/09/2024 13:00
2024,9,12,14,78.91166667,75.725,12/09/2024 14:00
2024,9,12,15,74.73,71.83033333,12/09/2024 15:00
2024,9,12,16,74.16933333,71.08,12/09/2024 16:00
2024,9,12,17,79.121,76.69066667,12/09/2024 17:00
2024,9,12,18,88.40033333,86.72266667,12/09/2024 18:00
2024,9,12,19,106.6696667,106.574,12/09/2024 19:00
2024,9,12,20,126.4013333,126.4013333,12/09/2024 20:00
2024,9,12,21,139.748,139.748,12/09/2024 21:00
2024,9,12,22,138.3986667,138.3986667,12/09/2024 22:00
2024,9,12,23,126.0906667,126.0906667,12/09/2024 23:00
2024,9,12,24,118.7956667,118.7956667,13/09/2024 0:00
2024,9,13,1,114.576,114.576,13/09/2024 1:00
2024,9,13,2,107.761,107.761,13/09/2024 2:00
2024,9,13,3,103.323,103.323,13/09/2024 3:00
2024,9,13,4,100.8353333,100.8353333,13/09/2024 4:00
2024,9,13,5,99.23666667,99.23666667,13/09/2024 5:00
2024,9,13,6,99.81066667,99.81066667,13/09/2024 6:00
2024,9,13,7,109.644,109.644,13/09/2024 7:00
2024,9,13,8,119.3923333,119.3923333,13/09/2024 8:00
2024,9,13,9,121.6183333,121.6183333,13/09/2024 9:00
2024,9,13,10,111.3206667,111.3206667,13/09/2024 10:00
2024,9,13,11,94.353,93.42733333,13/09/2024 11:00
2024,9,13,12,85.13433333,83.13733333,13/09/2024 12:00
2024,9,13,13,81.103,78.031,13/09/2024 13:00
2024,9,13,14,78.91166667,75.725,13/09/2024 14:00
2024,9,13,15,74.73,71.83033333,13/09/2024 15:00
2024,9,13,16,74.16933333,71.08,13/09/2024 16:00
2024,9,13,17,79.121,76.69066667,13/09/2024 17:00
2024,9,13,18,88.40033333,86.72266667,13/09/2024 18:00
2024,9,13,19,106.6696667,106.574,13/09/2024 19:00
2024,9,13,20,126.4013333,126.4013333,13/09/2024 20:00
2024,9,13,21,139.748,139.748,13/09/2024 21:00
2024,9,13,22,138.3986667,138.3986667,13/09/2024 22:00
2024,9,13,23,126.0906667,126.0906667,13/09/2024 23:00
2024,9,13,24,118.7956667,118.7956667,14/09/2024 0:00
2024,9,14,1,114.576,114.576,14/09/2024 1:00
2024,9,14,2,107.761,107.761,14/09/2024 2:00
2024,9,14,3,103.323,103.323,14/09/2024 3:00
2024,9,14,4,100.8353333,100.8353333,14/09/2024 4:00
2024,9,14,5,99.23666667,99.23666667,14/09/2024 5:00
2024,9,14,6,99.81066667,99.81066667,14/09/2024 6:00
2024,9,14,7,109.644,109.644,14/09/2024 7:00
2024,9,14,8,119.3923333,119.3923333,14/09/2024 8:00
2024,9,14,9,121.6183333,121.6183333,14/09/2024 9:00
2024,9,14,10,111.3206667,111.3206667,14/09/2024 10:00
2024,9,14,11,94.353,93.42733333,14/09/2024 11:00
2024,9,14,12,85.13433333,83.13733333,14/09/2024 12:00
2024,9,14,13,81.103,78.031,14/09/2024 13:00
2024,9,14,14,78.91166667,75.725,14/09/2024 14:00
2024,9,14,15,74.73,71.83033333,14/09/2024 15:00
2024,9,14,16,74.16933333,71.08,14/09/2024 16:00
2024,9,14,17,79.121,76.69066667,14/09/2024 17:00
2024,9,14,18,88.40033333,86.72266667,14/09/2024 18:00
2024,9,14,19,106.6696667,106.574,14/09/2024 19:00
2024,9,14,20,126.4013333,126.4013333,14/09/2024 20:00
2024,9,14,21,139.748,139.748,14/09/2024 21:00
2024,9,14,22,138.3986667,138.3986667,14/09/2024 22:00
2024,9,14,23,126.0906667,126.0906667,14/09/2024 23:00
2024,9,14,24,118.7956667,118.7956667,15/09/2024 0:00
2024,9,15,1,114.576,114.576,15/09/2024 1:00
2024,9,15,2,107.761,107.761,15/09/2024 2:00
2024,9,15,3,103.323,103.323,15/09/2024 3:00
2024,9,15,4,100.8353333,100.8353333,15/09/2024 4:00
2024,9,15,5,99.23666667,99.23666667,15/09/2024 5:00
2024,9,15,6,99.81066667,99.81066667,15/09/2024 6:00
2024,9,15,7,109.644,109.644,15/09/2024 7:00
2024,9,15,8,119.3923333,119.3923333,15/09/2024 8:00
2024,9,15,9,121.6183333,121.6183333,15/09/2024 9:00
2024,9,15,10,111.3206667,111.3206667,15/09/2024 10:00
2024,9,15,11,94.353,93.42733333,15/09/2024 11:00
2024,9,15,12,85.13433333,83.13733333,15/09/2024 12:00
2024,9,15,13,81.103,78.031,15/09/2024 13:00
2024,9,15,14,78.91166667,75.725,15/09/2024 14:00
2024,9,15,15,74.73,71.83033333,15/09/2024 15:00
2024,9,15,16,74.16933333,71.08,15/09/2024 16:00
2024,9,15,17,79.121,76.69066667,15/09/2024 17:00
2024,9,15,18,88.40033333,86.72266667,15/09/2024 18:00
2024,9,15,19,106.6696667,106.574,15/09/2024 19:00
2024,9,15,20,126.4013333,126.4013333,15/09/2024 20:00
2024,9,15,21,139.748,139.748,15/09/2024 21:00
2024,9,15,22,138.3986667,138.3986667,15/09/2024 22:00
2024,9,15,23,126.0906667,126.0906667,15/09/2024 23:00
2024,9,15,24,118.7956667,118.7956667,16/09/2024 0:00
2024,9,16,1,114.576,114.576,16/09/2024 1:00
2024,9,16,2,107.761,107.761,16/09/2024 2:00
2024,9,16,3,103.323,103.323,16/09/2024 3:00
2024,9,16,4,100.8353333,100.8353333,16/09/2024 4:00
2024,9,16,5,99.23666667,99.23666667,16/09/2024 5:00
2024,9,16,6,99.81066667,99.81066667,16/09/2024 6:00
2024,9,16,7,109.644,109.644,16/09/2024 7:00
2024,9,16,8,119.3923333,119.3923333,16/09/2024 8:00
2024,9,16,9,121.6183333,121.6183333,16/09/2024 9:00
2024,9,16,10,111.3206667,111.3206667,16/09/2024 10:00
2024,9,16,11,94.353,93.42733333,16/09/2024 11:00
2024,9,16,12,85.13433333,83.13733333,16/09/2024 12:00
2024,9,16,13,81.103,78.031,16/09/2024 13:00
2024,9,16,14,78.91166667,75.725,16/09/2024 14:00
2024,9,16,15,74.73,71.83033333,16/09/2024 15:00
2024,9,16,16,74.16933333,71.08,16/09/2024 16:00
2024,9,16,17,79.121,76.69066667,16/09/2024 17:00
2024,9,16,18,88.40033333,86.72266667,16/09/2024 18:00
2024,9,16,19,106.6696667,106.574,16/09/2024 19:00
2024,9,16,20,126.4013333,126.4013333,16/09/2024 20:00
2024,9,16,21,139.748,139.748,16/09/2024 21:00
2024,9,16,22,138.3986667,138.3986667,16/09/2024 22:00
2024,9,16,23,126.0906667,126.0906667,16/09/2024 23:00
2024,9,16,24,118.7956667,118.7956667,17/09/2024 0:00
2024,9,17,1,114.576,114.576,17/09/2024 1:00
2024,9,17,2,107.761,107.761,17/09/2024 2:00
2024,9,17,3,103.323,103.323,17/09/2024 3:00
2024,9,17,4,100.8353333,100.8353333,17/09/2024 4:00
2024,9,17,5,99.23666667,99.23666667,17/09/2024 5:00
2024,9,17,6,99.81066667,99.81066667,17/09/2024 6:00
2024,9,17,7,109.644,109.644,17/09/2024 7:00
2024,9,17,8,119.3923333,119.3923333,17/09/2024 8:00
2024,9,17,9,121.6183333,121.6183333,17/09/2024 9:00
2024,9,17,10,111.3206667,111.3206667,17/09/2024 10:00
2024,9,17,11,94.353,93.42733333,17/09/2024 11:00
2024,9,17,12,85.13433333,83.13733333,17/09/2024 12:00
2024,9,17,13,81.103,78.031,17/09/2024 13:00
2024,9,17,14,78.91166667,75.725,17/09/2024 14:00
2024,9,17,15,74.73,71.83033333,17/09/2024 15:00
2024,9,17,16,74.16933333,71.08,17/09/2024 16:00
2024,9,17,17,79.121,76.69066667,17/09/2024 17:00
2024,9,17,18,88.40033333,86.72266667,17/09/2024 18:00
2024,9,17,19,106.6696667,106.574,17/09/2024 19:00
2024,9,17,20,126.4013333,126.4013333,17/09/2024 20:00
2024,9,17,21,139.748,139.748,17/09/2024 21:00
2024,9,17,22,138.3986667,138.3986667,17/09/2024 22:00
2024,9,17,23,126.0906667,126.0906667,17/09/2024 23:00
2024,9,17,24,118.7956667,118.7956667,18/09/2024 0:00
2024,9,18,1,114.576,114.576,18/09/2024 1:00
2024,9,18,2,107.761,107.761,18/09/2024 2:00
2024,9,18,3,103.323,103.323,18/09/2024 3:00
2024,9,18,4,100.8353333,100.8353333,18/09/2024 4:00
2024,9,18,5,99.23666667,99.23666667,18/09/2024 5:00
2024,9,18,6,99.81066667,99.81066667,18/09/2024 6:00
2024,9,18,7,109.644,109.644,18/09/2024 7:00
2024,9,18,8,119.3923333,119.3923333,18/09/2024 8:00
2024,9,18,9,121.6183333,121.6183333,18/09/2024 9:00
2024,9,18,10,111.3206667,111.3206667,18/09/2024 10:00
2024,9,18,11,94.353,93.42733333,18/09/2024 11:00
2024,9,18,12,85.13433333,83.13733333,18/09/2024 12:00
2024,9,18,13,81.103,78.031,18/09/2024 13:00
2024,9,18,14,78.91166667,75.725,18/09/2024 14:00
2024,9,18,15,74.73,71.83033333,18/09/2024 15:00
2024,9,18,16,74.16933333,71.08,18/09/2024 16:00
2024,9,18,17,79.121,76.69066667,18/09/2024 17:00
2024,9,18,18,88.40033333,86.72266667,18/09/2024 18:00
2024,9,18,19,106.6696667,106.574,18/09/2024 19:00
2024,9,18,20,126.4013333,126.4013333,18/09/2024 20:00
2024,9,18,21,139.748,139.748,18/09/2024 21:00
2024,9,18,22,138.3986667,138.3986667,18/09/2024 22:00
2024,9,18,23,126.0906667,126.0906667,18/09/2024 23:00
2024,9,18,24,118.7956667,118.7956667,19/09/2024 0:00
2024,9,19,1,114.576,114.576,19/09/2024 1:00
2024,9,19,2,107.761,107.761,19/09/2024 2:00
2024,9,19,3,103.323,103.323,19/09/2024 3:00
2024,9,19,4,100.8353333,100.8353333,19/09/2024 4:00
2024,9,19,5,99.23666667,99.23666667,19/09/2024 5:00
2024,9,19,6,99.81066667,99.81066667,19/09/2024 6:00
2024,9,19,7,109.644,109.644,19/09/2024 7:00
2024,9,19,8,119.3923333,119.3923333,19/09/2024 8:00
2024,9,19,9,121.6183333,121.6183333,19/09/2024 9:00
2024,9,19,10,111.3206667,111.3206667,19/09/2024 10:00
2024,9,19,11,94.353,93.42733333,19/09/2024 11:00
2024,9,19,12,85.13433333,83.13733333,19/09/2024 12:00
2024,9,19,13,81.103,78.031,19/09/2024 13:00
2024,9,19,14,78.91166667,75.725,19/09/2024 14:00
2024,9,19,15,74.73,71.83033333,19/09/2024 15:00
2024,9,19,16,74.16933333,71.08,19/09/2024 16:00
2024,9,19,17,79.121,76.69066667,19/09/2024 17:00
2024,9,19,18,88.40033333,86.72266667,19/09/2024 18:00
2024,9,19,19,106.6696667,106.574,19/09/2024 19:00
2024,9,19,20,126.4013333,126.4013333,19/09/2024 20:00
2024,9,19,21,139.748,139.748,19/09/2024 21:00
2024,9,19,22,138.3986667,138.3986667,19/09/2024 22:00
2024,9,19,23,126.0906667,126.0906667,19/09/2024 23:00
2024,9,19,24,118.7956667,118.7956667,20/09/2024 0:00
2024,9,20,1,114.576,114.576,20/09/2024 1:00
2024,9,20,2,107.761,107.761,20/09/2024 2:00
2024,9,20,3,103.323,103.323,20/09/2024 3:00
2024,9,20,4,100.8353333,100.8353333,20/09/2024 4:00
2024,9,20,5,99.23666667,99.23666667,20/09/2024 5:00
2024,9,20,6,99.81066667,99.81066667,20/09/2024 6:00
2024,9,20,7,109.644,109.644,20/09/2024 7:00
2024,9,20,8,119.3923333,119.3923333,20/09/2024 8:00
2024,9,20,9,121.6183333,121.6183333,20/09/2024 9:00
2024,9,20,10,111.3206667,111.3206667,20/09/2024 10:00
2024,9,20,11,94.353,93.42733333,20/09/2024 11:00
2024,9,20,12,85.13433333,83.13733333,20/09/2024 12:00
2024,9,20,13,81.103,78.031,20/09/2024 13:00
2024,9,20,14,78.91166667,75.725,20/09/2024 14:00
2024,9,20,15,74.73,71.83033333,20/09/2024 15:00
2024,9,20,16,74.16933333,71.08,20/09/2024 16:00
2024,9,20,17,79.121,76.69066667,20/09/2024 17:00
2024,9,20,18,88.40033333,86.72266667,20/09/2024 18:00
2024,9,20,19,106.6696667,106.574,20/09/2024 19:00
2024,9,20,20,126.4013333,126.4013333,20/09/2024 20:00
2024,9,20,21,139.748,139.748,20/09/2024 21:00
2024,9,20,22,138.3986667,138.3986667,20/09/2024 22:00
2024,9,20,23,126.0906667,126.0906667,20/09/2024 23:00
2024,9,20,24,118.7956667,118.7956667,21/09/2024 0:00
2024,9,21,1,114.576,114.576,21/09/2024 1:00
2024,9,21,2,107.761,107.761,21/09/2024 2:00
2024,9,21,3,103.323,103.323,21/09/2024 3:00
2024,9,21,4,100.8353333,100.8353333,21/09/2024 4:00
2024,9,21,5,99.23666667,99.23666667,21/09/2024 5:00
2024,9,21,6,99.81066667,99.81066667,21/09/2024 6:00
2024,9,21,7,109.644,109.644,21/09/2024 7:00
2024,9,21,8,119.3923333,119.3923333,21/09/2024 8:00
2024,9,21,9,121.6183333,121.6183333,21/09/2024 9:00
2024,9,21,10,111.3206667,111.3206667,21/09/2024 10:00
2024,9,21,11,94.353,93.42733333,21/09/2024 11:00
2024,9,21,12,85.13433333,83.13733333,21/09/2024 12:00
2024,9,21,13,81.103,78.031,21/09/2024 13:00
2024,9,21,14,78.91166667,75.725,21/09/2024 14:00
2024,9,21,15,74.73,71.83033333,21/09/2024 15:00
2024,9,21,16,74.16933333,71.08,21/09/2024 16:00
2024,9,21,17,79.121,76.69066667,21/09/2024 17:00
2024,9,21,18,88.40033333,86.72266667,21/09/2024 18:00
2024,9,21,19,106.6696667,106.574,21/09/2024 19:00
2024,9,21,20,126.4013333,126.4013333,21/09/2024 20:00
2024,9,21,21,139.748,139.748,21/09/2024 21:00
2024,9,21,22,138.3986667,138.3986667,21/09/2024 22:00
2024,9,21,23,126.0906667,126.0906667,21/09/2024 23:00
2024,9,21,24,118.7956667,118.7956667,22/09/2024 0:00
2024,9,22,1,114.576,114.576,22/09/2024 1:00
2024,9,22,2,107.761,107.761,22/09/2024 2:00
2024,9,22,3,103.323,103.323,22/09/2024 3:00
2024,9,22,4,100.8353333,100.8353333,22/09/2024 4:00
2024,9,22,5,99.23666667,99.23666667,22/09/2024 5:00
2024,9,22,6,99.81066667,99.81066667,22/09/2024 6:00
2024,9,22,7,109.644,109.644,22/09/2024 7:00
2024,9,22,8,119.3923333,119.3923333,22/09/2024 8:00
2024,9,22,9,121.6183333,121.6183333,22/09/2024 9:00
2024,9,22,10,111.3206667,111.3206667,22/09/2024 10:00
2024,9,22,11,94.353,93.42733333,22/09/2024 11:00
2024,9,22,12,85.13433333,83.13733333,22/09/2024 12:00
2024,9,22,13,81.103,78.031,22/09/2024 13:00
2024,9,22,14,78.91166667,75.725,22/09/2024 14:00
2024,9,22,15,74.73,71.83033333,22/09/2024 15:00
2024,9,22,16,74.16933333,71.08,22/09/2024 16:00
2024,9,22,17,79.121,76.69066667,22/09/2024 17:00
2024,9,22,18,88.40033333,86.72266667,22/09/2024 18:00
2024,9,22,19,106.6696667,106.574,22/09/2024 19:00
2024,9,22,20,126.4013333,126.4013333,22/09/2024 20:00
2024,9,22,21,139.748,139.748,22/09/2024 21:00
2024,9,22,22,138.3986667,138.3986667,22/09/2024 22:00
2024,9,22,23,126.0906667,126.0906667,22/09/2024 23:00
2024,9,22,24,118.7956667,118.7956667,23/09/2024 0:00
2024,9,23,1,114.576,114.576,23/09/2024 1:00
2024,9,23,2,107.761,107.761,23/09/2024 2:00
2024,9,23,3,103.323,103.323,23/09/2024 3:00
2024,9,23,4,100.8353333,100.8353333,23/09/2024 4:00
2024,9,23,5,99.23666667,99.23666667,23/09/2024 5:00
2024,9,23,6,99.81066667,99.81066667,23/09/2024 6:00
2024,9,23,7,109.644,109.644,23/09/2024 7:00
2024,9,23,8,119.3923333,119.3923333,23/09/2024 8:00
2024,9,23,9,121.6183333,121.6183333,23/09/2024 9:00
2024,9,23,10,111.3206667,111.3206667,23/09/2024 10:00
2024,9,23,11,94.353,93.42733333,23/09/2024 11:00
2024,9,23,12,85.13433333,83.13733333,23/09/2024 12:00
2024,9,23,13,81.103,78.031,23/09/2024 13:00
2024,9,23,14,78.91166667,75.725,23/09/2024 14:00
2024,9,23,15,74.73,71.83033333,23/09/2024 15:00
2024,9,23,16,74.16933333,71.08,23/09/2024 16:00
2024,9,23,17,79.121,76.69066667,23/09/2024 17:00
2024,9,23,18,88.40033333,86.72266667,23/09/2024 18:00
2024,9,23,19,106.6696667,106.574,23/09/2024 19:00
2024,9,23,20,126.4013333,126.4013333,23/09/2024 20:00
2024,9,23,21,139.748,139.748,23/09/2024 21:00
2024,9,23,22,138.3986667,138.3986667,23/09/2024 22:00
2024,9,23,23,126.0906667,126.0906667,23/09/2024 23:00
2024,9,23,24,118.7956667,118.7956667,24/09/2024 0:00
2024,9,24,1,114.576,114.576,24/09/2024 1:00
2024,9,24,2,107.761,107.761,24/09/2024 2:00
2024,9,24,3,103.323,103.323,24/09/2024 3:00
2024,9,24,4,100.8353333,100.8353333,24/09/2024 4:00
2024,9,24,5,99.23666667,99.23666667,24/09/2024 5:00
2024,9,24,6,99.81066667,99.81066667,24/09/2024 6:00
2024,9,24,7,109.644,109.644,24/09/2024 7:00
2024,9,24,8,119.3923333,119.3923333,24/09/2024 8:00
2024,9,24,9,121.6183333,121.6183333,24/09/2024 9:00
2024,9,24,10,111.3206667,111.3206667,24/09/2024 10:00
2024,9,24,11,94.353,93.42733333,24/09/2024 11:00
2024,9,24,12,85.13433333,83.13733333,24/09/2024 12:00
2024,9,24,13,81.103,78.031,24/09/2024 13:00
2024,9,24,14,78.91166667,75.725,24/09/2024 14:00
2024,9,24,15,74.73,71.83033333,24/09/2024 15:00
2024,9,24,16,74.16933333,71.08,24/09/2024 16:00
2024,9,24,17,79.121,76.69066667,24/09/2024 17:00
2024,9,24,18,88.40033333,86.72266667,24/09/2024 18:00
2024,9,24,19,106.6696667,106.574,24/09/2024 19:00
2024,9,24,20,126.4013333,126.4013333,24/09/2024 20:00
2024,9,24,21,139.748,139.748,24/09/2024 21:00
2024,9,24,22,138.3986667,138.3986667,24/09/2024 22:00
2024,9,24,23,126.0906667,126.0906667,24/09/2024 23:00
2024,9,24,24,118.7956667,118.7956667,25/09/2024 0:00
2024,9,25,1,114.576,114.576,25/09/2024 1:00
2024,9,25,2,107.761,107.761,25/09/2024 2:00
2024,9,25,3,103.323,103.323,25/09/2024 3:00
2024,9,25,4,100.8353333,100.8353333,25/09/2024 4:00
2024,9,25,5,99.23666667,99.23666667,25/09/2024 5:00
2024,9,25,6,99.81066667,99.81066667,25/09/2024 6:00
2024,9,25,7,109.644,109.644,25/09/2024 7:00
2024,9,25,8,119.3923333,119.3923333,25/09/2024 8:00
2024,9,25,9,121.6183333,121.6183333,25/09/2024 9:00
2024,9,25,10,111.3206667,111.3206667,25/09/2024 10:00
2024,9,25,11,94.353,93.42733333,25/09/2024 11:00
2024,9,25,12,85.13433333,83.13733333,25/09/2024 12:00
2024,9,25,13,81.103,78.031,25/09/2024 13:00
2024,9,25,14,78.91166667,75.725,25/09/2024 14:00
2024,9,25,15,74.73,71.83033333,25/09/2024 15:00
2024,9,25,16,74.16933333,71.08,25/09/2024 16:00
2024,9,25,17,79.121,76.69066667,25/09/2024 17:00
2024,9,25,18,88.40033333,86.72266667,25/09/2024 18:00
2024,9,25,19,106.6696667,106.574,25/09/2024 19:00
2024,9,25,20,126.4013333,126.4013333,25/09/2024 20:00
2024,9,25,21,139.748,139.748,25/09/2024 21:00
2024,9,25,22,138.3986667,138.3986667,25/09/2024 22:00
2024,9,25,23,126.0906667,126.0906667,25/09/2024 23:00
2024,9,25,24,118.7956667,118.7956667,26/09/2024 0:00
2024,9,26,1,114.576,114.576,26/09/2024 1:00
2024,9,26,2,107.761,107.761,26/09/2024 2:00
2024,9,26,3,103.323,103.323,26/09/2024 3:00
2024,9,26,4,100.8353333,100.8353333,26/09/2024 4:00
2024,9,26,5,99.23666667,99.23666667,26/09/2024 5:00
2024,9,26,6,99.81066667,99.81066667,26/09/2024 6:00
2024,9,26,7,109.644,109.644,26/09/2024 7:00
2024,9,26,8,119.3923333,119.3923333,26/09/2024 8:00
2024,9,26,9,121.6183333,121.6183333,26/09/2024 9:00
2024,9,26,10,111.3206667,111.3206667,26/09/2024 10:00
2024,9,26,11,94.353,93.42733333,26/09/2024 11:00
2024,9,26,12,85.13433333,83.13733333,26/09/2024 12:00
2024,9,26,13,81.103,78.031,26/09/2024 13:00
2024,9,26,14,78.91166667,75.725,26/09/2024 14:00
2024,9,26,15,74.73,71.83033333,26/09/2024 15:00
2024,9,26,16,74.16933333,71.08,26/09/2024 16:00
2024,9,26,17,79.121,76.69066667,26/09/2024 17:00
2024,9,26,18,88.40033333,86.72266667,26/09/2024 18:00
2024,9,26,19,106.6696667,106.574,26/09/2024 19:00
2024,9,26,20,126.4013333,126.4013333,26/09/2024 20:00
2024,9,26,21,139.748,139.748,26/09/2024 21:00
2024,9,26,22,138.3986667,138.3986667,26/09/2024 22:00
2024,9,26,23,126.0906667,126.0906667,26/09/2024 23:00
2024,9,26,24,118.7956667,118.7956667,27/09/2024 0:00
2024,9,27,1,114.576,114.576,27/09/2024 1:00
2024,9,27,2,107.761,107.761,27/09/2024 2:00
2024,9,27,3,103.323,103.323,27/09/2024 3:00
2024,9,27,4,100.8353333,100.8353333,27/09/2024 4:00
2024,9,27,5,99.23666667,99.23666667,27/09/2024 5:00
2024,9,27,6,99.81066667,99.81066667,27/09/2024 6:00
2024,9,27,7,109.644,109.644,27/09/2024 7:00
2024,9,27,8,119.3923333,119.3923333,27/09/2024 8:00
2024,9,27,9,121.6183333,121.6183333,27/09/2024 9:00
2024,9,27,10,111.3206667,111.3206667,27/09/2024 10:00
2024,9,27,11,94.353,93.42733333,27/09/2024 11:00
2024,9,27,12,85.13433333,83.13733333,27/09/2024 12:00
2024,9,27,13,81.103,78.031,27/09/2024 13:00
2024,9,27,14,78.91166667,75.725,27/09/2024 14:00
2024,9,27,15,74.73,71.83033333,27/09/2024 15:00
2024,9,27,16,74.16933333,71.08,27/09/2024 16:00
2024,9,27,17,79.121,76.69066667,27/09/2024 17:00
2024,9,27,18,88.40033333,86.72266667,27/09/2024 18:00
2024,9,27,19,106.6696667,106.574,27/09/2024 19:00
2024,9,27,20,126.4013333,126.4013333,27/09/2024 20:00
2024,9,27,21,139.748,139.748,27/09/2024 21:00
2024,9,27,22,138.3986667,138.3986667,27/09/2024 22:00
2024,9,27,23,126.0906667,126.0906667,27/09/2024 23:00
2024,9,27,24,118.7956667,118.7956667,28/09/2024 0:00
2024,9,28,1,114.576,114.576,28/09/2024 1:00
2024,9,28,2,107.761,107.761,28/09/2024 2:00
2024,9,28,3,103.323,103.323,28/09/2024 3:00
2024,9,28,4,100.8353333,100.8353333,28/09/2024 4:00
2024,9,28,5,99.23666667,99.23666667,28/09/2024 5:00
2024,9,28,6,99.81066667,99.81066667,28/09/2024 6:00
2024,9,28,7,109.644,109.644,28/09/2024 7:00
2024,9,28,8,119.3923333,119.3923333,28/09/2024 8:00
2024,9,28,9,121.6183333,121.6183333,28/09/2024 9:00
2024,9,28,10,111.3206667,111.3206667,28/09/2024 10:00
2024,9,28,11,94.353,93.42733333,28/09/2024 11:00
2024,9,28,12,85.13433333,83.13733333,28/09/2024 12:00
2024,9,28,13,81.103,78.031,28/09/2024 13:00
2024,9,28,14,78.91166667,75.725,28/09/2024 14:00
2024,9,28,15,74.73,71.83033333,28/09/2024 15:00
2024,9,28,16,74.16933333,71.08,28/09/2024 16:00
2024,9,28,17,79.121,76.69066667,28/09/2024 17:00
2024,9,28,18,88.40033333,86.72266667,28/09/2024 18:00
2024,9,28,19,106.6696667,106.574,28/09/2024 19:00
2024,9,28,20,126.4013333,126.4013333,28/09/2024 20:00
2024,9,28,21,139.748,139.748,28/09/2024 21:00
2024,9,28,22,138.3986667,138.3986667,28/09/2024 22:00
2024,9,28,23,126.0906667,126.0906667,28/09/2024 23:00
2024,9,28,24,118.7956667,118.7956667,29/09/2024 0:00
2024,9,29,1,114.576,114.576,29/09/2024 1:00
2024,9,29,2,107.761,107.761,29/09/2024 2:00
2024,9,29,3,103.323,103.323,29/09/2024 3:00
2024,9,29,4,100.8353333,100.8353333,29/09/2024 4:00
2024,9,29,5,99.23666667,99.23666667,29/09/2024 5:00
2024,9,29,6,99.81066667,99.81066667,29/09/2024 6:00
2024,9,29,7,109.644,109.644,29/09/2024 7:00
2024,9,29,8,119.3923333,119.3923333,29/09/2024 8:00
2024,9,29,9,121.6183333,121.6183333,29/09/2024 9:00
2024,9,29,10,111.3206667,111.3206667,29/09/2024 10:00
2024,9,29,11,94.353,93.42733333,29/09/2024 11:00
2024,9,29,12,85.13433333,83.13733333,29/09/2024 12:00
2024,9,29,13,81.103,78.031,29/09/2024 13:00
2024,9,29,14,78.91166667,75.725,29/09/2024 14:00
2024,9,29,15,74.73,71.83033333,29/09/2024 15:00
2024,9,29,16,74.16933333,71.08,29/09/2024 16:00
2024,9,29,17,79.121,76.69066667,29/09/2024 17:00
2024,9,29,18,88.40033333,86.72266667,29/09/2024 18:00
2024,9,29,19,106.6696667,106.574,29/09/2024 19:00
2024,9,29,20,126.4013333,126.4013333,29/09/2024 20:00
2024,9,29,21,139.748,139.748,29/09/2024 21:00
2024,9,29,22,138.3986667,138.3986667,29/09/2024 22:00
2024,9,29,23,126.0906667,126.0906667,29/09/2024 23:00
2024,9,29,24,118.7956667,118.7956667,30/09/2024 0:00
2024,9,30,1,114.576,114.576,30/09/2024 1:00
2024,9,30,2,107.761,107.761,30/09/2024 2:00
2024,9,30,3,103.323,103.323,30/09/2024 3:00
2024,9,30,4,100.8353333,100.8353333,30/09/2024 4:00
2024,9,30,5,99.23666667,99.23666667,30/09/2024 5:00
2024,9,30,6,99.81066667,99.81066667,30/09/2024 6:00
2024,9,30,7,109.644,109.644,30/09/2024 7:00
2024,9,30,8,119.3923333,119.3923333,30/09/2024 8:00
2024,9,30,9,121.6183333,121.6183333,30/09/2024 9:00
2024,9,30,10,111.3206667,111.3206667,30/09/2024 10:00
2024,9,30,11,94.353,93.42733333,30/09/2024 11:00
2024,9,30,12,85.13433333,83.13733333,30/09/2024 12:00
2024,9,30,13,81.103,78.031,30/09/2024 13:00
2024,9,30,14,78.91166667,75.725,30/09/2024 14:00
2024,9,30,15,74.73,71.83033333,30/09/2024 15:00
2024,9,30,16,74.16933333,71.08,30/09/2024 16:00
2024,9,30,17,79.121,76.69066667,30/09/2024 17:00
2024,9,30,18,88.40033333,86.72266667,30/09/2024 18:00
2024,9,30,19,106.6696667,106.574,30/09/2024 19:00
2024,9,30,20,126.4013333,126.4013333,30/09/2024 20:00
2024,9,30,21,139.748,139.748,30/09/2024 21:00
2024,9,30,22,138.3986667,138.3986667,30/09/2024 22:00
2024,9,30,23,126.0906667,126.0906667,30/09/2024 23:00
2024,9,30,24,118.7956667,118.7956667,01/10/2024 0:00
2024,10,1,1,93.22580645,93.22580645,01/10/2024 1:00
2024,10,1,2,86.14903226,86.14903226,01/10/2024 2:00
2024,10,1,3,82.75096774,82.75096774,01/10/2024 3:00
2024,10,1,4,80.11032258,80.11032258,01/10/2024 4:00
2024,10,1,5,78.43032258,78.43032258,01/10/2024 5:00
2024,10,1,6,79.85225806,79.7483871,01/10/2024 6:00
2024,10,1,7,91.08064516,91.08064516,01/10/2024 7:00
2024,10,1,8,103.9383871,104.5732258,01/10/2024 8:00
2024,10,1,9,110.9393548,111.1787097,01/10/2024 9:00
2024,10,1,10,102.2109677,102.2109677,01/10/2024 10:00
2024,10,1,11,86.02967742,86.02967742,01/10/2024 11:00
2024,10,1,12,74.72870968,74.72870968,01/10/2024 12:00
2024,10,1,13,70.0016129,70.0016129,01/10/2024 13:00
2024,10,1,14,68.05451613,68.05451613,01/10/2024 14:00
2024,10,1,15,65.77451613,65.77451613,01/10/2024 15:00
2024,10,1,16,65.52,63.71354839,01/10/2024 16:00
2024,10,1,17,70.27064516,69.56419355,01/10/2024 17:00
2024,10,1,18,82.0583871,83.23032258,01/10/2024 18:00
2024,10,1,19,100.2248387,102.0648387,01/10/2024 19:00
2024,10,1,20,114.1054839,117.7370968,01/10/2024 20:00
2024,10,1,21,127.9219355,129.0574194,01/10/2024 21:00
2024,10,1,22,118.3109677,118.9535484,01/10/2024 22:00
2024,10,1,23,107.1670968,107.3674194,01/10/2024 23:00
2024,10,1,24,97.04516129,97.04516129,02/10/2024 0:00
2024,10,2,1,93.22580645,93.22580645,02/10/2024 1:00
2024,10,2,2,86.14903226,86.14903226,02/10/2024 2:00
2024,10,2,3,82.75096774,82.75096774,02/10/2024 3:00
2024,10,2,4,80.11032258,80.11032258,02/10/2024 4:00
2024,10,2,5,78.43032258,78.43032258,02/10/2024 5:00
2024,10,2,6,79.85225806,79.7483871,02/10/2024 6:00
2024,10,2,7,91.08064516,91.08064516,02/10/2024 7:00
2024,10,2,8,103.9383871,104.5732258,02/10/2024 8:00
2024,10,2,9,110.9393548,111.1787097,02/10/2024 9:00
2024,10,2,10,102.2109677,102.2109677,02/10/2024 10:00
2024,10,2,11,86.02967742,86.02967742,02/10/2024 11:00
2024,10,2,12,74.72870968,74.72870968,02/10/2024 12:00
2024,10,2,13,70.0016129,70.0016129,02/10/2024 13:00
2024,10,2,14,68.05451613,68.05451613,02/10/2024 14:00
2024,10,2,15,65.77451613,65.77451613,02/10/2024 15:00
2024,10,2,16,65.52,63.71354839,02/10/2024 16:00
2024,10,2,17,70.27064516,69.56419355,02/10/2024 17:00
2024,10,2,18,82.0583871,83.23032258,02/10/2024 18:00
2024,10,2,19,100.2248387,102.0648387,02/10/2024 19:00
2024,10,2,20,114.1054839,117.7370968,02/10/2024 20:00
2024,10,2,21,127.9219355,129.0574194,02/10/2024 21:00
2024,10,2,22,118.3109677,118.9535484,02/10/2024 22:00
2024,10,2,23,107.1670968,107.3674194,02/10/2024 23:00
2024,10,2,24,97.04516129,97.04516129,03/10/2024 0:00
2024,10,3,1,93.22580645,93.22580645,03/10/2024 1:00
2024,10,3,2,86.14903226,86.14903226,03/10/2024 2:00
2024,10,3,3,82.75096774,82.75096774,03/10/2024 3:00
2024,10,3,4,80.11032258,80.11032258,03/10/2024 4:00
2024,10,3,5,78.43032258,78.43032258,03/10/2024 5:00
2024,10,3,6,79.85225806,79.7483871,03/10/2024 6:00
2024,10,3,7,91.08064516,91.08064516,03/10/2024 7:00
2024,10,3,8,103.9383871,104.5732258,03/10/2024 8:00
2024,10,3,9,110.9393548,111.1787097,03/10/2024 9:00
2024,10,3,10,102.2109677,102.2109677,03/10/2024 10:00
2024,10,3,11,86.02967742,86.02967742,03/10/2024 11:00
2024,10,3,12,74.72870968,74.72870968,03/10/2024 12:00
2024,10,3,13,70.0016129,70.0016129,03/10/2024 13:00
2024,10,3,14,68.05451613,68.05451613,03/10/2024 14:00
2024,10,3,15,65.77451613,65.77451613,03/10/2024 15:00
2024,10,3,16,65.52,63.71354839,03/10/2024 16:00
2024,10,3,17,70.27064516,69.56419355,03/10/2024 17:00
2024,10,3,18,82.0583871,83.23032258,03/10/2024 18:00
2024,10,3,19,100.2248387,102.0648387,03/10/2024 19:00
2024,10,3,20,114.1054839,117.7370968,03/10/2024 20:00
2024,10,3,21,127.9219355,129.0574194,03/10/2024 21:00
2024,10,3,22,118.3109677,118.9535484,03/10/2024 22:00
2024,10,3,23,107.1670968,107.3674194,03/10/2024 23:00
2024,10,3,24,97.04516129,97.04516129,04/10/2024 0:00
2024,10,4,1,93.22580645,93.22580645,04/10/2024 1:00
2024,10,4,2,86.14903226,86.14903226,04/10/2024 2:00
2024,10,4,3,82.75096774,82.75096774,04/10/2024 3:00
2024,10,4,4,80.11032258,80.11032258,04/10/2024 4:00
2024,10,4,5,78.43032258,78.43032258,04/10/2024 5:00
2024,10,4,6,79.85225806,79.7483871,04/10/2024 6:00
2024,10,4,7,91.08064516,91.08064516,04/10/2024 7:00
2024,10,4,8,103.9383871,104.5732258,04/10/2024 8:00
2024,10,4,9,110.9393548,111.1787097,04/10/2024 9:00
2024,10,4,10,102.2109677,102.2109677,04/10/2024 10:00
2024,10,4,11,86.02967742,86.02967742,04/10/2024 11:00
2024,10,4,12,74.72870968,74.72870968,04/10/2024 12:00
2024,10,4,13,70.0016129,70.0016129,04/10/2024 13:00
2024,10,4,14,68.05451613,68.05451613,04/10/2024 14:00
2024,10,4,15,65.77451613,65.77451613,04/10/2024 15:00
2024,10,4,16,65.52,63.71354839,04/10/2024 16:00
2024,10,4,17,70.27064516,69.56419355,04/10/2024 17:00
2024,10,4,18,82.0583871,83.23032258,04/10/2024 18:00
2024,10,4,19,100.2248387,102.0648387,04/10/2024 19:00
2024,10,4,20,114.1054839,117.7370968,04/10/2024 20:00
2024,10,4,21,127.9219355,129.0574194,04/10/2024 21:00
2024,10,4,22,118.3109677,118.9535484,04/10/2024 22:00
2024,10,4,23,107.1670968,107.3674194,04/10/2024 23:00
2024,10,4,24,97.04516129,97.04516129,05/10/2024 0:00
2024,10,5,1,93.22580645,93.22580645,05/10/2024 1:00
2024,10,5,2,86.14903226,86.14903226,05/10/2024 2:00
2024,10,5,3,82.75096774,82.75096774,05/10/2024 3:00
2024,10,5,4,80.11032258,80.11032258,05/10/2024 4:00
2024,10,5,5,78.43032258,78.43032258,05/10/2024 5:00
2024,10,5,6,79.85225806,79.7483871,05/10/2024 6:00
2024,10,5,7,91.08064516,91.08064516,05/10/2024 7:00
2024,10,5,8,103.9383871,104.5732258,05/10/2024 8:00
2024,10,5,9,110.9393548,111.1787097,05/10/2024 9:00
2024,10,5,10,102.2109677,102.2109677,05/10/2024 10:00
2024,10,5,11,86.02967742,86.02967742,05/10/2024 11:00
2024,10,5,12,74.72870968,74.72870968,05/10/2024 12:00
2024,10,5,13,70.0016129,70.0016129,05/10/2024 13:00
2024,10,5,14,68.05451613,68.05451613,05/10/2024 14:00
2024,10,5,15,65.77451613,65.77451613,05/10/2024 15:00
2024,10,5,16,65.52,63.71354839,05/10/2024 16:00
2024,10,5,17,70.27064516,69.56419355,05/10/2024 17:00
2024,10,5,18,82.0583871,83.23032258,05/10/2024 18:00
2024,10,5,19,100.2248387,102.0648387,05/10/2024 19:00
2024,10,5,20,114.1054839,117.7370968,05/10/2024 20:00
2024,10,5,21,127.9219355,129.0574194,05/10/2024 21:00
2024,10,5,22,118.3109677,118.9535484,05/10/2024 22:00
2024,10,5,23,107.1670968,107.3674194,05/10/2024 23:00
2024,10,5,24,97.04516129,97.04516129,06/10/2024 0:00
2024,10,6,1,93.22580645,93.22580645,06/10/2024 1:00
2024,10,6,2,86.14903226,86.14903226,06/10/2024 2:00
2024,10,6,3,82.75096774,82.75096774,06/10/2024 3:00
2024,10,6,4,80.11032258,80.11032258,06/10/2024 4:00
2024,10,6,5,78.43032258,78.43032258,06/10/2024 5:00
2024,10,6,6,79.85225806,79.7483871,06/10/2024 6:00
2024,10,6,7,91.08064516,91.08064516,06/10/2024 7:00
2024,10,6,8,103.9383871,104.5732258,06/10/2024 8:00
2024,10,6,9,110.9393548,111.1787097,06/10/2024 9:00
2024,10,6,10,102.2109677,102.2109677,06/10/2024 10:00
2024,10,6,11,86.02967742,86.02967742,06/10/2024 11:00
2024,10,6,12,74.72870968,74.72870968,06/10/2024 12:00
2024,10,6,13,70.0016129,70.0016129,06/10/2024 13:00
2024,10,6,14,68.05451613,68.05451613,06/10/2024 14:00
2024,10,6,15,65.77451613,65.77451613,06/10/2024 15:00
2024,10,6,16,65.52,63.71354839,06/10/2024 16:00
2024,10,6,17,70.27064516,69.56419355,06/10/2024 17:00
2024,10,6,18,82.0583871,83.23032258,06/10/2024 18:00
2024,10,6,19,100.2248387,102.0648387,06/10/2024 19:00
2024,10,6,20,114.1054839,117.7370968,06/10/2024 20:00
2024,10,6,21,127.9219355,129.0574194,06/10/2024 21:00
2024,10,6,22,118.3109677,118.9535484,06/10/2024 22:00
2024,10,6,23,107.1670968,107.3674194,06/10/2024 23:00
2024,10,6,24,97.04516129,97.04516129,07/10/2024 0:00
2024,10,7,1,93.22580645,93.22580645,07/10/2024 1:00
2024,10,7,2,86.14903226,86.14903226,07/10/2024 2:00
2024,10,7,3,82.75096774,82.75096774,07/10/2024 3:00
2024,10,7,4,80.11032258,80.11032258,07/10/2024 4:00
2024,10,7,5,78.43032258,78.43032258,07/10/2024 5:00
2024,10,7,6,79.85225806,79.7483871,07/10/2024 6:00
2024,10,7,7,91.08064516,91.08064516,07/10/2024 7:00
2024,10,7,8,103.9383871,104.5732258,07/10/2024 8:00
2024,10,7,9,110.9393548,111.1787097,07/10/2024 9:00
2024,10,7,10,102.2109677,102.2109677,07/10/2024 10:00
2024,10,7,11,86.02967742,86.02967742,07/10/2024 11:00
2024,10,7,12,74.72870968,74.72870968,07/10/2024 12:00
2024,10,7,13,70.0016129,70.0016129,07/10/2024 13:00
2024,10,7,14,68.05451613,68.05451613,07/10/2024 14:00
2024,10,7,15,65.77451613,65.77451613,07/10/2024 15:00
2024,10,7,16,65.52,63.71354839,07/10/2024 16:00
2024,10,7,17,70.27064516,69.56419355,07/10/2024 17:00
2024,10,7,18,82.0583871,83.23032258,07/10/2024 18:00
2024,10,7,19,100.2248387,102.0648387,07/10/2024 19:00
2024,10,7,20,114.1054839,117.7370968,07/10/2024 20:00
2024,10,7,21,127.9219355,129.0574194,07/10/2024 21:00
2024,10,7,22,118.3109677,118.9535484,07/10/2024 22:00
2024,10,7,23,107.1670968,107.3674194,07/10/2024 23:00
2024,10,7,24,97.04516129,97.04516129,08/10/2024 0:00
2024,10,8,1,93.22580645,93.22580645,08/10/2024 1:00
2024,10,8,2,86.14903226,86.14903226,08/10/2024 2:00
2024,10,8,3,82.75096774,82.75096774,08/10/2024 3:00
2024,10,8,4,80.11032258,80.11032258,08/10/2024 4:00
2024,10,8,5,78.43032258,78.43032258,08/10/2024 5:00
2024,10,8,6,79.85225806,79.7483871,08/10/2024 6:00
2024,10,8,7,91.08064516,91.08064516,08/10/2024 7:00
2024,10,8,8,103.9383871,104.5732258,08/10/2024 8:00
2024,10,8,9,110.9393548,111.1787097,08/10/2024 9:00
2024,10,8,10,102.2109677,102.2109677,08/10/2024 10:00
2024,10,8,11,86.02967742,86.02967742,08/10/2024 11:00
2024,10,8,12,74.72870968,74.72870968,08/10/2024 12:00
2024,10,8,13,70.0016129,70.0016129,08/10/2024 13:00
2024,10,8,14,68.05451613,68.05451613,08/10/2024 14:00
2024,10,8,15,65.77451613,65.77451613,08/10/2024 15:00
2024,10,8,16,65.52,63.71354839,08/10/2024 16:00
2024,10,8,17,70.27064516,69.56419355,08/10/2024 17:00
2024,10,8,18,82.0583871,83.23032258,08/10/2024 18:00
2024,10,8,19,100.2248387,102.0648387,08/10/2024 19:00
2024,10,8,20,114.1054839,117.7370968,08/10/2024 20:00
2024,10,8,21,127.9219355,129.0574194,08/10/2024 21:00
2024,10,8,22,118.3109677,118.9535484,08/10/2024 22:00
2024,10,8,23,107.1670968,107.3674194,08/10/2024 23:00
2024,10,8,24,97.04516129,97.04516129,09/10/2024 0:00
2024,10,9,1,93.22580645,93.22580645,09/10/2024 1:00
2024,10,9,2,86.14903226,86.14903226,09/10/2024 2:00
2024,10,9,3,82.75096774,82.75096774,09/10/2024 3:00
2024,10,9,4,80.11032258,80.11032258,09/10/2024 4:00
2024,10,9,5,78.43032258,78.43032258,09/10/2024 5:00
2024,10,9,6,79.85225806,79.7483871,09/10/2024 6:00
2024,10,9,7,91.08064516,91.08064516,09/10/2024 7:00
2024,10,9,8,103.9383871,104.5732258,09/10/2024 8:00
2024,10,9,9,110.9393548,111.1787097,09/10/2024 9:00
2024,10,9,10,102.2109677,102.2109677,09/10/2024 10:00
2024,10,9,11,86.02967742,86.02967742,09/10/2024 11:00
2024,10,9,12,74.72870968,74.72870968,09/10/2024 12:00
2024,10,9,13,70.0016129,70.0016129,09/10/2024 13:00
2024,10,9,14,68.05451613,68.05451613,09/10/2024 14:00
2024,10,9,15,65.77451613,65.77451613,09/10/2024 15:00
2024,10,9,16,65.52,63.71354839,09/10/2024 16:00
2024,10,9,17,70.27064516,69.56419355,09/10/2024 17:00
2024,10,9,18,82.0583871,83.23032258,09/10/2024 18:00
2024,10,9,19,100.2248387,102.0648387,09/10/2024 19:00
2024,10,9,20,114.1054839,117.7370968,09/10/2024 20:00
2024,10,9,21,127.9219355,129.0574194,09/10/2024 21:00
2024,10,9,22,118.3109677,118.9535484,09/10/2024 22:00
2024,10,9,23,107.1670968,107.3674194,09/10/2024 23:00
2024,10,9,24,97.04516129,97.04516129,10/10/2024 0:00
2024,10,10,1,93.22580645,93.22580645,10/10/2024 1:00
2024,10,10,2,86.14903226,86.14903226,10/10/2024 2:00
2024,10,10,3,82.75096774,82.75096774,10/10/2024 3:00
2024,10,10,4,80.11032258,80.11032258,10/10/2024 4:00
2024,10,10,5,78.43032258,78.43032258,10/10/2024 5:00
2024,10,10,6,79.85225806,79.7483871,10/10/2024 6:00
2024,10,10,7,91.08064516,91.08064516,10/10/2024 7:00
2024,10,10,8,103.9383871,104.5732258,10/10/2024 8:00
2024,10,10,9,110.9393548,111.1787097,10/10/2024 9:00
2024,10,10,10,102.2109677,102.2109677,10/10/2024 10:00
2024,10,10,11,86.02967742,86.02967742,10/10/2024 11:00
2024,10,10,12,74.72870968,74.72870968,10/10/2024 12:00
2024,10,10,13,70.0016129,70.0016129,10/10/2024 13:00
2024,10,10,14,68.05451613,68.05451613,10/10/2024 14:00
2024,10,10,15,65.77451613,65.77451613,10/10/2024 15:00
2024,10,10,16,65.52,63.71354839,10/10/2024 16:00
2024,10,10,17,70.27064516,69.56419355,10/10/2024 17:00
2024,10,10,18,82.0583871,83.23032258,10/10/2024 18:00
2024,10,10,19,100.2248387,102.0648387,10/10/2024 19:00
2024,10,10,20,114.1054839,117.7370968,10/10/2024 20:00
2024,10,10,21,127.9219355,129.0574194,10/10/2024 21:00
2024,10,10,22,118.3109677,118.9535484,10/10/2024 22:00
2024,10,10,23,107.1670968,107.3674194,10/10/2024 23:00
2024,10,10,24,97.04516129,97.04516129,11/10/2024 0:00
2024,10,11,1,93.22580645,93.22580645,11/10/2024 1:00
2024,10,11,2,86.14903226,86.14903226,11/10/2024 2:00
2024,10,11,3,82.75096774,82.75096774,11/10/2024 3:00
2024,10,11,4,80.11032258,80.11032258,11/10/2024 4:00
2024,10,11,5,78.43032258,78.43032258,11/10/2024 5:00
2024,10,11,6,79.85225806,79.7483871,11/10/2024 6:00
2024,10,11,7,91.08064516,91.08064516,11/10/2024 7:00
2024,10,11,8,103.9383871,104.5732258,11/10/2024 8:00
2024,10,11,9,110.9393548,111.1787097,11/10/2024 9:00
2024,10,11,10,102.2109677,102.2109677,11/10/2024 10:00
2024,10,11,11,86.02967742,86.02967742,11/10/2024 11:00
2024,10,11,12,74.72870968,74.72870968,11/10/2024 12:00
2024,10,11,13,70.0016129,70.0016129,11/10/2024 13:00
2024,10,11,14,68.05451613,68.05451613,11/10/2024 14:00
2024,10,11,15,65.77451613,65.77451613,11/10/2024 15:00
2024,10,11,16,65.52,63.71354839,11/10/2024 16:00
2024,10,11,17,70.27064516,69.56419355,11/10/2024 17:00
2024,10,11,18,82.0583871,83.23032258,11/10/2024 18:00
2024,10,11,19,100.2248387,102.0648387,11/10/2024 19:00
2024,10,11,20,114.1054839,117.7370968,11/10/2024 20:00
2024,10,11,21,127.9219355,129.0574194,11/10/2024 21:00
2024,10,11,22,118.3109677,118.9535484,11/10/2024 22:00
2024,10,11,23,107.1670968,107.3674194,11/10/2024 23:00
2024,10,11,24,97.04516129,97.04516129,12/10/2024 0:00
2024,10,12,1,93.22580645,93.22580645,12/10/2024 1:00
2024,10,12,2,86.14903226,86.14903226,12/10/2024 2:00
2024,10,12,3,82.75096774,82.75096774,12/10/2024 3:00
2024,10,12,4,80.11032258,80.11032258,12/10/2024 4:00
2024,10,12,5,78.43032258,78.43032258,12/10/2024 5:00
2024,10,12,6,79.85225806,79.7483871,12/10/2024 6:00
2024,10,12,7,91.08064516,91.08064516,12/10/2024 7:00
2024,10,12,8,103.9383871,104.5732258,12/10/2024 8:00
2024,10,12,9,110.9393548,111.1787097,12/10/2024 9:00
2024,10,12,10,102.2109677,102.2109677,12/10/2024 10:00
2024,10,12,11,86.02967742,86.02967742,12/10/2024 11:00
2024,10,12,12,74.72870968,74.72870968,12/10/2024 12:00
2024,10,12,13,70.0016129,70.0016129,12/10/2024 13:00
2024,10,12,14,68.05451613,68.05451613,12/10/2024 14:00
2024,10,12,15,65.77451613,65.77451613,12/10/2024 15:00
2024,10,12,16,65.52,63.71354839,12/10/2024 16:00
2024,10,12,17,70.27064516,69.56419355,12/10/2024 17:00
2024,10,12,18,82.0583871,83.23032258,12/10/2024 18:00
2024,10,12,19,100.2248387,102.0648387,12/10/2024 19:00
2024,10,12,20,114.1054839,117.7370968,12/10/2024 20:00
2024,10,12,21,127.9219355,129.0574194,12/10/2024 21:00
2024,10,12,22,118.3109677,118.9535484,12/10/2024 22:00
2024,10,12,23,107.1670968,107.3674194,12/10/2024 23:00
2024,10,12,24,97.04516129,97.04516129,13/10/2024 0:00
2024,10,13,1,93.22580645,93.22580645,13/10/2024 1:00
2024,10,13,2,86.14903226,86.14903226,13/10/2024 2:00
2024,10,13,3,82.75096774,82.75096774,13/10/2024 3:00
2024,10,13,4,80.11032258,80.11032258,13/10/2024 4:00
2024,10,13,5,78.43032258,78.43032258,13/10/2024 5:00
2024,10,13,6,79.85225806,79.7483871,13/10/2024 6:00
2024,10,13,7,91.08064516,91.08064516,13/10/2024 7:00
2024,10,13,8,103.9383871,104.5732258,13/10/2024 8:00
2024,10,13,9,110.9393548,111.1787097,13/10/2024 9:00
2024,10,13,10,102.2109677,102.2109677,13/10/2024 10:00
2024,10,13,11,86.02967742,86.02967742,13/10/2024 11:00
2024,10,13,12,74.72870968,74.72870968,13/10/2024 12:00
2024,10,13,13,70.0016129,70.0016129,13/10/2024 13:00
2024,10,13,14,68.05451613,68.05451613,13/10/2024 14:00
2024,10,13,15,65.77451613,65.77451613,13/10/2024 15:00
2024,10,13,16,65.52,63.71354839,13/10/2024 16:00
2024,10,13,17,70.27064516,69.56419355,13/10/2024 17:00
2024,10,13,18,82.0583871,83.23032258,13/10/2024 18:00
2024,10,13,19,100.2248387,102.0648387,13/10/2024 19:00
2024,10,13,20,114.1054839,117.7370968,13/10/2024 20:00
2024,10,13,21,127.9219355,129.0574194,13/10/2024 21:00
2024,10,13,22,118.3109677,118.9535484,13/10/2024 22:00
2024,10,13,23,107.1670968,107.3674194,13/10/2024 23:00
2024,10,13,24,97.04516129,97.04516129,14/10/2024 0:00
2024,10,14,1,93.22580645,93.22580645,14/10/2024 1:00
2024,10,14,2,86.14903226,86.14903226,14/10/2024 2:00
2024,10,14,3,82.75096774,82.75096774,14/10/2024 3:00
2024,10,14,4,80.11032258,80.11032258,14/10/2024 4:00
2024,10,14,5,78.43032258,78.43032258,14/10/2024 5:00
2024,10,14,6,79.85225806,79.7483871,14/10/2024 6:00
2024,10,14,7,91.08064516,91.08064516,14/10/2024 7:00
2024,10,14,8,103.9383871,104.5732258,14/10/2024 8:00
2024,10,14,9,110.9393548,111.1787097,14/10/2024 9:00
2024,10,14,10,102.2109677,102.2109677,14/10/2024 10:00
2024,10,14,11,86.02967742,86.02967742,14/10/2024 11:00
2024,10,14,12,74.72870968,74.72870968,14/10/2024 12:00
2024,10,14,13,70.0016129,70.0016129,14/10/2024 13:00
2024,10,14,14,68.05451613,68.05451613,14/10/2024 14:00
2024,10,14,15,65.77451613,65.77451613,14/10/2024 15:00
2024,10,14,16,65.52,63.71354839,14/10/2024 16:00
2024,10,14,17,70.27064516,69.56419355,14/10/2024 17:00
2024,10,14,18,82.0583871,83.23032258,14/10/2024 18:00
2024,10,14,19,100.2248387,102.0648387,14/10/2024 19:00
2024,10,14,20,114.1054839,117.7370968,14/10/2024 20:00
2024,10,14,21,127.9219355,129.0574194,14/10/2024 21:00
2024,10,14,22,118.3109677,118.9535484,14/10/2024 22:00
2024,10,14,23,107.1670968,107.3674194,14/10/2024 23:00
2024,10,14,24,97.04516129,97.04516129,15/10/2024 0:00
2024,10,15,1,93.22580645,93.22580645,15/10/2024 1:00
2024,10,15,2,86.14903226,86.14903226,15/10/2024 2:00
2024,10,15,3,82.75096774,82.75096774,15/10/2024 3:00
2024,10,15,4,80.11032258,80.11032258,15/10/2024 4:00
2024,10,15,5,78.43032258,78.43032258,15/10/2024 5:00
2024,10,15,6,79.85225806,79.7483871,15/10/2024 6:00
2024,10,15,7,91.08064516,91.08064516,15/10/2024 7:00
2024,10,15,8,103.9383871,104.5732258,15/10/2024 8:00
2024,10,15,9,110.9393548,111.1787097,15/10/2024 9:00
2024,10,15,10,102.2109677,102.2109677,15/10/2024 10:00
2024,10,15,11,86.02967742,86.02967742,15/10/2024 11:00
2024,10,15,12,74.72870968,74.72870968,15/10/2024 12:00
2024,10,15,13,70.0016129,70.0016129,15/10/2024 13:00
2024,10,15,14,68.05451613,68.05451613,15/10/2024 14:00
2024,10,15,15,65.77451613,65.77451613,15/10/2024 15:00
2024,10,15,16,65.52,63.71354839,15/10/2024 16:00
2024,10,15,17,70.27064516,69.56419355,15/10/2024 17:00
2024,10,15,18,82.0583871,83.23032258,15/10/2024 18:00
2024,10,15,19,100.2248387,102.0648387,15/10/2024 19:00
2024,10,15,20,114.1054839,117.7370968,15/10/2024 20:00
2024,10,15,21,127.9219355,129.0574194,15/10/2024 21:00
2024,10,15,22,118.3109677,118.9535484,15/10/2024 22:00
2024,10,15,23,107.1670968,107.3674194,15/10/2024 23:00
2024,10,15,24,97.04516129,97.04516129,16/10/2024 0:00
2024,10,16,1,93.22580645,93.22580645,16/10/2024 1:00
2024,10,16,2,86.14903226,86.14903226,16/10/2024 2:00
2024,10,16,3,82.75096774,82.75096774,16/10/2024 3:00
2024,10,16,4,80.11032258,80.11032258,16/10/2024 4:00
2024,10,16,5,78.43032258,78.43032258,16/10/2024 5:00
2024,10,16,6,79.85225806,79.7483871,16/10/2024 6:00
2024,10,16,7,91.08064516,91.08064516,16/10/2024 7:00
2024,10,16,8,103.9383871,104.5732258,16/10/2024 8:00
2024,10,16,9,110.9393548,111.1787097,16/10/2024 9:00
2024,10,16,10,102.2109677,102.2109677,16/10/2024 10:00
2024,10,16,11,86.02967742,86.02967742,16/10/2024 11:00
2024,10,16,12,74.72870968,74.72870968,16/10/2024 12:00
2024,10,16,13,70.0016129,70.0016129,16/10/2024 13:00
2024,10,16,14,68.05451613,68.05451613,16/10/2024 14:00
2024,10,16,15,65.77451613,65.77451613,16/10/2024 15:00
2024,10,16,16,65.52,63.71354839,16/10/2024 16:00
2024,10,16,17,70.27064516,69.56419355,16/10/2024 17:00
2024,10,16,18,82.0583871,83.23032258,16/10/2024 18:00
2024,10,16,19,100.2248387,102.0648387,16/10/2024 19:00
2024,10,16,20,114.1054839,117.7370968,16/10/2024 20:00
2024,10,16,21,127.9219355,129.0574194,16/10/2024 21:00
2024,10,16,22,118.3109677,118.9535484,16/10/2024 22:00
2024,10,16,23,107.1670968,107.3674194,16/10/2024 23:00
2024,10,16,24,97.04516129,97.04516129,17/10/2024 0:00
2024,10,17,1,93.22580645,93.22580645,17/10/2024 1:00
2024,10,17,2,86.14903226,86.14903226,17/10/2024 2:00
2024,10,17,3,82.75096774,82.75096774,17/10/2024 3:00
2024,10,17,4,80.11032258,80.11032258,17/10/2024 4:00
2024,10,17,5,78.43032258,78.43032258,17/10/2024 5:00
2024,10,17,6,79.85225806,79.7483871,17/10/2024 6:00
2024,10,17,7,91.08064516,91.08064516,17/10/2024 7:00
2024,10,17,8,103.9383871,104.5732258,17/10/2024 8:00
2024,10,17,9,110.9393548,111.1787097,17/10/2024 9:00
2024,10,17,10,102.2109677,102.2109677,17/10/2024 10:00
2024,10,17,11,86.02967742,86.02967742,17/10/2024 11:00
2024,10,17,12,74.72870968,74.72870968,17/10/2024 12:00
2024,10,17,13,70.0016129,70.0016129,17/10/2024 13:00
2024,10,17,14,68.05451613,68.05451613,17/10/2024 14:00
2024,10,17,15,65.77451613,65.77451613,17/10/2024 15:00
2024,10,17,16,65.52,63.71354839,17/10/2024 16:00
2024,10,17,17,70.27064516,69.56419355,17/10/2024 17:00
2024,10,17,18,82.0583871,83.23032258,17/10/2024 18:00
2024,10,17,19,100.2248387,102.0648387,17/10/2024 19:00
2024,10,17,20,114.1054839,117.7370968,17/10/2024 20:00
2024,10,17,21,127.9219355,129.0574194,17/10/2024 21:00
2024,10,17,22,118.3109677,118.9535484,17/10/2024 22:00
2024,10,17,23,107.1670968,107.3674194,17/10/2024 23:00
2024,10,17,24,97.04516129,97.04516129,18/10/2024 0:00
2024,10,18,1,93.22580645,93.22580645,18/10/2024 1:00
2024,10,18,2,86.14903226,86.14903226,18/10/2024 2:00
2024,10,18,3,82.75096774,82.75096774,18/10/2024 3:00
2024,10,18,4,80.11032258,80.11032258,18/10/2024 4:00
2024,10,18,5,78.43032258,78.43032258,18/10/2024 5:00
2024,10,18,6,79.85225806,79.7483871,18/10/2024 6:00
2024,10,18,7,91.08064516,91.08064516,18/10/2024 7:00
2024,10,18,8,103.9383871,104.5732258,18/10/2024 8:00
2024,10,18,9,110.9393548,111.1787097,18/10/2024 9:00
2024,10,18,10,102.2109677,102.2109677,18/10/2024 10:00
2024,10,18,11,86.02967742,86.02967742,18/10/2024 11:00
2024,10,18,12,74.72870968,74.72870968,18/10/2024 12:00
2024,10,18,13,70.0016129,70.0016129,18/10/2024 13:00
2024,10,18,14,68.05451613,68.05451613,18/10/2024 14:00
2024,10,18,15,65.77451613,65.77451613,18/10/2024 15:00
2024,10,18,16,65.52,63.71354839,18/10/2024 16:00
2024,10,18,17,70.27064516,69.56419355,18/10/2024 17:00
2024,10,18,18,82.0583871,83.23032258,18/10/2024 18:00
2024,10,18,19,100.2248387,102.0648387,18/10/2024 19:00
2024,10,18,20,114.1054839,117.7370968,18/10/2024 20:00
2024,10,18,21,127.9219355,129.0574194,18/10/2024 21:00
2024,10,18,22,118.3109677,118.9535484,18/10/2024 22:00
2024,10,18,23,107.1670968,107.3674194,18/10/2024 23:00
2024,10,18,24,97.04516129,97.04516129,19/10/2024 0:00
2024,10,19,1,93.22580645,93.22580645,19/10/2024 1:00
2024,10,19,2,86.14903226,86.14903226,19/10/2024 2:00
2024,10,19,3,82.75096774,82.75096774,19/10/2024 3:00
2024,10,19,4,80.11032258,80.11032258,19/10/2024 4:00
2024,10,19,5,78.43032258,78.43032258,19/10/2024 5:00
2024,10,19,6,79.85225806,79.7483871,19/10/2024 6:00
2024,10,19,7,91.08064516,91.08064516,19/10/2024 7:00
2024,10,19,8,103.9383871,104.5732258,19/10/2024 8:00
2024,10,19,9,110.9393548,111.1787097,19/10/2024 9:00
2024,10,19,10,102.2109677,102.2109677,19/10/2024 10:00
2024,10,19,11,86.02967742,86.02967742,19/10/2024 11:00
2024,10,19,12,74.72870968,74.72870968,19/10/2024 12:00
2024,10,19,13,70.0016129,70.0016129,19/10/2024 13:00
2024,10,19,14,68.05451613,68.05451613,19/10/2024 14:00
2024,10,19,15,65.77451613,65.77451613,19/10/2024 15:00
2024,10,19,16,65.52,63.71354839,19/10/2024 16:00
2024,10,19,17,70.27064516,69.56419355,19/10/2024 17:00
2024,10,19,18,82.0583871,83.23032258,19/10/2024 18:00
2024,10,19,19,100.2248387,102.0648387,19/10/2024 19:00
2024,10,19,20,114.1054839,117.7370968,19/10/2024 20:00
2024,10,19,21,127.9219355,129.0574194,19/10/2024 21:00
2024,10,19,22,118.3109677,118.9535484,19/10/2024 22:00
2024,10,19,23,107.1670968,107.3674194,19/10/2024 23:00
2024,10,19,24,97.04516129,97.04516129,20/10/2024 0:00
2024,10,20,1,93.22580645,93.22580645,20/10/2024 1:00
2024,10,20,2,86.14903226,86.14903226,20/10/2024 2:00
2024,10,20,3,82.75096774,82.75096774,20/10/2024 3:00
2024,10,20,4,80.11032258,80.11032258,20/10/2024 4:00
2024,10,20,5,78.43032258,78.43032258,20/10/2024 5:00
2024,10,20,6,79.85225806,79.7483871,20/10/2024 6:00
2024,10,20,7,91.08064516,91.08064516,20/10/2024 7:00
2024,10,20,8,103.9383871,104.5732258,20/10/2024 8:00
2024,10,20,9,110.9393548,111.1787097,20/10/2024 9:00
2024,10,20,10,102.2109677,102.2109677,20/10/2024 10:00
2024,10,20,11,86.02967742,86.02967742,20/10/2024 11:00
2024,10,20,12,74.72870968,74.72870968,20/10/2024 12:00
2024,10,20,13,70.0016129,70.0016129,20/10/2024 13:00
2024,10,20,14,68.05451613,68.05451613,20/10/2024 14:00
2024,10,20,15,65.77451613,65.77451613,20/10/2024 15:00
2024,10,20,16,65.52,63.71354839,20/10/2024 16:00
2024,10,20,17,70.27064516,69.56419355,20/10/2024 17:00
2024,10,20,18,82.0583871,83.23032258,20/10/2024 18:00
2024,10,20,19,100.2248387,102.0648387,20/10/2024 19:00
2024,10,20,20,114.1054839,117.7370968,20/10/2024 20:00
2024,10,20,21,127.9219355,129.0574194,20/10/2024 21:00
2024,10,20,22,118.3109677,118.9535484,20/10/2024 22:00
2024,10,20,23,107.1670968,107.3674194,20/10/2024 23:00
2024,10,20,24,97.04516129,97.04516129,21/10/2024 0:00
2024,10,21,1,93.22580645,93.22580645,21/10/2024 1:00
2024,10,21,2,86.14903226,86.14903226,21/10/2024 2:00
2024,10,21,3,82.75096774,82.75096774,21/10/2024 3:00
2024,10,21,4,80.11032258,80.11032258,21/10/2024 4:00
2024,10,21,5,78.43032258,78.43032258,21/10/2024 5:00
2024,10,21,6,79.85225806,79.7483871,21/10/2024 6:00
2024,10,21,7,91.08064516,91.08064516,21/10/2024 7:00
2024,10,21,8,103.9383871,104.5732258,21/10/2024 8:00
2024,10,21,9,110.9393548,111.1787097,21/10/2024 9:00
2024,10,21,10,102.2109677,102.2109677,21/10/2024 10:00
2024,10,21,11,86.02967742,86.02967742,21/10/2024 11:00
2024,10,21,12,74.72870968,74.72870968,21/10/2024 12:00
2024,10,21,13,70.0016129,70.0016129,21/10/2024 13:00
2024,10,21,14,68.05451613,68.05451613,21/10/2024 14:00
2024,10,21,15,65.77451613,65.77451613,21/10/2024 15:00
2024,10,21,16,65.52,63.71354839,21/10/2024 16:00
2024,10,21,17,70.27064516,69.56419355,21/10/2024 17:00
2024,10,21,18,82.0583871,83.23032258,21/10/2024 18:00
2024,10,21,19,100.2248387,102.0648387,21/10/2024 19:00
2024,10,21,20,114.1054839,117.7370968,21/10/2024 20:00
2024,10,21,21,127.9219355,129.0574194,21/10/2024 21:00
2024,10,21,22,118.3109677,118.9535484,21/10/2024 22:00
2024,10,21,23,107.1670968,107.3674194,21/10/2024 23:00
2024,10,21,24,97.04516129,97.04516129,22/10/2024 0:00
2024,10,22,1,93.22580645,93.22580645,22/10/2024 1:00
2024,10,22,2,86.14903226,86.14903226,22/10/2024 2:00
2024,10,22,3,82.75096774,82.75096774,22/10/2024 3:00
2024,10,22,4,80.11032258,80.11032258,22/10/2024 4:00
2024,10,22,5,78.43032258,78.43032258,22/10/2024 5:00
2024,10,22,6,79.85225806,79.7483871,22/10/2024 6:00
2024,10,22,7,91.08064516,91.08064516,22/10/2024 7:00
2024,10,22,8,103.9383871,104.5732258,22/10/2024 8:00
2024,10,22,9,110.9393548,111.1787097,22/10/2024 9:00
2024,10,22,10,102.2109677,102.2109677,22/10/2024 10:00
2024,10,22,11,86.02967742,86.02967742,22/10/2024 11:00
2024,10,22,12,74.72870968,74.72870968,22/10/2024 12:00
2024,10,22,13,70.0016129,70.0016129,22/10/2024 13:00
2024,10,22,14,68.05451613,68.05451613,22/10/2024 14:00
2024,10,22,15,65.77451613,65.77451613,22/10/2024 15:00
2024,10,22,16,65.52,63.71354839,22/10/2024 16:00
2024,10,22,17,70.27064516,69.56419355,22/10/2024 17:00
2024,10,22,18,82.0583871,83.23032258,22/10/2024 18:00
2024,10,22,19,100.2248387,102.0648387,22/10/2024 19:00
2024,10,22,20,114.1054839,117.7370968,22/10/2024 20:00
2024,10,22,21,127.9219355,129.0574194,22/10/2024 21:00
2024,10,22,22,118.3109677,118.9535484,22/10/2024 22:00
2024,10,22,23,107.1670968,107.3674194,22/10/2024 23:00
2024,10,22,24,97.04516129,97.04516129,23/10/2024 0:00
2024,10,23,1,93.22580645,93.22580645,23/10/2024 1:00
2024,10,23,2,86.14903226,86.14903226,23/10/2024 2:00
2024,10,23,3,82.75096774,82.75096774,23/10/2024 3:00
2024,10,23,4,80.11032258,80.11032258,23/10/2024 4:00
2024,10,23,5,78.43032258,78.43032258,23/10/2024 5:00
2024,10,23,6,79.85225806,79.7483871,23/10/2024 6:00
2024,10,23,7,91.08064516,91.08064516,23/10/2024 7:00
2024,10,23,8,103.9383871,104.5732258,23/10/2024 8:00
2024,10,23,9,110.9393548,111.1787097,23/10/2024 9:00
2024,10,23,10,102.2109677,102.2109677,23/10/2024 10:00
2024,10,23,11,86.02967742,86.02967742,23/10/2024 11:00
2024,10,23,12,74.72870968,74.72870968,23/10/2024 12:00
2024,10,23,13,70.0016129,70.0016129,23/10/2024 13:00
2024,10,23,14,68.05451613,68.05451613,23/10/2024 14:00
2024,10,23,15,65.77451613,65.77451613,23/10/2024 15:00
2024,10,23,16,65.52,63.71354839,23/10/2024 16:00
2024,10,23,17,70.27064516,69.56419355,23/10/2024 17:00
2024,10,23,18,82.0583871,83.23032258,23/10/2024 18:00
2024,10,23,19,100.2248387,102.0648387,23/10/2024 19:00
2024,10,23,20,114.1054839,117.7370968,23/10/2024 20:00
2024,10,23,21,127.9219355,129.0574194,23/10/2024 21:00
2024,10,23,22,118.3109677,118.9535484,23/10/2024 22:00
2024,10,23,23,107.1670968,107.3674194,23/10/2024 23:00
2024,10,23,24,97.04516129,97.04516129,24/10/2024 0:00
2024,10,24,1,93.22580645,93.22580645,24/10/2024 1:00
2024,10,24,2,86.14903226,86.14903226,24/10/2024 2:00
2024,10,24,3,82.75096774,82.75096774,24/10/2024 3:00
2024,10,24,4,80.11032258,80.11032258,24/10/2024 4:00
2024,10,24,5,78.43032258,78.43032258,24/10/2024 5:00
2024,10,24,6,79.85225806,79.7483871,24/10/2024 6:00
2024,10,24,7,91.08064516,91.08064516,24/10/2024 7:00
2024,10,24,8,103.9383871,104.5732258,24/10/2024 8:00
2024,10,24,9,110.9393548,111.1787097,24/10/2024 9:00
2024,10,24,10,102.2109677,102.2109677,24/10/2024 10:00
2024,10,24,11,86.02967742,86.02967742,24/10/2024 11:00
2024,10,24,12,74.72870968,74.72870968,24/10/2024 12:00
2024,10,24,13,70.0016129,70.0016129,24/10/2024 13:00
2024,10,24,14,68.05451613,68.05451613,24/10/2024 14:00
2024,10,24,15,65.77451613,65.77451613,24/10/2024 15:00
2024,10,24,16,65.52,63.71354839,24/10/2024 16:00
2024,10,24,17,70.27064516,69.56419355,24/10/2024 17:00
2024,10,24,18,82.0583871,83.23032258,24/10/2024 18:00
2024,10,24,19,100.2248387,102.0648387,24/10/2024 19:00
2024,10,24,20,114.1054839,117.7370968,24/10/2024 20:00
2024,10,24,21,127.9219355,129.0574194,24/10/2024 21:00
2024,10,24,22,118.3109677,118.9535484,24/10/2024 22:00
2024,10,24,23,107.1670968,107.3674194,24/10/2024 23:00
2024,10,24,24,97.04516129,97.04516129,25/10/2024 0:00
2024,10,25,1,93.22580645,93.22580645,25/10/2024 1:00
2024,10,25,2,86.14903226,86.14903226,25/10/2024 2:00
2024,10,25,3,82.75096774,82.75096774,25/10/2024 3:00
2024,10,25,4,80.11032258,80.11032258,25/10/2024 4:00
2024,10,25,5,78.43032258,78.43032258,25/10/2024 5:00
2024,10,25,6,79.85225806,79.7483871,25/10/2024 6:00
2024,10,25,7,91.08064516,91.08064516,25/10/2024 7:00
2024,10,25,8,103.9383871,104.5732258,25/10/2024 8:00
2024,10,25,9,110.9393548,111.1787097,25/10/2024 9:00
2024,10,25,10,102.2109677,102.2109677,25/10/2024 10:00
2024,10,25,11,86.02967742,86.02967742,25/10/2024 11:00
2024,10,25,12,74.72870968,74.72870968,25/10/2024 12:00
2024,10,25,13,70.0016129,70.0016129,25/10/2024 13:00
2024,10,25,14,68.05451613,68.05451613,25/10/2024 14:00
2024,10,25,15,65.77451613,65.77451613,25/10/2024 15:00
2024,10,25,16,65.52,63.71354839,25/10/2024 16:00
2024,10,25,17,70.27064516,69.56419355,25/10/2024 17:00
2024,10,25,18,82.0583871,83.23032258,25/10/2024 18:00
2024,10,25,19,100.2248387,102.0648387,25/10/2024 19:00
2024,10,25,20,114.1054839,117.7370968,25/10/2024 20:00
2024,10,25,21,127.9219355,129.0574194,25/10/2024 21:00
2024,10,25,22,118.3109677,118.9535484,25/10/2024 22:00
2024,10,25,23,107.1670968,107.3674194,25/10/2024 23:00
2024,10,25,24,97.04516129,97.04516129,26/10/2024 0:00
2024,10,26,1,93.22580645,93.22580645,26/10/2024 1:00
2024,10,26,2,86.14903226,86.14903226,26/10/2024 2:00
2024,10,26,3,82.75096774,82.75096774,26/10/2024 3:00
2024,10,26,4,80.11032258,80.11032258,26/10/2024 4:00
2024,10,26,5,78.43032258,78.43032258,26/10/2024 5:00
2024,10,26,6,79.85225806,79.7483871,26/10/2024 6:00
2024,10,26,7,91.08064516,91.08064516,26/10/2024 7:00
2024,10,26,8,103.9383871,104.5732258,26/10/2024 8:00
2024,10,26,9,110.9393548,111.1787097,26/10/2024 9:00
2024,10,26,10,102.2109677,102.2109677,26/10/2024 10:00
2024,10,26,11,86.02967742,86.02967742,26/10/2024 11:00
2024,10,26,12,74.72870968,74.72870968,26/10/2024 12:00
2024,10,26,13,70.0016129,70.0016129,26/10/2024 13:00
2024,10,26,14,68.05451613,68.05451613,26/10/2024 14:00
2024,10,26,15,65.77451613,65.77451613,26/10/2024 15:00
2024,10,26,16,65.52,63.71354839,26/10/2024 16:00
2024,10,26,17,70.27064516,69.56419355,26/10/2024 17:00
2024,10,26,18,82.0583871,83.23032258,26/10/2024 18:00
2024,10,26,19,100.2248387,102.0648387,26/10/2024 19:00
2024,10,26,20,114.1054839,117.7370968,26/10/2024 20:00
2024,10,26,21,127.9219355,129.0574194,26/10/2024 21:00
2024,10,26,22,118.3109677,118.9535484,26/10/2024 22:00
2024,10,26,23,107.1670968,107.3674194,26/10/2024 23:00
2024,10,26,24,97.04516129,97.04516129,27/10/2024 0:00
2024,10,27,1,93.22580645,93.22580645,27/10/2024 1:00
2024,10,27,2,86.14903226,86.14903226,27/10/2024 2:00
2024,10,27,3,82.75096774,82.75096774,27/10/2024 3:00
2024,10,27,4,80.11032258,80.11032258,27/10/2024 4:00
2024,10,27,5,78.43032258,78.43032258,27/10/2024 5:00
2024,10,27,6,79.85225806,79.7483871,27/10/2024 6:00
2024,10,27,7,91.08064516,91.08064516,27/10/2024 7:00
2024,10,27,8,103.9383871,104.5732258,27/10/2024 8:00
2024,10,27,9,110.9393548,111.1787097,27/10/2024 9:00
2024,10,27,10,102.2109677,102.2109677,27/10/2024 10:00
2024,10,27,11,86.02967742,86.02967742,27/10/2024 11:00
2024,10,27,12,74.72870968,74.72870968,27/10/2024 12:00
2024,10,27,13,70.0016129,70.0016129,27/10/2024 13:00
2024,10,27,14,68.05451613,68.05451613,27/10/2024 14:00
2024,10,27,15,65.77451613,65.77451613,27/10/2024 15:00
2024,10,27,16,65.52,63.71354839,27/10/2024 16:00
2024,10,27,17,70.27064516,69.56419355,27/10/2024 17:00
2024,10,27,18,82.0583871,83.23032258,27/10/2024 18:00
2024,10,27,19,100.2248387,102.0648387,27/10/2024 19:00
2024,10,27,20,114.1054839,117.7370968,27/10/2024 20:00
2024,10,27,21,127.9219355,129.0574194,27/10/2024 21:00
2024,10,27,22,118.3109677,118.9535484,27/10/2024 22:00
2024,10,27,23,107.1670968,107.3674194,27/10/2024 23:00
2024,10,27,24,97.04516129,97.04516129,28/10/2024 0:00
2024,10,28,1,93.22580645,93.22580645,28/10/2024 1:00
2024,10,28,2,86.14903226,86.14903226,28/10/2024 2:00
2024,10,28,3,82.75096774,82.75096774,28/10/2024 3:00
2024,10,28,4,80.11032258,80.11032258,28/10/2024 4:00
2024,10,28,5,78.43032258,78.43032258,28/10/2024 5:00
2024,10,28,6,79.85225806,79.7483871,28/10/2024 6:00
2024,10,28,7,91.08064516,91.08064516,28/10/2024 7:00
2024,10,28,8,103.9383871,104.5732258,28/10/2024 8:00
2024,10,28,9,110.9393548,111.1787097,28/10/2024 9:00
2024,10,28,10,102.2109677,102.2109677,28/10/2024 10:00
2024,10,28,11,86.02967742,86.02967742,28/10/2024 11:00
2024,10,28,12,74.72870968,74.72870968,28/10/2024 12:00
2024,10,28,13,70.0016129,70.0016129,28/10/2024 13:00
2024,10,28,14,68.05451613,68.05451613,28/10/2024 14:00
2024,10,28,15,65.77451613,65.77451613,28/10/2024 15:00
2024,10,28,16,65.52,63.71354839,28/10/2024 16:00
2024,10,28,17,70.27064516,69.56419355,28/10/2024 17:00
2024,10,28,18,82.0583871,83.23032258,28/10/2024 18:00
2024,10,28,19,100.2248387,102.0648387,28/10/2024 19:00
2024,10,28,20,114.1054839,117.7370968,28/10/2024 20:00
2024,10,28,21,127.9219355,129.0574194,28/10/2024 21:00
2024,10,28,22,118.3109677,118.9535484,28/10/2024 22:00
2024,10,28,23,107.1670968,107.3674194,28/10/2024 23:00
2024,10,28,24,97.04516129,97.04516129,29/10/2024 0:00
2024,10,29,1,93.22580645,93.22580645,29/10/2024 1:00
2024,10,29,2,86.14903226,86.14903226,29/10/2024 2:00
2024,10,29,3,82.75096774,82.75096774,29/10/2024 3:00
2024,10,29,4,80.11032258,80.11032258,29/10/2024 4:00
2024,10,29,5,78.43032258,78.43032258,29/10/2024 5:00
2024,10,29,6,79.85225806,79.7483871,29/10/2024 6:00
2024,10,29,7,91.08064516,91.08064516,29/10/2024 7:00
2024,10,29,8,103.9383871,104.5732258,29/10/2024 8:00
2024,10,29,9,110.9393548,111.1787097,29/10/2024 9:00
2024,10,29,10,102.2109677,102.2109677,29/10/2024 10:00
2024,10,29,11,86.02967742,86.02967742,29/10/2024 11:00
2024,10,29,12,74.72870968,74.72870968,29/10/2024 12:00
2024,10,29,13,70.0016129,70.0016129,29/10/2024 13:00
2024,10,29,14,68.05451613,68.05451613,29/10/2024 14:00
2024,10,29,15,65.77451613,65.77451613,29/10/2024 15:00
2024,10,29,16,65.52,63.71354839,29/10/2024 16:00
2024,10,29,17,70.27064516,69.56419355,29/10/2024 17:00
2024,10,29,18,82.0583871,83.23032258,29/10/2024 18:00
2024,10,29,19,100.2248387,102.0648387,29/10/2024 19:00
2024,10,29,20,114.1054839,117.7370968,29/10/2024 20:00
2024,10,29,21,127.9219355,129.0574194,29/10/2024 21:00
2024,10,29,22,118.3109677,118.9535484,29/10/2024 22:00
2024,10,29,23,107.1670968,107.3674194,29/10/2024 23:00
2024,10,29,24,97.04516129,97.04516129,30/10/2024 0:00
2024,10,30,1,93.22580645,93.22580645,30/10/2024 1:00
2024,10,30,2,86.14903226,86.14903226,30/10/2024 2:00
2024,10,30,3,82.75096774,82.75096774,30/10/2024 3:00
2024,10,30,4,80.11032258,80.11032258,30/10/2024 4:00
2024,10,30,5,78.43032258,78.43032258,30/10/2024 5:00
2024,10,30,6,79.85225806,79.7483871,30/10/2024 6:00
2024,10,30,7,91.08064516,91.08064516,30/10/2024 7:00
2024,10,30,8,103.9383871,104.5732258,30/10/2024 8:00
2024,10,30,9,110.9393548,111.1787097,30/10/2024 9:00
2024,10,30,10,102.2109677,102.2109677,30/10/2024 10:00
2024,10,30,11,86.02967742,86.02967742,30/10/2024 11:00
2024,10,30,12,74.72870968,74.72870968,30/10/2024 12:00
2024,10,30,13,70.0016129,70.0016129,30/10/2024 13:00
2024,10,30,14,68.05451613,68.05451613,30/10/2024 14:00
2024,10,30,15,65.77451613,65.77451613,30/10/2024 15:00
2024,10,30,16,65.52,63.71354839,30/10/2024 16:00
2024,10,30,17,70.27064516,69.56419355,30/10/2024 17:00
2024,10,30,18,82.0583871,83.23032258,30/10/2024 18:00
2024,10,30,19,100.2248387,102.0648387,30/10/2024 19:00
2024,10,30,20,114.1054839,117.7370968,30/10/2024 20:00
2024,10,30,21,127.9219355,129.0574194,30/10/2024 21:00
2024,10,30,22,118.3109677,118.9535484,30/10/2024 22:00
2024,10,30,23,107.1670968,107.3674194,30/10/2024 23:00
2024,10,30,24,97.04516129,97.04516129,31/10/2024 0:00
2024,10,31,1,93.22580645,93.22580645,31/10/2024 1:00
2024,10,31,2,86.14903226,86.14903226,31/10/2024 2:00
2024,10,31,3,82.75096774,82.75096774,31/10/2024 3:00
2024,10,31,4,80.11032258,80.11032258,31/10/2024 4:00
2024,10,31,5,78.43032258,78.43032258,31/10/2024 5:00
2024,10,31,6,79.85225806,79.7483871,31/10/2024 6:00
2024,10,31,7,91.08064516,91.08064516,31/10/2024 7:00
2024,10,31,8,103.9383871,104.5732258,31/10/2024 8:00
2024,10,31,9,110.9393548,111.1787097,31/10/2024 9:00
2024,10,31,10,102.2109677,102.2109677,31/10/2024 10:00
2024,10,31,11,86.02967742,86.02967742,31/10/2024 11:00
2024,10,31,12,74.72870968,74.72870968,31/10/2024 12:00
2024,10,31,13,70.0016129,70.0016129,31/10/2024 13:00
2024,10,31,14,68.05451613,68.05451613,31/10/2024 14:00
2024,10,31,15,65.77451613,65.77451613,31/10/2024 15:00
2024,10,31,16,65.52,63.71354839,31/10/2024 16:00
2024,10,31,17,70.27064516,69.56419355,31/10/2024 17:00
2024,10,31,18,82.0583871,83.23032258,31/10/2024 18:00
2024,10,31,19,100.2248387,102.0648387,31/10/2024 19:00
2024,10,31,20,114.1054839,117.7370968,31/10/2024 20:00
2024,10,31,21,127.9219355,129.0574194,31/10/2024 21:00
2024,10,31,22,118.3109677,118.9535484,31/10/2024 22:00
2024,10,31,23,107.1670968,107.3674194,31/10/2024 23:00
2024,10,31,24,97.04516129,97.04516129,01/11/2024 0:00
2024,11,1,1,56.78166667,56.78166667,01/11/2024 1:00
2024,11,1,2,51.72833333,51.72833333,01/11/2024 2:00
2024,11,1,3,48.43566667,48.43566667,01/11/2024 3:00
2024,11,1,4,47.02,47.02,01/11/2024 4:00
2024,11,1,5,46.52766667,46.52766667,01/11/2024 5:00
2024,11,1,6,50.57066667,50.57066667,01/11/2024 6:00
2024,11,1,7,59.537,59.81466667,01/11/2024 7:00
2024,11,1,8,72.24133333,74.25133333,01/11/2024 8:00
2024,11,1,9,77.716,79.28266667,01/11/2024 9:00
2024,11,1,10,66.004,66.004,01/11/2024 10:00
2024,11,1,11,56.418,56.418,01/11/2024 11:00
2024,11,1,12,51.20266667,51.20266667,01/11/2024 12:00
2024,11,1,13,50.026,50.026,01/11/2024 13:00
2024,11,1,14,48.49166667,48.49166667,01/11/2024 14:00
2024,11,1,15,46.79133333,46.79133333,01/11/2024 15:00
2024,11,1,16,49.097,49.097,01/11/2024 16:00
2024,11,1,17,61.72433333,61.72433333,01/11/2024 17:00
2024,11,1,18,78.375,79.02166667,01/11/2024 18:00
2024,11,1,19,92.12033333,92.12033333,01/11/2024 19:00
2024,11,1,20,94.52166667,94.52166667,01/11/2024 20:00
2024,11,1,21,92.166,92.166,01/11/2024 21:00
2024,11,1,22,82.79166667,82.79166667,01/11/2024 22:00
2024,11,1,23,73.12866667,73.12866667,01/11/2024 23:00
2024,11,1,24,64.77766667,64.77766667,02/11/2024 0:00
2024,11,2,1,56.78166667,56.78166667,02/11/2024 1:00
2024,11,2,2,51.72833333,51.72833333,02/11/2024 2:00
2024,11,2,3,48.43566667,48.43566667,02/11/2024 3:00
2024,11,2,4,47.02,47.02,02/11/2024 4:00
2024,11,2,5,46.52766667,46.52766667,02/11/2024 5:00
2024,11,2,6,50.57066667,50.57066667,02/11/2024 6:00
2024,11,2,7,59.537,59.81466667,02/11/2024 7:00
2024,11,2,8,72.24133333,74.25133333,02/11/2024 8:00
2024,11,2,9,77.716,79.28266667,02/11/2024 9:00
2024,11,2,10,66.004,66.004,02/11/2024 10:00
2024,11,2,11,56.418,56.418,02/11/2024 11:00
2024,11,2,12,51.20266667,51.20266667,02/11/2024 12:00
2024,11,2,13,50.026,50.026,02/11/2024 13:00
2024,11,2,14,48.49166667,48.49166667,02/11/2024 14:00
2024,11,2,15,46.79133333,46.79133333,02/11/2024 15:00
2024,11,2,16,49.097,49.097,02/11/2024 16:00
2024,11,2,17,61.72433333,61.72433333,02/11/2024 17:00
2024,11,2,18,78.375,79.02166667,02/11/2024 18:00
2024,11,2,19,92.12033333,92.12033333,02/11/2024 19:00
2024,11,2,20,94.52166667,94.52166667,02/11/2024 20:00
2024,11,2,21,92.166,92.166,02/11/2024 21:00
2024,11,2,22,82.79166667,82.79166667,02/11/2024 22:00
2024,11,2,23,73.12866667,73.12866667,02/11/2024 23:00
2024,11,2,24,64.77766667,64.77766667,03/11/2024 0:00
2024,11,3,1,56.78166667,56.78166667,03/11/2024 1:00
2024,11,3,2,51.72833333,51.72833333,03/11/2024 2:00
2024,11,3,3,48.43566667,48.43566667,03/11/2024 3:00
2024,11,3,4,47.02,47.02,03/11/2024 4:00
2024,11,3,5,46.52766667,46.52766667,03/11/2024 5:00
2024,11,3,6,50.57066667,50.57066667,03/11/2024 6:00
2024,11,3,7,59.537,59.81466667,03/11/2024 7:00
2024,11,3,8,72.24133333,74.25133333,03/11/2024 8:00
2024,11,3,9,77.716,79.28266667,03/11/2024 9:00
2024,11,3,10,66.004,66.004,03/11/2024 10:00
2024,11,3,11,56.418,56.418,03/11/2024 11:00
2024,11,3,12,51.20266667,51.20266667,03/11/2024 12:00
2024,11,3,13,50.026,50.026,03/11/2024 13:00
2024,11,3,14,48.49166667,48.49166667,03/11/2024 14:00
2024,11,3,15,46.79133333,46.79133333,03/11/2024 15:00
2024,11,3,16,49.097,49.097,03/11/2024 16:00
2024,11,3,17,61.72433333,61.72433333,03/11/2024 17:00
2024,11,3,18,78.375,79.02166667,03/11/2024 18:00
2024,11,3,19,92.12033333,92.12033333,03/11/2024 19:00
2024,11,3,20,94.52166667,94.52166667,03/11/2024 20:00
2024,11,3,21,92.166,92.166,03/11/2024 21:00
2024,11,3,22,82.79166667,82.79166667,03/11/2024 22:00
2024,11,3,23,73.12866667,73.12866667,03/11/2024 23:00
2024,11,3,24,64.77766667,64.77766667,04/11/2024 0:00
2024,11,4,1,56.78166667,56.78166667,04/11/2024 1:00
2024,11,4,2,51.72833333,51.72833333,04/11/2024 2:00
2024,11,4,3,48.43566667,48.43566667,04/11/2024 3:00
2024,11,4,4,47.02,47.02,04/11/2024 4:00
2024,11,4,5,46.52766667,46.52766667,04/11/2024 5:00
2024,11,4,6,50.57066667,50.57066667,04/11/2024 6:00
2024,11,4,7,59.537,59.81466667,04/11/2024 7:00
2024,11,4,8,72.24133333,74.25133333,04/11/2024 8:00
2024,11,4,9,77.716,79.28266667,04/11/2024 9:00
2024,11,4,10,66.004,66.004,04/11/2024 10:00
2024,11,4,11,56.418,56.418,04/11/2024 11:00
2024,11,4,12,51.20266667,51.20266667,04/11/2024 12:00
2024,11,4,13,50.026,50.026,04/11/2024 13:00
2024,11,4,14,48.49166667,48.49166667,04/11/2024 14:00
2024,11,4,15,46.79133333,46.79133333,04/11/2024 15:00
2024,11,4,16,49.097,49.097,04/11/2024 16:00
2024,11,4,17,61.72433333,61.72433333,04/11/2024 17:00
2024,11,4,18,78.375,79.02166667,04/11/2024 18:00
2024,11,4,19,92.12033333,92.12033333,04/11/2024 19:00
2024,11,4,20,94.52166667,94.52166667,04/11/2024 20:00
2024,11,4,21,92.166,92.166,04/11/2024 21:00
2024,11,4,22,82.79166667,82.79166667,04/11/2024 22:00
2024,11,4,23,73.12866667,73.12866667,04/11/2024 23:00
2024,11,4,24,64.77766667,64.77766667,05/11/2024 0:00
2024,11,5,1,56.78166667,56.78166667,05/11/2024 1:00
2024,11,5,2,51.72833333,51.72833333,05/11/2024 2:00
2024,11,5,3,48.43566667,48.43566667,05/11/2024 3:00
2024,11,5,4,47.02,47.02,05/11/2024 4:00
2024,11,5,5,46.52766667,46.52766667,05/11/2024 5:00
2024,11,5,6,50.57066667,50.57066667,05/11/2024 6:00
2024,11,5,7,59.537,59.81466667,05/11/2024 7:00
2024,11,5,8,72.24133333,74.25133333,05/11/2024 8:00
2024,11,5,9,77.716,79.28266667,05/11/2024 9:00
2024,11,5,10,66.004,66.004,05/11/2024 10:00
2024,11,5,11,56.418,56.418,05/11/2024 11:00
2024,11,5,12,51.20266667,51.20266667,05/11/2024 12:00
2024,11,5,13,50.026,50.026,05/11/2024 13:00
2024,11,5,14,48.49166667,48.49166667,05/11/2024 14:00
2024,11,5,15,46.79133333,46.79133333,05/11/2024 15:00
2024,11,5,16,49.097,49.097,05/11/2024 16:00
2024,11,5,17,61.72433333,61.72433333,05/11/2024 17:00
2024,11,5,18,78.375,79.02166667,05/11/2024 18:00
2024,11,5,19,92.12033333,92.12033333,05/11/2024 19:00
2024,11,5,20,94.52166667,94.52166667,05/11/2024 20:00
2024,11,5,21,92.166,92.166,05/11/2024 21:00
2024,11,5,22,82.79166667,82.79166667,05/11/2024 22:00
2024,11,5,23,73.12866667,73.12866667,05/11/2024 23:00
2024,11,5,24,64.77766667,64.77766667,06/11/2024 0:00
2024,11,6,1,56.78166667,56.78166667,06/11/2024 1:00
2024,11,6,2,51.72833333,51.72833333,06/11/2024 2:00
2024,11,6,3,48.43566667,48.43566667,06/11/2024 3:00
2024,11,6,4,47.02,47.02,06/11/2024 4:00
2024,11,6,5,46.52766667,46.52766667,06/11/2024 5:00
2024,11,6,6,50.57066667,50.57066667,06/11/2024 6:00
2024,11,6,7,59.537,59.81466667,06/11/2024 7:00
2024,11,6,8,72.24133333,74.25133333,06/11/2024 8:00
2024,11,6,9,77.716,79.28266667,06/11/2024 9:00
2024,11,6,10,66.004,66.004,06/11/2024 10:00
2024,11,6,11,56.418,56.418,06/11/2024 11:00
2024,11,6,12,51.20266667,51.20266667,06/11/2024 12:00
2024,11,6,13,50.026,50.026,06/11/2024 13:00
2024,11,6,14,48.49166667,48.49166667,06/11/2024 14:00
2024,11,6,15,46.79133333,46.79133333,06/11/2024 15:00
2024,11,6,16,49.097,49.097,06/11/2024 16:00
2024,11,6,17,61.72433333,61.72433333,06/11/2024 17:00
2024,11,6,18,78.375,79.02166667,06/11/2024 18:00
2024,11,6,19,92.12033333,92.12033333,06/11/2024 19:00
2024,11,6,20,94.52166667,94.52166667,06/11/2024 20:00
2024,11,6,21,92.166,92.166,06/11/2024 21:00
2024,11,6,22,82.79166667,82.79166667,06/11/2024 22:00
2024,11,6,23,73.12866667,73.12866667,06/11/2024 23:00
2024,11,6,24,64.77766667,64.77766667,07/11/2024 0:00
2024,11,7,1,56.78166667,56.78166667,07/11/2024 1:00
2024,11,7,2,51.72833333,51.72833333,07/11/2024 2:00
2024,11,7,3,48.43566667,48.43566667,07/11/2024 3:00
2024,11,7,4,47.02,47.02,07/11/2024 4:00
2024,11,7,5,46.52766667,46.52766667,07/11/2024 5:00
2024,11,7,6,50.57066667,50.57066667,07/11/2024 6:00
2024,11,7,7,59.537,59.81466667,07/11/2024 7:00
2024,11,7,8,72.24133333,74.25133333,07/11/2024 8:00
2024,11,7,9,77.716,79.28266667,07/11/2024 9:00
2024,11,7,10,66.004,66.004,07/11/2024 10:00
2024,11,7,11,56.418,56.418,07/11/2024 11:00
2024,11,7,12,51.20266667,51.20266667,07/11/2024 12:00
2024,11,7,13,50.026,50.026,07/11/2024 13:00
2024,11,7,14,48.49166667,48.49166667,07/11/2024 14:00
2024,11,7,15,46.79133333,46.79133333,07/11/2024 15:00
2024,11,7,16,49.097,49.097,07/11/2024 16:00
2024,11,7,17,61.72433333,61.72433333,07/11/2024 17:00
2024,11,7,18,78.375,79.02166667,07/11/2024 18:00
2024,11,7,19,92.12033333,92.12033333,07/11/2024 19:00
2024,11,7,20,94.52166667,94.52166667,07/11/2024 20:00
2024,11,7,21,92.166,92.166,07/11/2024 21:00
2024,11,7,22,82.79166667,82.79166667,07/11/2024 22:00
2024,11,7,23,73.12866667,73.12866667,07/11/2024 23:00
2024,11,7,24,64.77766667,64.77766667,08/11/2024 0:00
2024,11,8,1,56.78166667,56.78166667,08/11/2024 1:00
2024,11,8,2,51.72833333,51.72833333,08/11/2024 2:00
2024,11,8,3,48.43566667,48.43566667,08/11/2024 3:00
2024,11,8,4,47.02,47.02,08/11/2024 4:00
2024,11,8,5,46.52766667,46.52766667,08/11/2024 5:00
2024,11,8,6,50.57066667,50.57066667,08/11/2024 6:00
2024,11,8,7,59.537,59.81466667,08/11/2024 7:00
2024,11,8,8,72.24133333,74.25133333,08/11/2024 8:00
2024,11,8,9,77.716,79.28266667,08/11/2024 9:00
2024,11,8,10,66.004,66.004,08/11/2024 10:00
2024,11,8,11,56.418,56.418,08/11/2024 11:00
2024,11,8,12,51.20266667,51.20266667,08/11/2024 12:00
2024,11,8,13,50.026,50.026,08/11/2024 13:00
2024,11,8,14,48.49166667,48.49166667,08/11/2024 14:00
2024,11,8,15,46.79133333,46.79133333,08/11/2024 15:00
2024,11,8,16,49.097,49.097,08/11/2024 16:00
2024,11,8,17,61.72433333,61.72433333,08/11/2024 17:00
2024,11,8,18,78.375,79.02166667,08/11/2024 18:00
2024,11,8,19,92.12033333,92.12033333,08/11/2024 19:00
2024,11,8,20,94.52166667,94.52166667,08/11/2024 20:00
2024,11,8,21,92.166,92.166,08/11/2024 21:00
2024,11,8,22,82.79166667,82.79166667,08/11/2024 22:00
2024,11,8,23,73.12866667,73.12866667,08/11/2024 23:00
2024,11,8,24,64.77766667,64.77766667,09/11/2024 0:00
2024,11,9,1,56.78166667,56.78166667,09/11/2024 1:00
2024,11,9,2,51.72833333,51.72833333,09/11/2024 2:00
2024,11,9,3,48.43566667,48.43566667,09/11/2024 3:00
2024,11,9,4,47.02,47.02,09/11/2024 4:00
2024,11,9,5,46.52766667,46.52766667,09/11/2024 5:00
2024,11,9,6,50.57066667,50.57066667,09/11/2024 6:00
2024,11,9,7,59.537,59.81466667,09/11/2024 7:00
2024,11,9,8,72.24133333,74.25133333,09/11/2024 8:00
2024,11,9,9,77.716,79.28266667,09/11/2024 9:00
2024,11,9,10,66.004,66.004,09/11/2024 10:00
2024,11,9,11,56.418,56.418,09/11/2024 11:00
2024,11,9,12,51.20266667,51.20266667,09/11/2024 12:00
2024,11,9,13,50.026,50.026,09/11/2024 13:00
2024,11,9,14,48.49166667,48.49166667,09/11/2024 14:00
2024,11,9,15,46.79133333,46.79133333,09/11/2024 15:00
2024,11,9,16,49.097,49.097,09/11/2024 16:00
2024,11,9,17,61.72433333,61.72433333,09/11/2024 17:00
2024,11,9,18,78.375,79.02166667,09/11/2024 18:00
2024,11,9,19,92.12033333,92.12033333,09/11/2024 19:00
2024,11,9,20,94.52166667,94.52166667,09/11/2024 20:00
2024,11,9,21,92.166,92.166,09/11/2024 21:00
2024,11,9,22,82.79166667,82.79166667,09/11/2024 22:00
2024,11,9,23,73.12866667,73.12866667,09/11/2024 23:00
2024,11,9,24,64.77766667,64.77766667,10/11/2024 0:00
2024,11,10,1,56.78166667,56.78166667,10/11/2024 1:00
2024,11,10,2,51.72833333,51.72833333,10/11/2024 2:00
2024,11,10,3,48.43566667,48.43566667,10/11/2024 3:00
2024,11,10,4,47.02,47.02,10/11/2024 4:00
2024,11,10,5,46.52766667,46.52766667,10/11/2024 5:00
2024,11,10,6,50.57066667,50.57066667,10/11/2024 6:00
2024,11,10,7,59.537,59.81466667,10/11/2024 7:00
2024,11,10,8,72.24133333,74.25133333,10/11/2024 8:00
2024,11,10,9,77.716,79.28266667,10/11/2024 9:00
2024,11,10,10,66.004,66.004,10/11/2024 10:00
2024,11,10,11,56.418,56.418,10/11/2024 11:00
2024,11,10,12,51.20266667,51.20266667,10/11/2024 12:00
2024,11,10,13,50.026,50.026,10/11/2024 13:00
2024,11,10,14,48.49166667,48.49166667,10/11/2024 14:00
2024,11,10,15,46.79133333,46.79133333,10/11/2024 15:00
2024,11,10,16,49.097,49.097,10/11/2024 16:00
2024,11,10,17,61.72433333,61.72433333,10/11/2024 17:00
2024,11,10,18,78.375,79.02166667,10/11/2024 18:00
2024,11,10,19,92.12033333,92.12033333,10/11/2024 19:00
2024,11,10,20,94.52166667,94.52166667,10/11/2024 20:00
2024,11,10,21,92.166,92.166,10/11/2024 21:00
2024,11,10,22,82.79166667,82.79166667,10/11/2024 22:00
2024,11,10,23,73.12866667,73.12866667,10/11/2024 23:00
2024,11,10,24,64.77766667,64.77766667,11/11/2024 0:00
2024,11,11,1,56.78166667,56.78166667,11/11/2024 1:00
2024,11,11,2,51.72833333,51.72833333,11/11/2024 2:00
2024,11,11,3,48.43566667,48.43566667,11/11/2024 3:00
2024,11,11,4,47.02,47.02,11/11/2024 4:00
2024,11,11,5,46.52766667,46.52766667,11/11/2024 5:00
2024,11,11,6,50.57066667,50.57066667,11/11/2024 6:00
2024,11,11,7,59.537,59.81466667,11/11/2024 7:00
2024,11,11,8,72.24133333,74.25133333,11/11/2024 8:00
2024,11,11,9,77.716,79.28266667,11/11/2024 9:00
2024,11,11,10,66.004,66.004,11/11/2024 10:00
2024,11,11,11,56.418,56.418,11/11/2024 11:00
2024,11,11,12,51.20266667,51.20266667,11/11/2024 12:00
2024,11,11,13,50.026,50.026,11/11/2024 13:00
2024,11,11,14,48.49166667,48.49166667,11/11/2024 14:00
2024,11,11,15,46.79133333,46.79133333,11/11/2024 15:00
2024,11,11,16,49.097,49.097,11/11/2024 16:00
2024,11,11,17,61.72433333,61.72433333,11/11/2024 17:00
2024,11,11,18,78.375,79.02166667,11/11/2024 18:00
2024,11,11,19,92.12033333,92.12033333,11/11/2024 19:00
2024,11,11,20,94.52166667,94.52166667,11/11/2024 20:00
2024,11,11,21,92.166,92.166,11/11/2024 21:00
2024,11,11,22,82.79166667,82.79166667,11/11/2024 22:00
2024,11,11,23,73.12866667,73.12866667,11/11/2024 23:00
2024,11,11,24,64.77766667,64.77766667,12/11/2024 0:00
2024,11,12,1,56.78166667,56.78166667,12/11/2024 1:00
2024,11,12,2,51.72833333,51.72833333,12/11/2024 2:00
2024,11,12,3,48.43566667,48.43566667,12/11/2024 3:00
2024,11,12,4,47.02,47.02,12/11/2024 4:00
2024,11,12,5,46.52766667,46.52766667,12/11/2024 5:00
2024,11,12,6,50.57066667,50.57066667,12/11/2024 6:00
2024,11,12,7,59.537,59.81466667,12/11/2024 7:00
2024,11,12,8,72.24133333,74.25133333,12/11/2024 8:00
2024,11,12,9,77.716,79.28266667,12/11/2024 9:00
2024,11,12,10,66.004,66.004,12/11/2024 10:00
2024,11,12,11,56.418,56.418,12/11/2024 11:00
2024,11,12,12,51.20266667,51.20266667,12/11/2024 12:00
2024,11,12,13,50.026,50.026,12/11/2024 13:00
2024,11,12,14,48.49166667,48.49166667,12/11/2024 14:00
2024,11,12,15,46.79133333,46.79133333,12/11/2024 15:00
2024,11,12,16,49.097,49.097,12/11/2024 16:00
2024,11,12,17,61.72433333,61.72433333,12/11/2024 17:00
2024,11,12,18,78.375,79.02166667,12/11/2024 18:00
2024,11,12,19,92.12033333,92.12033333,12/11/2024 19:00
2024,11,12,20,94.52166667,94.52166667,12/11/2024 20:00
2024,11,12,21,92.166,92.166,12/11/2024 21:00
2024,11,12,22,82.79166667,82.79166667,12/11/2024 22:00
2024,11,12,23,73.12866667,73.12866667,12/11/2024 23:00
2024,11,12,24,64.77766667,64.77766667,13/11/2024 0:00
2024,11,13,1,56.78166667,56.78166667,13/11/2024 1:00
2024,11,13,2,51.72833333,51.72833333,13/11/2024 2:00
2024,11,13,3,48.43566667,48.43566667,13/11/2024 3:00
2024,11,13,4,47.02,47.02,13/11/2024 4:00
2024,11,13,5,46.52766667,46.52766667,13/11/2024 5:00
2024,11,13,6,50.57066667,50.57066667,13/11/2024 6:00
2024,11,13,7,59.537,59.81466667,13/11/2024 7:00
2024,11,13,8,72.24133333,74.25133333,13/11/2024 8:00
2024,11,13,9,77.716,79.28266667,13/11/2024 9:00
2024,11,13,10,66.004,66.004,13/11/2024 10:00
2024,11,13,11,56.418,56.418,13/11/2024 11:00
2024,11,13,12,51.20266667,51.20266667,13/11/2024 12:00
2024,11,13,13,50.026,50.026,13/11/2024 13:00
2024,11,13,14,48.49166667,48.49166667,13/11/2024 14:00
2024,11,13,15,46.79133333,46.79133333,13/11/2024 15:00
2024,11,13,16,49.097,49.097,13/11/2024 16:00
2024,11,13,17,61.72433333,61.72433333,13/11/2024 17:00
2024,11,13,18,78.375,79.02166667,13/11/2024 18:00
2024,11,13,19,92.12033333,92.12033333,13/11/2024 19:00
2024,11,13,20,94.52166667,94.52166667,13/11/2024 20:00
2024,11,13,21,92.166,92.166,13/11/2024 21:00
2024,11,13,22,82.79166667,82.79166667,13/11/2024 22:00
2024,11,13,23,73.12866667,73.12866667,13/11/2024 23:00
2024,11,13,24,64.77766667,64.77766667,14/11/2024 0:00
2024,11,14,1,56.78166667,56.78166667,14/11/2024 1:00
2024,11,14,2,51.72833333,51.72833333,14/11/2024 2:00
2024,11,14,3,48.43566667,48.43566667,14/11/2024 3:00
2024,11,14,4,47.02,47.02,14/11/2024 4:00
2024,11,14,5,46.52766667,46.52766667,14/11/2024 5:00
2024,11,14,6,50.57066667,50.57066667,14/11/2024 6:00
2024,11,14,7,59.537,59.81466667,14/11/2024 7:00
2024,11,14,8,72.24133333,74.25133333,14/11/2024 8:00
2024,11,14,9,77.716,79.28266667,14/11/2024 9:00
2024,11,14,10,66.004,66.004,14/11/2024 10:00
2024,11,14,11,56.418,56.418,14/11/2024 11:00
2024,11,14,12,51.20266667,51.20266667,14/11/2024 12:00
2024,11,14,13,50.026,50.026,14/11/2024 13:00
2024,11,14,14,48.49166667,48.49166667,14/11/2024 14:00
2024,11,14,15,46.79133333,46.79133333,14/11/2024 15:00
2024,11,14,16,49.097,49.097,14/11/2024 16:00
2024,11,14,17,61.72433333,61.72433333,14/11/2024 17:00
2024,11,14,18,78.375,79.02166667,14/11/2024 18:00
2024,11,14,19,92.12033333,92.12033333,14/11/2024 19:00
2024,11,14,20,94.52166667,94.52166667,14/11/2024 20:00
2024,11,14,21,92.166,92.166,14/11/2024 21:00
2024,11,14,22,82.79166667,82.79166667,14/11/2024 22:00
2024,11,14,23,73.12866667,73.12866667,14/11/2024 23:00
2024,11,14,24,64.77766667,64.77766667,15/11/2024 0:00
2024,11,15,1,56.78166667,56.78166667,15/11/2024 1:00
2024,11,15,2,51.72833333,51.72833333,15/11/2024 2:00
2024,11,15,3,48.43566667,48.43566667,15/11/2024 3:00
2024,11,15,4,47.02,47.02,15/11/2024 4:00
2024,11,15,5,46.52766667,46.52766667,15/11/2024 5:00
2024,11,15,6,50.57066667,50.57066667,15/11/2024 6:00
2024,11,15,7,59.537,59.81466667,15/11/2024 7:00
2024,11,15,8,72.24133333,74.25133333,15/11/2024 8:00
2024,11,15,9,77.716,79.28266667,15/11/2024 9:00
2024,11,15,10,66.004,66.004,15/11/2024 10:00
2024,11,15,11,56.418,56.418,15/11/2024 11:00
2024,11,15,12,51.20266667,51.20266667,15/11/2024 12:00
2024,11,15,13,50.026,50.026,15/11/2024 13:00
2024,11,15,14,48.49166667,48.49166667,15/11/2024 14:00
2024,11,15,15,46.79133333,46.79133333,15/11/2024 15:00
2024,11,15,16,49.097,49.097,15/11/2024 16:00
2024,11,15,17,61.72433333,61.72433333,15/11/2024 17:00
2024,11,15,18,78.375,79.02166667,15/11/2024 18:00
2024,11,15,19,92.12033333,92.12033333,15/11/2024 19:00
2024,11,15,20,94.52166667,94.52166667,15/11/2024 20:00
2024,11,15,21,92.166,92.166,15/11/2024 21:00
2024,11,15,22,82.79166667,82.79166667,15/11/2024 22:00
2024,11,15,23,73.12866667,73.12866667,15/11/2024 23:00
2024,11,15,24,64.77766667,64.77766667,16/11/2024 0:00
2024,11,16,1,56.78166667,56.78166667,16/11/2024 1:00
2024,11,16,2,51.72833333,51.72833333,16/11/2024 2:00
2024,11,16,3,48.43566667,48.43566667,16/11/2024 3:00
2024,11,16,4,47.02,47.02,16/11/2024 4:00
2024,11,16,5,46.52766667,46.52766667,16/11/2024 5:00
2024,11,16,6,50.57066667,50.57066667,16/11/2024 6:00
2024,11,16,7,59.537,59.81466667,16/11/2024 7:00
2024,11,16,8,72.24133333,74.25133333,16/11/2024 8:00
2024,11,16,9,77.716,79.28266667,16/11/2024 9:00
2024,11,16,10,66.004,66.004,16/11/2024 10:00
2024,11,16,11,56.418,56.418,16/11/2024 11:00
2024,11,16,12,51.20266667,51.20266667,16/11/2024 12:00
2024,11,16,13,50.026,50.026,16/11/2024 13:00
2024,11,16,14,48.49166667,48.49166667,16/11/2024 14:00
2024,11,16,15,46.79133333,46.79133333,16/11/2024 15:00
2024,11,16,16,49.097,49.097,16/11/2024 16:00
2024,11,16,17,61.72433333,61.72433333,16/11/2024 17:00
2024,11,16,18,78.375,79.02166667,16/11/2024 18:00
2024,11,16,19,92.12033333,92.12033333,16/11/2024 19:00
2024,11,16,20,94.52166667,94.52166667,16/11/2024 20:00
2024,11,16,21,92.166,92.166,16/11/2024 21:00
2024,11,16,22,82.79166667,82.79166667,16/11/2024 22:00
2024,11,16,23,73.12866667,73.12866667,16/11/2024 23:00
2024,11,16,24,64.77766667,64.77766667,17/11/2024 0:00
2024,11,17,1,56.78166667,56.78166667,17/11/2024 1:00
2024,11,17,2,51.72833333,51.72833333,17/11/2024 2:00
2024,11,17,3,48.43566667,48.43566667,17/11/2024 3:00
2024,11,17,4,47.02,47.02,17/11/2024 4:00
2024,11,17,5,46.52766667,46.52766667,17/11/2024 5:00
2024,11,17,6,50.57066667,50.57066667,17/11/2024 6:00
2024,11,17,7,59.537,59.81466667,17/11/2024 7:00
2024,11,17,8,72.24133333,74.25133333,17/11/2024 8:00
2024,11,17,9,77.716,79.28266667,17/11/2024 9:00
2024,11,17,10,66.004,66.004,17/11/2024 10:00
2024,11,17,11,56.418,56.418,17/11/2024 11:00
2024,11,17,12,51.20266667,51.20266667,17/11/2024 12:00
2024,11,17,13,50.026,50.026,17/11/2024 13:00
2024,11,17,14,48.49166667,48.49166667,17/11/2024 14:00
2024,11,17,15,46.79133333,46.79133333,17/11/2024 15:00
2024,11,17,16,49.097,49.097,17/11/2024 16:00
2024,11,17,17,61.72433333,61.72433333,17/11/2024 17:00
2024,11,17,18,78.375,79.02166667,17/11/2024 18:00
2024,11,17,19,92.12033333,92.12033333,17/11/2024 19:00
2024,11,17,20,94.52166667,94.52166667,17/11/2024 20:00
2024,11,17,21,92.166,92.166,17/11/2024 21:00
2024,11,17,22,82.79166667,82.79166667,17/11/2024 22:00
2024,11,17,23,73.12866667,73.12866667,17/11/2024 23:00
2024,11,17,24,64.77766667,64.77766667,18/11/2024 0:00
2024,11,18,1,56.78166667,56.78166667,18/11/2024 1:00
2024,11,18,2,51.72833333,51.72833333,18/11/2024 2:00
2024,11,18,3,48.43566667,48.43566667,18/11/2024 3:00
2024,11,18,4,47.02,47.02,18/11/2024 4:00
2024,11,18,5,46.52766667,46.52766667,18/11/2024 5:00
2024,11,18,6,50.57066667,50.57066667,18/11/2024 6:00
2024,11,18,7,59.537,59.81466667,18/11/2024 7:00
2024,11,18,8,72.24133333,74.25133333,18/11/2024 8:00
2024,11,18,9,77.716,79.28266667,18/11/2024 9:00
2024,11,18,10,66.004,66.004,18/11/2024 10:00
2024,11,18,11,56.418,56.418,18/11/2024 11:00
2024,11,18,12,51.20266667,51.20266667,18/11/2024 12:00
2024,11,18,13,50.026,50.026,18/11/2024 13:00
2024,11,18,14,48.49166667,48.49166667,18/11/2024 14:00
2024,11,18,15,46.79133333,46.79133333,18/11/2024 15:00
2024,11,18,16,49.097,49.097,18/11/2024 16:00
2024,11,18,17,61.72433333,61.72433333,18/11/2024 17:00
2024,11,18,18,78.375,79.02166667,18/11/2024 18:00
2024,11,18,19,92.12033333,92.12033333,18/11/2024 19:00
2024,11,18,20,94.52166667,94.52166667,18/11/2024 20:00
2024,11,18,21,92.166,92.166,18/11/2024 21:00
2024,11,18,22,82.79166667,82.79166667,18/11/2024 22:00
2024,11,18,23,73.12866667,73.12866667,18/11/2024 23:00
2024,11,18,24,64.77766667,64.77766667,19/11/2024 0:00
2024,11,19,1,56.78166667,56.78166667,19/11/2024 1:00
2024,11,19,2,51.72833333,51.72833333,19/11/2024 2:00
2024,11,19,3,48.43566667,48.43566667,19/11/2024 3:00
2024,11,19,4,47.02,47.02,19/11/2024 4:00
2024,11,19,5,46.52766667,46.52766667,19/11/2024 5:00
2024,11,19,6,50.57066667,50.57066667,19/11/2024 6:00
2024,11,19,7,59.537,59.81466667,19/11/2024 7:00
2024,11,19,8,72.24133333,74.25133333,19/11/2024 8:00
2024,11,19,9,77.716,79.28266667,19/11/2024 9:00
2024,11,19,10,66.004,66.004,19/11/2024 10:00
2024,11,19,11,56.418,56.418,19/11/2024 11:00
2024,11,19,12,51.20266667,51.20266667,19/11/2024 12:00
2024,11,19,13,50.026,50.026,19/11/2024 13:00
2024,11,19,14,48.49166667,48.49166667,19/11/2024 14:00
2024,11,19,15,46.79133333,46.79133333,19/11/2024 15:00
2024,11,19,16,49.097,49.097,19/11/2024 16:00
2024,11,19,17,61.72433333,61.72433333,19/11/2024 17:00
2024,11,19,18,78.375,79.02166667,19/11/2024 18:00
2024,11,19,19,92.12033333,92.12033333,19/11/2024 19:00
2024,11,19,20,94.52166667,94.52166667,19/11/2024 20:00
2024,11,19,21,92.166,92.166,19/11/2024 21:00
2024,11,19,22,82.79166667,82.79166667,19/11/2024 22:00
2024,11,19,23,73.12866667,73.12866667,19/11/2024 23:00
2024,11,19,24,64.77766667,64.77766667,20/11/2024 0:00
2024,11,20,1,56.78166667,56.78166667,20/11/2024 1:00
2024,11,20,2,51.72833333,51.72833333,20/11/2024 2:00
2024,11,20,3,48.43566667,48.43566667,20/11/2024 3:00
2024,11,20,4,47.02,47.02,20/11/2024 4:00
2024,11,20,5,46.52766667,46.52766667,20/11/2024 5:00
2024,11,20,6,50.57066667,50.57066667,20/11/2024 6:00
2024,11,20,7,59.537,59.81466667,20/11/2024 7:00
2024,11,20,8,72.24133333,74.25133333,20/11/2024 8:00
2024,11,20,9,77.716,79.28266667,20/11/2024 9:00
2024,11,20,10,66.004,66.004,20/11/2024 10:00
2024,11,20,11,56.418,56.418,20/11/2024 11:00
2024,11,20,12,51.20266667,51.20266667,20/11/2024 12:00
2024,11,20,13,50.026,50.026,20/11/2024 13:00
2024,11,20,14,48.49166667,48.49166667,20/11/2024 14:00
2024,11,20,15,46.79133333,46.79133333,20/11/2024 15:00
2024,11,20,16,49.097,49.097,20/11/2024 16:00
2024,11,20,17,61.72433333,61.72433333,20/11/2024 17:00
2024,11,20,18,78.375,79.02166667,20/11/2024 18:00
2024,11,20,19,92.12033333,92.12033333,20/11/2024 19:00
2024,11,20,20,94.52166667,94.52166667,20/11/2024 20:00
2024,11,20,21,92.166,92.166,20/11/2024 21:00
2024,11,20,22,82.79166667,82.79166667,20/11/2024 22:00
2024,11,20,23,73.12866667,73.12866667,20/11/2024 23:00
2024,11,20,24,64.77766667,64.77766667,21/11/2024 0:00
2024,11,21,1,56.78166667,56.78166667,21/11/2024 1:00
2024,11,21,2,51.72833333,51.72833333,21/11/2024 2:00
2024,11,21,3,48.43566667,48.43566667,21/11/2024 3:00
2024,11,21,4,47.02,47.02,21/11/2024 4:00
2024,11,21,5,46.52766667,46.52766667,21/11/2024 5:00
2024,11,21,6,50.57066667,50.57066667,21/11/2024 6:00
2024,11,21,7,59.537,59.81466667,21/11/2024 7:00
2024,11,21,8,72.24133333,74.25133333,21/11/2024 8:00
2024,11,21,9,77.716,79.28266667,21/11/2024 9:00
2024,11,21,10,66.004,66.004,21/11/2024 10:00
2024,11,21,11,56.418,56.418,21/11/2024 11:00
2024,11,21,12,51.20266667,51.20266667,21/11/2024 12:00
2024,11,21,13,50.026,50.026,21/11/2024 13:00
2024,11,21,14,48.49166667,48.49166667,21/11/2024 14:00
2024,11,21,15,46.79133333,46.79133333,21/11/2024 15:00
2024,11,21,16,49.097,49.097,21/11/2024 16:00
2024,11,21,17,61.72433333,61.72433333,21/11/2024 17:00
2024,11,21,18,78.375,79.02166667,21/11/2024 18:00
2024,11,21,19,92.12033333,92.12033333,21/11/2024 19:00
2024,11,21,20,94.52166667,94.52166667,21/11/2024 20:00
2024,11,21,21,92.166,92.166,21/11/2024 21:00
2024,11,21,22,82.79166667,82.79166667,21/11/2024 22:00
2024,11,21,23,73.12866667,73.12866667,21/11/2024 23:00
2024,11,21,24,64.77766667,64.77766667,22/11/2024 0:00
2024,11,22,1,56.78166667,56.78166667,22/11/2024 1:00
2024,11,22,2,51.72833333,51.72833333,22/11/2024 2:00
2024,11,22,3,48.43566667,48.43566667,22/11/2024 3:00
2024,11,22,4,47.02,47.02,22/11/2024 4:00
2024,11,22,5,46.52766667,46.52766667,22/11/2024 5:00
2024,11,22,6,50.57066667,50.57066667,22/11/2024 6:00
2024,11,22,7,59.537,59.81466667,22/11/2024 7:00
2024,11,22,8,72.24133333,74.25133333,22/11/2024 8:00
2024,11,22,9,77.716,79.28266667,22/11/2024 9:00
2024,11,22,10,66.004,66.004,22/11/2024 10:00
2024,11,22,11,56.418,56.418,22/11/2024 11:00
2024,11,22,12,51.20266667,51.20266667,22/11/2024 12:00
2024,11,22,13,50.026,50.026,22/11/2024 13:00
2024,11,22,14,48.49166667,48.49166667,22/11/2024 14:00
2024,11,22,15,46.79133333,46.79133333,22/11/2024 15:00
2024,11,22,16,49.097,49.097,22/11/2024 16:00
2024,11,22,17,61.72433333,61.72433333,22/11/2024 17:00
2024,11,22,18,78.375,79.02166667,22/11/2024 18:00
2024,11,22,19,92.12033333,92.12033333,22/11/2024 19:00
2024,11,22,20,94.52166667,94.52166667,22/11/2024 20:00
2024,11,22,21,92.166,92.166,22/11/2024 21:00
2024,11,22,22,82.79166667,82.79166667,22/11/2024 22:00
2024,11,22,23,73.12866667,73.12866667,22/11/2024 23:00
2024,11,22,24,64.77766667,64.77766667,23/11/2024 0:00
2024,11,23,1,56.78166667,56.78166667,23/11/2024 1:00
2024,11,23,2,51.72833333,51.72833333,23/11/2024 2:00
2024,11,23,3,48.43566667,48.43566667,23/11/2024 3:00
2024,11,23,4,47.02,47.02,23/11/2024 4:00
2024,11,23,5,46.52766667,46.52766667,23/11/2024 5:00
2024,11,23,6,50.57066667,50.57066667,23/11/2024 6:00
2024,11,23,7,59.537,59.81466667,23/11/2024 7:00
2024,11,23,8,72.24133333,74.25133333,23/11/2024 8:00
2024,11,23,9,77.716,79.28266667,23/11/2024 9:00
2024,11,23,10,66.004,66.004,23/11/2024 10:00
2024,11,23,11,56.418,56.418,23/11/2024 11:00
2024,11,23,12,51.20266667,51.20266667,23/11/2024 12:00
2024,11,23,13,50.026,50.026,23/11/2024 13:00
2024,11,23,14,48.49166667,48.49166667,23/11/2024 14:00
2024,11,23,15,46.79133333,46.79133333,23/11/2024 15:00
2024,11,23,16,49.097,49.097,23/11/2024 16:00
2024,11,23,17,61.72433333,61.72433333,23/11/2024 17:00
2024,11,23,18,78.375,79.02166667,23/11/2024 18:00
2024,11,23,19,92.12033333,92.12033333,23/11/2024 19:00
2024,11,23,20,94.52166667,94.52166667,23/11/2024 20:00
2024,11,23,21,92.166,92.166,23/11/2024 21:00
2024,11,23,22,82.79166667,82.79166667,23/11/2024 22:00
2024,11,23,23,73.12866667,73.12866667,23/11/2024 23:00
2024,11,23,24,64.77766667,64.77766667,24/11/2024 0:00
2024,11,24,1,56.78166667,56.78166667,24/11/2024 1:00
2024,11,24,2,51.72833333,51.72833333,24/11/2024 2:00
2024,11,24,3,48.43566667,48.43566667,24/11/2024 3:00
2024,11,24,4,47.02,47.02,24/11/2024 4:00
2024,11,24,5,46.52766667,46.52766667,24/11/2024 5:00
2024,11,24,6,50.57066667,50.57066667,24/11/2024 6:00
2024,11,24,7,59.537,59.81466667,24/11/2024 7:00
2024,11,24,8,72.24133333,74.25133333,24/11/2024 8:00
2024,11,24,9,77.716,79.28266667,24/11/2024 9:00
2024,11,24,10,66.004,66.004,24/11/2024 10:00
2024,11,24,11,56.418,56.418,24/11/2024 11:00
2024,11,24,12,51.20266667,51.20266667,24/11/2024 12:00
2024,11,24,13,50.026,50.026,24/11/2024 13:00
2024,11,24,14,48.49166667,48.49166667,24/11/2024 14:00
2024,11,24,15,46.79133333,46.79133333,24/11/2024 15:00
2024,11,24,16,49.097,49.097,24/11/2024 16:00
2024,11,24,17,61.72433333,61.72433333,24/11/2024 17:00
2024,11,24,18,78.375,79.02166667,24/11/2024 18:00
2024,11,24,19,92.12033333,92.12033333,24/11/2024 19:00
2024,11,24,20,94.52166667,94.52166667,24/11/2024 20:00
2024,11,24,21,92.166,92.166,24/11/2024 21:00
2024,11,24,22,82.79166667,82.79166667,24/11/2024 22:00
2024,11,24,23,73.12866667,73.12866667,24/11/2024 23:00
2024,11,24,24,64.77766667,64.77766667,25/11/2024 0:00
2024,11,25,1,56.78166667,56.78166667,25/11/2024 1:00
2024,11,25,2,51.72833333,51.72833333,25/11/2024 2:00
2024,11,25,3,48.43566667,48.43566667,25/11/2024 3:00
2024,11,25,4,47.02,47.02,25/11/2024 4:00
2024,11,25,5,46.52766667,46.52766667,25/11/2024 5:00
2024,11,25,6,50.57066667,50.57066667,25/11/2024 6:00
2024,11,25,7,59.537,59.81466667,25/11/2024 7:00
2024,11,25,8,72.24133333,74.25133333,25/11/2024 8:00
2024,11,25,9,77.716,79.28266667,25/11/2024 9:00
2024,11,25,10,66.004,66.004,25/11/2024 10:00
2024,11,25,11,56.418,56.418,25/11/2024 11:00
2024,11,25,12,51.20266667,51.20266667,25/11/2024 12:00
2024,11,25,13,50.026,50.026,25/11/2024 13:00
2024,11,25,14,48.49166667,48.49166667,25/11/2024 14:00
2024,11,25,15,46.79133333,46.79133333,25/11/2024 15:00
2024,11,25,16,49.097,49.097,25/11/2024 16:00
2024,11,25,17,61.72433333,61.72433333,25/11/2024 17:00
2024,11,25,18,78.375,79.02166667,25/11/2024 18:00
2024,11,25,19,92.12033333,92.12033333,25/11/2024 19:00
2024,11,25,20,94.52166667,94.52166667,25/11/2024 20:00
2024,11,25,21,92.166,92.166,25/11/2024 21:00
2024,11,25,22,82.79166667,82.79166667,25/11/2024 22:00
2024,11,25,23,73.12866667,73.12866667,25/11/2024 23:00
2024,11,25,24,64.77766667,64.77766667,26/11/2024 0:00
2024,11,26,1,56.78166667,56.78166667,26/11/2024 1:00
2024,11,26,2,51.72833333,51.72833333,26/11/2024 2:00
2024,11,26,3,48.43566667,48.43566667,26/11/2024 3:00
2024,11,26,4,47.02,47.02,26/11/2024 4:00
2024,11,26,5,46.52766667,46.52766667,26/11/2024 5:00
2024,11,26,6,50.57066667,50.57066667,26/11/2024 6:00
2024,11,26,7,59.537,59.81466667,26/11/2024 7:00
2024,11,26,8,72.24133333,74.25133333,26/11/2024 8:00
2024,11,26,9,77.716,79.28266667,26/11/2024 9:00
2024,11,26,10,66.004,66.004,26/11/2024 10:00
2024,11,26,11,56.418,56.418,26/11/2024 11:00
2024,11,26,12,51.20266667,51.20266667,26/11/2024 12:00
2024,11,26,13,50.026,50.026,26/11/2024 13:00
2024,11,26,14,48.49166667,48.49166667,26/11/2024 14:00
2024,11,26,15,46.79133333,46.79133333,26/11/2024 15:00
2024,11,26,16,49.097,49.097,26/11/2024 16:00
2024,11,26,17,61.72433333,61.72433333,26/11/2024 17:00
2024,11,26,18,78.375,79.02166667,26/11/2024 18:00
2024,11,26,19,92.12033333,92.12033333,26/11/2024 19:00
2024,11,26,20,94.52166667,94.52166667,26/11/2024 20:00
2024,11,26,21,92.166,92.166,26/11/2024 21:00
2024,11,26,22,82.79166667,82.79166667,26/11/2024 22:00
2024,11,26,23,73.12866667,73.12866667,26/11/2024 23:00
2024,11,26,24,64.77766667,64.77766667,27/11/2024 0:00
2024,11,27,1,56.78166667,56.78166667,27/11/2024 1:00
2024,11,27,2,51.72833333,51.72833333,27/11/2024 2:00
2024,11,27,3,48.43566667,48.43566667,27/11/2024 3:00
2024,11,27,4,47.02,47.02,27/11/2024 4:00
2024,11,27,5,46.52766667,46.52766667,27/11/2024 5:00
2024,11,27,6,50.57066667,50.57066667,27/11/2024 6:00
2024,11,27,7,59.537,59.81466667,27/11/2024 7:00
2024,11,27,8,72.24133333,74.25133333,27/11/2024 8:00
2024,11,27,9,77.716,79.28266667,27/11/2024 9:00
2024,11,27,10,66.004,66.004,27/11/2024 10:00
2024,11,27,11,56.418,56.418,27/11/2024 11:00
2024,11,27,12,51.20266667,51.20266667,27/11/2024 12:00
2024,11,27,13,50.026,50.026,27/11/2024 13:00
2024,11,27,14,48.49166667,48.49166667,27/11/2024 14:00
2024,11,27,15,46.79133333,46.79133333,27/11/2024 15:00
2024,11,27,16,49.097,49.097,27/11/2024 16:00
2024,11,27,17,61.72433333,61.72433333,27/11/2024 17:00
2024,11,27,18,78.375,79.02166667,27/11/2024 18:00
2024,11,27,19,92.12033333,92.12033333,27/11/2024 19:00
2024,11,27,20,94.52166667,94.52166667,27/11/2024 20:00
2024,11,27,21,92.166,92.166,27/11/2024 21:00
2024,11,27,22,82.79166667,82.79166667,27/11/2024 22:00
2024,11,27,23,73.12866667,73.12866667,27/11/2024 23:00
2024,11,27,24,64.77766667,64.77766667,28/11/2024 0:00
2024,11,28,1,56.78166667,56.78166667,28/11/2024 1:00
2024,11,28,2,51.72833333,51.72833333,28/11/2024 2:00
2024,11,28,3,48.43566667,48.43566667,28/11/2024 3:00
2024,11,28,4,47.02,47.02,28/11/2024 4:00
2024,11,28,5,46.52766667,46.52766667,28/11/2024 5:00
2024,11,28,6,50.57066667,50.57066667,28/11/2024 6:00
2024,11,28,7,59.537,59.81466667,28/11/2024 7:00
2024,11,28,8,72.24133333,74.25133333,28/11/2024 8:00
2024,11,28,9,77.716,79.28266667,28/11/2024 9:00
2024,11,28,10,66.004,66.004,28/11/2024 10:00
2024,11,28,11,56.418,56.418,28/11/2024 11:00
2024,11,28,12,51.20266667,51.20266667,28/11/2024 12:00
2024,11,28,13,50.026,50.026,28/11/2024 13:00
2024,11,28,14,48.49166667,48.49166667,28/11/2024 14:00
2024,11,28,15,46.79133333,46.79133333,28/11/2024 15:00
2024,11,28,16,49.097,49.097,28/11/2024 16:00
2024,11,28,17,61.72433333,61.72433333,28/11/2024 17:00
2024,11,28,18,78.375,79.02166667,28/11/2024 18:00
2024,11,28,19,92.12033333,92.12033333,28/11/2024 19:00
2024,11,28,20,94.52166667,94.52166667,28/11/2024 20:00
2024,11,28,21,92.166,92.166,28/11/2024 21:00
2024,11,28,22,82.79166667,82.79166667,28/11/2024 22:00
2024,11,28,23,73.12866667,73.12866667,28/11/2024 23:00
2024,11,28,24,64.77766667,64.77766667,29/11/2024 0:00
2024,11,29,1,56.78166667,56.78166667,29/11/2024 1:00
2024,11,29,2,51.72833333,51.72833333,29/11/2024 2:00
2024,11,29,3,48.43566667,48.43566667,29/11/2024 3:00
2024,11,29,4,47.02,47.02,29/11/2024 4:00
2024,11,29,5,46.52766667,46.52766667,29/11/2024 5:00
2024,11,29,6,50.57066667,50.57066667,29/11/2024 6:00
2024,11,29,7,59.537,59.81466667,29/11/2024 7:00
2024,11,29,8,72.24133333,74.25133333,29/11/2024 8:00
2024,11,29,9,77.716,79.28266667,29/11/2024 9:00
2024,11,29,10,66.004,66.004,29/11/2024 10:00
2024,11,29,11,56.418,56.418,29/11/2024 11:00
2024,11,29,12,51.20266667,51.20266667,29/11/2024 12:00
2024,11,29,13,50.026,50.026,29/11/2024 13:00
2024,11,29,14,48.49166667,48.49166667,29/11/2024 14:00
2024,11,29,15,46.79133333,46.79133333,29/11/2024 15:00
2024,11,29,16,49.097,49.097,29/11/2024 16:00
2024,11,29,17,61.72433333,61.72433333,29/11/2024 17:00
2024,11,29,18,78.375,79.02166667,29/11/2024 18:00
2024,11,29,19,92.12033333,92.12033333,29/11/2024 19:00
2024,11,29,20,94.52166667,94.52166667,29/11/2024 20:00
2024,11,29,21,92.166,92.166,29/11/2024 21:00
2024,11,29,22,82.79166667,82.79166667,29/11/2024 22:00
2024,11,29,23,73.12866667,73.12866667,29/11/2024 23:00
2024,11,29,24,64.77766667,64.77766667,30/11/2024 0:00
2024,11,30,1,56.78166667,56.78166667,30/11/2024 1:00
2024,11,30,2,51.72833333,51.72833333,30/11/2024 2:00
2024,11,30,3,48.43566667,48.43566667,30/11/2024 3:00
2024,11,30,4,47.02,47.02,30/11/2024 4:00
2024,11,30,5,46.52766667,46.52766667,30/11/2024 5:00
2024,11,30,6,50.57066667,50.57066667,30/11/2024 6:00
2024,11,30,7,59.537,59.81466667,30/11/2024 7:00
2024,11,30,8,72.24133333,74.25133333,30/11/2024 8:00
2024,11,30,9,77.716,79.28266667,30/11/2024 9:00
2024,11,30,10,66.004,66.004,30/11/2024 10:00
2024,11,30,11,56.418,56.418,30/11/2024 11:00
2024,11,30,12,51.20266667,51.20266667,30/11/2024 12:00
2024,11,30,13,50.026,50.026,30/11/2024 13:00
2024,11,30,14,48.49166667,48.49166667,30/11/2024 14:00
2024,11,30,15,46.79133333,46.79133333,30/11/2024 15:00
2024,11,30,16,49.097,49.097,30/11/2024 16:00
2024,11,30,17,61.72433333,61.72433333,30/11/2024 17:00
2024,11,30,18,78.375,79.02166667,30/11/2024 18:00
2024,11,30,19,92.12033333,92.12033333,30/11/2024 19:00
2024,11,30,20,94.52166667,94.52166667,30/11/2024 20:00
2024,11,30,21,92.166,92.166,30/11/2024 21:00
2024,11,30,22,82.79166667,82.79166667,30/11/2024 22:00
2024,11,30,23,73.12866667,73.12866667,30/11/2024 23:00
2024,11,30,24,64.77766667,64.77766667,01/12/2024 0:00
2024,12,1,1,69.78290323,69.76387097,01/12/2024 1:00
2024,12,1,2,63.8816129,63.83419355,01/12/2024 2:00
2024,12,1,3,59.43645161,59.37612903,01/12/2024 3:00
2024,12,1,4,56.02,55.95967742,01/12/2024 4:00
2024,12,1,5,54.21129032,53.93580645,01/12/2024 5:00
2024,12,1,6,56.58870968,56.58870968,01/12/2024 6:00
2024,12,1,7,62.81225806,62.81225806,01/12/2024 7:00
2024,12,1,8,73.27032258,73.29548387,01/12/2024 8:00
2024,12,1,9,80.41290323,81.01677419,01/12/2024 9:00
2024,12,1,10,77.70419355,77.72322581,01/12/2024 10:00
2024,12,1,11,68.3016129,68.16580645,01/12/2024 11:00
2024,12,1,12,62.46741935,62.29516129,01/12/2024 12:00
2024,12,1,13,59.71129032,59.63903226,01/12/2024 13:00
2024,12,1,14,58.58645161,58.19903226,01/12/2024 14:00
2024,12,1,15,58.36258065,58.08967742,01/12/2024 15:00
2024,12,1,16,59.97,59.83354839,01/12/2024 16:00
2024,12,1,17,70.07935484,69.9583871,01/12/2024 17:00
2024,12,1,18,86.61935484,87.01,01/12/2024 18:00
2024,12,1,19,96.13193548,96.13193548,01/12/2024 19:00
2024,12,1,20,100.5396774,100.5396774,01/12/2024 20:00
2024,12,1,21,101.2329032,101.2329032,01/12/2024 21:00
2024,12,1,22,93.71387097,93.71387097,01/12/2024 22:00
2024,12,1,23,85.78387097,85.78387097,01/12/2024 23:00
2024,12,1,24,77.28,77.27677419,02/12/2024 0:00
2024,12,2,1,69.78290323,69.76387097,02/12/2024 1:00
2024,12,2,2,63.8816129,63.83419355,02/12/2024 2:00
2024,12,2,3,59.43645161,59.37612903,02/12/2024 3:00
2024,12,2,4,56.02,55.95967742,02/12/2024 4:00
2024,12,2,5,54.21129032,53.93580645,02/12/2024 5:00
2024,12,2,6,56.58870968,56.58870968,02/12/2024 6:00
2024,12,2,7,62.81225806,62.81225806,02/12/2024 7:00
2024,12,2,8,73.27032258,73.29548387,02/12/2024 8:00
2024,12,2,9,80.41290323,81.01677419,02/12/2024 9:00
2024,12,2,10,77.70419355,77.72322581,02/12/2024 10:00
2024,12,2,11,68.3016129,68.16580645,02/12/2024 11:00
2024,12,2,12,62.46741935,62.29516129,02/12/2024 12:00
2024,12,2,13,59.71129032,59.63903226,02/12/2024 13:00
2024,12,2,14,58.58645161,58.19903226,02/12/2024 14:00
2024,12,2,15,58.36258065,58.08967742,02/12/2024 15:00
2024,12,2,16,59.97,59.83354839,02/12/2024 16:00
2024,12,2,17,70.07935484,69.9583871,02/12/2024 17:00
2024,12,2,18,86.61935484,87.01,02/12/2024 18:00
2024,12,2,19,96.13193548,96.13193548,02/12/2024 19:00
2024,12,2,20,100.5396774,100.5396774,02/12/2024 20:00
2024,12,2,21,101.2329032,101.2329032,02/12/2024 21:00
2024,12,2,22,93.71387097,93.71387097,02/12/2024 22:00
2024,12,2,23,85.78387097,85.78387097,02/12/2024 23:00
2024,12,2,24,77.28,77.27677419,03/12/2024 0:00
2024,12,3,1,69.78290323,69.76387097,03/12/2024 1:00
2024,12,3,2,63.8816129,63.83419355,03/12/2024 2:00
2024,12,3,3,59.43645161,59.37612903,03/12/2024 3:00
2024,12,3,4,56.02,55.95967742,03/12/2024 4:00
2024,12,3,5,54.21129032,53.93580645,03/12/2024 5:00
2024,12,3,6,56.58870968,56.58870968,03/12/2024 6:00
2024,12,3,7,62.81225806,62.81225806,03/12/2024 7:00
2024,12,3,8,73.27032258,73.29548387,03/12/2024 8:00
2024,12,3,9,80.41290323,81.01677419,03/12/2024 9:00
2024,12,3,10,77.70419355,77.72322581,03/12/2024 10:00
2024,12,3,11,68.3016129,68.16580645,03/12/2024 11:00
2024,12,3,12,62.46741935,62.29516129,03/12/2024 12:00
2024,12,3,13,59.71129032,59.63903226,03/12/2024 13:00
2024,12,3,14,58.58645161,58.19903226,03/12/2024 14:00
2024,12,3,15,58.36258065,58.08967742,03/12/2024 15:00
2024,12,3,16,59.97,59.83354839,03/12/2024 16:00
2024,12,3,17,70.07935484,69.9583871,03/12/2024 17:00
2024,12,3,18,86.61935484,87.01,03/12/2024 18:00
2024,12,3,19,96.13193548,96.13193548,03/12/2024 19:00
2024,12,3,20,100.5396774,100.5396774,03/12/2024 20:00
2024,12,3,21,101.2329032,101.2329032,03/12/2024 21:00
2024,12,3,22,93.71387097,93.71387097,03/12/2024 22:00
2024,12,3,23,85.78387097,85.78387097,03/12/2024 23:00
2024,12,3,24,77.28,77.27677419,04/12/2024 0:00
2024,12,4,1,69.78290323,69.76387097,04/12/2024 1:00
2024,12,4,2,63.8816129,63.83419355,04/12/2024 2:00
2024,12,4,3,59.43645161,59.37612903,04/12/2024 3:00
2024,12,4,4,56.02,55.95967742,04/12/2024 4:00
2024,12,4,5,54.21129032,53.93580645,04/12/2024 5:00
2024,12,4,6,56.58870968,56.58870968,04/12/2024 6:00
2024,12,4,7,62.81225806,62.81225806,04/12/2024 7:00
2024,12,4,8,73.27032258,73.29548387,04/12/2024 8:00
2024,12,4,9,80.41290323,81.01677419,04/12/2024 9:00
2024,12,4,10,77.70419355,77.72322581,04/12/2024 10:00
2024,12,4,11,68.3016129,68.16580645,04/12/2024 11:00
2024,12,4,12,62.46741935,62.29516129,04/12/2024 12:00
2024,12,4,13,59.71129032,59.63903226,04/12/2024 13:00
2024,12,4,14,58.58645161,58.19903226,04/12/2024 14:00
2024,12,4,15,58.36258065,58.08967742,04/12/2024 15:00
2024,12,4,16,59.97,59.83354839,04/12/2024 16:00
2024,12,4,17,70.07935484,69.9583871,04/12/2024 17:00
2024,12,4,18,86.61935484,87.01,04/12/2024 18:00
2024,12,4,19,96.13193548,96.13193548,04/12/2024 19:00
2024,12,4,20,100.5396774,100.5396774,04/12/2024 20:00
2024,12,4,21,101.2329032,101.2329032,04/12/2024 21:00
2024,12,4,22,93.71387097,93.71387097,04/12/2024 22:00
2024,12,4,23,85.78387097,85.78387097,04/12/2024 23:00
2024,12,4,24,77.28,77.27677419,05/12/2024 0:00
2024,12,5,1,69.78290323,69.76387097,05/12/2024 1:00
2024,12,5,2,63.8816129,63.83419355,05/12/2024 2:00
2024,12,5,3,59.43645161,59.37612903,05/12/2024 3:00
2024,12,5,4,56.02,55.95967742,05/12/2024 4:00
2024,12,5,5,54.21129032,53.93580645,05/12/2024 5:00
2024,12,5,6,56.58870968,56.58870968,05/12/2024 6:00
2024,12,5,7,62.81225806,62.81225806,05/12/2024 7:00
2024,12,5,8,73.27032258,73.29548387,05/12/2024 8:00
2024,12,5,9,80.41290323,81.01677419,05/12/2024 9:00
2024,12,5,10,77.70419355,77.72322581,05/12/2024 10:00
2024,12,5,11,68.3016129,68.16580645,05/12/2024 11:00
2024,12,5,12,62.46741935,62.29516129,05/12/2024 12:00
2024,12,5,13,59.71129032,59.63903226,05/12/2024 13:00
2024,12,5,14,58.58645161,58.19903226,05/12/2024 14:00
2024,12,5,15,58.36258065,58.08967742,05/12/2024 15:00
2024,12,5,16,59.97,59.83354839,05/12/2024 16:00
2024,12,5,17,70.07935484,69.9583871,05/12/2024 17:00
2024,12,5,18,86.61935484,87.01,05/12/2024 18:00
2024,12,5,19,96.13193548,96.13193548,05/12/2024 19:00
2024,12,5,20,100.5396774,100.5396774,05/12/2024 20:00
2024,12,5,21,101.2329032,101.2329032,05/12/2024 21:00
2024,12,5,22,93.71387097,93.71387097,05/12/2024 22:00
2024,12,5,23,85.78387097,85.78387097,05/12/2024 23:00
2024,12,5,24,77.28,77.27677419,06/12/2024 0:00
2024,12,6,1,69.78290323,69.76387097,06/12/2024 1:00
2024,12,6,2,63.8816129,63.83419355,06/12/2024 2:00
2024,12,6,3,59.43645161,59.37612903,06/12/2024 3:00
2024,12,6,4,56.02,55.95967742,06/12/2024 4:00
2024,12,6,5,54.21129032,53.93580645,06/12/2024 5:00
2024,12,6,6,56.58870968,56.58870968,06/12/2024 6:00
2024,12,6,7,62.81225806,62.81225806,06/12/2024 7:00
2024,12,6,8,73.27032258,73.29548387,06/12/2024 8:00
2024,12,6,9,80.41290323,81.01677419,06/12/2024 9:00
2024,12,6,10,77.70419355,77.72322581,06/12/2024 10:00
2024,12,6,11,68.3016129,68.16580645,06/12/2024 11:00
2024,12,6,12,62.46741935,62.29516129,06/12/2024 12:00
2024,12,6,13,59.71129032,59.63903226,06/12/2024 13:00
2024,12,6,14,58.58645161,58.19903226,06/12/2024 14:00
2024,12,6,15,58.36258065,58.08967742,06/12/2024 15:00
2024,12,6,16,59.97,59.83354839,06/12/2024 16:00
2024,12,6,17,70.07935484,69.9583871,06/12/2024 17:00
2024,12,6,18,86.61935484,87.01,06/12/2024 18:00
2024,12,6,19,96.13193548,96.13193548,06/12/2024 19:00
2024,12,6,20,100.5396774,100.5396774,06/12/2024 20:00
2024,12,6,21,101.2329032,101.2329032,06/12/2024 21:00
2024,12,6,22,93.71387097,93.71387097,06/12/2024 22:00
2024,12,6,23,85.78387097,85.78387097,06/12/2024 23:00
2024,12,6,24,77.28,77.27677419,07/12/2024 0:00
2024,12,7,1,69.78290323,69.76387097,07/12/2024 1:00
2024,12,7,2,63.8816129,63.83419355,07/12/2024 2:00
2024,12,7,3,59.43645161,59.37612903,07/12/2024 3:00
2024,12,7,4,56.02,55.95967742,07/12/2024 4:00
2024,12,7,5,54.21129032,53.93580645,07/12/2024 5:00
2024,12,7,6,56.58870968,56.58870968,07/12/2024 6:00
2024,12,7,7,62.81225806,62.81225806,07/12/2024 7:00
2024,12,7,8,73.27032258,73.29548387,07/12/2024 8:00
2024,12,7,9,80.41290323,81.01677419,07/12/2024 9:00
2024,12,7,10,77.70419355,77.72322581,07/12/2024 10:00
2024,12,7,11,68.3016129,68.16580645,07/12/2024 11:00
2024,12,7,12,62.46741935,62.29516129,07/12/2024 12:00
2024,12,7,13,59.71129032,59.63903226,07/12/2024 13:00
2024,12,7,14,58.58645161,58.19903226,07/12/2024 14:00
2024,12,7,15,58.36258065,58.08967742,07/12/2024 15:00
2024,12,7,16,59.97,59.83354839,07/12/2024 16:00
2024,12,7,17,70.07935484,69.9583871,07/12/2024 17:00
2024,12,7,18,86.61935484,87.01,07/12/2024 18:00
2024,12,7,19,96.13193548,96.13193548,07/12/2024 19:00
2024,12,7,20,100.5396774,100.5396774,07/12/2024 20:00
2024,12,7,21,101.2329032,101.2329032,07/12/2024 21:00
2024,12,7,22,93.71387097,93.71387097,07/12/2024 22:00
2024,12,7,23,85.78387097,85.78387097,07/12/2024 23:00
2024,12,7,24,77.28,77.27677419,08/12/2024 0:00
2024,12,8,1,69.78290323,69.76387097,08/12/2024 1:00
2024,12,8,2,63.8816129,63.83419355,08/12/2024 2:00
2024,12,8,3,59.43645161,59.37612903,08/12/2024 3:00
2024,12,8,4,56.02,55.95967742,08/12/2024 4:00
2024,12,8,5,54.21129032,53.93580645,08/12/2024 5:00
2024,12,8,6,56.58870968,56.58870968,08/12/2024 6:00
2024,12,8,7,62.81225806,62.81225806,08/12/2024 7:00
2024,12,8,8,73.27032258,73.29548387,08/12/2024 8:00
2024,12,8,9,80.41290323,81.01677419,08/12/2024 9:00
2024,12,8,10,77.70419355,77.72322581,08/12/2024 10:00
2024,12,8,11,68.3016129,68.16580645,08/12/2024 11:00
2024,12,8,12,62.46741935,62.29516129,08/12/2024 12:00
2024,12,8,13,59.71129032,59.63903226,08/12/2024 13:00
2024,12,8,14,58.58645161,58.19903226,08/12/2024 14:00
2024,12,8,15,58.36258065,58.08967742,08/12/2024 15:00
2024,12,8,16,59.97,59.83354839,08/12/2024 16:00
2024,12,8,17,70.07935484,69.9583871,08/12/2024 17:00
2024,12,8,18,86.61935484,87.01,08/12/2024 18:00
2024,12,8,19,96.13193548,96.13193548,08/12/2024 19:00
2024,12,8,20,100.5396774,100.5396774,08/12/2024 20:00
2024,12,8,21,101.2329032,101.2329032,08/12/2024 21:00
2024,12,8,22,93.71387097,93.71387097,08/12/2024 22:00
2024,12,8,23,85.78387097,85.78387097,08/12/2024 23:00
2024,12,8,24,77.28,77.27677419,09/12/2024 0:00
2024,12,9,1,69.78290323,69.76387097,09/12/2024 1:00
2024,12,9,2,63.8816129,63.83419355,09/12/2024 2:00
2024,12,9,3,59.43645161,59.37612903,09/12/2024 3:00
2024,12,9,4,56.02,55.95967742,09/12/2024 4:00
2024,12,9,5,54.21129032,53.93580645,09/12/2024 5:00
2024,12,9,6,56.58870968,56.58870968,09/12/2024 6:00
2024,12,9,7,62.81225806,62.81225806,09/12/2024 7:00
2024,12,9,8,73.27032258,73.29548387,09/12/2024 8:00
2024,12,9,9,80.41290323,81.01677419,09/12/2024 9:00
2024,12,9,10,77.70419355,77.72322581,09/12/2024 10:00
2024,12,9,11,68.3016129,68.16580645,09/12/2024 11:00
2024,12,9,12,62.46741935,62.29516129,09/12/2024 12:00
2024,12,9,13,59.71129032,59.63903226,09/12/2024 13:00
2024,12,9,14,58.58645161,58.19903226,09/12/2024 14:00
2024,12,9,15,58.36258065,58.08967742,09/12/2024 15:00
2024,12,9,16,59.97,59.83354839,09/12/2024 16:00
2024,12,9,17,70.07935484,69.9583871,09/12/2024 17:00
2024,12,9,18,86.61935484,87.01,09/12/2024 18:00
2024,12,9,19,96.13193548,96.13193548,09/12/2024 19:00
2024,12,9,20,100.5396774,100.5396774,09/12/2024 20:00
2024,12,9,21,101.2329032,101.2329032,09/12/2024 21:00
2024,12,9,22,93.71387097,93.71387097,09/12/2024 22:00
2024,12,9,23,85.78387097,85.78387097,09/12/2024 23:00
2024,12,9,24,77.28,77.27677419,10/12/2024 0:00
2024,12,10,1,69.78290323,69.76387097,10/12/2024 1:00
2024,12,10,2,63.8816129,63.83419355,10/12/2024 2:00
2024,12,10,3,59.43645161,59.37612903,10/12/2024 3:00
2024,12,10,4,56.02,55.95967742,10/12/2024 4:00
2024,12,10,5,54.21129032,53.93580645,10/12/2024 5:00
2024,12,10,6,56.58870968,56.58870968,10/12/2024 6:00
2024,12,10,7,62.81225806,62.81225806,10/12/2024 7:00
2024,12,10,8,73.27032258,73.29548387,10/12/2024 8:00
2024,12,10,9,80.41290323,81.01677419,10/12/2024 9:00
2024,12,10,10,77.70419355,77.72322581,10/12/2024 10:00
2024,12,10,11,68.3016129,68.16580645,10/12/2024 11:00
2024,12,10,12,62.46741935,62.29516129,10/12/2024 12:00
2024,12,10,13,59.71129032,59.63903226,10/12/2024 13:00
2024,12,10,14,58.58645161,58.19903226,10/12/2024 14:00
2024,12,10,15,58.36258065,58.08967742,10/12/2024 15:00
2024,12,10,16,59.97,59.83354839,10/12/2024 16:00
2024,12,10,17,70.07935484,69.9583871,10/12/2024 17:00
2024,12,10,18,86.61935484,87.01,10/12/2024 18:00
2024,12,10,19,96.13193548,96.13193548,10/12/2024 19:00
2024,12,10,20,100.5396774,100.5396774,10/12/2024 20:00
2024,12,10,21,101.2329032,101.2329032,10/12/2024 21:00
2024,12,10,22,93.71387097,93.71387097,10/12/2024 22:00
2024,12,10,23,85.78387097,85.78387097,10/12/2024 23:00
2024,12,10,24,77.28,77.27677419,11/12/2024 0:00
2024,12,11,1,69.78290323,69.76387097,11/12/2024 1:00
2024,12,11,2,63.8816129,63.83419355,11/12/2024 2:00
2024,12,11,3,59.43645161,59.37612903,11/12/2024 3:00
2024,12,11,4,56.02,55.95967742,11/12/2024 4:00
2024,12,11,5,54.21129032,53.93580645,11/12/2024 5:00
2024,12,11,6,56.58870968,56.58870968,11/12/2024 6:00
2024,12,11,7,62.81225806,62.81225806,11/12/2024 7:00
2024,12,11,8,73.27032258,73.29548387,11/12/2024 8:00
2024,12,11,9,80.41290323,81.01677419,11/12/2024 9:00
2024,12,11,10,77.70419355,77.72322581,11/12/2024 10:00
2024,12,11,11,68.3016129,68.16580645,11/12/2024 11:00
2024,12,11,12,62.46741935,62.29516129,11/12/2024 12:00
2024,12,11,13,59.71129032,59.63903226,11/12/2024 13:00
2024,12,11,14,58.58645161,58.19903226,11/12/2024 14:00
2024,12,11,15,58.36258065,58.08967742,11/12/2024 15:00
2024,12,11,16,59.97,59.83354839,11/12/2024 16:00
2024,12,11,17,70.07935484,69.9583871,11/12/2024 17:00
2024,12,11,18,86.61935484,87.01,11/12/2024 18:00
2024,12,11,19,96.13193548,96.13193548,11/12/2024 19:00
2024,12,11,20,100.5396774,100.5396774,11/12/2024 20:00
2024,12,11,21,101.2329032,101.2329032,11/12/2024 21:00
2024,12,11,22,93.71387097,93.71387097,11/12/2024 22:00
2024,12,11,23,85.78387097,85.78387097,11/12/2024 23:00
2024,12,11,24,77.28,77.27677419,12/12/2024 0:00
2024,12,12,1,69.78290323,69.76387097,12/12/2024 1:00
2024,12,12,2,63.8816129,63.83419355,12/12/2024 2:00
2024,12,12,3,59.43645161,59.37612903,12/12/2024 3:00
2024,12,12,4,56.02,55.95967742,12/12/2024 4:00
2024,12,12,5,54.21129032,53.93580645,12/12/2024 5:00
2024,12,12,6,56.58870968,56.58870968,12/12/2024 6:00
2024,12,12,7,62.81225806,62.81225806,12/12/2024 7:00
2024,12,12,8,73.27032258,73.29548387,12/12/2024 8:00
2024,12,12,9,80.41290323,81.01677419,12/12/2024 9:00
2024,12,12,10,77.70419355,77.72322581,12/12/2024 10:00
2024,12,12,11,68.3016129,68.16580645,12/12/2024 11:00
2024,12,12,12,62.46741935,62.29516129,12/12/2024 12:00
2024,12,12,13,59.71129032,59.63903226,12/12/2024 13:00
2024,12,12,14,58.58645161,58.19903226,12/12/2024 14:00
2024,12,12,15,58.36258065,58.08967742,12/12/2024 15:00
2024,12,12,16,59.97,59.83354839,12/12/2024 16:00
2024,12,12,17,70.07935484,69.9583871,12/12/2024 17:00
2024,12,12,18,86.61935484,87.01,12/12/2024 18:00
2024,12,12,19,96.13193548,96.13193548,12/12/2024 19:00
2024,12,12,20,100.5396774,100.5396774,12/12/2024 20:00
2024,12,12,21,101.2329032,101.2329032,12/12/2024 21:00
2024,12,12,22,93.71387097,93.71387097,12/12/2024 22:00
2024,12,12,23,85.78387097,85.78387097,12/12/2024 23:00
2024,12,12,24,77.28,77.27677419,13/12/2024 0:00
2024,12,13,1,69.78290323,69.76387097,13/12/2024 1:00
2024,12,13,2,63.8816129,63.83419355,13/12/2024 2:00
2024,12,13,3,59.43645161,59.37612903,13/12/2024 3:00
2024,12,13,4,56.02,55.95967742,13/12/2024 4:00
2024,12,13,5,54.21129032,53.93580645,13/12/2024 5:00
2024,12,13,6,56.58870968,56.58870968,13/12/2024 6:00
2024,12,13,7,62.81225806,62.81225806,13/12/2024 7:00
2024,12,13,8,73.27032258,73.29548387,13/12/2024 8:00
2024,12,13,9,80.41290323,81.01677419,13/12/2024 9:00
2024,12,13,10,77.70419355,77.72322581,13/12/2024 10:00
2024,12,13,11,68.3016129,68.16580645,13/12/2024 11:00
2024,12,13,12,62.46741935,62.29516129,13/12/2024 12:00
2024,12,13,13,59.71129032,59.63903226,13/12/2024 13:00
2024,12,13,14,58.58645161,58.19903226,13/12/2024 14:00
2024,12,13,15,58.36258065,58.08967742,13/12/2024 15:00
2024,12,13,16,59.97,59.83354839,13/12/2024 16:00
2024,12,13,17,70.07935484,69.9583871,13/12/2024 17:00
2024,12,13,18,86.61935484,87.01,13/12/2024 18:00
2024,12,13,19,96.13193548,96.13193548,13/12/2024 19:00
2024,12,13,20,100.5396774,100.5396774,13/12/2024 20:00
2024,12,13,21,101.2329032,101.2329032,13/12/2024 21:00
2024,12,13,22,93.71387097,93.71387097,13/12/2024 22:00
2024,12,13,23,85.78387097,85.78387097,13/12/2024 23:00
2024,12,13,24,77.28,77.27677419,14/12/2024 0:00
2024,12,14,1,69.78290323,69.76387097,14/12/2024 1:00
2024,12,14,2,63.8816129,63.83419355,14/12/2024 2:00
2024,12,14,3,59.43645161,59.37612903,14/12/2024 3:00
2024,12,14,4,56.02,55.95967742,14/12/2024 4:00
2024,12,14,5,54.21129032,53.93580645,14/12/2024 5:00
2024,12,14,6,56.58870968,56.58870968,14/12/2024 6:00
2024,12,14,7,62.81225806,62.81225806,14/12/2024 7:00
2024,12,14,8,73.27032258,73.29548387,14/12/2024 8:00
2024,12,14,9,80.41290323,81.01677419,14/12/2024 9:00
2024,12,14,10,77.70419355,77.72322581,14/12/2024 10:00
2024,12,14,11,68.3016129,68.16580645,14/12/2024 11:00
2024,12,14,12,62.46741935,62.29516129,14/12/2024 12:00
2024,12,14,13,59.71129032,59.63903226,14/12/2024 13:00
2024,12,14,14,58.58645161,58.19903226,14/12/2024 14:00
2024,12,14,15,58.36258065,58.08967742,14/12/2024 15:00
2024,12,14,16,59.97,59.83354839,14/12/2024 16:00
2024,12,14,17,70.07935484,69.9583871,14/12/2024 17:00
2024,12,14,18,86.61935484,87.01,14/12/2024 18:00
2024,12,14,19,96.13193548,96.13193548,14/12/2024 19:00
2024,12,14,20,100.5396774,100.5396774,14/12/2024 20:00
2024,12,14,21,101.2329032,101.2329032,14/12/2024 21:00
2024,12,14,22,93.71387097,93.71387097,14/12/2024 22:00
2024,12,14,23,85.78387097,85.78387097,14/12/2024 23:00
2024,12,14,24,77.28,77.27677419,15/12/2024 0:00
2024,12,15,1,69.78290323,69.76387097,15/12/2024 1:00
2024,12,15,2,63.8816129,63.83419355,15/12/2024 2:00
2024,12,15,3,59.43645161,59.37612903,15/12/2024 3:00
2024,12,15,4,56.02,55.95967742,15/12/2024 4:00
2024,12,15,5,54.21129032,53.93580645,15/12/2024 5:00
2024,12,15,6,56.58870968,56.58870968,15/12/2024 6:00
2024,12,15,7,62.81225806,62.81225806,15/12/2024 7:00
2024,12,15,8,73.27032258,73.29548387,15/12/2024 8:00
2024,12,15,9,80.41290323,81.01677419,15/12/2024 9:00
2024,12,15,10,77.70419355,77.72322581,15/12/2024 10:00
2024,12,15,11,68.3016129,68.16580645,15/12/2024 11:00
2024,12,15,12,62.46741935,62.29516129,15/12/2024 12:00
2024,12,15,13,59.71129032,59.63903226,15/12/2024 13:00
2024,12,15,14,58.58645161,58.19903226,15/12/2024 14:00
2024,12,15,15,58.36258065,58.08967742,15/12/2024 15:00
2024,12,15,16,59.97,59.83354839,15/12/2024 16:00
2024,12,15,17,70.07935484,69.9583871,15/12/2024 17:00
2024,12,15,18,86.61935484,87.01,15/12/2024 18:00
2024,12,15,19,96.13193548,96.13193548,15/12/2024 19:00
2024,12,15,20,100.5396774,100.5396774,15/12/2024 20:00
2024,12,15,21,101.2329032,101.2329032,15/12/2024 21:00
2024,12,15,22,93.71387097,93.71387097,15/12/2024 22:00
2024,12,15,23,85.78387097,85.78387097,15/12/2024 23:00
2024,12,15,24,77.28,77.27677419,16/12/2024 0:00
2024,12,16,1,69.78290323,69.76387097,16/12/2024 1:00
2024,12,16,2,63.8816129,63.83419355,16/12/2024 2:00
2024,12,16,3,59.43645161,59.37612903,16/12/2024 3:00
2024,12,16,4,56.02,55.95967742,16/12/2024 4:00
2024,12,16,5,54.21129032,53.93580645,16/12/2024 5:00
2024,12,16,6,56.58870968,56.58870968,16/12/2024 6:00
2024,12,16,7,62.81225806,62.81225806,16/12/2024 7:00
2024,12,16,8,73.27032258,73.29548387,16/12/2024 8:00
2024,12,16,9,80.41290323,81.01677419,16/12/2024 9:00
2024,12,16,10,77.70419355,77.72322581,16/12/2024 10:00
2024,12,16,11,68.3016129,68.16580645,16/12/2024 11:00
2024,12,16,12,62.46741935,62.29516129,16/12/2024 12:00
2024,12,16,13,59.71129032,59.63903226,16/12/2024 13:00
2024,12,16,14,58.58645161,58.19903226,16/12/2024 14:00
2024,12,16,15,58.36258065,58.08967742,16/12/2024 15:00
2024,12,16,16,59.97,59.83354839,16/12/2024 16:00
2024,12,16,17,70.07935484,69.9583871,16/12/2024 17:00
2024,12,16,18,86.61935484,87.01,16/12/2024 18:00
2024,12,16,19,96.13193548,96.13193548,16/12/2024 19:00
2024,12,16,20,100.5396774,100.5396774,16/12/2024 20:00
2024,12,16,21,101.2329032,101.2329032,16/12/2024 21:00
2024,12,16,22,93.71387097,93.71387097,16/12/2024 22:00
2024,12,16,23,85.78387097,85.78387097,16/12/2024 23:00
2024,12,16,24,77.28,77.27677419,17/12/2024 0:00
2024,12,17,1,69.78290323,69.76387097,17/12/2024 1:00
2024,12,17,2,63.8816129,63.83419355,17/12/2024 2:00
2024,12,17,3,59.43645161,59.37612903,17/12/2024 3:00
2024,12,17,4,56.02,55.95967742,17/12/2024 4:00
2024,12,17,5,54.21129032,53.93580645,17/12/2024 5:00
2024,12,17,6,56.58870968,56.58870968,17/12/2024 6:00
2024,12,17,7,62.81225806,62.81225806,17/12/2024 7:00
2024,12,17,8,73.27032258,73.29548387,17/12/2024 8:00
2024,12,17,9,80.41290323,81.01677419,17/12/2024 9:00
2024,12,17,10,77.70419355,77.72322581,17/12/2024 10:00
2024,12,17,11,68.3016129,68.16580645,17/12/2024 11:00
2024,12,17,12,62.46741935,62.29516129,17/12/2024 12:00
2024,12,17,13,59.71129032,59.63903226,17/12/2024 13:00
2024,12,17,14,58.58645161,58.19903226,17/12/2024 14:00
2024,12,17,15,58.36258065,58.08967742,17/12/2024 15:00
2024,12,17,16,59.97,59.83354839,17/12/2024 16:00
2024,12,17,17,70.07935484,69.9583871,17/12/2024 17:00
2024,12,17,18,86.61935484,87.01,17/12/2024 18:00
2024,12,17,19,96.13193548,96.13193548,17/12/2024 19:00
2024,12,17,20,100.5396774,100.5396774,17/12/2024 20:00
2024,12,17,21,101.2329032,101.2329032,17/12/2024 21:00
2024,12,17,22,93.71387097,93.71387097,17/12/2024 22:00
2024,12,17,23,85.78387097,85.78387097,17/12/2024 23:00
2024,12,17,24,77.28,77.27677419,18/12/2024 0:00
2024,12,18,1,69.78290323,69.76387097,18/12/2024 1:00
2024,12,18,2,63.8816129,63.83419355,18/12/2024 2:00
2024,12,18,3,59.43645161,59.37612903,18/12/2024 3:00
2024,12,18,4,56.02,55.95967742,18/12/2024 4:00
2024,12,18,5,54.21129032,53.93580645,18/12/2024 5:00
2024,12,18,6,56.58870968,56.58870968,18/12/2024 6:00
2024,12,18,7,62.81225806,62.81225806,18/12/2024 7:00
2024,12,18,8,73.27032258,73.29548387,18/12/2024 8:00
2024,12,18,9,80.41290323,81.01677419,18/12/2024 9:00
2024,12,18,10,77.70419355,77.72322581,18/12/2024 10:00
2024,12,18,11,68.3016129,68.16580645,18/12/2024 11:00
2024,12,18,12,62.46741935,62.29516129,18/12/2024 12:00
2024,12,18,13,59.71129032,59.63903226,18/12/2024 13:00
2024,12,18,14,58.58645161,58.19903226,18/12/2024 14:00
2024,12,18,15,58.36258065,58.08967742,18/12/2024 15:00
2024,12,18,16,59.97,59.83354839,18/12/2024 16:00
2024,12,18,17,70.07935484,69.9583871,18/12/2024 17:00
2024,12,18,18,86.61935484,87.01,18/12/2024 18:00
2024,12,18,19,96.13193548,96.13193548,18/12/2024 19:00
2024,12,18,20,100.5396774,100.5396774,18/12/2024 20:00
2024,12,18,21,101.2329032,101.2329032,18/12/2024 21:00
2024,12,18,22,93.71387097,93.71387097,18/12/2024 22:00
2024,12,18,23,85.78387097,85.78387097,18/12/2024 23:00
2024,12,18,24,77.28,77.27677419,19/12/2024 0:00
2024,12,19,1,69.78290323,69.76387097,19/12/2024 1:00
2024,12,19,2,63.8816129,63.83419355,19/12/2024 2:00
2024,12,19,3,59.43645161,59.37612903,19/12/2024 3:00
2024,12,19,4,56.02,55.95967742,19/12/2024 4:00
2024,12,19,5,54.21129032,53.93580645,19/12/2024 5:00
2024,12,19,6,56.58870968,56.58870968,19/12/2024 6:00
2024,12,19,7,62.81225806,62.81225806,19/12/2024 7:00
2024,12,19,8,73.27032258,73.29548387,19/12/2024 8:00
2024,12,19,9,80.41290323,81.01677419,19/12/2024 9:00
2024,12,19,10,77.70419355,77.72322581,19/12/2024 10:00
2024,12,19,11,68.3016129,68.16580645,19/12/2024 11:00
2024,12,19,12,62.46741935,62.29516129,19/12/2024 12:00
2024,12,19,13,59.71129032,59.63903226,19/12/2024 13:00
2024,12,19,14,58.58645161,58.19903226,19/12/2024 14:00
2024,12,19,15,58.36258065,58.08967742,19/12/2024 15:00
2024,12,19,16,59.97,59.83354839,19/12/2024 16:00
2024,12,19,17,70.07935484,69.9583871,19/12/2024 17:00
2024,12,19,18,86.61935484,87.01,19/12/2024 18:00
2024,12,19,19,96.13193548,96.13193548,19/12/2024 19:00
2024,12,19,20,100.5396774,100.5396774,19/12/2024 20:00
2024,12,19,21,101.2329032,101.2329032,19/12/2024 21:00
2024,12,19,22,93.71387097,93.71387097,19/12/2024 22:00
2024,12,19,23,85.78387097,85.78387097,19/12/2024 23:00
2024,12,19,24,77.28,77.27677419,20/12/2024 0:00
2024,12,20,1,69.78290323,69.76387097,20/12/2024 1:00
2024,12,20,2,63.8816129,63.83419355,20/12/2024 2:00
2024,12,20,3,59.43645161,59.37612903,20/12/2024 3:00
2024,12,20,4,56.02,55.95967742,20/12/2024 4:00
2024,12,20,5,54.21129032,53.93580645,20/12/2024 5:00
2024,12,20,6,56.58870968,56.58870968,20/12/2024 6:00
2024,12,20,7,62.81225806,62.81225806,20/12/2024 7:00
2024,12,20,8,73.27032258,73.29548387,20/12/2024 8:00
2024,12,20,9,80.41290323,81.01677419,20/12/2024 9:00
2024,12,20,10,77.70419355,77.72322581,20/12/2024 10:00
2024,12,20,11,68.3016129,68.16580645,20/12/2024 11:00
2024,12,20,12,62.46741935,62.29516129,20/12/2024 12:00
2024,12,20,13,59.71129032,59.63903226,20/12/2024 13:00
2024,12,20,14,58.58645161,58.19903226,20/12/2024 14:00
2024,12,20,15,58.36258065,58.08967742,20/12/2024 15:00
2024,12,20,16,59.97,59.83354839,20/12/2024 16:00
2024,12,20,17,70.07935484,69.9583871,20/12/2024 17:00
2024,12,20,18,86.61935484,87.01,20/12/2024 18:00
2024,12,20,19,96.13193548,96.13193548,20/12/2024 19:00
2024,12,20,20,100.5396774,100.5396774,20/12/2024 20:00
2024,12,20,21,101.2329032,101.2329032,20/12/2024 21:00
2024,12,20,22,93.71387097,93.71387097,20/12/2024 22:00
2024,12,20,23,85.78387097,85.78387097,20/12/2024 23:00
2024,12,20,24,77.28,77.27677419,21/12/2024 0:00
2024,12,21,1,69.78290323,69.76387097,21/12/2024 1:00
2024,12,21,2,63.8816129,63.83419355,21/12/2024 2:00
2024,12,21,3,59.43645161,59.37612903,21/12/2024 3:00
2024,12,21,4,56.02,55.95967742,21/12/2024 4:00
2024,12,21,5,54.21129032,53.93580645,21/12/2024 5:00
2024,12,21,6,56.58870968,56.58870968,21/12/2024 6:00
2024,12,21,7,62.81225806,62.81225806,21/12/2024 7:00
2024,12,21,8,73.27032258,73.29548387,21/12/2024 8:00
2024,12,21,9,80.41290323,81.01677419,21/12/2024 9:00
2024,12,21,10,77.70419355,77.72322581,21/12/2024 10:00
2024,12,21,11,68.3016129,68.16580645,21/12/2024 11:00
2024,12,21,12,62.46741935,62.29516129,21/12/2024 12:00
2024,12,21,13,59.71129032,59.63903226,21/12/2024 13:00
2024,12,21,14,58.58645161,58.19903226,21/12/2024 14:00
2024,12,21,15,58.36258065,58.08967742,21/12/2024 15:00
2024,12,21,16,59.97,59.83354839,21/12/2024 16:00
2024,12,21,17,70.07935484,69.9583871,21/12/2024 17:00
2024,12,21,18,86.61935484,87.01,21/12/2024 18:00
2024,12,21,19,96.13193548,96.13193548,21/12/2024 19:00
2024,12,21,20,100.5396774,100.5396774,21/12/2024 20:00
2024,12,21,21,101.2329032,101.2329032,21/12/2024 21:00
2024,12,21,22,93.71387097,93.71387097,21/12/2024 22:00
2024,12,21,23,85.78387097,85.78387097,21/12/2024 23:00
2024,12,21,24,77.28,77.27677419,22/12/2024 0:00
2024,12,22,1,69.78290323,69.76387097,22/12/2024 1:00
2024,12,22,2,63.8816129,63.83419355,22/12/2024 2:00
2024,12,22,3,59.43645161,59.37612903,22/12/2024 3:00
2024,12,22,4,56.02,55.95967742,22/12/2024 4:00
2024,12,22,5,54.21129032,53.93580645,22/12/2024 5:00
2024,12,22,6,56.58870968,56.58870968,22/12/2024 6:00
2024,12,22,7,62.81225806,62.81225806,22/12/2024 7:00
2024,12,22,8,73.27032258,73.29548387,22/12/2024 8:00
2024,12,22,9,80.41290323,81.01677419,22/12/2024 9:00
2024,12,22,10,77.70419355,77.72322581,22/12/2024 10:00
2024,12,22,11,68.3016129,68.16580645,22/12/2024 11:00
2024,12,22,12,62.46741935,62.29516129,22/12/2024 12:00
2024,12,22,13,59.71129032,59.63903226,22/12/2024 13:00
2024,12,22,14,58.58645161,58.19903226,22/12/2024 14:00
2024,12,22,15,58.36258065,58.08967742,22/12/2024 15:00
2024,12,22,16,59.97,59.83354839,22/12/2024 16:00
2024,12,22,17,70.07935484,69.9583871,22/12/2024 17:00
2024,12,22,18,86.61935484,87.01,22/12/2024 18:00
2024,12,22,19,96.13193548,96.13193548,22/12/2024 19:00
2024,12,22,20,100.5396774,100.5396774,22/12/2024 20:00
2024,12,22,21,101.2329032,101.2329032,22/12/2024 21:00
2024,12,22,22,93.71387097,93.71387097,22/12/2024 22:00
2024,12,22,23,85.78387097,85.78387097,22/12/2024 23:00
2024,12,22,24,77.28,77.27677419,23/12/2024 0:00
2024,12,23,1,69.78290323,69.76387097,23/12/2024 1:00
2024,12,23,2,63.8816129,63.83419355,23/12/2024 2:00
2024,12,23,3,59.43645161,59.37612903,23/12/2024 3:00
2024,12,23,4,56.02,55.95967742,23/12/2024 4:00
2024,12,23,5,54.21129032,53.93580645,23/12/2024 5:00
2024,12,23,6,56.58870968,56.58870968,23/12/2024 6:00
2024,12,23,7,62.81225806,62.81225806,23/12/2024 7:00
2024,12,23,8,73.27032258,73.29548387,23/12/2024 8:00
2024,12,23,9,80.41290323,81.01677419,23/12/2024 9:00
2024,12,23,10,77.70419355,77.72322581,23/12/2024 10:00
2024,12,23,11,68.3016129,68.16580645,23/12/2024 11:00
2024,12,23,12,62.46741935,62.29516129,23/12/2024 12:00
2024,12,23,13,59.71129032,59.63903226,23/12/2024 13:00
2024,12,23,14,58.58645161,58.19903226,23/12/2024 14:00
2024,12,23,15,58.36258065,58.08967742,23/12/2024 15:00
2024,12,23,16,59.97,59.83354839,23/12/2024 16:00
2024,12,23,17,70.07935484,69.9583871,23/12/2024 17:00
2024,12,23,18,86.61935484,87.01,23/12/2024 18:00
2024,12,23,19,96.13193548,96.13193548,23/12/2024 19:00
2024,12,23,20,100.5396774,100.5396774,23/12/2024 20:00
2024,12,23,21,101.2329032,101.2329032,23/12/2024 21:00
2024,12,23,22,93.71387097,93.71387097,23/12/2024 22:00
2024,12,23,23,85.78387097,85.78387097,23/12/2024 23:00
2024,12,23,24,77.28,77.27677419,24/12/2024 0:00
2024,12,24,1,69.78290323,69.76387097,24/12/2024 1:00
2024,12,24,2,63.8816129,63.83419355,24/12/2024 2:00
2024,12,24,3,59.43645161,59.37612903,24/12/2024 3:00
2024,12,24,4,56.02,55.95967742,24/12/2024 4:00
2024,12,24,5,54.21129032,53.93580645,24/12/2024 5:00
2024,12,24,6,56.58870968,56.58870968,24/12/2024 6:00
2024,12,24,7,62.81225806,62.81225806,24/12/2024 7:00
2024,12,24,8,73.27032258,73.29548387,24/12/2024 8:00
2024,12,24,9,80.41290323,81.01677419,24/12/2024 9:00
2024,12,24,10,77.70419355,77.72322581,24/12/2024 10:00
2024,12,24,11,68.3016129,68.16580645,24/12/2024 11:00
2024,12,24,12,62.46741935,62.29516129,24/12/2024 12:00
2024,12,24,13,59.71129032,59.63903226,24/12/2024 13:00
2024,12,24,14,58.58645161,58.19903226,24/12/2024 14:00
2024,12,24,15,58.36258065,58.08967742,24/12/2024 15:00
2024,12,24,16,59.97,59.83354839,24/12/2024 16:00
2024,12,24,17,70.07935484,69.9583871,24/12/2024 17:00
2024,12,24,18,86.61935484,87.01,24/12/2024 18:00
2024,12,24,19,96.13193548,96.13193548,24/12/2024 19:00
2024,12,24,20,100.5396774,100.5396774,24/12/2024 20:00
2024,12,24,21,101.2329032,101.2329032,24/12/2024 21:00
2024,12,24,22,93.71387097,93.71387097,24/12/2024 22:00
2024,12,24,23,85.78387097,85.78387097,24/12/2024 23:00
2024,12,24,24,77.28,77.27677419,25/12/2024 0:00
2024,12,25,1,69.78290323,69.76387097,25/12/2024 1:00
2024,12,25,2,63.8816129,63.83419355,25/12/2024 2:00
2024,12,25,3,59.43645161,59.37612903,25/12/2024 3:00
2024,12,25,4,56.02,55.95967742,25/12/2024 4:00
2024,12,25,5,54.21129032,53.93580645,25/12/2024 5:00
2024,12,25,6,56.58870968,56.58870968,25/12/2024 6:00
2024,12,25,7,62.81225806,62.81225806,25/12/2024 7:00
2024,12,25,8,73.27032258,73.29548387,25/12/2024 8:00
2024,12,25,9,80.41290323,81.01677419,25/12/2024 9:00
2024,12,25,10,77.70419355,77.72322581,25/12/2024 10:00
2024,12,25,11,68.3016129,68.16580645,25/12/2024 11:00
2024,12,25,12,62.46741935,62.29516129,25/12/2024 12:00
2024,12,25,13,59.71129032,59.63903226,25/12/2024 13:00
2024,12,25,14,58.58645161,58.19903226,25/12/2024 14:00
2024,12,25,15,58.36258065,58.08967742,25/12/2024 15:00
2024,12,25,16,59.97,59.83354839,25/12/2024 16:00
2024,12,25,17,70.07935484,69.9583871,25/12/2024 17:00
2024,12,25,18,86.61935484,87.01,25/12/2024 18:00
2024,12,25,19,96.13193548,96.13193548,25/12/2024 19:00
2024,12,25,20,100.5396774,100.5396774,25/12/2024 20:00
2024,12,25,21,101.2329032,101.2329032,25/12/2024 21:00
2024,12,25,22,93.71387097,93.71387097,25/12/2024 22:00
2024,12,25,23,85.78387097,85.78387097,25/12/2024 23:00
2024,12,25,24,77.28,77.27677419,26/12/2024 0:00
2024,12,26,1,69.78290323,69.76387097,26/12/2024 1:00
2024,12,26,2,63.8816129,63.83419355,26/12/2024 2:00
2024,12,26,3,59.43645161,59.37612903,26/12/2024 3:00
2024,12,26,4,56.02,55.95967742,26/12/2024 4:00
2024,12,26,5,54.21129032,53.93580645,26/12/2024 5:00
2024,12,26,6,56.58870968,56.58870968,26/12/2024 6:00
2024,12,26,7,62.81225806,62.81225806,26/12/2024 7:00
2024,12,26,8,73.27032258,73.29548387,26/12/2024 8:00
2024,12,26,9,80.41290323,81.01677419,26/12/2024 9:00
2024,12,26,10,77.70419355,77.72322581,26/12/2024 10:00
2024,12,26,11,68.3016129,68.16580645,26/12/2024 11:00
2024,12,26,12,62.46741935,62.29516129,26/12/2024 12:00
2024,12,26,13,59.71129032,59.63903226,26/12/2024 13:00
2024,12,26,14,58.58645161,58.19903226,26/12/2024 14:00
2024,12,26,15,58.36258065,58.08967742,26/12/2024 15:00
2024,12,26,16,59.97,59.83354839,26/12/2024 16:00
2024,12,26,17,70.07935484,69.9583871,26/12/2024 17:00
2024,12,26,18,86.61935484,87.01,26/12/2024 18:00
2024,12,26,19,96.13193548,96.13193548,26/12/2024 19:00
2024,12,26,20,100.5396774,100.5396774,26/12/2024 20:00
2024,12,26,21,101.2329032,101.2329032,26/12/2024 21:00
2024,12,26,22,93.71387097,93.71387097,26/12/2024 22:00
2024,12,26,23,85.78387097,85.78387097,26/12/2024 23:00
2024,12,26,24,77.28,77.27677419,27/12/2024 0:00
2024,12,27,1,69.78290323,69.76387097,27/12/2024 1:00
2024,12,27,2,63.8816129,63.83419355,27/12/2024 2:00
2024,12,27,3,59.43645161,59.37612903,27/12/2024 3:00
2024,12,27,4,56.02,55.95967742,27/12/2024 4:00
2024,12,27,5,54.21129032,53.93580645,27/12/2024 5:00
2024,12,27,6,56.58870968,56.58870968,27/12/2024 6:00
2024,12,27,7,62.81225806,62.81225806,27/12/2024 7:00
2024,12,27,8,73.27032258,73.29548387,27/12/2024 8:00
2024,12,27,9,80.41290323,81.01677419,27/12/2024 9:00
2024,12,27,10,77.70419355,77.72322581,27/12/2024 10:00
2024,12,27,11,68.3016129,68.16580645,27/12/2024 11:00
2024,12,27,12,62.46741935,62.29516129,27/12/2024 12:00
2024,12,27,13,59.71129032,59.63903226,27/12/2024 13:00
2024,12,27,14,58.58645161,58.19903226,27/12/2024 14:00
2024,12,27,15,58.36258065,58.08967742,27/12/2024 15:00
2024,12,27,16,59.97,59.83354839,27/12/2024 16:00
2024,12,27,17,70.07935484,69.9583871,27/12/2024 17:00
2024,12,27,18,86.61935484,87.01,27/12/2024 18:00
2024,12,27,19,96.13193548,96.13193548,27/12/2024 19:00
2024,12,27,20,100.5396774,100.5396774,27/12/2024 20:00
2024,12,27,21,101.2329032,101.2329032,27/12/2024 21:00
2024,12,27,22,93.71387097,93.71387097,27/12/2024 22:00
2024,12,27,23,85.78387097,85.78387097,27/12/2024 23:00
2024,12,27,24,77.28,77.27677419,28/12/2024 0:00
2024,12,28,1,69.78290323,69.76387097,28/12/2024 1:00
2024,12,28,2,63.8816129,63.83419355,28/12/2024 2:00
2024,12,28,3,59.43645161,59.37612903,28/12/2024 3:00
2024,12,28,4,56.02,55.95967742,28/12/2024 4:00
2024,12,28,5,54.21129032,53.93580645,28/12/2024 5:00
2024,12,28,6,56.58870968,56.58870968,28/12/2024 6:00
2024,12,28,7,62.81225806,62.81225806,28/12/2024 7:00
2024,12,28,8,73.27032258,73.29548387,28/12/2024 8:00
2024,12,28,9,80.41290323,81.01677419,28/12/2024 9:00
2024,12,28,10,77.70419355,77.72322581,28/12/2024 10:00
2024,12,28,11,68.3016129,68.16580645,28/12/2024 11:00
2024,12,28,12,62.46741935,62.29516129,28/12/2024 12:00
2024,12,28,13,59.71129032,59.63903226,28/12/2024 13:00
2024,12,28,14,58.58645161,58.19903226,28/12/2024 14:00
2024,12,28,15,58.36258065,58.08967742,28/12/2024 15:00
2024,12,28,16,59.97,59.83354839,28/12/2024 16:00
2024,12,28,17,70.07935484,69.9583871,28/12/2024 17:00
2024,12,28,18,86.61935484,87.01,28/12/2024 18:00
2024,12,28,19,96.13193548,96.13193548,28/12/2024 19:00
2024,12,28,20,100.5396774,100.5396774,28/12/2024 20:00
2024,12,28,21,101.2329032,101.2329032,28/12/2024 21:00
2024,12,28,22,93.71387097,93.71387097,28/12/2024 22:00
2024,12,28,23,85.78387097,85.78387097,28/12/2024 23:00
2024,12,28,24,77.28,77.27677419,29/12/2024 0:00
2024,12,29,1,69.78290323,69.76387097,29/12/2024 1:00
2024,12,29,2,63.8816129,63.83419355,29/12/2024 2:00
2024,12,29,3,59.43645161,59.37612903,29/12/2024 3:00
2024,12,29,4,56.02,55.95967742,29/12/2024 4:00
2024,12,29,5,54.21129032,53.93580645,29/12/2024 5:00
2024,12,29,6,56.58870968,56.58870968,29/12/2024 6:00
2024,12,29,7,62.81225806,62.81225806,29/12/2024 7:00
2024,12,29,8,73.27032258,73.29548387,29/12/2024 8:00
2024,12,29,9,80.41290323,81.01677419,29/12/2024 9:00
2024,12,29,10,77.70419355,77.72322581,29/12/2024 10:00
2024,12,29,11,68.3016129,68.16580645,29/12/2024 11:00
2024,12,29,12,62.46741935,62.29516129,29/12/2024 12:00
2024,12,29,13,59.71129032,59.63903226,29/12/2024 13:00
2024,12,29,14,58.58645161,58.19903226,29/12/2024 14:00
2024,12,29,15,58.36258065,58.08967742,29/12/2024 15:00
2024,12,29,16,59.97,59.83354839,29/12/2024 16:00
2024,12,29,17,70.07935484,69.9583871,29/12/2024 17:00
2024,12,29,18,86.61935484,87.01,29/12/2024 18:00
2024,12,29,19,96.13193548,96.13193548,29/12/2024 19:00
2024,12,29,20,100.5396774,100.5396774,29/12/2024 20:00
2024,12,29,21,101.2329032,101.2329032,29/12/2024 21:00
2024,12,29,22,93.71387097,93.71387097,29/12/2024 22:00
2024,12,29,23,85.78387097,85.78387097,29/12/2024 23:00
2024,12,29,24,77.28,77.27677419,30/12/2024 0:00
2024,12,30,1,69.78290323,69.76387097,30/12/2024 1:00
2024,12,30,2,63.8816129,63.83419355,30/12/2024 2:00
2024,12,30,3,59.43645161,59.37612903,30/12/2024 3:00
2024,12,30,4,56.02,55.95967742,30/12/2024 4:00
2024,12,30,5,54.21129032,53.93580645,30/12/2024 5:00
2024,12,30,6,56.58870968,56.58870968,30/12/2024 6:00
2024,12,30,7,62.81225806,62.81225806,30/12/2024 7:00
2024,12,30,8,73.27032258,73.29548387,30/12/2024 8:00
2024,12,30,9,80.41290323,81.01677419,30/12/2024 9:00
2024,12,30,10,77.70419355,77.72322581,30/12/2024 10:00
2024,12,30,11,68.3016129,68.16580645,30/12/2024 11:00
2024,12,30,12,62.46741935,62.29516129,30/12/2024 12:00
2024,12,30,13,59.71129032,59.63903226,30/12/2024 13:00
2024,12,30,14,58.58645161,58.19903226,30/12/2024 14:00
2024,12,30,15,58.36258065,58.08967742,30/12/2024 15:00
2024,12,30,16,59.97,59.83354839,30/12/2024 16:00
2024,12,30,17,70.07935484,69.9583871,30/12/2024 17:00
2024,12,30,18,86.61935484,87.01,30/12/2024 18:00
2024,12,30,19,96.13193548,96.13193548,30/12/2024 19:00
2024,12,30,20,100.5396774,100.5396774,30/12/2024 20:00
2024,12,30,21,101.2329032,101.2329032,30/12/2024 21:00
2024,12,30,22,93.71387097,93.71387097,30/12/2024 22:00
2024,12,30,23,85.78387097,85.78387097,30/12/2024 23:00
2024,12,30,24,77.28,77.27677419,31/12/2024 0:00
2024,12,31,1,69.78290323,69.76387097,31/12/2024 1:00
2024,12,31,2,63.8816129,63.83419355,31/12/2024 2:00
2024,12,31,3,59.43645161,59.37612903,31/12/2024 3:00
2024,12,31,4,56.02,55.95967742,31/12/2024 4:00
2024,12,31,5,54.21129032,53.93580645,31/12/2024 5:00
2024,12,31,6,56.58870968,56.58870968,31/12/2024 6:00
2024,12,31,7,62.81225806,62.81225806,31/12/2024 7:00
2024,12,31,8,73.27032258,73.29548387,31/12/2024 8:00
2024,12,31,9,80.41290323,81.01677419,31/12/2024 9:00
2024,12,31,10,77.70419355,77.72322581,31/12/2024 10:00
2024,12,31,11,68.3016129,68.16580645,31/12/2024 11:00
2024,12,31,12,62.46741935,62.29516129,31/12/2024 12:00
2024,12,31,13,59.71129032,59.63903226,31/12/2024 13:00
2024,12,31,14,58.58645161,58.19903226,31/12/2024 14:00
2024,12,31,15,58.36258065,58.08967742,31/12/2024 15:00
2024,12,31,16,59.97,59.83354839,31/12/2024 16:00
2024,12,31,17,70.07935484,69.9583871,31/12/2024 17:00
2024,12,31,18,86.61935484,87.01,31/12/2024 18:00
2024,12,31,19,96.13193548,96.13193548,31/12/2024 19:00
2024,12,31,20,100.5396774,100.5396774,31/12/2024 20:00
2024,12,31,21,101.2329032,101.2329032,31/12/2024 21:00
2024,12,31,22,93.71387097,93.71387097,31/12/2024 22:00
2024,12,31,23,85.78387097,85.78387097,31/12/2024 23:00
2024,12,31,24,77.28,77.27677419,01/01/2024 0:00
