Year,Month,Day,Hour,Spot_Price1,Spot_Price2,DateTime
2019,1.0,1.0,1.0,66.88,66.88,2019-01-01 01:00:00
2019,1.0,1.0,2.0,66.88,66.88,2019-01-01 02:00:00
2019,1.0,1.0,3.0,66.0,66.0,2019-01-01 03:00:00
2019,1.0,1.0,4.0,63.64,63.64,2019-01-01 04:00:00
2019,1.0,1.0,5.0,58.85,58.85,2019-01-01 05:00:00
2019,1.0,1.0,6.0,55.47,55.47,2019-01-01 06:00:00
2019,1.0,1.0,7.0,56.0,56.0,2019-01-01 07:00:00
2019,1.0,1.0,8.0,61.09,61.09,2019-01-01 08:00:00
2019,1.0,1.0,9.0,61.01,61.01,2019-01-01 09:00:00
2019,1.0,1.0,10.0,61.0,61.0,2019-01-01 10:00:00
2019,1.0,1.0,11.0,63.0,63.0,2019-01-01 11:00:00
2019,1.0,1.0,12.0,63.0,63.0,2019-01-01 12:00:00
2019,1.0,1.0,13.0,64.03,64.03,2019-01-01 13:00:00
2019,1.0,1.0,14.0,65.88,65.88,2019-01-01 14:00:00
2019,1.0,1.0,15.0,65.01,65.01,2019-01-01 15:00:00
2019,1.0,1.0,16.0,60.84,60.84,2019-01-01 16:00:00
2019,1.0,1.0,17.0,61.09,61.09,2019-01-01 17:00:00
2019,1.0,1.0,18.0,63.08,63.08,2019-01-01 18:00:00
2019,1.0,1.0,19.0,66.66,66.66,2019-01-01 19:00:00
2019,1.0,1.0,20.0,67.06,67.06,2019-01-01 20:00:00
2019,1.0,1.0,21.0,67.26,67.26,2019-01-01 21:00:00
2019,1.0,1.0,22.0,68.07,68.07,2019-01-01 22:00:00
2019,1.0,1.0,23.0,67.08,67.08,2019-01-01 23:00:00
2019,1.0,1.0,24.0,64.03,64.03,2019-01-02 00:00:00
2019,1.0,2.0,1.0,61.74,61.74,2019-01-02 01:00:00
2019,1.0,2.0,2.0,54.87,53.0,2019-01-02 02:00:00
2019,1.0,2.0,3.0,54.42,48.23,2019-01-02 03:00:00
2019,1.0,2.0,4.0,52.99,47.23,2019-01-02 04:00:00
2019,1.0,2.0,5.0,51.1,45.24,2019-01-02 05:00:00
2019,1.0,2.0,6.0,51.09,45.7,2019-01-02 06:00:00
2019,1.0,2.0,7.0,51.1,51.1,2019-01-02 07:00:00
2019,1.0,2.0,8.0,58.37,58.37,2019-01-02 08:00:00
2019,1.0,2.0,9.0,63.75,63.75,2019-01-02 09:00:00
2019,1.0,2.0,10.0,66.1,66.1,2019-01-02 10:00:00
2019,1.0,2.0,11.0,65.88,65.88,2019-01-02 11:00:00
2019,1.0,2.0,12.0,63.63,63.63,2019-01-02 12:00:00
2019,1.0,2.0,13.0,62.8,62.8,2019-01-02 13:00:00
2019,1.0,2.0,14.0,63.16,63.16,2019-01-02 14:00:00
2019,1.0,2.0,15.0,61.5,61.5,2019-01-02 15:00:00
2019,1.0,2.0,16.0,60.69,60.69,2019-01-02 16:00:00
2019,1.0,2.0,17.0,62.19,62.19,2019-01-02 17:00:00
2019,1.0,2.0,18.0,67.1,67.1,2019-01-02 18:00:00
2019,1.0,2.0,19.0,69.3,69.3,2019-01-02 19:00:00
2019,1.0,2.0,20.0,69.25,69.25,2019-01-02 20:00:00
2019,1.0,2.0,21.0,68.07,68.07,2019-01-02 21:00:00
2019,1.0,2.0,22.0,68.01,68.01,2019-01-02 22:00:00
2019,1.0,2.0,23.0,66.66,66.66,2019-01-02 23:00:00
2019,1.0,2.0,24.0,64.28,64.28,2019-01-03 00:00:00
2019,1.0,3.0,1.0,62.01,62.01,2019-01-03 01:00:00
2019,1.0,3.0,2.0,54.85,54.85,2019-01-03 02:00:00
2019,1.0,3.0,3.0,52.19,52.19,2019-01-03 03:00:00
2019,1.0,3.0,4.0,50.21,50.21,2019-01-03 04:00:00
2019,1.0,3.0,5.0,50.2,50.2,2019-01-03 05:00:00
2019,1.0,3.0,6.0,52.19,52.19,2019-01-03 06:00:00
2019,1.0,3.0,7.0,54.91,54.91,2019-01-03 07:00:00
2019,1.0,3.0,8.0,66.58,66.58,2019-01-03 08:00:00
2019,1.0,3.0,9.0,66.88,68.03,2019-01-03 09:00:00
2019,1.0,3.0,10.0,69.12,69.12,2019-01-03 10:00:00
2019,1.0,3.0,11.0,69.19,69.19,2019-01-03 11:00:00
2019,1.0,3.0,12.0,68.01,68.01,2019-01-03 12:00:00
2019,1.0,3.0,13.0,67.2,67.2,2019-01-03 13:00:00
2019,1.0,3.0,14.0,66.7,66.7,2019-01-03 14:00:00
2019,1.0,3.0,15.0,67.0,67.0,2019-01-03 15:00:00
2019,1.0,3.0,16.0,68.01,68.01,2019-01-03 16:00:00
2019,1.0,3.0,17.0,68.99,68.99,2019-01-03 17:00:00
2019,1.0,3.0,18.0,70.0,70.0,2019-01-03 18:00:00
2019,1.0,3.0,19.0,71.1,71.1,2019-01-03 19:00:00
2019,1.0,3.0,20.0,70.55,70.55,2019-01-03 20:00:00
2019,1.0,3.0,21.0,68.38,68.38,2019-01-03 21:00:00
2019,1.0,3.0,22.0,67.83,67.83,2019-01-03 22:00:00
2019,1.0,3.0,23.0,66.1,66.1,2019-01-03 23:00:00
2019,1.0,3.0,24.0,66.88,66.88,2019-01-04 00:00:00
2019,1.0,4.0,1.0,67.2,67.2,2019-01-04 01:00:00
2019,1.0,4.0,2.0,63.75,63.75,2019-01-04 02:00:00
2019,1.0,4.0,3.0,58.89,58.89,2019-01-04 03:00:00
2019,1.0,4.0,4.0,54.94,54.94,2019-01-04 04:00:00
2019,1.0,4.0,5.0,54.85,54.85,2019-01-04 05:00:00
2019,1.0,4.0,6.0,58.0,58.0,2019-01-04 06:00:00
2019,1.0,4.0,7.0,63.0,63.0,2019-01-04 07:00:00
2019,1.0,4.0,8.0,68.4,68.4,2019-01-04 08:00:00
2019,1.0,4.0,9.0,69.71,69.71,2019-01-04 09:00:00
2019,1.0,4.0,10.0,71.06,71.06,2019-01-04 10:00:00
2019,1.0,4.0,11.0,71.06,71.06,2019-01-04 11:00:00
2019,1.0,4.0,12.0,70.16,70.16,2019-01-04 12:00:00
2019,1.0,4.0,13.0,70.01,70.01,2019-01-04 13:00:00
2019,1.0,4.0,14.0,69.17,69.17,2019-01-04 14:00:00
2019,1.0,4.0,15.0,69.15,69.15,2019-01-04 15:00:00
2019,1.0,4.0,16.0,68.4,68.4,2019-01-04 16:00:00
2019,1.0,4.0,17.0,68.4,68.4,2019-01-04 17:00:00
2019,1.0,4.0,18.0,69.15,69.15,2019-01-04 18:00:00
2019,1.0,4.0,19.0,71.06,71.06,2019-01-04 19:00:00
2019,1.0,4.0,20.0,71.94,71.94,2019-01-04 20:00:00
2019,1.0,4.0,21.0,70.2,70.2,2019-01-04 21:00:00
2019,1.0,4.0,22.0,68.71,68.71,2019-01-04 22:00:00
2019,1.0,4.0,23.0,68.68,68.68,2019-01-04 23:00:00
2019,1.0,4.0,24.0,68.17,68.17,2019-01-05 00:00:00
2019,1.0,5.0,1.0,71.68,71.68,2019-01-05 01:00:00
2019,1.0,5.0,2.0,69.5,69.5,2019-01-05 02:00:00
2019,1.0,5.0,3.0,68.07,68.07,2019-01-05 03:00:00
2019,1.0,5.0,4.0,66.0,66.0,2019-01-05 04:00:00
2019,1.0,5.0,5.0,63.93,63.93,2019-01-05 05:00:00
2019,1.0,5.0,6.0,62.0,62.0,2019-01-05 06:00:00
2019,1.0,5.0,7.0,60.84,60.84,2019-01-05 07:00:00
2019,1.0,5.0,8.0,62.92,62.92,2019-01-05 08:00:00
2019,1.0,5.0,9.0,60.79,60.79,2019-01-05 09:00:00
2019,1.0,5.0,10.0,66.92,66.92,2019-01-05 10:00:00
2019,1.0,5.0,11.0,69.12,69.12,2019-01-05 11:00:00
2019,1.0,5.0,12.0,68.25,68.25,2019-01-05 12:00:00
2019,1.0,5.0,13.0,67.67,67.67,2019-01-05 13:00:00
2019,1.0,5.0,14.0,64.0,64.0,2019-01-05 14:00:00
2019,1.0,5.0,15.0,61.57,61.57,2019-01-05 15:00:00
2019,1.0,5.0,16.0,59.4,59.4,2019-01-05 16:00:00
2019,1.0,5.0,17.0,58.31,58.31,2019-01-05 17:00:00
2019,1.0,5.0,18.0,67.2,67.2,2019-01-05 18:00:00
2019,1.0,5.0,19.0,69.0,69.0,2019-01-05 19:00:00
2019,1.0,5.0,20.0,68.71,68.71,2019-01-05 20:00:00
2019,1.0,5.0,21.0,68.07,68.07,2019-01-05 21:00:00
2019,1.0,5.0,22.0,65.38,65.38,2019-01-05 22:00:00
2019,1.0,5.0,23.0,65.76,65.76,2019-01-05 23:00:00
2019,1.0,5.0,24.0,62.8,62.8,2019-01-06 00:00:00
2019,1.0,6.0,1.0,63.75,63.75,2019-01-06 01:00:00
2019,1.0,6.0,2.0,54.7,54.7,2019-01-06 02:00:00
2019,1.0,6.0,3.0,54.05,54.05,2019-01-06 03:00:00
2019,1.0,6.0,4.0,52.2,48.06,2019-01-06 04:00:00
2019,1.0,6.0,5.0,50.2,48.37,2019-01-06 05:00:00
2019,1.0,6.0,6.0,50.2,47.17,2019-01-06 06:00:00
2019,1.0,6.0,7.0,50.2,48.19,2019-01-06 07:00:00
2019,1.0,6.0,8.0,50.2,50.2,2019-01-06 08:00:00
2019,1.0,6.0,9.0,52.2,52.2,2019-01-06 09:00:00
2019,1.0,6.0,10.0,54.7,54.7,2019-01-06 10:00:00
2019,1.0,6.0,11.0,62.0,62.0,2019-01-06 11:00:00
2019,1.0,6.0,12.0,64.01,64.01,2019-01-06 12:00:00
2019,1.0,6.0,13.0,64.18,64.18,2019-01-06 13:00:00
2019,1.0,6.0,14.0,64.86,64.86,2019-01-06 14:00:00
2019,1.0,6.0,15.0,64.01,64.01,2019-01-06 15:00:00
2019,1.0,6.0,16.0,58.31,58.31,2019-01-06 16:00:00
2019,1.0,6.0,17.0,54.94,54.94,2019-01-06 17:00:00
2019,1.0,6.0,18.0,63.43,63.43,2019-01-06 18:00:00
2019,1.0,6.0,19.0,67.37,67.37,2019-01-06 19:00:00
2019,1.0,6.0,20.0,67.2,67.2,2019-01-06 20:00:00
2019,1.0,6.0,21.0,66.03,66.03,2019-01-06 21:00:00
2019,1.0,6.0,22.0,68.0,68.0,2019-01-06 22:00:00
2019,1.0,6.0,23.0,67.65,67.65,2019-01-06 23:00:00
2019,1.0,6.0,24.0,65.38,65.38,2019-01-07 00:00:00
2019,1.0,7.0,1.0,59.59,59.59,2019-01-07 01:00:00
2019,1.0,7.0,2.0,54.09,54.09,2019-01-07 02:00:00
2019,1.0,7.0,3.0,52.2,52.2,2019-01-07 03:00:00
2019,1.0,7.0,4.0,50.9,50.9,2019-01-07 04:00:00
2019,1.0,7.0,5.0,50.5,50.5,2019-01-07 05:00:00
2019,1.0,7.0,6.0,50.9,50.9,2019-01-07 06:00:00
2019,1.0,7.0,7.0,55.77,55.77,2019-01-07 07:00:00
2019,1.0,7.0,8.0,68.61,68.61,2019-01-07 08:00:00
2019,1.0,7.0,9.0,69.15,69.15,2019-01-07 09:00:00
2019,1.0,7.0,10.0,69.7,69.7,2019-01-07 10:00:00
2019,1.0,7.0,11.0,69.49,69.49,2019-01-07 11:00:00
2019,1.0,7.0,12.0,69.01,69.01,2019-01-07 12:00:00
2019,1.0,7.0,13.0,69.0,69.0,2019-01-07 13:00:00
2019,1.0,7.0,14.0,68.74,68.74,2019-01-07 14:00:00
2019,1.0,7.0,15.0,66.62,66.62,2019-01-07 15:00:00
2019,1.0,7.0,16.0,64.99,64.99,2019-01-07 16:00:00
2019,1.0,7.0,17.0,62.67,62.67,2019-01-07 17:00:00
2019,1.0,7.0,18.0,67.04,67.04,2019-01-07 18:00:00
2019,1.0,7.0,19.0,70.39,70.39,2019-01-07 19:00:00
2019,1.0,7.0,20.0,70.33,70.33,2019-01-07 20:00:00
2019,1.0,7.0,21.0,69.0,69.0,2019-01-07 21:00:00
2019,1.0,7.0,22.0,67.14,67.14,2019-01-07 22:00:00
2019,1.0,7.0,23.0,63.0,63.0,2019-01-07 23:00:00
2019,1.0,7.0,24.0,60.84,60.84,2019-01-08 00:00:00
2019,1.0,8.0,1.0,59.59,59.59,2019-01-08 01:00:00
2019,1.0,8.0,2.0,54.34,54.34,2019-01-08 02:00:00
2019,1.0,8.0,3.0,52.1,52.1,2019-01-08 03:00:00
2019,1.0,8.0,4.0,50.71,50.71,2019-01-08 04:00:00
2019,1.0,8.0,5.0,50.5,50.5,2019-01-08 05:00:00
2019,1.0,8.0,6.0,51.17,51.17,2019-01-08 06:00:00
2019,1.0,8.0,7.0,54.69,54.69,2019-01-08 07:00:00
2019,1.0,8.0,8.0,65.82,65.82,2019-01-08 08:00:00
2019,1.0,8.0,9.0,67.2,67.2,2019-01-08 09:00:00
2019,1.0,8.0,10.0,68.16,68.16,2019-01-08 10:00:00
2019,1.0,8.0,11.0,68.53,68.53,2019-01-08 11:00:00
2019,1.0,8.0,12.0,68.15,68.15,2019-01-08 12:00:00
2019,1.0,8.0,13.0,67.95,67.95,2019-01-08 13:00:00
2019,1.0,8.0,14.0,67.97,67.97,2019-01-08 14:00:00
2019,1.0,8.0,15.0,65.48,65.48,2019-01-08 15:00:00
2019,1.0,8.0,16.0,63.16,63.13,2019-01-08 16:00:00
2019,1.0,8.0,17.0,60.66,59.99,2019-01-08 17:00:00
2019,1.0,8.0,18.0,67.25,67.25,2019-01-08 18:00:00
2019,1.0,8.0,19.0,69.94,69.94,2019-01-08 19:00:00
2019,1.0,8.0,20.0,70.0,70.0,2019-01-08 20:00:00
2019,1.0,8.0,21.0,68.15,68.15,2019-01-08 21:00:00
2019,1.0,8.0,22.0,67.25,67.25,2019-01-08 22:00:00
2019,1.0,8.0,23.0,63.7,63.7,2019-01-08 23:00:00
2019,1.0,8.0,24.0,58.85,58.85,2019-01-09 00:00:00
2019,1.0,9.0,1.0,65.25,54.09,2019-01-09 01:00:00
2019,1.0,9.0,2.0,52.5,52.5,2019-01-09 02:00:00
2019,1.0,9.0,3.0,51.6,49.4,2019-01-09 03:00:00
2019,1.0,9.0,4.0,50.29,49.6,2019-01-09 04:00:00
2019,1.0,9.0,5.0,49.79,49.4,2019-01-09 05:00:00
2019,1.0,9.0,6.0,49.99,49.99,2019-01-09 06:00:00
2019,1.0,9.0,7.0,53.28,53.28,2019-01-09 07:00:00
2019,1.0,9.0,8.0,64.07,64.07,2019-01-09 08:00:00
2019,1.0,9.0,9.0,67.16,67.16,2019-01-09 09:00:00
2019,1.0,9.0,10.0,67.29,67.29,2019-01-09 10:00:00
2019,1.0,9.0,11.0,67.2,67.2,2019-01-09 11:00:00
2019,1.0,9.0,12.0,67.0,67.0,2019-01-09 12:00:00
2019,1.0,9.0,13.0,64.97,64.97,2019-01-09 13:00:00
2019,1.0,9.0,14.0,65.25,64.25,2019-01-09 14:00:00
2019,1.0,9.0,15.0,65.25,61.46,2019-01-09 15:00:00
2019,1.0,9.0,16.0,65.25,58.64,2019-01-09 16:00:00
2019,1.0,9.0,17.0,61.71,61.49,2019-01-09 17:00:00
2019,1.0,9.0,18.0,67.05,67.05,2019-01-09 18:00:00
2019,1.0,9.0,19.0,68.53,68.53,2019-01-09 19:00:00
2019,1.0,9.0,20.0,69.01,69.01,2019-01-09 20:00:00
2019,1.0,9.0,21.0,66.58,66.58,2019-01-09 21:00:00
2019,1.0,9.0,22.0,64.54,64.54,2019-01-09 22:00:00
2019,1.0,9.0,23.0,62.44,62.44,2019-01-09 23:00:00
2019,1.0,9.0,24.0,54.7,54.7,2019-01-10 00:00:00
2019,1.0,10.0,1.0,58.6,58.6,2019-01-10 01:00:00
2019,1.0,10.0,2.0,50.49,50.49,2019-01-10 02:00:00
2019,1.0,10.0,3.0,51.2,51.2,2019-01-10 03:00:00
2019,1.0,10.0,4.0,48.8,48.8,2019-01-10 04:00:00
2019,1.0,10.0,5.0,48.5,48.5,2019-01-10 05:00:00
2019,1.0,10.0,6.0,49.8,49.8,2019-01-10 06:00:00
2019,1.0,10.0,7.0,57.74,57.74,2019-01-10 07:00:00
2019,1.0,10.0,8.0,66.18,66.18,2019-01-10 08:00:00
2019,1.0,10.0,9.0,67.2,67.2,2019-01-10 09:00:00
2019,1.0,10.0,10.0,68.0,68.0,2019-01-10 10:00:00
2019,1.0,10.0,11.0,67.73,67.73,2019-01-10 11:00:00
2019,1.0,10.0,12.0,67.05,67.05,2019-01-10 12:00:00
2019,1.0,10.0,13.0,66.15,66.15,2019-01-10 13:00:00
2019,1.0,10.0,14.0,66.01,66.01,2019-01-10 14:00:00
2019,1.0,10.0,15.0,64.18,64.18,2019-01-10 15:00:00
2019,1.0,10.0,16.0,63.52,63.52,2019-01-10 16:00:00
2019,1.0,10.0,17.0,64.6,64.6,2019-01-10 17:00:00
2019,1.0,10.0,18.0,67.2,67.2,2019-01-10 18:00:00
2019,1.0,10.0,19.0,69.0,69.0,2019-01-10 19:00:00
2019,1.0,10.0,20.0,69.69,69.69,2019-01-10 20:00:00
2019,1.0,10.0,21.0,69.75,69.75,2019-01-10 21:00:00
2019,1.0,10.0,22.0,67.73,67.73,2019-01-10 22:00:00
2019,1.0,10.0,23.0,65.52,65.52,2019-01-10 23:00:00
2019,1.0,10.0,24.0,63.02,63.02,2019-01-11 00:00:00
2019,1.0,11.0,1.0,60.84,60.84,2019-01-11 01:00:00
2019,1.0,11.0,2.0,55.61,55.61,2019-01-11 02:00:00
2019,1.0,11.0,3.0,52.85,52.85,2019-01-11 03:00:00
2019,1.0,11.0,4.0,51.0,51.0,2019-01-11 04:00:00
2019,1.0,11.0,5.0,49.98,49.98,2019-01-11 05:00:00
2019,1.0,11.0,6.0,51.6,51.6,2019-01-11 06:00:00
2019,1.0,11.0,7.0,58.31,58.31,2019-01-11 07:00:00
2019,1.0,11.0,8.0,68.35,68.35,2019-01-11 08:00:00
2019,1.0,11.0,9.0,69.01,69.01,2019-01-11 09:00:00
2019,1.0,11.0,10.0,69.45,69.45,2019-01-11 10:00:00
2019,1.0,11.0,11.0,69.01,69.01,2019-01-11 11:00:00
2019,1.0,11.0,12.0,67.71,67.71,2019-01-11 12:00:00
2019,1.0,11.0,13.0,67.69,67.69,2019-01-11 13:00:00
2019,1.0,11.0,14.0,67.2,67.2,2019-01-11 14:00:00
2019,1.0,11.0,15.0,67.66,67.66,2019-01-11 15:00:00
2019,1.0,11.0,16.0,66.06,66.06,2019-01-11 16:00:00
2019,1.0,11.0,17.0,66.18,66.18,2019-01-11 17:00:00
2019,1.0,11.0,18.0,68.07,68.07,2019-01-11 18:00:00
2019,1.0,11.0,19.0,70.0,70.0,2019-01-11 19:00:00
2019,1.0,11.0,20.0,70.45,70.45,2019-01-11 20:00:00
2019,1.0,11.0,21.0,69.19,69.19,2019-01-11 21:00:00
2019,1.0,11.0,22.0,67.12,67.12,2019-01-11 22:00:00
2019,1.0,11.0,23.0,66.03,66.03,2019-01-11 23:00:00
2019,1.0,11.0,24.0,63.9,63.9,2019-01-12 00:00:00
2019,1.0,12.0,1.0,67.18,67.18,2019-01-12 01:00:00
2019,1.0,12.0,2.0,59.86,59.86,2019-01-12 02:00:00
2019,1.0,12.0,3.0,53.89,53.89,2019-01-12 03:00:00
2019,1.0,12.0,4.0,51.6,51.6,2019-01-12 04:00:00
2019,1.0,12.0,5.0,51.4,51.4,2019-01-12 05:00:00
2019,1.0,12.0,6.0,51.45,51.45,2019-01-12 06:00:00
2019,1.0,12.0,7.0,52.37,52.37,2019-01-12 07:00:00
2019,1.0,12.0,8.0,57.49,57.49,2019-01-12 08:00:00
2019,1.0,12.0,9.0,64.0,64.0,2019-01-12 09:00:00
2019,1.0,12.0,10.0,68.0,68.0,2019-01-12 10:00:00
2019,1.0,12.0,11.0,68.39,68.39,2019-01-12 11:00:00
2019,1.0,12.0,12.0,67.13,67.13,2019-01-12 12:00:00
2019,1.0,12.0,13.0,64.69,64.69,2019-01-12 13:00:00
2019,1.0,12.0,14.0,66.12,66.12,2019-01-12 14:00:00
2019,1.0,12.0,15.0,64.58,64.58,2019-01-12 15:00:00
2019,1.0,12.0,16.0,59.86,59.86,2019-01-12 16:00:00
2019,1.0,12.0,17.0,57.52,57.52,2019-01-12 17:00:00
2019,1.0,12.0,18.0,59.86,59.86,2019-01-12 18:00:00
2019,1.0,12.0,19.0,68.39,68.39,2019-01-12 19:00:00
2019,1.0,12.0,20.0,69.45,69.45,2019-01-12 20:00:00
2019,1.0,12.0,21.0,69.69,69.69,2019-01-12 21:00:00
2019,1.0,12.0,22.0,69.45,69.45,2019-01-12 22:00:00
2019,1.0,12.0,23.0,68.71,68.71,2019-01-12 23:00:00
2019,1.0,12.0,24.0,67.83,67.83,2019-01-13 00:00:00
2019,1.0,13.0,1.0,57.48,57.48,2019-01-13 01:00:00
2019,1.0,13.0,2.0,52.29,52.29,2019-01-13 02:00:00
2019,1.0,13.0,3.0,51.19,50.81,2019-01-13 03:00:00
2019,1.0,13.0,4.0,50.79,50.0,2019-01-13 04:00:00
2019,1.0,13.0,5.0,49.91,49.91,2019-01-13 05:00:00
2019,1.0,13.0,6.0,50.79,49.91,2019-01-13 06:00:00
2019,1.0,13.0,7.0,50.79,49.97,2019-01-13 07:00:00
2019,1.0,13.0,8.0,51.19,50.97,2019-01-13 08:00:00
2019,1.0,13.0,9.0,51.31,51.31,2019-01-13 09:00:00
2019,1.0,13.0,10.0,52.29,52.29,2019-01-13 10:00:00
2019,1.0,13.0,11.0,61.78,61.78,2019-01-13 11:00:00
2019,1.0,13.0,12.0,62.5,62.5,2019-01-13 12:00:00
2019,1.0,13.0,13.0,63.15,63.15,2019-01-13 13:00:00
2019,1.0,13.0,14.0,66.0,66.0,2019-01-13 14:00:00
2019,1.0,13.0,15.0,66.0,66.0,2019-01-13 15:00:00
2019,1.0,13.0,16.0,63.67,63.67,2019-01-13 16:00:00
2019,1.0,13.0,17.0,60.82,60.82,2019-01-13 17:00:00
2019,1.0,13.0,18.0,64.39,64.39,2019-01-13 18:00:00
2019,1.0,13.0,19.0,68.52,68.52,2019-01-13 19:00:00
2019,1.0,13.0,20.0,70.11,70.11,2019-01-13 20:00:00
2019,1.0,13.0,21.0,71.69,71.69,2019-01-13 21:00:00
2019,1.0,13.0,22.0,71.69,71.69,2019-01-13 22:00:00
2019,1.0,13.0,23.0,70.01,70.01,2019-01-13 23:00:00
2019,1.0,13.0,24.0,68.0,68.0,2019-01-14 00:00:00
2019,1.0,14.0,1.0,69.89,60.0,2019-01-14 01:00:00
2019,1.0,14.0,2.0,68.88,51.91,2019-01-14 02:00:00
2019,1.0,14.0,3.0,67.01,51.41,2019-01-14 03:00:00
2019,1.0,14.0,4.0,66.16,50.81,2019-01-14 04:00:00
2019,1.0,14.0,5.0,56.2,50.47,2019-01-14 05:00:00
2019,1.0,14.0,6.0,56.2,51.31,2019-01-14 06:00:00
2019,1.0,14.0,7.0,56.2,56.2,2019-01-14 07:00:00
2019,1.0,14.0,8.0,66.49,66.49,2019-01-14 08:00:00
2019,1.0,14.0,9.0,67.83,67.83,2019-01-14 09:00:00
2019,1.0,14.0,10.0,68.07,68.07,2019-01-14 10:00:00
2019,1.0,14.0,11.0,67.27,67.27,2019-01-14 11:00:00
2019,1.0,14.0,12.0,67.0,67.0,2019-01-14 12:00:00
2019,1.0,14.0,13.0,67.2,67.2,2019-01-14 13:00:00
2019,1.0,14.0,14.0,66.42,66.42,2019-01-14 14:00:00
2019,1.0,14.0,15.0,64.33,64.33,2019-01-14 15:00:00
2019,1.0,14.0,16.0,62.56,62.56,2019-01-14 16:00:00
2019,1.0,14.0,17.0,62.84,62.84,2019-01-14 17:00:00
2019,1.0,14.0,18.0,68.07,68.07,2019-01-14 18:00:00
2019,1.0,14.0,19.0,71.64,71.64,2019-01-14 19:00:00
2019,1.0,14.0,20.0,72.52,72.52,2019-01-14 20:00:00
2019,1.0,14.0,21.0,71.81,71.81,2019-01-14 21:00:00
2019,1.0,14.0,22.0,70.11,70.11,2019-01-14 22:00:00
2019,1.0,14.0,23.0,68.4,68.4,2019-01-14 23:00:00
2019,1.0,14.0,24.0,65.54,65.54,2019-01-15 00:00:00
2019,1.0,15.0,1.0,60.0,60.0,2019-01-15 01:00:00
2019,1.0,15.0,2.0,56.2,56.2,2019-01-15 02:00:00
2019,1.0,15.0,3.0,54.9,54.9,2019-01-15 03:00:00
2019,1.0,15.0,4.0,54.9,54.9,2019-01-15 04:00:00
2019,1.0,15.0,5.0,54.9,54.9,2019-01-15 05:00:00
2019,1.0,15.0,6.0,57.57,57.57,2019-01-15 06:00:00
2019,1.0,15.0,7.0,66.01,66.01,2019-01-15 07:00:00
2019,1.0,15.0,8.0,68.65,68.65,2019-01-15 08:00:00
2019,1.0,15.0,9.0,70.16,70.16,2019-01-15 09:00:00
2019,1.0,15.0,10.0,70.11,70.11,2019-01-15 10:00:00
2019,1.0,15.0,11.0,71.04,71.04,2019-01-15 11:00:00
2019,1.0,15.0,12.0,70.11,70.11,2019-01-15 12:00:00
2019,1.0,15.0,13.0,69.43,69.43,2019-01-15 13:00:00
2019,1.0,15.0,14.0,69.43,69.43,2019-01-15 14:00:00
2019,1.0,15.0,15.0,69.13,69.13,2019-01-15 15:00:00
2019,1.0,15.0,16.0,68.99,68.99,2019-01-15 16:00:00
2019,1.0,15.0,17.0,69.08,69.08,2019-01-15 17:00:00
2019,1.0,15.0,18.0,71.52,71.52,2019-01-15 18:00:00
2019,1.0,15.0,19.0,74.05,74.05,2019-01-15 19:00:00
2019,1.0,15.0,20.0,74.74,74.74,2019-01-15 20:00:00
2019,1.0,15.0,21.0,72.92,72.92,2019-01-15 21:00:00
2019,1.0,15.0,22.0,72.71,72.71,2019-01-15 22:00:00
2019,1.0,15.0,23.0,71.88,71.88,2019-01-15 23:00:00
2019,1.0,15.0,24.0,70.16,70.16,2019-01-16 00:00:00
2019,1.0,16.0,1.0,70.16,70.16,2019-01-16 01:00:00
2019,1.0,16.0,2.0,68.4,68.4,2019-01-16 02:00:00
2019,1.0,16.0,3.0,66.0,66.0,2019-01-16 03:00:00
2019,1.0,16.0,4.0,63.93,63.93,2019-01-16 04:00:00
2019,1.0,16.0,5.0,61.07,61.07,2019-01-16 05:00:00
2019,1.0,16.0,6.0,63.93,63.93,2019-01-16 06:00:00
2019,1.0,16.0,7.0,68.07,68.07,2019-01-16 07:00:00
2019,1.0,16.0,8.0,70.3,70.3,2019-01-16 08:00:00
2019,1.0,16.0,9.0,71.69,71.69,2019-01-16 09:00:00
2019,1.0,16.0,10.0,72.47,72.47,2019-01-16 10:00:00
2019,1.0,16.0,11.0,72.2,72.2,2019-01-16 11:00:00
2019,1.0,16.0,12.0,71.04,71.04,2019-01-16 12:00:00
2019,1.0,16.0,13.0,70.04,70.04,2019-01-16 13:00:00
2019,1.0,16.0,14.0,70.0,70.0,2019-01-16 14:00:00
2019,1.0,16.0,15.0,68.71,68.71,2019-01-16 15:00:00
2019,1.0,16.0,16.0,68.29,68.29,2019-01-16 16:00:00
2019,1.0,16.0,17.0,68.29,68.29,2019-01-16 17:00:00
2019,1.0,16.0,18.0,69.59,69.59,2019-01-16 18:00:00
2019,1.0,16.0,19.0,72.33,72.33,2019-01-16 19:00:00
2019,1.0,16.0,20.0,72.95,72.95,2019-01-16 20:00:00
2019,1.0,16.0,21.0,72.2,72.2,2019-01-16 21:00:00
2019,1.0,16.0,22.0,72.99,72.99,2019-01-16 22:00:00
2019,1.0,16.0,23.0,71.59,71.59,2019-01-16 23:00:00
2019,1.0,16.0,24.0,70.0,70.0,2019-01-17 00:00:00
2019,1.0,17.0,1.0,67.36,67.36,2019-01-17 01:00:00
2019,1.0,17.0,2.0,65.54,65.54,2019-01-17 02:00:00
2019,1.0,17.0,3.0,58.9,58.9,2019-01-17 03:00:00
2019,1.0,17.0,4.0,55.0,55.0,2019-01-17 04:00:00
2019,1.0,17.0,5.0,52.2,52.2,2019-01-17 05:00:00
2019,1.0,17.0,6.0,54.1,54.1,2019-01-17 06:00:00
2019,1.0,17.0,7.0,60.02,60.02,2019-01-17 07:00:00
2019,1.0,17.0,8.0,67.07,67.07,2019-01-17 08:00:00
2019,1.0,17.0,9.0,68.17,68.17,2019-01-17 09:00:00
2019,1.0,17.0,10.0,68.13,68.13,2019-01-17 10:00:00
2019,1.0,17.0,11.0,68.07,68.07,2019-01-17 11:00:00
2019,1.0,17.0,12.0,67.46,67.46,2019-01-17 12:00:00
2019,1.0,17.0,13.0,67.16,67.16,2019-01-17 13:00:00
2019,1.0,17.0,14.0,67.01,67.01,2019-01-17 14:00:00
2019,1.0,17.0,15.0,65.18,65.18,2019-01-17 15:00:00
2019,1.0,17.0,16.0,65.08,65.08,2019-01-17 16:00:00
2019,1.0,17.0,17.0,66.26,66.26,2019-01-17 17:00:00
2019,1.0,17.0,18.0,68.25,68.25,2019-01-17 18:00:00
2019,1.0,17.0,19.0,71.45,72.09,2019-01-17 19:00:00
2019,1.0,17.0,20.0,73.45,73.45,2019-01-17 20:00:00
2019,1.0,17.0,21.0,70.84,70.84,2019-01-17 21:00:00
2019,1.0,17.0,22.0,70.11,70.11,2019-01-17 22:00:00
2019,1.0,17.0,23.0,68.74,68.74,2019-01-17 23:00:00
2019,1.0,17.0,24.0,68.12,68.12,2019-01-18 00:00:00
2019,1.0,18.0,1.0,68.1,68.1,2019-01-18 01:00:00
2019,1.0,18.0,2.0,66.05,66.05,2019-01-18 02:00:00
2019,1.0,18.0,3.0,61.87,61.87,2019-01-18 03:00:00
2019,1.0,18.0,4.0,58.85,58.85,2019-01-18 04:00:00
2019,1.0,18.0,5.0,58.07,58.07,2019-01-18 05:00:00
2019,1.0,18.0,6.0,61.06,61.06,2019-01-18 06:00:00
2019,1.0,18.0,7.0,66.31,66.31,2019-01-18 07:00:00
2019,1.0,18.0,8.0,71.35,71.35,2019-01-18 08:00:00
2019,1.0,18.0,9.0,71.94,71.94,2019-01-18 09:00:00
2019,1.0,18.0,10.0,71.95,71.95,2019-01-18 10:00:00
2019,1.0,18.0,11.0,72.01,72.01,2019-01-18 11:00:00
2019,1.0,18.0,12.0,71.2,71.2,2019-01-18 12:00:00
2019,1.0,18.0,13.0,69.74,69.74,2019-01-18 13:00:00
2019,1.0,18.0,14.0,68.6,68.6,2019-01-18 14:00:00
2019,1.0,18.0,15.0,67.44,67.44,2019-01-18 15:00:00
2019,1.0,18.0,16.0,68.14,68.14,2019-01-18 16:00:00
2019,1.0,18.0,17.0,69.0,69.0,2019-01-18 17:00:00
2019,1.0,18.0,18.0,70.11,70.11,2019-01-18 18:00:00
2019,1.0,18.0,19.0,70.74,70.74,2019-01-18 19:00:00
2019,1.0,18.0,20.0,71.69,71.69,2019-01-18 20:00:00
2019,1.0,18.0,21.0,70.74,70.74,2019-01-18 21:00:00
2019,1.0,18.0,22.0,69.69,69.69,2019-01-18 22:00:00
2019,1.0,18.0,23.0,68.5,68.5,2019-01-18 23:00:00
2019,1.0,18.0,24.0,68.36,68.36,2019-01-19 00:00:00
2019,1.0,19.0,1.0,70.16,70.16,2019-01-19 01:00:00
2019,1.0,19.0,2.0,68.4,68.4,2019-01-19 02:00:00
2019,1.0,19.0,3.0,64.11,64.11,2019-01-19 03:00:00
2019,1.0,19.0,4.0,59.2,59.2,2019-01-19 04:00:00
2019,1.0,19.0,5.0,55.55,55.55,2019-01-19 05:00:00
2019,1.0,19.0,6.0,56.6,56.6,2019-01-19 06:00:00
2019,1.0,19.0,7.0,57.96,57.96,2019-01-19 07:00:00
2019,1.0,19.0,8.0,62.84,62.84,2019-01-19 08:00:00
2019,1.0,19.0,9.0,65.48,65.48,2019-01-19 09:00:00
2019,1.0,19.0,10.0,68.71,68.71,2019-01-19 10:00:00
2019,1.0,19.0,11.0,68.5,68.5,2019-01-19 11:00:00
2019,1.0,19.0,12.0,68.25,68.25,2019-01-19 12:00:00
2019,1.0,19.0,13.0,66.95,66.95,2019-01-19 13:00:00
2019,1.0,19.0,14.0,64.2,64.2,2019-01-19 14:00:00
2019,1.0,19.0,15.0,63.93,63.93,2019-01-19 15:00:00
2019,1.0,19.0,16.0,61.73,61.73,2019-01-19 16:00:00
2019,1.0,19.0,17.0,62.93,62.93,2019-01-19 17:00:00
2019,1.0,19.0,18.0,66.4,66.4,2019-01-19 18:00:00
2019,1.0,19.0,19.0,68.71,68.71,2019-01-19 19:00:00
2019,1.0,19.0,20.0,70.0,70.0,2019-01-19 20:00:00
2019,1.0,19.0,21.0,67.56,67.56,2019-01-19 21:00:00
2019,1.0,19.0,22.0,66.42,66.42,2019-01-19 22:00:00
2019,1.0,19.0,23.0,66.02,66.02,2019-01-19 23:00:00
2019,1.0,19.0,24.0,63.5,63.5,2019-01-20 00:00:00
2019,1.0,20.0,1.0,66.69,66.69,2019-01-20 01:00:00
2019,1.0,20.0,2.0,63.41,63.41,2019-01-20 02:00:00
2019,1.0,20.0,3.0,60.44,60.44,2019-01-20 03:00:00
2019,1.0,20.0,4.0,54.6,54.6,2019-01-20 04:00:00
2019,1.0,20.0,5.0,51.52,51.52,2019-01-20 05:00:00
2019,1.0,20.0,6.0,51.71,51.71,2019-01-20 06:00:00
2019,1.0,20.0,7.0,51.98,51.98,2019-01-20 07:00:00
2019,1.0,20.0,8.0,54.72,54.72,2019-01-20 08:00:00
2019,1.0,20.0,9.0,54.47,54.47,2019-01-20 09:00:00
2019,1.0,20.0,10.0,62.91,62.91,2019-01-20 10:00:00
2019,1.0,20.0,11.0,66.3,66.3,2019-01-20 11:00:00
2019,1.0,20.0,12.0,66.15,66.15,2019-01-20 12:00:00
2019,1.0,20.0,13.0,65.12,65.12,2019-01-20 13:00:00
2019,1.0,20.0,14.0,62.41,62.41,2019-01-20 14:00:00
2019,1.0,20.0,15.0,58.57,58.57,2019-01-20 15:00:00
2019,1.0,20.0,16.0,55.39,55.39,2019-01-20 16:00:00
2019,1.0,20.0,17.0,58.02,58.02,2019-01-20 17:00:00
2019,1.0,20.0,18.0,66.68,66.68,2019-01-20 18:00:00
2019,1.0,20.0,19.0,69.0,69.0,2019-01-20 19:00:00
2019,1.0,20.0,20.0,70.11,70.11,2019-01-20 20:00:00
2019,1.0,20.0,21.0,70.01,70.01,2019-01-20 21:00:00
2019,1.0,20.0,22.0,69.08,69.08,2019-01-20 22:00:00
2019,1.0,20.0,23.0,68.21,68.21,2019-01-20 23:00:00
2019,1.0,20.0,24.0,64.5,64.5,2019-01-21 00:00:00
2019,1.0,21.0,1.0,55.54,55.54,2019-01-21 01:00:00
2019,1.0,21.0,2.0,53.02,53.02,2019-01-21 02:00:00
2019,1.0,21.0,3.0,52.1,52.1,2019-01-21 03:00:00
2019,1.0,21.0,4.0,51.31,51.31,2019-01-21 04:00:00
2019,1.0,21.0,5.0,51.14,51.14,2019-01-21 05:00:00
2019,1.0,21.0,6.0,53.23,53.23,2019-01-21 06:00:00
2019,1.0,21.0,7.0,64.45,64.45,2019-01-21 07:00:00
2019,1.0,21.0,8.0,68.87,68.87,2019-01-21 08:00:00
2019,1.0,21.0,9.0,70.41,70.75,2019-01-21 09:00:00
2019,1.0,21.0,10.0,70.98,71.94,2019-01-21 10:00:00
2019,1.0,21.0,11.0,71.69,71.69,2019-01-21 11:00:00
2019,1.0,21.0,12.0,70.47,70.47,2019-01-21 12:00:00
2019,1.0,21.0,13.0,70.0,70.0,2019-01-21 13:00:00
2019,1.0,21.0,14.0,69.0,69.0,2019-01-21 14:00:00
2019,1.0,21.0,15.0,68.3,68.3,2019-01-21 15:00:00
2019,1.0,21.0,16.0,68.25,68.25,2019-01-21 16:00:00
2019,1.0,21.0,17.0,68.4,68.4,2019-01-21 17:00:00
2019,1.0,21.0,18.0,70.0,70.0,2019-01-21 18:00:00
2019,1.0,21.0,19.0,71.69,71.69,2019-01-21 19:00:00
2019,1.0,21.0,20.0,73.15,73.15,2019-01-21 20:00:00
2019,1.0,21.0,21.0,73.9,73.9,2019-01-21 21:00:00
2019,1.0,21.0,22.0,71.05,71.05,2019-01-21 22:00:00
2019,1.0,21.0,23.0,69.01,69.01,2019-01-21 23:00:00
2019,1.0,21.0,24.0,67.02,67.02,2019-01-22 00:00:00
2019,1.0,22.0,1.0,63.93,63.93,2019-01-22 01:00:00
2019,1.0,22.0,2.0,58.71,58.71,2019-01-22 02:00:00
2019,1.0,22.0,3.0,56.68,56.68,2019-01-22 03:00:00
2019,1.0,22.0,4.0,52.92,52.92,2019-01-22 04:00:00
2019,1.0,22.0,5.0,52.1,52.1,2019-01-22 05:00:00
2019,1.0,22.0,6.0,54.67,54.67,2019-01-22 06:00:00
2019,1.0,22.0,7.0,63.57,63.57,2019-01-22 07:00:00
2019,1.0,22.0,8.0,70.01,70.01,2019-01-22 08:00:00
2019,1.0,22.0,9.0,70.47,70.47,2019-01-22 09:00:00
2019,1.0,22.0,10.0,71.2,71.2,2019-01-22 10:00:00
2019,1.0,22.0,11.0,70.9,70.9,2019-01-22 11:00:00
2019,1.0,22.0,12.0,70.11,70.11,2019-01-22 12:00:00
2019,1.0,22.0,13.0,69.56,69.56,2019-01-22 13:00:00
2019,1.0,22.0,14.0,68.4,68.4,2019-01-22 14:00:00
2019,1.0,22.0,15.0,67.01,67.01,2019-01-22 15:00:00
2019,1.0,22.0,16.0,64.24,64.24,2019-01-22 16:00:00
2019,1.0,22.0,17.0,63.93,63.93,2019-01-22 17:00:00
2019,1.0,22.0,18.0,64.8,64.8,2019-01-22 18:00:00
2019,1.0,22.0,19.0,68.12,68.12,2019-01-22 19:00:00
2019,1.0,22.0,20.0,69.56,69.56,2019-01-22 20:00:00
2019,1.0,22.0,21.0,70.1,70.1,2019-01-22 21:00:00
2019,1.0,22.0,22.0,68.71,68.71,2019-01-22 22:00:00
2019,1.0,22.0,23.0,66.52,66.52,2019-01-22 23:00:00
2019,1.0,22.0,24.0,53.02,53.02,2019-01-23 00:00:00
2019,1.0,23.0,1.0,51.57,51.57,2019-01-23 01:00:00
2019,1.0,23.0,2.0,51.0,51.0,2019-01-23 02:00:00
2019,1.0,23.0,3.0,50.0,50.0,2019-01-23 03:00:00
2019,1.0,23.0,4.0,49.56,49.56,2019-01-23 04:00:00
2019,1.0,23.0,5.0,49.05,49.05,2019-01-23 05:00:00
2019,1.0,23.0,6.0,49.49,49.49,2019-01-23 06:00:00
2019,1.0,23.0,7.0,50.41,50.41,2019-01-23 07:00:00
2019,1.0,23.0,8.0,63.0,63.0,2019-01-23 08:00:00
2019,1.0,23.0,9.0,66.58,66.58,2019-01-23 09:00:00
2019,1.0,23.0,10.0,67.31,67.31,2019-01-23 10:00:00
2019,1.0,23.0,11.0,67.27,67.27,2019-01-23 11:00:00
2019,1.0,23.0,12.0,66.96,66.96,2019-01-23 12:00:00
2019,1.0,23.0,13.0,66.16,66.16,2019-01-23 13:00:00
2019,1.0,23.0,14.0,65.04,65.04,2019-01-23 14:00:00
2019,1.0,23.0,15.0,60.45,60.45,2019-01-23 15:00:00
2019,1.0,23.0,16.0,58.99,58.99,2019-01-23 16:00:00
2019,1.0,23.0,17.0,59.88,59.88,2019-01-23 17:00:00
2019,1.0,23.0,18.0,63.93,63.93,2019-01-23 18:00:00
2019,1.0,23.0,19.0,66.96,66.96,2019-01-23 19:00:00
2019,1.0,23.0,20.0,68.07,68.07,2019-01-23 20:00:00
2019,1.0,23.0,21.0,68.89,68.89,2019-01-23 21:00:00
2019,1.0,23.0,22.0,68.4,68.4,2019-01-23 22:00:00
2019,1.0,23.0,23.0,66.52,66.52,2019-01-23 23:00:00
2019,1.0,23.0,24.0,52.28,52.28,2019-01-24 00:00:00
2019,1.0,24.0,1.0,50.91,50.91,2019-01-24 01:00:00
2019,1.0,24.0,2.0,50.19,50.19,2019-01-24 02:00:00
2019,1.0,24.0,3.0,49.56,49.56,2019-01-24 03:00:00
2019,1.0,24.0,4.0,49.05,49.05,2019-01-24 04:00:00
2019,1.0,24.0,5.0,49.24,49.24,2019-01-24 05:00:00
2019,1.0,24.0,6.0,50.0,50.0,2019-01-24 06:00:00
2019,1.0,24.0,7.0,50.55,50.55,2019-01-24 07:00:00
2019,1.0,24.0,8.0,61.3,61.3,2019-01-24 08:00:00
2019,1.0,24.0,9.0,66.67,66.67,2019-01-24 09:00:00
2019,1.0,24.0,10.0,67.85,67.85,2019-01-24 10:00:00
2019,1.0,24.0,11.0,68.01,68.01,2019-01-24 11:00:00
2019,1.0,24.0,12.0,67.24,67.24,2019-01-24 12:00:00
2019,1.0,24.0,13.0,65.83,65.83,2019-01-24 13:00:00
2019,1.0,24.0,14.0,64.23,64.23,2019-01-24 14:00:00
2019,1.0,24.0,15.0,60.0,60.0,2019-01-24 15:00:00
2019,1.0,24.0,16.0,58.61,58.61,2019-01-24 16:00:00
2019,1.0,24.0,17.0,60.45,60.45,2019-01-24 17:00:00
2019,1.0,24.0,18.0,65.8,65.8,2019-01-24 18:00:00
2019,1.0,24.0,19.0,68.36,68.36,2019-01-24 19:00:00
2019,1.0,24.0,20.0,70.0,70.0,2019-01-24 20:00:00
2019,1.0,24.0,21.0,70.13,70.13,2019-01-24 21:00:00
2019,1.0,24.0,22.0,69.71,69.71,2019-01-24 22:00:00
2019,1.0,24.0,23.0,68.01,68.01,2019-01-24 23:00:00
2019,1.0,24.0,24.0,63.34,63.34,2019-01-25 00:00:00
2019,1.0,25.0,1.0,52.39,52.39,2019-01-25 01:00:00
2019,1.0,25.0,2.0,52.55,52.55,2019-01-25 02:00:00
2019,1.0,25.0,3.0,51.97,51.97,2019-01-25 03:00:00
2019,1.0,25.0,4.0,51.77,51.77,2019-01-25 04:00:00
2019,1.0,25.0,5.0,51.78,51.78,2019-01-25 05:00:00
2019,1.0,25.0,6.0,52.15,52.15,2019-01-25 06:00:00
2019,1.0,25.0,7.0,52.55,52.55,2019-01-25 07:00:00
2019,1.0,25.0,8.0,65.01,65.01,2019-01-25 08:00:00
2019,1.0,25.0,9.0,68.25,68.25,2019-01-25 09:00:00
2019,1.0,25.0,10.0,69.08,69.08,2019-01-25 10:00:00
2019,1.0,25.0,11.0,68.77,68.77,2019-01-25 11:00:00
2019,1.0,25.0,12.0,68.25,68.25,2019-01-25 12:00:00
2019,1.0,25.0,13.0,67.57,67.57,2019-01-25 13:00:00
2019,1.0,25.0,14.0,66.96,66.54,2019-01-25 14:00:00
2019,1.0,25.0,15.0,67.57,63.87,2019-01-25 15:00:00
2019,1.0,25.0,16.0,68.01,62.5,2019-01-25 16:00:00
2019,1.0,25.0,17.0,68.16,63.87,2019-01-25 17:00:00
2019,1.0,25.0,18.0,68.01,66.02,2019-01-25 18:00:00
2019,1.0,25.0,19.0,68.77,68.77,2019-01-25 19:00:00
2019,1.0,25.0,20.0,69.69,69.69,2019-01-25 20:00:00
2019,1.0,25.0,21.0,68.16,67.63,2019-01-25 21:00:00
2019,1.0,25.0,22.0,67.57,63.75,2019-01-25 22:00:00
2019,1.0,25.0,23.0,65.68,62.96,2019-01-25 23:00:00
2019,1.0,25.0,24.0,59.99,59.99,2019-01-26 00:00:00
2019,1.0,26.0,1.0,66.6,60.73,2019-01-26 01:00:00
2019,1.0,26.0,2.0,64.72,54.69,2019-01-26 02:00:00
2019,1.0,26.0,3.0,53.96,53.14,2019-01-26 03:00:00
2019,1.0,26.0,4.0,51.5,50.97,2019-01-26 04:00:00
2019,1.0,26.0,5.0,51.5,51.5,2019-01-26 05:00:00
2019,1.0,26.0,6.0,52.44,52.44,2019-01-26 06:00:00
2019,1.0,26.0,7.0,54.47,54.47,2019-01-26 07:00:00
2019,1.0,26.0,8.0,60.0,60.0,2019-01-26 08:00:00
2019,1.0,26.0,9.0,63.75,63.75,2019-01-26 09:00:00
2019,1.0,26.0,10.0,67.01,67.01,2019-01-26 10:00:00
2019,1.0,26.0,11.0,68.4,68.4,2019-01-26 11:00:00
2019,1.0,26.0,12.0,68.01,68.01,2019-01-26 12:00:00
2019,1.0,26.0,13.0,68.01,66.01,2019-01-26 13:00:00
2019,1.0,26.0,14.0,68.16,66.03,2019-01-26 14:00:00
2019,1.0,26.0,15.0,68.17,64.8,2019-01-26 15:00:00
2019,1.0,26.0,16.0,68.01,63.56,2019-01-26 16:00:00
2019,1.0,26.0,17.0,67.97,60.98,2019-01-26 17:00:00
2019,1.0,26.0,18.0,67.78,64.01,2019-01-26 18:00:00
2019,1.0,26.0,19.0,68.07,68.07,2019-01-26 19:00:00
2019,1.0,26.0,20.0,68.5,68.5,2019-01-26 20:00:00
2019,1.0,26.0,21.0,68.25,68.25,2019-01-26 21:00:00
2019,1.0,26.0,22.0,66.5,66.5,2019-01-26 22:00:00
2019,1.0,26.0,23.0,60.07,60.07,2019-01-26 23:00:00
2019,1.0,26.0,24.0,54.12,54.12,2019-01-27 00:00:00
2019,1.0,27.0,1.0,67.97,57.04,2019-01-27 01:00:00
2019,1.0,27.0,2.0,49.51,47.97,2019-01-27 02:00:00
2019,1.0,27.0,3.0,47.47,44.1,2019-01-27 03:00:00
2019,1.0,27.0,4.0,44.56,31.5,2019-01-27 04:00:00
2019,1.0,27.0,5.0,43.06,25.54,2019-01-27 05:00:00
2019,1.0,27.0,6.0,42.01,24.94,2019-01-27 06:00:00
2019,1.0,27.0,7.0,41.1,19.74,2019-01-27 07:00:00
2019,1.0,27.0,8.0,41.1,28.51,2019-01-27 08:00:00
2019,1.0,27.0,9.0,41.1,33.14,2019-01-27 09:00:00
2019,1.0,27.0,10.0,41.8,40.84,2019-01-27 10:00:00
2019,1.0,27.0,11.0,44.63,44.63,2019-01-27 11:00:00
2019,1.0,27.0,12.0,47.23,47.23,2019-01-27 12:00:00
2019,1.0,27.0,13.0,47.47,46.97,2019-01-27 13:00:00
2019,1.0,27.0,14.0,49.01,43.24,2019-01-27 14:00:00
2019,1.0,27.0,15.0,46.88,41.31,2019-01-27 15:00:00
2019,1.0,27.0,16.0,45.1,40.5,2019-01-27 16:00:00
2019,1.0,27.0,17.0,46.88,41.18,2019-01-27 17:00:00
2019,1.0,27.0,18.0,47.47,47.2,2019-01-27 18:00:00
2019,1.0,27.0,19.0,52.64,52.64,2019-01-27 19:00:00
2019,1.0,27.0,20.0,67.69,59.2,2019-01-27 20:00:00
2019,1.0,27.0,21.0,68.17,62.07,2019-01-27 21:00:00
2019,1.0,27.0,22.0,68.17,64.18,2019-01-27 22:00:00
2019,1.0,27.0,23.0,68.01,60.02,2019-01-27 23:00:00
2019,1.0,27.0,24.0,67.67,51.82,2019-01-28 00:00:00
2019,1.0,28.0,1.0,49.01,45.33,2019-01-28 01:00:00
2019,1.0,28.0,2.0,45.1,40.97,2019-01-28 02:00:00
2019,1.0,28.0,3.0,43.81,40.42,2019-01-28 03:00:00
2019,1.0,28.0,4.0,43.06,37.8,2019-01-28 04:00:00
2019,1.0,28.0,5.0,43.06,38.09,2019-01-28 05:00:00
2019,1.0,28.0,6.0,43.06,41.83,2019-01-28 06:00:00
2019,1.0,28.0,7.0,48.35,48.35,2019-01-28 07:00:00
2019,1.0,28.0,8.0,64.04,64.04,2019-01-28 08:00:00
2019,1.0,28.0,9.0,65.1,65.1,2019-01-28 09:00:00
2019,1.0,28.0,10.0,65.0,65.0,2019-01-28 10:00:00
2019,1.0,28.0,11.0,63.96,63.96,2019-01-28 11:00:00
2019,1.0,28.0,12.0,57.44,57.44,2019-01-28 12:00:00
2019,1.0,28.0,13.0,57.97,57.97,2019-01-28 13:00:00
2019,1.0,28.0,14.0,54.95,54.95,2019-01-28 14:00:00
2019,1.0,28.0,15.0,52.3,52.3,2019-01-28 15:00:00
2019,1.0,28.0,16.0,51.49,51.49,2019-01-28 16:00:00
2019,1.0,28.0,17.0,53.97,53.97,2019-01-28 17:00:00
2019,1.0,28.0,18.0,62.38,62.38,2019-01-28 18:00:00
2019,1.0,28.0,19.0,68.45,68.45,2019-01-28 19:00:00
2019,1.0,28.0,20.0,70.01,70.01,2019-01-28 20:00:00
2019,1.0,28.0,21.0,68.65,68.65,2019-01-28 21:00:00
2019,1.0,28.0,22.0,68.77,67.18,2019-01-28 22:00:00
2019,1.0,28.0,23.0,68.74,64.29,2019-01-28 23:00:00
2019,1.0,28.0,24.0,68.77,57.12,2019-01-29 00:00:00
2019,1.0,29.0,1.0,66.55,55.0,2019-01-29 01:00:00
2019,1.0,29.0,2.0,65.87,50.15,2019-01-29 02:00:00
2019,1.0,29.0,3.0,65.1,49.89,2019-01-29 03:00:00
2019,1.0,29.0,4.0,53.95,47.43,2019-01-29 04:00:00
2019,1.0,29.0,5.0,52.33,45.97,2019-01-29 05:00:00
2019,1.0,29.0,6.0,52.33,49.07,2019-01-29 06:00:00
2019,1.0,29.0,7.0,56.91,56.91,2019-01-29 07:00:00
2019,1.0,29.0,8.0,66.64,66.64,2019-01-29 08:00:00
2019,1.0,29.0,9.0,67.83,67.83,2019-01-29 09:00:00
2019,1.0,29.0,10.0,68.07,68.07,2019-01-29 10:00:00
2019,1.0,29.0,11.0,67.78,67.78,2019-01-29 11:00:00
2019,1.0,29.0,12.0,66.58,66.58,2019-01-29 12:00:00
2019,1.0,29.0,13.0,64.99,64.99,2019-01-29 13:00:00
2019,1.0,29.0,14.0,62.65,62.65,2019-01-29 14:00:00
2019,1.0,29.0,15.0,57.51,57.51,2019-01-29 15:00:00
2019,1.0,29.0,16.0,57.42,57.42,2019-01-29 16:00:00
2019,1.0,29.0,17.0,59.62,59.62,2019-01-29 17:00:00
2019,1.0,29.0,18.0,64.07,64.07,2019-01-29 18:00:00
2019,1.0,29.0,19.0,65.53,65.53,2019-01-29 19:00:00
2019,1.0,29.0,20.0,67.67,67.67,2019-01-29 20:00:00
2019,1.0,29.0,21.0,65.84,65.84,2019-01-29 21:00:00
2019,1.0,29.0,22.0,63.05,60.54,2019-01-29 22:00:00
2019,1.0,29.0,23.0,62.05,59.06,2019-01-29 23:00:00
2019,1.0,29.0,24.0,65.1,52.63,2019-01-30 00:00:00
2019,1.0,30.0,1.0,50.05,48.51,2019-01-30 01:00:00
2019,1.0,30.0,2.0,53.97,46.36,2019-01-30 02:00:00
2019,1.0,30.0,3.0,53.93,45.1,2019-01-30 03:00:00
2019,1.0,30.0,4.0,51.05,42.85,2019-01-30 04:00:00
2019,1.0,30.0,5.0,53.92,42.74,2019-01-30 05:00:00
2019,1.0,30.0,6.0,50.05,46.34,2019-01-30 06:00:00
2019,1.0,30.0,7.0,52.44,52.44,2019-01-30 07:00:00
2019,1.0,30.0,8.0,64.99,64.99,2019-01-30 08:00:00
2019,1.0,30.0,9.0,68.17,68.17,2019-01-30 09:00:00
2019,1.0,30.0,10.0,68.65,68.65,2019-01-30 10:00:00
2019,1.0,30.0,11.0,68.07,68.07,2019-01-30 11:00:00
2019,1.0,30.0,12.0,68.0,68.0,2019-01-30 12:00:00
2019,1.0,30.0,13.0,65.48,65.48,2019-01-30 13:00:00
2019,1.0,30.0,14.0,63.65,63.65,2019-01-30 14:00:00
2019,1.0,30.0,15.0,60.47,60.47,2019-01-30 15:00:00
2019,1.0,30.0,16.0,57.88,57.88,2019-01-30 16:00:00
2019,1.0,30.0,17.0,57.72,57.72,2019-01-30 17:00:00
2019,1.0,30.0,18.0,61.6,61.6,2019-01-30 18:00:00
2019,1.0,30.0,19.0,64.01,64.01,2019-01-30 19:00:00
2019,1.0,30.0,20.0,66.0,66.0,2019-01-30 20:00:00
2019,1.0,30.0,21.0,65.24,65.24,2019-01-30 21:00:00
2019,1.0,30.0,22.0,60.77,60.77,2019-01-30 22:00:00
2019,1.0,30.0,23.0,57.38,57.38,2019-01-30 23:00:00
2019,1.0,30.0,24.0,49.07,49.07,2019-01-31 00:00:00
2019,1.0,31.0,1.0,48.08,48.08,2019-01-31 01:00:00
2019,1.0,31.0,2.0,47.33,47.33,2019-01-31 02:00:00
2019,1.0,31.0,3.0,45.5,45.5,2019-01-31 03:00:00
2019,1.0,31.0,4.0,44.5,44.5,2019-01-31 04:00:00
2019,1.0,31.0,5.0,44.1,44.1,2019-01-31 05:00:00
2019,1.0,31.0,6.0,45.0,45.0,2019-01-31 06:00:00
2019,1.0,31.0,7.0,46.07,46.07,2019-01-31 07:00:00
2019,1.0,31.0,8.0,53.89,53.89,2019-01-31 08:00:00
2019,1.0,31.0,9.0,63.75,63.75,2019-01-31 09:00:00
2019,1.0,31.0,10.0,65.0,65.0,2019-01-31 10:00:00
2019,1.0,31.0,11.0,64.93,64.93,2019-01-31 11:00:00
2019,1.0,31.0,12.0,64.07,64.07,2019-01-31 12:00:00
2019,1.0,31.0,13.0,62.01,62.01,2019-01-31 13:00:00
2019,1.0,31.0,14.0,60.1,60.1,2019-01-31 14:00:00
2019,1.0,31.0,15.0,54.48,54.48,2019-01-31 15:00:00
2019,1.0,31.0,16.0,53.95,53.95,2019-01-31 16:00:00
2019,1.0,31.0,17.0,54.78,54.78,2019-01-31 17:00:00
2019,1.0,31.0,18.0,58.0,58.0,2019-01-31 18:00:00
2019,1.0,31.0,19.0,63.3,63.3,2019-01-31 19:00:00
2019,1.0,31.0,20.0,65.4,65.4,2019-01-31 20:00:00
2019,1.0,31.0,21.0,59.9,59.9,2019-01-31 21:00:00
2019,1.0,31.0,22.0,52.84,52.84,2019-01-31 22:00:00
2019,1.0,31.0,23.0,51.36,51.36,2019-01-31 23:00:00
2019,1.0,31.0,24.0,48.8,48.8,2019-02-01 00:00:00
2019,2.0,1.0,1.0,47.07,47.07,2019-02-01 01:00:00
2019,2.0,1.0,2.0,45.47,45.47,2019-02-01 02:00:00
2019,2.0,1.0,3.0,43.1,43.1,2019-02-01 03:00:00
2019,2.0,1.0,4.0,41.1,41.1,2019-02-01 04:00:00
2019,2.0,1.0,5.0,41.51,41.51,2019-02-01 05:00:00
2019,2.0,1.0,6.0,44.1,44.1,2019-02-01 06:00:00
2019,2.0,1.0,7.0,45.97,45.97,2019-02-01 07:00:00
2019,2.0,1.0,8.0,54.11,54.11,2019-02-01 08:00:00
2019,2.0,1.0,9.0,60.75,60.75,2019-02-01 09:00:00
2019,2.0,1.0,10.0,61.78,61.78,2019-02-01 10:00:00
2019,2.0,1.0,11.0,60.75,60.75,2019-02-01 11:00:00
2019,2.0,1.0,12.0,59.1,59.1,2019-02-01 12:00:00
2019,2.0,1.0,13.0,57.99,57.99,2019-02-01 13:00:00
2019,2.0,1.0,14.0,55.84,55.84,2019-02-01 14:00:00
2019,2.0,1.0,15.0,49.89,49.89,2019-02-01 15:00:00
2019,2.0,1.0,16.0,48.87,48.87,2019-02-01 16:00:00
2019,2.0,1.0,17.0,50.0,50.0,2019-02-01 17:00:00
2019,2.0,1.0,18.0,52.44,52.44,2019-02-01 18:00:00
2019,2.0,1.0,19.0,58.6,58.6,2019-02-01 19:00:00
2019,2.0,1.0,20.0,62.55,62.55,2019-02-01 20:00:00
2019,2.0,1.0,21.0,62.99,62.99,2019-02-01 21:00:00
2019,2.0,1.0,22.0,57.29,57.29,2019-02-01 22:00:00
2019,2.0,1.0,23.0,54.01,54.01,2019-02-01 23:00:00
2019,2.0,1.0,24.0,49.07,49.07,2019-02-02 00:00:00
2019,2.0,2.0,1.0,42.87,42.87,2019-02-02 01:00:00
2019,2.0,2.0,2.0,38.03,38.03,2019-02-02 02:00:00
2019,2.0,2.0,3.0,30.0,30.0,2019-02-02 03:00:00
2019,2.0,2.0,4.0,25.07,25.07,2019-02-02 04:00:00
2019,2.0,2.0,5.0,24.72,24.72,2019-02-02 05:00:00
2019,2.0,2.0,6.0,20.45,20.45,2019-02-02 06:00:00
2019,2.0,2.0,7.0,24.0,24.0,2019-02-02 07:00:00
2019,2.0,2.0,8.0,29.99,29.99,2019-02-02 08:00:00
2019,2.0,2.0,9.0,38.03,38.03,2019-02-02 09:00:00
2019,2.0,2.0,10.0,42.01,42.01,2019-02-02 10:00:00
2019,2.0,2.0,11.0,44.77,44.77,2019-02-02 11:00:00
2019,2.0,2.0,12.0,41.8,41.8,2019-02-02 12:00:00
2019,2.0,2.0,13.0,39.9,39.9,2019-02-02 13:00:00
2019,2.0,2.0,14.0,39.07,39.07,2019-02-02 14:00:00
2019,2.0,2.0,15.0,36.03,36.03,2019-02-02 15:00:00
2019,2.0,2.0,16.0,35.03,29.99,2019-02-02 16:00:00
2019,2.0,2.0,17.0,36.03,29.98,2019-02-02 17:00:00
2019,2.0,2.0,18.0,40.67,39.57,2019-02-02 18:00:00
2019,2.0,2.0,19.0,49.27,49.27,2019-02-02 19:00:00
2019,2.0,2.0,20.0,51.92,51.92,2019-02-02 20:00:00
2019,2.0,2.0,21.0,50.43,50.43,2019-02-02 21:00:00
2019,2.0,2.0,22.0,48.48,48.48,2019-02-02 22:00:00
2019,2.0,2.0,23.0,48.49,48.49,2019-02-02 23:00:00
2019,2.0,2.0,24.0,46.06,46.06,2019-02-03 00:00:00
2019,2.0,3.0,1.0,47.1,46.39,2019-02-03 01:00:00
2019,2.0,3.0,2.0,41.29,41.29,2019-02-03 02:00:00
2019,2.0,3.0,3.0,40.48,40.48,2019-02-03 03:00:00
2019,2.0,3.0,4.0,39.0,39.0,2019-02-03 04:00:00
2019,2.0,3.0,5.0,38.9,38.9,2019-02-03 05:00:00
2019,2.0,3.0,6.0,38.47,38.47,2019-02-03 06:00:00
2019,2.0,3.0,7.0,39.88,39.88,2019-02-03 07:00:00
2019,2.0,3.0,8.0,40.97,40.97,2019-02-03 08:00:00
2019,2.0,3.0,9.0,43.8,43.8,2019-02-03 09:00:00
2019,2.0,3.0,10.0,47.05,47.05,2019-02-03 10:00:00
2019,2.0,3.0,11.0,49.33,49.33,2019-02-03 11:00:00
2019,2.0,3.0,12.0,51.11,51.11,2019-02-03 12:00:00
2019,2.0,3.0,13.0,50.35,50.35,2019-02-03 13:00:00
2019,2.0,3.0,14.0,53.92,47.09,2019-02-03 14:00:00
2019,2.0,3.0,15.0,50.1,45.14,2019-02-03 15:00:00
2019,2.0,3.0,16.0,48.91,44.4,2019-02-03 16:00:00
2019,2.0,3.0,17.0,48.43,45.79,2019-02-03 17:00:00
2019,2.0,3.0,18.0,51.94,51.94,2019-02-03 18:00:00
2019,2.0,3.0,19.0,59.54,59.54,2019-02-03 19:00:00
2019,2.0,3.0,20.0,63.93,63.93,2019-02-03 20:00:00
2019,2.0,3.0,21.0,63.54,63.54,2019-02-03 21:00:00
2019,2.0,3.0,22.0,63.75,63.75,2019-02-03 22:00:00
2019,2.0,3.0,23.0,59.7,59.7,2019-02-03 23:00:00
2019,2.0,3.0,24.0,51.1,49.82,2019-02-04 00:00:00
2019,2.0,4.0,1.0,61.1,48.57,2019-02-04 01:00:00
2019,2.0,4.0,2.0,53.36,45.47,2019-02-04 02:00:00
2019,2.0,4.0,3.0,50.59,41.15,2019-02-04 03:00:00
2019,2.0,4.0,4.0,48.95,39.21,2019-02-04 04:00:00
2019,2.0,4.0,5.0,48.36,38.55,2019-02-04 05:00:00
2019,2.0,4.0,6.0,46.81,43.01,2019-02-04 06:00:00
2019,2.0,4.0,7.0,49.61,49.61,2019-02-04 07:00:00
2019,2.0,4.0,8.0,64.1,64.1,2019-02-04 08:00:00
2019,2.0,4.0,9.0,64.59,64.59,2019-02-04 09:00:00
2019,2.0,4.0,10.0,66.55,66.55,2019-02-04 10:00:00
2019,2.0,4.0,11.0,66.55,66.55,2019-02-04 11:00:00
2019,2.0,4.0,12.0,65.13,65.13,2019-02-04 12:00:00
2019,2.0,4.0,13.0,63.93,63.93,2019-02-04 13:00:00
2019,2.0,4.0,14.0,63.53,63.53,2019-02-04 14:00:00
2019,2.0,4.0,15.0,62.03,62.03,2019-02-04 15:00:00
2019,2.0,4.0,16.0,62.17,61.01,2019-02-04 16:00:00
2019,2.0,4.0,17.0,61.2,61.01,2019-02-04 17:00:00
2019,2.0,4.0,18.0,63.93,63.93,2019-02-04 18:00:00
2019,2.0,4.0,19.0,69.04,69.04,2019-02-04 19:00:00
2019,2.0,4.0,20.0,70.66,70.66,2019-02-04 20:00:00
2019,2.0,4.0,21.0,69.58,69.58,2019-02-04 21:00:00
2019,2.0,4.0,22.0,68.5,68.5,2019-02-04 22:00:00
2019,2.0,4.0,23.0,66.1,66.1,2019-02-04 23:00:00
2019,2.0,4.0,24.0,63.01,63.01,2019-02-05 00:00:00
2019,2.0,5.0,1.0,58.3,58.3,2019-02-05 01:00:00
2019,2.0,5.0,2.0,59.26,54.44,2019-02-05 02:00:00
2019,2.0,5.0,3.0,53.34,51.78,2019-02-05 03:00:00
2019,2.0,5.0,4.0,48.97,48.77,2019-02-05 04:00:00
2019,2.0,5.0,5.0,48.92,48.77,2019-02-05 05:00:00
2019,2.0,5.0,6.0,49.15,49.15,2019-02-05 06:00:00
2019,2.0,5.0,7.0,59.46,59.46,2019-02-05 07:00:00
2019,2.0,5.0,8.0,64.09,64.09,2019-02-05 08:00:00
2019,2.0,5.0,9.0,68.07,68.07,2019-02-05 09:00:00
2019,2.0,5.0,10.0,68.0,68.0,2019-02-05 10:00:00
2019,2.0,5.0,11.0,65.79,65.79,2019-02-05 11:00:00
2019,2.0,5.0,12.0,63.2,62.85,2019-02-05 12:00:00
2019,2.0,5.0,13.0,63.66,59.35,2019-02-05 13:00:00
2019,2.0,5.0,14.0,63.2,58.18,2019-02-05 14:00:00
2019,2.0,5.0,15.0,63.19,57.96,2019-02-05 15:00:00
2019,2.0,5.0,16.0,63.19,58.04,2019-02-05 16:00:00
2019,2.0,5.0,17.0,63.19,60.35,2019-02-05 17:00:00
2019,2.0,5.0,18.0,63.19,63.06,2019-02-05 18:00:00
2019,2.0,5.0,19.0,65.79,65.79,2019-02-05 19:00:00
2019,2.0,5.0,20.0,66.83,66.83,2019-02-05 20:00:00
2019,2.0,5.0,21.0,67.5,67.5,2019-02-05 21:00:00
2019,2.0,5.0,22.0,67.1,67.1,2019-02-05 22:00:00
2019,2.0,5.0,23.0,63.75,63.75,2019-02-05 23:00:00
2019,2.0,5.0,24.0,62.71,62.51,2019-02-06 00:00:00
2019,2.0,6.0,1.0,63.25,63.25,2019-02-06 01:00:00
2019,2.0,6.0,2.0,61.2,60.5,2019-02-06 02:00:00
2019,2.0,6.0,3.0,55.07,55.07,2019-02-06 03:00:00
2019,2.0,6.0,4.0,56.73,54.0,2019-02-06 04:00:00
2019,2.0,6.0,5.0,52.73,52.73,2019-02-06 05:00:00
2019,2.0,6.0,6.0,55.68,55.68,2019-02-06 06:00:00
2019,2.0,6.0,7.0,59.48,59.48,2019-02-06 07:00:00
2019,2.0,6.0,8.0,63.0,63.0,2019-02-06 08:00:00
2019,2.0,6.0,9.0,65.64,65.64,2019-02-06 09:00:00
2019,2.0,6.0,10.0,66.85,66.85,2019-02-06 10:00:00
2019,2.0,6.0,11.0,66.55,66.55,2019-02-06 11:00:00
2019,2.0,6.0,12.0,64.18,64.18,2019-02-06 12:00:00
2019,2.0,6.0,13.0,63.1,63.1,2019-02-06 13:00:00
2019,2.0,6.0,14.0,61.98,61.98,2019-02-06 14:00:00
2019,2.0,6.0,15.0,57.51,57.51,2019-02-06 15:00:00
2019,2.0,6.0,16.0,55.37,55.37,2019-02-06 16:00:00
2019,2.0,6.0,17.0,56.73,56.73,2019-02-06 17:00:00
2019,2.0,6.0,18.0,60.32,60.32,2019-02-06 18:00:00
2019,2.0,6.0,19.0,63.1,63.1,2019-02-06 19:00:00
2019,2.0,6.0,20.0,66.98,66.98,2019-02-06 20:00:00
2019,2.0,6.0,21.0,67.52,67.52,2019-02-06 21:00:00
2019,2.0,6.0,22.0,66.55,66.55,2019-02-06 22:00:00
2019,2.0,6.0,23.0,63.08,63.08,2019-02-06 23:00:00
2019,2.0,6.0,24.0,61.1,61.1,2019-02-07 00:00:00
2019,2.0,7.0,1.0,52.91,52.91,2019-02-07 01:00:00
2019,2.0,7.0,2.0,58.48,48.65,2019-02-07 02:00:00
2019,2.0,7.0,3.0,49.89,45.97,2019-02-07 03:00:00
2019,2.0,7.0,4.0,45.47,45.47,2019-02-07 04:00:00
2019,2.0,7.0,5.0,43.97,43.97,2019-02-07 05:00:00
2019,2.0,7.0,6.0,45.87,45.87,2019-02-07 06:00:00
2019,2.0,7.0,7.0,50.33,50.33,2019-02-07 07:00:00
2019,2.0,7.0,8.0,61.12,61.12,2019-02-07 08:00:00
2019,2.0,7.0,9.0,62.27,62.27,2019-02-07 09:00:00
2019,2.0,7.0,10.0,63.75,63.75,2019-02-07 10:00:00
2019,2.0,7.0,11.0,64.17,64.17,2019-02-07 11:00:00
2019,2.0,7.0,12.0,62.58,62.58,2019-02-07 12:00:00
2019,2.0,7.0,13.0,62.27,62.27,2019-02-07 13:00:00
2019,2.0,7.0,14.0,62.01,62.01,2019-02-07 14:00:00
2019,2.0,7.0,15.0,61.2,56.0,2019-02-07 15:00:00
2019,2.0,7.0,16.0,62.17,53.51,2019-02-07 16:00:00
2019,2.0,7.0,17.0,61.2,54.72,2019-02-07 17:00:00
2019,2.0,7.0,18.0,60.86,60.86,2019-02-07 18:00:00
2019,2.0,7.0,19.0,64.21,64.21,2019-02-07 19:00:00
2019,2.0,7.0,20.0,67.2,67.2,2019-02-07 20:00:00
2019,2.0,7.0,21.0,68.07,68.07,2019-02-07 21:00:00
2019,2.0,7.0,22.0,67.55,67.55,2019-02-07 22:00:00
2019,2.0,7.0,23.0,65.69,65.69,2019-02-07 23:00:00
2019,2.0,7.0,24.0,65.0,65.0,2019-02-08 00:00:00
2019,2.0,8.0,1.0,65.0,65.0,2019-02-08 01:00:00
2019,2.0,8.0,2.0,61.21,61.21,2019-02-08 02:00:00
2019,2.0,8.0,3.0,54.25,52.73,2019-02-08 03:00:00
2019,2.0,8.0,4.0,54.03,51.02,2019-02-08 04:00:00
2019,2.0,8.0,5.0,49.14,49.14,2019-02-08 05:00:00
2019,2.0,8.0,6.0,49.13,49.13,2019-02-08 06:00:00
2019,2.0,8.0,7.0,53.21,53.21,2019-02-08 07:00:00
2019,2.0,8.0,8.0,61.2,61.2,2019-02-08 08:00:00
2019,2.0,8.0,9.0,64.0,64.0,2019-02-08 09:00:00
2019,2.0,8.0,10.0,65.01,65.01,2019-02-08 10:00:00
2019,2.0,8.0,11.0,64.01,64.01,2019-02-08 11:00:00
2019,2.0,8.0,12.0,62.04,62.04,2019-02-08 12:00:00
2019,2.0,8.0,13.0,61.1,58.88,2019-02-08 13:00:00
2019,2.0,8.0,14.0,59.26,52.73,2019-02-08 14:00:00
2019,2.0,8.0,15.0,58.98,49.14,2019-02-08 15:00:00
2019,2.0,8.0,16.0,54.3,47.53,2019-02-08 16:00:00
2019,2.0,8.0,17.0,49.97,48.0,2019-02-08 17:00:00
2019,2.0,8.0,18.0,50.0,50.0,2019-02-08 18:00:00
2019,2.0,8.0,19.0,54.52,54.52,2019-02-08 19:00:00
2019,2.0,8.0,20.0,62.0,62.0,2019-02-08 20:00:00
2019,2.0,8.0,21.0,62.41,62.41,2019-02-08 21:00:00
2019,2.0,8.0,22.0,62.01,62.01,2019-02-08 22:00:00
2019,2.0,8.0,23.0,61.2,57.7,2019-02-08 23:00:00
2019,2.0,8.0,24.0,59.04,52.73,2019-02-09 00:00:00
2019,2.0,9.0,1.0,60.02,60.02,2019-02-09 01:00:00
2019,2.0,9.0,2.0,58.77,50.0,2019-02-09 02:00:00
2019,2.0,9.0,3.0,51.06,47.6,2019-02-09 03:00:00
2019,2.0,9.0,4.0,47.1,47.1,2019-02-09 04:00:00
2019,2.0,9.0,5.0,47.1,47.1,2019-02-09 05:00:00
2019,2.0,9.0,6.0,47.41,47.41,2019-02-09 06:00:00
2019,2.0,9.0,7.0,50.5,50.5,2019-02-09 07:00:00
2019,2.0,9.0,8.0,56.01,56.01,2019-02-09 08:00:00
2019,2.0,9.0,9.0,58.77,58.77,2019-02-09 09:00:00
2019,2.0,9.0,10.0,62.85,62.85,2019-02-09 10:00:00
2019,2.0,9.0,11.0,64.01,64.01,2019-02-09 11:00:00
2019,2.0,9.0,12.0,62.41,62.41,2019-02-09 12:00:00
2019,2.0,9.0,13.0,60.81,60.81,2019-02-09 13:00:00
2019,2.0,9.0,14.0,58.77,58.77,2019-02-09 14:00:00
2019,2.0,9.0,15.0,53.41,53.41,2019-02-09 15:00:00
2019,2.0,9.0,16.0,47.01,47.01,2019-02-09 16:00:00
2019,2.0,9.0,17.0,46.1,46.1,2019-02-09 17:00:00
2019,2.0,9.0,18.0,46.8,46.8,2019-02-09 18:00:00
2019,2.0,9.0,19.0,52.3,52.3,2019-02-09 19:00:00
2019,2.0,9.0,20.0,61.1,61.1,2019-02-09 20:00:00
2019,2.0,9.0,21.0,61.83,61.83,2019-02-09 21:00:00
2019,2.0,9.0,22.0,60.01,60.01,2019-02-09 22:00:00
2019,2.0,9.0,23.0,55.0,55.0,2019-02-09 23:00:00
2019,2.0,9.0,24.0,47.6,47.6,2019-02-10 00:00:00
2019,2.0,10.0,1.0,41.72,41.72,2019-02-10 01:00:00
2019,2.0,10.0,2.0,36.1,31.42,2019-02-10 02:00:00
2019,2.0,10.0,3.0,30.2,25.36,2019-02-10 03:00:00
2019,2.0,10.0,4.0,29.2,17.96,2019-02-10 04:00:00
2019,2.0,10.0,5.0,25.3,15.6,2019-02-10 05:00:00
2019,2.0,10.0,6.0,19.0,19.0,2019-02-10 06:00:00
2019,2.0,10.0,7.0,16.2,16.2,2019-02-10 07:00:00
2019,2.0,10.0,8.0,17.54,17.54,2019-02-10 08:00:00
2019,2.0,10.0,9.0,25.3,25.3,2019-02-10 09:00:00
2019,2.0,10.0,10.0,36.0,36.0,2019-02-10 10:00:00
2019,2.0,10.0,11.0,39.16,39.16,2019-02-10 11:00:00
2019,2.0,10.0,12.0,40.86,40.86,2019-02-10 12:00:00
2019,2.0,10.0,13.0,36.89,36.89,2019-02-10 13:00:00
2019,2.0,10.0,14.0,36.1,36.1,2019-02-10 14:00:00
2019,2.0,10.0,15.0,35.0,35.0,2019-02-10 15:00:00
2019,2.0,10.0,16.0,31.19,31.19,2019-02-10 16:00:00
2019,2.0,10.0,17.0,32.61,32.61,2019-02-10 17:00:00
2019,2.0,10.0,18.0,39.41,39.41,2019-02-10 18:00:00
2019,2.0,10.0,19.0,49.19,49.19,2019-02-10 19:00:00
2019,2.0,10.0,20.0,62.01,62.01,2019-02-10 20:00:00
2019,2.0,10.0,21.0,65.51,65.51,2019-02-10 21:00:00
2019,2.0,10.0,22.0,66.55,66.55,2019-02-10 22:00:00
2019,2.0,10.0,23.0,65.01,65.01,2019-02-10 23:00:00
2019,2.0,10.0,24.0,59.1,59.1,2019-02-11 00:00:00
2019,2.0,11.0,1.0,56.67,45.1,2019-02-11 01:00:00
2019,2.0,11.0,2.0,56.41,42.75,2019-02-11 02:00:00
2019,2.0,11.0,3.0,53.61,41.72,2019-02-11 03:00:00
2019,2.0,11.0,4.0,43.77,42.22,2019-02-11 04:00:00
2019,2.0,11.0,5.0,42.4,42.4,2019-02-11 05:00:00
2019,2.0,11.0,6.0,43.0,43.0,2019-02-11 06:00:00
2019,2.0,11.0,7.0,49.96,49.96,2019-02-11 07:00:00
2019,2.0,11.0,8.0,59.23,59.23,2019-02-11 08:00:00
2019,2.0,11.0,9.0,64.03,64.03,2019-02-11 09:00:00
2019,2.0,11.0,10.0,64.89,64.89,2019-02-11 10:00:00
2019,2.0,11.0,11.0,65.0,65.0,2019-02-11 11:00:00
2019,2.0,11.0,12.0,62.51,62.51,2019-02-11 12:00:00
2019,2.0,11.0,13.0,59.64,59.64,2019-02-11 13:00:00
2019,2.0,11.0,14.0,58.84,58.84,2019-02-11 14:00:00
2019,2.0,11.0,15.0,56.67,56.67,2019-02-11 15:00:00
2019,2.0,11.0,16.0,55.81,55.81,2019-02-11 16:00:00
2019,2.0,11.0,17.0,56.41,56.41,2019-02-11 17:00:00
2019,2.0,11.0,18.0,58.84,58.84,2019-02-11 18:00:00
2019,2.0,11.0,19.0,63.75,63.75,2019-02-11 19:00:00
2019,2.0,11.0,20.0,66.25,66.25,2019-02-11 20:00:00
2019,2.0,11.0,21.0,66.25,66.25,2019-02-11 21:00:00
2019,2.0,11.0,22.0,65.51,65.51,2019-02-11 22:00:00
2019,2.0,11.0,23.0,60.51,60.51,2019-02-11 23:00:00
2019,2.0,11.0,24.0,58.7,58.7,2019-02-12 00:00:00
2019,2.0,12.0,1.0,62.65,62.65,2019-02-12 01:00:00
2019,2.0,12.0,2.0,58.37,58.37,2019-02-12 02:00:00
2019,2.0,12.0,3.0,53.6,53.6,2019-02-12 03:00:00
2019,2.0,12.0,4.0,51.36,51.36,2019-02-12 04:00:00
2019,2.0,12.0,5.0,50.0,50.0,2019-02-12 05:00:00
2019,2.0,12.0,6.0,53.0,53.0,2019-02-12 06:00:00
2019,2.0,12.0,7.0,59.0,59.0,2019-02-12 07:00:00
2019,2.0,12.0,8.0,61.42,61.42,2019-02-12 08:00:00
2019,2.0,12.0,9.0,63.89,63.89,2019-02-12 09:00:00
2019,2.0,12.0,10.0,65.1,65.1,2019-02-12 10:00:00
2019,2.0,12.0,11.0,64.2,64.2,2019-02-12 11:00:00
2019,2.0,12.0,12.0,62.49,62.49,2019-02-12 12:00:00
2019,2.0,12.0,13.0,60.64,60.64,2019-02-12 13:00:00
2019,2.0,12.0,14.0,60.61,60.61,2019-02-12 14:00:00
2019,2.0,12.0,15.0,59.0,59.0,2019-02-12 15:00:00
2019,2.0,12.0,16.0,58.7,57.99,2019-02-12 16:00:00
2019,2.0,12.0,17.0,58.52,58.0,2019-02-12 17:00:00
2019,2.0,12.0,18.0,60.29,60.29,2019-02-12 18:00:00
2019,2.0,12.0,19.0,63.75,63.75,2019-02-12 19:00:00
2019,2.0,12.0,20.0,66.1,66.1,2019-02-12 20:00:00
2019,2.0,12.0,21.0,67.1,67.1,2019-02-12 21:00:00
2019,2.0,12.0,22.0,66.25,66.25,2019-02-12 22:00:00
2019,2.0,12.0,23.0,64.5,64.5,2019-02-12 23:00:00
2019,2.0,12.0,24.0,64.18,64.18,2019-02-13 00:00:00
2019,2.0,13.0,1.0,63.93,63.93,2019-02-13 01:00:00
2019,2.0,13.0,2.0,61.59,61.59,2019-02-13 02:00:00
2019,2.0,13.0,3.0,59.57,59.57,2019-02-13 03:00:00
2019,2.0,13.0,4.0,58.11,58.11,2019-02-13 04:00:00
2019,2.0,13.0,5.0,58.32,58.32,2019-02-13 05:00:00
2019,2.0,13.0,6.0,60.0,60.0,2019-02-13 06:00:00
2019,2.0,13.0,7.0,61.0,61.0,2019-02-13 07:00:00
2019,2.0,13.0,8.0,64.13,64.13,2019-02-13 08:00:00
2019,2.0,13.0,9.0,65.31,65.31,2019-02-13 09:00:00
2019,2.0,13.0,10.0,65.51,65.51,2019-02-13 10:00:00
2019,2.0,13.0,11.0,65.06,65.06,2019-02-13 11:00:00
2019,2.0,13.0,12.0,63.58,63.58,2019-02-13 12:00:00
2019,2.0,13.0,13.0,61.63,61.63,2019-02-13 13:00:00
2019,2.0,13.0,14.0,60.02,60.02,2019-02-13 14:00:00
2019,2.0,13.0,15.0,59.51,59.51,2019-02-13 15:00:00
2019,2.0,13.0,16.0,59.2,58.0,2019-02-13 16:00:00
2019,2.0,13.0,17.0,59.1,57.01,2019-02-13 17:00:00
2019,2.0,13.0,18.0,59.2,59.2,2019-02-13 18:00:00
2019,2.0,13.0,19.0,61.52,61.52,2019-02-13 19:00:00
2019,2.0,13.0,20.0,64.2,64.2,2019-02-13 20:00:00
2019,2.0,13.0,21.0,65.21,65.21,2019-02-13 21:00:00
2019,2.0,13.0,22.0,64.2,64.2,2019-02-13 22:00:00
2019,2.0,13.0,23.0,61.63,61.63,2019-02-13 23:00:00
2019,2.0,13.0,24.0,58.0,58.0,2019-02-14 00:00:00
2019,2.0,14.0,1.0,60.61,60.61,2019-02-14 01:00:00
2019,2.0,14.0,2.0,53.81,53.81,2019-02-14 02:00:00
2019,2.0,14.0,3.0,50.01,50.01,2019-02-14 03:00:00
2019,2.0,14.0,4.0,49.5,49.5,2019-02-14 04:00:00
2019,2.0,14.0,5.0,48.0,48.0,2019-02-14 05:00:00
2019,2.0,14.0,6.0,49.11,49.11,2019-02-14 06:00:00
2019,2.0,14.0,7.0,55.27,55.27,2019-02-14 07:00:00
2019,2.0,14.0,8.0,60.73,60.73,2019-02-14 08:00:00
2019,2.0,14.0,9.0,63.67,63.67,2019-02-14 09:00:00
2019,2.0,14.0,10.0,62.07,62.07,2019-02-14 10:00:00
2019,2.0,14.0,11.0,60.01,60.01,2019-02-14 11:00:00
2019,2.0,14.0,12.0,56.27,56.27,2019-02-14 12:00:00
2019,2.0,14.0,13.0,54.67,54.67,2019-02-14 13:00:00
2019,2.0,14.0,14.0,53.81,53.81,2019-02-14 14:00:00
2019,2.0,14.0,15.0,51.5,51.5,2019-02-14 15:00:00
2019,2.0,14.0,16.0,51.33,51.33,2019-02-14 16:00:00
2019,2.0,14.0,17.0,52.39,52.39,2019-02-14 17:00:00
2019,2.0,14.0,18.0,55.63,55.63,2019-02-14 18:00:00
2019,2.0,14.0,19.0,60.2,60.2,2019-02-14 19:00:00
2019,2.0,14.0,20.0,62.31,62.31,2019-02-14 20:00:00
2019,2.0,14.0,21.0,63.01,63.01,2019-02-14 21:00:00
2019,2.0,14.0,22.0,62.65,62.65,2019-02-14 22:00:00
2019,2.0,14.0,23.0,60.29,60.29,2019-02-14 23:00:00
2019,2.0,14.0,24.0,56.28,56.28,2019-02-15 00:00:00
2019,2.0,15.0,1.0,49.11,49.11,2019-02-15 01:00:00
2019,2.0,15.0,2.0,46.94,46.94,2019-02-15 02:00:00
2019,2.0,15.0,3.0,45.57,45.57,2019-02-15 03:00:00
2019,2.0,15.0,4.0,45.57,45.57,2019-02-15 04:00:00
2019,2.0,15.0,5.0,46.0,46.0,2019-02-15 05:00:00
2019,2.0,15.0,6.0,46.57,46.57,2019-02-15 06:00:00
2019,2.0,15.0,7.0,52.98,52.98,2019-02-15 07:00:00
2019,2.0,15.0,8.0,59.98,59.98,2019-02-15 08:00:00
2019,2.0,15.0,9.0,61.73,61.73,2019-02-15 09:00:00
2019,2.0,15.0,10.0,60.4,60.4,2019-02-15 10:00:00
2019,2.0,15.0,11.0,60.13,60.13,2019-02-15 11:00:00
2019,2.0,15.0,12.0,58.61,58.61,2019-02-15 12:00:00
2019,2.0,15.0,13.0,57.47,57.47,2019-02-15 13:00:00
2019,2.0,15.0,14.0,57.02,57.02,2019-02-15 14:00:00
2019,2.0,15.0,15.0,55.23,55.23,2019-02-15 15:00:00
2019,2.0,15.0,16.0,54.53,54.53,2019-02-15 16:00:00
2019,2.0,15.0,17.0,54.53,54.53,2019-02-15 17:00:00
2019,2.0,15.0,18.0,55.86,55.86,2019-02-15 18:00:00
2019,2.0,15.0,19.0,59.1,59.1,2019-02-15 19:00:00
2019,2.0,15.0,20.0,61.41,61.41,2019-02-15 20:00:00
2019,2.0,15.0,21.0,62.0,62.0,2019-02-15 21:00:00
2019,2.0,15.0,22.0,60.94,60.94,2019-02-15 22:00:00
2019,2.0,15.0,23.0,58.2,58.2,2019-02-15 23:00:00
2019,2.0,15.0,24.0,57.0,57.0,2019-02-16 00:00:00
2019,2.0,16.0,1.0,60.01,60.01,2019-02-16 01:00:00
2019,2.0,16.0,2.0,56.41,56.41,2019-02-16 02:00:00
2019,2.0,16.0,3.0,50.0,50.0,2019-02-16 03:00:00
2019,2.0,16.0,4.0,49.11,49.11,2019-02-16 04:00:00
2019,2.0,16.0,5.0,48.0,48.0,2019-02-16 05:00:00
2019,2.0,16.0,6.0,47.38,47.38,2019-02-16 06:00:00
2019,2.0,16.0,7.0,48.25,48.25,2019-02-16 07:00:00
2019,2.0,16.0,8.0,50.0,50.0,2019-02-16 08:00:00
2019,2.0,16.0,9.0,49.11,49.11,2019-02-16 09:00:00
2019,2.0,16.0,10.0,54.6,54.6,2019-02-16 10:00:00
2019,2.0,16.0,11.0,58.1,58.1,2019-02-16 11:00:00
2019,2.0,16.0,12.0,53.01,53.01,2019-02-16 12:00:00
2019,2.0,16.0,13.0,50.0,50.0,2019-02-16 13:00:00
2019,2.0,16.0,14.0,50.0,50.0,2019-02-16 14:00:00
2019,2.0,16.0,15.0,47.25,46.97,2019-02-16 15:00:00
2019,2.0,16.0,16.0,48.0,44.39,2019-02-16 16:00:00
2019,2.0,16.0,17.0,48.0,43.39,2019-02-16 17:00:00
2019,2.0,16.0,18.0,48.0,46.83,2019-02-16 18:00:00
2019,2.0,16.0,19.0,52.38,52.38,2019-02-16 19:00:00
2019,2.0,16.0,20.0,56.41,56.41,2019-02-16 20:00:00
2019,2.0,16.0,21.0,58.51,58.51,2019-02-16 21:00:00
2019,2.0,16.0,22.0,55.13,55.13,2019-02-16 22:00:00
2019,2.0,16.0,23.0,51.46,51.46,2019-02-16 23:00:00
2019,2.0,16.0,24.0,49.11,49.11,2019-02-17 00:00:00
2019,2.0,17.0,1.0,51.1,45.87,2019-02-17 01:00:00
2019,2.0,17.0,2.0,55.1,41.57,2019-02-17 02:00:00
2019,2.0,17.0,3.0,43.34,37.6,2019-02-17 03:00:00
2019,2.0,17.0,4.0,42.05,36.27,2019-02-17 04:00:00
2019,2.0,17.0,5.0,41.54,36.13,2019-02-17 05:00:00
2019,2.0,17.0,6.0,36.74,36.74,2019-02-17 06:00:00
2019,2.0,17.0,7.0,38.0,38.0,2019-02-17 07:00:00
2019,2.0,17.0,8.0,41.31,41.31,2019-02-17 08:00:00
2019,2.0,17.0,9.0,42.02,42.02,2019-02-17 09:00:00
2019,2.0,17.0,10.0,44.87,44.87,2019-02-17 10:00:00
2019,2.0,17.0,11.0,51.0,51.0,2019-02-17 11:00:00
2019,2.0,17.0,12.0,49.11,49.11,2019-02-17 12:00:00
2019,2.0,17.0,13.0,46.0,46.0,2019-02-17 13:00:00
2019,2.0,17.0,14.0,48.39,48.39,2019-02-17 14:00:00
2019,2.0,17.0,15.0,45.87,45.87,2019-02-17 15:00:00
2019,2.0,17.0,16.0,43.37,43.37,2019-02-17 16:00:00
2019,2.0,17.0,17.0,43.13,43.13,2019-02-17 17:00:00
2019,2.0,17.0,18.0,44.99,44.99,2019-02-17 18:00:00
2019,2.0,17.0,19.0,53.0,53.0,2019-02-17 19:00:00
2019,2.0,17.0,20.0,60.02,60.02,2019-02-17 20:00:00
2019,2.0,17.0,21.0,61.41,61.41,2019-02-17 21:00:00
2019,2.0,17.0,22.0,62.0,62.0,2019-02-17 22:00:00
2019,2.0,17.0,23.0,60.81,60.81,2019-02-17 23:00:00
2019,2.0,17.0,24.0,59.5,59.5,2019-02-18 00:00:00
2019,2.0,18.0,1.0,51.46,51.46,2019-02-18 01:00:00
2019,2.0,18.0,2.0,46.43,46.43,2019-02-18 02:00:00
2019,2.0,18.0,3.0,45.5,45.5,2019-02-18 03:00:00
2019,2.0,18.0,4.0,45.5,45.5,2019-02-18 04:00:00
2019,2.0,18.0,5.0,45.37,45.37,2019-02-18 05:00:00
2019,2.0,18.0,6.0,45.7,45.7,2019-02-18 06:00:00
2019,2.0,18.0,7.0,55.0,55.0,2019-02-18 07:00:00
2019,2.0,18.0,8.0,58.63,58.63,2019-02-18 08:00:00
2019,2.0,18.0,9.0,59.98,59.98,2019-02-18 09:00:00
2019,2.0,18.0,10.0,61.01,61.01,2019-02-18 10:00:00
2019,2.0,18.0,11.0,61.2,61.2,2019-02-18 11:00:00
2019,2.0,18.0,12.0,60.49,60.49,2019-02-18 12:00:00
2019,2.0,18.0,13.0,60.02,60.02,2019-02-18 13:00:00
2019,2.0,18.0,14.0,59.93,59.93,2019-02-18 14:00:00
2019,2.0,18.0,15.0,58.43,58.43,2019-02-18 15:00:00
2019,2.0,18.0,16.0,58.26,58.26,2019-02-18 16:00:00
2019,2.0,18.0,17.0,58.35,58.35,2019-02-18 17:00:00
2019,2.0,18.0,18.0,58.83,58.83,2019-02-18 18:00:00
2019,2.0,18.0,19.0,59.44,59.44,2019-02-18 19:00:00
2019,2.0,18.0,20.0,60.95,60.95,2019-02-18 20:00:00
2019,2.0,18.0,21.0,62.0,62.0,2019-02-18 21:00:00
2019,2.0,18.0,22.0,60.61,60.61,2019-02-18 22:00:00
2019,2.0,18.0,23.0,58.83,58.83,2019-02-18 23:00:00
2019,2.0,18.0,24.0,58.53,58.53,2019-02-19 00:00:00
2019,2.0,19.0,1.0,58.63,58.63,2019-02-19 01:00:00
2019,2.0,19.0,2.0,57.91,57.91,2019-02-19 02:00:00
2019,2.0,19.0,3.0,52.6,52.6,2019-02-19 03:00:00
2019,2.0,19.0,4.0,52.6,52.6,2019-02-19 04:00:00
2019,2.0,19.0,5.0,52.6,52.6,2019-02-19 05:00:00
2019,2.0,19.0,6.0,56.41,56.41,2019-02-19 06:00:00
2019,2.0,19.0,7.0,58.53,58.53,2019-02-19 07:00:00
2019,2.0,19.0,8.0,60.49,60.49,2019-02-19 08:00:00
2019,2.0,19.0,9.0,61.13,61.13,2019-02-19 09:00:00
2019,2.0,19.0,10.0,61.98,61.98,2019-02-19 10:00:00
2019,2.0,19.0,11.0,61.35,61.35,2019-02-19 11:00:00
2019,2.0,19.0,12.0,60.49,60.49,2019-02-19 12:00:00
2019,2.0,19.0,13.0,60.16,60.16,2019-02-19 13:00:00
2019,2.0,19.0,14.0,59.5,59.5,2019-02-19 14:00:00
2019,2.0,19.0,15.0,58.53,58.53,2019-02-19 15:00:00
2019,2.0,19.0,16.0,58.2,58.2,2019-02-19 16:00:00
2019,2.0,19.0,17.0,58.13,58.13,2019-02-19 17:00:00
2019,2.0,19.0,18.0,58.54,58.54,2019-02-19 18:00:00
2019,2.0,19.0,19.0,60.03,60.03,2019-02-19 19:00:00
2019,2.0,19.0,20.0,61.21,61.21,2019-02-19 20:00:00
2019,2.0,19.0,21.0,62.25,62.25,2019-02-19 21:00:00
2019,2.0,19.0,22.0,61.52,61.52,2019-02-19 22:00:00
2019,2.0,19.0,23.0,60.38,60.38,2019-02-19 23:00:00
2019,2.0,19.0,24.0,60.18,60.18,2019-02-20 00:00:00
2019,2.0,20.0,1.0,59.44,59.44,2019-02-20 01:00:00
2019,2.0,20.0,2.0,58.2,58.2,2019-02-20 02:00:00
2019,2.0,20.0,3.0,56.09,56.09,2019-02-20 03:00:00
2019,2.0,20.0,4.0,54.0,54.0,2019-02-20 04:00:00
2019,2.0,20.0,5.0,53.1,53.1,2019-02-20 05:00:00
2019,2.0,20.0,6.0,54.6,54.6,2019-02-20 06:00:00
2019,2.0,20.0,7.0,56.66,56.66,2019-02-20 07:00:00
2019,2.0,20.0,8.0,59.47,59.47,2019-02-20 08:00:00
2019,2.0,20.0,9.0,60.05,60.05,2019-02-20 09:00:00
2019,2.0,20.0,10.0,60.49,60.49,2019-02-20 10:00:00
2019,2.0,20.0,11.0,59.51,59.51,2019-02-20 11:00:00
2019,2.0,20.0,12.0,58.32,58.32,2019-02-20 12:00:00
2019,2.0,20.0,13.0,57.85,57.85,2019-02-20 13:00:00
2019,2.0,20.0,14.0,56.47,56.47,2019-02-20 14:00:00
2019,2.0,20.0,15.0,54.81,54.81,2019-02-20 15:00:00
2019,2.0,20.0,16.0,54.01,54.01,2019-02-20 16:00:00
2019,2.0,20.0,17.0,54.17,54.17,2019-02-20 17:00:00
2019,2.0,20.0,18.0,56.1,56.1,2019-02-20 18:00:00
2019,2.0,20.0,19.0,58.09,58.09,2019-02-20 19:00:00
2019,2.0,20.0,20.0,60.49,60.49,2019-02-20 20:00:00
2019,2.0,20.0,21.0,61.11,61.11,2019-02-20 21:00:00
2019,2.0,20.0,22.0,60.52,60.52,2019-02-20 22:00:00
2019,2.0,20.0,23.0,58.87,58.87,2019-02-20 23:00:00
2019,2.0,20.0,24.0,57.77,57.77,2019-02-21 00:00:00
2019,2.0,21.0,1.0,58.35,58.35,2019-02-21 01:00:00
2019,2.0,21.0,2.0,58.1,54.84,2019-02-21 02:00:00
2019,2.0,21.0,3.0,50.67,50.09,2019-02-21 03:00:00
2019,2.0,21.0,4.0,48.94,48.94,2019-02-21 04:00:00
2019,2.0,21.0,5.0,47.67,47.67,2019-02-21 05:00:00
2019,2.0,21.0,6.0,48.85,48.85,2019-02-21 06:00:00
2019,2.0,21.0,7.0,51.45,51.45,2019-02-21 07:00:00
2019,2.0,21.0,8.0,58.0,58.0,2019-02-21 08:00:00
2019,2.0,21.0,9.0,59.0,59.0,2019-02-21 09:00:00
2019,2.0,21.0,10.0,59.14,59.14,2019-02-21 10:00:00
2019,2.0,21.0,11.0,58.51,58.51,2019-02-21 11:00:00
2019,2.0,21.0,12.0,56.11,56.11,2019-02-21 12:00:00
2019,2.0,21.0,13.0,53.99,53.99,2019-02-21 13:00:00
2019,2.0,21.0,14.0,51.15,51.15,2019-02-21 14:00:00
2019,2.0,21.0,15.0,50.0,50.0,2019-02-21 15:00:00
2019,2.0,21.0,16.0,49.83,49.83,2019-02-21 16:00:00
2019,2.0,21.0,17.0,50.42,50.42,2019-02-21 17:00:00
2019,2.0,21.0,18.0,52.77,52.77,2019-02-21 18:00:00
2019,2.0,21.0,19.0,57.15,57.15,2019-02-21 19:00:00
2019,2.0,21.0,20.0,60.49,60.49,2019-02-21 20:00:00
2019,2.0,21.0,21.0,61.21,61.21,2019-02-21 21:00:00
2019,2.0,21.0,22.0,60.52,60.52,2019-02-21 22:00:00
2019,2.0,21.0,23.0,58.83,58.83,2019-02-21 23:00:00
2019,2.0,21.0,24.0,57.01,57.01,2019-02-22 00:00:00
2019,2.0,22.0,1.0,55.06,55.06,2019-02-22 01:00:00
2019,2.0,22.0,2.0,49.1,49.1,2019-02-22 02:00:00
2019,2.0,22.0,3.0,46.63,46.63,2019-02-22 03:00:00
2019,2.0,22.0,4.0,46.02,46.02,2019-02-22 04:00:00
2019,2.0,22.0,5.0,45.52,45.52,2019-02-22 05:00:00
2019,2.0,22.0,6.0,46.87,46.87,2019-02-22 06:00:00
2019,2.0,22.0,7.0,50.89,50.89,2019-02-22 07:00:00
2019,2.0,22.0,8.0,57.01,57.01,2019-02-22 08:00:00
2019,2.0,22.0,9.0,58.02,58.02,2019-02-22 09:00:00
2019,2.0,22.0,10.0,58.02,58.02,2019-02-22 10:00:00
2019,2.0,22.0,11.0,56.88,56.88,2019-02-22 11:00:00
2019,2.0,22.0,12.0,54.99,54.99,2019-02-22 12:00:00
2019,2.0,22.0,13.0,53.91,53.91,2019-02-22 13:00:00
2019,2.0,22.0,14.0,52.05,52.05,2019-02-22 14:00:00
2019,2.0,22.0,15.0,49.99,49.99,2019-02-22 15:00:00
2019,2.0,22.0,16.0,49.1,49.1,2019-02-22 16:00:00
2019,2.0,22.0,17.0,49.59,49.59,2019-02-22 17:00:00
2019,2.0,22.0,18.0,52.59,52.59,2019-02-22 18:00:00
2019,2.0,22.0,19.0,56.11,56.11,2019-02-22 19:00:00
2019,2.0,22.0,20.0,59.02,59.02,2019-02-22 20:00:00
2019,2.0,22.0,21.0,59.93,59.93,2019-02-22 21:00:00
2019,2.0,22.0,22.0,59.01,59.01,2019-02-22 22:00:00
2019,2.0,22.0,23.0,57.31,57.31,2019-02-22 23:00:00
2019,2.0,22.0,24.0,55.01,55.01,2019-02-23 00:00:00
2019,2.0,23.0,1.0,55.54,55.54,2019-02-23 01:00:00
2019,2.0,23.0,2.0,50.9,50.9,2019-02-23 02:00:00
2019,2.0,23.0,3.0,48.58,48.58,2019-02-23 03:00:00
2019,2.0,23.0,4.0,47.0,47.0,2019-02-23 04:00:00
2019,2.0,23.0,5.0,54.9,46.87,2019-02-23 05:00:00
2019,2.0,23.0,6.0,55.42,46.87,2019-02-23 06:00:00
2019,2.0,23.0,7.0,55.55,47.5,2019-02-23 07:00:00
2019,2.0,23.0,8.0,54.54,50.9,2019-02-23 08:00:00
2019,2.0,23.0,9.0,50.43,50.43,2019-02-23 09:00:00
2019,2.0,23.0,10.0,55.51,55.51,2019-02-23 10:00:00
2019,2.0,23.0,11.0,56.1,56.1,2019-02-23 11:00:00
2019,2.0,23.0,12.0,55.55,55.55,2019-02-23 12:00:00
2019,2.0,23.0,13.0,55.28,53.84,2019-02-23 13:00:00
2019,2.0,23.0,14.0,54.54,52.99,2019-02-23 14:00:00
2019,2.0,23.0,15.0,54.54,50.03,2019-02-23 15:00:00
2019,2.0,23.0,16.0,55.14,47.5,2019-02-23 16:00:00
2019,2.0,23.0,17.0,54.97,46.88,2019-02-23 17:00:00
2019,2.0,23.0,18.0,54.54,48.0,2019-02-23 18:00:00
2019,2.0,23.0,19.0,55.42,52.07,2019-02-23 19:00:00
2019,2.0,23.0,20.0,56.56,56.11,2019-02-23 20:00:00
2019,2.0,23.0,21.0,60.6,57.24,2019-02-23 21:00:00
2019,2.0,23.0,22.0,58.92,56.64,2019-02-23 22:00:00
2019,2.0,23.0,23.0,56.56,55.96,2019-02-23 23:00:00
2019,2.0,23.0,24.0,55.86,53.55,2019-02-24 00:00:00
2019,2.0,24.0,1.0,56.03,56.03,2019-02-24 01:00:00
2019,2.0,24.0,2.0,54.47,51.0,2019-02-24 02:00:00
2019,2.0,24.0,3.0,48.63,48.0,2019-02-24 03:00:00
2019,2.0,24.0,4.0,48.56,46.87,2019-02-24 04:00:00
2019,2.0,24.0,5.0,45.24,45.01,2019-02-24 05:00:00
2019,2.0,24.0,6.0,45.0,45.0,2019-02-24 06:00:00
2019,2.0,24.0,7.0,46.36,46.36,2019-02-24 07:00:00
2019,2.0,24.0,8.0,46.36,46.36,2019-02-24 08:00:00
2019,2.0,24.0,9.0,46.36,46.36,2019-02-24 09:00:00
2019,2.0,24.0,10.0,51.0,51.0,2019-02-24 10:00:00
2019,2.0,24.0,11.0,54.0,54.0,2019-02-24 11:00:00
2019,2.0,24.0,12.0,54.92,52.01,2019-02-24 12:00:00
2019,2.0,24.0,13.0,55.6,50.0,2019-02-24 13:00:00
2019,2.0,24.0,14.0,56.56,50.9,2019-02-24 14:00:00
2019,2.0,24.0,15.0,56.05,50.0,2019-02-24 15:00:00
2019,2.0,24.0,16.0,55.55,46.88,2019-02-24 16:00:00
2019,2.0,24.0,17.0,55.26,45.99,2019-02-24 17:00:00
2019,2.0,24.0,18.0,55.39,46.88,2019-02-24 18:00:00
2019,2.0,24.0,19.0,56.05,52.01,2019-02-24 19:00:00
2019,2.0,24.0,20.0,58.88,58.88,2019-02-24 20:00:00
2019,2.0,24.0,21.0,60.6,59.75,2019-02-24 21:00:00
2019,2.0,24.0,22.0,60.15,60.15,2019-02-24 22:00:00
2019,2.0,24.0,23.0,59.55,59.55,2019-02-24 23:00:00
2019,2.0,24.0,24.0,57.0,57.0,2019-02-25 00:00:00
2019,2.0,25.0,1.0,53.55,53.55,2019-02-25 01:00:00
2019,2.0,25.0,2.0,49.0,49.0,2019-02-25 02:00:00
2019,2.0,25.0,3.0,46.87,46.87,2019-02-25 03:00:00
2019,2.0,25.0,4.0,46.36,46.36,2019-02-25 04:00:00
2019,2.0,25.0,5.0,46.36,46.36,2019-02-25 05:00:00
2019,2.0,25.0,6.0,47.01,47.01,2019-02-25 06:00:00
2019,2.0,25.0,7.0,55.62,55.62,2019-02-25 07:00:00
2019,2.0,25.0,8.0,58.63,58.63,2019-02-25 08:00:00
2019,2.0,25.0,9.0,59.7,59.7,2019-02-25 09:00:00
2019,2.0,25.0,10.0,59.75,59.75,2019-02-25 10:00:00
2019,2.0,25.0,11.0,59.09,59.09,2019-02-25 11:00:00
2019,2.0,25.0,12.0,57.5,57.5,2019-02-25 12:00:00
2019,2.0,25.0,13.0,56.94,56.94,2019-02-25 13:00:00
2019,2.0,25.0,14.0,56.94,56.94,2019-02-25 14:00:00
2019,2.0,25.0,15.0,56.56,56.03,2019-02-25 15:00:00
2019,2.0,25.0,16.0,59.85,55.0,2019-02-25 16:00:00
2019,2.0,25.0,17.0,58.53,55.0,2019-02-25 17:00:00
2019,2.0,25.0,18.0,59.45,56.03,2019-02-25 18:00:00
2019,2.0,25.0,19.0,57.25,57.25,2019-02-25 19:00:00
2019,2.0,25.0,20.0,59.93,59.93,2019-02-25 20:00:00
2019,2.0,25.0,21.0,60.6,60.6,2019-02-25 21:00:00
2019,2.0,25.0,22.0,60.15,60.15,2019-02-25 22:00:00
2019,2.0,25.0,23.0,57.79,57.79,2019-02-25 23:00:00
2019,2.0,25.0,24.0,56.56,56.56,2019-02-26 00:00:00
2019,2.0,26.0,1.0,56.01,56.01,2019-02-26 01:00:00
2019,2.0,26.0,2.0,54.61,54.61,2019-02-26 02:00:00
2019,2.0,26.0,3.0,50.01,50.01,2019-02-26 03:00:00
2019,2.0,26.0,4.0,48.58,48.58,2019-02-26 04:00:00
2019,2.0,26.0,5.0,46.87,46.87,2019-02-26 05:00:00
2019,2.0,26.0,6.0,49.0,49.0,2019-02-26 06:00:00
2019,2.0,26.0,7.0,55.03,55.03,2019-02-26 07:00:00
2019,2.0,26.0,8.0,57.17,57.17,2019-02-26 08:00:00
2019,2.0,26.0,9.0,58.5,58.5,2019-02-26 09:00:00
2019,2.0,26.0,10.0,58.51,58.51,2019-02-26 10:00:00
2019,2.0,26.0,11.0,56.6,56.6,2019-02-26 11:00:00
2019,2.0,26.0,12.0,55.0,55.0,2019-02-26 12:00:00
2019,2.0,26.0,13.0,53.03,53.03,2019-02-26 13:00:00
2019,2.0,26.0,14.0,50.9,50.9,2019-02-26 14:00:00
2019,2.0,26.0,15.0,46.96,46.96,2019-02-26 15:00:00
2019,2.0,26.0,16.0,46.36,46.36,2019-02-26 16:00:00
2019,2.0,26.0,17.0,46.36,46.36,2019-02-26 17:00:00
2019,2.0,26.0,18.0,48.58,48.58,2019-02-26 18:00:00
2019,2.0,26.0,19.0,53.2,53.2,2019-02-26 19:00:00
2019,2.0,26.0,20.0,57.94,57.94,2019-02-26 20:00:00
2019,2.0,26.0,21.0,59.0,59.0,2019-02-26 21:00:00
2019,2.0,26.0,22.0,58.5,58.5,2019-02-26 22:00:00
2019,2.0,26.0,23.0,55.33,55.33,2019-02-26 23:00:00
2019,2.0,26.0,24.0,53.02,53.02,2019-02-27 00:00:00
2019,2.0,27.0,1.0,48.58,48.58,2019-02-27 01:00:00
2019,2.0,27.0,2.0,45.35,45.35,2019-02-27 02:00:00
2019,2.0,27.0,3.0,42.39,42.39,2019-02-27 03:00:00
2019,2.0,27.0,4.0,42.1,42.1,2019-02-27 04:00:00
2019,2.0,27.0,5.0,42.1,42.1,2019-02-27 05:00:00
2019,2.0,27.0,6.0,42.59,42.59,2019-02-27 06:00:00
2019,2.0,27.0,7.0,50.4,50.4,2019-02-27 07:00:00
2019,2.0,27.0,8.0,56.8,56.8,2019-02-27 08:00:00
2019,2.0,27.0,9.0,56.59,56.59,2019-02-27 09:00:00
2019,2.0,27.0,10.0,57.27,57.27,2019-02-27 10:00:00
2019,2.0,27.0,11.0,56.51,56.51,2019-02-27 11:00:00
2019,2.0,27.0,12.0,55.94,55.94,2019-02-27 12:00:00
2019,2.0,27.0,13.0,55.68,55.68,2019-02-27 13:00:00
2019,2.0,27.0,14.0,55.3,55.3,2019-02-27 14:00:00
2019,2.0,27.0,15.0,53.15,53.15,2019-02-27 15:00:00
2019,2.0,27.0,16.0,51.63,51.63,2019-02-27 16:00:00
2019,2.0,27.0,17.0,52.18,52.18,2019-02-27 17:00:00
2019,2.0,27.0,18.0,54.61,54.61,2019-02-27 18:00:00
2019,2.0,27.0,19.0,56.56,56.56,2019-02-27 19:00:00
2019,2.0,27.0,20.0,59.48,59.48,2019-02-27 20:00:00
2019,2.0,27.0,21.0,60.49,60.49,2019-02-27 21:00:00
2019,2.0,27.0,22.0,59.5,59.5,2019-02-27 22:00:00
2019,2.0,27.0,23.0,56.86,56.86,2019-02-27 23:00:00
2019,2.0,27.0,24.0,55.33,55.33,2019-02-28 00:00:00
2019,2.0,28.0,1.0,53.5,53.5,2019-02-28 01:00:00
2019,2.0,28.0,2.0,48.58,48.58,2019-02-28 02:00:00
2019,2.0,28.0,3.0,46.01,46.01,2019-02-28 03:00:00
2019,2.0,28.0,4.0,45.0,45.0,2019-02-28 04:00:00
2019,2.0,28.0,5.0,43.1,43.1,2019-02-28 05:00:00
2019,2.0,28.0,6.0,46.01,46.01,2019-02-28 06:00:00
2019,2.0,28.0,7.0,50.9,50.9,2019-02-28 07:00:00
2019,2.0,28.0,8.0,54.94,54.94,2019-02-28 08:00:00
2019,2.0,28.0,9.0,55.5,55.5,2019-02-28 09:00:00
2019,2.0,28.0,10.0,56.09,56.09,2019-02-28 10:00:00
2019,2.0,28.0,11.0,55.94,55.94,2019-02-28 11:00:00
2019,2.0,28.0,12.0,55.33,55.33,2019-02-28 12:00:00
2019,2.0,28.0,13.0,55.03,55.03,2019-02-28 13:00:00
2019,2.0,28.0,14.0,54.61,54.61,2019-02-28 14:00:00
2019,2.0,28.0,15.0,54.06,54.06,2019-02-28 15:00:00
2019,2.0,28.0,16.0,53.5,52.86,2019-02-28 16:00:00
2019,2.0,28.0,17.0,53.5,52.22,2019-02-28 17:00:00
2019,2.0,28.0,18.0,53.5,53.5,2019-02-28 18:00:00
2019,2.0,28.0,19.0,54.54,54.54,2019-02-28 19:00:00
2019,2.0,28.0,20.0,57.02,57.02,2019-02-28 20:00:00
2019,2.0,28.0,21.0,58.75,58.75,2019-02-28 21:00:00
2019,2.0,28.0,22.0,57.25,57.25,2019-02-28 22:00:00
2019,2.0,28.0,23.0,55.04,55.04,2019-02-28 23:00:00
2019,2.0,28.0,24.0,54.52,54.52,2019-03-01 00:00:00
2019,3.0,1.0,1.0,55.03,55.03,2019-03-01 01:00:00
2019,3.0,1.0,2.0,53.6,53.6,2019-03-01 02:00:00
2019,3.0,1.0,3.0,52.0,52.0,2019-03-01 03:00:00
2019,3.0,1.0,4.0,50.9,50.9,2019-03-01 04:00:00
2019,3.0,1.0,5.0,50.9,50.9,2019-03-01 05:00:00
2019,3.0,1.0,6.0,53.4,53.4,2019-03-01 06:00:00
2019,3.0,1.0,7.0,55.33,55.33,2019-03-01 07:00:00
2019,3.0,1.0,8.0,57.17,57.17,2019-03-01 08:00:00
2019,3.0,1.0,9.0,58.01,58.01,2019-03-01 09:00:00
2019,3.0,1.0,10.0,58.43,58.43,2019-03-01 10:00:00
2019,3.0,1.0,11.0,58.01,58.01,2019-03-01 11:00:00
2019,3.0,1.0,12.0,57.38,57.38,2019-03-01 12:00:00
2019,3.0,1.0,13.0,57.0,57.0,2019-03-01 13:00:00
2019,3.0,1.0,14.0,55.53,55.53,2019-03-01 14:00:00
2019,3.0,1.0,15.0,54.52,54.52,2019-03-01 15:00:00
2019,3.0,1.0,16.0,53.1,53.1,2019-03-01 16:00:00
2019,3.0,1.0,17.0,50.9,50.9,2019-03-01 17:00:00
2019,3.0,1.0,18.0,51.53,51.53,2019-03-01 18:00:00
2019,3.0,1.0,19.0,53.5,53.5,2019-03-01 19:00:00
2019,3.0,1.0,20.0,55.12,55.12,2019-03-01 20:00:00
2019,3.0,1.0,21.0,56.03,56.03,2019-03-01 21:00:00
2019,3.0,1.0,22.0,55.15,55.15,2019-03-01 22:00:00
2019,3.0,1.0,23.0,53.32,53.32,2019-03-01 23:00:00
2019,3.0,1.0,24.0,50.77,50.77,2019-03-02 00:00:00
2019,3.0,2.0,1.0,54.46,54.46,2019-03-02 01:00:00
2019,3.0,2.0,2.0,52.08,52.08,2019-03-02 02:00:00
2019,3.0,2.0,3.0,46.02,46.02,2019-03-02 03:00:00
2019,3.0,2.0,4.0,43.97,43.97,2019-03-02 04:00:00
2019,3.0,2.0,5.0,42.9,42.9,2019-03-02 05:00:00
2019,3.0,2.0,6.0,43.97,43.97,2019-03-02 06:00:00
2019,3.0,2.0,7.0,45.36,45.36,2019-03-02 07:00:00
2019,3.0,2.0,8.0,47.99,47.99,2019-03-02 08:00:00
2019,3.0,2.0,9.0,48.57,48.57,2019-03-02 09:00:00
2019,3.0,2.0,10.0,53.89,53.89,2019-03-02 10:00:00
2019,3.0,2.0,11.0,54.0,54.0,2019-03-02 11:00:00
2019,3.0,2.0,12.0,50.49,50.49,2019-03-02 12:00:00
2019,3.0,2.0,13.0,48.51,48.51,2019-03-02 13:00:00
2019,3.0,2.0,14.0,45.06,45.06,2019-03-02 14:00:00
2019,3.0,2.0,15.0,43.97,41.2,2019-03-02 15:00:00
2019,3.0,2.0,16.0,42.79,38.99,2019-03-02 16:00:00
2019,3.0,2.0,17.0,42.76,38.9,2019-03-02 17:00:00
2019,3.0,2.0,18.0,42.69,40.79,2019-03-02 18:00:00
2019,3.0,2.0,19.0,50.06,50.06,2019-03-02 19:00:00
2019,3.0,2.0,20.0,55.64,55.64,2019-03-02 20:00:00
2019,3.0,2.0,21.0,57.51,57.51,2019-03-02 21:00:00
2019,3.0,2.0,22.0,57.51,57.51,2019-03-02 22:00:00
2019,3.0,2.0,23.0,56.51,56.51,2019-03-02 23:00:00
2019,3.0,2.0,24.0,55.53,55.53,2019-03-03 00:00:00
2019,3.0,3.0,1.0,56.5,56.5,2019-03-03 01:00:00
2019,3.0,3.0,2.0,53.1,53.01,2019-03-03 02:00:00
2019,3.0,3.0,3.0,42.0,42.0,2019-03-03 03:00:00
2019,3.0,3.0,4.0,44.46,44.46,2019-03-03 04:00:00
2019,3.0,3.0,5.0,41.22,41.22,2019-03-03 05:00:00
2019,3.0,3.0,6.0,41.19,41.19,2019-03-03 06:00:00
2019,3.0,3.0,7.0,41.2,41.2,2019-03-03 07:00:00
2019,3.0,3.0,8.0,41.2,41.2,2019-03-03 08:00:00
2019,3.0,3.0,9.0,40.79,40.79,2019-03-03 09:00:00
2019,3.0,3.0,10.0,41.5,41.5,2019-03-03 10:00:00
2019,3.0,3.0,11.0,41.5,41.5,2019-03-03 11:00:00
2019,3.0,3.0,12.0,40.71,40.71,2019-03-03 12:00:00
2019,3.0,3.0,13.0,39.17,39.17,2019-03-03 13:00:00
2019,3.0,3.0,14.0,35.0,35.0,2019-03-03 14:00:00
2019,3.0,3.0,15.0,34.25,34.25,2019-03-03 15:00:00
2019,3.0,3.0,16.0,25.0,25.0,2019-03-03 16:00:00
2019,3.0,3.0,17.0,21.0,21.0,2019-03-03 17:00:00
2019,3.0,3.0,18.0,23.99,23.99,2019-03-03 18:00:00
2019,3.0,3.0,19.0,33.03,33.03,2019-03-03 19:00:00
2019,3.0,3.0,20.0,39.72,39.72,2019-03-03 20:00:00
2019,3.0,3.0,21.0,44.51,44.51,2019-03-03 21:00:00
2019,3.0,3.0,22.0,52.6,52.6,2019-03-03 22:00:00
2019,3.0,3.0,23.0,41.5,41.5,2019-03-03 23:00:00
2019,3.0,3.0,24.0,39.72,39.72,2019-03-04 00:00:00
2019,3.0,4.0,1.0,30.0,30.0,2019-03-04 01:00:00
2019,3.0,4.0,2.0,23.68,12.69,2019-03-04 02:00:00
2019,3.0,4.0,3.0,19.5,7.01,2019-03-04 03:00:00
2019,3.0,4.0,4.0,19.5,3.52,2019-03-04 04:00:00
2019,3.0,4.0,5.0,18.91,7.92,2019-03-04 05:00:00
2019,3.0,4.0,6.0,24.68,15.04,2019-03-04 06:00:00
2019,3.0,4.0,7.0,32.01,32.01,2019-03-04 07:00:00
2019,3.0,4.0,8.0,41.2,41.2,2019-03-04 08:00:00
2019,3.0,4.0,9.0,52.01,52.01,2019-03-04 09:00:00
2019,3.0,4.0,10.0,54.54,54.54,2019-03-04 10:00:00
2019,3.0,4.0,11.0,52.5,52.5,2019-03-04 11:00:00
2019,3.0,4.0,12.0,50.7,50.7,2019-03-04 12:00:00
2019,3.0,4.0,13.0,50.49,50.49,2019-03-04 13:00:00
2019,3.0,4.0,14.0,49.49,49.49,2019-03-04 14:00:00
2019,3.0,4.0,15.0,42.57,42.57,2019-03-04 15:00:00
2019,3.0,4.0,16.0,42.84,42.84,2019-03-04 16:00:00
2019,3.0,4.0,17.0,46.1,46.1,2019-03-04 17:00:00
2019,3.0,4.0,18.0,52.73,52.73,2019-03-04 18:00:00
2019,3.0,4.0,19.0,55.14,55.14,2019-03-04 19:00:00
2019,3.0,4.0,20.0,57.17,57.17,2019-03-04 20:00:00
2019,3.0,4.0,21.0,58.75,58.75,2019-03-04 21:00:00
2019,3.0,4.0,22.0,58.75,58.75,2019-03-04 22:00:00
2019,3.0,4.0,23.0,57.4,57.4,2019-03-04 23:00:00
2019,3.0,4.0,24.0,56.01,56.01,2019-03-05 00:00:00
2019,3.0,5.0,1.0,55.33,55.33,2019-03-05 01:00:00
2019,3.0,5.0,2.0,54.68,54.68,2019-03-05 02:00:00
2019,3.0,5.0,3.0,54.37,54.37,2019-03-05 03:00:00
2019,3.0,5.0,4.0,52.73,52.73,2019-03-05 04:00:00
2019,3.0,5.0,5.0,52.73,52.73,2019-03-05 05:00:00
2019,3.0,5.0,6.0,52.73,52.73,2019-03-05 06:00:00
2019,3.0,5.0,7.0,55.03,55.03,2019-03-05 07:00:00
2019,3.0,5.0,8.0,55.68,55.68,2019-03-05 08:00:00
2019,3.0,5.0,9.0,56.45,56.45,2019-03-05 09:00:00
2019,3.0,5.0,10.0,56.43,56.43,2019-03-05 10:00:00
2019,3.0,5.0,11.0,55.64,55.64,2019-03-05 11:00:00
2019,3.0,5.0,12.0,55.17,55.17,2019-03-05 12:00:00
2019,3.0,5.0,13.0,54.68,54.68,2019-03-05 13:00:00
2019,3.0,5.0,14.0,54.37,54.37,2019-03-05 14:00:00
2019,3.0,5.0,15.0,51.64,51.64,2019-03-05 15:00:00
2019,3.0,5.0,16.0,45.99,45.99,2019-03-05 16:00:00
2019,3.0,5.0,17.0,46.39,46.39,2019-03-05 17:00:00
2019,3.0,5.0,18.0,49.27,49.27,2019-03-05 18:00:00
2019,3.0,5.0,19.0,52.73,52.73,2019-03-05 19:00:00
2019,3.0,5.0,20.0,55.23,55.23,2019-03-05 20:00:00
2019,3.0,5.0,21.0,54.5,54.5,2019-03-05 21:00:00
2019,3.0,5.0,22.0,53.24,53.24,2019-03-05 22:00:00
2019,3.0,5.0,23.0,46.09,46.09,2019-03-05 23:00:00
2019,3.0,5.0,24.0,41.54,41.54,2019-03-06 00:00:00
2019,3.0,6.0,1.0,36.08,36.08,2019-03-06 01:00:00
2019,3.0,6.0,2.0,32.44,32.44,2019-03-06 02:00:00
2019,3.0,6.0,3.0,30.02,30.02,2019-03-06 03:00:00
2019,3.0,6.0,4.0,26.44,26.44,2019-03-06 04:00:00
2019,3.0,6.0,5.0,25.68,25.68,2019-03-06 05:00:00
2019,3.0,6.0,6.0,30.19,30.19,2019-03-06 06:00:00
2019,3.0,6.0,7.0,37.84,37.84,2019-03-06 07:00:00
2019,3.0,6.0,8.0,44.01,44.01,2019-03-06 08:00:00
2019,3.0,6.0,9.0,48.0,48.0,2019-03-06 09:00:00
2019,3.0,6.0,10.0,45.2,45.2,2019-03-06 10:00:00
2019,3.0,6.0,11.0,42.63,42.63,2019-03-06 11:00:00
2019,3.0,6.0,12.0,38.9,38.9,2019-03-06 12:00:00
2019,3.0,6.0,13.0,37.0,37.0,2019-03-06 13:00:00
2019,3.0,6.0,14.0,35.0,35.0,2019-03-06 14:00:00
2019,3.0,6.0,15.0,32.8,32.8,2019-03-06 15:00:00
2019,3.0,6.0,16.0,32.99,32.99,2019-03-06 16:00:00
2019,3.0,6.0,17.0,32.17,32.17,2019-03-06 17:00:00
2019,3.0,6.0,18.0,35.46,35.46,2019-03-06 18:00:00
2019,3.0,6.0,19.0,41.71,41.71,2019-03-06 19:00:00
2019,3.0,6.0,20.0,46.78,46.78,2019-03-06 20:00:00
2019,3.0,6.0,21.0,51.73,51.73,2019-03-06 21:00:00
2019,3.0,6.0,22.0,50.0,50.0,2019-03-06 22:00:00
2019,3.0,6.0,23.0,39.67,39.67,2019-03-06 23:00:00
2019,3.0,6.0,24.0,35.75,35.0,2019-03-07 00:00:00
2019,3.0,7.0,1.0,51.49,39.67,2019-03-07 01:00:00
2019,3.0,7.0,2.0,39.98,36.7,2019-03-07 02:00:00
2019,3.0,7.0,3.0,41.28,34.27,2019-03-07 03:00:00
2019,3.0,7.0,4.0,36.7,36.7,2019-03-07 04:00:00
2019,3.0,7.0,5.0,37.5,37.5,2019-03-07 05:00:00
2019,3.0,7.0,6.0,41.17,41.17,2019-03-07 06:00:00
2019,3.0,7.0,7.0,50.88,50.88,2019-03-07 07:00:00
2019,3.0,7.0,8.0,54.5,54.5,2019-03-07 08:00:00
2019,3.0,7.0,9.0,54.95,54.95,2019-03-07 09:00:00
2019,3.0,7.0,10.0,55.18,55.18,2019-03-07 10:00:00
2019,3.0,7.0,11.0,55.03,55.03,2019-03-07 11:00:00
2019,3.0,7.0,12.0,54.44,54.44,2019-03-07 12:00:00
2019,3.0,7.0,13.0,53.03,53.03,2019-03-07 13:00:00
2019,3.0,7.0,14.0,52.52,52.52,2019-03-07 14:00:00
2019,3.0,7.0,15.0,49.87,49.87,2019-03-07 15:00:00
2019,3.0,7.0,16.0,49.87,49.87,2019-03-07 16:00:00
2019,3.0,7.0,17.0,51.49,51.49,2019-03-07 17:00:00
2019,3.0,7.0,18.0,54.57,54.57,2019-03-07 18:00:00
2019,3.0,7.0,19.0,55.32,55.32,2019-03-07 19:00:00
2019,3.0,7.0,20.0,58.5,58.5,2019-03-07 20:00:00
2019,3.0,7.0,21.0,60.95,60.95,2019-03-07 21:00:00
2019,3.0,7.0,22.0,60.07,60.07,2019-03-07 22:00:00
2019,3.0,7.0,23.0,57.94,57.94,2019-03-07 23:00:00
2019,3.0,7.0,24.0,56.26,56.26,2019-03-08 00:00:00
2019,3.0,8.0,1.0,54.79,54.79,2019-03-08 01:00:00
2019,3.0,8.0,2.0,53.01,53.01,2019-03-08 02:00:00
2019,3.0,8.0,3.0,52.29,52.29,2019-03-08 03:00:00
2019,3.0,8.0,4.0,52.29,52.29,2019-03-08 04:00:00
2019,3.0,8.0,5.0,52.29,52.29,2019-03-08 05:00:00
2019,3.0,8.0,6.0,53.51,53.51,2019-03-08 06:00:00
2019,3.0,8.0,7.0,54.87,54.87,2019-03-08 07:00:00
2019,3.0,8.0,8.0,55.64,55.64,2019-03-08 08:00:00
2019,3.0,8.0,9.0,57.0,57.0,2019-03-08 09:00:00
2019,3.0,8.0,10.0,57.94,57.94,2019-03-08 10:00:00
2019,3.0,8.0,11.0,57.39,57.39,2019-03-08 11:00:00
2019,3.0,8.0,12.0,57.01,57.01,2019-03-08 12:00:00
2019,3.0,8.0,13.0,57.01,57.01,2019-03-08 13:00:00
2019,3.0,8.0,14.0,56.91,56.91,2019-03-08 14:00:00
2019,3.0,8.0,15.0,55.57,55.57,2019-03-08 15:00:00
2019,3.0,8.0,16.0,55.33,55.33,2019-03-08 16:00:00
2019,3.0,8.0,17.0,55.03,55.03,2019-03-08 17:00:00
2019,3.0,8.0,18.0,55.17,55.17,2019-03-08 18:00:00
2019,3.0,8.0,19.0,55.33,55.33,2019-03-08 19:00:00
2019,3.0,8.0,20.0,57.61,57.61,2019-03-08 20:00:00
2019,3.0,8.0,21.0,58.56,58.56,2019-03-08 21:00:00
2019,3.0,8.0,22.0,58.01,58.01,2019-03-08 22:00:00
2019,3.0,8.0,23.0,57.17,57.17,2019-03-08 23:00:00
2019,3.0,8.0,24.0,57.17,57.17,2019-03-09 00:00:00
2019,3.0,9.0,1.0,56.56,56.56,2019-03-09 01:00:00
2019,3.0,9.0,2.0,55.51,55.51,2019-03-09 02:00:00
2019,3.0,9.0,3.0,54.75,54.75,2019-03-09 03:00:00
2019,3.0,9.0,4.0,54.38,54.38,2019-03-09 04:00:00
2019,3.0,9.0,5.0,54.02,54.02,2019-03-09 05:00:00
2019,3.0,9.0,6.0,54.01,54.01,2019-03-09 06:00:00
2019,3.0,9.0,7.0,54.0,54.0,2019-03-09 07:00:00
2019,3.0,9.0,8.0,54.38,54.38,2019-03-09 08:00:00
2019,3.0,9.0,9.0,54.0,54.0,2019-03-09 09:00:00
2019,3.0,9.0,10.0,55.25,55.25,2019-03-09 10:00:00
2019,3.0,9.0,11.0,55.23,55.23,2019-03-09 11:00:00
2019,3.0,9.0,12.0,54.38,54.38,2019-03-09 12:00:00
2019,3.0,9.0,13.0,54.01,54.01,2019-03-09 13:00:00
2019,3.0,9.0,14.0,54.03,54.03,2019-03-09 14:00:00
2019,3.0,9.0,15.0,53.42,53.42,2019-03-09 15:00:00
2019,3.0,9.0,16.0,51.94,51.94,2019-03-09 16:00:00
2019,3.0,9.0,17.0,51.14,51.14,2019-03-09 17:00:00
2019,3.0,9.0,18.0,51.96,51.96,2019-03-09 18:00:00
2019,3.0,9.0,19.0,53.11,53.11,2019-03-09 19:00:00
2019,3.0,9.0,20.0,55.48,55.48,2019-03-09 20:00:00
2019,3.0,9.0,21.0,56.56,56.56,2019-03-09 21:00:00
2019,3.0,9.0,22.0,56.11,56.11,2019-03-09 22:00:00
2019,3.0,9.0,23.0,55.51,55.51,2019-03-09 23:00:00
2019,3.0,9.0,24.0,55.51,55.51,2019-03-10 00:00:00
2019,3.0,10.0,1.0,52.35,52.35,2019-03-10 01:00:00
2019,3.0,10.0,2.0,48.01,48.01,2019-03-10 02:00:00
2019,3.0,10.0,3.0,45.57,45.57,2019-03-10 03:00:00
2019,3.0,10.0,4.0,43.0,43.0,2019-03-10 04:00:00
2019,3.0,10.0,5.0,43.0,42.91,2019-03-10 05:00:00
2019,3.0,10.0,6.0,43.0,43.0,2019-03-10 06:00:00
2019,3.0,10.0,7.0,43.0,43.0,2019-03-10 07:00:00
2019,3.0,10.0,8.0,43.4,43.4,2019-03-10 08:00:00
2019,3.0,10.0,9.0,45.03,45.03,2019-03-10 09:00:00
2019,3.0,10.0,10.0,49.61,49.61,2019-03-10 10:00:00
2019,3.0,10.0,11.0,50.53,50.53,2019-03-10 11:00:00
2019,3.0,10.0,12.0,50.44,50.44,2019-03-10 12:00:00
2019,3.0,10.0,13.0,50.02,50.02,2019-03-10 13:00:00
2019,3.0,10.0,14.0,49.59,49.59,2019-03-10 14:00:00
2019,3.0,10.0,15.0,48.01,48.01,2019-03-10 15:00:00
2019,3.0,10.0,16.0,43.0,41.23,2019-03-10 16:00:00
2019,3.0,10.0,17.0,42.52,39.71,2019-03-10 17:00:00
2019,3.0,10.0,18.0,42.25,40.0,2019-03-10 18:00:00
2019,3.0,10.0,19.0,41.75,40.57,2019-03-10 19:00:00
2019,3.0,10.0,20.0,51.33,51.33,2019-03-10 20:00:00
2019,3.0,10.0,21.0,54.38,54.38,2019-03-10 21:00:00
2019,3.0,10.0,22.0,55.25,55.25,2019-03-10 22:00:00
2019,3.0,10.0,23.0,54.08,54.08,2019-03-10 23:00:00
2019,3.0,10.0,24.0,52.54,52.54,2019-03-11 00:00:00
2019,3.0,11.0,1.0,49.91,49.91,2019-03-11 01:00:00
2019,3.0,11.0,2.0,43.0,43.0,2019-03-11 02:00:00
2019,3.0,11.0,3.0,40.25,40.25,2019-03-11 03:00:00
2019,3.0,11.0,4.0,40.0,40.0,2019-03-11 04:00:00
2019,3.0,11.0,5.0,39.71,39.71,2019-03-11 05:00:00
2019,3.0,11.0,6.0,40.25,40.25,2019-03-11 06:00:00
2019,3.0,11.0,7.0,46.02,46.02,2019-03-11 07:00:00
2019,3.0,11.0,8.0,51.01,51.01,2019-03-11 08:00:00
2019,3.0,11.0,9.0,52.39,52.39,2019-03-11 09:00:00
2019,3.0,11.0,10.0,54.38,54.38,2019-03-11 10:00:00
2019,3.0,11.0,11.0,52.83,52.83,2019-03-11 11:00:00
2019,3.0,11.0,12.0,53.28,53.28,2019-03-11 12:00:00
2019,3.0,11.0,13.0,55.06,55.06,2019-03-11 13:00:00
2019,3.0,11.0,14.0,55.51,55.51,2019-03-11 14:00:00
2019,3.0,11.0,15.0,55.53,55.53,2019-03-11 15:00:00
2019,3.0,11.0,16.0,55.81,55.81,2019-03-11 16:00:00
2019,3.0,11.0,17.0,55.81,55.81,2019-03-11 17:00:00
2019,3.0,11.0,18.0,56.01,56.01,2019-03-11 18:00:00
2019,3.0,11.0,19.0,56.56,56.56,2019-03-11 19:00:00
2019,3.0,11.0,20.0,58.21,58.21,2019-03-11 20:00:00
2019,3.0,11.0,21.0,61.41,61.41,2019-03-11 21:00:00
2019,3.0,11.0,22.0,58.52,58.52,2019-03-11 22:00:00
2019,3.0,11.0,23.0,57.26,57.26,2019-03-11 23:00:00
2019,3.0,11.0,24.0,56.58,56.58,2019-03-12 00:00:00
2019,3.0,12.0,1.0,55.25,55.25,2019-03-12 01:00:00
2019,3.0,12.0,2.0,54.01,54.01,2019-03-12 02:00:00
2019,3.0,12.0,3.0,54.01,54.01,2019-03-12 03:00:00
2019,3.0,12.0,4.0,53.49,53.49,2019-03-12 04:00:00
2019,3.0,12.0,5.0,52.35,52.35,2019-03-12 05:00:00
2019,3.0,12.0,6.0,52.72,52.72,2019-03-12 06:00:00
2019,3.0,12.0,7.0,54.88,54.88,2019-03-12 07:00:00
2019,3.0,12.0,8.0,55.25,55.25,2019-03-12 08:00:00
2019,3.0,12.0,9.0,56.11,56.11,2019-03-12 09:00:00
2019,3.0,12.0,10.0,56.26,56.26,2019-03-12 10:00:00
2019,3.0,12.0,11.0,55.11,55.11,2019-03-12 11:00:00
2019,3.0,12.0,12.0,52.72,52.72,2019-03-12 12:00:00
2019,3.0,12.0,13.0,51.84,51.32,2019-03-12 13:00:00
2019,3.0,12.0,14.0,49.56,49.56,2019-03-12 14:00:00
2019,3.0,12.0,15.0,45.05,45.05,2019-03-12 15:00:00
2019,3.0,12.0,16.0,42.63,42.63,2019-03-12 16:00:00
2019,3.0,12.0,17.0,42.62,42.62,2019-03-12 17:00:00
2019,3.0,12.0,18.0,46.39,46.39,2019-03-12 18:00:00
2019,3.0,12.0,19.0,51.0,51.0,2019-03-12 19:00:00
2019,3.0,12.0,20.0,54.71,54.71,2019-03-12 20:00:00
2019,3.0,12.0,21.0,56.01,56.01,2019-03-12 21:00:00
2019,3.0,12.0,22.0,55.01,55.01,2019-03-12 22:00:00
2019,3.0,12.0,23.0,51.99,51.99,2019-03-12 23:00:00
2019,3.0,12.0,24.0,50.5,50.5,2019-03-13 00:00:00
2019,3.0,13.0,1.0,40.69,40.69,2019-03-13 01:00:00
2019,3.0,13.0,2.0,39.58,39.58,2019-03-13 02:00:00
2019,3.0,13.0,3.0,37.94,37.94,2019-03-13 03:00:00
2019,3.0,13.0,4.0,37.15,37.15,2019-03-13 04:00:00
2019,3.0,13.0,5.0,36.08,36.08,2019-03-13 05:00:00
2019,3.0,13.0,6.0,37.94,37.94,2019-03-13 06:00:00
2019,3.0,13.0,7.0,40.69,40.69,2019-03-13 07:00:00
2019,3.0,13.0,8.0,46.0,46.0,2019-03-13 08:00:00
2019,3.0,13.0,9.0,51.33,51.33,2019-03-13 09:00:00
2019,3.0,13.0,10.0,51.64,51.64,2019-03-13 10:00:00
2019,3.0,13.0,11.0,50.21,50.21,2019-03-13 11:00:00
2019,3.0,13.0,12.0,47.02,47.02,2019-03-13 12:00:00
2019,3.0,13.0,13.0,48.68,48.68,2019-03-13 13:00:00
2019,3.0,13.0,14.0,45.87,45.87,2019-03-13 14:00:00
2019,3.0,13.0,15.0,45.0,45.0,2019-03-13 15:00:00
2019,3.0,13.0,16.0,42.64,42.64,2019-03-13 16:00:00
2019,3.0,13.0,17.0,42.57,42.01,2019-03-13 17:00:00
2019,3.0,13.0,18.0,43.84,43.84,2019-03-13 18:00:00
2019,3.0,13.0,19.0,47.18,47.18,2019-03-13 19:00:00
2019,3.0,13.0,20.0,53.04,53.04,2019-03-13 20:00:00
2019,3.0,13.0,21.0,55.66,55.66,2019-03-13 21:00:00
2019,3.0,13.0,22.0,55.11,55.11,2019-03-13 22:00:00
2019,3.0,13.0,23.0,52.99,52.99,2019-03-13 23:00:00
2019,3.0,13.0,24.0,52.35,52.35,2019-03-14 00:00:00
2019,3.0,14.0,1.0,51.33,51.33,2019-03-14 01:00:00
2019,3.0,14.0,2.0,47.57,47.57,2019-03-14 02:00:00
2019,3.0,14.0,3.0,45.15,45.15,2019-03-14 03:00:00
2019,3.0,14.0,4.0,45.58,45.58,2019-03-14 04:00:00
2019,3.0,14.0,5.0,46.82,46.82,2019-03-14 05:00:00
2019,3.0,14.0,6.0,49.66,49.66,2019-03-14 06:00:00
2019,3.0,14.0,7.0,52.93,52.93,2019-03-14 07:00:00
2019,3.0,14.0,8.0,53.01,53.01,2019-03-14 08:00:00
2019,3.0,14.0,9.0,55.0,55.0,2019-03-14 09:00:00
2019,3.0,14.0,10.0,55.0,55.0,2019-03-14 10:00:00
2019,3.0,14.0,11.0,53.6,53.6,2019-03-14 11:00:00
2019,3.0,14.0,12.0,52.63,52.63,2019-03-14 12:00:00
2019,3.0,14.0,13.0,52.94,52.94,2019-03-14 13:00:00
2019,3.0,14.0,14.0,52.63,52.63,2019-03-14 14:00:00
2019,3.0,14.0,15.0,51.68,51.64,2019-03-14 15:00:00
2019,3.0,14.0,16.0,51.68,50.0,2019-03-14 16:00:00
2019,3.0,14.0,17.0,50.46,48.49,2019-03-14 17:00:00
2019,3.0,14.0,18.0,50.34,50.34,2019-03-14 18:00:00
2019,3.0,14.0,19.0,51.33,51.33,2019-03-14 19:00:00
2019,3.0,14.0,20.0,54.67,54.67,2019-03-14 20:00:00
2019,3.0,14.0,21.0,56.05,56.05,2019-03-14 21:00:00
2019,3.0,14.0,22.0,55.51,55.51,2019-03-14 22:00:00
2019,3.0,14.0,23.0,53.63,53.63,2019-03-14 23:00:00
2019,3.0,14.0,24.0,52.63,52.63,2019-03-15 00:00:00
2019,3.0,15.0,1.0,54.38,54.38,2019-03-15 01:00:00
2019,3.0,15.0,2.0,53.1,53.1,2019-03-15 02:00:00
2019,3.0,15.0,3.0,51.94,51.94,2019-03-15 03:00:00
2019,3.0,15.0,4.0,51.64,51.64,2019-03-15 04:00:00
2019,3.0,15.0,5.0,52.02,52.02,2019-03-15 05:00:00
2019,3.0,15.0,6.0,54.01,54.01,2019-03-15 06:00:00
2019,3.0,15.0,7.0,55.66,55.66,2019-03-15 07:00:00
2019,3.0,15.0,8.0,56.26,56.26,2019-03-15 08:00:00
2019,3.0,15.0,9.0,56.61,56.61,2019-03-15 09:00:00
2019,3.0,15.0,10.0,56.6,56.6,2019-03-15 10:00:00
2019,3.0,15.0,11.0,56.05,56.05,2019-03-15 11:00:00
2019,3.0,15.0,12.0,56.52,55.51,2019-03-15 12:00:00
2019,3.0,15.0,13.0,56.05,55.01,2019-03-15 13:00:00
2019,3.0,15.0,14.0,56.57,54.51,2019-03-15 14:00:00
2019,3.0,15.0,15.0,56.57,53.2,2019-03-15 15:00:00
2019,3.0,15.0,16.0,56.57,52.01,2019-03-15 16:00:00
2019,3.0,15.0,17.0,56.57,52.31,2019-03-15 17:00:00
2019,3.0,15.0,18.0,56.56,53.42,2019-03-15 18:00:00
2019,3.0,15.0,19.0,56.05,55.25,2019-03-15 19:00:00
2019,3.0,15.0,20.0,56.63,56.63,2019-03-15 20:00:00
2019,3.0,15.0,21.0,57.98,57.98,2019-03-15 21:00:00
2019,3.0,15.0,22.0,57.57,57.57,2019-03-15 22:00:00
2019,3.0,15.0,23.0,56.6,56.6,2019-03-15 23:00:00
2019,3.0,15.0,24.0,56.61,56.61,2019-03-16 00:00:00
2019,3.0,16.0,1.0,57.05,57.05,2019-03-16 01:00:00
2019,3.0,16.0,2.0,56.05,56.05,2019-03-16 02:00:00
2019,3.0,16.0,3.0,55.25,55.25,2019-03-16 03:00:00
2019,3.0,16.0,4.0,54.93,54.93,2019-03-16 04:00:00
2019,3.0,16.0,5.0,54.03,54.03,2019-03-16 05:00:00
2019,3.0,16.0,6.0,53.75,53.75,2019-03-16 06:00:00
2019,3.0,16.0,7.0,54.0,54.0,2019-03-16 07:00:00
2019,3.0,16.0,8.0,52.63,52.63,2019-03-16 08:00:00
2019,3.0,16.0,9.0,51.59,51.59,2019-03-16 09:00:00
2019,3.0,16.0,10.0,53.63,53.63,2019-03-16 10:00:00
2019,3.0,16.0,11.0,52.5,52.5,2019-03-16 11:00:00
2019,3.0,16.0,12.0,51.64,51.64,2019-03-16 12:00:00
2019,3.0,16.0,13.0,50.57,50.57,2019-03-16 13:00:00
2019,3.0,16.0,14.0,50.0,50.0,2019-03-16 14:00:00
2019,3.0,16.0,15.0,49.4,49.4,2019-03-16 15:00:00
2019,3.0,16.0,16.0,45.07,45.07,2019-03-16 16:00:00
2019,3.0,16.0,17.0,40.07,40.07,2019-03-16 17:00:00
2019,3.0,16.0,18.0,40.11,40.11,2019-03-16 18:00:00
2019,3.0,16.0,19.0,47.77,47.77,2019-03-16 19:00:00
2019,3.0,16.0,20.0,52.63,52.63,2019-03-16 20:00:00
2019,3.0,16.0,21.0,55.0,55.0,2019-03-16 21:00:00
2019,3.0,16.0,22.0,53.38,53.38,2019-03-16 22:00:00
2019,3.0,16.0,23.0,50.53,50.53,2019-03-16 23:00:00
2019,3.0,16.0,24.0,49.38,49.38,2019-03-17 00:00:00
2019,3.0,17.0,1.0,51.05,51.05,2019-03-17 01:00:00
2019,3.0,17.0,2.0,40.07,40.07,2019-03-17 02:00:00
2019,3.0,17.0,3.0,38.87,38.87,2019-03-17 03:00:00
2019,3.0,17.0,4.0,34.34,34.34,2019-03-17 04:00:00
2019,3.0,17.0,5.0,34.34,34.34,2019-03-17 05:00:00
2019,3.0,17.0,6.0,37.5,37.5,2019-03-17 06:00:00
2019,3.0,17.0,7.0,37.5,37.5,2019-03-17 07:00:00
2019,3.0,17.0,8.0,37.77,37.77,2019-03-17 08:00:00
2019,3.0,17.0,9.0,37.87,37.87,2019-03-17 09:00:00
2019,3.0,17.0,10.0,39.27,39.27,2019-03-17 10:00:00
2019,3.0,17.0,11.0,38.99,38.99,2019-03-17 11:00:00
2019,3.0,17.0,12.0,40.1,38.87,2019-03-17 12:00:00
2019,3.0,17.0,13.0,38.38,34.01,2019-03-17 13:00:00
2019,3.0,17.0,14.0,34.34,30.0,2019-03-17 14:00:00
2019,3.0,17.0,15.0,34.34,20.0,2019-03-17 15:00:00
2019,3.0,17.0,16.0,32.34,8.85,2019-03-17 16:00:00
2019,3.0,17.0,17.0,32.34,5.48,2019-03-17 17:00:00
2019,3.0,17.0,18.0,28.84,11.03,2019-03-17 18:00:00
2019,3.0,17.0,19.0,30.5,30.5,2019-03-17 19:00:00
2019,3.0,17.0,20.0,39.13,39.13,2019-03-17 20:00:00
2019,3.0,17.0,21.0,48.08,48.08,2019-03-17 21:00:00
2019,3.0,17.0,22.0,52.63,52.63,2019-03-17 22:00:00
2019,3.0,17.0,23.0,48.01,48.01,2019-03-17 23:00:00
2019,3.0,17.0,24.0,39.77,39.77,2019-03-18 00:00:00
2019,3.0,18.0,1.0,40.0,40.0,2019-03-18 01:00:00
2019,3.0,18.0,2.0,39.01,39.01,2019-03-18 02:00:00
2019,3.0,18.0,3.0,38.69,38.69,2019-03-18 03:00:00
2019,3.0,18.0,4.0,38.69,38.69,2019-03-18 04:00:00
2019,3.0,18.0,5.0,39.0,39.0,2019-03-18 05:00:00
2019,3.0,18.0,6.0,40.0,40.0,2019-03-18 06:00:00
2019,3.0,18.0,7.0,50.53,50.53,2019-03-18 07:00:00
2019,3.0,18.0,8.0,51.0,51.0,2019-03-18 08:00:00
2019,3.0,18.0,9.0,52.63,52.63,2019-03-18 09:00:00
2019,3.0,18.0,10.0,53.01,53.01,2019-03-18 10:00:00
2019,3.0,18.0,11.0,51.94,51.94,2019-03-18 11:00:00
2019,3.0,18.0,12.0,51.75,51.75,2019-03-18 12:00:00
2019,3.0,18.0,13.0,51.94,51.94,2019-03-18 13:00:00
2019,3.0,18.0,14.0,51.94,51.94,2019-03-18 14:00:00
2019,3.0,18.0,15.0,51.01,51.01,2019-03-18 15:00:00
2019,3.0,18.0,16.0,50.0,50.0,2019-03-18 16:00:00
2019,3.0,18.0,17.0,49.07,49.07,2019-03-18 17:00:00
2019,3.0,18.0,18.0,49.51,49.51,2019-03-18 18:00:00
2019,3.0,18.0,19.0,50.71,50.71,2019-03-18 19:00:00
2019,3.0,18.0,20.0,54.88,54.88,2019-03-18 20:00:00
2019,3.0,18.0,21.0,56.19,56.19,2019-03-18 21:00:00
2019,3.0,18.0,22.0,55.6,55.6,2019-03-18 22:00:00
2019,3.0,18.0,23.0,52.35,52.35,2019-03-18 23:00:00
2019,3.0,18.0,24.0,51.0,51.0,2019-03-19 00:00:00
2019,3.0,19.0,1.0,50.0,50.0,2019-03-19 01:00:00
2019,3.0,19.0,2.0,45.91,45.91,2019-03-19 02:00:00
2019,3.0,19.0,3.0,42.71,42.71,2019-03-19 03:00:00
2019,3.0,19.0,4.0,41.9,41.9,2019-03-19 04:00:00
2019,3.0,19.0,5.0,41.29,41.29,2019-03-19 05:00:00
2019,3.0,19.0,6.0,42.71,42.71,2019-03-19 06:00:00
2019,3.0,19.0,7.0,47.58,47.58,2019-03-19 07:00:00
2019,3.0,19.0,8.0,51.27,51.27,2019-03-19 08:00:00
2019,3.0,19.0,9.0,54.38,54.38,2019-03-19 09:00:00
2019,3.0,19.0,10.0,54.04,54.04,2019-03-19 10:00:00
2019,3.0,19.0,11.0,52.26,52.26,2019-03-19 11:00:00
2019,3.0,19.0,12.0,51.64,51.64,2019-03-19 12:00:00
2019,3.0,19.0,13.0,51.94,51.94,2019-03-19 13:00:00
2019,3.0,19.0,14.0,51.53,51.53,2019-03-19 14:00:00
2019,3.0,19.0,15.0,49.94,49.94,2019-03-19 15:00:00
2019,3.0,19.0,16.0,47.67,47.67,2019-03-19 16:00:00
2019,3.0,19.0,17.0,46.5,46.5,2019-03-19 17:00:00
2019,3.0,19.0,18.0,48.96,48.96,2019-03-19 18:00:00
2019,3.0,19.0,19.0,54.62,54.62,2019-03-19 19:00:00
2019,3.0,19.0,20.0,56.57,56.57,2019-03-19 20:00:00
2019,3.0,19.0,21.0,55.26,55.26,2019-03-19 21:00:00
2019,3.0,19.0,22.0,54.96,54.96,2019-03-19 22:00:00
2019,3.0,19.0,23.0,52.26,52.26,2019-03-19 23:00:00
2019,3.0,19.0,24.0,51.33,51.33,2019-03-20 00:00:00
2019,3.0,20.0,1.0,44.01,44.01,2019-03-20 01:00:00
2019,3.0,20.0,2.0,41.54,41.54,2019-03-20 02:00:00
2019,3.0,20.0,3.0,39.69,39.69,2019-03-20 03:00:00
2019,3.0,20.0,4.0,39.37,39.37,2019-03-20 04:00:00
2019,3.0,20.0,5.0,39.37,39.37,2019-03-20 05:00:00
2019,3.0,20.0,6.0,40.0,40.0,2019-03-20 06:00:00
2019,3.0,20.0,7.0,47.53,47.53,2019-03-20 07:00:00
2019,3.0,20.0,8.0,50.53,50.53,2019-03-20 08:00:00
2019,3.0,20.0,9.0,51.94,51.94,2019-03-20 09:00:00
2019,3.0,20.0,10.0,51.91,51.91,2019-03-20 10:00:00
2019,3.0,20.0,11.0,49.94,49.94,2019-03-20 11:00:00
2019,3.0,20.0,12.0,49.28,49.28,2019-03-20 12:00:00
2019,3.0,20.0,13.0,51.1,51.1,2019-03-20 13:00:00
2019,3.0,20.0,14.0,51.64,51.64,2019-03-20 14:00:00
2019,3.0,20.0,15.0,51.32,51.32,2019-03-20 15:00:00
2019,3.0,20.0,16.0,51.01,51.01,2019-03-20 16:00:00
2019,3.0,20.0,17.0,50.5,50.5,2019-03-20 17:00:00
2019,3.0,20.0,18.0,50.53,50.53,2019-03-20 18:00:00
2019,3.0,20.0,19.0,51.64,51.64,2019-03-20 19:00:00
2019,3.0,20.0,20.0,55.55,55.55,2019-03-20 20:00:00
2019,3.0,20.0,21.0,55.16,55.16,2019-03-20 21:00:00
2019,3.0,20.0,22.0,54.35,54.35,2019-03-20 22:00:00
2019,3.0,20.0,23.0,51.33,51.33,2019-03-20 23:00:00
2019,3.0,20.0,24.0,48.1,48.1,2019-03-21 00:00:00
2019,3.0,21.0,1.0,49.07,49.07,2019-03-21 01:00:00
2019,3.0,21.0,2.0,45.23,45.23,2019-03-21 02:00:00
2019,3.0,21.0,3.0,44.01,44.01,2019-03-21 03:00:00
2019,3.0,21.0,4.0,44.79,44.79,2019-03-21 04:00:00
2019,3.0,21.0,5.0,46.13,46.13,2019-03-21 05:00:00
2019,3.0,21.0,6.0,49.59,49.59,2019-03-21 06:00:00
2019,3.0,21.0,7.0,53.21,53.21,2019-03-21 07:00:00
2019,3.0,21.0,8.0,55.01,55.01,2019-03-21 08:00:00
2019,3.0,21.0,9.0,54.07,54.07,2019-03-21 09:00:00
2019,3.0,21.0,10.0,54.66,54.66,2019-03-21 10:00:00
2019,3.0,21.0,11.0,54.04,54.04,2019-03-21 11:00:00
2019,3.0,21.0,12.0,53.75,53.75,2019-03-21 12:00:00
2019,3.0,21.0,13.0,54.66,54.66,2019-03-21 13:00:00
2019,3.0,21.0,14.0,54.66,54.66,2019-03-21 14:00:00
2019,3.0,21.0,15.0,54.07,54.07,2019-03-21 15:00:00
2019,3.0,21.0,16.0,54.04,53.17,2019-03-21 16:00:00
2019,3.0,21.0,17.0,54.04,53.01,2019-03-21 17:00:00
2019,3.0,21.0,18.0,54.04,53.5,2019-03-21 18:00:00
2019,3.0,21.0,19.0,53.8,53.8,2019-03-21 19:00:00
2019,3.0,21.0,20.0,55.25,55.25,2019-03-21 20:00:00
2019,3.0,21.0,21.0,56.55,56.55,2019-03-21 21:00:00
2019,3.0,21.0,22.0,56.05,56.05,2019-03-21 22:00:00
2019,3.0,21.0,23.0,55.0,55.0,2019-03-21 23:00:00
2019,3.0,21.0,24.0,55.01,55.01,2019-03-22 00:00:00
2019,3.0,22.0,1.0,56.39,56.39,2019-03-22 01:00:00
2019,3.0,22.0,2.0,55.55,55.55,2019-03-22 02:00:00
2019,3.0,22.0,3.0,55.5,55.5,2019-03-22 03:00:00
2019,3.0,22.0,4.0,55.15,55.15,2019-03-22 04:00:00
2019,3.0,22.0,5.0,55.01,55.01,2019-03-22 05:00:00
2019,3.0,22.0,6.0,55.65,55.65,2019-03-22 06:00:00
2019,3.0,22.0,7.0,55.76,55.76,2019-03-22 07:00:00
2019,3.0,22.0,8.0,55.95,55.95,2019-03-22 08:00:00
2019,3.0,22.0,9.0,56.25,56.25,2019-03-22 09:00:00
2019,3.0,22.0,10.0,56.29,56.29,2019-03-22 10:00:00
2019,3.0,22.0,11.0,55.8,55.8,2019-03-22 11:00:00
2019,3.0,22.0,12.0,55.51,55.51,2019-03-22 12:00:00
2019,3.0,22.0,13.0,56.01,56.01,2019-03-22 13:00:00
2019,3.0,22.0,14.0,55.8,55.8,2019-03-22 14:00:00
2019,3.0,22.0,15.0,55.25,55.25,2019-03-22 15:00:00
2019,3.0,22.0,16.0,54.8,54.8,2019-03-22 16:00:00
2019,3.0,22.0,17.0,54.93,54.93,2019-03-22 17:00:00
2019,3.0,22.0,18.0,55.01,55.01,2019-03-22 18:00:00
2019,3.0,22.0,19.0,55.25,55.25,2019-03-22 19:00:00
2019,3.0,22.0,20.0,56.1,56.1,2019-03-22 20:00:00
2019,3.0,22.0,21.0,57.5,57.5,2019-03-22 21:00:00
2019,3.0,22.0,22.0,56.51,56.51,2019-03-22 22:00:00
2019,3.0,22.0,23.0,55.85,55.85,2019-03-22 23:00:00
2019,3.0,22.0,24.0,55.65,55.65,2019-03-23 00:00:00
2019,3.0,23.0,1.0,55.26,55.26,2019-03-23 01:00:00
2019,3.0,23.0,2.0,54.34,54.34,2019-03-23 02:00:00
2019,3.0,23.0,3.0,52.35,52.35,2019-03-23 03:00:00
2019,3.0,23.0,4.0,51.94,51.94,2019-03-23 04:00:00
2019,3.0,23.0,5.0,51.33,51.33,2019-03-23 05:00:00
2019,3.0,23.0,6.0,50.55,50.55,2019-03-23 06:00:00
2019,3.0,23.0,7.0,48.75,48.75,2019-03-23 07:00:00
2019,3.0,23.0,8.0,49.28,49.28,2019-03-23 08:00:00
2019,3.0,23.0,9.0,50.53,50.53,2019-03-23 09:00:00
2019,3.0,23.0,10.0,52.26,52.26,2019-03-23 10:00:00
2019,3.0,23.0,11.0,51.72,51.72,2019-03-23 11:00:00
2019,3.0,23.0,12.0,50.0,50.0,2019-03-23 12:00:00
2019,3.0,23.0,13.0,50.0,50.0,2019-03-23 13:00:00
2019,3.0,23.0,14.0,50.0,50.0,2019-03-23 14:00:00
2019,3.0,23.0,15.0,49.07,49.07,2019-03-23 15:00:00
2019,3.0,23.0,16.0,47.65,47.65,2019-03-23 16:00:00
2019,3.0,23.0,17.0,46.78,46.78,2019-03-23 17:00:00
2019,3.0,23.0,18.0,48.3,48.3,2019-03-23 18:00:00
2019,3.0,23.0,19.0,50.53,50.53,2019-03-23 19:00:00
2019,3.0,23.0,20.0,54.01,54.01,2019-03-23 20:00:00
2019,3.0,23.0,21.0,55.01,55.01,2019-03-23 21:00:00
2019,3.0,23.0,22.0,54.81,54.81,2019-03-23 22:00:00
2019,3.0,23.0,23.0,52.99,52.99,2019-03-23 23:00:00
2019,3.0,23.0,24.0,51.84,51.84,2019-03-24 00:00:00
2019,3.0,24.0,1.0,43.43,43.43,2019-03-24 01:00:00
2019,3.0,24.0,2.0,44.44,44.44,2019-03-24 02:00:00
2019,3.0,24.0,3.0,44.01,44.01,2019-03-24 03:00:00
2019,3.0,24.0,4.0,43.43,43.43,2019-03-24 04:00:00
2019,3.0,24.0,5.0,40.1,40.1,2019-03-24 05:00:00
2019,3.0,24.0,6.0,41.81,41.81,2019-03-24 06:00:00
2019,3.0,24.0,7.0,43.43,43.43,2019-03-24 07:00:00
2019,3.0,24.0,8.0,43.31,43.31,2019-03-24 08:00:00
2019,3.0,24.0,9.0,41.31,41.31,2019-03-24 09:00:00
2019,3.0,24.0,10.0,46.95,46.95,2019-03-24 10:00:00
2019,3.0,24.0,11.0,47.42,47.42,2019-03-24 11:00:00
2019,3.0,24.0,12.0,47.42,47.42,2019-03-24 12:00:00
2019,3.0,24.0,13.0,46.5,46.5,2019-03-24 13:00:00
2019,3.0,24.0,14.0,46.9,46.9,2019-03-24 14:00:00
2019,3.0,24.0,15.0,43.65,43.65,2019-03-24 15:00:00
2019,3.0,24.0,16.0,39.98,39.98,2019-03-24 16:00:00
2019,3.0,24.0,17.0,39.75,39.22,2019-03-24 17:00:00
2019,3.0,24.0,18.0,51.01,39.0,2019-03-24 18:00:00
2019,3.0,24.0,19.0,39.75,39.75,2019-03-24 19:00:00
2019,3.0,24.0,20.0,44.82,44.82,2019-03-24 20:00:00
2019,3.0,24.0,21.0,52.0,52.0,2019-03-24 21:00:00
2019,3.0,24.0,22.0,52.1,52.1,2019-03-24 22:00:00
2019,3.0,24.0,23.0,50.37,50.37,2019-03-24 23:00:00
2019,3.0,24.0,24.0,41.9,41.9,2019-03-25 00:00:00
2019,3.0,25.0,1.0,39.0,39.0,2019-03-25 01:00:00
2019,3.0,25.0,2.0,38.01,37.72,2019-03-25 02:00:00
2019,3.0,25.0,3.0,38.01,30.99,2019-03-25 03:00:00
2019,3.0,25.0,4.0,35.38,30.0,2019-03-25 04:00:00
2019,3.0,25.0,5.0,34.85,30.13,2019-03-25 05:00:00
2019,3.0,25.0,6.0,34.85,34.85,2019-03-25 06:00:00
2019,3.0,25.0,7.0,39.8,39.8,2019-03-25 07:00:00
2019,3.0,25.0,8.0,51.33,51.33,2019-03-25 08:00:00
2019,3.0,25.0,9.0,51.96,51.96,2019-03-25 09:00:00
2019,3.0,25.0,10.0,51.94,51.94,2019-03-25 10:00:00
2019,3.0,25.0,11.0,51.0,51.0,2019-03-25 11:00:00
2019,3.0,25.0,12.0,49.05,49.05,2019-03-25 12:00:00
2019,3.0,25.0,13.0,50.55,48.63,2019-03-25 13:00:00
2019,3.0,25.0,14.0,47.74,47.74,2019-03-25 14:00:00
2019,3.0,25.0,15.0,45.01,41.31,2019-03-25 15:00:00
2019,3.0,25.0,16.0,51.01,39.99,2019-03-25 16:00:00
2019,3.0,25.0,17.0,45.76,39.3,2019-03-25 17:00:00
2019,3.0,25.0,18.0,45.01,39.0,2019-03-25 18:00:00
2019,3.0,25.0,19.0,41.2,41.2,2019-03-25 19:00:00
2019,3.0,25.0,20.0,47.01,47.01,2019-03-25 20:00:00
2019,3.0,25.0,21.0,51.94,51.94,2019-03-25 21:00:00
2019,3.0,25.0,22.0,49.32,49.32,2019-03-25 22:00:00
2019,3.0,25.0,23.0,39.99,39.99,2019-03-25 23:00:00
2019,3.0,25.0,24.0,37.56,37.56,2019-03-26 00:00:00
2019,3.0,26.0,1.0,34.85,34.85,2019-03-26 01:00:00
2019,3.0,26.0,2.0,32.19,30.87,2019-03-26 02:00:00
2019,3.0,26.0,3.0,30.25,30.25,2019-03-26 03:00:00
2019,3.0,26.0,4.0,30.21,30.21,2019-03-26 04:00:00
2019,3.0,26.0,5.0,30.22,30.22,2019-03-26 05:00:00
2019,3.0,26.0,6.0,32.5,32.5,2019-03-26 06:00:00
2019,3.0,26.0,7.0,39.0,39.0,2019-03-26 07:00:00
2019,3.0,26.0,8.0,45.7,45.7,2019-03-26 08:00:00
2019,3.0,26.0,9.0,49.94,49.94,2019-03-26 09:00:00
2019,3.0,26.0,10.0,49.53,49.53,2019-03-26 10:00:00
2019,3.0,26.0,11.0,45.87,45.87,2019-03-26 11:00:00
2019,3.0,26.0,12.0,45.55,45.55,2019-03-26 12:00:00
2019,3.0,26.0,13.0,45.87,45.87,2019-03-26 13:00:00
2019,3.0,26.0,14.0,43.69,43.69,2019-03-26 14:00:00
2019,3.0,26.0,15.0,41.0,41.0,2019-03-26 15:00:00
2019,3.0,26.0,16.0,38.19,38.19,2019-03-26 16:00:00
2019,3.0,26.0,17.0,37.95,37.95,2019-03-26 17:00:00
2019,3.0,26.0,18.0,39.76,39.76,2019-03-26 18:00:00
2019,3.0,26.0,19.0,43.0,43.0,2019-03-26 19:00:00
2019,3.0,26.0,20.0,49.4,49.4,2019-03-26 20:00:00
2019,3.0,26.0,21.0,51.64,51.64,2019-03-26 21:00:00
2019,3.0,26.0,22.0,50.4,50.4,2019-03-26 22:00:00
2019,3.0,26.0,23.0,42.28,42.28,2019-03-26 23:00:00
2019,3.0,26.0,24.0,38.42,38.42,2019-03-27 00:00:00
2019,3.0,27.0,1.0,37.33,37.33,2019-03-27 01:00:00
2019,3.0,27.0,2.0,36.87,36.87,2019-03-27 02:00:00
2019,3.0,27.0,3.0,36.62,36.62,2019-03-27 03:00:00
2019,3.0,27.0,4.0,36.62,36.62,2019-03-27 04:00:00
2019,3.0,27.0,5.0,37.33,37.33,2019-03-27 05:00:00
2019,3.0,27.0,6.0,38.01,38.01,2019-03-27 06:00:00
2019,3.0,27.0,7.0,49.8,49.8,2019-03-27 07:00:00
2019,3.0,27.0,8.0,50.39,50.39,2019-03-27 08:00:00
2019,3.0,27.0,9.0,51.64,51.64,2019-03-27 09:00:00
2019,3.0,27.0,10.0,51.01,51.01,2019-03-27 10:00:00
2019,3.0,27.0,11.0,50.75,50.75,2019-03-27 11:00:00
2019,3.0,27.0,12.0,50.49,50.49,2019-03-27 12:00:00
2019,3.0,27.0,13.0,50.78,50.78,2019-03-27 13:00:00
2019,3.0,27.0,14.0,50.55,50.55,2019-03-27 14:00:00
2019,3.0,27.0,15.0,49.57,49.57,2019-03-27 15:00:00
2019,3.0,27.0,16.0,48.57,48.57,2019-03-27 16:00:00
2019,3.0,27.0,17.0,48.47,48.47,2019-03-27 17:00:00
2019,3.0,27.0,18.0,49.49,49.49,2019-03-27 18:00:00
2019,3.0,27.0,19.0,50.49,50.49,2019-03-27 19:00:00
2019,3.0,27.0,20.0,51.94,51.94,2019-03-27 20:00:00
2019,3.0,27.0,21.0,53.86,53.86,2019-03-27 21:00:00
2019,3.0,27.0,22.0,52.68,52.68,2019-03-27 22:00:00
2019,3.0,27.0,23.0,50.58,50.58,2019-03-27 23:00:00
2019,3.0,27.0,24.0,48.49,48.49,2019-03-28 00:00:00
2019,3.0,28.0,1.0,49.42,49.42,2019-03-28 01:00:00
2019,3.0,28.0,2.0,44.44,44.44,2019-03-28 02:00:00
2019,3.0,28.0,3.0,43.44,43.44,2019-03-28 03:00:00
2019,3.0,28.0,4.0,43.44,43.44,2019-03-28 04:00:00
2019,3.0,28.0,5.0,44.44,44.44,2019-03-28 05:00:00
2019,3.0,28.0,6.0,45.43,45.43,2019-03-28 06:00:00
2019,3.0,28.0,7.0,51.0,51.0,2019-03-28 07:00:00
2019,3.0,28.0,8.0,52.45,52.45,2019-03-28 08:00:00
2019,3.0,28.0,9.0,53.07,53.07,2019-03-28 09:00:00
2019,3.0,28.0,10.0,53.0,53.0,2019-03-28 10:00:00
2019,3.0,28.0,11.0,52.45,52.45,2019-03-28 11:00:00
2019,3.0,28.0,12.0,52.46,52.46,2019-03-28 12:00:00
2019,3.0,28.0,13.0,53.04,53.04,2019-03-28 13:00:00
2019,3.0,28.0,14.0,53.01,53.01,2019-03-28 14:00:00
2019,3.0,28.0,15.0,52.45,52.45,2019-03-28 15:00:00
2019,3.0,28.0,16.0,52.05,52.05,2019-03-28 16:00:00
2019,3.0,28.0,17.0,51.64,51.64,2019-03-28 17:00:00
2019,3.0,28.0,18.0,51.64,51.64,2019-03-28 18:00:00
2019,3.0,28.0,19.0,51.5,51.5,2019-03-28 19:00:00
2019,3.0,28.0,20.0,53.0,53.0,2019-03-28 20:00:00
2019,3.0,28.0,21.0,55.01,55.01,2019-03-28 21:00:00
2019,3.0,28.0,22.0,54.85,54.85,2019-03-28 22:00:00
2019,3.0,28.0,23.0,53.07,53.07,2019-03-28 23:00:00
2019,3.0,28.0,24.0,53.54,53.54,2019-03-29 00:00:00
2019,3.0,29.0,1.0,53.04,53.04,2019-03-29 01:00:00
2019,3.0,29.0,2.0,51.64,51.64,2019-03-29 02:00:00
2019,3.0,29.0,3.0,51.33,51.33,2019-03-29 03:00:00
2019,3.0,29.0,4.0,50.53,50.53,2019-03-29 04:00:00
2019,3.0,29.0,5.0,51.33,51.33,2019-03-29 05:00:00
2019,3.0,29.0,6.0,51.64,51.64,2019-03-29 06:00:00
2019,3.0,29.0,7.0,52.09,52.09,2019-03-29 07:00:00
2019,3.0,29.0,8.0,53.26,53.26,2019-03-29 08:00:00
2019,3.0,29.0,9.0,54.54,54.54,2019-03-29 09:00:00
2019,3.0,29.0,10.0,54.42,54.42,2019-03-29 10:00:00
2019,3.0,29.0,11.0,53.52,53.52,2019-03-29 11:00:00
2019,3.0,29.0,12.0,53.39,53.39,2019-03-29 12:00:00
2019,3.0,29.0,13.0,53.52,53.52,2019-03-29 13:00:00
2019,3.0,29.0,14.0,53.52,53.52,2019-03-29 14:00:00
2019,3.0,29.0,15.0,53.07,53.07,2019-03-29 15:00:00
2019,3.0,29.0,16.0,52.95,52.95,2019-03-29 16:00:00
2019,3.0,29.0,17.0,52.8,52.8,2019-03-29 17:00:00
2019,3.0,29.0,18.0,52.63,52.63,2019-03-29 18:00:00
2019,3.0,29.0,19.0,52.81,52.81,2019-03-29 19:00:00
2019,3.0,29.0,20.0,53.54,53.54,2019-03-29 20:00:00
2019,3.0,29.0,21.0,54.92,54.92,2019-03-29 21:00:00
2019,3.0,29.0,22.0,54.42,54.42,2019-03-29 22:00:00
2019,3.0,29.0,23.0,53.04,53.04,2019-03-29 23:00:00
2019,3.0,29.0,24.0,54.01,54.01,2019-03-30 00:00:00
2019,3.0,30.0,1.0,54.03,54.03,2019-03-30 01:00:00
2019,3.0,30.0,2.0,52.63,52.63,2019-03-30 02:00:00
2019,3.0,30.0,3.0,51.64,51.64,2019-03-30 03:00:00
2019,3.0,30.0,4.0,52.16,52.16,2019-03-30 04:00:00
2019,3.0,30.0,5.0,51.94,51.94,2019-03-30 05:00:00
2019,3.0,30.0,6.0,51.94,51.94,2019-03-30 06:00:00
2019,3.0,30.0,7.0,51.33,51.33,2019-03-30 07:00:00
2019,3.0,30.0,8.0,50.53,50.53,2019-03-30 08:00:00
2019,3.0,30.0,9.0,51.64,51.64,2019-03-30 09:00:00
2019,3.0,30.0,10.0,52.51,52.51,2019-03-30 10:00:00
2019,3.0,30.0,11.0,52.81,52.81,2019-03-30 11:00:00
2019,3.0,30.0,12.0,52.35,52.35,2019-03-30 12:00:00
2019,3.0,30.0,13.0,51.94,51.94,2019-03-30 13:00:00
2019,3.0,30.0,14.0,52.01,52.01,2019-03-30 14:00:00
2019,3.0,30.0,15.0,51.94,51.94,2019-03-30 15:00:00
2019,3.0,30.0,16.0,49.62,49.62,2019-03-30 16:00:00
2019,3.0,30.0,17.0,48.01,48.01,2019-03-30 17:00:00
2019,3.0,30.0,18.0,49.85,49.85,2019-03-30 18:00:00
2019,3.0,30.0,19.0,50.4,50.4,2019-03-30 19:00:00
2019,3.0,30.0,20.0,52.52,52.52,2019-03-30 20:00:00
2019,3.0,30.0,21.0,54.02,54.02,2019-03-30 21:00:00
2019,3.0,30.0,22.0,54.01,54.01,2019-03-30 22:00:00
2019,3.0,30.0,23.0,53.04,53.04,2019-03-30 23:00:00
2019,3.0,30.0,24.0,53.52,53.52,2019-03-31 00:00:00
2019,3.0,31.0,1.0,54.54,54.54,2019-03-31 01:00:00
2019,3.0,31.0,2.0,51.94,51.94,2019-03-31 02:00:00
2019,3.0,31.0,3.0,48.0,48.0,2019-03-31 03:00:00
2019,3.0,31.0,4.0,46.91,46.91,2019-03-31 04:00:00
2019,3.0,31.0,5.0,48.97,48.97,2019-03-31 05:00:00
2019,3.0,31.0,6.0,50.53,50.53,2019-03-31 06:00:00
2019,3.0,31.0,7.0,46.91,46.91,2019-03-31 07:00:00
2019,3.0,31.0,8.0,45.94,45.94,2019-03-31 08:00:00
2019,3.0,31.0,9.0,49.23,49.23,2019-03-31 09:00:00
2019,3.0,31.0,10.0,52.0,52.0,2019-03-31 10:00:00
2019,3.0,31.0,11.0,53.54,53.54,2019-03-31 11:00:00
2019,3.0,31.0,12.0,53.6,53.6,2019-03-31 12:00:00
2019,3.0,31.0,13.0,53.88,53.88,2019-03-31 13:00:00
2019,3.0,31.0,14.0,54.02,54.02,2019-03-31 14:00:00
2019,3.0,31.0,15.0,53.04,53.04,2019-03-31 15:00:00
2019,3.0,31.0,16.0,51.03,51.03,2019-03-31 16:00:00
2019,3.0,31.0,17.0,49.0,49.0,2019-03-31 17:00:00
2019,3.0,31.0,18.0,47.01,47.01,2019-03-31 18:00:00
2019,3.0,31.0,19.0,50.53,50.53,2019-03-31 19:00:00
2019,3.0,31.0,20.0,54.48,54.48,2019-03-31 20:00:00
2019,3.0,31.0,21.0,56.12,56.12,2019-03-31 21:00:00
2019,3.0,31.0,22.0,56.45,56.45,2019-03-31 22:00:00
2019,3.0,31.0,23.0,56.04,56.04,2019-03-31 23:00:00
2019,3.0,31.0,24.0,56.04,56.04,2019-04-01 00:00:00
2019,4.0,1.0,1.0,59.0,59.0,2019-04-01 01:00:00
2019,4.0,1.0,2.0,57.53,57.53,2019-04-01 02:00:00
2019,4.0,1.0,3.0,55.56,55.56,2019-04-01 03:00:00
2019,4.0,1.0,4.0,55.48,55.48,2019-04-01 04:00:00
2019,4.0,1.0,5.0,55.48,55.48,2019-04-01 05:00:00
2019,4.0,1.0,6.0,56.11,56.11,2019-04-01 06:00:00
2019,4.0,1.0,7.0,57.95,57.95,2019-04-01 07:00:00
2019,4.0,1.0,8.0,58.0,58.0,2019-04-01 08:00:00
2019,4.0,1.0,9.0,59.45,59.45,2019-04-01 09:00:00
2019,4.0,1.0,10.0,59.57,59.57,2019-04-01 10:00:00
2019,4.0,1.0,11.0,59.82,59.82,2019-04-01 11:00:00
2019,4.0,1.0,12.0,59.45,59.45,2019-04-01 12:00:00
2019,4.0,1.0,13.0,59.45,59.45,2019-04-01 13:00:00
2019,4.0,1.0,14.0,59.45,59.45,2019-04-01 14:00:00
2019,4.0,1.0,15.0,58.67,58.67,2019-04-01 15:00:00
2019,4.0,1.0,16.0,58.37,58.37,2019-04-01 16:00:00
2019,4.0,1.0,17.0,58.0,58.0,2019-04-01 17:00:00
2019,4.0,1.0,18.0,57.95,57.95,2019-04-01 18:00:00
2019,4.0,1.0,19.0,57.92,57.92,2019-04-01 19:00:00
2019,4.0,1.0,20.0,58.35,58.35,2019-04-01 20:00:00
2019,4.0,1.0,21.0,60.26,60.26,2019-04-01 21:00:00
2019,4.0,1.0,22.0,60.95,60.95,2019-04-01 22:00:00
2019,4.0,1.0,23.0,59.82,59.82,2019-04-01 23:00:00
2019,4.0,1.0,24.0,59.82,59.82,2019-04-02 00:00:00
2019,4.0,2.0,1.0,59.82,59.82,2019-04-02 01:00:00
2019,4.0,2.0,2.0,59.42,59.42,2019-04-02 02:00:00
2019,4.0,2.0,3.0,59.17,59.17,2019-04-02 03:00:00
2019,4.0,2.0,4.0,59.07,59.07,2019-04-02 04:00:00
2019,4.0,2.0,5.0,59.01,59.01,2019-04-02 05:00:00
2019,4.0,2.0,6.0,59.07,59.07,2019-04-02 06:00:00
2019,4.0,2.0,7.0,59.07,59.07,2019-04-02 07:00:00
2019,4.0,2.0,8.0,58.84,58.84,2019-04-02 08:00:00
2019,4.0,2.0,9.0,59.84,59.84,2019-04-02 09:00:00
2019,4.0,2.0,10.0,60.01,60.01,2019-04-02 10:00:00
2019,4.0,2.0,11.0,59.96,59.96,2019-04-02 11:00:00
2019,4.0,2.0,12.0,59.51,59.51,2019-04-02 12:00:00
2019,4.0,2.0,13.0,59.45,59.45,2019-04-02 13:00:00
2019,4.0,2.0,14.0,59.17,59.17,2019-04-02 14:00:00
2019,4.0,2.0,15.0,58.25,58.25,2019-04-02 15:00:00
2019,4.0,2.0,16.0,56.48,56.48,2019-04-02 16:00:00
2019,4.0,2.0,17.0,55.23,55.23,2019-04-02 17:00:00
2019,4.0,2.0,18.0,54.49,54.49,2019-04-02 18:00:00
2019,4.0,2.0,19.0,53.41,53.41,2019-04-02 19:00:00
2019,4.0,2.0,20.0,54.49,54.49,2019-04-02 20:00:00
2019,4.0,2.0,21.0,57.02,57.02,2019-04-02 21:00:00
2019,4.0,2.0,22.0,59.01,59.01,2019-04-02 22:00:00
2019,4.0,2.0,23.0,56.48,56.48,2019-04-02 23:00:00
2019,4.0,2.0,24.0,55.3,55.3,2019-04-03 00:00:00
2019,4.0,3.0,1.0,56.0,56.0,2019-04-03 01:00:00
2019,4.0,3.0,2.0,55.25,55.25,2019-04-03 02:00:00
2019,4.0,3.0,3.0,54.0,54.0,2019-04-03 03:00:00
2019,4.0,3.0,4.0,53.0,53.0,2019-04-03 04:00:00
2019,4.0,3.0,5.0,51.96,51.96,2019-04-03 05:00:00
2019,4.0,3.0,6.0,52.25,52.25,2019-04-03 06:00:00
2019,4.0,3.0,7.0,54.07,54.07,2019-04-03 07:00:00
2019,4.0,3.0,8.0,57.14,57.14,2019-04-03 08:00:00
2019,4.0,3.0,9.0,58.51,60.0,2019-04-03 09:00:00
2019,4.0,3.0,10.0,58.92,59.01,2019-04-03 10:00:00
2019,4.0,3.0,11.0,56.6,56.6,2019-04-03 11:00:00
2019,4.0,3.0,12.0,55.5,55.5,2019-04-03 12:00:00
2019,4.0,3.0,13.0,55.0,55.0,2019-04-03 13:00:00
2019,4.0,3.0,14.0,53.0,53.0,2019-04-03 14:00:00
2019,4.0,3.0,15.0,48.13,48.13,2019-04-03 15:00:00
2019,4.0,3.0,16.0,42.6,42.6,2019-04-03 16:00:00
2019,4.0,3.0,17.0,41.73,41.73,2019-04-03 17:00:00
2019,4.0,3.0,18.0,42.68,42.68,2019-04-03 18:00:00
2019,4.0,3.0,19.0,45.44,45.44,2019-04-03 19:00:00
2019,4.0,3.0,20.0,51.32,51.32,2019-04-03 20:00:00
2019,4.0,3.0,21.0,54.92,54.92,2019-04-03 21:00:00
2019,4.0,3.0,22.0,58.47,58.47,2019-04-03 22:00:00
2019,4.0,3.0,23.0,56.6,56.6,2019-04-03 23:00:00
2019,4.0,3.0,24.0,55.56,55.56,2019-04-04 00:00:00
2019,4.0,4.0,1.0,54.06,54.06,2019-04-04 01:00:00
2019,4.0,4.0,2.0,49.66,49.66,2019-04-04 02:00:00
2019,4.0,4.0,3.0,44.62,44.62,2019-04-04 03:00:00
2019,4.0,4.0,4.0,44.45,44.45,2019-04-04 04:00:00
2019,4.0,4.0,5.0,44.94,44.94,2019-04-04 05:00:00
2019,4.0,4.0,6.0,53.0,53.0,2019-04-04 06:00:00
2019,4.0,4.0,7.0,54.92,54.92,2019-04-04 07:00:00
2019,4.0,4.0,8.0,58.45,58.45,2019-04-04 08:00:00
2019,4.0,4.0,9.0,59.86,59.86,2019-04-04 09:00:00
2019,4.0,4.0,10.0,60.44,60.44,2019-04-04 10:00:00
2019,4.0,4.0,11.0,58.01,58.01,2019-04-04 11:00:00
2019,4.0,4.0,12.0,55.73,55.73,2019-04-04 12:00:00
2019,4.0,4.0,13.0,55.56,55.56,2019-04-04 13:00:00
2019,4.0,4.0,14.0,54.52,54.52,2019-04-04 14:00:00
2019,4.0,4.0,15.0,53.64,53.64,2019-04-04 15:00:00
2019,4.0,4.0,16.0,51.0,51.0,2019-04-04 16:00:00
2019,4.0,4.0,17.0,48.4,48.4,2019-04-04 17:00:00
2019,4.0,4.0,18.0,50.0,50.0,2019-04-04 18:00:00
2019,4.0,4.0,19.0,51.76,51.76,2019-04-04 19:00:00
2019,4.0,4.0,20.0,53.56,53.56,2019-04-04 20:00:00
2019,4.0,4.0,21.0,56.11,56.11,2019-04-04 21:00:00
2019,4.0,4.0,22.0,58.51,58.51,2019-04-04 22:00:00
2019,4.0,4.0,23.0,55.56,55.56,2019-04-04 23:00:00
2019,4.0,4.0,24.0,54.5,54.5,2019-04-05 00:00:00
2019,4.0,5.0,1.0,53.57,53.57,2019-04-05 01:00:00
2019,4.0,5.0,2.0,44.7,44.7,2019-04-05 02:00:00
2019,4.0,5.0,3.0,41.68,41.68,2019-04-05 03:00:00
2019,4.0,5.0,4.0,40.78,40.78,2019-04-05 04:00:00
2019,4.0,5.0,5.0,40.76,40.76,2019-04-05 05:00:00
2019,4.0,5.0,6.0,41.03,41.03,2019-04-05 06:00:00
2019,4.0,5.0,7.0,45.83,45.83,2019-04-05 07:00:00
2019,4.0,5.0,8.0,54.92,54.92,2019-04-05 08:00:00
2019,4.0,5.0,9.0,58.67,58.67,2019-04-05 09:00:00
2019,4.0,5.0,10.0,58.43,58.43,2019-04-05 10:00:00
2019,4.0,5.0,11.0,56.48,56.48,2019-04-05 11:00:00
2019,4.0,5.0,12.0,55.72,55.72,2019-04-05 12:00:00
2019,4.0,5.0,13.0,55.44,55.44,2019-04-05 13:00:00
2019,4.0,5.0,14.0,55.13,55.13,2019-04-05 14:00:00
2019,4.0,5.0,15.0,54.07,54.07,2019-04-05 15:00:00
2019,4.0,5.0,16.0,52.44,52.44,2019-04-05 16:00:00
2019,4.0,5.0,17.0,50.77,50.77,2019-04-05 17:00:00
2019,4.0,5.0,18.0,50.17,50.17,2019-04-05 18:00:00
2019,4.0,5.0,19.0,51.01,51.01,2019-04-05 19:00:00
2019,4.0,5.0,20.0,52.44,52.44,2019-04-05 20:00:00
2019,4.0,5.0,21.0,54.52,54.52,2019-04-05 21:00:00
2019,4.0,5.0,22.0,56.48,56.48,2019-04-05 22:00:00
2019,4.0,5.0,23.0,54.52,54.52,2019-04-05 23:00:00
2019,4.0,5.0,24.0,52.88,52.88,2019-04-06 00:00:00
2019,4.0,6.0,1.0,51.51,51.51,2019-04-06 01:00:00
2019,4.0,6.0,2.0,45.68,45.68,2019-04-06 02:00:00
2019,4.0,6.0,3.0,39.4,39.4,2019-04-06 03:00:00
2019,4.0,6.0,4.0,38.5,38.5,2019-04-06 04:00:00
2019,4.0,6.0,5.0,37.27,37.27,2019-04-06 05:00:00
2019,4.0,6.0,6.0,37.27,37.27,2019-04-06 06:00:00
2019,4.0,6.0,7.0,39.2,39.2,2019-04-06 07:00:00
2019,4.0,6.0,8.0,42.03,42.03,2019-04-06 08:00:00
2019,4.0,6.0,9.0,44.06,44.06,2019-04-06 09:00:00
2019,4.0,6.0,10.0,46.51,46.51,2019-04-06 10:00:00
2019,4.0,6.0,11.0,49.12,49.12,2019-04-06 11:00:00
2019,4.0,6.0,12.0,45.68,45.68,2019-04-06 12:00:00
2019,4.0,6.0,13.0,43.75,43.75,2019-04-06 13:00:00
2019,4.0,6.0,14.0,44.0,44.0,2019-04-06 14:00:00
2019,4.0,6.0,15.0,41.5,41.5,2019-04-06 15:00:00
2019,4.0,6.0,16.0,40.63,40.63,2019-04-06 16:00:00
2019,4.0,6.0,17.0,38.62,38.62,2019-04-06 17:00:00
2019,4.0,6.0,18.0,39.39,39.39,2019-04-06 18:00:00
2019,4.0,6.0,19.0,41.33,41.33,2019-04-06 19:00:00
2019,4.0,6.0,20.0,42.91,42.91,2019-04-06 20:00:00
2019,4.0,6.0,21.0,52.0,52.0,2019-04-06 21:00:00
2019,4.0,6.0,22.0,55.44,55.44,2019-04-06 22:00:00
2019,4.0,6.0,23.0,53.56,53.56,2019-04-06 23:00:00
2019,4.0,6.0,24.0,53.85,53.85,2019-04-07 00:00:00
2019,4.0,7.0,1.0,51.51,51.51,2019-04-07 01:00:00
2019,4.0,7.0,2.0,42.03,42.03,2019-04-07 02:00:00
2019,4.0,7.0,3.0,39.01,39.01,2019-04-07 03:00:00
2019,4.0,7.0,4.0,38.61,38.61,2019-04-07 04:00:00
2019,4.0,7.0,5.0,38.3,38.3,2019-04-07 05:00:00
2019,4.0,7.0,6.0,41.03,38.8,2019-04-07 06:00:00
2019,4.0,7.0,7.0,41.03,39.1,2019-04-07 07:00:00
2019,4.0,7.0,8.0,41.31,41.31,2019-04-07 08:00:00
2019,4.0,7.0,9.0,45.68,45.68,2019-04-07 09:00:00
2019,4.0,7.0,10.0,51.51,51.51,2019-04-07 10:00:00
2019,4.0,7.0,11.0,53.01,53.01,2019-04-07 11:00:00
2019,4.0,7.0,12.0,53.1,53.1,2019-04-07 12:00:00
2019,4.0,7.0,13.0,53.01,53.01,2019-04-07 13:00:00
2019,4.0,7.0,14.0,52.35,52.35,2019-04-07 14:00:00
2019,4.0,7.0,15.0,51.51,51.51,2019-04-07 15:00:00
2019,4.0,7.0,16.0,48.01,48.01,2019-04-07 16:00:00
2019,4.0,7.0,17.0,43.3,43.3,2019-04-07 17:00:00
2019,4.0,7.0,18.0,43.4,43.4,2019-04-07 18:00:00
2019,4.0,7.0,19.0,42.9,42.9,2019-04-07 19:00:00
2019,4.0,7.0,20.0,46.65,46.65,2019-04-07 20:00:00
2019,4.0,7.0,21.0,53.01,53.01,2019-04-07 21:00:00
2019,4.0,7.0,22.0,58.6,58.6,2019-04-07 22:00:00
2019,4.0,7.0,23.0,55.53,55.53,2019-04-07 23:00:00
2019,4.0,7.0,24.0,53.1,53.1,2019-04-08 00:00:00
2019,4.0,8.0,1.0,54.99,54.99,2019-04-08 01:00:00
2019,4.0,8.0,2.0,45.68,45.68,2019-04-08 02:00:00
2019,4.0,8.0,3.0,42.7,42.7,2019-04-08 03:00:00
2019,4.0,8.0,4.0,42.56,42.56,2019-04-08 04:00:00
2019,4.0,8.0,5.0,42.51,42.51,2019-04-08 05:00:00
2019,4.0,8.0,6.0,43.63,43.63,2019-04-08 06:00:00
2019,4.0,8.0,7.0,54.96,54.96,2019-04-08 07:00:00
2019,4.0,8.0,8.0,57.99,59.47,2019-04-08 08:00:00
2019,4.0,8.0,9.0,57.99,60.0,2019-04-08 09:00:00
2019,4.0,8.0,10.0,58.09,58.62,2019-04-08 10:00:00
2019,4.0,8.0,11.0,57.05,57.05,2019-04-08 11:00:00
2019,4.0,8.0,12.0,56.91,56.91,2019-04-08 12:00:00
2019,4.0,8.0,13.0,56.19,56.19,2019-04-08 13:00:00
2019,4.0,8.0,14.0,56.0,56.0,2019-04-08 14:00:00
2019,4.0,8.0,15.0,54.96,54.96,2019-04-08 15:00:00
2019,4.0,8.0,16.0,54.01,54.01,2019-04-08 16:00:00
2019,4.0,8.0,17.0,51.53,51.53,2019-04-08 17:00:00
2019,4.0,8.0,18.0,52.51,52.51,2019-04-08 18:00:00
2019,4.0,8.0,19.0,53.53,53.53,2019-04-08 19:00:00
2019,4.0,8.0,20.0,54.96,54.96,2019-04-08 20:00:00
2019,4.0,8.0,21.0,56.05,56.05,2019-04-08 21:00:00
2019,4.0,8.0,22.0,56.91,58.42,2019-04-08 22:00:00
2019,4.0,8.0,23.0,55.66,55.66,2019-04-08 23:00:00
2019,4.0,8.0,24.0,55.3,55.3,2019-04-09 00:00:00
2019,4.0,9.0,1.0,50.94,50.94,2019-04-09 01:00:00
2019,4.0,9.0,2.0,45.68,45.68,2019-04-09 02:00:00
2019,4.0,9.0,3.0,42.51,42.51,2019-04-09 03:00:00
2019,4.0,9.0,4.0,42.01,42.01,2019-04-09 04:00:00
2019,4.0,9.0,5.0,41.95,41.95,2019-04-09 05:00:00
2019,4.0,9.0,6.0,42.51,42.51,2019-04-09 06:00:00
2019,4.0,9.0,7.0,50.94,50.94,2019-04-09 07:00:00
2019,4.0,9.0,8.0,56.66,56.66,2019-04-09 08:00:00
2019,4.0,9.0,9.0,57.01,57.01,2019-04-09 09:00:00
2019,4.0,9.0,10.0,56.67,56.67,2019-04-09 10:00:00
2019,4.0,9.0,11.0,55.23,55.23,2019-04-09 11:00:00
2019,4.0,9.0,12.0,53.05,53.05,2019-04-09 12:00:00
2019,4.0,9.0,13.0,52.68,52.68,2019-04-09 13:00:00
2019,4.0,9.0,14.0,51.14,51.14,2019-04-09 14:00:00
2019,4.0,9.0,15.0,50.2,50.2,2019-04-09 15:00:00
2019,4.0,9.0,16.0,50.0,50.0,2019-04-09 16:00:00
2019,4.0,9.0,17.0,46.5,46.5,2019-04-09 17:00:00
2019,4.0,9.0,18.0,46.15,46.15,2019-04-09 18:00:00
2019,4.0,9.0,19.0,46.15,46.15,2019-04-09 19:00:00
2019,4.0,9.0,20.0,50.28,50.28,2019-04-09 20:00:00
2019,4.0,9.0,21.0,55.51,55.51,2019-04-09 21:00:00
2019,4.0,9.0,22.0,57.55,57.55,2019-04-09 22:00:00
2019,4.0,9.0,23.0,54.01,54.01,2019-04-09 23:00:00
2019,4.0,9.0,24.0,52.07,52.07,2019-04-10 00:00:00
2019,4.0,10.0,1.0,42.7,42.7,2019-04-10 01:00:00
2019,4.0,10.0,2.0,42.26,42.26,2019-04-10 02:00:00
2019,4.0,10.0,3.0,41.33,41.33,2019-04-10 03:00:00
2019,4.0,10.0,4.0,41.33,41.33,2019-04-10 04:00:00
2019,4.0,10.0,5.0,41.33,41.33,2019-04-10 05:00:00
2019,4.0,10.0,6.0,41.8,41.8,2019-04-10 06:00:00
2019,4.0,10.0,7.0,46.99,46.99,2019-04-10 07:00:00
2019,4.0,10.0,8.0,55.0,55.0,2019-04-10 08:00:00
2019,4.0,10.0,9.0,56.89,58.02,2019-04-10 09:00:00
2019,4.0,10.0,10.0,56.21,56.21,2019-04-10 10:00:00
2019,4.0,10.0,11.0,55.23,55.23,2019-04-10 11:00:00
2019,4.0,10.0,12.0,54.5,54.5,2019-04-10 12:00:00
2019,4.0,10.0,13.0,55.03,55.03,2019-04-10 13:00:00
2019,4.0,10.0,14.0,54.5,54.5,2019-04-10 14:00:00
2019,4.0,10.0,15.0,53.15,53.15,2019-04-10 15:00:00
2019,4.0,10.0,16.0,52.33,52.33,2019-04-10 16:00:00
2019,4.0,10.0,17.0,50.99,50.99,2019-04-10 17:00:00
2019,4.0,10.0,18.0,50.31,50.31,2019-04-10 18:00:00
2019,4.0,10.0,19.0,50.19,50.19,2019-04-10 19:00:00
2019,4.0,10.0,20.0,51.14,51.14,2019-04-10 20:00:00
2019,4.0,10.0,21.0,55.78,55.78,2019-04-10 21:00:00
2019,4.0,10.0,22.0,57.84,59.15,2019-04-10 22:00:00
2019,4.0,10.0,23.0,55.57,55.57,2019-04-10 23:00:00
2019,4.0,10.0,24.0,55.07,55.07,2019-04-11 00:00:00
2019,4.0,11.0,1.0,55.12,55.12,2019-04-11 01:00:00
2019,4.0,11.0,2.0,52.52,52.52,2019-04-11 02:00:00
2019,4.0,11.0,3.0,49.8,49.8,2019-04-11 03:00:00
2019,4.0,11.0,4.0,49.0,49.0,2019-04-11 04:00:00
2019,4.0,11.0,5.0,47.81,47.81,2019-04-11 05:00:00
2019,4.0,11.0,6.0,53.65,53.65,2019-04-11 06:00:00
2019,4.0,11.0,7.0,56.66,56.66,2019-04-11 07:00:00
2019,4.0,11.0,8.0,58.16,58.16,2019-04-11 08:00:00
2019,4.0,11.0,9.0,58.86,59.24,2019-04-11 09:00:00
2019,4.0,11.0,10.0,58.9,58.9,2019-04-11 10:00:00
2019,4.0,11.0,11.0,57.55,57.55,2019-04-11 11:00:00
2019,4.0,11.0,12.0,56.55,56.55,2019-04-11 12:00:00
2019,4.0,11.0,13.0,56.65,56.65,2019-04-11 13:00:00
2019,4.0,11.0,14.0,56.09,56.09,2019-04-11 14:00:00
2019,4.0,11.0,15.0,54.43,54.43,2019-04-11 15:00:00
2019,4.0,11.0,16.0,52.8,52.8,2019-04-11 16:00:00
2019,4.0,11.0,17.0,51.16,51.16,2019-04-11 17:00:00
2019,4.0,11.0,18.0,51.51,51.51,2019-04-11 18:00:00
2019,4.0,11.0,19.0,51.46,51.46,2019-04-11 19:00:00
2019,4.0,11.0,20.0,54.02,54.02,2019-04-11 20:00:00
2019,4.0,11.0,21.0,56.66,56.66,2019-04-11 21:00:00
2019,4.0,11.0,22.0,59.22,59.22,2019-04-11 22:00:00
2019,4.0,11.0,23.0,56.66,56.66,2019-04-11 23:00:00
2019,4.0,11.0,24.0,56.05,56.05,2019-04-12 00:00:00
2019,4.0,12.0,1.0,58.58,58.58,2019-04-12 01:00:00
2019,4.0,12.0,2.0,56.16,56.16,2019-04-12 02:00:00
2019,4.0,12.0,3.0,53.89,53.89,2019-04-12 03:00:00
2019,4.0,12.0,4.0,53.0,53.0,2019-04-12 04:00:00
2019,4.0,12.0,5.0,53.02,53.02,2019-04-12 05:00:00
2019,4.0,12.0,6.0,56.0,56.0,2019-04-12 06:00:00
2019,4.0,12.0,7.0,58.66,58.66,2019-04-12 07:00:00
2019,4.0,12.0,8.0,58.98,58.98,2019-04-12 08:00:00
2019,4.0,12.0,9.0,60.08,60.08,2019-04-12 09:00:00
2019,4.0,12.0,10.0,59.33,59.33,2019-04-12 10:00:00
2019,4.0,12.0,11.0,58.67,58.67,2019-04-12 11:00:00
2019,4.0,12.0,12.0,58.0,58.0,2019-04-12 12:00:00
2019,4.0,12.0,13.0,58.58,58.58,2019-04-12 13:00:00
2019,4.0,12.0,14.0,58.58,58.58,2019-04-12 14:00:00
2019,4.0,12.0,15.0,55.91,55.91,2019-04-12 15:00:00
2019,4.0,12.0,16.0,54.72,54.72,2019-04-12 16:00:00
2019,4.0,12.0,17.0,53.4,53.4,2019-04-12 17:00:00
2019,4.0,12.0,18.0,53.6,53.6,2019-04-12 18:00:00
2019,4.0,12.0,19.0,54.7,54.7,2019-04-12 19:00:00
2019,4.0,12.0,20.0,56.5,56.5,2019-04-12 20:00:00
2019,4.0,12.0,21.0,58.73,58.73,2019-04-12 21:00:00
2019,4.0,12.0,22.0,60.16,60.16,2019-04-12 22:00:00
2019,4.0,12.0,23.0,59.0,59.0,2019-04-12 23:00:00
2019,4.0,12.0,24.0,59.01,59.01,2019-04-13 00:00:00
2019,4.0,13.0,1.0,60.0,60.0,2019-04-13 01:00:00
2019,4.0,13.0,2.0,59.38,59.38,2019-04-13 02:00:00
2019,4.0,13.0,3.0,58.98,58.98,2019-04-13 03:00:00
2019,4.0,13.0,4.0,58.69,58.69,2019-04-13 04:00:00
2019,4.0,13.0,5.0,58.66,58.66,2019-04-13 05:00:00
2019,4.0,13.0,6.0,58.66,58.66,2019-04-13 06:00:00
2019,4.0,13.0,7.0,57.51,57.51,2019-04-13 07:00:00
2019,4.0,13.0,8.0,56.12,56.12,2019-04-13 08:00:00
2019,4.0,13.0,9.0,57.96,57.96,2019-04-13 09:00:00
2019,4.0,13.0,10.0,59.01,59.01,2019-04-13 10:00:00
2019,4.0,13.0,11.0,58.73,58.73,2019-04-13 11:00:00
2019,4.0,13.0,12.0,58.66,58.66,2019-04-13 12:00:00
2019,4.0,13.0,13.0,57.84,57.84,2019-04-13 13:00:00
2019,4.0,13.0,14.0,57.84,57.84,2019-04-13 14:00:00
2019,4.0,13.0,15.0,56.16,56.16,2019-04-13 15:00:00
2019,4.0,13.0,16.0,55.51,55.51,2019-04-13 16:00:00
2019,4.0,13.0,17.0,52.99,52.99,2019-04-13 17:00:00
2019,4.0,13.0,18.0,52.07,52.07,2019-04-13 18:00:00
2019,4.0,13.0,19.0,54.0,54.0,2019-04-13 19:00:00
2019,4.0,13.0,20.0,56.01,56.01,2019-04-13 20:00:00
2019,4.0,13.0,21.0,58.58,58.58,2019-04-13 21:00:00
2019,4.0,13.0,22.0,59.57,59.57,2019-04-13 22:00:00
2019,4.0,13.0,23.0,59.06,59.06,2019-04-13 23:00:00
2019,4.0,13.0,24.0,59.01,59.01,2019-04-14 00:00:00
2019,4.0,14.0,1.0,57.95,57.95,2019-04-14 01:00:00
2019,4.0,14.0,2.0,54.3,54.3,2019-04-14 02:00:00
2019,4.0,14.0,3.0,50.1,50.1,2019-04-14 03:00:00
2019,4.0,14.0,4.0,47.66,47.66,2019-04-14 04:00:00
2019,4.0,14.0,5.0,46.87,46.87,2019-04-14 05:00:00
2019,4.0,14.0,6.0,45.14,45.14,2019-04-14 06:00:00
2019,4.0,14.0,7.0,45.13,45.13,2019-04-14 07:00:00
2019,4.0,14.0,8.0,45.1,45.1,2019-04-14 08:00:00
2019,4.0,14.0,9.0,47.2,47.2,2019-04-14 09:00:00
2019,4.0,14.0,10.0,52.84,52.84,2019-04-14 10:00:00
2019,4.0,14.0,11.0,56.16,56.16,2019-04-14 11:00:00
2019,4.0,14.0,12.0,56.16,56.16,2019-04-14 12:00:00
2019,4.0,14.0,13.0,55.7,55.7,2019-04-14 13:00:00
2019,4.0,14.0,14.0,55.0,55.0,2019-04-14 14:00:00
2019,4.0,14.0,15.0,51.62,51.62,2019-04-14 15:00:00
2019,4.0,14.0,16.0,49.54,49.54,2019-04-14 16:00:00
2019,4.0,14.0,17.0,47.67,47.67,2019-04-14 17:00:00
2019,4.0,14.0,18.0,48.0,48.0,2019-04-14 18:00:00
2019,4.0,14.0,19.0,50.15,50.15,2019-04-14 19:00:00
2019,4.0,14.0,20.0,57.21,57.21,2019-04-14 20:00:00
2019,4.0,14.0,21.0,59.47,59.47,2019-04-14 21:00:00
2019,4.0,14.0,22.0,62.48,62.48,2019-04-14 22:00:00
2019,4.0,14.0,23.0,61.19,61.19,2019-04-14 23:00:00
2019,4.0,14.0,24.0,60.16,60.16,2019-04-15 00:00:00
2019,4.0,15.0,1.0,59.53,59.53,2019-04-15 01:00:00
2019,4.0,15.0,2.0,57.95,57.95,2019-04-15 02:00:00
2019,4.0,15.0,3.0,54.9,54.9,2019-04-15 03:00:00
2019,4.0,15.0,4.0,50.13,50.13,2019-04-15 04:00:00
2019,4.0,15.0,5.0,47.12,47.12,2019-04-15 05:00:00
2019,4.0,15.0,6.0,46.07,46.07,2019-04-15 06:00:00
2019,4.0,15.0,7.0,54.83,54.83,2019-04-15 07:00:00
2019,4.0,15.0,8.0,59.18,59.18,2019-04-15 08:00:00
2019,4.0,15.0,9.0,60.08,60.67,2019-04-15 09:00:00
2019,4.0,15.0,10.0,59.84,59.84,2019-04-15 10:00:00
2019,4.0,15.0,11.0,59.0,59.0,2019-04-15 11:00:00
2019,4.0,15.0,12.0,58.22,58.22,2019-04-15 12:00:00
2019,4.0,15.0,13.0,55.91,55.91,2019-04-15 13:00:00
2019,4.0,15.0,14.0,53.07,53.07,2019-04-15 14:00:00
2019,4.0,15.0,15.0,49.54,49.54,2019-04-15 15:00:00
2019,4.0,15.0,16.0,45.19,45.19,2019-04-15 16:00:00
2019,4.0,15.0,17.0,42.05,42.05,2019-04-15 17:00:00
2019,4.0,15.0,18.0,44.5,44.5,2019-04-15 18:00:00
2019,4.0,15.0,19.0,47.01,47.01,2019-04-15 19:00:00
2019,4.0,15.0,20.0,51.31,51.31,2019-04-15 20:00:00
2019,4.0,15.0,21.0,57.06,57.06,2019-04-15 21:00:00
2019,4.0,15.0,22.0,60.08,60.08,2019-04-15 22:00:00
2019,4.0,15.0,23.0,59.38,59.38,2019-04-15 23:00:00
2019,4.0,15.0,24.0,58.66,58.66,2019-04-16 00:00:00
2019,4.0,16.0,1.0,59.0,59.0,2019-04-16 01:00:00
2019,4.0,16.0,2.0,56.91,56.91,2019-04-16 02:00:00
2019,4.0,16.0,3.0,56.56,56.56,2019-04-16 03:00:00
2019,4.0,16.0,4.0,56.13,56.13,2019-04-16 04:00:00
2019,4.0,16.0,5.0,56.56,56.56,2019-04-16 05:00:00
2019,4.0,16.0,6.0,56.91,56.91,2019-04-16 06:00:00
2019,4.0,16.0,7.0,57.84,57.84,2019-04-16 07:00:00
2019,4.0,16.0,8.0,59.33,59.33,2019-04-16 08:00:00
2019,4.0,16.0,9.0,59.84,59.84,2019-04-16 09:00:00
2019,4.0,16.0,10.0,60.06,60.06,2019-04-16 10:00:00
2019,4.0,16.0,11.0,59.57,59.57,2019-04-16 11:00:00
2019,4.0,16.0,12.0,59.5,59.5,2019-04-16 12:00:00
2019,4.0,16.0,13.0,59.47,59.47,2019-04-16 13:00:00
2019,4.0,16.0,14.0,59.07,59.07,2019-04-16 14:00:00
2019,4.0,16.0,15.0,57.96,57.96,2019-04-16 15:00:00
2019,4.0,16.0,16.0,56.21,56.21,2019-04-16 16:00:00
2019,4.0,16.0,17.0,54.02,54.02,2019-04-16 17:00:00
2019,4.0,16.0,18.0,53.86,53.86,2019-04-16 18:00:00
2019,4.0,16.0,19.0,53.84,53.84,2019-04-16 19:00:00
2019,4.0,16.0,20.0,56.0,56.0,2019-04-16 20:00:00
2019,4.0,16.0,21.0,58.58,58.58,2019-04-16 21:00:00
2019,4.0,16.0,22.0,59.28,59.28,2019-04-16 22:00:00
2019,4.0,16.0,23.0,55.2,55.2,2019-04-16 23:00:00
2019,4.0,16.0,24.0,50.49,50.49,2019-04-17 00:00:00
2019,4.0,17.0,1.0,55.55,55.55,2019-04-17 01:00:00
2019,4.0,17.0,2.0,49.25,45.04,2019-04-17 02:00:00
2019,4.0,17.0,3.0,39.0,38.68,2019-04-17 03:00:00
2019,4.0,17.0,4.0,39.0,37.6,2019-04-17 04:00:00
2019,4.0,17.0,5.0,38.25,35.36,2019-04-17 05:00:00
2019,4.0,17.0,6.0,38.25,37.94,2019-04-17 06:00:00
2019,4.0,17.0,7.0,46.82,46.82,2019-04-17 07:00:00
2019,4.0,17.0,8.0,50.43,50.43,2019-04-17 08:00:00
2019,4.0,17.0,9.0,52.23,52.23,2019-04-17 09:00:00
2019,4.0,17.0,10.0,52.84,52.84,2019-04-17 10:00:00
2019,4.0,17.0,11.0,51.2,51.2,2019-04-17 11:00:00
2019,4.0,17.0,12.0,49.2,49.2,2019-04-17 12:00:00
2019,4.0,17.0,13.0,47.4,47.4,2019-04-17 13:00:00
2019,4.0,17.0,14.0,40.6,40.6,2019-04-17 14:00:00
2019,4.0,17.0,15.0,38.63,38.63,2019-04-17 15:00:00
2019,4.0,17.0,16.0,38.25,38.25,2019-04-17 16:00:00
2019,4.0,17.0,17.0,39.0,39.0,2019-04-17 17:00:00
2019,4.0,17.0,18.0,41.99,41.99,2019-04-17 18:00:00
2019,4.0,17.0,19.0,48.4,48.4,2019-04-17 19:00:00
2019,4.0,17.0,20.0,50.77,50.77,2019-04-17 20:00:00
2019,4.0,17.0,21.0,57.04,57.04,2019-04-17 21:00:00
2019,4.0,17.0,22.0,59.47,59.47,2019-04-17 22:00:00
2019,4.0,17.0,23.0,57.91,57.91,2019-04-17 23:00:00
2019,4.0,17.0,24.0,56.85,56.85,2019-04-18 00:00:00
2019,4.0,18.0,1.0,59.47,59.47,2019-04-18 01:00:00
2019,4.0,18.0,2.0,57.66,57.66,2019-04-18 02:00:00
2019,4.0,18.0,3.0,56.66,56.66,2019-04-18 03:00:00
2019,4.0,18.0,4.0,56.65,56.65,2019-04-18 04:00:00
2019,4.0,18.0,5.0,56.65,56.65,2019-04-18 05:00:00
2019,4.0,18.0,6.0,57.48,57.48,2019-04-18 06:00:00
2019,4.0,18.0,7.0,57.3,57.3,2019-04-18 07:00:00
2019,4.0,18.0,8.0,56.91,56.91,2019-04-18 08:00:00
2019,4.0,18.0,9.0,56.88,56.88,2019-04-18 09:00:00
2019,4.0,18.0,10.0,57.66,57.66,2019-04-18 10:00:00
2019,4.0,18.0,11.0,58.58,58.58,2019-04-18 11:00:00
2019,4.0,18.0,12.0,57.75,57.75,2019-04-18 12:00:00
2019,4.0,18.0,13.0,57.48,57.48,2019-04-18 13:00:00
2019,4.0,18.0,14.0,57.04,57.04,2019-04-18 14:00:00
2019,4.0,18.0,15.0,56.56,56.56,2019-04-18 15:00:00
2019,4.0,18.0,16.0,56.56,51.8,2019-04-18 16:00:00
2019,4.0,18.0,17.0,55.64,49.89,2019-04-18 17:00:00
2019,4.0,18.0,18.0,55.55,48.99,2019-04-18 18:00:00
2019,4.0,18.0,19.0,49.16,48.95,2019-04-18 19:00:00
2019,4.0,18.0,20.0,49.31,49.31,2019-04-18 20:00:00
2019,4.0,18.0,21.0,51.51,51.51,2019-04-18 21:00:00
2019,4.0,18.0,22.0,56.56,56.56,2019-04-18 22:00:00
2019,4.0,18.0,23.0,52.67,52.67,2019-04-18 23:00:00
2019,4.0,18.0,24.0,51.8,51.8,2019-04-19 00:00:00
2019,4.0,19.0,1.0,53.0,53.0,2019-04-19 01:00:00
2019,4.0,19.0,2.0,56.91,36.5,2019-04-19 02:00:00
2019,4.0,19.0,3.0,56.56,34.3,2019-04-19 03:00:00
2019,4.0,19.0,4.0,40.43,33.0,2019-04-19 04:00:00
2019,4.0,19.0,5.0,34.89,32.07,2019-04-19 05:00:00
2019,4.0,19.0,6.0,34.89,34.18,2019-04-19 06:00:00
2019,4.0,19.0,7.0,38.42,38.42,2019-04-19 07:00:00
2019,4.0,19.0,8.0,41.0,41.0,2019-04-19 08:00:00
2019,4.0,19.0,9.0,45.28,45.28,2019-04-19 09:00:00
2019,4.0,19.0,10.0,43.81,43.81,2019-04-19 10:00:00
2019,4.0,19.0,11.0,38.76,38.76,2019-04-19 11:00:00
2019,4.0,19.0,12.0,36.51,36.51,2019-04-19 12:00:00
2019,4.0,19.0,13.0,35.5,35.5,2019-04-19 13:00:00
2019,4.0,19.0,14.0,34.89,34.5,2019-04-19 14:00:00
2019,4.0,19.0,15.0,32.52,26.24,2019-04-19 15:00:00
2019,4.0,19.0,16.0,32.39,25.45,2019-04-19 16:00:00
2019,4.0,19.0,17.0,32.39,27.98,2019-04-19 17:00:00
2019,4.0,19.0,18.0,32.24,30.56,2019-04-19 18:00:00
2019,4.0,19.0,19.0,36.0,36.0,2019-04-19 19:00:00
2019,4.0,19.0,20.0,38.4,38.4,2019-04-19 20:00:00
2019,4.0,19.0,21.0,43.2,43.2,2019-04-19 21:00:00
2019,4.0,19.0,22.0,44.87,44.87,2019-04-19 22:00:00
2019,4.0,19.0,23.0,44.0,44.0,2019-04-19 23:00:00
2019,4.0,19.0,24.0,42.0,42.0,2019-04-20 00:00:00
2019,4.0,20.0,1.0,35.48,35.48,2019-04-20 01:00:00
2019,4.0,20.0,2.0,31.57,31.57,2019-04-20 02:00:00
2019,4.0,20.0,3.0,30.0,30.0,2019-04-20 03:00:00
2019,4.0,20.0,4.0,27.13,27.13,2019-04-20 04:00:00
2019,4.0,20.0,5.0,25.75,25.75,2019-04-20 05:00:00
2019,4.0,20.0,6.0,27.02,27.02,2019-04-20 06:00:00
2019,4.0,20.0,7.0,28.46,28.46,2019-04-20 07:00:00
2019,4.0,20.0,8.0,30.0,30.0,2019-04-20 08:00:00
2019,4.0,20.0,9.0,35.26,35.26,2019-04-20 09:00:00
2019,4.0,20.0,10.0,37.7,37.7,2019-04-20 10:00:00
2019,4.0,20.0,11.0,36.78,36.78,2019-04-20 11:00:00
2019,4.0,20.0,12.0,36.59,36.59,2019-04-20 12:00:00
2019,4.0,20.0,13.0,36.09,33.57,2019-04-20 13:00:00
2019,4.0,20.0,14.0,36.24,31.57,2019-04-20 14:00:00
2019,4.0,20.0,15.0,36.24,21.5,2019-04-20 15:00:00
2019,4.0,20.0,16.0,36.59,20.0,2019-04-20 16:00:00
2019,4.0,20.0,17.0,36.59,21.65,2019-04-20 17:00:00
2019,4.0,20.0,18.0,36.59,22.45,2019-04-20 18:00:00
2019,4.0,20.0,19.0,37.39,27.57,2019-04-20 19:00:00
2019,4.0,20.0,20.0,37.39,31.17,2019-04-20 20:00:00
2019,4.0,20.0,21.0,38.89,38.89,2019-04-20 21:00:00
2019,4.0,20.0,22.0,48.0,48.0,2019-04-20 22:00:00
2019,4.0,20.0,23.0,42.5,42.5,2019-04-20 23:00:00
2019,4.0,20.0,24.0,41.37,41.37,2019-04-21 00:00:00
2019,4.0,21.0,1.0,40.0,40.0,2019-04-21 01:00:00
2019,4.0,21.0,2.0,34.02,34.02,2019-04-21 02:00:00
2019,4.0,21.0,3.0,30.23,30.23,2019-04-21 03:00:00
2019,4.0,21.0,4.0,28.62,28.62,2019-04-21 04:00:00
2019,4.0,21.0,5.0,30.0,30.0,2019-04-21 05:00:00
2019,4.0,21.0,6.0,30.35,30.35,2019-04-21 06:00:00
2019,4.0,21.0,7.0,33.4,33.4,2019-04-21 07:00:00
2019,4.0,21.0,8.0,32.19,32.19,2019-04-21 08:00:00
2019,4.0,21.0,9.0,34.0,34.0,2019-04-21 09:00:00
2019,4.0,21.0,10.0,40.51,40.51,2019-04-21 10:00:00
2019,4.0,21.0,11.0,41.01,41.01,2019-04-21 11:00:00
2019,4.0,21.0,12.0,41.01,41.01,2019-04-21 12:00:00
2019,4.0,21.0,13.0,40.51,40.51,2019-04-21 13:00:00
2019,4.0,21.0,14.0,40.51,40.51,2019-04-21 14:00:00
2019,4.0,21.0,15.0,40.0,40.0,2019-04-21 15:00:00
2019,4.0,21.0,16.0,37.02,37.02,2019-04-21 16:00:00
2019,4.0,21.0,17.0,35.1,35.1,2019-04-21 17:00:00
2019,4.0,21.0,18.0,36.66,36.66,2019-04-21 18:00:00
2019,4.0,21.0,19.0,40.7,40.7,2019-04-21 19:00:00
2019,4.0,21.0,20.0,45.01,45.01,2019-04-21 20:00:00
2019,4.0,21.0,21.0,49.0,49.0,2019-04-21 21:00:00
2019,4.0,21.0,22.0,58.58,58.58,2019-04-21 22:00:00
2019,4.0,21.0,23.0,57.52,57.52,2019-04-21 23:00:00
2019,4.0,21.0,24.0,56.56,56.56,2019-04-22 00:00:00
2019,4.0,22.0,1.0,58.58,58.58,2019-04-22 01:00:00
2019,4.0,22.0,2.0,56.56,56.56,2019-04-22 02:00:00
2019,4.0,22.0,3.0,55.0,55.0,2019-04-22 03:00:00
2019,4.0,22.0,4.0,54.25,54.25,2019-04-22 04:00:00
2019,4.0,22.0,5.0,54.0,54.0,2019-04-22 05:00:00
2019,4.0,22.0,6.0,53.91,53.91,2019-04-22 06:00:00
2019,4.0,22.0,7.0,54.75,54.75,2019-04-22 07:00:00
2019,4.0,22.0,8.0,56.49,56.49,2019-04-22 08:00:00
2019,4.0,22.0,9.0,58.0,58.0,2019-04-22 09:00:00
2019,4.0,22.0,10.0,59.0,59.0,2019-04-22 10:00:00
2019,4.0,22.0,11.0,59.0,59.0,2019-04-22 11:00:00
2019,4.0,22.0,12.0,58.73,58.73,2019-04-22 12:00:00
2019,4.0,22.0,13.0,58.58,58.58,2019-04-22 13:00:00
2019,4.0,22.0,14.0,57.75,57.75,2019-04-22 14:00:00
2019,4.0,22.0,15.0,56.01,56.01,2019-04-22 15:00:00
2019,4.0,22.0,16.0,54.25,54.25,2019-04-22 16:00:00
2019,4.0,22.0,17.0,51.45,51.45,2019-04-22 17:00:00
2019,4.0,22.0,18.0,51.23,51.23,2019-04-22 18:00:00
2019,4.0,22.0,19.0,51.97,51.97,2019-04-22 19:00:00
2019,4.0,22.0,20.0,53.33,53.33,2019-04-22 20:00:00
2019,4.0,22.0,21.0,56.01,56.01,2019-04-22 21:00:00
2019,4.0,22.0,22.0,58.85,58.85,2019-04-22 22:00:00
2019,4.0,22.0,23.0,56.34,56.34,2019-04-22 23:00:00
2019,4.0,22.0,24.0,54.25,54.25,2019-04-23 00:00:00
2019,4.0,23.0,1.0,47.48,47.48,2019-04-23 01:00:00
2019,4.0,23.0,2.0,40.51,40.51,2019-04-23 02:00:00
2019,4.0,23.0,3.0,39.3,39.3,2019-04-23 03:00:00
2019,4.0,23.0,4.0,36.12,36.12,2019-04-23 04:00:00
2019,4.0,23.0,5.0,34.0,34.0,2019-04-23 05:00:00
2019,4.0,23.0,6.0,37.5,37.5,2019-04-23 06:00:00
2019,4.0,23.0,7.0,41.0,41.0,2019-04-23 07:00:00
2019,4.0,23.0,8.0,54.34,54.34,2019-04-23 08:00:00
2019,4.0,23.0,9.0,56.56,56.56,2019-04-23 09:00:00
2019,4.0,23.0,10.0,58.7,58.7,2019-04-23 10:00:00
2019,4.0,23.0,11.0,58.73,58.73,2019-04-23 11:00:00
2019,4.0,23.0,12.0,56.98,56.98,2019-04-23 12:00:00
2019,4.0,23.0,13.0,56.0,56.0,2019-04-23 13:00:00
2019,4.0,23.0,14.0,54.75,54.75,2019-04-23 14:00:00
2019,4.0,23.0,15.0,52.96,52.96,2019-04-23 15:00:00
2019,4.0,23.0,16.0,49.55,49.55,2019-04-23 16:00:00
2019,4.0,23.0,17.0,45.61,45.61,2019-04-23 17:00:00
2019,4.0,23.0,18.0,45.16,45.16,2019-04-23 18:00:00
2019,4.0,23.0,19.0,45.21,45.21,2019-04-23 19:00:00
2019,4.0,23.0,20.0,49.53,49.53,2019-04-23 20:00:00
2019,4.0,23.0,21.0,54.5,54.5,2019-04-23 21:00:00
2019,4.0,23.0,22.0,58.78,58.78,2019-04-23 22:00:00
2019,4.0,23.0,23.0,55.24,55.24,2019-04-23 23:00:00
2019,4.0,23.0,24.0,52.83,52.83,2019-04-24 00:00:00
2019,4.0,24.0,1.0,40.51,40.51,2019-04-24 01:00:00
2019,4.0,24.0,2.0,39.3,37.78,2019-04-24 02:00:00
2019,4.0,24.0,3.0,35.0,35.0,2019-04-24 03:00:00
2019,4.0,24.0,4.0,29.99,29.99,2019-04-24 04:00:00
2019,4.0,24.0,5.0,27.69,27.69,2019-04-24 05:00:00
2019,4.0,24.0,6.0,29.5,29.5,2019-04-24 06:00:00
2019,4.0,24.0,7.0,39.35,39.35,2019-04-24 07:00:00
2019,4.0,24.0,8.0,50.5,50.5,2019-04-24 08:00:00
2019,4.0,24.0,9.0,54.75,54.75,2019-04-24 09:00:00
2019,4.0,24.0,10.0,54.75,54.75,2019-04-24 10:00:00
2019,4.0,24.0,11.0,53.5,53.5,2019-04-24 11:00:00
2019,4.0,24.0,12.0,50.0,50.0,2019-04-24 12:00:00
2019,4.0,24.0,13.0,45.9,45.9,2019-04-24 13:00:00
2019,4.0,24.0,14.0,39.5,39.5,2019-04-24 14:00:00
2019,4.0,24.0,15.0,35.5,35.5,2019-04-24 15:00:00
2019,4.0,24.0,16.0,34.4,34.4,2019-04-24 16:00:00
2019,4.0,24.0,17.0,31.61,31.61,2019-04-24 17:00:00
2019,4.0,24.0,18.0,31.53,31.53,2019-04-24 18:00:00
2019,4.0,24.0,19.0,34.4,34.4,2019-04-24 19:00:00
2019,4.0,24.0,20.0,39.45,39.45,2019-04-24 20:00:00
2019,4.0,24.0,21.0,42.08,42.08,2019-04-24 21:00:00
2019,4.0,24.0,22.0,49.59,49.59,2019-04-24 22:00:00
2019,4.0,24.0,23.0,39.45,39.45,2019-04-24 23:00:00
2019,4.0,24.0,24.0,33.46,33.46,2019-04-25 00:00:00
2019,4.0,25.0,1.0,29.1,29.1,2019-04-25 01:00:00
2019,4.0,25.0,2.0,26.1,26.1,2019-04-25 02:00:00
2019,4.0,25.0,3.0,12.69,12.69,2019-04-25 03:00:00
2019,4.0,25.0,4.0,5.48,5.48,2019-04-25 04:00:00
2019,4.0,25.0,5.0,5.0,5.0,2019-04-25 05:00:00
2019,4.0,25.0,6.0,5.53,5.53,2019-04-25 06:00:00
2019,4.0,25.0,7.0,19.46,19.46,2019-04-25 07:00:00
2019,4.0,25.0,8.0,30.0,30.0,2019-04-25 08:00:00
2019,4.0,25.0,9.0,39.12,39.12,2019-04-25 09:00:00
2019,4.0,25.0,10.0,43.0,43.0,2019-04-25 10:00:00
2019,4.0,25.0,11.0,40.84,40.84,2019-04-25 11:00:00
2019,4.0,25.0,12.0,39.12,39.12,2019-04-25 12:00:00
2019,4.0,25.0,13.0,35.65,35.65,2019-04-25 13:00:00
2019,4.0,25.0,14.0,32.0,32.0,2019-04-25 14:00:00
2019,4.0,25.0,15.0,30.5,30.5,2019-04-25 15:00:00
2019,4.0,25.0,16.0,27.35,27.35,2019-04-25 16:00:00
2019,4.0,25.0,17.0,26.98,26.98,2019-04-25 17:00:00
2019,4.0,25.0,18.0,25.69,25.69,2019-04-25 18:00:00
2019,4.0,25.0,19.0,32.32,32.32,2019-04-25 19:00:00
2019,4.0,25.0,20.0,38.08,38.08,2019-04-25 20:00:00
2019,4.0,25.0,21.0,40.84,40.84,2019-04-25 21:00:00
2019,4.0,25.0,22.0,46.36,46.36,2019-04-25 22:00:00
2019,4.0,25.0,23.0,42.21,42.21,2019-04-25 23:00:00
2019,4.0,25.0,24.0,39.04,39.04,2019-04-26 00:00:00
2019,4.0,26.0,1.0,37.0,37.0,2019-04-26 01:00:00
2019,4.0,26.0,2.0,35.0,35.0,2019-04-26 02:00:00
2019,4.0,26.0,3.0,32.12,32.12,2019-04-26 03:00:00
2019,4.0,26.0,4.0,27.98,27.98,2019-04-26 04:00:00
2019,4.0,26.0,5.0,25.77,25.77,2019-04-26 05:00:00
2019,4.0,26.0,6.0,29.99,29.99,2019-04-26 06:00:00
2019,4.0,26.0,7.0,41.5,41.5,2019-04-26 07:00:00
2019,4.0,26.0,8.0,52.91,52.91,2019-04-26 08:00:00
2019,4.0,26.0,9.0,56.38,56.38,2019-04-26 09:00:00
2019,4.0,26.0,10.0,55.93,55.93,2019-04-26 10:00:00
2019,4.0,26.0,11.0,55.03,55.03,2019-04-26 11:00:00
2019,4.0,26.0,12.0,54.35,54.35,2019-04-26 12:00:00
2019,4.0,26.0,13.0,55.0,55.0,2019-04-26 13:00:00
2019,4.0,26.0,14.0,54.85,54.85,2019-04-26 14:00:00
2019,4.0,26.0,15.0,54.53,54.53,2019-04-26 15:00:00
2019,4.0,26.0,16.0,54.03,54.03,2019-04-26 16:00:00
2019,4.0,26.0,17.0,53.52,53.52,2019-04-26 17:00:00
2019,4.0,26.0,18.0,54.03,54.03,2019-04-26 18:00:00
2019,4.0,26.0,19.0,54.35,54.35,2019-04-26 19:00:00
2019,4.0,26.0,20.0,55.07,55.07,2019-04-26 20:00:00
2019,4.0,26.0,21.0,57.22,57.22,2019-04-26 21:00:00
2019,4.0,26.0,22.0,60.85,60.85,2019-04-26 22:00:00
2019,4.0,26.0,23.0,59.03,59.03,2019-04-26 23:00:00
2019,4.0,26.0,24.0,57.75,57.75,2019-04-27 00:00:00
2019,4.0,27.0,1.0,58.3,58.3,2019-04-27 01:00:00
2019,4.0,27.0,2.0,56.52,56.52,2019-04-27 02:00:00
2019,4.0,27.0,3.0,55.36,55.36,2019-04-27 03:00:00
2019,4.0,27.0,4.0,56.44,56.44,2019-04-27 04:00:00
2019,4.0,27.0,5.0,55.69,55.69,2019-04-27 05:00:00
2019,4.0,27.0,6.0,55.04,55.04,2019-04-27 06:00:00
2019,4.0,27.0,7.0,55.34,55.34,2019-04-27 07:00:00
2019,4.0,27.0,8.0,55.69,55.69,2019-04-27 08:00:00
2019,4.0,27.0,9.0,55.54,55.54,2019-04-27 09:00:00
2019,4.0,27.0,10.0,57.23,57.23,2019-04-27 10:00:00
2019,4.0,27.0,11.0,56.44,56.44,2019-04-27 11:00:00
2019,4.0,27.0,12.0,55.87,55.87,2019-04-27 12:00:00
2019,4.0,27.0,13.0,55.75,55.75,2019-04-27 13:00:00
2019,4.0,27.0,14.0,55.5,55.5,2019-04-27 14:00:00
2019,4.0,27.0,15.0,54.92,54.92,2019-04-27 15:00:00
2019,4.0,27.0,16.0,53.89,53.89,2019-04-27 16:00:00
2019,4.0,27.0,17.0,52.44,52.44,2019-04-27 17:00:00
2019,4.0,27.0,18.0,52.34,52.34,2019-04-27 18:00:00
2019,4.0,27.0,19.0,53.0,53.0,2019-04-27 19:00:00
2019,4.0,27.0,20.0,54.92,54.92,2019-04-27 20:00:00
2019,4.0,27.0,21.0,56.52,56.52,2019-04-27 21:00:00
2019,4.0,27.0,22.0,59.2,59.2,2019-04-27 22:00:00
2019,4.0,27.0,23.0,57.52,57.52,2019-04-27 23:00:00
2019,4.0,27.0,24.0,56.52,56.52,2019-04-28 00:00:00
2019,4.0,28.0,1.0,56.73,56.73,2019-04-28 01:00:00
2019,4.0,28.0,2.0,54.07,54.07,2019-04-28 02:00:00
2019,4.0,28.0,3.0,53.14,53.14,2019-04-28 03:00:00
2019,4.0,28.0,4.0,50.81,50.81,2019-04-28 04:00:00
2019,4.0,28.0,5.0,51.05,51.05,2019-04-28 05:00:00
2019,4.0,28.0,6.0,51.11,51.11,2019-04-28 06:00:00
2019,4.0,28.0,7.0,50.99,50.99,2019-04-28 07:00:00
2019,4.0,28.0,8.0,50.74,50.74,2019-04-28 08:00:00
2019,4.0,28.0,9.0,50.0,50.0,2019-04-28 09:00:00
2019,4.0,28.0,10.0,52.45,52.45,2019-04-28 10:00:00
2019,4.0,28.0,11.0,52.55,52.55,2019-04-28 11:00:00
2019,4.0,28.0,12.0,52.92,52.92,2019-04-28 12:00:00
2019,4.0,28.0,13.0,53.5,53.5,2019-04-28 13:00:00
2019,4.0,28.0,14.0,53.5,53.5,2019-04-28 14:00:00
2019,4.0,28.0,15.0,52.92,52.92,2019-04-28 15:00:00
2019,4.0,28.0,16.0,50.97,50.97,2019-04-28 16:00:00
2019,4.0,28.0,17.0,49.01,49.01,2019-04-28 17:00:00
2019,4.0,28.0,18.0,48.0,48.0,2019-04-28 18:00:00
2019,4.0,28.0,19.0,47.23,47.23,2019-04-28 19:00:00
2019,4.0,28.0,20.0,50.27,50.27,2019-04-28 20:00:00
2019,4.0,28.0,21.0,55.5,55.5,2019-04-28 21:00:00
2019,4.0,28.0,22.0,59.47,59.47,2019-04-28 22:00:00
2019,4.0,28.0,23.0,58.98,58.98,2019-04-28 23:00:00
2019,4.0,28.0,24.0,56.55,56.55,2019-04-29 00:00:00
2019,4.0,29.0,1.0,57.79,57.79,2019-04-29 01:00:00
2019,4.0,29.0,2.0,56.01,56.01,2019-04-29 02:00:00
2019,4.0,29.0,3.0,52.49,52.49,2019-04-29 03:00:00
2019,4.0,29.0,4.0,52.65,52.65,2019-04-29 04:00:00
2019,4.0,29.0,5.0,55.0,55.0,2019-04-29 05:00:00
2019,4.0,29.0,6.0,57.12,57.12,2019-04-29 06:00:00
2019,4.0,29.0,7.0,59.2,59.2,2019-04-29 07:00:00
2019,4.0,29.0,8.0,58.87,58.87,2019-04-29 08:00:00
2019,4.0,29.0,9.0,59.27,59.27,2019-04-29 09:00:00
2019,4.0,29.0,10.0,59.89,59.89,2019-04-29 10:00:00
2019,4.0,29.0,11.0,59.5,59.5,2019-04-29 11:00:00
2019,4.0,29.0,12.0,59.47,59.47,2019-04-29 12:00:00
2019,4.0,29.0,13.0,59.47,59.47,2019-04-29 13:00:00
2019,4.0,29.0,14.0,59.23,59.23,2019-04-29 14:00:00
2019,4.0,29.0,15.0,58.7,58.7,2019-04-29 15:00:00
2019,4.0,29.0,16.0,57.93,57.93,2019-04-29 16:00:00
2019,4.0,29.0,17.0,57.5,57.5,2019-04-29 17:00:00
2019,4.0,29.0,18.0,57.12,57.12,2019-04-29 18:00:00
2019,4.0,29.0,19.0,57.01,57.01,2019-04-29 19:00:00
2019,4.0,29.0,20.0,57.93,57.93,2019-04-29 20:00:00
2019,4.0,29.0,21.0,59.2,59.2,2019-04-29 21:00:00
2019,4.0,29.0,22.0,60.37,60.37,2019-04-29 22:00:00
2019,4.0,29.0,23.0,59.12,59.12,2019-04-29 23:00:00
2019,4.0,29.0,24.0,58.98,58.98,2019-04-30 00:00:00
2019,4.0,30.0,1.0,59.23,59.23,2019-04-30 01:00:00
2019,4.0,30.0,2.0,58.9,58.9,2019-04-30 02:00:00
2019,4.0,30.0,3.0,58.71,58.71,2019-04-30 03:00:00
2019,4.0,30.0,4.0,58.71,58.71,2019-04-30 04:00:00
2019,4.0,30.0,5.0,58.91,58.91,2019-04-30 05:00:00
2019,4.0,30.0,6.0,59.47,59.47,2019-04-30 06:00:00
2019,4.0,30.0,7.0,59.89,59.89,2019-04-30 07:00:00
2019,4.0,30.0,8.0,59.23,59.23,2019-04-30 08:00:00
2019,4.0,30.0,9.0,60.08,60.08,2019-04-30 09:00:00
2019,4.0,30.0,10.0,60.32,60.32,2019-04-30 10:00:00
2019,4.0,30.0,11.0,59.5,59.5,2019-04-30 11:00:00
2019,4.0,30.0,12.0,59.33,59.33,2019-04-30 12:00:00
2019,4.0,30.0,13.0,59.33,59.33,2019-04-30 13:00:00
2019,4.0,30.0,14.0,59.12,59.12,2019-04-30 14:00:00
2019,4.0,30.0,15.0,58.62,58.62,2019-04-30 15:00:00
2019,4.0,30.0,16.0,58.51,58.51,2019-04-30 16:00:00
2019,4.0,30.0,17.0,57.52,57.52,2019-04-30 17:00:00
2019,4.0,30.0,18.0,56.29,56.29,2019-04-30 18:00:00
2019,4.0,30.0,19.0,55.88,55.88,2019-04-30 19:00:00
2019,4.0,30.0,20.0,57.12,57.12,2019-04-30 20:00:00
2019,4.0,30.0,21.0,58.73,58.73,2019-04-30 21:00:00
2019,4.0,30.0,22.0,59.87,59.87,2019-04-30 22:00:00
2019,4.0,30.0,23.0,58.73,58.73,2019-04-30 23:00:00
2019,4.0,30.0,24.0,58.69,58.69,2019-05-01 00:00:00
2019,5.0,1.0,1.0,57.63,57.63,2019-05-01 01:00:00
2019,5.0,1.0,2.0,56.56,56.56,2019-05-01 02:00:00
2019,5.0,1.0,3.0,55.52,55.52,2019-05-01 03:00:00
2019,5.0,1.0,4.0,55.71,55.71,2019-05-01 04:00:00
2019,5.0,1.0,5.0,55.0,55.0,2019-05-01 05:00:00
2019,5.0,1.0,6.0,55.0,55.0,2019-05-01 06:00:00
2019,5.0,1.0,7.0,53.0,53.0,2019-05-01 07:00:00
2019,5.0,1.0,8.0,53.0,53.0,2019-05-01 08:00:00
2019,5.0,1.0,9.0,53.0,53.0,2019-05-01 09:00:00
2019,5.0,1.0,10.0,54.94,54.94,2019-05-01 10:00:00
2019,5.0,1.0,11.0,54.92,54.92,2019-05-01 11:00:00
2019,5.0,1.0,12.0,54.92,54.92,2019-05-01 12:00:00
2019,5.0,1.0,13.0,52.52,52.52,2019-05-01 13:00:00
2019,5.0,1.0,14.0,52.0,52.0,2019-05-01 14:00:00
2019,5.0,1.0,15.0,50.39,50.39,2019-05-01 15:00:00
2019,5.0,1.0,16.0,45.0,45.0,2019-05-01 16:00:00
2019,5.0,1.0,17.0,40.41,39.43,2019-05-01 17:00:00
2019,5.0,1.0,18.0,40.41,36.47,2019-05-01 18:00:00
2019,5.0,1.0,19.0,36.0,36.0,2019-05-01 19:00:00
2019,5.0,1.0,20.0,38.49,38.49,2019-05-01 20:00:00
2019,5.0,1.0,21.0,45.0,45.0,2019-05-01 21:00:00
2019,5.0,1.0,22.0,55.16,55.16,2019-05-01 22:00:00
2019,5.0,1.0,23.0,52.52,52.52,2019-05-01 23:00:00
2019,5.0,1.0,24.0,44.69,44.69,2019-05-02 00:00:00
2019,5.0,2.0,1.0,38.9,38.9,2019-05-02 01:00:00
2019,5.0,2.0,2.0,37.32,36.0,2019-05-02 02:00:00
2019,5.0,2.0,3.0,32.0,32.0,2019-05-02 03:00:00
2019,5.0,2.0,4.0,33.0,33.0,2019-05-02 04:00:00
2019,5.0,2.0,5.0,33.92,33.92,2019-05-02 05:00:00
2019,5.0,2.0,6.0,36.0,36.0,2019-05-02 06:00:00
2019,5.0,2.0,7.0,41.75,41.75,2019-05-02 07:00:00
2019,5.0,2.0,8.0,47.76,47.76,2019-05-02 08:00:00
2019,5.0,2.0,9.0,50.02,50.02,2019-05-02 09:00:00
2019,5.0,2.0,10.0,52.89,52.89,2019-05-02 10:00:00
2019,5.0,2.0,11.0,50.13,50.13,2019-05-02 11:00:00
2019,5.0,2.0,12.0,48.87,48.87,2019-05-02 12:00:00
2019,5.0,2.0,13.0,49.41,49.41,2019-05-02 13:00:00
2019,5.0,2.0,14.0,49.42,49.42,2019-05-02 14:00:00
2019,5.0,2.0,15.0,49.41,49.41,2019-05-02 15:00:00
2019,5.0,2.0,16.0,48.99,48.99,2019-05-02 16:00:00
2019,5.0,2.0,17.0,50.58,46.6,2019-05-02 17:00:00
2019,5.0,2.0,18.0,50.54,47.4,2019-05-02 18:00:00
2019,5.0,2.0,19.0,49.5,46.01,2019-05-02 19:00:00
2019,5.0,2.0,20.0,47.86,47.86,2019-05-02 20:00:00
2019,5.0,2.0,21.0,51.7,51.7,2019-05-02 21:00:00
2019,5.0,2.0,22.0,58.09,58.09,2019-05-02 22:00:00
2019,5.0,2.0,23.0,51.1,51.1,2019-05-02 23:00:00
2019,5.0,2.0,24.0,48.28,48.28,2019-05-03 00:00:00
2019,5.0,3.0,1.0,52.44,52.44,2019-05-03 01:00:00
2019,5.0,3.0,2.0,45.6,45.6,2019-05-03 02:00:00
2019,5.0,3.0,3.0,43.0,43.0,2019-05-03 03:00:00
2019,5.0,3.0,4.0,44.0,44.0,2019-05-03 04:00:00
2019,5.0,3.0,5.0,47.09,47.09,2019-05-03 05:00:00
2019,5.0,3.0,6.0,49.0,49.0,2019-05-03 06:00:00
2019,5.0,3.0,7.0,56.29,56.29,2019-05-03 07:00:00
2019,5.0,3.0,8.0,57.79,57.79,2019-05-03 08:00:00
2019,5.0,3.0,9.0,57.9,57.9,2019-05-03 09:00:00
2019,5.0,3.0,10.0,57.79,57.79,2019-05-03 10:00:00
2019,5.0,3.0,11.0,55.04,55.04,2019-05-03 11:00:00
2019,5.0,3.0,12.0,52.89,52.89,2019-05-03 12:00:00
2019,5.0,3.0,13.0,52.0,52.0,2019-05-03 13:00:00
2019,5.0,3.0,14.0,50.61,50.61,2019-05-03 14:00:00
2019,5.0,3.0,15.0,48.24,48.24,2019-05-03 15:00:00
2019,5.0,3.0,16.0,47.65,46.49,2019-05-03 16:00:00
2019,5.0,3.0,17.0,48.19,42.0,2019-05-03 17:00:00
2019,5.0,3.0,18.0,47.13,41.34,2019-05-03 18:00:00
2019,5.0,3.0,19.0,42.9,42.01,2019-05-03 19:00:00
2019,5.0,3.0,20.0,43.96,43.96,2019-05-03 20:00:00
2019,5.0,3.0,21.0,48.5,48.5,2019-05-03 21:00:00
2019,5.0,3.0,22.0,57.67,57.67,2019-05-03 22:00:00
2019,5.0,3.0,23.0,56.12,56.12,2019-05-03 23:00:00
2019,5.0,3.0,24.0,54.57,54.57,2019-05-04 00:00:00
2019,5.0,4.0,1.0,54.1,54.1,2019-05-04 01:00:00
2019,5.0,4.0,2.0,49.55,49.55,2019-05-04 02:00:00
2019,5.0,4.0,3.0,42.0,42.0,2019-05-04 03:00:00
2019,5.0,4.0,4.0,40.84,40.84,2019-05-04 04:00:00
2019,5.0,4.0,5.0,43.01,43.01,2019-05-04 05:00:00
2019,5.0,4.0,6.0,43.1,43.1,2019-05-04 06:00:00
2019,5.0,4.0,7.0,45.5,45.5,2019-05-04 07:00:00
2019,5.0,4.0,8.0,45.0,45.0,2019-05-04 08:00:00
2019,5.0,4.0,9.0,48.99,48.99,2019-05-04 09:00:00
2019,5.0,4.0,10.0,52.99,52.99,2019-05-04 10:00:00
2019,5.0,4.0,11.0,53.6,53.6,2019-05-04 11:00:00
2019,5.0,4.0,12.0,54.14,54.14,2019-05-04 12:00:00
2019,5.0,4.0,13.0,53.21,53.21,2019-05-04 13:00:00
2019,5.0,4.0,14.0,50.69,50.69,2019-05-04 14:00:00
2019,5.0,4.0,15.0,48.42,46.17,2019-05-04 15:00:00
2019,5.0,4.0,16.0,48.4,31.14,2019-05-04 16:00:00
2019,5.0,4.0,17.0,47.86,29.0,2019-05-04 17:00:00
2019,5.0,4.0,18.0,40.49,30.0,2019-05-04 18:00:00
2019,5.0,4.0,19.0,40.49,34.59,2019-05-04 19:00:00
2019,5.0,4.0,20.0,38.53,38.53,2019-05-04 20:00:00
2019,5.0,4.0,21.0,44.81,44.81,2019-05-04 21:00:00
2019,5.0,4.0,22.0,46.18,46.18,2019-05-04 22:00:00
2019,5.0,4.0,23.0,45.92,45.92,2019-05-04 23:00:00
2019,5.0,4.0,24.0,44.3,44.3,2019-05-05 00:00:00
2019,5.0,5.0,1.0,35.19,35.19,2019-05-05 01:00:00
2019,5.0,5.0,2.0,43.49,32.02,2019-05-05 02:00:00
2019,5.0,5.0,3.0,33.33,29.15,2019-05-05 03:00:00
2019,5.0,5.0,4.0,33.33,29.33,2019-05-05 04:00:00
2019,5.0,5.0,5.0,29.83,26.47,2019-05-05 05:00:00
2019,5.0,5.0,6.0,29.83,26.1,2019-05-05 06:00:00
2019,5.0,5.0,7.0,28.05,28.05,2019-05-05 07:00:00
2019,5.0,5.0,8.0,29.01,29.01,2019-05-05 08:00:00
2019,5.0,5.0,9.0,31.35,31.35,2019-05-05 09:00:00
2019,5.0,5.0,10.0,31.62,31.62,2019-05-05 10:00:00
2019,5.0,5.0,11.0,30.38,30.38,2019-05-05 11:00:00
2019,5.0,5.0,12.0,37.8,30.57,2019-05-05 12:00:00
2019,5.0,5.0,13.0,49.49,30.62,2019-05-05 13:00:00
2019,5.0,5.0,14.0,37.9,30.57,2019-05-05 14:00:00
2019,5.0,5.0,15.0,33.33,30.57,2019-05-05 15:00:00
2019,5.0,5.0,16.0,33.33,20.0,2019-05-05 16:00:00
2019,5.0,5.0,17.0,33.33,21.72,2019-05-05 17:00:00
2019,5.0,5.0,18.0,33.33,27.43,2019-05-05 18:00:00
2019,5.0,5.0,19.0,32.44,32.44,2019-05-05 19:00:00
2019,5.0,5.0,20.0,38.47,38.47,2019-05-05 20:00:00
2019,5.0,5.0,21.0,49.0,49.0,2019-05-05 21:00:00
2019,5.0,5.0,22.0,58.71,58.71,2019-05-05 22:00:00
2019,5.0,5.0,23.0,59.04,59.04,2019-05-05 23:00:00
2019,5.0,5.0,24.0,55.07,55.07,2019-05-06 00:00:00
2019,5.0,6.0,1.0,54.7,54.7,2019-05-06 01:00:00
2019,5.0,6.0,2.0,47.33,47.33,2019-05-06 02:00:00
2019,5.0,6.0,3.0,43.47,43.47,2019-05-06 03:00:00
2019,5.0,6.0,4.0,43.47,43.47,2019-05-06 04:00:00
2019,5.0,6.0,5.0,43.55,43.55,2019-05-06 05:00:00
2019,5.0,6.0,6.0,47.33,47.33,2019-05-06 06:00:00
2019,5.0,6.0,7.0,52.01,52.01,2019-05-06 07:00:00
2019,5.0,6.0,8.0,55.72,55.72,2019-05-06 08:00:00
2019,5.0,6.0,9.0,57.93,57.93,2019-05-06 09:00:00
2019,5.0,6.0,10.0,58.69,58.69,2019-05-06 10:00:00
2019,5.0,6.0,11.0,57.29,57.29,2019-05-06 11:00:00
2019,5.0,6.0,12.0,56.9,56.9,2019-05-06 12:00:00
2019,5.0,6.0,13.0,56.78,56.78,2019-05-06 13:00:00
2019,5.0,6.0,14.0,56.1,56.1,2019-05-06 14:00:00
2019,5.0,6.0,15.0,54.61,54.61,2019-05-06 15:00:00
2019,5.0,6.0,16.0,52.11,52.11,2019-05-06 16:00:00
2019,5.0,6.0,17.0,51.89,51.89,2019-05-06 17:00:00
2019,5.0,6.0,18.0,52.11,52.11,2019-05-06 18:00:00
2019,5.0,6.0,19.0,52.11,52.11,2019-05-06 19:00:00
2019,5.0,6.0,20.0,54.4,54.4,2019-05-06 20:00:00
2019,5.0,6.0,21.0,56.14,56.14,2019-05-06 21:00:00
2019,5.0,6.0,22.0,58.5,58.5,2019-05-06 22:00:00
2019,5.0,6.0,23.0,56.06,56.06,2019-05-06 23:00:00
2019,5.0,6.0,24.0,54.01,54.01,2019-05-07 00:00:00
2019,5.0,7.0,1.0,55.59,55.59,2019-05-07 01:00:00
2019,5.0,7.0,2.0,53.97,53.97,2019-05-07 02:00:00
2019,5.0,7.0,3.0,51.3,51.3,2019-05-07 03:00:00
2019,5.0,7.0,4.0,50.12,50.12,2019-05-07 04:00:00
2019,5.0,7.0,5.0,49.44,49.44,2019-05-07 05:00:00
2019,5.0,7.0,6.0,50.03,50.03,2019-05-07 06:00:00
2019,5.0,7.0,7.0,51.72,51.72,2019-05-07 07:00:00
2019,5.0,7.0,8.0,58.71,58.71,2019-05-07 08:00:00
2019,5.0,7.0,9.0,59.33,60.0,2019-05-07 09:00:00
2019,5.0,7.0,10.0,57.53,57.53,2019-05-07 10:00:00
2019,5.0,7.0,11.0,55.11,55.11,2019-05-07 11:00:00
2019,5.0,7.0,12.0,54.03,54.03,2019-05-07 12:00:00
2019,5.0,7.0,13.0,52.06,52.06,2019-05-07 13:00:00
2019,5.0,7.0,14.0,50.15,50.15,2019-05-07 14:00:00
2019,5.0,7.0,15.0,48.0,48.0,2019-05-07 15:00:00
2019,5.0,7.0,16.0,46.77,46.77,2019-05-07 16:00:00
2019,5.0,7.0,17.0,47.1,47.1,2019-05-07 17:00:00
2019,5.0,7.0,18.0,48.94,48.94,2019-05-07 18:00:00
2019,5.0,7.0,19.0,50.17,50.17,2019-05-07 19:00:00
2019,5.0,7.0,20.0,51.47,51.47,2019-05-07 20:00:00
2019,5.0,7.0,21.0,52.94,52.94,2019-05-07 21:00:00
2019,5.0,7.0,22.0,55.0,55.0,2019-05-07 22:00:00
2019,5.0,7.0,23.0,50.98,50.98,2019-05-07 23:00:00
2019,5.0,7.0,24.0,45.0,45.0,2019-05-08 00:00:00
2019,5.0,8.0,1.0,44.18,44.18,2019-05-08 01:00:00
2019,5.0,8.0,2.0,39.03,39.03,2019-05-08 02:00:00
2019,5.0,8.0,3.0,35.96,35.96,2019-05-08 03:00:00
2019,5.0,8.0,4.0,35.79,35.79,2019-05-08 04:00:00
2019,5.0,8.0,5.0,35.08,35.08,2019-05-08 05:00:00
2019,5.0,8.0,6.0,34.64,34.64,2019-05-08 06:00:00
2019,5.0,8.0,7.0,33.96,33.96,2019-05-08 07:00:00
2019,5.0,8.0,8.0,39.48,39.48,2019-05-08 08:00:00
2019,5.0,8.0,9.0,44.49,44.49,2019-05-08 09:00:00
2019,5.0,8.0,10.0,46.2,46.2,2019-05-08 10:00:00
2019,5.0,8.0,11.0,44.66,44.66,2019-05-08 11:00:00
2019,5.0,8.0,12.0,43.5,43.5,2019-05-08 12:00:00
2019,5.0,8.0,13.0,42.87,42.87,2019-05-08 13:00:00
2019,5.0,8.0,14.0,38.19,38.19,2019-05-08 14:00:00
2019,5.0,8.0,15.0,35.78,35.78,2019-05-08 15:00:00
2019,5.0,8.0,16.0,34.9,34.9,2019-05-08 16:00:00
2019,5.0,8.0,17.0,34.38,34.38,2019-05-08 17:00:00
2019,5.0,8.0,18.0,33.0,33.0,2019-05-08 18:00:00
2019,5.0,8.0,19.0,37.35,37.35,2019-05-08 19:00:00
2019,5.0,8.0,20.0,39.19,39.19,2019-05-08 20:00:00
2019,5.0,8.0,21.0,39.61,39.61,2019-05-08 21:00:00
2019,5.0,8.0,22.0,44.18,44.18,2019-05-08 22:00:00
2019,5.0,8.0,23.0,39.84,39.84,2019-05-08 23:00:00
2019,5.0,8.0,24.0,38.19,34.16,2019-05-09 00:00:00
2019,5.0,9.0,1.0,33.92,33.92,2019-05-09 01:00:00
2019,5.0,9.0,2.0,40.1,32.01,2019-05-09 02:00:00
2019,5.0,9.0,3.0,39.59,30.26,2019-05-09 03:00:00
2019,5.0,9.0,4.0,39.56,30.69,2019-05-09 04:00:00
2019,5.0,9.0,5.0,35.08,33.1,2019-05-09 05:00:00
2019,5.0,9.0,6.0,37.07,37.07,2019-05-09 06:00:00
2019,5.0,9.0,7.0,45.99,45.99,2019-05-09 07:00:00
2019,5.0,9.0,8.0,49.92,49.92,2019-05-09 08:00:00
2019,5.0,9.0,9.0,54.66,54.66,2019-05-09 09:00:00
2019,5.0,9.0,10.0,55.01,55.01,2019-05-09 10:00:00
2019,5.0,9.0,11.0,53.54,53.54,2019-05-09 11:00:00
2019,5.0,9.0,12.0,52.38,52.38,2019-05-09 12:00:00
2019,5.0,9.0,13.0,53.01,53.01,2019-05-09 13:00:00
2019,5.0,9.0,14.0,51.95,51.95,2019-05-09 14:00:00
2019,5.0,9.0,15.0,50.11,50.11,2019-05-09 15:00:00
2019,5.0,9.0,16.0,47.37,47.37,2019-05-09 16:00:00
2019,5.0,9.0,17.0,46.49,46.49,2019-05-09 17:00:00
2019,5.0,9.0,18.0,46.5,46.5,2019-05-09 18:00:00
2019,5.0,9.0,19.0,47.55,47.55,2019-05-09 19:00:00
2019,5.0,9.0,20.0,50.87,50.87,2019-05-09 20:00:00
2019,5.0,9.0,21.0,50.72,50.72,2019-05-09 21:00:00
2019,5.0,9.0,22.0,52.33,52.33,2019-05-09 22:00:00
2019,5.0,9.0,23.0,49.07,49.07,2019-05-09 23:00:00
2019,5.0,9.0,24.0,44.6,44.6,2019-05-10 00:00:00
2019,5.0,10.0,1.0,40.1,40.1,2019-05-10 01:00:00
2019,5.0,10.0,2.0,38.83,38.83,2019-05-10 02:00:00
2019,5.0,10.0,3.0,37.54,37.54,2019-05-10 03:00:00
2019,5.0,10.0,4.0,37.25,37.25,2019-05-10 04:00:00
2019,5.0,10.0,5.0,37.17,37.17,2019-05-10 05:00:00
2019,5.0,10.0,6.0,39.02,39.02,2019-05-10 06:00:00
2019,5.0,10.0,7.0,47.63,47.63,2019-05-10 07:00:00
2019,5.0,10.0,8.0,54.58,54.58,2019-05-10 08:00:00
2019,5.0,10.0,9.0,56.17,56.17,2019-05-10 09:00:00
2019,5.0,10.0,10.0,53.07,53.07,2019-05-10 10:00:00
2019,5.0,10.0,11.0,50.16,50.16,2019-05-10 11:00:00
2019,5.0,10.0,12.0,49.61,49.61,2019-05-10 12:00:00
2019,5.0,10.0,13.0,49.47,49.47,2019-05-10 13:00:00
2019,5.0,10.0,14.0,49.02,49.02,2019-05-10 14:00:00
2019,5.0,10.0,15.0,45.53,45.53,2019-05-10 15:00:00
2019,5.0,10.0,16.0,43.0,43.0,2019-05-10 16:00:00
2019,5.0,10.0,17.0,43.51,43.51,2019-05-10 17:00:00
2019,5.0,10.0,18.0,45.63,45.63,2019-05-10 18:00:00
2019,5.0,10.0,19.0,48.9,48.9,2019-05-10 19:00:00
2019,5.0,10.0,20.0,50.48,50.48,2019-05-10 20:00:00
2019,5.0,10.0,21.0,53.47,53.47,2019-05-10 21:00:00
2019,5.0,10.0,22.0,55.86,55.86,2019-05-10 22:00:00
2019,5.0,10.0,23.0,54.8,54.8,2019-05-10 23:00:00
2019,5.0,10.0,24.0,53.57,53.57,2019-05-11 00:00:00
2019,5.0,11.0,1.0,54.89,54.89,2019-05-11 01:00:00
2019,5.0,11.0,2.0,52.66,52.66,2019-05-11 02:00:00
2019,5.0,11.0,3.0,51.29,51.29,2019-05-11 03:00:00
2019,5.0,11.0,4.0,50.69,50.69,2019-05-11 04:00:00
2019,5.0,11.0,5.0,50.6,50.6,2019-05-11 05:00:00
2019,5.0,11.0,6.0,51.2,51.2,2019-05-11 06:00:00
2019,5.0,11.0,7.0,48.93,48.93,2019-05-11 07:00:00
2019,5.0,11.0,8.0,48.85,48.85,2019-05-11 08:00:00
2019,5.0,11.0,9.0,52.66,52.66,2019-05-11 09:00:00
2019,5.0,11.0,10.0,54.54,54.54,2019-05-11 10:00:00
2019,5.0,11.0,11.0,53.68,53.68,2019-05-11 11:00:00
2019,5.0,11.0,12.0,53.69,53.69,2019-05-11 12:00:00
2019,5.0,11.0,13.0,52.66,52.66,2019-05-11 13:00:00
2019,5.0,11.0,14.0,52.66,52.66,2019-05-11 14:00:00
2019,5.0,11.0,15.0,51.0,51.0,2019-05-11 15:00:00
2019,5.0,11.0,16.0,47.74,47.74,2019-05-11 16:00:00
2019,5.0,11.0,17.0,43.07,43.07,2019-05-11 17:00:00
2019,5.0,11.0,18.0,40.84,40.84,2019-05-11 18:00:00
2019,5.0,11.0,19.0,40.89,40.89,2019-05-11 19:00:00
2019,5.0,11.0,20.0,45.0,45.0,2019-05-11 20:00:00
2019,5.0,11.0,21.0,48.93,48.93,2019-05-11 21:00:00
2019,5.0,11.0,22.0,53.69,53.69,2019-05-11 22:00:00
2019,5.0,11.0,23.0,51.6,51.6,2019-05-11 23:00:00
2019,5.0,11.0,24.0,46.23,46.23,2019-05-12 00:00:00
2019,5.0,12.0,1.0,39.56,39.56,2019-05-12 01:00:00
2019,5.0,12.0,2.0,34.8,34.8,2019-05-12 02:00:00
2019,5.0,12.0,3.0,29.99,29.99,2019-05-12 03:00:00
2019,5.0,12.0,4.0,26.25,26.25,2019-05-12 04:00:00
2019,5.0,12.0,5.0,25.0,25.0,2019-05-12 05:00:00
2019,5.0,12.0,6.0,24.04,24.04,2019-05-12 06:00:00
2019,5.0,12.0,7.0,24.6,24.6,2019-05-12 07:00:00
2019,5.0,12.0,8.0,27.21,27.21,2019-05-12 08:00:00
2019,5.0,12.0,9.0,30.14,30.14,2019-05-12 09:00:00
2019,5.0,12.0,10.0,34.6,34.6,2019-05-12 10:00:00
2019,5.0,12.0,11.0,35.3,35.3,2019-05-12 11:00:00
2019,5.0,12.0,12.0,38.01,38.01,2019-05-12 12:00:00
2019,5.0,12.0,13.0,38.6,38.6,2019-05-12 13:00:00
2019,5.0,12.0,14.0,39.1,39.1,2019-05-12 14:00:00
2019,5.0,12.0,15.0,38.6,38.6,2019-05-12 15:00:00
2019,5.0,12.0,16.0,35.3,35.3,2019-05-12 16:00:00
2019,5.0,12.0,17.0,35.5,31.59,2019-05-12 17:00:00
2019,5.0,12.0,18.0,35.55,35.0,2019-05-12 18:00:00
2019,5.0,12.0,19.0,38.6,37.21,2019-05-12 19:00:00
2019,5.0,12.0,20.0,39.1,39.1,2019-05-12 20:00:00
2019,5.0,12.0,21.0,49.0,49.0,2019-05-12 21:00:00
2019,5.0,12.0,22.0,56.41,56.41,2019-05-12 22:00:00
2019,5.0,12.0,23.0,55.45,55.45,2019-05-12 23:00:00
2019,5.0,12.0,24.0,49.23,49.23,2019-05-13 00:00:00
2019,5.0,13.0,1.0,39.87,39.87,2019-05-13 01:00:00
2019,5.0,13.0,2.0,37.85,37.85,2019-05-13 02:00:00
2019,5.0,13.0,3.0,35.0,35.0,2019-05-13 03:00:00
2019,5.0,13.0,4.0,34.6,34.6,2019-05-13 04:00:00
2019,5.0,13.0,5.0,34.3,34.3,2019-05-13 05:00:00
2019,5.0,13.0,6.0,35.73,35.73,2019-05-13 06:00:00
2019,5.0,13.0,7.0,46.16,46.16,2019-05-13 07:00:00
2019,5.0,13.0,8.0,53.01,53.01,2019-05-13 08:00:00
2019,5.0,13.0,9.0,53.01,53.01,2019-05-13 09:00:00
2019,5.0,13.0,10.0,51.08,51.08,2019-05-13 10:00:00
2019,5.0,13.0,11.0,50.56,50.56,2019-05-13 11:00:00
2019,5.0,13.0,12.0,50.54,50.54,2019-05-13 12:00:00
2019,5.0,13.0,13.0,51.01,51.01,2019-05-13 13:00:00
2019,5.0,13.0,14.0,51.01,51.01,2019-05-13 14:00:00
2019,5.0,13.0,15.0,50.54,50.54,2019-05-13 15:00:00
2019,5.0,13.0,16.0,50.3,50.3,2019-05-13 16:00:00
2019,5.0,13.0,17.0,50.02,50.02,2019-05-13 17:00:00
2019,5.0,13.0,18.0,50.19,50.19,2019-05-13 18:00:00
2019,5.0,13.0,19.0,49.88,49.88,2019-05-13 19:00:00
2019,5.0,13.0,20.0,50.38,50.38,2019-05-13 20:00:00
2019,5.0,13.0,21.0,52.0,52.0,2019-05-13 21:00:00
2019,5.0,13.0,22.0,56.19,56.19,2019-05-13 22:00:00
2019,5.0,13.0,23.0,51.01,51.01,2019-05-13 23:00:00
2019,5.0,13.0,24.0,46.81,46.81,2019-05-14 00:00:00
2019,5.0,14.0,1.0,43.76,43.76,2019-05-14 01:00:00
2019,5.0,14.0,2.0,40.9,40.9,2019-05-14 02:00:00
2019,5.0,14.0,3.0,40.9,40.9,2019-05-14 03:00:00
2019,5.0,14.0,4.0,40.9,40.9,2019-05-14 04:00:00
2019,5.0,14.0,5.0,41.0,41.0,2019-05-14 05:00:00
2019,5.0,14.0,6.0,44.44,44.44,2019-05-14 06:00:00
2019,5.0,14.0,7.0,48.52,48.52,2019-05-14 07:00:00
2019,5.0,14.0,8.0,52.01,52.01,2019-05-14 08:00:00
2019,5.0,14.0,9.0,55.53,55.53,2019-05-14 09:00:00
2019,5.0,14.0,10.0,54.82,54.82,2019-05-14 10:00:00
2019,5.0,14.0,11.0,53.8,53.8,2019-05-14 11:00:00
2019,5.0,14.0,12.0,54.88,54.88,2019-05-14 12:00:00
2019,5.0,14.0,13.0,55.99,55.99,2019-05-14 13:00:00
2019,5.0,14.0,14.0,56.46,56.46,2019-05-14 14:00:00
2019,5.0,14.0,15.0,55.99,55.99,2019-05-14 15:00:00
2019,5.0,14.0,16.0,55.04,55.04,2019-05-14 16:00:00
2019,5.0,14.0,17.0,54.01,54.01,2019-05-14 17:00:00
2019,5.0,14.0,18.0,53.49,53.49,2019-05-14 18:00:00
2019,5.0,14.0,19.0,53.0,53.0,2019-05-14 19:00:00
2019,5.0,14.0,20.0,54.01,54.01,2019-05-14 20:00:00
2019,5.0,14.0,21.0,56.21,56.21,2019-05-14 21:00:00
2019,5.0,14.0,22.0,58.56,58.56,2019-05-14 22:00:00
2019,5.0,14.0,23.0,56.31,56.31,2019-05-14 23:00:00
2019,5.0,14.0,24.0,53.5,53.5,2019-05-15 00:00:00
2019,5.0,15.0,1.0,52.75,52.75,2019-05-15 01:00:00
2019,5.0,15.0,2.0,52.6,52.6,2019-05-15 02:00:00
2019,5.0,15.0,3.0,52.59,52.59,2019-05-15 03:00:00
2019,5.0,15.0,4.0,52.59,52.59,2019-05-15 04:00:00
2019,5.0,15.0,5.0,52.66,52.66,2019-05-15 05:00:00
2019,5.0,15.0,6.0,52.75,52.75,2019-05-15 06:00:00
2019,5.0,15.0,7.0,52.75,52.75,2019-05-15 07:00:00
2019,5.0,15.0,8.0,54.97,54.97,2019-05-15 08:00:00
2019,5.0,15.0,9.0,57.5,57.5,2019-05-15 09:00:00
2019,5.0,15.0,10.0,57.27,57.27,2019-05-15 10:00:00
2019,5.0,15.0,11.0,56.54,56.54,2019-05-15 11:00:00
2019,5.0,15.0,12.0,55.72,55.72,2019-05-15 12:00:00
2019,5.0,15.0,13.0,56.12,56.12,2019-05-15 13:00:00
2019,5.0,15.0,14.0,55.04,55.04,2019-05-15 14:00:00
2019,5.0,15.0,15.0,53.56,53.56,2019-05-15 15:00:00
2019,5.0,15.0,16.0,52.56,52.56,2019-05-15 16:00:00
2019,5.0,15.0,17.0,51.6,51.6,2019-05-15 17:00:00
2019,5.0,15.0,18.0,51.01,51.01,2019-05-15 18:00:00
2019,5.0,15.0,19.0,50.21,50.21,2019-05-15 19:00:00
2019,5.0,15.0,20.0,51.45,51.45,2019-05-15 20:00:00
2019,5.0,15.0,21.0,53.3,53.3,2019-05-15 21:00:00
2019,5.0,15.0,22.0,56.53,56.53,2019-05-15 22:00:00
2019,5.0,15.0,23.0,54.3,54.3,2019-05-15 23:00:00
2019,5.0,15.0,24.0,52.38,52.38,2019-05-16 00:00:00
2019,5.0,16.0,1.0,57.5,57.5,2019-05-16 01:00:00
2019,5.0,16.0,2.0,57.45,57.45,2019-05-16 02:00:00
2019,5.0,16.0,3.0,56.78,56.78,2019-05-16 03:00:00
2019,5.0,16.0,4.0,56.56,56.56,2019-05-16 04:00:00
2019,5.0,16.0,5.0,56.21,56.21,2019-05-16 05:00:00
2019,5.0,16.0,6.0,57.38,57.38,2019-05-16 06:00:00
2019,5.0,16.0,7.0,57.1,57.1,2019-05-16 07:00:00
2019,5.0,16.0,8.0,57.28,57.28,2019-05-16 08:00:00
2019,5.0,16.0,9.0,57.79,57.79,2019-05-16 09:00:00
2019,5.0,16.0,10.0,57.71,57.71,2019-05-16 10:00:00
2019,5.0,16.0,11.0,57.1,57.1,2019-05-16 11:00:00
2019,5.0,16.0,12.0,55.89,55.89,2019-05-16 12:00:00
2019,5.0,16.0,13.0,56.21,56.21,2019-05-16 13:00:00
2019,5.0,16.0,14.0,54.58,54.58,2019-05-16 14:00:00
2019,5.0,16.0,15.0,51.17,51.17,2019-05-16 15:00:00
2019,5.0,16.0,16.0,49.56,49.56,2019-05-16 16:00:00
2019,5.0,16.0,17.0,48.1,48.1,2019-05-16 17:00:00
2019,5.0,16.0,18.0,44.11,44.11,2019-05-16 18:00:00
2019,5.0,16.0,19.0,40.97,40.97,2019-05-16 19:00:00
2019,5.0,16.0,20.0,42.8,42.8,2019-05-16 20:00:00
2019,5.0,16.0,21.0,47.61,47.61,2019-05-16 21:00:00
2019,5.0,16.0,22.0,50.19,50.19,2019-05-16 22:00:00
2019,5.0,16.0,23.0,48.49,48.49,2019-05-16 23:00:00
2019,5.0,16.0,24.0,40.8,40.8,2019-05-17 00:00:00
2019,5.0,17.0,1.0,39.28,39.28,2019-05-17 01:00:00
2019,5.0,17.0,2.0,36.5,36.5,2019-05-17 02:00:00
2019,5.0,17.0,3.0,34.25,34.25,2019-05-17 03:00:00
2019,5.0,17.0,4.0,33.79,33.79,2019-05-17 04:00:00
2019,5.0,17.0,5.0,34.0,34.0,2019-05-17 05:00:00
2019,5.0,17.0,6.0,36.09,36.09,2019-05-17 06:00:00
2019,5.0,17.0,7.0,41.13,41.13,2019-05-17 07:00:00
2019,5.0,17.0,8.0,47.04,47.04,2019-05-17 08:00:00
2019,5.0,17.0,9.0,51.12,51.12,2019-05-17 09:00:00
2019,5.0,17.0,10.0,49.17,49.17,2019-05-17 10:00:00
2019,5.0,17.0,11.0,47.53,47.53,2019-05-17 11:00:00
2019,5.0,17.0,12.0,46.03,46.03,2019-05-17 12:00:00
2019,5.0,17.0,13.0,45.8,45.8,2019-05-17 13:00:00
2019,5.0,17.0,14.0,42.0,42.0,2019-05-17 14:00:00
2019,5.0,17.0,15.0,39.68,39.68,2019-05-17 15:00:00
2019,5.0,17.0,16.0,38.49,38.49,2019-05-17 16:00:00
2019,5.0,17.0,17.0,39.04,39.04,2019-05-17 17:00:00
2019,5.0,17.0,18.0,42.53,42.53,2019-05-17 18:00:00
2019,5.0,17.0,19.0,45.7,45.7,2019-05-17 19:00:00
2019,5.0,17.0,20.0,48.06,48.06,2019-05-17 20:00:00
2019,5.0,17.0,21.0,50.0,50.0,2019-05-17 21:00:00
2019,5.0,17.0,22.0,55.39,55.39,2019-05-17 22:00:00
2019,5.0,17.0,23.0,55.53,55.53,2019-05-17 23:00:00
2019,5.0,17.0,24.0,53.0,53.0,2019-05-18 00:00:00
2019,5.0,18.0,1.0,49.5,49.5,2019-05-18 01:00:00
2019,5.0,18.0,2.0,46.9,46.9,2019-05-18 02:00:00
2019,5.0,18.0,3.0,46.65,46.65,2019-05-18 03:00:00
2019,5.0,18.0,4.0,46.18,46.18,2019-05-18 04:00:00
2019,5.0,18.0,5.0,46.18,46.18,2019-05-18 05:00:00
2019,5.0,18.0,6.0,46.19,46.19,2019-05-18 06:00:00
2019,5.0,18.0,7.0,46.18,46.18,2019-05-18 07:00:00
2019,5.0,18.0,8.0,46.65,46.65,2019-05-18 08:00:00
2019,5.0,18.0,9.0,50.06,50.06,2019-05-18 09:00:00
2019,5.0,18.0,10.0,51.6,51.6,2019-05-18 10:00:00
2019,5.0,18.0,11.0,50.47,50.47,2019-05-18 11:00:00
2019,5.0,18.0,12.0,50.43,50.43,2019-05-18 12:00:00
2019,5.0,18.0,13.0,48.22,48.22,2019-05-18 13:00:00
2019,5.0,18.0,14.0,46.0,46.0,2019-05-18 14:00:00
2019,5.0,18.0,15.0,40.65,40.65,2019-05-18 15:00:00
2019,5.0,18.0,16.0,38.0,38.0,2019-05-18 16:00:00
2019,5.0,18.0,17.0,35.01,35.01,2019-05-18 17:00:00
2019,5.0,18.0,18.0,35.36,35.36,2019-05-18 18:00:00
2019,5.0,18.0,19.0,39.08,39.08,2019-05-18 19:00:00
2019,5.0,18.0,20.0,40.99,40.99,2019-05-18 20:00:00
2019,5.0,18.0,21.0,45.74,45.74,2019-05-18 21:00:00
2019,5.0,18.0,22.0,54.54,54.54,2019-05-18 22:00:00
2019,5.0,18.0,23.0,56.2,56.2,2019-05-18 23:00:00
2019,5.0,18.0,24.0,54.54,54.54,2019-05-19 00:00:00
2019,5.0,19.0,1.0,55.0,55.0,2019-05-19 01:00:00
2019,5.0,19.0,2.0,54.54,54.54,2019-05-19 02:00:00
2019,5.0,19.0,3.0,52.0,52.0,2019-05-19 03:00:00
2019,5.0,19.0,4.0,53.0,53.0,2019-05-19 04:00:00
2019,5.0,19.0,5.0,51.12,51.12,2019-05-19 05:00:00
2019,5.0,19.0,6.0,51.16,51.16,2019-05-19 06:00:00
2019,5.0,19.0,7.0,48.0,48.0,2019-05-19 07:00:00
2019,5.0,19.0,8.0,44.45,44.45,2019-05-19 08:00:00
2019,5.0,19.0,9.0,47.02,47.02,2019-05-19 09:00:00
2019,5.0,19.0,10.0,49.06,49.06,2019-05-19 10:00:00
2019,5.0,19.0,11.0,50.0,50.0,2019-05-19 11:00:00
2019,5.0,19.0,12.0,50.0,50.0,2019-05-19 12:00:00
2019,5.0,19.0,13.0,47.38,47.38,2019-05-19 13:00:00
2019,5.0,19.0,14.0,46.04,46.04,2019-05-19 14:00:00
2019,5.0,19.0,15.0,43.0,43.0,2019-05-19 15:00:00
2019,5.0,19.0,16.0,39.98,38.09,2019-05-19 16:00:00
2019,5.0,19.0,17.0,36.75,36.75,2019-05-19 17:00:00
2019,5.0,19.0,18.0,37.0,37.0,2019-05-19 18:00:00
2019,5.0,19.0,19.0,38.28,38.28,2019-05-19 19:00:00
2019,5.0,19.0,20.0,42.28,42.28,2019-05-19 20:00:00
2019,5.0,19.0,21.0,50.01,50.01,2019-05-19 21:00:00
2019,5.0,19.0,22.0,56.44,56.44,2019-05-19 22:00:00
2019,5.0,19.0,23.0,57.45,57.45,2019-05-19 23:00:00
2019,5.0,19.0,24.0,55.56,55.56,2019-05-20 00:00:00
2019,5.0,20.0,1.0,47.57,47.57,2019-05-20 01:00:00
2019,5.0,20.0,2.0,45.0,45.0,2019-05-20 02:00:00
2019,5.0,20.0,3.0,42.72,42.72,2019-05-20 03:00:00
2019,5.0,20.0,4.0,42.87,42.87,2019-05-20 04:00:00
2019,5.0,20.0,5.0,43.5,43.5,2019-05-20 05:00:00
2019,5.0,20.0,6.0,48.0,48.0,2019-05-20 06:00:00
2019,5.0,20.0,7.0,53.5,53.5,2019-05-20 07:00:00
2019,5.0,20.0,8.0,55.01,55.01,2019-05-20 08:00:00
2019,5.0,20.0,9.0,57.38,57.38,2019-05-20 09:00:00
2019,5.0,20.0,10.0,57.45,57.45,2019-05-20 10:00:00
2019,5.0,20.0,11.0,56.63,56.63,2019-05-20 11:00:00
2019,5.0,20.0,12.0,55.5,55.5,2019-05-20 12:00:00
2019,5.0,20.0,13.0,55.37,55.37,2019-05-20 13:00:00
2019,5.0,20.0,14.0,55.37,55.37,2019-05-20 14:00:00
2019,5.0,20.0,15.0,54.53,54.53,2019-05-20 15:00:00
2019,5.0,20.0,16.0,54.09,54.09,2019-05-20 16:00:00
2019,5.0,20.0,17.0,53.49,53.49,2019-05-20 17:00:00
2019,5.0,20.0,18.0,54.2,54.2,2019-05-20 18:00:00
2019,5.0,20.0,19.0,53.9,53.9,2019-05-20 19:00:00
2019,5.0,20.0,20.0,54.4,54.4,2019-05-20 20:00:00
2019,5.0,20.0,21.0,55.7,55.7,2019-05-20 21:00:00
2019,5.0,20.0,22.0,57.92,57.92,2019-05-20 22:00:00
2019,5.0,20.0,23.0,56.56,56.56,2019-05-20 23:00:00
2019,5.0,20.0,24.0,55.17,55.17,2019-05-21 00:00:00
2019,5.0,21.0,1.0,58.77,58.77,2019-05-21 01:00:00
2019,5.0,21.0,2.0,57.97,57.97,2019-05-21 02:00:00
2019,5.0,21.0,3.0,57.13,57.13,2019-05-21 03:00:00
2019,5.0,21.0,4.0,57.38,57.38,2019-05-21 04:00:00
2019,5.0,21.0,5.0,57.45,57.45,2019-05-21 05:00:00
2019,5.0,21.0,6.0,58.02,58.02,2019-05-21 06:00:00
2019,5.0,21.0,7.0,58.08,58.08,2019-05-21 07:00:00
2019,5.0,21.0,8.0,56.35,56.35,2019-05-21 08:00:00
2019,5.0,21.0,9.0,57.61,57.61,2019-05-21 09:00:00
2019,5.0,21.0,10.0,58.13,58.13,2019-05-21 10:00:00
2019,5.0,21.0,11.0,57.5,57.5,2019-05-21 11:00:00
2019,5.0,21.0,12.0,57.5,57.5,2019-05-21 12:00:00
2019,5.0,21.0,13.0,57.69,57.69,2019-05-21 13:00:00
2019,5.0,21.0,14.0,57.61,57.61,2019-05-21 14:00:00
2019,5.0,21.0,15.0,56.93,56.93,2019-05-21 15:00:00
2019,5.0,21.0,16.0,56.01,56.01,2019-05-21 16:00:00
2019,5.0,21.0,17.0,55.01,55.01,2019-05-21 17:00:00
2019,5.0,21.0,18.0,55.23,55.23,2019-05-21 18:00:00
2019,5.0,21.0,19.0,54.49,54.49,2019-05-21 19:00:00
2019,5.0,21.0,20.0,54.49,54.49,2019-05-21 20:00:00
2019,5.0,21.0,21.0,56.0,56.0,2019-05-21 21:00:00
2019,5.0,21.0,22.0,57.45,57.45,2019-05-21 22:00:00
2019,5.0,21.0,23.0,56.01,56.01,2019-05-21 23:00:00
2019,5.0,21.0,24.0,56.0,56.0,2019-05-22 00:00:00
2019,5.0,22.0,1.0,59.27,59.27,2019-05-22 01:00:00
2019,5.0,22.0,2.0,59.27,59.27,2019-05-22 02:00:00
2019,5.0,22.0,3.0,58.73,58.73,2019-05-22 03:00:00
2019,5.0,22.0,4.0,58.73,58.73,2019-05-22 04:00:00
2019,5.0,22.0,5.0,58.9,58.9,2019-05-22 05:00:00
2019,5.0,22.0,6.0,59.47,59.47,2019-05-22 06:00:00
2019,5.0,22.0,7.0,59.39,59.39,2019-05-22 07:00:00
2019,5.0,22.0,8.0,57.21,57.21,2019-05-22 08:00:00
2019,5.0,22.0,9.0,58.7,58.7,2019-05-22 09:00:00
2019,5.0,22.0,10.0,58.68,58.68,2019-05-22 10:00:00
2019,5.0,22.0,11.0,58.35,58.35,2019-05-22 11:00:00
2019,5.0,22.0,12.0,58.1,58.1,2019-05-22 12:00:00
2019,5.0,22.0,13.0,58.73,58.73,2019-05-22 13:00:00
2019,5.0,22.0,14.0,58.55,58.55,2019-05-22 14:00:00
2019,5.0,22.0,15.0,57.02,57.02,2019-05-22 15:00:00
2019,5.0,22.0,16.0,56.5,56.5,2019-05-22 16:00:00
2019,5.0,22.0,17.0,56.02,56.02,2019-05-22 17:00:00
2019,5.0,22.0,18.0,56.4,56.4,2019-05-22 18:00:00
2019,5.0,22.0,19.0,55.68,55.68,2019-05-22 19:00:00
2019,5.0,22.0,20.0,55.56,55.56,2019-05-22 20:00:00
2019,5.0,22.0,21.0,57.03,57.03,2019-05-22 21:00:00
2019,5.0,22.0,22.0,59.21,59.21,2019-05-22 22:00:00
2019,5.0,22.0,23.0,58.01,58.01,2019-05-22 23:00:00
2019,5.0,22.0,24.0,58.13,58.13,2019-05-23 00:00:00
2019,5.0,23.0,1.0,58.9,58.9,2019-05-23 01:00:00
2019,5.0,23.0,2.0,58.73,58.73,2019-05-23 02:00:00
2019,5.0,23.0,3.0,57.02,57.02,2019-05-23 03:00:00
2019,5.0,23.0,4.0,56.98,56.98,2019-05-23 04:00:00
2019,5.0,23.0,5.0,57.35,57.35,2019-05-23 05:00:00
2019,5.0,23.0,6.0,58.73,58.73,2019-05-23 06:00:00
2019,5.0,23.0,7.0,59.2,59.2,2019-05-23 07:00:00
2019,5.0,23.0,8.0,58.73,58.73,2019-05-23 08:00:00
2019,5.0,23.0,9.0,59.66,59.66,2019-05-23 09:00:00
2019,5.0,23.0,10.0,59.66,59.66,2019-05-23 10:00:00
2019,5.0,23.0,11.0,59.66,59.66,2019-05-23 11:00:00
2019,5.0,23.0,12.0,59.66,59.66,2019-05-23 12:00:00
2019,5.0,23.0,13.0,59.66,59.66,2019-05-23 13:00:00
2019,5.0,23.0,14.0,59.6,59.6,2019-05-23 14:00:00
2019,5.0,23.0,15.0,58.73,58.73,2019-05-23 15:00:00
2019,5.0,23.0,16.0,55.65,55.65,2019-05-23 16:00:00
2019,5.0,23.0,17.0,54.68,54.68,2019-05-23 17:00:00
2019,5.0,23.0,18.0,54.66,54.66,2019-05-23 18:00:00
2019,5.0,23.0,19.0,53.16,53.16,2019-05-23 19:00:00
2019,5.0,23.0,20.0,52.38,52.38,2019-05-23 20:00:00
2019,5.0,23.0,21.0,54.68,54.68,2019-05-23 21:00:00
2019,5.0,23.0,22.0,56.84,56.84,2019-05-23 22:00:00
2019,5.0,23.0,23.0,53.51,53.51,2019-05-23 23:00:00
2019,5.0,23.0,24.0,51.83,51.83,2019-05-24 00:00:00
2019,5.0,24.0,1.0,50.0,50.0,2019-05-24 01:00:00
2019,5.0,24.0,2.0,50.2,50.2,2019-05-24 02:00:00
2019,5.0,24.0,3.0,46.26,46.26,2019-05-24 03:00:00
2019,5.0,24.0,4.0,45.0,45.0,2019-05-24 04:00:00
2019,5.0,24.0,5.0,45.0,45.0,2019-05-24 05:00:00
2019,5.0,24.0,6.0,46.55,46.55,2019-05-24 06:00:00
2019,5.0,24.0,7.0,48.12,48.12,2019-05-24 07:00:00
2019,5.0,24.0,8.0,49.88,49.88,2019-05-24 08:00:00
2019,5.0,24.0,9.0,55.0,55.0,2019-05-24 09:00:00
2019,5.0,24.0,10.0,55.78,55.78,2019-05-24 10:00:00
2019,5.0,24.0,11.0,54.31,54.31,2019-05-24 11:00:00
2019,5.0,24.0,12.0,50.51,50.51,2019-05-24 12:00:00
2019,5.0,24.0,13.0,50.62,50.62,2019-05-24 13:00:00
2019,5.0,24.0,14.0,50.48,50.48,2019-05-24 14:00:00
2019,5.0,24.0,15.0,49.52,49.52,2019-05-24 15:00:00
2019,5.0,24.0,16.0,48.13,48.13,2019-05-24 16:00:00
2019,5.0,24.0,17.0,47.5,47.5,2019-05-24 17:00:00
2019,5.0,24.0,18.0,45.0,45.0,2019-05-24 18:00:00
2019,5.0,24.0,19.0,42.6,42.6,2019-05-24 19:00:00
2019,5.0,24.0,20.0,44.88,44.88,2019-05-24 20:00:00
2019,5.0,24.0,21.0,49.28,49.28,2019-05-24 21:00:00
2019,5.0,24.0,22.0,53.44,53.44,2019-05-24 22:00:00
2019,5.0,24.0,23.0,50.48,50.48,2019-05-24 23:00:00
2019,5.0,24.0,24.0,48.5,48.5,2019-05-25 00:00:00
2019,5.0,25.0,1.0,42.3,42.3,2019-05-25 01:00:00
2019,5.0,25.0,2.0,40.0,40.0,2019-05-25 02:00:00
2019,5.0,25.0,3.0,39.5,39.5,2019-05-25 03:00:00
2019,5.0,25.0,4.0,38.8,38.8,2019-05-25 04:00:00
2019,5.0,25.0,5.0,38.8,38.8,2019-05-25 05:00:00
2019,5.0,25.0,6.0,38.87,38.87,2019-05-25 06:00:00
2019,5.0,25.0,7.0,38.96,38.96,2019-05-25 07:00:00
2019,5.0,25.0,8.0,39.5,39.5,2019-05-25 08:00:00
2019,5.0,25.0,9.0,40.0,40.0,2019-05-25 09:00:00
2019,5.0,25.0,10.0,40.91,40.91,2019-05-25 10:00:00
2019,5.0,25.0,11.0,42.8,42.8,2019-05-25 11:00:00
2019,5.0,25.0,12.0,45.01,45.01,2019-05-25 12:00:00
2019,5.0,25.0,13.0,45.76,45.76,2019-05-25 13:00:00
2019,5.0,25.0,14.0,47.58,47.58,2019-05-25 14:00:00
2019,5.0,25.0,15.0,44.0,44.0,2019-05-25 15:00:00
2019,5.0,25.0,16.0,40.06,40.06,2019-05-25 16:00:00
2019,5.0,25.0,17.0,39.5,39.5,2019-05-25 17:00:00
2019,5.0,25.0,18.0,39.0,39.0,2019-05-25 18:00:00
2019,5.0,25.0,19.0,39.5,39.5,2019-05-25 19:00:00
2019,5.0,25.0,20.0,41.12,41.12,2019-05-25 20:00:00
2019,5.0,25.0,21.0,44.47,44.47,2019-05-25 21:00:00
2019,5.0,25.0,22.0,50.51,50.51,2019-05-25 22:00:00
2019,5.0,25.0,23.0,50.33,50.33,2019-05-25 23:00:00
2019,5.0,25.0,24.0,48.62,48.62,2019-05-26 00:00:00
2019,5.0,26.0,1.0,44.17,44.17,2019-05-26 01:00:00
2019,5.0,26.0,2.0,40.0,40.0,2019-05-26 02:00:00
2019,5.0,26.0,3.0,38.1,38.1,2019-05-26 03:00:00
2019,5.0,26.0,4.0,36.91,36.91,2019-05-26 04:00:00
2019,5.0,26.0,5.0,36.0,36.0,2019-05-26 05:00:00
2019,5.0,26.0,6.0,37.07,37.07,2019-05-26 06:00:00
2019,5.0,26.0,7.0,37.6,37.6,2019-05-26 07:00:00
2019,5.0,26.0,8.0,37.9,37.9,2019-05-26 08:00:00
2019,5.0,26.0,9.0,38.2,38.2,2019-05-26 09:00:00
2019,5.0,26.0,10.0,40.0,38.3,2019-05-26 10:00:00
2019,5.0,26.0,11.0,41.0,40.0,2019-05-26 11:00:00
2019,5.0,26.0,12.0,44.1,40.0,2019-05-26 12:00:00
2019,5.0,26.0,13.0,49.7,38.3,2019-05-26 13:00:00
2019,5.0,26.0,14.0,53.06,40.0,2019-05-26 14:00:00
2019,5.0,26.0,15.0,41.0,38.5,2019-05-26 15:00:00
2019,5.0,26.0,16.0,40.0,35.0,2019-05-26 16:00:00
2019,5.0,26.0,17.0,40.0,34.0,2019-05-26 17:00:00
2019,5.0,26.0,18.0,36.0,34.0,2019-05-26 18:00:00
2019,5.0,26.0,19.0,35.58,35.58,2019-05-26 19:00:00
2019,5.0,26.0,20.0,38.1,38.1,2019-05-26 20:00:00
2019,5.0,26.0,21.0,44.9,44.9,2019-05-26 21:00:00
2019,5.0,26.0,22.0,55.22,55.22,2019-05-26 22:00:00
2019,5.0,26.0,23.0,58.02,58.02,2019-05-26 23:00:00
2019,5.0,26.0,24.0,55.22,55.22,2019-05-27 00:00:00
2019,5.0,27.0,1.0,54.61,54.61,2019-05-27 01:00:00
2019,5.0,27.0,2.0,49.64,49.64,2019-05-27 02:00:00
2019,5.0,27.0,3.0,46.78,46.78,2019-05-27 03:00:00
2019,5.0,27.0,4.0,45.81,45.81,2019-05-27 04:00:00
2019,5.0,27.0,5.0,45.37,45.37,2019-05-27 05:00:00
2019,5.0,27.0,6.0,49.0,49.0,2019-05-27 06:00:00
2019,5.0,27.0,7.0,54.5,54.5,2019-05-27 07:00:00
2019,5.0,27.0,8.0,56.26,56.26,2019-05-27 08:00:00
2019,5.0,27.0,9.0,58.39,58.39,2019-05-27 09:00:00
2019,5.0,27.0,10.0,57.74,57.74,2019-05-27 10:00:00
2019,5.0,27.0,11.0,56.48,56.48,2019-05-27 11:00:00
2019,5.0,27.0,12.0,54.96,54.96,2019-05-27 12:00:00
2019,5.0,27.0,13.0,55.23,55.23,2019-05-27 13:00:00
2019,5.0,27.0,14.0,54.5,54.5,2019-05-27 14:00:00
2019,5.0,27.0,15.0,52.51,52.51,2019-05-27 15:00:00
2019,5.0,27.0,16.0,49.39,49.39,2019-05-27 16:00:00
2019,5.0,27.0,17.0,48.37,48.37,2019-05-27 17:00:00
2019,5.0,27.0,18.0,45.88,45.88,2019-05-27 18:00:00
2019,5.0,27.0,19.0,42.53,42.53,2019-05-27 19:00:00
2019,5.0,27.0,20.0,41.77,41.77,2019-05-27 20:00:00
2019,5.0,27.0,21.0,49.23,49.23,2019-05-27 21:00:00
2019,5.0,27.0,22.0,52.8,52.8,2019-05-27 22:00:00
2019,5.0,27.0,23.0,50.12,50.12,2019-05-27 23:00:00
2019,5.0,27.0,24.0,44.3,44.3,2019-05-28 00:00:00
2019,5.0,28.0,1.0,42.0,42.0,2019-05-28 01:00:00
2019,5.0,28.0,2.0,42.0,42.0,2019-05-28 02:00:00
2019,5.0,28.0,3.0,40.99,40.99,2019-05-28 03:00:00
2019,5.0,28.0,4.0,41.11,41.11,2019-05-28 04:00:00
2019,5.0,28.0,5.0,41.11,41.11,2019-05-28 05:00:00
2019,5.0,28.0,6.0,42.0,42.0,2019-05-28 06:00:00
2019,5.0,28.0,7.0,46.3,46.3,2019-05-28 07:00:00
2019,5.0,28.0,8.0,50.14,50.14,2019-05-28 08:00:00
2019,5.0,28.0,9.0,54.42,54.42,2019-05-28 09:00:00
2019,5.0,28.0,10.0,54.51,54.51,2019-05-28 10:00:00
2019,5.0,28.0,11.0,52.53,52.53,2019-05-28 11:00:00
2019,5.0,28.0,12.0,52.01,52.01,2019-05-28 12:00:00
2019,5.0,28.0,13.0,53.67,53.67,2019-05-28 13:00:00
2019,5.0,28.0,14.0,51.51,51.51,2019-05-28 14:00:00
2019,5.0,28.0,15.0,49.98,49.98,2019-05-28 15:00:00
2019,5.0,28.0,16.0,48.0,48.0,2019-05-28 16:00:00
2019,5.0,28.0,17.0,45.3,45.3,2019-05-28 17:00:00
2019,5.0,28.0,18.0,43.89,43.89,2019-05-28 18:00:00
2019,5.0,28.0,19.0,42.53,42.53,2019-05-28 19:00:00
2019,5.0,28.0,20.0,42.48,42.48,2019-05-28 20:00:00
2019,5.0,28.0,21.0,48.62,48.62,2019-05-28 21:00:00
2019,5.0,28.0,22.0,51.66,51.66,2019-05-28 22:00:00
2019,5.0,28.0,23.0,50.14,50.14,2019-05-28 23:00:00
2019,5.0,28.0,24.0,45.0,45.0,2019-05-29 00:00:00
2019,5.0,29.0,1.0,45.0,45.0,2019-05-29 01:00:00
2019,5.0,29.0,2.0,43.5,43.5,2019-05-29 02:00:00
2019,5.0,29.0,3.0,41.67,41.67,2019-05-29 03:00:00
2019,5.0,29.0,4.0,41.01,41.01,2019-05-29 04:00:00
2019,5.0,29.0,5.0,40.81,40.81,2019-05-29 05:00:00
2019,5.0,29.0,6.0,41.48,41.48,2019-05-29 06:00:00
2019,5.0,29.0,7.0,42.0,42.0,2019-05-29 07:00:00
2019,5.0,29.0,8.0,46.79,46.79,2019-05-29 08:00:00
2019,5.0,29.0,9.0,48.47,48.47,2019-05-29 09:00:00
2019,5.0,29.0,10.0,48.47,48.47,2019-05-29 10:00:00
2019,5.0,29.0,11.0,48.42,48.42,2019-05-29 11:00:00
2019,5.0,29.0,12.0,48.41,48.41,2019-05-29 12:00:00
2019,5.0,29.0,13.0,49.95,49.95,2019-05-29 13:00:00
2019,5.0,29.0,14.0,50.1,50.1,2019-05-29 14:00:00
2019,5.0,29.0,15.0,48.47,48.47,2019-05-29 15:00:00
2019,5.0,29.0,16.0,48.41,48.41,2019-05-29 16:00:00
2019,5.0,29.0,17.0,48.42,48.42,2019-05-29 17:00:00
2019,5.0,29.0,18.0,48.42,48.42,2019-05-29 18:00:00
2019,5.0,29.0,19.0,48.47,48.47,2019-05-29 19:00:00
2019,5.0,29.0,20.0,48.47,48.47,2019-05-29 20:00:00
2019,5.0,29.0,21.0,53.07,53.07,2019-05-29 21:00:00
2019,5.0,29.0,22.0,57.02,57.02,2019-05-29 22:00:00
2019,5.0,29.0,23.0,54.03,54.03,2019-05-29 23:00:00
2019,5.0,29.0,24.0,51.01,51.01,2019-05-30 00:00:00
2019,5.0,30.0,1.0,51.89,51.89,2019-05-30 01:00:00
2019,5.0,30.0,2.0,45.87,45.87,2019-05-30 02:00:00
2019,5.0,30.0,3.0,42.0,42.0,2019-05-30 03:00:00
2019,5.0,30.0,4.0,41.9,41.9,2019-05-30 04:00:00
2019,5.0,30.0,5.0,42.0,42.0,2019-05-30 05:00:00
2019,5.0,30.0,6.0,42.0,42.0,2019-05-30 06:00:00
2019,5.0,30.0,7.0,47.44,47.44,2019-05-30 07:00:00
2019,5.0,30.0,8.0,54.47,54.47,2019-05-30 08:00:00
2019,5.0,30.0,9.0,55.47,55.47,2019-05-30 09:00:00
2019,5.0,30.0,10.0,55.45,55.45,2019-05-30 10:00:00
2019,5.0,30.0,11.0,54.8,54.8,2019-05-30 11:00:00
2019,5.0,30.0,12.0,55.0,55.0,2019-05-30 12:00:00
2019,5.0,30.0,13.0,55.67,55.67,2019-05-30 13:00:00
2019,5.0,30.0,14.0,56.02,56.02,2019-05-30 14:00:00
2019,5.0,30.0,15.0,56.0,56.0,2019-05-30 15:00:00
2019,5.0,30.0,16.0,55.45,55.45,2019-05-30 16:00:00
2019,5.0,30.0,17.0,55.45,55.45,2019-05-30 17:00:00
2019,5.0,30.0,18.0,55.45,55.45,2019-05-30 18:00:00
2019,5.0,30.0,19.0,55.11,55.11,2019-05-30 19:00:00
2019,5.0,30.0,20.0,55.45,55.45,2019-05-30 20:00:00
2019,5.0,30.0,21.0,56.03,56.03,2019-05-30 21:00:00
2019,5.0,30.0,22.0,59.47,59.47,2019-05-30 22:00:00
2019,5.0,30.0,23.0,56.0,56.0,2019-05-30 23:00:00
2019,5.0,30.0,24.0,53.53,53.53,2019-05-31 00:00:00
2019,5.0,31.0,1.0,56.28,56.28,2019-05-31 01:00:00
2019,5.0,31.0,2.0,53.57,53.57,2019-05-31 02:00:00
2019,5.0,31.0,3.0,48.76,48.76,2019-05-31 03:00:00
2019,5.0,31.0,4.0,49.06,49.06,2019-05-31 04:00:00
2019,5.0,31.0,5.0,51.69,51.69,2019-05-31 05:00:00
2019,5.0,31.0,6.0,54.61,54.61,2019-05-31 06:00:00
2019,5.0,31.0,7.0,56.02,56.02,2019-05-31 07:00:00
2019,5.0,31.0,8.0,55.37,55.37,2019-05-31 08:00:00
2019,5.0,31.0,9.0,55.98,55.98,2019-05-31 09:00:00
2019,5.0,31.0,10.0,55.98,55.98,2019-05-31 10:00:00
2019,5.0,31.0,11.0,55.98,55.98,2019-05-31 11:00:00
2019,5.0,31.0,12.0,56.02,56.02,2019-05-31 12:00:00
2019,5.0,31.0,13.0,57.86,57.86,2019-05-31 13:00:00
2019,5.0,31.0,14.0,57.88,57.88,2019-05-31 14:00:00
2019,5.0,31.0,15.0,57.5,57.5,2019-05-31 15:00:00
2019,5.0,31.0,16.0,55.98,55.98,2019-05-31 16:00:00
2019,5.0,31.0,17.0,55.96,55.96,2019-05-31 17:00:00
2019,5.0,31.0,18.0,55.97,55.97,2019-05-31 18:00:00
2019,5.0,31.0,19.0,55.96,55.96,2019-05-31 19:00:00
2019,5.0,31.0,20.0,55.83,55.83,2019-05-31 20:00:00
2019,5.0,31.0,21.0,55.98,55.98,2019-05-31 21:00:00
2019,5.0,31.0,22.0,57.52,57.52,2019-05-31 22:00:00
2019,5.0,31.0,23.0,55.98,55.98,2019-05-31 23:00:00
2019,5.0,31.0,24.0,55.98,55.98,2019-06-01 00:00:00
2019,6.0,1.0,1.0,59.21,59.21,2019-06-01 01:00:00
2019,6.0,1.0,2.0,59.0,59.0,2019-06-01 02:00:00
2019,6.0,1.0,3.0,58.22,58.22,2019-06-01 03:00:00
2019,6.0,1.0,4.0,57.87,57.87,2019-06-01 04:00:00
2019,6.0,1.0,5.0,57.88,57.88,2019-06-01 05:00:00
2019,6.0,1.0,6.0,58.22,58.22,2019-06-01 06:00:00
2019,6.0,1.0,7.0,55.5,55.5,2019-06-01 07:00:00
2019,6.0,1.0,8.0,50.55,50.55,2019-06-01 08:00:00
2019,6.0,1.0,9.0,53.07,53.07,2019-06-01 09:00:00
2019,6.0,1.0,10.0,54.45,54.45,2019-06-01 10:00:00
2019,6.0,1.0,11.0,55.8,55.8,2019-06-01 11:00:00
2019,6.0,1.0,12.0,55.8,55.8,2019-06-01 12:00:00
2019,6.0,1.0,13.0,56.02,56.02,2019-06-01 13:00:00
2019,6.0,1.0,14.0,56.0,56.0,2019-06-01 14:00:00
2019,6.0,1.0,15.0,54.13,54.13,2019-06-01 15:00:00
2019,6.0,1.0,16.0,47.75,47.75,2019-06-01 16:00:00
2019,6.0,1.0,17.0,45.56,45.56,2019-06-01 17:00:00
2019,6.0,1.0,18.0,44.57,44.57,2019-06-01 18:00:00
2019,6.0,1.0,19.0,45.84,45.84,2019-06-01 19:00:00
2019,6.0,1.0,20.0,46.62,46.62,2019-06-01 20:00:00
2019,6.0,1.0,21.0,50.0,50.0,2019-06-01 21:00:00
2019,6.0,1.0,22.0,54.47,54.47,2019-06-01 22:00:00
2019,6.0,1.0,23.0,54.14,54.14,2019-06-01 23:00:00
2019,6.0,1.0,24.0,48.16,48.16,2019-06-02 00:00:00
2019,6.0,2.0,1.0,55.0,55.0,2019-06-02 01:00:00
2019,6.0,2.0,2.0,52.0,52.0,2019-06-02 02:00:00
2019,6.0,2.0,3.0,48.78,48.78,2019-06-02 03:00:00
2019,6.0,2.0,4.0,47.0,47.0,2019-06-02 04:00:00
2019,6.0,2.0,5.0,47.43,47.43,2019-06-02 05:00:00
2019,6.0,2.0,6.0,49.0,49.0,2019-06-02 06:00:00
2019,6.0,2.0,7.0,45.71,45.71,2019-06-02 07:00:00
2019,6.0,2.0,8.0,43.95,43.95,2019-06-02 08:00:00
2019,6.0,2.0,9.0,45.08,45.08,2019-06-02 09:00:00
2019,6.0,2.0,10.0,44.59,44.59,2019-06-02 10:00:00
2019,6.0,2.0,11.0,46.03,46.03,2019-06-02 11:00:00
2019,6.0,2.0,12.0,47.3,47.3,2019-06-02 12:00:00
2019,6.0,2.0,13.0,47.99,47.99,2019-06-02 13:00:00
2019,6.0,2.0,14.0,48.07,48.07,2019-06-02 14:00:00
2019,6.0,2.0,15.0,46.39,46.39,2019-06-02 15:00:00
2019,6.0,2.0,16.0,43.33,43.33,2019-06-02 16:00:00
2019,6.0,2.0,17.0,40.51,40.51,2019-06-02 17:00:00
2019,6.0,2.0,18.0,41.01,41.01,2019-06-02 18:00:00
2019,6.0,2.0,19.0,42.0,42.0,2019-06-02 19:00:00
2019,6.0,2.0,20.0,45.13,45.13,2019-06-02 20:00:00
2019,6.0,2.0,21.0,48.57,48.57,2019-06-02 21:00:00
2019,6.0,2.0,22.0,57.79,57.79,2019-06-02 22:00:00
2019,6.0,2.0,23.0,58.73,58.73,2019-06-02 23:00:00
2019,6.0,2.0,24.0,56.23,56.23,2019-06-03 00:00:00
2019,6.0,3.0,1.0,56.63,56.63,2019-06-03 01:00:00
2019,6.0,3.0,2.0,51.98,51.98,2019-06-03 02:00:00
2019,6.0,3.0,3.0,48.26,48.26,2019-06-03 03:00:00
2019,6.0,3.0,4.0,48.1,48.1,2019-06-03 04:00:00
2019,6.0,3.0,5.0,48.5,48.5,2019-06-03 05:00:00
2019,6.0,3.0,6.0,48.89,48.89,2019-06-03 06:00:00
2019,6.0,3.0,7.0,49.14,49.14,2019-06-03 07:00:00
2019,6.0,3.0,8.0,54.13,54.13,2019-06-03 08:00:00
2019,6.0,3.0,9.0,58.23,58.23,2019-06-03 09:00:00
2019,6.0,3.0,10.0,58.02,58.02,2019-06-03 10:00:00
2019,6.0,3.0,11.0,57.88,57.88,2019-06-03 11:00:00
2019,6.0,3.0,12.0,58.73,58.73,2019-06-03 12:00:00
2019,6.0,3.0,13.0,59.01,59.01,2019-06-03 13:00:00
2019,6.0,3.0,14.0,58.5,58.5,2019-06-03 14:00:00
2019,6.0,3.0,15.0,55.38,55.38,2019-06-03 15:00:00
2019,6.0,3.0,16.0,53.12,53.12,2019-06-03 16:00:00
2019,6.0,3.0,17.0,50.07,50.07,2019-06-03 17:00:00
2019,6.0,3.0,18.0,49.57,49.57,2019-06-03 18:00:00
2019,6.0,3.0,19.0,48.91,48.91,2019-06-03 19:00:00
2019,6.0,3.0,20.0,50.5,50.5,2019-06-03 20:00:00
2019,6.0,3.0,21.0,52.07,52.07,2019-06-03 21:00:00
2019,6.0,3.0,22.0,56.05,56.05,2019-06-03 22:00:00
2019,6.0,3.0,23.0,55.03,55.03,2019-06-03 23:00:00
2019,6.0,3.0,24.0,55.26,55.26,2019-06-04 00:00:00
2019,6.0,4.0,1.0,57.72,57.72,2019-06-04 01:00:00
2019,6.0,4.0,2.0,55.09,55.09,2019-06-04 02:00:00
2019,6.0,4.0,3.0,51.7,51.7,2019-06-04 03:00:00
2019,6.0,4.0,4.0,49.1,49.1,2019-06-04 04:00:00
2019,6.0,4.0,5.0,46.9,46.9,2019-06-04 05:00:00
2019,6.0,4.0,6.0,45.62,45.62,2019-06-04 06:00:00
2019,6.0,4.0,7.0,47.09,47.09,2019-06-04 07:00:00
2019,6.0,4.0,8.0,50.31,50.31,2019-06-04 08:00:00
2019,6.0,4.0,9.0,55.38,55.38,2019-06-04 09:00:00
2019,6.0,4.0,10.0,53.0,53.0,2019-06-04 10:00:00
2019,6.0,4.0,11.0,52.0,52.0,2019-06-04 11:00:00
2019,6.0,4.0,12.0,50.45,50.45,2019-06-04 12:00:00
2019,6.0,4.0,13.0,51.07,51.07,2019-06-04 13:00:00
2019,6.0,4.0,14.0,49.06,49.06,2019-06-04 14:00:00
2019,6.0,4.0,15.0,47.09,47.09,2019-06-04 15:00:00
2019,6.0,4.0,16.0,45.86,45.86,2019-06-04 16:00:00
2019,6.0,4.0,17.0,43.46,43.46,2019-06-04 17:00:00
2019,6.0,4.0,18.0,43.2,43.2,2019-06-04 18:00:00
2019,6.0,4.0,19.0,43.31,43.31,2019-06-04 19:00:00
2019,6.0,4.0,20.0,45.76,45.76,2019-06-04 20:00:00
2019,6.0,4.0,21.0,47.21,47.21,2019-06-04 21:00:00
2019,6.0,4.0,22.0,54.0,54.0,2019-06-04 22:00:00
2019,6.0,4.0,23.0,54.13,54.13,2019-06-04 23:00:00
2019,6.0,4.0,24.0,47.36,47.36,2019-06-05 00:00:00
2019,6.0,5.0,1.0,45.82,45.82,2019-06-05 01:00:00
2019,6.0,5.0,2.0,46.0,46.0,2019-06-05 02:00:00
2019,6.0,5.0,3.0,42.29,42.29,2019-06-05 03:00:00
2019,6.0,5.0,4.0,41.0,41.0,2019-06-05 04:00:00
2019,6.0,5.0,5.0,40.51,40.51,2019-06-05 05:00:00
2019,6.0,5.0,6.0,40.88,40.88,2019-06-05 06:00:00
2019,6.0,5.0,7.0,45.8,45.8,2019-06-05 07:00:00
2019,6.0,5.0,8.0,45.07,45.07,2019-06-05 08:00:00
2019,6.0,5.0,9.0,48.36,48.36,2019-06-05 09:00:00
2019,6.0,5.0,10.0,45.8,45.8,2019-06-05 10:00:00
2019,6.0,5.0,11.0,44.99,44.99,2019-06-05 11:00:00
2019,6.0,5.0,12.0,43.86,43.86,2019-06-05 12:00:00
2019,6.0,5.0,13.0,44.64,44.64,2019-06-05 13:00:00
2019,6.0,5.0,14.0,42.09,42.09,2019-06-05 14:00:00
2019,6.0,5.0,15.0,40.06,40.01,2019-06-05 15:00:00
2019,6.0,5.0,16.0,40.06,38.89,2019-06-05 16:00:00
2019,6.0,5.0,17.0,39.81,39.0,2019-06-05 17:00:00
2019,6.0,5.0,18.0,41.37,41.37,2019-06-05 18:00:00
2019,6.0,5.0,19.0,43.92,43.92,2019-06-05 19:00:00
2019,6.0,5.0,20.0,45.5,45.5,2019-06-05 20:00:00
2019,6.0,5.0,21.0,50.07,50.07,2019-06-05 21:00:00
2019,6.0,5.0,22.0,58.22,58.22,2019-06-05 22:00:00
2019,6.0,5.0,23.0,58.76,58.76,2019-06-05 23:00:00
2019,6.0,5.0,24.0,55.0,55.0,2019-06-06 00:00:00
2019,6.0,6.0,1.0,52.84,52.84,2019-06-06 01:00:00
2019,6.0,6.0,2.0,49.01,49.01,2019-06-06 02:00:00
2019,6.0,6.0,3.0,45.5,45.5,2019-06-06 03:00:00
2019,6.0,6.0,4.0,46.49,46.49,2019-06-06 04:00:00
2019,6.0,6.0,5.0,46.39,46.39,2019-06-06 05:00:00
2019,6.0,6.0,6.0,46.0,46.0,2019-06-06 06:00:00
2019,6.0,6.0,7.0,49.01,49.01,2019-06-06 07:00:00
2019,6.0,6.0,8.0,52.36,52.36,2019-06-06 08:00:00
2019,6.0,6.0,9.0,56.85,56.85,2019-06-06 09:00:00
2019,6.0,6.0,10.0,54.04,54.04,2019-06-06 10:00:00
2019,6.0,6.0,11.0,48.01,48.01,2019-06-06 11:00:00
2019,6.0,6.0,12.0,43.93,43.93,2019-06-06 12:00:00
2019,6.0,6.0,13.0,43.75,43.75,2019-06-06 13:00:00
2019,6.0,6.0,14.0,41.81,41.81,2019-06-06 14:00:00
2019,6.0,6.0,15.0,37.47,37.47,2019-06-06 15:00:00
2019,6.0,6.0,16.0,34.99,34.99,2019-06-06 16:00:00
2019,6.0,6.0,17.0,33.58,33.58,2019-06-06 17:00:00
2019,6.0,6.0,18.0,35.76,35.76,2019-06-06 18:00:00
2019,6.0,6.0,19.0,35.98,35.98,2019-06-06 19:00:00
2019,6.0,6.0,20.0,37.67,37.67,2019-06-06 20:00:00
2019,6.0,6.0,21.0,39.17,39.17,2019-06-06 21:00:00
2019,6.0,6.0,22.0,41.82,41.82,2019-06-06 22:00:00
2019,6.0,6.0,23.0,41.81,41.81,2019-06-06 23:00:00
2019,6.0,6.0,24.0,37.54,37.54,2019-06-07 00:00:00
2019,6.0,7.0,1.0,35.77,35.77,2019-06-07 01:00:00
2019,6.0,7.0,2.0,31.08,31.08,2019-06-07 02:00:00
2019,6.0,7.0,3.0,27.51,27.51,2019-06-07 03:00:00
2019,6.0,7.0,4.0,26.73,26.73,2019-06-07 04:00:00
2019,6.0,7.0,5.0,29.0,29.0,2019-06-07 05:00:00
2019,6.0,7.0,6.0,31.02,31.02,2019-06-07 06:00:00
2019,6.0,7.0,7.0,35.67,35.67,2019-06-07 07:00:00
2019,6.0,7.0,8.0,40.0,40.0,2019-06-07 08:00:00
2019,6.0,7.0,9.0,43.76,43.76,2019-06-07 09:00:00
2019,6.0,7.0,10.0,43.52,43.48,2019-06-07 10:00:00
2019,6.0,7.0,11.0,47.46,42.29,2019-06-07 11:00:00
2019,6.0,7.0,12.0,42.48,42.48,2019-06-07 12:00:00
2019,6.0,7.0,13.0,43.75,43.75,2019-06-07 13:00:00
2019,6.0,7.0,14.0,43.99,43.99,2019-06-07 14:00:00
2019,6.0,7.0,15.0,43.6,43.6,2019-06-07 15:00:00
2019,6.0,7.0,16.0,43.51,43.51,2019-06-07 16:00:00
2019,6.0,7.0,17.0,43.66,43.66,2019-06-07 17:00:00
2019,6.0,7.0,18.0,43.8,43.8,2019-06-07 18:00:00
2019,6.0,7.0,19.0,44.11,44.11,2019-06-07 19:00:00
2019,6.0,7.0,20.0,45.33,45.33,2019-06-07 20:00:00
2019,6.0,7.0,21.0,52.07,52.07,2019-06-07 21:00:00
2019,6.0,7.0,22.0,57.53,57.53,2019-06-07 22:00:00
2019,6.0,7.0,23.0,56.73,56.73,2019-06-07 23:00:00
2019,6.0,7.0,24.0,52.36,52.36,2019-06-08 00:00:00
2019,6.0,8.0,1.0,56.03,56.03,2019-06-08 01:00:00
2019,6.0,8.0,2.0,50.36,50.36,2019-06-08 02:00:00
2019,6.0,8.0,3.0,45.3,45.3,2019-06-08 03:00:00
2019,6.0,8.0,4.0,43.75,43.75,2019-06-08 04:00:00
2019,6.0,8.0,5.0,43.58,43.58,2019-06-08 05:00:00
2019,6.0,8.0,6.0,43.53,43.53,2019-06-08 06:00:00
2019,6.0,8.0,7.0,43.57,43.57,2019-06-08 07:00:00
2019,6.0,8.0,8.0,43.99,43.99,2019-06-08 08:00:00
2019,6.0,8.0,9.0,48.92,48.92,2019-06-08 09:00:00
2019,6.0,8.0,10.0,47.49,47.49,2019-06-08 10:00:00
2019,6.0,8.0,11.0,49.01,49.01,2019-06-08 11:00:00
2019,6.0,8.0,12.0,49.01,49.01,2019-06-08 12:00:00
2019,6.0,8.0,13.0,49.01,49.01,2019-06-08 13:00:00
2019,6.0,8.0,14.0,49.01,49.01,2019-06-08 14:00:00
2019,6.0,8.0,15.0,47.49,47.49,2019-06-08 15:00:00
2019,6.0,8.0,16.0,43.44,43.44,2019-06-08 16:00:00
2019,6.0,8.0,17.0,42.41,42.41,2019-06-08 17:00:00
2019,6.0,8.0,18.0,42.29,42.29,2019-06-08 18:00:00
2019,6.0,8.0,19.0,42.41,42.41,2019-06-08 19:00:00
2019,6.0,8.0,20.0,42.48,42.48,2019-06-08 20:00:00
2019,6.0,8.0,21.0,44.11,44.11,2019-06-08 21:00:00
2019,6.0,8.0,22.0,49.01,49.01,2019-06-08 22:00:00
2019,6.0,8.0,23.0,49.02,49.02,2019-06-08 23:00:00
2019,6.0,8.0,24.0,44.83,44.83,2019-06-09 00:00:00
2019,6.0,9.0,1.0,46.07,46.07,2019-06-09 01:00:00
2019,6.0,9.0,2.0,43.0,43.0,2019-06-09 02:00:00
2019,6.0,9.0,3.0,41.25,41.25,2019-06-09 03:00:00
2019,6.0,9.0,4.0,42.4,42.4,2019-06-09 04:00:00
2019,6.0,9.0,5.0,40.95,40.95,2019-06-09 05:00:00
2019,6.0,9.0,6.0,40.23,40.23,2019-06-09 06:00:00
2019,6.0,9.0,7.0,40.0,40.0,2019-06-09 07:00:00
2019,6.0,9.0,8.0,40.0,40.0,2019-06-09 08:00:00
2019,6.0,9.0,9.0,42.85,42.85,2019-06-09 09:00:00
2019,6.0,9.0,10.0,44.55,44.55,2019-06-09 10:00:00
2019,6.0,9.0,11.0,46.07,46.07,2019-06-09 11:00:00
2019,6.0,9.0,12.0,48.5,48.5,2019-06-09 12:00:00
2019,6.0,9.0,13.0,50.12,50.12,2019-06-09 13:00:00
2019,6.0,9.0,14.0,50.48,50.48,2019-06-09 14:00:00
2019,6.0,9.0,15.0,47.75,47.75,2019-06-09 15:00:00
2019,6.0,9.0,16.0,42.42,42.42,2019-06-09 16:00:00
2019,6.0,9.0,17.0,37.85,37.85,2019-06-09 17:00:00
2019,6.0,9.0,18.0,37.0,37.0,2019-06-09 18:00:00
2019,6.0,9.0,19.0,37.35,37.35,2019-06-09 19:00:00
2019,6.0,9.0,20.0,37.0,37.0,2019-06-09 20:00:00
2019,6.0,9.0,21.0,40.03,40.03,2019-06-09 21:00:00
2019,6.0,9.0,22.0,48.91,48.91,2019-06-09 22:00:00
2019,6.0,9.0,23.0,51.37,51.37,2019-06-09 23:00:00
2019,6.0,9.0,24.0,43.01,43.01,2019-06-10 00:00:00
2019,6.0,10.0,1.0,44.17,44.17,2019-06-10 01:00:00
2019,6.0,10.0,2.0,39.51,39.51,2019-06-10 02:00:00
2019,6.0,10.0,3.0,37.7,37.06,2019-06-10 03:00:00
2019,6.0,10.0,4.0,37.0,37.0,2019-06-10 04:00:00
2019,6.0,10.0,5.0,37.5,37.5,2019-06-10 05:00:00
2019,6.0,10.0,6.0,39.51,39.51,2019-06-10 06:00:00
2019,6.0,10.0,7.0,42.41,42.41,2019-06-10 07:00:00
2019,6.0,10.0,8.0,45.61,45.61,2019-06-10 08:00:00
2019,6.0,10.0,9.0,49.87,49.87,2019-06-10 09:00:00
2019,6.0,10.0,10.0,48.15,48.15,2019-06-10 10:00:00
2019,6.0,10.0,11.0,47.58,47.58,2019-06-10 11:00:00
2019,6.0,10.0,12.0,48.13,48.13,2019-06-10 12:00:00
2019,6.0,10.0,13.0,50.0,50.0,2019-06-10 13:00:00
2019,6.0,10.0,14.0,50.64,50.64,2019-06-10 14:00:00
2019,6.0,10.0,15.0,46.89,46.89,2019-06-10 15:00:00
2019,6.0,10.0,16.0,45.0,45.0,2019-06-10 16:00:00
2019,6.0,10.0,17.0,44.72,44.72,2019-06-10 17:00:00
2019,6.0,10.0,18.0,44.16,44.16,2019-06-10 18:00:00
2019,6.0,10.0,19.0,43.0,43.0,2019-06-10 19:00:00
2019,6.0,10.0,20.0,43.44,43.44,2019-06-10 20:00:00
2019,6.0,10.0,21.0,45.61,45.61,2019-06-10 21:00:00
2019,6.0,10.0,22.0,50.0,50.0,2019-06-10 22:00:00
2019,6.0,10.0,23.0,49.01,49.01,2019-06-10 23:00:00
2019,6.0,10.0,24.0,44.72,44.72,2019-06-11 00:00:00
2019,6.0,11.0,1.0,44.04,44.04,2019-06-11 01:00:00
2019,6.0,11.0,2.0,43.36,43.36,2019-06-11 02:00:00
2019,6.0,11.0,3.0,42.29,42.29,2019-06-11 03:00:00
2019,6.0,11.0,4.0,41.5,41.5,2019-06-11 04:00:00
2019,6.0,11.0,5.0,42.0,42.0,2019-06-11 05:00:00
2019,6.0,11.0,6.0,41.1,41.1,2019-06-11 06:00:00
2019,6.0,11.0,7.0,44.07,44.07,2019-06-11 07:00:00
2019,6.0,11.0,8.0,46.09,46.09,2019-06-11 08:00:00
2019,6.0,11.0,9.0,48.41,48.41,2019-06-11 09:00:00
2019,6.0,11.0,10.0,48.99,48.99,2019-06-11 10:00:00
2019,6.0,11.0,11.0,47.42,47.42,2019-06-11 11:00:00
2019,6.0,11.0,12.0,46.99,46.99,2019-06-11 12:00:00
2019,6.0,11.0,13.0,47.38,47.38,2019-06-11 13:00:00
2019,6.0,11.0,14.0,45.72,45.72,2019-06-11 14:00:00
2019,6.0,11.0,15.0,44.09,44.09,2019-06-11 15:00:00
2019,6.0,11.0,16.0,43.19,43.19,2019-06-11 16:00:00
2019,6.0,11.0,17.0,42.29,42.29,2019-06-11 17:00:00
2019,6.0,11.0,18.0,42.81,42.81,2019-06-11 18:00:00
2019,6.0,11.0,19.0,44.5,44.5,2019-06-11 19:00:00
2019,6.0,11.0,20.0,44.98,44.98,2019-06-11 20:00:00
2019,6.0,11.0,21.0,45.72,45.72,2019-06-11 21:00:00
2019,6.0,11.0,22.0,52.98,52.98,2019-06-11 22:00:00
2019,6.0,11.0,23.0,53.07,53.07,2019-06-11 23:00:00
2019,6.0,11.0,24.0,45.72,45.72,2019-06-12 00:00:00
2019,6.0,12.0,1.0,49.89,49.89,2019-06-12 01:00:00
2019,6.0,12.0,2.0,47.46,47.46,2019-06-12 02:00:00
2019,6.0,12.0,3.0,46.73,46.73,2019-06-12 03:00:00
2019,6.0,12.0,4.0,44.06,44.06,2019-06-12 04:00:00
2019,6.0,12.0,5.0,44.0,44.0,2019-06-12 05:00:00
2019,6.0,12.0,6.0,43.75,43.75,2019-06-12 06:00:00
2019,6.0,12.0,7.0,44.81,44.81,2019-06-12 07:00:00
2019,6.0,12.0,8.0,49.95,49.95,2019-06-12 08:00:00
2019,6.0,12.0,9.0,51.22,51.22,2019-06-12 09:00:00
2019,6.0,12.0,10.0,51.0,51.0,2019-06-12 10:00:00
2019,6.0,12.0,11.0,50.54,50.54,2019-06-12 11:00:00
2019,6.0,12.0,12.0,50.54,50.54,2019-06-12 12:00:00
2019,6.0,12.0,13.0,51.2,51.2,2019-06-12 13:00:00
2019,6.0,12.0,14.0,51.22,51.22,2019-06-12 14:00:00
2019,6.0,12.0,15.0,50.33,50.33,2019-06-12 15:00:00
2019,6.0,12.0,16.0,49.89,49.89,2019-06-12 16:00:00
2019,6.0,12.0,17.0,47.88,47.88,2019-06-12 17:00:00
2019,6.0,12.0,18.0,47.01,47.01,2019-06-12 18:00:00
2019,6.0,12.0,19.0,46.0,46.0,2019-06-12 19:00:00
2019,6.0,12.0,20.0,46.0,46.0,2019-06-12 20:00:00
2019,6.0,12.0,21.0,47.3,47.3,2019-06-12 21:00:00
2019,6.0,12.0,22.0,50.51,50.51,2019-06-12 22:00:00
2019,6.0,12.0,23.0,50.1,50.1,2019-06-12 23:00:00
2019,6.0,12.0,24.0,45.51,45.51,2019-06-13 00:00:00
2019,6.0,13.0,1.0,45.86,45.86,2019-06-13 01:00:00
2019,6.0,13.0,2.0,42.37,42.37,2019-06-13 02:00:00
2019,6.0,13.0,3.0,40.53,40.53,2019-06-13 03:00:00
2019,6.0,13.0,4.0,40.01,40.01,2019-06-13 04:00:00
2019,6.0,13.0,5.0,40.07,40.07,2019-06-13 05:00:00
2019,6.0,13.0,6.0,41.6,41.6,2019-06-13 06:00:00
2019,6.0,13.0,7.0,45.0,45.0,2019-06-13 07:00:00
2019,6.0,13.0,8.0,49.11,49.11,2019-06-13 08:00:00
2019,6.0,13.0,9.0,50.0,50.0,2019-06-13 09:00:00
2019,6.0,13.0,10.0,49.95,49.95,2019-06-13 10:00:00
2019,6.0,13.0,11.0,48.85,48.85,2019-06-13 11:00:00
2019,6.0,13.0,12.0,48.02,48.02,2019-06-13 12:00:00
2019,6.0,13.0,13.0,49.11,49.11,2019-06-13 13:00:00
2019,6.0,13.0,14.0,49.11,49.11,2019-06-13 14:00:00
2019,6.0,13.0,15.0,47.35,47.35,2019-06-13 15:00:00
2019,6.0,13.0,16.0,45.86,45.86,2019-06-13 16:00:00
2019,6.0,13.0,17.0,45.02,45.02,2019-06-13 17:00:00
2019,6.0,13.0,18.0,45.92,45.92,2019-06-13 18:00:00
2019,6.0,13.0,19.0,45.87,45.87,2019-06-13 19:00:00
2019,6.0,13.0,20.0,47.12,47.12,2019-06-13 20:00:00
2019,6.0,13.0,21.0,47.62,47.62,2019-06-13 21:00:00
2019,6.0,13.0,22.0,50.94,50.94,2019-06-13 22:00:00
2019,6.0,13.0,23.0,50.94,50.94,2019-06-13 23:00:00
2019,6.0,13.0,24.0,47.49,47.49,2019-06-14 00:00:00
2019,6.0,14.0,1.0,49.95,49.95,2019-06-14 01:00:00
2019,6.0,14.0,2.0,49.9,49.9,2019-06-14 02:00:00
2019,6.0,14.0,3.0,47.88,47.88,2019-06-14 03:00:00
2019,6.0,14.0,4.0,47.0,47.0,2019-06-14 04:00:00
2019,6.0,14.0,5.0,46.94,46.94,2019-06-14 05:00:00
2019,6.0,14.0,6.0,47.0,47.0,2019-06-14 06:00:00
2019,6.0,14.0,7.0,48.51,48.51,2019-06-14 07:00:00
2019,6.0,14.0,8.0,50.66,50.66,2019-06-14 08:00:00
2019,6.0,14.0,9.0,51.2,51.2,2019-06-14 09:00:00
2019,6.0,14.0,10.0,50.87,50.87,2019-06-14 10:00:00
2019,6.0,14.0,11.0,50.02,50.02,2019-06-14 11:00:00
2019,6.0,14.0,12.0,50.0,50.0,2019-06-14 12:00:00
2019,6.0,14.0,13.0,49.95,49.95,2019-06-14 13:00:00
2019,6.0,14.0,14.0,49.85,49.85,2019-06-14 14:00:00
2019,6.0,14.0,15.0,45.94,45.94,2019-06-14 15:00:00
2019,6.0,14.0,16.0,42.54,42.54,2019-06-14 16:00:00
2019,6.0,14.0,17.0,41.02,41.02,2019-06-14 17:00:00
2019,6.0,14.0,18.0,40.13,40.13,2019-06-14 18:00:00
2019,6.0,14.0,19.0,40.01,40.01,2019-06-14 19:00:00
2019,6.0,14.0,20.0,40.13,40.13,2019-06-14 20:00:00
2019,6.0,14.0,21.0,41.55,41.55,2019-06-14 21:00:00
2019,6.0,14.0,22.0,44.39,44.39,2019-06-14 22:00:00
2019,6.0,14.0,23.0,44.76,44.76,2019-06-14 23:00:00
2019,6.0,14.0,24.0,41.54,41.54,2019-06-15 00:00:00
2019,6.0,15.0,1.0,48.86,48.86,2019-06-15 01:00:00
2019,6.0,15.0,2.0,46.33,46.33,2019-06-15 02:00:00
2019,6.0,15.0,3.0,42.87,42.87,2019-06-15 03:00:00
2019,6.0,15.0,4.0,41.53,41.53,2019-06-15 04:00:00
2019,6.0,15.0,5.0,40.06,40.06,2019-06-15 05:00:00
2019,6.0,15.0,6.0,40.01,40.01,2019-06-15 06:00:00
2019,6.0,15.0,7.0,40.56,40.56,2019-06-15 07:00:00
2019,6.0,15.0,8.0,40.6,40.6,2019-06-15 08:00:00
2019,6.0,15.0,9.0,44.99,44.99,2019-06-15 09:00:00
2019,6.0,15.0,10.0,45.75,45.75,2019-06-15 10:00:00
2019,6.0,15.0,11.0,47.0,47.0,2019-06-15 11:00:00
2019,6.0,15.0,12.0,47.96,47.96,2019-06-15 12:00:00
2019,6.0,15.0,13.0,48.95,48.95,2019-06-15 13:00:00
2019,6.0,15.0,14.0,49.45,49.45,2019-06-15 14:00:00
2019,6.0,15.0,15.0,47.15,47.15,2019-06-15 15:00:00
2019,6.0,15.0,16.0,44.3,44.3,2019-06-15 16:00:00
2019,6.0,15.0,17.0,42.0,42.0,2019-06-15 17:00:00
2019,6.0,15.0,18.0,42.0,42.0,2019-06-15 18:00:00
2019,6.0,15.0,19.0,42.53,42.53,2019-06-15 19:00:00
2019,6.0,15.0,20.0,45.01,45.01,2019-06-15 20:00:00
2019,6.0,15.0,21.0,49.45,49.45,2019-06-15 21:00:00
2019,6.0,15.0,22.0,51.45,51.45,2019-06-15 22:00:00
2019,6.0,15.0,23.0,54.12,54.12,2019-06-15 23:00:00
2019,6.0,15.0,24.0,50.66,50.66,2019-06-16 00:00:00
2019,6.0,16.0,1.0,51.45,51.45,2019-06-16 01:00:00
2019,6.0,16.0,2.0,50.74,50.74,2019-06-16 02:00:00
2019,6.0,16.0,3.0,48.95,48.95,2019-06-16 03:00:00
2019,6.0,16.0,4.0,46.4,46.4,2019-06-16 04:00:00
2019,6.0,16.0,5.0,45.75,45.75,2019-06-16 05:00:00
2019,6.0,16.0,6.0,44.3,44.3,2019-06-16 06:00:00
2019,6.0,16.0,7.0,42.29,42.29,2019-06-16 07:00:00
2019,6.0,16.0,8.0,41.63,41.63,2019-06-16 08:00:00
2019,6.0,16.0,9.0,42.29,42.29,2019-06-16 09:00:00
2019,6.0,16.0,10.0,44.34,44.34,2019-06-16 10:00:00
2019,6.0,16.0,11.0,46.01,46.01,2019-06-16 11:00:00
2019,6.0,16.0,12.0,46.18,46.18,2019-06-16 12:00:00
2019,6.0,16.0,13.0,46.85,46.85,2019-06-16 13:00:00
2019,6.0,16.0,14.0,48.6,48.6,2019-06-16 14:00:00
2019,6.0,16.0,15.0,47.41,47.41,2019-06-16 15:00:00
2019,6.0,16.0,16.0,44.34,44.34,2019-06-16 16:00:00
2019,6.0,16.0,17.0,43.76,43.76,2019-06-16 17:00:00
2019,6.0,16.0,18.0,42.9,42.9,2019-06-16 18:00:00
2019,6.0,16.0,19.0,44.0,44.0,2019-06-16 19:00:00
2019,6.0,16.0,20.0,45.6,45.6,2019-06-16 20:00:00
2019,6.0,16.0,21.0,49.89,49.89,2019-06-16 21:00:00
2019,6.0,16.0,22.0,51.94,51.94,2019-06-16 22:00:00
2019,6.0,16.0,23.0,54.64,54.64,2019-06-16 23:00:00
2019,6.0,16.0,24.0,49.89,49.89,2019-06-17 00:00:00
2019,6.0,17.0,1.0,51.69,51.69,2019-06-17 01:00:00
2019,6.0,17.0,2.0,49.96,49.96,2019-06-17 02:00:00
2019,6.0,17.0,3.0,47.67,47.67,2019-06-17 03:00:00
2019,6.0,17.0,4.0,46.07,46.07,2019-06-17 04:00:00
2019,6.0,17.0,5.0,46.07,46.07,2019-06-17 05:00:00
2019,6.0,17.0,6.0,48.95,48.95,2019-06-17 06:00:00
2019,6.0,17.0,7.0,48.5,48.5,2019-06-17 07:00:00
2019,6.0,17.0,8.0,51.45,51.45,2019-06-17 08:00:00
2019,6.0,17.0,9.0,53.07,53.07,2019-06-17 09:00:00
2019,6.0,17.0,10.0,51.85,51.85,2019-06-17 10:00:00
2019,6.0,17.0,11.0,50.99,50.99,2019-06-17 11:00:00
2019,6.0,17.0,12.0,50.66,50.66,2019-06-17 12:00:00
2019,6.0,17.0,13.0,51.2,51.2,2019-06-17 13:00:00
2019,6.0,17.0,14.0,50.95,50.95,2019-06-17 14:00:00
2019,6.0,17.0,15.0,48.56,48.56,2019-06-17 15:00:00
2019,6.0,17.0,16.0,46.85,46.85,2019-06-17 16:00:00
2019,6.0,17.0,17.0,45.94,45.94,2019-06-17 17:00:00
2019,6.0,17.0,18.0,47.0,47.0,2019-06-17 18:00:00
2019,6.0,17.0,19.0,46.72,46.72,2019-06-17 19:00:00
2019,6.0,17.0,20.0,47.52,47.52,2019-06-17 20:00:00
2019,6.0,17.0,21.0,49.62,49.62,2019-06-17 21:00:00
2019,6.0,17.0,22.0,50.87,50.87,2019-06-17 22:00:00
2019,6.0,17.0,23.0,49.89,49.89,2019-06-17 23:00:00
2019,6.0,17.0,24.0,48.51,48.51,2019-06-18 00:00:00
2019,6.0,18.0,1.0,51.45,51.45,2019-06-18 01:00:00
2019,6.0,18.0,2.0,49.51,49.51,2019-06-18 02:00:00
2019,6.0,18.0,3.0,48.62,48.62,2019-06-18 03:00:00
2019,6.0,18.0,4.0,47.0,47.0,2019-06-18 04:00:00
2019,6.0,18.0,5.0,46.0,46.0,2019-06-18 05:00:00
2019,6.0,18.0,6.0,45.95,45.95,2019-06-18 06:00:00
2019,6.0,18.0,7.0,46.01,46.01,2019-06-18 07:00:00
2019,6.0,18.0,8.0,51.45,51.45,2019-06-18 08:00:00
2019,6.0,18.0,9.0,53.89,53.89,2019-06-18 09:00:00
2019,6.0,18.0,10.0,53.0,53.0,2019-06-18 10:00:00
2019,6.0,18.0,11.0,51.0,51.0,2019-06-18 11:00:00
2019,6.0,18.0,12.0,48.5,48.5,2019-06-18 12:00:00
2019,6.0,18.0,13.0,45.9,45.9,2019-06-18 13:00:00
2019,6.0,18.0,14.0,45.58,45.58,2019-06-18 14:00:00
2019,6.0,18.0,15.0,41.67,41.67,2019-06-18 15:00:00
2019,6.0,18.0,16.0,39.51,39.51,2019-06-18 16:00:00
2019,6.0,18.0,17.0,38.13,38.13,2019-06-18 17:00:00
2019,6.0,18.0,18.0,39.51,39.51,2019-06-18 18:00:00
2019,6.0,18.0,19.0,41.06,41.06,2019-06-18 19:00:00
2019,6.0,18.0,20.0,42.05,42.05,2019-06-18 20:00:00
2019,6.0,18.0,21.0,45.2,45.2,2019-06-18 21:00:00
2019,6.0,18.0,22.0,50.66,50.66,2019-06-18 22:00:00
2019,6.0,18.0,23.0,51.2,51.2,2019-06-18 23:00:00
2019,6.0,18.0,24.0,45.61,45.61,2019-06-19 00:00:00
2019,6.0,19.0,1.0,44.93,44.93,2019-06-19 01:00:00
2019,6.0,19.0,2.0,40.9,40.9,2019-06-19 02:00:00
2019,6.0,19.0,3.0,40.11,40.11,2019-06-19 03:00:00
2019,6.0,19.0,4.0,40.01,40.01,2019-06-19 04:00:00
2019,6.0,19.0,5.0,40.01,40.01,2019-06-19 05:00:00
2019,6.0,19.0,6.0,41.77,41.77,2019-06-19 06:00:00
2019,6.0,19.0,7.0,47.0,47.0,2019-06-19 07:00:00
2019,6.0,19.0,8.0,47.98,47.98,2019-06-19 08:00:00
2019,6.0,19.0,9.0,48.5,48.5,2019-06-19 09:00:00
2019,6.0,19.0,10.0,50.37,50.37,2019-06-19 10:00:00
2019,6.0,19.0,11.0,49.56,49.56,2019-06-19 11:00:00
2019,6.0,19.0,12.0,49.0,49.0,2019-06-19 12:00:00
2019,6.0,19.0,13.0,51.2,51.2,2019-06-19 13:00:00
2019,6.0,19.0,14.0,51.0,51.0,2019-06-19 14:00:00
2019,6.0,19.0,15.0,48.07,48.07,2019-06-19 15:00:00
2019,6.0,19.0,16.0,46.0,46.0,2019-06-19 16:00:00
2019,6.0,19.0,17.0,47.0,47.0,2019-06-19 17:00:00
2019,6.0,19.0,18.0,47.04,47.04,2019-06-19 18:00:00
2019,6.0,19.0,19.0,47.03,47.03,2019-06-19 19:00:00
2019,6.0,19.0,20.0,48.0,48.0,2019-06-19 20:00:00
2019,6.0,19.0,21.0,49.0,49.0,2019-06-19 21:00:00
2019,6.0,19.0,22.0,52.33,52.33,2019-06-19 22:00:00
2019,6.0,19.0,23.0,50.99,50.99,2019-06-19 23:00:00
2019,6.0,19.0,24.0,50.0,50.0,2019-06-20 00:00:00
2019,6.0,20.0,1.0,50.1,50.1,2019-06-20 01:00:00
2019,6.0,20.0,2.0,46.43,46.43,2019-06-20 02:00:00
2019,6.0,20.0,3.0,43.25,43.25,2019-06-20 03:00:00
2019,6.0,20.0,4.0,41.86,41.86,2019-06-20 04:00:00
2019,6.0,20.0,5.0,41.77,41.77,2019-06-20 05:00:00
2019,6.0,20.0,6.0,43.55,43.55,2019-06-20 06:00:00
2019,6.0,20.0,7.0,45.13,45.13,2019-06-20 07:00:00
2019,6.0,20.0,8.0,48.07,48.07,2019-06-20 08:00:00
2019,6.0,20.0,9.0,49.0,49.0,2019-06-20 09:00:00
2019,6.0,20.0,10.0,50.0,50.0,2019-06-20 10:00:00
2019,6.0,20.0,11.0,50.0,50.0,2019-06-20 11:00:00
2019,6.0,20.0,12.0,50.1,50.1,2019-06-20 12:00:00
2019,6.0,20.0,13.0,51.0,51.0,2019-06-20 13:00:00
2019,6.0,20.0,14.0,50.33,50.33,2019-06-20 14:00:00
2019,6.0,20.0,15.0,47.11,47.11,2019-06-20 15:00:00
2019,6.0,20.0,16.0,47.0,47.0,2019-06-20 16:00:00
2019,6.0,20.0,17.0,45.55,45.55,2019-06-20 17:00:00
2019,6.0,20.0,18.0,44.51,44.51,2019-06-20 18:00:00
2019,6.0,20.0,19.0,44.0,44.0,2019-06-20 19:00:00
2019,6.0,20.0,20.0,43.85,43.85,2019-06-20 20:00:00
2019,6.0,20.0,21.0,45.4,45.4,2019-06-20 21:00:00
2019,6.0,20.0,22.0,48.07,48.07,2019-06-20 22:00:00
2019,6.0,20.0,23.0,47.04,47.04,2019-06-20 23:00:00
2019,6.0,20.0,24.0,44.51,44.51,2019-06-21 00:00:00
2019,6.0,21.0,1.0,45.93,45.93,2019-06-21 01:00:00
2019,6.0,21.0,2.0,44.4,44.4,2019-06-21 02:00:00
2019,6.0,21.0,3.0,42.53,42.53,2019-06-21 03:00:00
2019,6.0,21.0,4.0,41.87,41.87,2019-06-21 04:00:00
2019,6.0,21.0,5.0,41.91,41.91,2019-06-21 05:00:00
2019,6.0,21.0,6.0,43.14,43.14,2019-06-21 06:00:00
2019,6.0,21.0,7.0,45.73,45.73,2019-06-21 07:00:00
2019,6.0,21.0,8.0,48.66,48.66,2019-06-21 08:00:00
2019,6.0,21.0,9.0,47.41,47.41,2019-06-21 09:00:00
2019,6.0,21.0,10.0,48.07,48.07,2019-06-21 10:00:00
2019,6.0,21.0,11.0,48.34,48.34,2019-06-21 11:00:00
2019,6.0,21.0,12.0,48.9,48.9,2019-06-21 12:00:00
2019,6.0,21.0,13.0,50.03,50.03,2019-06-21 13:00:00
2019,6.0,21.0,14.0,49.81,49.81,2019-06-21 14:00:00
2019,6.0,21.0,15.0,49.0,49.0,2019-06-21 15:00:00
2019,6.0,21.0,16.0,46.96,46.96,2019-06-21 16:00:00
2019,6.0,21.0,17.0,46.42,46.42,2019-06-21 17:00:00
2019,6.0,21.0,18.0,45.93,45.93,2019-06-21 18:00:00
2019,6.0,21.0,19.0,45.75,45.75,2019-06-21 19:00:00
2019,6.0,21.0,20.0,46.01,46.01,2019-06-21 20:00:00
2019,6.0,21.0,21.0,48.15,48.15,2019-06-21 21:00:00
2019,6.0,21.0,22.0,49.0,49.0,2019-06-21 22:00:00
2019,6.0,21.0,23.0,48.88,48.88,2019-06-21 23:00:00
2019,6.0,21.0,24.0,48.51,48.51,2019-06-22 00:00:00
2019,6.0,22.0,1.0,49.86,49.86,2019-06-22 01:00:00
2019,6.0,22.0,2.0,48.32,48.32,2019-06-22 02:00:00
2019,6.0,22.0,3.0,45.99,45.99,2019-06-22 03:00:00
2019,6.0,22.0,4.0,45.4,45.4,2019-06-22 04:00:00
2019,6.0,22.0,5.0,45.96,45.96,2019-06-22 05:00:00
2019,6.0,22.0,6.0,45.42,45.42,2019-06-22 06:00:00
2019,6.0,22.0,7.0,44.0,44.0,2019-06-22 07:00:00
2019,6.0,22.0,8.0,43.0,43.0,2019-06-22 08:00:00
2019,6.0,22.0,9.0,45.9,45.9,2019-06-22 09:00:00
2019,6.0,22.0,10.0,48.48,48.48,2019-06-22 10:00:00
2019,6.0,22.0,11.0,48.16,48.16,2019-06-22 11:00:00
2019,6.0,22.0,12.0,48.0,48.0,2019-06-22 12:00:00
2019,6.0,22.0,13.0,48.07,48.07,2019-06-22 13:00:00
2019,6.0,22.0,14.0,46.83,46.83,2019-06-22 14:00:00
2019,6.0,22.0,15.0,45.37,45.37,2019-06-22 15:00:00
2019,6.0,22.0,16.0,43.72,43.72,2019-06-22 16:00:00
2019,6.0,22.0,17.0,42.51,42.51,2019-06-22 17:00:00
2019,6.0,22.0,18.0,42.51,42.51,2019-06-22 18:00:00
2019,6.0,22.0,19.0,43.37,43.37,2019-06-22 19:00:00
2019,6.0,22.0,20.0,44.51,44.51,2019-06-22 20:00:00
2019,6.0,22.0,21.0,47.01,47.01,2019-06-22 21:00:00
2019,6.0,22.0,22.0,49.0,49.0,2019-06-22 22:00:00
2019,6.0,22.0,23.0,49.61,49.61,2019-06-22 23:00:00
2019,6.0,22.0,24.0,47.53,47.53,2019-06-23 00:00:00
2019,6.0,23.0,1.0,45.01,45.01,2019-06-23 01:00:00
2019,6.0,23.0,2.0,42.86,42.86,2019-06-23 02:00:00
2019,6.0,23.0,3.0,40.18,40.18,2019-06-23 03:00:00
2019,6.0,23.0,4.0,38.85,38.85,2019-06-23 04:00:00
2019,6.0,23.0,5.0,38.4,38.4,2019-06-23 05:00:00
2019,6.0,23.0,6.0,38.8,38.8,2019-06-23 06:00:00
2019,6.0,23.0,7.0,38.35,38.35,2019-06-23 07:00:00
2019,6.0,23.0,8.0,38.35,38.35,2019-06-23 08:00:00
2019,6.0,23.0,9.0,42.0,42.0,2019-06-23 09:00:00
2019,6.0,23.0,10.0,42.7,42.7,2019-06-23 10:00:00
2019,6.0,23.0,11.0,43.15,43.15,2019-06-23 11:00:00
2019,6.0,23.0,12.0,43.15,43.15,2019-06-23 12:00:00
2019,6.0,23.0,13.0,43.42,43.42,2019-06-23 13:00:00
2019,6.0,23.0,14.0,43.14,43.14,2019-06-23 14:00:00
2019,6.0,23.0,15.0,42.0,42.0,2019-06-23 15:00:00
2019,6.0,23.0,16.0,38.35,38.0,2019-06-23 16:00:00
2019,6.0,23.0,17.0,38.35,35.0,2019-06-23 17:00:00
2019,6.0,23.0,18.0,38.35,38.0,2019-06-23 18:00:00
2019,6.0,23.0,19.0,39.17,39.17,2019-06-23 19:00:00
2019,6.0,23.0,20.0,43.15,43.15,2019-06-23 20:00:00
2019,6.0,23.0,21.0,48.8,48.8,2019-06-23 21:00:00
2019,6.0,23.0,22.0,52.55,52.55,2019-06-23 22:00:00
2019,6.0,23.0,23.0,55.0,55.0,2019-06-23 23:00:00
2019,6.0,23.0,24.0,52.55,52.55,2019-06-24 00:00:00
2019,6.0,24.0,1.0,51.0,51.0,2019-06-24 01:00:00
2019,6.0,24.0,2.0,49.0,49.0,2019-06-24 02:00:00
2019,6.0,24.0,3.0,47.0,47.0,2019-06-24 03:00:00
2019,6.0,24.0,4.0,46.32,46.32,2019-06-24 04:00:00
2019,6.0,24.0,5.0,46.78,46.78,2019-06-24 05:00:00
2019,6.0,24.0,6.0,48.0,48.0,2019-06-24 06:00:00
2019,6.0,24.0,7.0,48.8,48.8,2019-06-24 07:00:00
2019,6.0,24.0,8.0,48.22,48.22,2019-06-24 08:00:00
2019,6.0,24.0,9.0,49.0,49.0,2019-06-24 09:00:00
2019,6.0,24.0,10.0,50.67,50.67,2019-06-24 10:00:00
2019,6.0,24.0,11.0,50.5,50.5,2019-06-24 11:00:00
2019,6.0,24.0,12.0,50.1,50.1,2019-06-24 12:00:00
2019,6.0,24.0,13.0,50.0,50.0,2019-06-24 13:00:00
2019,6.0,24.0,14.0,49.0,49.0,2019-06-24 14:00:00
2019,6.0,24.0,15.0,49.0,49.0,2019-06-24 15:00:00
2019,6.0,24.0,16.0,47.01,47.01,2019-06-24 16:00:00
2019,6.0,24.0,17.0,47.01,47.01,2019-06-24 17:00:00
2019,6.0,24.0,18.0,47.01,47.01,2019-06-24 18:00:00
2019,6.0,24.0,19.0,47.16,47.16,2019-06-24 19:00:00
2019,6.0,24.0,20.0,48.07,48.07,2019-06-24 20:00:00
2019,6.0,24.0,21.0,48.0,48.0,2019-06-24 21:00:00
2019,6.0,24.0,22.0,50.0,50.0,2019-06-24 22:00:00
2019,6.0,24.0,23.0,50.0,50.0,2019-06-24 23:00:00
2019,6.0,24.0,24.0,49.0,49.0,2019-06-25 00:00:00
2019,6.0,25.0,1.0,52.0,52.0,2019-06-25 01:00:00
2019,6.0,25.0,2.0,51.5,51.5,2019-06-25 02:00:00
2019,6.0,25.0,3.0,51.03,51.03,2019-06-25 03:00:00
2019,6.0,25.0,4.0,50.5,50.5,2019-06-25 04:00:00
2019,6.0,25.0,5.0,50.5,50.5,2019-06-25 05:00:00
2019,6.0,25.0,6.0,50.36,50.36,2019-06-25 06:00:00
2019,6.0,25.0,7.0,48.85,48.85,2019-06-25 07:00:00
2019,6.0,25.0,8.0,50.01,50.01,2019-06-25 08:00:00
2019,6.0,25.0,9.0,51.52,51.52,2019-06-25 09:00:00
2019,6.0,25.0,10.0,51.84,51.84,2019-06-25 10:00:00
2019,6.0,25.0,11.0,51.45,51.45,2019-06-25 11:00:00
2019,6.0,25.0,12.0,51.03,51.03,2019-06-25 12:00:00
2019,6.0,25.0,13.0,51.02,51.02,2019-06-25 13:00:00
2019,6.0,25.0,14.0,51.02,51.02,2019-06-25 14:00:00
2019,6.0,25.0,15.0,49.51,49.51,2019-06-25 15:00:00
2019,6.0,25.0,16.0,47.2,47.2,2019-06-25 16:00:00
2019,6.0,25.0,17.0,47.16,47.16,2019-06-25 17:00:00
2019,6.0,25.0,18.0,47.2,47.2,2019-06-25 18:00:00
2019,6.0,25.0,19.0,47.08,47.08,2019-06-25 19:00:00
2019,6.0,25.0,20.0,49.0,49.0,2019-06-25 20:00:00
2019,6.0,25.0,21.0,50.51,50.51,2019-06-25 21:00:00
2019,6.0,25.0,22.0,51.03,51.03,2019-06-25 22:00:00
2019,6.0,25.0,23.0,51.0,51.0,2019-06-25 23:00:00
2019,6.0,25.0,24.0,49.45,49.45,2019-06-26 00:00:00
2019,6.0,26.0,1.0,49.45,49.45,2019-06-26 01:00:00
2019,6.0,26.0,2.0,46.04,46.04,2019-06-26 02:00:00
2019,6.0,26.0,3.0,43.49,43.49,2019-06-26 03:00:00
2019,6.0,26.0,4.0,43.01,43.01,2019-06-26 04:00:00
2019,6.0,26.0,5.0,44.07,44.07,2019-06-26 05:00:00
2019,6.0,26.0,6.0,45.37,45.37,2019-06-26 06:00:00
2019,6.0,26.0,7.0,45.37,45.37,2019-06-26 07:00:00
2019,6.0,26.0,8.0,47.36,47.36,2019-06-26 08:00:00
2019,6.0,26.0,9.0,50.5,50.5,2019-06-26 09:00:00
2019,6.0,26.0,10.0,51.03,51.03,2019-06-26 10:00:00
2019,6.0,26.0,11.0,51.01,51.01,2019-06-26 11:00:00
2019,6.0,26.0,12.0,49.0,49.0,2019-06-26 12:00:00
2019,6.0,26.0,13.0,48.2,48.2,2019-06-26 13:00:00
2019,6.0,26.0,14.0,48.42,48.42,2019-06-26 14:00:00
2019,6.0,26.0,15.0,45.74,45.74,2019-06-26 15:00:00
2019,6.0,26.0,16.0,44.38,44.38,2019-06-26 16:00:00
2019,6.0,26.0,17.0,44.37,44.37,2019-06-26 17:00:00
2019,6.0,26.0,18.0,44.38,44.38,2019-06-26 18:00:00
2019,6.0,26.0,19.0,45.0,45.0,2019-06-26 19:00:00
2019,6.0,26.0,20.0,46.92,46.92,2019-06-26 20:00:00
2019,6.0,26.0,21.0,51.02,51.02,2019-06-26 21:00:00
2019,6.0,26.0,22.0,51.53,51.53,2019-06-26 22:00:00
2019,6.0,26.0,23.0,51.45,51.45,2019-06-26 23:00:00
2019,6.0,26.0,24.0,47.52,47.52,2019-06-27 00:00:00
2019,6.0,27.0,1.0,51.6,51.6,2019-06-27 01:00:00
2019,6.0,27.0,2.0,51.0,51.0,2019-06-27 02:00:00
2019,6.0,27.0,3.0,48.04,48.04,2019-06-27 03:00:00
2019,6.0,27.0,4.0,46.79,46.79,2019-06-27 04:00:00
2019,6.0,27.0,5.0,46.1,46.1,2019-06-27 05:00:00
2019,6.0,27.0,6.0,47.57,47.57,2019-06-27 06:00:00
2019,6.0,27.0,7.0,47.08,47.08,2019-06-27 07:00:00
2019,6.0,27.0,8.0,50.5,50.5,2019-06-27 08:00:00
2019,6.0,27.0,9.0,51.0,51.0,2019-06-27 09:00:00
2019,6.0,27.0,10.0,51.8,51.8,2019-06-27 10:00:00
2019,6.0,27.0,11.0,51.6,51.6,2019-06-27 11:00:00
2019,6.0,27.0,12.0,51.0,51.0,2019-06-27 12:00:00
2019,6.0,27.0,13.0,51.11,51.11,2019-06-27 13:00:00
2019,6.0,27.0,14.0,50.5,50.5,2019-06-27 14:00:00
2019,6.0,27.0,15.0,47.53,47.53,2019-06-27 15:00:00
2019,6.0,27.0,16.0,45.54,45.54,2019-06-27 16:00:00
2019,6.0,27.0,17.0,45.54,45.54,2019-06-27 17:00:00
2019,6.0,27.0,18.0,46.8,46.8,2019-06-27 18:00:00
2019,6.0,27.0,19.0,47.08,47.08,2019-06-27 19:00:00
2019,6.0,27.0,20.0,50.45,50.45,2019-06-27 20:00:00
2019,6.0,27.0,21.0,51.85,51.85,2019-06-27 21:00:00
2019,6.0,27.0,22.0,52.89,52.89,2019-06-27 22:00:00
2019,6.0,27.0,23.0,52.89,52.89,2019-06-27 23:00:00
2019,6.0,27.0,24.0,52.48,52.48,2019-06-28 00:00:00
2019,6.0,28.0,1.0,53.19,53.19,2019-06-28 01:00:00
2019,6.0,28.0,2.0,51.78,51.78,2019-06-28 02:00:00
2019,6.0,28.0,3.0,51.2,51.2,2019-06-28 03:00:00
2019,6.0,28.0,4.0,51.2,51.2,2019-06-28 04:00:00
2019,6.0,28.0,5.0,51.2,51.2,2019-06-28 05:00:00
2019,6.0,28.0,6.0,51.53,51.53,2019-06-28 06:00:00
2019,6.0,28.0,7.0,51.2,51.2,2019-06-28 07:00:00
2019,6.0,28.0,8.0,50.55,50.55,2019-06-28 08:00:00
2019,6.0,28.0,9.0,52.48,52.48,2019-06-28 09:00:00
2019,6.0,28.0,10.0,53.34,53.34,2019-06-28 10:00:00
2019,6.0,28.0,11.0,53.52,53.52,2019-06-28 11:00:00
2019,6.0,28.0,12.0,53.52,53.52,2019-06-28 12:00:00
2019,6.0,28.0,13.0,53.69,53.69,2019-06-28 13:00:00
2019,6.0,28.0,14.0,53.69,53.69,2019-06-28 14:00:00
2019,6.0,28.0,15.0,53.19,53.19,2019-06-28 15:00:00
2019,6.0,28.0,16.0,51.77,51.77,2019-06-28 16:00:00
2019,6.0,28.0,17.0,51.36,51.36,2019-06-28 17:00:00
2019,6.0,28.0,18.0,51.2,51.2,2019-06-28 18:00:00
2019,6.0,28.0,19.0,51.01,51.01,2019-06-28 19:00:00
2019,6.0,28.0,20.0,51.2,51.2,2019-06-28 20:00:00
2019,6.0,28.0,21.0,51.45,51.45,2019-06-28 21:00:00
2019,6.0,28.0,22.0,51.45,51.45,2019-06-28 22:00:00
2019,6.0,28.0,23.0,51.2,51.2,2019-06-28 23:00:00
2019,6.0,28.0,24.0,50.66,50.66,2019-06-29 00:00:00
2019,6.0,29.0,1.0,51.45,51.45,2019-06-29 01:00:00
2019,6.0,29.0,2.0,49.5,49.5,2019-06-29 02:00:00
2019,6.0,29.0,3.0,49.42,49.42,2019-06-29 03:00:00
2019,6.0,29.0,4.0,49.5,49.5,2019-06-29 04:00:00
2019,6.0,29.0,5.0,50.0,50.0,2019-06-29 05:00:00
2019,6.0,29.0,6.0,50.1,50.1,2019-06-29 06:00:00
2019,6.0,29.0,7.0,45.91,45.91,2019-06-29 07:00:00
2019,6.0,29.0,8.0,45.91,45.91,2019-06-29 08:00:00
2019,6.0,29.0,9.0,48.5,48.5,2019-06-29 09:00:00
2019,6.0,29.0,10.0,50.4,50.4,2019-06-29 10:00:00
2019,6.0,29.0,11.0,50.1,50.1,2019-06-29 11:00:00
2019,6.0,29.0,12.0,50.11,50.11,2019-06-29 12:00:00
2019,6.0,29.0,13.0,51.0,51.0,2019-06-29 13:00:00
2019,6.0,29.0,14.0,51.2,51.2,2019-06-29 14:00:00
2019,6.0,29.0,15.0,49.63,49.63,2019-06-29 15:00:00
2019,6.0,29.0,16.0,48.35,48.35,2019-06-29 16:00:00
2019,6.0,29.0,17.0,47.0,47.0,2019-06-29 17:00:00
2019,6.0,29.0,18.0,47.24,47.24,2019-06-29 18:00:00
2019,6.0,29.0,19.0,48.22,48.22,2019-06-29 19:00:00
2019,6.0,29.0,20.0,48.97,48.97,2019-06-29 20:00:00
2019,6.0,29.0,21.0,50.1,50.1,2019-06-29 21:00:00
2019,6.0,29.0,22.0,50.66,50.66,2019-06-29 22:00:00
2019,6.0,29.0,23.0,50.11,50.11,2019-06-29 23:00:00
2019,6.0,29.0,24.0,48.96,48.96,2019-06-30 00:00:00
2019,6.0,30.0,1.0,47.4,47.4,2019-06-30 01:00:00
2019,6.0,30.0,2.0,47.51,47.51,2019-06-30 02:00:00
2019,6.0,30.0,3.0,46.0,46.0,2019-06-30 03:00:00
2019,6.0,30.0,4.0,45.81,45.81,2019-06-30 04:00:00
2019,6.0,30.0,5.0,45.97,45.97,2019-06-30 05:00:00
2019,6.0,30.0,6.0,47.0,47.0,2019-06-30 06:00:00
2019,6.0,30.0,7.0,44.57,44.57,2019-06-30 07:00:00
2019,6.0,30.0,8.0,45.0,45.0,2019-06-30 08:00:00
2019,6.0,30.0,9.0,45.73,45.73,2019-06-30 09:00:00
2019,6.0,30.0,10.0,45.8,45.8,2019-06-30 10:00:00
2019,6.0,30.0,11.0,46.0,46.0,2019-06-30 11:00:00
2019,6.0,30.0,12.0,46.16,46.16,2019-06-30 12:00:00
2019,6.0,30.0,13.0,46.63,46.63,2019-06-30 13:00:00
2019,6.0,30.0,14.0,48.58,48.58,2019-06-30 14:00:00
2019,6.0,30.0,15.0,47.0,47.0,2019-06-30 15:00:00
2019,6.0,30.0,16.0,45.38,45.38,2019-06-30 16:00:00
2019,6.0,30.0,17.0,44.0,44.0,2019-06-30 17:00:00
2019,6.0,30.0,18.0,43.37,43.37,2019-06-30 18:00:00
2019,6.0,30.0,19.0,42.84,42.84,2019-06-30 19:00:00
2019,6.0,30.0,20.0,44.36,44.36,2019-06-30 20:00:00
2019,6.0,30.0,21.0,47.97,47.97,2019-06-30 21:00:00
2019,6.0,30.0,22.0,52.69,52.69,2019-06-30 22:00:00
2019,6.0,30.0,23.0,53.88,53.88,2019-06-30 23:00:00
2019,6.0,30.0,24.0,51.24,51.24,2019-07-01 00:00:00
2019,7.0,1.0,1.0,50.36,50.36,2019-07-01 01:00:00
2019,7.0,1.0,2.0,44.59,44.59,2019-07-01 02:00:00
2019,7.0,1.0,3.0,42.41,42.41,2019-07-01 03:00:00
2019,7.0,1.0,4.0,40.9,40.9,2019-07-01 04:00:00
2019,7.0,1.0,5.0,40.9,40.9,2019-07-01 05:00:00
2019,7.0,1.0,6.0,42.41,42.41,2019-07-01 06:00:00
2019,7.0,1.0,7.0,44.81,44.81,2019-07-01 07:00:00
2019,7.0,1.0,8.0,50.16,50.16,2019-07-01 08:00:00
2019,7.0,1.0,9.0,50.89,50.89,2019-07-01 09:00:00
2019,7.0,1.0,10.0,51.2,51.2,2019-07-01 10:00:00
2019,7.0,1.0,11.0,51.45,51.45,2019-07-01 11:00:00
2019,7.0,1.0,12.0,51.85,51.85,2019-07-01 12:00:00
2019,7.0,1.0,13.0,53.19,53.19,2019-07-01 13:00:00
2019,7.0,1.0,14.0,53.19,53.19,2019-07-01 14:00:00
2019,7.0,1.0,15.0,51.64,51.64,2019-07-01 15:00:00
2019,7.0,1.0,16.0,50.03,50.03,2019-07-01 16:00:00
2019,7.0,1.0,17.0,48.38,48.38,2019-07-01 17:00:00
2019,7.0,1.0,18.0,48.1,48.1,2019-07-01 18:00:00
2019,7.0,1.0,19.0,47.38,47.38,2019-07-01 19:00:00
2019,7.0,1.0,20.0,46.46,46.46,2019-07-01 20:00:00
2019,7.0,1.0,21.0,49.1,49.1,2019-07-01 21:00:00
2019,7.0,1.0,22.0,51.45,51.45,2019-07-01 22:00:00
2019,7.0,1.0,23.0,50.76,50.76,2019-07-01 23:00:00
2019,7.0,1.0,24.0,48.12,48.12,2019-07-02 00:00:00
2019,7.0,2.0,1.0,50.66,50.66,2019-07-02 01:00:00
2019,7.0,2.0,2.0,44.0,44.0,2019-07-02 02:00:00
2019,7.0,2.0,3.0,40.97,40.97,2019-07-02 03:00:00
2019,7.0,2.0,4.0,40.66,40.66,2019-07-02 04:00:00
2019,7.0,2.0,5.0,40.66,40.66,2019-07-02 05:00:00
2019,7.0,2.0,6.0,41.07,41.07,2019-07-02 06:00:00
2019,7.0,2.0,7.0,44.4,44.4,2019-07-02 07:00:00
2019,7.0,2.0,8.0,45.85,45.85,2019-07-02 08:00:00
2019,7.0,2.0,9.0,50.11,50.11,2019-07-02 09:00:00
2019,7.0,2.0,10.0,51.2,51.2,2019-07-02 10:00:00
2019,7.0,2.0,11.0,51.81,51.81,2019-07-02 11:00:00
2019,7.0,2.0,12.0,52.69,52.69,2019-07-02 12:00:00
2019,7.0,2.0,13.0,53.69,53.69,2019-07-02 13:00:00
2019,7.0,2.0,14.0,53.77,53.77,2019-07-02 14:00:00
2019,7.0,2.0,15.0,53.13,53.13,2019-07-02 15:00:00
2019,7.0,2.0,16.0,51.95,51.95,2019-07-02 16:00:00
2019,7.0,2.0,17.0,51.64,51.64,2019-07-02 17:00:00
2019,7.0,2.0,18.0,51.45,51.45,2019-07-02 18:00:00
2019,7.0,2.0,19.0,50.78,50.78,2019-07-02 19:00:00
2019,7.0,2.0,20.0,50.11,50.11,2019-07-02 20:00:00
2019,7.0,2.0,21.0,50.11,50.11,2019-07-02 21:00:00
2019,7.0,2.0,22.0,50.76,50.76,2019-07-02 22:00:00
2019,7.0,2.0,23.0,50.11,50.11,2019-07-02 23:00:00
2019,7.0,2.0,24.0,49.8,49.8,2019-07-03 00:00:00
2019,7.0,3.0,1.0,51.53,51.53,2019-07-03 01:00:00
2019,7.0,3.0,2.0,47.42,47.42,2019-07-03 02:00:00
2019,7.0,3.0,3.0,43.75,43.75,2019-07-03 03:00:00
2019,7.0,3.0,4.0,42.49,42.49,2019-07-03 04:00:00
2019,7.0,3.0,5.0,42.5,42.5,2019-07-03 05:00:00
2019,7.0,3.0,6.0,45.0,45.0,2019-07-03 06:00:00
2019,7.0,3.0,7.0,47.5,47.5,2019-07-03 07:00:00
2019,7.0,3.0,8.0,50.1,50.1,2019-07-03 08:00:00
2019,7.0,3.0,9.0,52.49,52.49,2019-07-03 09:00:00
2019,7.0,3.0,10.0,53.5,53.5,2019-07-03 10:00:00
2019,7.0,3.0,11.0,53.69,53.69,2019-07-03 11:00:00
2019,7.0,3.0,12.0,53.7,53.7,2019-07-03 12:00:00
2019,7.0,3.0,13.0,53.95,53.95,2019-07-03 13:00:00
2019,7.0,3.0,14.0,53.99,53.99,2019-07-03 14:00:00
2019,7.0,3.0,15.0,53.69,53.69,2019-07-03 15:00:00
2019,7.0,3.0,16.0,53.19,53.19,2019-07-03 16:00:00
2019,7.0,3.0,17.0,53.19,53.19,2019-07-03 17:00:00
2019,7.0,3.0,18.0,53.3,53.3,2019-07-03 18:00:00
2019,7.0,3.0,19.0,53.01,53.01,2019-07-03 19:00:00
2019,7.0,3.0,20.0,53.19,53.19,2019-07-03 20:00:00
2019,7.0,3.0,21.0,53.19,53.19,2019-07-03 21:00:00
2019,7.0,3.0,22.0,53.69,53.69,2019-07-03 22:00:00
2019,7.0,3.0,23.0,53.3,53.3,2019-07-03 23:00:00
2019,7.0,3.0,24.0,51.49,51.49,2019-07-04 00:00:00
2019,7.0,4.0,1.0,53.88,53.88,2019-07-04 01:00:00
2019,7.0,4.0,2.0,51.01,51.01,2019-07-04 02:00:00
2019,7.0,4.0,3.0,48.24,48.24,2019-07-04 03:00:00
2019,7.0,4.0,4.0,47.0,47.0,2019-07-04 04:00:00
2019,7.0,4.0,5.0,47.11,47.11,2019-07-04 05:00:00
2019,7.0,4.0,6.0,50.0,50.0,2019-07-04 06:00:00
2019,7.0,4.0,7.0,50.08,50.08,2019-07-04 07:00:00
2019,7.0,4.0,8.0,53.95,53.95,2019-07-04 08:00:00
2019,7.0,4.0,9.0,54.51,54.51,2019-07-04 09:00:00
2019,7.0,4.0,10.0,55.0,55.0,2019-07-04 10:00:00
2019,7.0,4.0,11.0,55.05,55.05,2019-07-04 11:00:00
2019,7.0,4.0,12.0,54.7,54.7,2019-07-04 12:00:00
2019,7.0,4.0,13.0,55.05,55.05,2019-07-04 13:00:00
2019,7.0,4.0,14.0,55.05,55.05,2019-07-04 14:00:00
2019,7.0,4.0,15.0,54.44,54.44,2019-07-04 15:00:00
2019,7.0,4.0,16.0,53.95,53.95,2019-07-04 16:00:00
2019,7.0,4.0,17.0,53.88,53.88,2019-07-04 17:00:00
2019,7.0,4.0,18.0,53.95,53.95,2019-07-04 18:00:00
2019,7.0,4.0,19.0,53.95,53.95,2019-07-04 19:00:00
2019,7.0,4.0,20.0,54.08,54.08,2019-07-04 20:00:00
2019,7.0,4.0,21.0,54.63,54.63,2019-07-04 21:00:00
2019,7.0,4.0,22.0,55.08,55.08,2019-07-04 22:00:00
2019,7.0,4.0,23.0,55.08,55.08,2019-07-04 23:00:00
2019,7.0,4.0,24.0,53.88,53.88,2019-07-05 00:00:00
2019,7.0,5.0,1.0,58.0,58.0,2019-07-05 01:00:00
2019,7.0,5.0,2.0,56.83,56.83,2019-07-05 02:00:00
2019,7.0,5.0,3.0,55.04,55.04,2019-07-05 03:00:00
2019,7.0,5.0,4.0,54.0,54.0,2019-07-05 04:00:00
2019,7.0,5.0,5.0,54.03,54.03,2019-07-05 05:00:00
2019,7.0,5.0,6.0,55.6,55.6,2019-07-05 06:00:00
2019,7.0,5.0,7.0,54.55,54.55,2019-07-05 07:00:00
2019,7.0,5.0,8.0,56.05,56.05,2019-07-05 08:00:00
2019,7.0,5.0,9.0,56.5,56.5,2019-07-05 09:00:00
2019,7.0,5.0,10.0,57.5,57.5,2019-07-05 10:00:00
2019,7.0,5.0,11.0,57.5,57.5,2019-07-05 11:00:00
2019,7.0,5.0,12.0,57.55,57.55,2019-07-05 12:00:00
2019,7.0,5.0,13.0,57.9,57.9,2019-07-05 13:00:00
2019,7.0,5.0,14.0,57.9,57.9,2019-07-05 14:00:00
2019,7.0,5.0,15.0,56.9,56.9,2019-07-05 15:00:00
2019,7.0,5.0,16.0,55.51,55.51,2019-07-05 16:00:00
2019,7.0,5.0,17.0,54.55,54.55,2019-07-05 17:00:00
2019,7.0,5.0,18.0,54.5,54.5,2019-07-05 18:00:00
2019,7.0,5.0,19.0,54.03,54.03,2019-07-05 19:00:00
2019,7.0,5.0,20.0,54.85,54.85,2019-07-05 20:00:00
2019,7.0,5.0,21.0,55.75,55.75,2019-07-05 21:00:00
2019,7.0,5.0,22.0,57.14,57.14,2019-07-05 22:00:00
2019,7.0,5.0,23.0,57.0,57.0,2019-07-05 23:00:00
2019,7.0,5.0,24.0,55.39,55.39,2019-07-06 00:00:00
2019,7.0,6.0,1.0,58.08,58.08,2019-07-06 01:00:00
2019,7.0,6.0,2.0,57.47,57.47,2019-07-06 02:00:00
2019,7.0,6.0,3.0,55.8,55.8,2019-07-06 03:00:00
2019,7.0,6.0,4.0,55.0,55.0,2019-07-06 04:00:00
2019,7.0,6.0,5.0,55.0,55.0,2019-07-06 05:00:00
2019,7.0,6.0,6.0,54.0,54.0,2019-07-06 06:00:00
2019,7.0,6.0,7.0,47.49,47.49,2019-07-06 07:00:00
2019,7.0,6.0,8.0,49.16,49.16,2019-07-06 08:00:00
2019,7.0,6.0,9.0,52.92,52.92,2019-07-06 09:00:00
2019,7.0,6.0,10.0,53.95,53.95,2019-07-06 10:00:00
2019,7.0,6.0,11.0,53.95,53.95,2019-07-06 11:00:00
2019,7.0,6.0,12.0,53.7,53.7,2019-07-06 12:00:00
2019,7.0,6.0,13.0,53.7,53.7,2019-07-06 13:00:00
2019,7.0,6.0,14.0,53.01,53.01,2019-07-06 14:00:00
2019,7.0,6.0,15.0,50.46,50.46,2019-07-06 15:00:00
2019,7.0,6.0,16.0,46.44,46.44,2019-07-06 16:00:00
2019,7.0,6.0,17.0,45.07,45.07,2019-07-06 17:00:00
2019,7.0,6.0,18.0,44.87,44.87,2019-07-06 18:00:00
2019,7.0,6.0,19.0,45.42,45.42,2019-07-06 19:00:00
2019,7.0,6.0,20.0,46.44,46.44,2019-07-06 20:00:00
2019,7.0,6.0,21.0,50.36,50.36,2019-07-06 21:00:00
2019,7.0,6.0,22.0,53.49,53.49,2019-07-06 22:00:00
2019,7.0,6.0,23.0,53.7,53.7,2019-07-06 23:00:00
2019,7.0,6.0,24.0,53.3,53.3,2019-07-07 00:00:00
2019,7.0,7.0,1.0,56.78,56.78,2019-07-07 01:00:00
2019,7.0,7.0,2.0,56.32,56.32,2019-07-07 02:00:00
2019,7.0,7.0,3.0,55.17,55.17,2019-07-07 03:00:00
2019,7.0,7.0,4.0,50.01,50.01,2019-07-07 04:00:00
2019,7.0,7.0,5.0,48.41,48.41,2019-07-07 05:00:00
2019,7.0,7.0,6.0,48.24,48.24,2019-07-07 06:00:00
2019,7.0,7.0,7.0,45.17,45.17,2019-07-07 07:00:00
2019,7.0,7.0,8.0,44.31,44.31,2019-07-07 08:00:00
2019,7.0,7.0,9.0,45.96,45.96,2019-07-07 09:00:00
2019,7.0,7.0,10.0,47.08,47.08,2019-07-07 10:00:00
2019,7.0,7.0,11.0,48.17,48.17,2019-07-07 11:00:00
2019,7.0,7.0,12.0,50.0,50.0,2019-07-07 12:00:00
2019,7.0,7.0,13.0,52.97,52.97,2019-07-07 13:00:00
2019,7.0,7.0,14.0,54.52,54.52,2019-07-07 14:00:00
2019,7.0,7.0,15.0,53.5,53.5,2019-07-07 15:00:00
2019,7.0,7.0,16.0,49.07,49.07,2019-07-07 16:00:00
2019,7.0,7.0,17.0,46.53,46.53,2019-07-07 17:00:00
2019,7.0,7.0,18.0,45.18,45.18,2019-07-07 18:00:00
2019,7.0,7.0,19.0,45.16,45.16,2019-07-07 19:00:00
2019,7.0,7.0,20.0,45.18,45.18,2019-07-07 20:00:00
2019,7.0,7.0,21.0,46.5,46.5,2019-07-07 21:00:00
2019,7.0,7.0,22.0,52.96,52.96,2019-07-07 22:00:00
2019,7.0,7.0,23.0,55.17,55.17,2019-07-07 23:00:00
2019,7.0,7.0,24.0,48.59,48.59,2019-07-08 00:00:00
2019,7.0,8.0,1.0,47.75,47.75,2019-07-08 01:00:00
2019,7.0,8.0,2.0,42.41,42.41,2019-07-08 02:00:00
2019,7.0,8.0,3.0,41.79,40.5,2019-07-08 03:00:00
2019,7.0,8.0,4.0,41.79,40.17,2019-07-08 04:00:00
2019,7.0,8.0,5.0,41.76,41.75,2019-07-08 05:00:00
2019,7.0,8.0,6.0,42.41,42.41,2019-07-08 06:00:00
2019,7.0,8.0,7.0,47.41,47.41,2019-07-08 07:00:00
2019,7.0,8.0,8.0,48.57,48.57,2019-07-08 08:00:00
2019,7.0,8.0,9.0,53.69,53.69,2019-07-08 09:00:00
2019,7.0,8.0,10.0,55.69,55.69,2019-07-08 10:00:00
2019,7.0,8.0,11.0,55.62,55.62,2019-07-08 11:00:00
2019,7.0,8.0,12.0,56.77,56.77,2019-07-08 12:00:00
2019,7.0,8.0,13.0,57.5,57.5,2019-07-08 13:00:00
2019,7.0,8.0,14.0,57.69,57.69,2019-07-08 14:00:00
2019,7.0,8.0,15.0,56.77,56.77,2019-07-08 15:00:00
2019,7.0,8.0,16.0,55.0,55.0,2019-07-08 16:00:00
2019,7.0,8.0,17.0,54.0,54.0,2019-07-08 17:00:00
2019,7.0,8.0,18.0,53.32,53.32,2019-07-08 18:00:00
2019,7.0,8.0,19.0,51.6,51.6,2019-07-08 19:00:00
2019,7.0,8.0,20.0,52.17,52.17,2019-07-08 20:00:00
2019,7.0,8.0,21.0,53.32,53.32,2019-07-08 21:00:00
2019,7.0,8.0,22.0,55.0,55.0,2019-07-08 22:00:00
2019,7.0,8.0,23.0,55.07,55.07,2019-07-08 23:00:00
2019,7.0,8.0,24.0,53.47,53.47,2019-07-09 00:00:00
2019,7.0,9.0,1.0,54.47,54.47,2019-07-09 01:00:00
2019,7.0,9.0,2.0,51.6,51.6,2019-07-09 02:00:00
2019,7.0,9.0,3.0,48.57,48.57,2019-07-09 03:00:00
2019,7.0,9.0,4.0,48.24,48.24,2019-07-09 04:00:00
2019,7.0,9.0,5.0,47.7,47.7,2019-07-09 05:00:00
2019,7.0,9.0,6.0,48.8,48.8,2019-07-09 06:00:00
2019,7.0,9.0,7.0,49.3,49.3,2019-07-09 07:00:00
2019,7.0,9.0,8.0,51.6,51.6,2019-07-09 08:00:00
2019,7.0,9.0,9.0,54.47,54.47,2019-07-09 09:00:00
2019,7.0,9.0,10.0,54.97,54.97,2019-07-09 10:00:00
2019,7.0,9.0,11.0,54.47,54.47,2019-07-09 11:00:00
2019,7.0,9.0,12.0,54.97,54.97,2019-07-09 12:00:00
2019,7.0,9.0,13.0,55.62,55.62,2019-07-09 13:00:00
2019,7.0,9.0,14.0,55.62,55.62,2019-07-09 14:00:00
2019,7.0,9.0,15.0,54.97,54.97,2019-07-09 15:00:00
2019,7.0,9.0,16.0,53.56,53.56,2019-07-09 16:00:00
2019,7.0,9.0,17.0,53.32,53.32,2019-07-09 17:00:00
2019,7.0,9.0,18.0,52.95,52.95,2019-07-09 18:00:00
2019,7.0,9.0,19.0,52.16,52.16,2019-07-09 19:00:00
2019,7.0,9.0,20.0,51.64,51.64,2019-07-09 20:00:00
2019,7.0,9.0,21.0,52.48,52.48,2019-07-09 21:00:00
2019,7.0,9.0,22.0,53.87,53.87,2019-07-09 22:00:00
2019,7.0,9.0,23.0,53.14,53.14,2019-07-09 23:00:00
2019,7.0,9.0,24.0,51.0,51.0,2019-07-10 00:00:00
2019,7.0,10.0,1.0,51.12,51.12,2019-07-10 01:00:00
2019,7.0,10.0,2.0,46.5,46.5,2019-07-10 02:00:00
2019,7.0,10.0,3.0,42.77,42.77,2019-07-10 03:00:00
2019,7.0,10.0,4.0,42.01,42.01,2019-07-10 04:00:00
2019,7.0,10.0,5.0,42.01,42.01,2019-07-10 05:00:00
2019,7.0,10.0,6.0,44.17,44.17,2019-07-10 06:00:00
2019,7.0,10.0,7.0,46.75,46.75,2019-07-10 07:00:00
2019,7.0,10.0,8.0,47.67,47.67,2019-07-10 08:00:00
2019,7.0,10.0,9.0,50.99,50.99,2019-07-10 09:00:00
2019,7.0,10.0,10.0,53.64,53.64,2019-07-10 10:00:00
2019,7.0,10.0,11.0,53.95,53.95,2019-07-10 11:00:00
2019,7.0,10.0,12.0,54.9,54.9,2019-07-10 12:00:00
2019,7.0,10.0,13.0,55.57,55.57,2019-07-10 13:00:00
2019,7.0,10.0,14.0,56.57,56.57,2019-07-10 14:00:00
2019,7.0,10.0,15.0,56.5,56.5,2019-07-10 15:00:00
2019,7.0,10.0,16.0,55.31,55.31,2019-07-10 16:00:00
2019,7.0,10.0,17.0,55.57,55.57,2019-07-10 17:00:00
2019,7.0,10.0,18.0,55.13,55.13,2019-07-10 18:00:00
2019,7.0,10.0,19.0,54.28,54.28,2019-07-10 19:00:00
2019,7.0,10.0,20.0,53.92,53.92,2019-07-10 20:00:00
2019,7.0,10.0,21.0,53.92,53.92,2019-07-10 21:00:00
2019,7.0,10.0,22.0,55.5,55.5,2019-07-10 22:00:00
2019,7.0,10.0,23.0,54.39,54.39,2019-07-10 23:00:00
2019,7.0,10.0,24.0,51.0,51.0,2019-07-11 00:00:00
2019,7.0,11.0,1.0,55.97,55.97,2019-07-11 01:00:00
2019,7.0,11.0,2.0,52.51,52.51,2019-07-11 02:00:00
2019,7.0,11.0,3.0,49.01,49.01,2019-07-11 03:00:00
2019,7.0,11.0,4.0,49.3,49.3,2019-07-11 04:00:00
2019,7.0,11.0,5.0,49.3,49.3,2019-07-11 05:00:00
2019,7.0,11.0,6.0,50.3,50.3,2019-07-11 06:00:00
2019,7.0,11.0,7.0,49.0,49.0,2019-07-11 07:00:00
2019,7.0,11.0,8.0,52.17,52.17,2019-07-11 08:00:00
2019,7.0,11.0,9.0,56.42,56.42,2019-07-11 09:00:00
2019,7.0,11.0,10.0,57.01,57.01,2019-07-11 10:00:00
2019,7.0,11.0,11.0,55.86,55.86,2019-07-11 11:00:00
2019,7.0,11.0,12.0,55.07,55.07,2019-07-11 12:00:00
2019,7.0,11.0,13.0,56.59,56.59,2019-07-11 13:00:00
2019,7.0,11.0,14.0,57.08,57.08,2019-07-11 14:00:00
2019,7.0,11.0,15.0,56.07,56.07,2019-07-11 15:00:00
2019,7.0,11.0,16.0,55.02,55.02,2019-07-11 16:00:00
2019,7.0,11.0,17.0,55.02,55.02,2019-07-11 17:00:00
2019,7.0,11.0,18.0,55.57,55.57,2019-07-11 18:00:00
2019,7.0,11.0,19.0,54.99,54.99,2019-07-11 19:00:00
2019,7.0,11.0,20.0,54.99,54.99,2019-07-11 20:00:00
2019,7.0,11.0,21.0,55.57,55.57,2019-07-11 21:00:00
2019,7.0,11.0,22.0,56.5,56.5,2019-07-11 22:00:00
2019,7.0,11.0,23.0,55.57,55.57,2019-07-11 23:00:00
2019,7.0,11.0,24.0,51.0,51.0,2019-07-12 00:00:00
2019,7.0,12.0,1.0,58.29,58.29,2019-07-12 01:00:00
2019,7.0,12.0,2.0,56.89,56.89,2019-07-12 02:00:00
2019,7.0,12.0,3.0,53.05,53.05,2019-07-12 03:00:00
2019,7.0,12.0,4.0,53.62,53.62,2019-07-12 04:00:00
2019,7.0,12.0,5.0,53.11,53.11,2019-07-12 05:00:00
2019,7.0,12.0,6.0,54.79,54.79,2019-07-12 06:00:00
2019,7.0,12.0,7.0,54.79,54.79,2019-07-12 07:00:00
2019,7.0,12.0,8.0,53.09,53.09,2019-07-12 08:00:00
2019,7.0,12.0,9.0,56.89,56.89,2019-07-12 09:00:00
2019,7.0,12.0,10.0,58.29,58.29,2019-07-12 10:00:00
2019,7.0,12.0,11.0,58.39,58.39,2019-07-12 11:00:00
2019,7.0,12.0,12.0,58.39,58.95,2019-07-12 12:00:00
2019,7.0,12.0,13.0,58.81,59.96,2019-07-12 13:00:00
2019,7.0,12.0,14.0,58.39,60.1,2019-07-12 14:00:00
2019,7.0,12.0,15.0,58.81,58.81,2019-07-12 15:00:00
2019,7.0,12.0,16.0,58.31,58.31,2019-07-12 16:00:00
2019,7.0,12.0,17.0,58.29,58.29,2019-07-12 17:00:00
2019,7.0,12.0,18.0,58.31,58.31,2019-07-12 18:00:00
2019,7.0,12.0,19.0,58.29,58.29,2019-07-12 19:00:00
2019,7.0,12.0,20.0,58.29,58.29,2019-07-12 20:00:00
2019,7.0,12.0,21.0,58.28,58.28,2019-07-12 21:00:00
2019,7.0,12.0,22.0,57.89,57.89,2019-07-12 22:00:00
2019,7.0,12.0,23.0,57.08,57.08,2019-07-12 23:00:00
2019,7.0,12.0,24.0,56.51,56.51,2019-07-13 00:00:00
2019,7.0,13.0,1.0,58.21,58.21,2019-07-13 01:00:00
2019,7.0,13.0,2.0,57.01,57.01,2019-07-13 02:00:00
2019,7.0,13.0,3.0,53.0,53.0,2019-07-13 03:00:00
2019,7.0,13.0,4.0,50.33,50.33,2019-07-13 04:00:00
2019,7.0,13.0,5.0,48.0,48.0,2019-07-13 05:00:00
2019,7.0,13.0,6.0,48.8,48.8,2019-07-13 06:00:00
2019,7.0,13.0,7.0,46.62,46.62,2019-07-13 07:00:00
2019,7.0,13.0,8.0,46.6,46.6,2019-07-13 08:00:00
2019,7.0,13.0,9.0,48.03,48.03,2019-07-13 09:00:00
2019,7.0,13.0,10.0,51.44,51.44,2019-07-13 10:00:00
2019,7.0,13.0,11.0,54.84,54.84,2019-07-13 11:00:00
2019,7.0,13.0,12.0,55.41,55.41,2019-07-13 12:00:00
2019,7.0,13.0,13.0,55.5,55.5,2019-07-13 13:00:00
2019,7.0,13.0,14.0,55.01,55.01,2019-07-13 14:00:00
2019,7.0,13.0,15.0,53.09,53.09,2019-07-13 15:00:00
2019,7.0,13.0,16.0,50.61,50.61,2019-07-13 16:00:00
2019,7.0,13.0,17.0,48.53,48.53,2019-07-13 17:00:00
2019,7.0,13.0,18.0,47.41,47.41,2019-07-13 18:00:00
2019,7.0,13.0,19.0,47.11,47.11,2019-07-13 19:00:00
2019,7.0,13.0,20.0,48.59,48.59,2019-07-13 20:00:00
2019,7.0,13.0,21.0,51.35,51.35,2019-07-13 21:00:00
2019,7.0,13.0,22.0,52.49,52.49,2019-07-13 22:00:00
2019,7.0,13.0,23.0,52.96,52.96,2019-07-13 23:00:00
2019,7.0,13.0,24.0,50.53,50.53,2019-07-14 00:00:00
2019,7.0,14.0,1.0,54.41,54.41,2019-07-14 01:00:00
2019,7.0,14.0,2.0,49.99,49.99,2019-07-14 02:00:00
2019,7.0,14.0,3.0,47.8,47.8,2019-07-14 03:00:00
2019,7.0,14.0,4.0,45.63,45.63,2019-07-14 04:00:00
2019,7.0,14.0,5.0,43.0,43.0,2019-07-14 05:00:00
2019,7.0,14.0,6.0,44.57,44.57,2019-07-14 06:00:00
2019,7.0,14.0,7.0,45.77,45.77,2019-07-14 07:00:00
2019,7.0,14.0,8.0,45.63,45.63,2019-07-14 08:00:00
2019,7.0,14.0,9.0,47.91,47.91,2019-07-14 09:00:00
2019,7.0,14.0,10.0,48.34,48.34,2019-07-14 10:00:00
2019,7.0,14.0,11.0,48.12,48.12,2019-07-14 11:00:00
2019,7.0,14.0,12.0,48.48,48.48,2019-07-14 12:00:00
2019,7.0,14.0,13.0,49.62,49.62,2019-07-14 13:00:00
2019,7.0,14.0,14.0,50.3,50.3,2019-07-14 14:00:00
2019,7.0,14.0,15.0,50.0,50.0,2019-07-14 15:00:00
2019,7.0,14.0,16.0,48.36,48.36,2019-07-14 16:00:00
2019,7.0,14.0,17.0,47.4,47.4,2019-07-14 17:00:00
2019,7.0,14.0,18.0,45.63,45.63,2019-07-14 18:00:00
2019,7.0,14.0,19.0,45.78,45.78,2019-07-14 19:00:00
2019,7.0,14.0,20.0,47.4,47.4,2019-07-14 20:00:00
2019,7.0,14.0,21.0,49.62,49.62,2019-07-14 21:00:00
2019,7.0,14.0,22.0,55.82,55.82,2019-07-14 22:00:00
2019,7.0,14.0,23.0,58.31,58.31,2019-07-14 23:00:00
2019,7.0,14.0,24.0,55.5,55.5,2019-07-15 00:00:00
2019,7.0,15.0,1.0,56.89,56.89,2019-07-15 01:00:00
2019,7.0,15.0,2.0,49.96,49.96,2019-07-15 02:00:00
2019,7.0,15.0,3.0,44.0,44.0,2019-07-15 03:00:00
2019,7.0,15.0,4.0,43.0,43.0,2019-07-15 04:00:00
2019,7.0,15.0,5.0,42.89,42.89,2019-07-15 05:00:00
2019,7.0,15.0,6.0,46.0,46.0,2019-07-15 06:00:00
2019,7.0,15.0,7.0,50.5,50.5,2019-07-15 07:00:00
2019,7.0,15.0,8.0,52.44,52.44,2019-07-15 08:00:00
2019,7.0,15.0,9.0,55.02,55.02,2019-07-15 09:00:00
2019,7.0,15.0,10.0,55.17,55.17,2019-07-15 10:00:00
2019,7.0,15.0,11.0,55.0,55.0,2019-07-15 11:00:00
2019,7.0,15.0,12.0,55.9,55.9,2019-07-15 12:00:00
2019,7.0,15.0,13.0,57.21,57.21,2019-07-15 13:00:00
2019,7.0,15.0,14.0,57.31,57.31,2019-07-15 14:00:00
2019,7.0,15.0,15.0,55.82,55.82,2019-07-15 15:00:00
2019,7.0,15.0,16.0,54.49,54.49,2019-07-15 16:00:00
2019,7.0,15.0,17.0,53.99,53.99,2019-07-15 17:00:00
2019,7.0,15.0,18.0,54.3,54.3,2019-07-15 18:00:00
2019,7.0,15.0,19.0,51.58,51.58,2019-07-15 19:00:00
2019,7.0,15.0,20.0,51.95,51.95,2019-07-15 20:00:00
2019,7.0,15.0,21.0,53.4,53.4,2019-07-15 21:00:00
2019,7.0,15.0,22.0,56.24,56.24,2019-07-15 22:00:00
2019,7.0,15.0,23.0,52.66,52.66,2019-07-15 23:00:00
2019,7.0,15.0,24.0,51.0,51.0,2019-07-16 00:00:00
2019,7.0,16.0,1.0,52.76,52.76,2019-07-16 01:00:00
2019,7.0,16.0,2.0,48.29,48.29,2019-07-16 02:00:00
2019,7.0,16.0,3.0,44.87,44.87,2019-07-16 03:00:00
2019,7.0,16.0,4.0,43.59,43.59,2019-07-16 04:00:00
2019,7.0,16.0,5.0,43.77,43.77,2019-07-16 05:00:00
2019,7.0,16.0,6.0,45.17,45.17,2019-07-16 06:00:00
2019,7.0,16.0,7.0,45.97,45.97,2019-07-16 07:00:00
2019,7.0,16.0,8.0,50.03,50.03,2019-07-16 08:00:00
2019,7.0,16.0,9.0,53.0,53.0,2019-07-16 09:00:00
2019,7.0,16.0,10.0,55.51,55.51,2019-07-16 10:00:00
2019,7.0,16.0,11.0,54.84,54.84,2019-07-16 11:00:00
2019,7.0,16.0,12.0,55.32,55.32,2019-07-16 12:00:00
2019,7.0,16.0,13.0,56.24,56.24,2019-07-16 13:00:00
2019,7.0,16.0,14.0,57.25,57.25,2019-07-16 14:00:00
2019,7.0,16.0,15.0,56.1,56.1,2019-07-16 15:00:00
2019,7.0,16.0,16.0,54.49,54.49,2019-07-16 16:00:00
2019,7.0,16.0,17.0,53.67,53.67,2019-07-16 17:00:00
2019,7.0,16.0,18.0,53.66,53.66,2019-07-16 18:00:00
2019,7.0,16.0,19.0,51.73,51.73,2019-07-16 19:00:00
2019,7.0,16.0,20.0,52.64,52.64,2019-07-16 20:00:00
2019,7.0,16.0,21.0,52.0,52.0,2019-07-16 21:00:00
2019,7.0,16.0,22.0,53.03,53.03,2019-07-16 22:00:00
2019,7.0,16.0,23.0,52.07,52.07,2019-07-16 23:00:00
2019,7.0,16.0,24.0,50.04,50.04,2019-07-17 00:00:00
2019,7.0,17.0,1.0,54.99,54.99,2019-07-17 01:00:00
2019,7.0,17.0,2.0,49.84,49.84,2019-07-17 02:00:00
2019,7.0,17.0,3.0,45.96,45.96,2019-07-17 03:00:00
2019,7.0,17.0,4.0,45.63,45.63,2019-07-17 04:00:00
2019,7.0,17.0,5.0,45.96,45.96,2019-07-17 05:00:00
2019,7.0,17.0,6.0,48.58,48.58,2019-07-17 06:00:00
2019,7.0,17.0,7.0,49.86,49.86,2019-07-17 07:00:00
2019,7.0,17.0,8.0,49.98,49.98,2019-07-17 08:00:00
2019,7.0,17.0,9.0,53.18,53.18,2019-07-17 09:00:00
2019,7.0,17.0,10.0,54.49,54.49,2019-07-17 10:00:00
2019,7.0,17.0,11.0,55.0,55.0,2019-07-17 11:00:00
2019,7.0,17.0,12.0,55.68,55.68,2019-07-17 12:00:00
2019,7.0,17.0,13.0,56.94,56.94,2019-07-17 13:00:00
2019,7.0,17.0,14.0,57.31,57.31,2019-07-17 14:00:00
2019,7.0,17.0,15.0,55.98,55.98,2019-07-17 15:00:00
2019,7.0,17.0,16.0,54.49,54.49,2019-07-17 16:00:00
2019,7.0,17.0,17.0,54.47,54.47,2019-07-17 17:00:00
2019,7.0,17.0,18.0,54.49,54.49,2019-07-17 18:00:00
2019,7.0,17.0,19.0,53.32,53.32,2019-07-17 19:00:00
2019,7.0,17.0,20.0,54.01,54.01,2019-07-17 20:00:00
2019,7.0,17.0,21.0,53.21,53.21,2019-07-17 21:00:00
2019,7.0,17.0,22.0,54.53,54.53,2019-07-17 22:00:00
2019,7.0,17.0,23.0,54.0,54.0,2019-07-17 23:00:00
2019,7.0,17.0,24.0,52.29,52.29,2019-07-18 00:00:00
2019,7.0,18.0,1.0,56.0,56.0,2019-07-18 01:00:00
2019,7.0,18.0,2.0,51.72,51.72,2019-07-18 02:00:00
2019,7.0,18.0,3.0,47.36,47.36,2019-07-18 03:00:00
2019,7.0,18.0,4.0,45.96,45.96,2019-07-18 04:00:00
2019,7.0,18.0,5.0,46.0,46.0,2019-07-18 05:00:00
2019,7.0,18.0,6.0,47.4,47.4,2019-07-18 06:00:00
2019,7.0,18.0,7.0,46.9,46.9,2019-07-18 07:00:00
2019,7.0,18.0,8.0,50.36,50.36,2019-07-18 08:00:00
2019,7.0,18.0,9.0,54.0,54.0,2019-07-18 09:00:00
2019,7.0,18.0,10.0,55.57,55.57,2019-07-18 10:00:00
2019,7.0,18.0,11.0,56.19,56.19,2019-07-18 11:00:00
2019,7.0,18.0,12.0,57.01,57.01,2019-07-18 12:00:00
2019,7.0,18.0,13.0,57.89,57.89,2019-07-18 13:00:00
2019,7.0,18.0,14.0,58.39,58.39,2019-07-18 14:00:00
2019,7.0,18.0,15.0,57.69,57.69,2019-07-18 15:00:00
2019,7.0,18.0,16.0,57.24,57.24,2019-07-18 16:00:00
2019,7.0,18.0,17.0,57.17,57.17,2019-07-18 17:00:00
2019,7.0,18.0,18.0,57.17,57.17,2019-07-18 18:00:00
2019,7.0,18.0,19.0,56.19,56.19,2019-07-18 19:00:00
2019,7.0,18.0,20.0,56.19,56.19,2019-07-18 20:00:00
2019,7.0,18.0,21.0,56.5,56.5,2019-07-18 21:00:00
2019,7.0,18.0,22.0,57.05,57.05,2019-07-18 22:00:00
2019,7.0,18.0,23.0,56.19,56.19,2019-07-18 23:00:00
2019,7.0,18.0,24.0,52.0,52.0,2019-07-19 00:00:00
2019,7.0,19.0,1.0,53.67,53.67,2019-07-19 01:00:00
2019,7.0,19.0,2.0,49.75,49.75,2019-07-19 02:00:00
2019,7.0,19.0,3.0,47.25,47.25,2019-07-19 03:00:00
2019,7.0,19.0,4.0,47.07,47.07,2019-07-19 04:00:00
2019,7.0,19.0,5.0,47.36,47.36,2019-07-19 05:00:00
2019,7.0,19.0,6.0,49.88,49.88,2019-07-19 06:00:00
2019,7.0,19.0,7.0,50.91,50.91,2019-07-19 07:00:00
2019,7.0,19.0,8.0,52.35,52.35,2019-07-19 08:00:00
2019,7.0,19.0,9.0,56.61,56.61,2019-07-19 09:00:00
2019,7.0,19.0,10.0,57.08,57.08,2019-07-19 10:00:00
2019,7.0,19.0,11.0,57.17,57.17,2019-07-19 11:00:00
2019,7.0,19.0,12.0,57.01,57.01,2019-07-19 12:00:00
2019,7.0,19.0,13.0,57.17,57.17,2019-07-19 13:00:00
2019,7.0,19.0,14.0,57.05,57.05,2019-07-19 14:00:00
2019,7.0,19.0,15.0,54.41,54.41,2019-07-19 15:00:00
2019,7.0,19.0,16.0,52.14,52.14,2019-07-19 16:00:00
2019,7.0,19.0,17.0,52.34,52.34,2019-07-19 17:00:00
2019,7.0,19.0,18.0,51.81,51.81,2019-07-19 18:00:00
2019,7.0,19.0,19.0,50.98,50.98,2019-07-19 19:00:00
2019,7.0,19.0,20.0,52.0,52.0,2019-07-19 20:00:00
2019,7.0,19.0,21.0,52.34,52.34,2019-07-19 21:00:00
2019,7.0,19.0,22.0,52.07,52.07,2019-07-19 22:00:00
2019,7.0,19.0,23.0,51.1,51.1,2019-07-19 23:00:00
2019,7.0,19.0,24.0,49.61,49.61,2019-07-20 00:00:00
2019,7.0,20.0,1.0,53.0,53.0,2019-07-20 01:00:00
2019,7.0,20.0,2.0,51.51,51.51,2019-07-20 02:00:00
2019,7.0,20.0,3.0,49.15,49.15,2019-07-20 03:00:00
2019,7.0,20.0,4.0,47.07,47.07,2019-07-20 04:00:00
2019,7.0,20.0,5.0,46.71,46.71,2019-07-20 05:00:00
2019,7.0,20.0,6.0,48.89,48.89,2019-07-20 06:00:00
2019,7.0,20.0,7.0,45.5,45.5,2019-07-20 07:00:00
2019,7.0,20.0,8.0,45.0,45.0,2019-07-20 08:00:00
2019,7.0,20.0,9.0,47.51,47.51,2019-07-20 09:00:00
2019,7.0,20.0,10.0,53.07,53.07,2019-07-20 10:00:00
2019,7.0,20.0,11.0,56.19,56.19,2019-07-20 11:00:00
2019,7.0,20.0,12.0,56.19,56.19,2019-07-20 12:00:00
2019,7.0,20.0,13.0,56.17,56.17,2019-07-20 13:00:00
2019,7.0,20.0,14.0,56.94,56.94,2019-07-20 14:00:00
2019,7.0,20.0,15.0,55.53,55.53,2019-07-20 15:00:00
2019,7.0,20.0,16.0,52.77,52.77,2019-07-20 16:00:00
2019,7.0,20.0,17.0,49.1,49.1,2019-07-20 17:00:00
2019,7.0,20.0,18.0,47.51,47.51,2019-07-20 18:00:00
2019,7.0,20.0,19.0,46.8,46.8,2019-07-20 19:00:00
2019,7.0,20.0,20.0,47.01,47.01,2019-07-20 20:00:00
2019,7.0,20.0,21.0,50.24,50.24,2019-07-20 21:00:00
2019,7.0,20.0,22.0,51.78,51.78,2019-07-20 22:00:00
2019,7.0,20.0,23.0,51.81,51.81,2019-07-20 23:00:00
2019,7.0,20.0,24.0,48.8,48.8,2019-07-21 00:00:00
2019,7.0,21.0,1.0,50.28,50.28,2019-07-21 01:00:00
2019,7.0,21.0,2.0,45.0,45.0,2019-07-21 02:00:00
2019,7.0,21.0,3.0,43.0,43.0,2019-07-21 03:00:00
2019,7.0,21.0,4.0,44.0,44.0,2019-07-21 04:00:00
2019,7.0,21.0,5.0,44.7,44.7,2019-07-21 05:00:00
2019,7.0,21.0,6.0,45.5,45.5,2019-07-21 06:00:00
2019,7.0,21.0,7.0,43.93,43.93,2019-07-21 07:00:00
2019,7.0,21.0,8.0,45.0,45.0,2019-07-21 08:00:00
2019,7.0,21.0,9.0,46.51,46.51,2019-07-21 09:00:00
2019,7.0,21.0,10.0,48.0,48.0,2019-07-21 10:00:00
2019,7.0,21.0,11.0,46.66,46.66,2019-07-21 11:00:00
2019,7.0,21.0,12.0,48.1,48.1,2019-07-21 12:00:00
2019,7.0,21.0,13.0,51.01,51.01,2019-07-21 13:00:00
2019,7.0,21.0,14.0,54.31,54.31,2019-07-21 14:00:00
2019,7.0,21.0,15.0,55.42,55.42,2019-07-21 15:00:00
2019,7.0,21.0,16.0,53.01,53.01,2019-07-21 16:00:00
2019,7.0,21.0,17.0,50.1,50.1,2019-07-21 17:00:00
2019,7.0,21.0,18.0,48.87,48.87,2019-07-21 18:00:00
2019,7.0,21.0,19.0,48.0,48.0,2019-07-21 19:00:00
2019,7.0,21.0,20.0,49.5,49.5,2019-07-21 20:00:00
2019,7.0,21.0,21.0,54.4,54.4,2019-07-21 21:00:00
2019,7.0,21.0,22.0,56.51,56.51,2019-07-21 22:00:00
2019,7.0,21.0,23.0,57.69,57.69,2019-07-21 23:00:00
2019,7.0,21.0,24.0,53.75,53.75,2019-07-22 00:00:00
2019,7.0,22.0,1.0,57.17,57.17,2019-07-22 01:00:00
2019,7.0,22.0,2.0,54.17,54.17,2019-07-22 02:00:00
2019,7.0,22.0,3.0,52.0,52.0,2019-07-22 03:00:00
2019,7.0,22.0,4.0,52.07,52.07,2019-07-22 04:00:00
2019,7.0,22.0,5.0,53.5,53.5,2019-07-22 05:00:00
2019,7.0,22.0,6.0,56.19,56.19,2019-07-22 06:00:00
2019,7.0,22.0,7.0,56.78,56.78,2019-07-22 07:00:00
2019,7.0,22.0,8.0,57.69,57.69,2019-07-22 08:00:00
2019,7.0,22.0,9.0,57.69,57.69,2019-07-22 09:00:00
2019,7.0,22.0,10.0,57.69,57.69,2019-07-22 10:00:00
2019,7.0,22.0,11.0,57.05,57.05,2019-07-22 11:00:00
2019,7.0,22.0,12.0,56.19,56.19,2019-07-22 12:00:00
2019,7.0,22.0,13.0,57.0,57.0,2019-07-22 13:00:00
2019,7.0,22.0,14.0,57.05,57.05,2019-07-22 14:00:00
2019,7.0,22.0,15.0,56.54,56.54,2019-07-22 15:00:00
2019,7.0,22.0,16.0,57.08,57.08,2019-07-22 16:00:00
2019,7.0,22.0,17.0,57.17,57.17,2019-07-22 17:00:00
2019,7.0,22.0,18.0,57.17,57.17,2019-07-22 18:00:00
2019,7.0,22.0,19.0,57.01,57.01,2019-07-22 19:00:00
2019,7.0,22.0,20.0,56.54,56.54,2019-07-22 20:00:00
2019,7.0,22.0,21.0,55.99,55.99,2019-07-22 21:00:00
2019,7.0,22.0,22.0,56.19,56.19,2019-07-22 22:00:00
2019,7.0,22.0,23.0,55.42,55.42,2019-07-22 23:00:00
2019,7.0,22.0,24.0,55.67,55.67,2019-07-23 00:00:00
2019,7.0,23.0,1.0,56.02,56.02,2019-07-23 01:00:00
2019,7.0,23.0,2.0,53.25,53.25,2019-07-23 02:00:00
2019,7.0,23.0,3.0,51.51,51.51,2019-07-23 03:00:00
2019,7.0,23.0,4.0,50.77,50.77,2019-07-23 04:00:00
2019,7.0,23.0,5.0,50.19,50.19,2019-07-23 05:00:00
2019,7.0,23.0,6.0,51.5,51.5,2019-07-23 06:00:00
2019,7.0,23.0,7.0,52.79,52.79,2019-07-23 07:00:00
2019,7.0,23.0,8.0,53.93,53.93,2019-07-23 08:00:00
2019,7.0,23.0,9.0,55.99,55.99,2019-07-23 09:00:00
2019,7.0,23.0,10.0,55.57,55.57,2019-07-23 10:00:00
2019,7.0,23.0,11.0,55.42,55.42,2019-07-23 11:00:00
2019,7.0,23.0,12.0,55.1,55.1,2019-07-23 12:00:00
2019,7.0,23.0,13.0,55.4,55.4,2019-07-23 13:00:00
2019,7.0,23.0,14.0,55.4,55.4,2019-07-23 14:00:00
2019,7.0,23.0,15.0,54.0,54.0,2019-07-23 15:00:00
2019,7.0,23.0,16.0,55.4,55.4,2019-07-23 16:00:00
2019,7.0,23.0,17.0,55.42,55.42,2019-07-23 17:00:00
2019,7.0,23.0,18.0,56.25,56.25,2019-07-23 18:00:00
2019,7.0,23.0,19.0,57.71,57.71,2019-07-23 19:00:00
2019,7.0,23.0,20.0,58.98,58.98,2019-07-23 20:00:00
2019,7.0,23.0,21.0,57.43,57.43,2019-07-23 21:00:00
2019,7.0,23.0,22.0,57.71,57.71,2019-07-23 22:00:00
2019,7.0,23.0,23.0,57.85,57.85,2019-07-23 23:00:00
2019,7.0,23.0,24.0,57.1,57.1,2019-07-24 00:00:00
2019,7.0,24.0,1.0,55.21,55.21,2019-07-24 01:00:00
2019,7.0,24.0,2.0,53.19,53.19,2019-07-24 02:00:00
2019,7.0,24.0,3.0,51.86,51.86,2019-07-24 03:00:00
2019,7.0,24.0,4.0,51.68,51.68,2019-07-24 04:00:00
2019,7.0,24.0,5.0,51.98,51.98,2019-07-24 05:00:00
2019,7.0,24.0,6.0,53.2,53.2,2019-07-24 06:00:00
2019,7.0,24.0,7.0,53.23,53.23,2019-07-24 07:00:00
2019,7.0,24.0,8.0,54.2,54.2,2019-07-24 08:00:00
2019,7.0,24.0,9.0,57.35,57.35,2019-07-24 09:00:00
2019,7.0,24.0,10.0,57.79,57.79,2019-07-24 10:00:00
2019,7.0,24.0,11.0,57.71,57.71,2019-07-24 11:00:00
2019,7.0,24.0,12.0,58.11,58.11,2019-07-24 12:00:00
2019,7.0,24.0,13.0,57.99,57.99,2019-07-24 13:00:00
2019,7.0,24.0,14.0,57.24,57.24,2019-07-24 14:00:00
2019,7.0,24.0,15.0,56.46,56.46,2019-07-24 15:00:00
2019,7.0,24.0,16.0,54.93,54.93,2019-07-24 16:00:00
2019,7.0,24.0,17.0,54.88,54.88,2019-07-24 17:00:00
2019,7.0,24.0,18.0,57.75,57.75,2019-07-24 18:00:00
2019,7.0,24.0,19.0,58.25,58.25,2019-07-24 19:00:00
2019,7.0,24.0,20.0,58.37,58.37,2019-07-24 20:00:00
2019,7.0,24.0,21.0,58.73,58.73,2019-07-24 21:00:00
2019,7.0,24.0,22.0,58.98,58.98,2019-07-24 22:00:00
2019,7.0,24.0,23.0,57.81,57.81,2019-07-24 23:00:00
2019,7.0,24.0,24.0,53.04,53.04,2019-07-25 00:00:00
2019,7.0,25.0,1.0,50.68,50.68,2019-07-25 01:00:00
2019,7.0,25.0,2.0,52.06,52.06,2019-07-25 02:00:00
2019,7.0,25.0,3.0,48.0,48.0,2019-07-25 03:00:00
2019,7.0,25.0,4.0,45.71,45.71,2019-07-25 04:00:00
2019,7.0,25.0,5.0,45.0,45.0,2019-07-25 05:00:00
2019,7.0,25.0,6.0,47.5,47.5,2019-07-25 06:00:00
2019,7.0,25.0,7.0,51.68,51.68,2019-07-25 07:00:00
2019,7.0,25.0,8.0,56.99,56.99,2019-07-25 08:00:00
2019,7.0,25.0,9.0,55.25,55.25,2019-07-25 09:00:00
2019,7.0,25.0,10.0,56.7,56.7,2019-07-25 10:00:00
2019,7.0,25.0,11.0,54.94,54.94,2019-07-25 11:00:00
2019,7.0,25.0,12.0,53.84,53.84,2019-07-25 12:00:00
2019,7.0,25.0,13.0,56.46,56.46,2019-07-25 13:00:00
2019,7.0,25.0,14.0,57.08,57.08,2019-07-25 14:00:00
2019,7.0,25.0,15.0,54.94,54.94,2019-07-25 15:00:00
2019,7.0,25.0,16.0,53.84,53.84,2019-07-25 16:00:00
2019,7.0,25.0,17.0,53.96,53.96,2019-07-25 17:00:00
2019,7.0,25.0,18.0,56.85,56.85,2019-07-25 18:00:00
2019,7.0,25.0,19.0,58.11,58.11,2019-07-25 19:00:00
2019,7.0,25.0,20.0,58.37,58.37,2019-07-25 20:00:00
2019,7.0,25.0,21.0,58.52,58.52,2019-07-25 21:00:00
2019,7.0,25.0,22.0,56.75,56.75,2019-07-25 22:00:00
2019,7.0,25.0,23.0,55.5,55.5,2019-07-25 23:00:00
2019,7.0,25.0,24.0,49.41,49.41,2019-07-26 00:00:00
2019,7.0,26.0,1.0,54.91,54.91,2019-07-26 01:00:00
2019,7.0,26.0,2.0,51.25,51.25,2019-07-26 02:00:00
2019,7.0,26.0,3.0,47.07,47.07,2019-07-26 03:00:00
2019,7.0,26.0,4.0,45.2,45.2,2019-07-26 04:00:00
2019,7.0,26.0,5.0,45.55,45.55,2019-07-26 05:00:00
2019,7.0,26.0,6.0,48.01,48.01,2019-07-26 06:00:00
2019,7.0,26.0,7.0,50.2,50.2,2019-07-26 07:00:00
2019,7.0,26.0,8.0,49.66,49.66,2019-07-26 08:00:00
2019,7.0,26.0,9.0,54.18,54.18,2019-07-26 09:00:00
2019,7.0,26.0,10.0,56.07,56.07,2019-07-26 10:00:00
2019,7.0,26.0,11.0,56.06,56.06,2019-07-26 11:00:00
2019,7.0,26.0,12.0,56.06,56.06,2019-07-26 12:00:00
2019,7.0,26.0,13.0,56.46,56.46,2019-07-26 13:00:00
2019,7.0,26.0,14.0,56.99,56.99,2019-07-26 14:00:00
2019,7.0,26.0,15.0,55.21,55.21,2019-07-26 15:00:00
2019,7.0,26.0,16.0,52.29,52.29,2019-07-26 16:00:00
2019,7.0,26.0,17.0,51.49,51.49,2019-07-26 17:00:00
2019,7.0,26.0,18.0,51.0,51.0,2019-07-26 18:00:00
2019,7.0,26.0,19.0,52.07,52.07,2019-07-26 19:00:00
2019,7.0,26.0,20.0,53.62,53.62,2019-07-26 20:00:00
2019,7.0,26.0,21.0,52.06,52.06,2019-07-26 21:00:00
2019,7.0,26.0,22.0,51.8,51.8,2019-07-26 22:00:00
2019,7.0,26.0,23.0,56.06,56.06,2019-07-26 23:00:00
2019,7.0,26.0,24.0,52.77,52.77,2019-07-27 00:00:00
2019,7.0,27.0,1.0,52.06,52.06,2019-07-27 01:00:00
2019,7.0,27.0,2.0,50.04,50.04,2019-07-27 02:00:00
2019,7.0,27.0,3.0,48.0,48.0,2019-07-27 03:00:00
2019,7.0,27.0,4.0,48.44,48.44,2019-07-27 04:00:00
2019,7.0,27.0,5.0,46.85,46.85,2019-07-27 05:00:00
2019,7.0,27.0,6.0,46.0,46.0,2019-07-27 06:00:00
2019,7.0,27.0,7.0,43.5,43.5,2019-07-27 07:00:00
2019,7.0,27.0,8.0,42.21,42.21,2019-07-27 08:00:00
2019,7.0,27.0,9.0,44.95,44.95,2019-07-27 09:00:00
2019,7.0,27.0,10.0,48.9,48.9,2019-07-27 10:00:00
2019,7.0,27.0,11.0,49.28,49.28,2019-07-27 11:00:00
2019,7.0,27.0,12.0,49.95,49.95,2019-07-27 12:00:00
2019,7.0,27.0,13.0,50.0,50.0,2019-07-27 13:00:00
2019,7.0,27.0,14.0,49.48,49.48,2019-07-27 14:00:00
2019,7.0,27.0,15.0,45.27,45.27,2019-07-27 15:00:00
2019,7.0,27.0,16.0,41.81,41.81,2019-07-27 16:00:00
2019,7.0,27.0,17.0,40.64,40.64,2019-07-27 17:00:00
2019,7.0,27.0,18.0,40.5,40.5,2019-07-27 18:00:00
2019,7.0,27.0,19.0,40.64,40.64,2019-07-27 19:00:00
2019,7.0,27.0,20.0,41.05,41.05,2019-07-27 20:00:00
2019,7.0,27.0,21.0,42.82,42.82,2019-07-27 21:00:00
2019,7.0,27.0,22.0,45.78,45.78,2019-07-27 22:00:00
2019,7.0,27.0,23.0,49.49,49.49,2019-07-27 23:00:00
2019,7.0,27.0,24.0,44.94,44.94,2019-07-28 00:00:00
2019,7.0,28.0,1.0,48.14,48.14,2019-07-28 01:00:00
2019,7.0,28.0,2.0,43.73,43.73,2019-07-28 02:00:00
2019,7.0,28.0,3.0,41.0,41.0,2019-07-28 03:00:00
2019,7.0,28.0,4.0,40.6,40.6,2019-07-28 04:00:00
2019,7.0,28.0,5.0,40.6,40.6,2019-07-28 05:00:00
2019,7.0,28.0,6.0,40.6,40.6,2019-07-28 06:00:00
2019,7.0,28.0,7.0,40.25,40.25,2019-07-28 07:00:00
2019,7.0,28.0,8.0,40.05,40.05,2019-07-28 08:00:00
2019,7.0,28.0,9.0,42.21,42.21,2019-07-28 09:00:00
2019,7.0,28.0,10.0,45.25,45.25,2019-07-28 10:00:00
2019,7.0,28.0,11.0,43.02,43.02,2019-07-28 11:00:00
2019,7.0,28.0,12.0,44.01,44.01,2019-07-28 12:00:00
2019,7.0,28.0,13.0,45.27,45.27,2019-07-28 13:00:00
2019,7.0,28.0,14.0,48.07,48.07,2019-07-28 14:00:00
2019,7.0,28.0,15.0,47.62,47.62,2019-07-28 15:00:00
2019,7.0,28.0,16.0,44.79,44.79,2019-07-28 16:00:00
2019,7.0,28.0,17.0,43.0,43.0,2019-07-28 17:00:00
2019,7.0,28.0,18.0,42.92,42.92,2019-07-28 18:00:00
2019,7.0,28.0,19.0,42.7,42.7,2019-07-28 19:00:00
2019,7.0,28.0,20.0,46.42,46.42,2019-07-28 20:00:00
2019,7.0,28.0,21.0,53.59,53.59,2019-07-28 21:00:00
2019,7.0,28.0,22.0,57.05,57.05,2019-07-28 22:00:00
2019,7.0,28.0,23.0,58.25,58.25,2019-07-28 23:00:00
2019,7.0,28.0,24.0,55.09,55.09,2019-07-29 00:00:00
2019,7.0,29.0,1.0,54.3,54.3,2019-07-29 01:00:00
2019,7.0,29.0,2.0,47.0,47.0,2019-07-29 02:00:00
2019,7.0,29.0,3.0,40.81,40.81,2019-07-29 03:00:00
2019,7.0,29.0,4.0,40.25,40.25,2019-07-29 04:00:00
2019,7.0,29.0,5.0,40.05,40.05,2019-07-29 05:00:00
2019,7.0,29.0,6.0,40.6,40.6,2019-07-29 06:00:00
2019,7.0,29.0,7.0,43.24,43.24,2019-07-29 07:00:00
2019,7.0,29.0,8.0,44.94,44.94,2019-07-29 08:00:00
2019,7.0,29.0,9.0,51.18,51.18,2019-07-29 09:00:00
2019,7.0,29.0,10.0,56.28,56.28,2019-07-29 10:00:00
2019,7.0,29.0,11.0,54.48,54.48,2019-07-29 11:00:00
2019,7.0,29.0,12.0,54.19,54.19,2019-07-29 12:00:00
2019,7.0,29.0,13.0,55.69,55.69,2019-07-29 13:00:00
2019,7.0,29.0,14.0,55.0,55.0,2019-07-29 14:00:00
2019,7.0,29.0,15.0,51.24,51.24,2019-07-29 15:00:00
2019,7.0,29.0,16.0,47.49,47.49,2019-07-29 16:00:00
2019,7.0,29.0,17.0,46.97,46.97,2019-07-29 17:00:00
2019,7.0,29.0,18.0,46.21,46.21,2019-07-29 18:00:00
2019,7.0,29.0,19.0,46.97,46.97,2019-07-29 19:00:00
2019,7.0,29.0,20.0,47.23,47.23,2019-07-29 20:00:00
2019,7.0,29.0,21.0,46.07,46.07,2019-07-29 21:00:00
2019,7.0,29.0,22.0,46.99,46.99,2019-07-29 22:00:00
2019,7.0,29.0,23.0,49.38,49.38,2019-07-29 23:00:00
2019,7.0,29.0,24.0,44.64,44.64,2019-07-30 00:00:00
2019,7.0,30.0,1.0,44.61,44.61,2019-07-30 01:00:00
2019,7.0,30.0,2.0,40.25,40.25,2019-07-30 02:00:00
2019,7.0,30.0,3.0,39.4,39.4,2019-07-30 03:00:00
2019,7.0,30.0,4.0,39.1,39.1,2019-07-30 04:00:00
2019,7.0,30.0,5.0,39.2,39.2,2019-07-30 05:00:00
2019,7.0,30.0,6.0,39.5,39.5,2019-07-30 06:00:00
2019,7.0,30.0,7.0,40.6,40.6,2019-07-30 07:00:00
2019,7.0,30.0,8.0,45.12,45.12,2019-07-30 08:00:00
2019,7.0,30.0,9.0,48.68,48.68,2019-07-30 09:00:00
2019,7.0,30.0,10.0,51.19,51.19,2019-07-30 10:00:00
2019,7.0,30.0,11.0,50.17,50.17,2019-07-30 11:00:00
2019,7.0,30.0,12.0,51.42,51.42,2019-07-30 12:00:00
2019,7.0,30.0,13.0,54.18,54.18,2019-07-30 13:00:00
2019,7.0,30.0,14.0,55.2,55.2,2019-07-30 14:00:00
2019,7.0,30.0,15.0,54.26,54.26,2019-07-30 15:00:00
2019,7.0,30.0,16.0,54.07,54.07,2019-07-30 16:00:00
2019,7.0,30.0,17.0,53.43,53.43,2019-07-30 17:00:00
2019,7.0,30.0,18.0,52.76,52.76,2019-07-30 18:00:00
2019,7.0,30.0,19.0,51.19,51.19,2019-07-30 19:00:00
2019,7.0,30.0,20.0,49.18,49.18,2019-07-30 20:00:00
2019,7.0,30.0,21.0,50.01,50.01,2019-07-30 21:00:00
2019,7.0,30.0,22.0,50.85,50.85,2019-07-30 22:00:00
2019,7.0,30.0,23.0,51.42,51.42,2019-07-30 23:00:00
2019,7.0,30.0,24.0,47.0,47.0,2019-07-31 00:00:00
2019,7.0,31.0,1.0,50.17,50.17,2019-07-31 01:00:00
2019,7.0,31.0,2.0,42.68,42.68,2019-07-31 02:00:00
2019,7.0,31.0,3.0,40.0,40.0,2019-07-31 03:00:00
2019,7.0,31.0,4.0,39.5,39.5,2019-07-31 04:00:00
2019,7.0,31.0,5.0,39.4,39.4,2019-07-31 05:00:00
2019,7.0,31.0,6.0,39.4,39.4,2019-07-31 06:00:00
2019,7.0,31.0,7.0,40.16,40.16,2019-07-31 07:00:00
2019,7.0,31.0,8.0,43.22,43.22,2019-07-31 08:00:00
2019,7.0,31.0,9.0,48.79,48.79,2019-07-31 09:00:00
2019,7.0,31.0,10.0,51.0,51.0,2019-07-31 10:00:00
2019,7.0,31.0,11.0,50.29,50.29,2019-07-31 11:00:00
2019,7.0,31.0,12.0,51.19,51.19,2019-07-31 12:00:00
2019,7.0,31.0,13.0,51.26,51.26,2019-07-31 13:00:00
2019,7.0,31.0,14.0,52.19,52.19,2019-07-31 14:00:00
2019,7.0,31.0,15.0,50.69,50.69,2019-07-31 15:00:00
2019,7.0,31.0,16.0,50.29,50.29,2019-07-31 16:00:00
2019,7.0,31.0,17.0,50.29,50.29,2019-07-31 17:00:00
2019,7.0,31.0,18.0,50.29,50.29,2019-07-31 18:00:00
2019,7.0,31.0,19.0,48.79,48.79,2019-07-31 19:00:00
2019,7.0,31.0,20.0,48.79,48.79,2019-07-31 20:00:00
2019,7.0,31.0,21.0,48.17,48.17,2019-07-31 21:00:00
2019,7.0,31.0,22.0,48.79,48.79,2019-07-31 22:00:00
2019,7.0,31.0,23.0,50.17,50.17,2019-07-31 23:00:00
2019,7.0,31.0,24.0,45.19,45.19,2019-08-01 00:00:00
2019,8.0,1.0,1.0,50.15,50.15,2019-08-01 01:00:00
2019,8.0,1.0,2.0,45.05,45.05,2019-08-01 02:00:00
2019,8.0,1.0,3.0,42.0,42.0,2019-08-01 03:00:00
2019,8.0,1.0,4.0,42.15,42.15,2019-08-01 04:00:00
2019,8.0,1.0,5.0,42.5,42.5,2019-08-01 05:00:00
2019,8.0,1.0,6.0,44.2,44.2,2019-08-01 06:00:00
2019,8.0,1.0,7.0,43.86,43.86,2019-08-01 07:00:00
2019,8.0,1.0,8.0,45.0,45.0,2019-08-01 08:00:00
2019,8.0,1.0,9.0,47.74,47.74,2019-08-01 09:00:00
2019,8.0,1.0,10.0,50.95,50.95,2019-08-01 10:00:00
2019,8.0,1.0,11.0,51.01,51.01,2019-08-01 11:00:00
2019,8.0,1.0,12.0,50.53,50.53,2019-08-01 12:00:00
2019,8.0,1.0,13.0,51.18,51.18,2019-08-01 13:00:00
2019,8.0,1.0,14.0,51.18,51.18,2019-08-01 14:00:00
2019,8.0,1.0,15.0,49.86,49.86,2019-08-01 15:00:00
2019,8.0,1.0,16.0,48.99,48.99,2019-08-01 16:00:00
2019,8.0,1.0,17.0,49.53,49.53,2019-08-01 17:00:00
2019,8.0,1.0,18.0,49.07,49.07,2019-08-01 18:00:00
2019,8.0,1.0,19.0,51.08,51.08,2019-08-01 19:00:00
2019,8.0,1.0,20.0,50.08,50.08,2019-08-01 20:00:00
2019,8.0,1.0,21.0,49.5,49.5,2019-08-01 21:00:00
2019,8.0,1.0,22.0,51.0,51.0,2019-08-01 22:00:00
2019,8.0,1.0,23.0,51.53,51.53,2019-08-01 23:00:00
2019,8.0,1.0,24.0,49.01,49.01,2019-08-02 00:00:00
2019,8.0,2.0,1.0,50.95,50.95,2019-08-02 01:00:00
2019,8.0,2.0,2.0,47.57,47.57,2019-08-02 02:00:00
2019,8.0,2.0,3.0,44.17,44.17,2019-08-02 03:00:00
2019,8.0,2.0,4.0,43.0,43.0,2019-08-02 04:00:00
2019,8.0,2.0,5.0,42.0,42.0,2019-08-02 05:00:00
2019,8.0,2.0,6.0,43.33,43.33,2019-08-02 06:00:00
2019,8.0,2.0,7.0,44.57,44.57,2019-08-02 07:00:00
2019,8.0,2.0,8.0,46.5,46.5,2019-08-02 08:00:00
2019,8.0,2.0,9.0,49.99,49.99,2019-08-02 09:00:00
2019,8.0,2.0,10.0,50.95,50.95,2019-08-02 10:00:00
2019,8.0,2.0,11.0,51.01,51.01,2019-08-02 11:00:00
2019,8.0,2.0,12.0,51.7,51.7,2019-08-02 12:00:00
2019,8.0,2.0,13.0,51.7,51.7,2019-08-02 13:00:00
2019,8.0,2.0,14.0,51.7,51.7,2019-08-02 14:00:00
2019,8.0,2.0,15.0,51.2,51.2,2019-08-02 15:00:00
2019,8.0,2.0,16.0,50.95,50.95,2019-08-02 16:00:00
2019,8.0,2.0,17.0,50.87,50.87,2019-08-02 17:00:00
2019,8.0,2.0,18.0,50.7,50.7,2019-08-02 18:00:00
2019,8.0,2.0,19.0,50.2,50.2,2019-08-02 19:00:00
2019,8.0,2.0,20.0,49.93,49.93,2019-08-02 20:00:00
2019,8.0,2.0,21.0,50.7,50.7,2019-08-02 21:00:00
2019,8.0,2.0,22.0,50.87,50.87,2019-08-02 22:00:00
2019,8.0,2.0,23.0,49.92,49.92,2019-08-02 23:00:00
2019,8.0,2.0,24.0,48.0,48.0,2019-08-03 00:00:00
2019,8.0,3.0,1.0,51.33,51.33,2019-08-03 01:00:00
2019,8.0,3.0,2.0,50.0,50.0,2019-08-03 02:00:00
2019,8.0,3.0,3.0,47.58,47.58,2019-08-03 03:00:00
2019,8.0,3.0,4.0,46.72,46.72,2019-08-03 04:00:00
2019,8.0,3.0,5.0,46.47,46.47,2019-08-03 05:00:00
2019,8.0,3.0,6.0,46.01,46.01,2019-08-03 06:00:00
2019,8.0,3.0,7.0,43.57,43.57,2019-08-03 07:00:00
2019,8.0,3.0,8.0,44.63,44.63,2019-08-03 08:00:00
2019,8.0,3.0,9.0,45.51,45.51,2019-08-03 09:00:00
2019,8.0,3.0,10.0,48.95,48.95,2019-08-03 10:00:00
2019,8.0,3.0,11.0,50.5,50.5,2019-08-03 11:00:00
2019,8.0,3.0,12.0,51.2,51.2,2019-08-03 12:00:00
2019,8.0,3.0,13.0,50.53,50.53,2019-08-03 13:00:00
2019,8.0,3.0,14.0,50.89,50.89,2019-08-03 14:00:00
2019,8.0,3.0,15.0,48.49,48.49,2019-08-03 15:00:00
2019,8.0,3.0,16.0,46.58,46.58,2019-08-03 16:00:00
2019,8.0,3.0,17.0,44.46,44.46,2019-08-03 17:00:00
2019,8.0,3.0,18.0,43.03,43.03,2019-08-03 18:00:00
2019,8.0,3.0,19.0,43.03,43.03,2019-08-03 19:00:00
2019,8.0,3.0,20.0,44.2,44.2,2019-08-03 20:00:00
2019,8.0,3.0,21.0,46.0,46.0,2019-08-03 21:00:00
2019,8.0,3.0,22.0,49.07,49.07,2019-08-03 22:00:00
2019,8.0,3.0,23.0,49.0,49.0,2019-08-03 23:00:00
2019,8.0,3.0,24.0,50.07,50.07,2019-08-04 00:00:00
2019,8.0,4.0,1.0,51.2,51.2,2019-08-04 01:00:00
2019,8.0,4.0,2.0,49.82,49.82,2019-08-04 02:00:00
2019,8.0,4.0,3.0,46.6,46.6,2019-08-04 03:00:00
2019,8.0,4.0,4.0,45.47,45.47,2019-08-04 04:00:00
2019,8.0,4.0,5.0,44.6,44.6,2019-08-04 05:00:00
2019,8.0,4.0,6.0,44.7,44.7,2019-08-04 06:00:00
2019,8.0,4.0,7.0,44.01,44.01,2019-08-04 07:00:00
2019,8.0,4.0,8.0,44.71,44.71,2019-08-04 08:00:00
2019,8.0,4.0,9.0,44.71,44.71,2019-08-04 09:00:00
2019,8.0,4.0,10.0,44.72,44.72,2019-08-04 10:00:00
2019,8.0,4.0,11.0,44.16,44.16,2019-08-04 11:00:00
2019,8.0,4.0,12.0,46.36,46.36,2019-08-04 12:00:00
2019,8.0,4.0,13.0,48.95,48.95,2019-08-04 13:00:00
2019,8.0,4.0,14.0,49.47,49.47,2019-08-04 14:00:00
2019,8.0,4.0,15.0,47.01,47.01,2019-08-04 15:00:00
2019,8.0,4.0,16.0,46.58,46.58,2019-08-04 16:00:00
2019,8.0,4.0,17.0,43.01,43.01,2019-08-04 17:00:00
2019,8.0,4.0,18.0,42.89,42.89,2019-08-04 18:00:00
2019,8.0,4.0,19.0,41.75,41.75,2019-08-04 19:00:00
2019,8.0,4.0,20.0,42.9,42.9,2019-08-04 20:00:00
2019,8.0,4.0,21.0,44.91,44.91,2019-08-04 21:00:00
2019,8.0,4.0,22.0,51.21,51.21,2019-08-04 22:00:00
2019,8.0,4.0,23.0,52.1,52.1,2019-08-04 23:00:00
2019,8.0,4.0,24.0,51.95,51.95,2019-08-05 00:00:00
2019,8.0,5.0,1.0,51.49,51.49,2019-08-05 01:00:00
2019,8.0,5.0,2.0,47.18,47.18,2019-08-05 02:00:00
2019,8.0,5.0,3.0,45.75,45.75,2019-08-05 03:00:00
2019,8.0,5.0,4.0,45.6,45.6,2019-08-05 04:00:00
2019,8.0,5.0,5.0,45.75,45.75,2019-08-05 05:00:00
2019,8.0,5.0,6.0,49.17,49.17,2019-08-05 06:00:00
2019,8.0,5.0,7.0,51.25,51.25,2019-08-05 07:00:00
2019,8.0,5.0,8.0,51.89,51.89,2019-08-05 08:00:00
2019,8.0,5.0,9.0,51.79,51.79,2019-08-05 09:00:00
2019,8.0,5.0,10.0,51.49,51.49,2019-08-05 10:00:00
2019,8.0,5.0,11.0,51.17,51.17,2019-08-05 11:00:00
2019,8.0,5.0,12.0,51.79,51.79,2019-08-05 12:00:00
2019,8.0,5.0,13.0,52.04,52.04,2019-08-05 13:00:00
2019,8.0,5.0,14.0,52.79,52.79,2019-08-05 14:00:00
2019,8.0,5.0,15.0,52.04,52.04,2019-08-05 15:00:00
2019,8.0,5.0,16.0,51.79,51.79,2019-08-05 16:00:00
2019,8.0,5.0,17.0,51.25,51.25,2019-08-05 17:00:00
2019,8.0,5.0,18.0,50.89,50.89,2019-08-05 18:00:00
2019,8.0,5.0,19.0,48.8,48.8,2019-08-05 19:00:00
2019,8.0,5.0,20.0,48.49,48.49,2019-08-05 20:00:00
2019,8.0,5.0,21.0,50.08,50.08,2019-08-05 21:00:00
2019,8.0,5.0,22.0,51.79,51.79,2019-08-05 22:00:00
2019,8.0,5.0,23.0,51.49,51.49,2019-08-05 23:00:00
2019,8.0,5.0,24.0,50.79,50.79,2019-08-06 00:00:00
2019,8.0,6.0,1.0,51.79,51.79,2019-08-06 01:00:00
2019,8.0,6.0,2.0,50.9,50.9,2019-08-06 02:00:00
2019,8.0,6.0,3.0,49.16,49.16,2019-08-06 03:00:00
2019,8.0,6.0,4.0,48.1,48.1,2019-08-06 04:00:00
2019,8.0,6.0,5.0,48.0,48.0,2019-08-06 05:00:00
2019,8.0,6.0,6.0,48.55,48.55,2019-08-06 06:00:00
2019,8.0,6.0,7.0,46.93,46.93,2019-08-06 07:00:00
2019,8.0,6.0,8.0,50.0,50.0,2019-08-06 08:00:00
2019,8.0,6.0,9.0,51.2,51.2,2019-08-06 09:00:00
2019,8.0,6.0,10.0,51.83,51.83,2019-08-06 10:00:00
2019,8.0,6.0,11.0,51.0,51.0,2019-08-06 11:00:00
2019,8.0,6.0,12.0,51.79,51.79,2019-08-06 12:00:00
2019,8.0,6.0,13.0,51.99,51.99,2019-08-06 13:00:00
2019,8.0,6.0,14.0,52.03,52.03,2019-08-06 14:00:00
2019,8.0,6.0,15.0,51.79,51.79,2019-08-06 15:00:00
2019,8.0,6.0,16.0,50.8,50.8,2019-08-06 16:00:00
2019,8.0,6.0,17.0,50.11,50.11,2019-08-06 17:00:00
2019,8.0,6.0,18.0,48.81,48.81,2019-08-06 18:00:00
2019,8.0,6.0,19.0,48.93,48.93,2019-08-06 19:00:00
2019,8.0,6.0,20.0,49.75,49.75,2019-08-06 20:00:00
2019,8.0,6.0,21.0,49.07,49.07,2019-08-06 21:00:00
2019,8.0,6.0,22.0,50.07,50.07,2019-08-06 22:00:00
2019,8.0,6.0,23.0,49.12,49.12,2019-08-06 23:00:00
2019,8.0,6.0,24.0,47.51,47.51,2019-08-07 00:00:00
2019,8.0,7.0,1.0,49.76,49.76,2019-08-07 01:00:00
2019,8.0,7.0,2.0,46.21,46.21,2019-08-07 02:00:00
2019,8.0,7.0,3.0,43.51,43.51,2019-08-07 03:00:00
2019,8.0,7.0,4.0,41.75,41.75,2019-08-07 04:00:00
2019,8.0,7.0,5.0,42.8,42.8,2019-08-07 05:00:00
2019,8.0,7.0,6.0,45.0,45.0,2019-08-07 06:00:00
2019,8.0,7.0,7.0,47.0,47.0,2019-08-07 07:00:00
2019,8.0,7.0,8.0,48.28,48.28,2019-08-07 08:00:00
2019,8.0,7.0,9.0,51.2,51.2,2019-08-07 09:00:00
2019,8.0,7.0,10.0,51.45,51.45,2019-08-07 10:00:00
2019,8.0,7.0,11.0,51.24,51.24,2019-08-07 11:00:00
2019,8.0,7.0,12.0,51.83,51.83,2019-08-07 12:00:00
2019,8.0,7.0,13.0,51.97,51.97,2019-08-07 13:00:00
2019,8.0,7.0,14.0,52.81,52.81,2019-08-07 14:00:00
2019,8.0,7.0,15.0,51.89,51.89,2019-08-07 15:00:00
2019,8.0,7.0,16.0,51.45,51.45,2019-08-07 16:00:00
2019,8.0,7.0,17.0,51.22,51.22,2019-08-07 17:00:00
2019,8.0,7.0,18.0,51.12,51.12,2019-08-07 18:00:00
2019,8.0,7.0,19.0,50.97,50.97,2019-08-07 19:00:00
2019,8.0,7.0,20.0,51.45,51.45,2019-08-07 20:00:00
2019,8.0,7.0,21.0,51.0,51.0,2019-08-07 21:00:00
2019,8.0,7.0,22.0,51.81,51.81,2019-08-07 22:00:00
2019,8.0,7.0,23.0,51.22,51.22,2019-08-07 23:00:00
2019,8.0,7.0,24.0,50.07,50.07,2019-08-08 00:00:00
2019,8.0,8.0,1.0,50.5,50.5,2019-08-08 01:00:00
2019,8.0,8.0,2.0,50.07,50.07,2019-08-08 02:00:00
2019,8.0,8.0,3.0,47.51,47.51,2019-08-08 03:00:00
2019,8.0,8.0,4.0,45.5,45.5,2019-08-08 04:00:00
2019,8.0,8.0,5.0,44.53,44.53,2019-08-08 05:00:00
2019,8.0,8.0,6.0,46.0,46.0,2019-08-08 06:00:00
2019,8.0,8.0,7.0,48.55,48.55,2019-08-08 07:00:00
2019,8.0,8.0,8.0,49.44,49.44,2019-08-08 08:00:00
2019,8.0,8.0,9.0,50.93,50.93,2019-08-08 09:00:00
2019,8.0,8.0,10.0,50.96,50.96,2019-08-08 10:00:00
2019,8.0,8.0,11.0,50.03,50.03,2019-08-08 11:00:00
2019,8.0,8.0,12.0,49.24,49.24,2019-08-08 12:00:00
2019,8.0,8.0,13.0,49.33,49.33,2019-08-08 13:00:00
2019,8.0,8.0,14.0,50.47,50.47,2019-08-08 14:00:00
2019,8.0,8.0,15.0,47.57,47.57,2019-08-08 15:00:00
2019,8.0,8.0,16.0,45.9,45.9,2019-08-08 16:00:00
2019,8.0,8.0,17.0,45.25,45.25,2019-08-08 17:00:00
2019,8.0,8.0,18.0,45.24,45.24,2019-08-08 18:00:00
2019,8.0,8.0,19.0,45.23,45.23,2019-08-08 19:00:00
2019,8.0,8.0,20.0,45.25,45.25,2019-08-08 20:00:00
2019,8.0,8.0,21.0,45.9,45.9,2019-08-08 21:00:00
2019,8.0,8.0,22.0,50.41,50.41,2019-08-08 22:00:00
2019,8.0,8.0,23.0,47.9,47.9,2019-08-08 23:00:00
2019,8.0,8.0,24.0,47.57,47.57,2019-08-09 00:00:00
2019,8.0,9.0,1.0,42.6,42.6,2019-08-09 01:00:00
2019,8.0,9.0,2.0,42.0,42.0,2019-08-09 02:00:00
2019,8.0,9.0,3.0,38.75,38.75,2019-08-09 03:00:00
2019,8.0,9.0,4.0,37.96,37.96,2019-08-09 04:00:00
2019,8.0,9.0,5.0,36.69,36.69,2019-08-09 05:00:00
2019,8.0,9.0,6.0,37.41,37.41,2019-08-09 06:00:00
2019,8.0,9.0,7.0,39.09,39.09,2019-08-09 07:00:00
2019,8.0,9.0,8.0,42.0,42.0,2019-08-09 08:00:00
2019,8.0,9.0,9.0,44.24,44.24,2019-08-09 09:00:00
2019,8.0,9.0,10.0,44.75,44.75,2019-08-09 10:00:00
2019,8.0,9.0,11.0,44.7,44.7,2019-08-09 11:00:00
2019,8.0,9.0,12.0,44.33,44.33,2019-08-09 12:00:00
2019,8.0,9.0,13.0,45.25,45.25,2019-08-09 13:00:00
2019,8.0,9.0,14.0,45.46,45.46,2019-08-09 14:00:00
2019,8.0,9.0,15.0,44.95,44.95,2019-08-09 15:00:00
2019,8.0,9.0,16.0,43.28,43.28,2019-08-09 16:00:00
2019,8.0,9.0,17.0,42.5,42.5,2019-08-09 17:00:00
2019,8.0,9.0,18.0,42.5,42.5,2019-08-09 18:00:00
2019,8.0,9.0,19.0,43.88,43.88,2019-08-09 19:00:00
2019,8.0,9.0,20.0,45.25,45.25,2019-08-09 20:00:00
2019,8.0,9.0,21.0,49.45,49.45,2019-08-09 21:00:00
2019,8.0,9.0,22.0,53.2,53.2,2019-08-09 22:00:00
2019,8.0,9.0,23.0,53.19,53.19,2019-08-09 23:00:00
2019,8.0,9.0,24.0,51.45,51.45,2019-08-10 00:00:00
2019,8.0,10.0,1.0,48.53,48.53,2019-08-10 01:00:00
2019,8.0,10.0,2.0,45.88,45.88,2019-08-10 02:00:00
2019,8.0,10.0,3.0,44.7,44.7,2019-08-10 03:00:00
2019,8.0,10.0,4.0,43.95,43.95,2019-08-10 04:00:00
2019,8.0,10.0,5.0,43.71,43.71,2019-08-10 05:00:00
2019,8.0,10.0,6.0,43.46,43.46,2019-08-10 06:00:00
2019,8.0,10.0,7.0,42.66,42.66,2019-08-10 07:00:00
2019,8.0,10.0,8.0,44.0,44.0,2019-08-10 08:00:00
2019,8.0,10.0,9.0,45.26,45.26,2019-08-10 09:00:00
2019,8.0,10.0,10.0,47.97,47.97,2019-08-10 10:00:00
2019,8.0,10.0,11.0,46.52,46.52,2019-08-10 11:00:00
2019,8.0,10.0,12.0,46.71,46.71,2019-08-10 12:00:00
2019,8.0,10.0,13.0,47.44,47.44,2019-08-10 13:00:00
2019,8.0,10.0,14.0,48.05,48.05,2019-08-10 14:00:00
2019,8.0,10.0,15.0,47.51,47.51,2019-08-10 15:00:00
2019,8.0,10.0,16.0,46.13,46.13,2019-08-10 16:00:00
2019,8.0,10.0,17.0,44.89,44.89,2019-08-10 17:00:00
2019,8.0,10.0,18.0,44.23,44.23,2019-08-10 18:00:00
2019,8.0,10.0,19.0,44.13,44.13,2019-08-10 19:00:00
2019,8.0,10.0,20.0,45.25,45.25,2019-08-10 20:00:00
2019,8.0,10.0,21.0,49.0,49.0,2019-08-10 21:00:00
2019,8.0,10.0,22.0,51.0,51.0,2019-08-10 22:00:00
2019,8.0,10.0,23.0,50.25,50.25,2019-08-10 23:00:00
2019,8.0,10.0,24.0,47.42,47.42,2019-08-11 00:00:00
2019,8.0,11.0,1.0,47.25,47.25,2019-08-11 01:00:00
2019,8.0,11.0,2.0,45.53,45.53,2019-08-11 02:00:00
2019,8.0,11.0,3.0,42.48,42.48,2019-08-11 03:00:00
2019,8.0,11.0,4.0,41.0,41.0,2019-08-11 04:00:00
2019,8.0,11.0,5.0,40.0,40.0,2019-08-11 05:00:00
2019,8.0,11.0,6.0,40.0,40.0,2019-08-11 06:00:00
2019,8.0,11.0,7.0,39.75,39.75,2019-08-11 07:00:00
2019,8.0,11.0,8.0,38.5,38.5,2019-08-11 08:00:00
2019,8.0,11.0,9.0,39.77,39.77,2019-08-11 09:00:00
2019,8.0,11.0,10.0,43.0,43.0,2019-08-11 10:00:00
2019,8.0,11.0,11.0,43.0,43.0,2019-08-11 11:00:00
2019,8.0,11.0,12.0,44.0,44.0,2019-08-11 12:00:00
2019,8.0,11.0,13.0,44.7,44.7,2019-08-11 13:00:00
2019,8.0,11.0,14.0,45.0,45.0,2019-08-11 14:00:00
2019,8.0,11.0,15.0,43.53,43.53,2019-08-11 15:00:00
2019,8.0,11.0,16.0,40.47,40.47,2019-08-11 16:00:00
2019,8.0,11.0,17.0,38.45,38.45,2019-08-11 17:00:00
2019,8.0,11.0,18.0,38.01,38.01,2019-08-11 18:00:00
2019,8.0,11.0,19.0,38.03,38.03,2019-08-11 19:00:00
2019,8.0,11.0,20.0,39.75,39.75,2019-08-11 20:00:00
2019,8.0,11.0,21.0,42.31,42.31,2019-08-11 21:00:00
2019,8.0,11.0,22.0,48.03,48.03,2019-08-11 22:00:00
2019,8.0,11.0,23.0,50.9,50.9,2019-08-11 23:00:00
2019,8.0,11.0,24.0,46.05,46.05,2019-08-12 00:00:00
2019,8.0,12.0,1.0,42.0,42.0,2019-08-12 01:00:00
2019,8.0,12.0,2.0,38.0,38.0,2019-08-12 02:00:00
2019,8.0,12.0,3.0,36.52,36.52,2019-08-12 03:00:00
2019,8.0,12.0,4.0,36.3,36.3,2019-08-12 04:00:00
2019,8.0,12.0,5.0,36.1,36.1,2019-08-12 05:00:00
2019,8.0,12.0,6.0,36.52,36.52,2019-08-12 06:00:00
2019,8.0,12.0,7.0,38.5,38.5,2019-08-12 07:00:00
2019,8.0,12.0,8.0,41.3,41.3,2019-08-12 08:00:00
2019,8.0,12.0,9.0,43.16,43.16,2019-08-12 09:00:00
2019,8.0,12.0,10.0,45.58,45.58,2019-08-12 10:00:00
2019,8.0,12.0,11.0,44.89,44.89,2019-08-12 11:00:00
2019,8.0,12.0,12.0,44.9,44.9,2019-08-12 12:00:00
2019,8.0,12.0,13.0,46.0,46.0,2019-08-12 13:00:00
2019,8.0,12.0,14.0,48.5,48.5,2019-08-12 14:00:00
2019,8.0,12.0,15.0,47.51,47.51,2019-08-12 15:00:00
2019,8.0,12.0,16.0,46.57,46.57,2019-08-12 16:00:00
2019,8.0,12.0,17.0,46.0,46.0,2019-08-12 17:00:00
2019,8.0,12.0,18.0,46.57,46.57,2019-08-12 18:00:00
2019,8.0,12.0,19.0,46.28,46.28,2019-08-12 19:00:00
2019,8.0,12.0,20.0,45.79,45.79,2019-08-12 20:00:00
2019,8.0,12.0,21.0,47.0,47.0,2019-08-12 21:00:00
2019,8.0,12.0,22.0,50.1,50.1,2019-08-12 22:00:00
2019,8.0,12.0,23.0,48.5,48.5,2019-08-12 23:00:00
2019,8.0,12.0,24.0,43.68,43.68,2019-08-13 00:00:00
2019,8.0,13.0,1.0,38.45,38.45,2019-08-13 01:00:00
2019,8.0,13.0,2.0,36.3,36.3,2019-08-13 02:00:00
2019,8.0,13.0,3.0,35.94,35.11,2019-08-13 03:00:00
2019,8.0,13.0,4.0,35.02,35.0,2019-08-13 04:00:00
2019,8.0,13.0,5.0,35.0,35.0,2019-08-13 05:00:00
2019,8.0,13.0,6.0,35.11,35.11,2019-08-13 06:00:00
2019,8.0,13.0,7.0,36.97,36.97,2019-08-13 07:00:00
2019,8.0,13.0,8.0,38.5,38.5,2019-08-13 08:00:00
2019,8.0,13.0,9.0,42.46,42.46,2019-08-13 09:00:00
2019,8.0,13.0,10.0,44.26,44.26,2019-08-13 10:00:00
2019,8.0,13.0,11.0,44.89,44.89,2019-08-13 11:00:00
2019,8.0,13.0,12.0,46.17,46.17,2019-08-13 12:00:00
2019,8.0,13.0,13.0,47.49,47.49,2019-08-13 13:00:00
2019,8.0,13.0,14.0,48.5,48.5,2019-08-13 14:00:00
2019,8.0,13.0,15.0,48.5,48.5,2019-08-13 15:00:00
2019,8.0,13.0,16.0,47.25,47.25,2019-08-13 16:00:00
2019,8.0,13.0,17.0,46.83,46.83,2019-08-13 17:00:00
2019,8.0,13.0,18.0,46.5,46.5,2019-08-13 18:00:00
2019,8.0,13.0,19.0,46.0,46.0,2019-08-13 19:00:00
2019,8.0,13.0,20.0,45.14,45.14,2019-08-13 20:00:00
2019,8.0,13.0,21.0,46.53,46.53,2019-08-13 21:00:00
2019,8.0,13.0,22.0,49.01,49.01,2019-08-13 22:00:00
2019,8.0,13.0,23.0,46.83,46.83,2019-08-13 23:00:00
2019,8.0,13.0,24.0,43.49,43.49,2019-08-14 00:00:00
2019,8.0,14.0,1.0,46.56,46.56,2019-08-14 01:00:00
2019,8.0,14.0,2.0,42.62,42.62,2019-08-14 02:00:00
2019,8.0,14.0,3.0,39.99,39.99,2019-08-14 03:00:00
2019,8.0,14.0,4.0,40.36,40.36,2019-08-14 04:00:00
2019,8.0,14.0,5.0,38.69,38.69,2019-08-14 05:00:00
2019,8.0,14.0,6.0,42.5,42.5,2019-08-14 06:00:00
2019,8.0,14.0,7.0,44.54,44.54,2019-08-14 07:00:00
2019,8.0,14.0,8.0,46.0,46.0,2019-08-14 08:00:00
2019,8.0,14.0,9.0,47.5,47.5,2019-08-14 09:00:00
2019,8.0,14.0,10.0,48.35,48.35,2019-08-14 10:00:00
2019,8.0,14.0,11.0,47.75,47.75,2019-08-14 11:00:00
2019,8.0,14.0,12.0,47.5,47.5,2019-08-14 12:00:00
2019,8.0,14.0,13.0,47.75,47.75,2019-08-14 13:00:00
2019,8.0,14.0,14.0,48.0,48.0,2019-08-14 14:00:00
2019,8.0,14.0,15.0,47.25,47.25,2019-08-14 15:00:00
2019,8.0,14.0,16.0,45.83,45.83,2019-08-14 16:00:00
2019,8.0,14.0,17.0,46.0,46.0,2019-08-14 17:00:00
2019,8.0,14.0,18.0,46.56,46.56,2019-08-14 18:00:00
2019,8.0,14.0,19.0,47.01,47.01,2019-08-14 19:00:00
2019,8.0,14.0,20.0,47.1,47.1,2019-08-14 20:00:00
2019,8.0,14.0,21.0,47.4,47.4,2019-08-14 21:00:00
2019,8.0,14.0,22.0,48.26,48.26,2019-08-14 22:00:00
2019,8.0,14.0,23.0,47.25,47.25,2019-08-14 23:00:00
2019,8.0,14.0,24.0,45.93,45.93,2019-08-15 00:00:00
2019,8.0,15.0,1.0,45.9,45.9,2019-08-15 01:00:00
2019,8.0,15.0,2.0,43.36,43.36,2019-08-15 02:00:00
2019,8.0,15.0,3.0,40.36,40.36,2019-08-15 03:00:00
2019,8.0,15.0,4.0,37.36,37.36,2019-08-15 04:00:00
2019,8.0,15.0,5.0,36.69,36.69,2019-08-15 05:00:00
2019,8.0,15.0,6.0,36.57,36.57,2019-08-15 06:00:00
2019,8.0,15.0,7.0,37.0,37.0,2019-08-15 07:00:00
2019,8.0,15.0,8.0,37.09,37.09,2019-08-15 08:00:00
2019,8.0,15.0,9.0,39.75,39.75,2019-08-15 09:00:00
2019,8.0,15.0,10.0,40.38,40.38,2019-08-15 10:00:00
2019,8.0,15.0,11.0,40.0,40.0,2019-08-15 11:00:00
2019,8.0,15.0,12.0,40.0,40.0,2019-08-15 12:00:00
2019,8.0,15.0,13.0,41.5,41.5,2019-08-15 13:00:00
2019,8.0,15.0,14.0,42.37,42.37,2019-08-15 14:00:00
2019,8.0,15.0,15.0,41.85,41.85,2019-08-15 15:00:00
2019,8.0,15.0,16.0,40.49,40.49,2019-08-15 16:00:00
2019,8.0,15.0,17.0,39.51,39.51,2019-08-15 17:00:00
2019,8.0,15.0,18.0,38.89,38.89,2019-08-15 18:00:00
2019,8.0,15.0,19.0,38.8,38.8,2019-08-15 19:00:00
2019,8.0,15.0,20.0,39.3,39.3,2019-08-15 20:00:00
2019,8.0,15.0,21.0,41.6,41.6,2019-08-15 21:00:00
2019,8.0,15.0,22.0,47.75,47.75,2019-08-15 22:00:00
2019,8.0,15.0,23.0,47.75,47.75,2019-08-15 23:00:00
2019,8.0,15.0,24.0,44.51,44.51,2019-08-16 00:00:00
2019,8.0,16.0,1.0,46.0,46.0,2019-08-16 01:00:00
2019,8.0,16.0,2.0,44.01,44.01,2019-08-16 02:00:00
2019,8.0,16.0,3.0,44.0,44.0,2019-08-16 03:00:00
2019,8.0,16.0,4.0,43.6,43.6,2019-08-16 04:00:00
2019,8.0,16.0,5.0,43.61,43.61,2019-08-16 05:00:00
2019,8.0,16.0,6.0,44.0,44.0,2019-08-16 06:00:00
2019,8.0,16.0,7.0,41.64,41.64,2019-08-16 07:00:00
2019,8.0,16.0,8.0,42.23,42.23,2019-08-16 08:00:00
2019,8.0,16.0,9.0,43.7,43.7,2019-08-16 09:00:00
2019,8.0,16.0,10.0,45.04,45.04,2019-08-16 10:00:00
2019,8.0,16.0,11.0,44.94,44.94,2019-08-16 11:00:00
2019,8.0,16.0,12.0,46.01,46.01,2019-08-16 12:00:00
2019,8.0,16.0,13.0,47.02,47.02,2019-08-16 13:00:00
2019,8.0,16.0,14.0,47.5,47.5,2019-08-16 14:00:00
2019,8.0,16.0,15.0,46.01,46.01,2019-08-16 15:00:00
2019,8.0,16.0,16.0,43.52,43.52,2019-08-16 16:00:00
2019,8.0,16.0,17.0,42.66,42.66,2019-08-16 17:00:00
2019,8.0,16.0,18.0,42.09,42.09,2019-08-16 18:00:00
2019,8.0,16.0,19.0,42.23,42.23,2019-08-16 19:00:00
2019,8.0,16.0,20.0,42.67,42.67,2019-08-16 20:00:00
2019,8.0,16.0,21.0,44.53,44.53,2019-08-16 21:00:00
2019,8.0,16.0,22.0,48.1,48.1,2019-08-16 22:00:00
2019,8.0,16.0,23.0,47.4,47.4,2019-08-16 23:00:00
2019,8.0,16.0,24.0,44.98,44.98,2019-08-17 00:00:00
2019,8.0,17.0,1.0,45.27,45.27,2019-08-17 01:00:00
2019,8.0,17.0,2.0,45.25,45.25,2019-08-17 02:00:00
2019,8.0,17.0,3.0,43.64,43.64,2019-08-17 03:00:00
2019,8.0,17.0,4.0,43.11,43.11,2019-08-17 04:00:00
2019,8.0,17.0,5.0,42.73,42.73,2019-08-17 05:00:00
2019,8.0,17.0,6.0,43.05,43.05,2019-08-17 06:00:00
2019,8.0,17.0,7.0,41.49,41.49,2019-08-17 07:00:00
2019,8.0,17.0,8.0,38.01,38.01,2019-08-17 08:00:00
2019,8.0,17.0,9.0,41.25,41.25,2019-08-17 09:00:00
2019,8.0,17.0,10.0,42.01,42.01,2019-08-17 10:00:00
2019,8.0,17.0,11.0,41.81,41.81,2019-08-17 11:00:00
2019,8.0,17.0,12.0,43.57,43.57,2019-08-17 12:00:00
2019,8.0,17.0,13.0,44.01,44.01,2019-08-17 13:00:00
2019,8.0,17.0,14.0,44.01,44.01,2019-08-17 14:00:00
2019,8.0,17.0,15.0,42.2,42.2,2019-08-17 15:00:00
2019,8.0,17.0,16.0,39.01,39.01,2019-08-17 16:00:00
2019,8.0,17.0,17.0,37.67,37.67,2019-08-17 17:00:00
2019,8.0,17.0,18.0,37.0,37.0,2019-08-17 18:00:00
2019,8.0,17.0,19.0,37.12,37.12,2019-08-17 19:00:00
2019,8.0,17.0,20.0,38.0,38.0,2019-08-17 20:00:00
2019,8.0,17.0,21.0,42.0,42.0,2019-08-17 21:00:00
2019,8.0,17.0,22.0,47.4,47.4,2019-08-17 22:00:00
2019,8.0,17.0,23.0,45.98,45.98,2019-08-17 23:00:00
2019,8.0,17.0,24.0,40.19,40.19,2019-08-18 00:00:00
2019,8.0,18.0,1.0,42.8,42.8,2019-08-18 01:00:00
2019,8.0,18.0,2.0,36.74,36.74,2019-08-18 02:00:00
2019,8.0,18.0,3.0,35.27,35.27,2019-08-18 03:00:00
2019,8.0,18.0,4.0,34.93,34.93,2019-08-18 04:00:00
2019,8.0,18.0,5.0,35.02,35.02,2019-08-18 05:00:00
2019,8.0,18.0,6.0,36.69,36.69,2019-08-18 06:00:00
2019,8.0,18.0,7.0,36.79,36.79,2019-08-18 07:00:00
2019,8.0,18.0,8.0,36.69,36.69,2019-08-18 08:00:00
2019,8.0,18.0,9.0,38.01,38.01,2019-08-18 09:00:00
2019,8.0,18.0,10.0,40.0,40.0,2019-08-18 10:00:00
2019,8.0,18.0,11.0,39.39,39.39,2019-08-18 11:00:00
2019,8.0,18.0,12.0,40.0,40.0,2019-08-18 12:00:00
2019,8.0,18.0,13.0,40.63,40.63,2019-08-18 13:00:00
2019,8.0,18.0,14.0,41.89,41.89,2019-08-18 14:00:00
2019,8.0,18.0,15.0,41.17,41.17,2019-08-18 15:00:00
2019,8.0,18.0,16.0,38.01,38.01,2019-08-18 16:00:00
2019,8.0,18.0,17.0,37.0,37.0,2019-08-18 17:00:00
2019,8.0,18.0,18.0,36.0,36.0,2019-08-18 18:00:00
2019,8.0,18.0,19.0,35.59,35.59,2019-08-18 19:00:00
2019,8.0,18.0,20.0,36.48,36.48,2019-08-18 20:00:00
2019,8.0,18.0,21.0,37.23,37.23,2019-08-18 21:00:00
2019,8.0,18.0,22.0,47.26,47.26,2019-08-18 22:00:00
2019,8.0,18.0,23.0,47.51,47.51,2019-08-18 23:00:00
2019,8.0,18.0,24.0,42.0,42.0,2019-08-19 00:00:00
2019,8.0,19.0,1.0,40.0,40.0,2019-08-19 01:00:00
2019,8.0,19.0,2.0,35.69,35.69,2019-08-19 02:00:00
2019,8.0,19.0,3.0,33.93,33.93,2019-08-19 03:00:00
2019,8.0,19.0,4.0,33.25,33.25,2019-08-19 04:00:00
2019,8.0,19.0,5.0,33.25,33.25,2019-08-19 05:00:00
2019,8.0,19.0,6.0,33.75,33.75,2019-08-19 06:00:00
2019,8.0,19.0,7.0,35.69,35.69,2019-08-19 07:00:00
2019,8.0,19.0,8.0,39.05,39.05,2019-08-19 08:00:00
2019,8.0,19.0,9.0,42.01,42.01,2019-08-19 09:00:00
2019,8.0,19.0,10.0,44.4,44.4,2019-08-19 10:00:00
2019,8.0,19.0,11.0,45.0,45.0,2019-08-19 11:00:00
2019,8.0,19.0,12.0,45.51,45.51,2019-08-19 12:00:00
2019,8.0,19.0,13.0,47.26,47.26,2019-08-19 13:00:00
2019,8.0,19.0,14.0,48.37,48.37,2019-08-19 14:00:00
2019,8.0,19.0,15.0,47.51,47.51,2019-08-19 15:00:00
2019,8.0,19.0,16.0,45.41,45.41,2019-08-19 16:00:00
2019,8.0,19.0,17.0,45.0,45.0,2019-08-19 17:00:00
2019,8.0,19.0,18.0,43.18,43.18,2019-08-19 18:00:00
2019,8.0,19.0,19.0,43.07,43.07,2019-08-19 19:00:00
2019,8.0,19.0,20.0,42.17,42.17,2019-08-19 20:00:00
2019,8.0,19.0,21.0,42.35,42.35,2019-08-19 21:00:00
2019,8.0,19.0,22.0,47.02,47.02,2019-08-19 22:00:00
2019,8.0,19.0,23.0,43.04,43.04,2019-08-19 23:00:00
2019,8.0,19.0,24.0,39.62,39.62,2019-08-20 00:00:00
2019,8.0,20.0,1.0,35.58,35.58,2019-08-20 01:00:00
2019,8.0,20.0,2.0,34.0,34.0,2019-08-20 02:00:00
2019,8.0,20.0,3.0,33.33,33.33,2019-08-20 03:00:00
2019,8.0,20.0,4.0,33.0,33.0,2019-08-20 04:00:00
2019,8.0,20.0,5.0,32.67,32.67,2019-08-20 05:00:00
2019,8.0,20.0,6.0,33.0,33.0,2019-08-20 06:00:00
2019,8.0,20.0,7.0,34.02,34.02,2019-08-20 07:00:00
2019,8.0,20.0,8.0,36.15,36.15,2019-08-20 08:00:00
2019,8.0,20.0,9.0,40.49,40.49,2019-08-20 09:00:00
2019,8.0,20.0,10.0,41.02,41.02,2019-08-20 10:00:00
2019,8.0,20.0,11.0,39.75,39.75,2019-08-20 11:00:00
2019,8.0,20.0,12.0,41.66,41.66,2019-08-20 12:00:00
2019,8.0,20.0,13.0,42.73,42.73,2019-08-20 13:00:00
2019,8.0,20.0,14.0,46.25,46.25,2019-08-20 14:00:00
2019,8.0,20.0,15.0,46.25,46.25,2019-08-20 15:00:00
2019,8.0,20.0,16.0,45.05,45.05,2019-08-20 16:00:00
2019,8.0,20.0,17.0,45.17,45.17,2019-08-20 17:00:00
2019,8.0,20.0,18.0,44.73,44.73,2019-08-20 18:00:00
2019,8.0,20.0,19.0,42.73,42.73,2019-08-20 19:00:00
2019,8.0,20.0,20.0,42.41,42.41,2019-08-20 20:00:00
2019,8.0,20.0,21.0,42.53,42.53,2019-08-20 21:00:00
2019,8.0,20.0,22.0,47.1,47.1,2019-08-20 22:00:00
2019,8.0,20.0,23.0,42.94,42.94,2019-08-20 23:00:00
2019,8.0,20.0,24.0,38.05,38.05,2019-08-21 00:00:00
2019,8.0,21.0,1.0,34.36,34.36,2019-08-21 01:00:00
2019,8.0,21.0,2.0,33.27,33.27,2019-08-21 02:00:00
2019,8.0,21.0,3.0,32.48,32.48,2019-08-21 03:00:00
2019,8.0,21.0,4.0,32.0,32.0,2019-08-21 04:00:00
2019,8.0,21.0,5.0,32.0,32.0,2019-08-21 05:00:00
2019,8.0,21.0,6.0,33.0,33.0,2019-08-21 06:00:00
2019,8.0,21.0,7.0,34.0,34.0,2019-08-21 07:00:00
2019,8.0,21.0,8.0,35.57,35.57,2019-08-21 08:00:00
2019,8.0,21.0,9.0,40.55,40.55,2019-08-21 09:00:00
2019,8.0,21.0,10.0,43.0,43.0,2019-08-21 10:00:00
2019,8.0,21.0,11.0,42.98,42.98,2019-08-21 11:00:00
2019,8.0,21.0,12.0,44.98,44.98,2019-08-21 12:00:00
2019,8.0,21.0,13.0,46.5,46.5,2019-08-21 13:00:00
2019,8.0,21.0,14.0,47.27,47.27,2019-08-21 14:00:00
2019,8.0,21.0,15.0,47.26,47.26,2019-08-21 15:00:00
2019,8.0,21.0,16.0,46.25,46.25,2019-08-21 16:00:00
2019,8.0,21.0,17.0,46.25,46.25,2019-08-21 17:00:00
2019,8.0,21.0,18.0,46.25,46.25,2019-08-21 18:00:00
2019,8.0,21.0,19.0,45.01,45.01,2019-08-21 19:00:00
2019,8.0,21.0,20.0,45.0,45.0,2019-08-21 20:00:00
2019,8.0,21.0,21.0,45.25,45.25,2019-08-21 21:00:00
2019,8.0,21.0,22.0,47.5,47.5,2019-08-21 22:00:00
2019,8.0,21.0,23.0,44.76,44.76,2019-08-21 23:00:00
2019,8.0,21.0,24.0,41.26,41.26,2019-08-22 00:00:00
2019,8.0,22.0,1.0,41.81,41.81,2019-08-22 01:00:00
2019,8.0,22.0,2.0,33.7,33.7,2019-08-22 02:00:00
2019,8.0,22.0,3.0,32.54,32.51,2019-08-22 03:00:00
2019,8.0,22.0,4.0,32.09,32.09,2019-08-22 04:00:00
2019,8.0,22.0,5.0,32.0,32.0,2019-08-22 05:00:00
2019,8.0,22.0,6.0,32.09,32.09,2019-08-22 06:00:00
2019,8.0,22.0,7.0,33.7,33.7,2019-08-22 07:00:00
2019,8.0,22.0,8.0,37.64,37.64,2019-08-22 08:00:00
2019,8.0,22.0,9.0,40.64,40.64,2019-08-22 09:00:00
2019,8.0,22.0,10.0,41.51,41.51,2019-08-22 10:00:00
2019,8.0,22.0,11.0,41.51,41.51,2019-08-22 11:00:00
2019,8.0,22.0,12.0,42.73,42.73,2019-08-22 12:00:00
2019,8.0,22.0,13.0,44.0,44.0,2019-08-22 13:00:00
2019,8.0,22.0,14.0,46.04,46.04,2019-08-22 14:00:00
2019,8.0,22.0,15.0,45.54,45.54,2019-08-22 15:00:00
2019,8.0,22.0,16.0,44.96,44.96,2019-08-22 16:00:00
2019,8.0,22.0,17.0,45.0,45.0,2019-08-22 17:00:00
2019,8.0,22.0,18.0,45.11,45.11,2019-08-22 18:00:00
2019,8.0,22.0,19.0,45.01,45.01,2019-08-22 19:00:00
2019,8.0,22.0,20.0,45.11,45.11,2019-08-22 20:00:00
2019,8.0,22.0,21.0,45.25,45.25,2019-08-22 21:00:00
2019,8.0,22.0,22.0,47.04,47.04,2019-08-22 22:00:00
2019,8.0,22.0,23.0,45.42,45.42,2019-08-22 23:00:00
2019,8.0,22.0,24.0,43.5,43.5,2019-08-23 00:00:00
2019,8.0,23.0,1.0,41.09,41.09,2019-08-23 01:00:00
2019,8.0,23.0,2.0,34.92,34.92,2019-08-23 02:00:00
2019,8.0,23.0,3.0,35.96,35.96,2019-08-23 03:00:00
2019,8.0,23.0,4.0,34.0,34.0,2019-08-23 04:00:00
2019,8.0,23.0,5.0,33.5,33.5,2019-08-23 05:00:00
2019,8.0,23.0,6.0,35.0,35.0,2019-08-23 06:00:00
2019,8.0,23.0,7.0,39.66,39.66,2019-08-23 07:00:00
2019,8.0,23.0,8.0,40.75,40.75,2019-08-23 08:00:00
2019,8.0,23.0,9.0,42.24,42.24,2019-08-23 09:00:00
2019,8.0,23.0,10.0,42.01,42.01,2019-08-23 10:00:00
2019,8.0,23.0,11.0,41.51,41.51,2019-08-23 11:00:00
2019,8.0,23.0,12.0,42.0,42.0,2019-08-23 12:00:00
2019,8.0,23.0,13.0,42.21,42.21,2019-08-23 13:00:00
2019,8.0,23.0,14.0,43.6,43.6,2019-08-23 14:00:00
2019,8.0,23.0,15.0,44.55,44.55,2019-08-23 15:00:00
2019,8.0,23.0,16.0,43.99,43.99,2019-08-23 16:00:00
2019,8.0,23.0,17.0,43.78,43.78,2019-08-23 17:00:00
2019,8.0,23.0,18.0,43.98,43.98,2019-08-23 18:00:00
2019,8.0,23.0,19.0,44.55,44.55,2019-08-23 19:00:00
2019,8.0,23.0,20.0,44.33,44.33,2019-08-23 20:00:00
2019,8.0,23.0,21.0,45.01,45.01,2019-08-23 21:00:00
2019,8.0,23.0,22.0,46.18,46.18,2019-08-23 22:00:00
2019,8.0,23.0,23.0,45.21,45.21,2019-08-23 23:00:00
2019,8.0,23.0,24.0,43.75,43.75,2019-08-24 00:00:00
2019,8.0,24.0,1.0,44.01,44.01,2019-08-24 01:00:00
2019,8.0,24.0,2.0,43.5,43.5,2019-08-24 02:00:00
2019,8.0,24.0,3.0,42.49,42.49,2019-08-24 03:00:00
2019,8.0,24.0,4.0,42.5,42.5,2019-08-24 04:00:00
2019,8.0,24.0,5.0,42.9,42.9,2019-08-24 05:00:00
2019,8.0,24.0,6.0,42.9,42.9,2019-08-24 06:00:00
2019,8.0,24.0,7.0,41.0,41.0,2019-08-24 07:00:00
2019,8.0,24.0,8.0,40.94,40.94,2019-08-24 08:00:00
2019,8.0,24.0,9.0,42.24,42.24,2019-08-24 09:00:00
2019,8.0,24.0,10.0,42.75,42.75,2019-08-24 10:00:00
2019,8.0,24.0,11.0,40.97,40.97,2019-08-24 11:00:00
2019,8.0,24.0,12.0,40.85,40.85,2019-08-24 12:00:00
2019,8.0,24.0,13.0,41.72,41.72,2019-08-24 13:00:00
2019,8.0,24.0,14.0,43.3,43.3,2019-08-24 14:00:00
2019,8.0,24.0,15.0,42.4,42.4,2019-08-24 15:00:00
2019,8.0,24.0,16.0,41.05,41.05,2019-08-24 16:00:00
2019,8.0,24.0,17.0,39.52,39.52,2019-08-24 17:00:00
2019,8.0,24.0,18.0,39.0,39.0,2019-08-24 18:00:00
2019,8.0,24.0,19.0,39.84,39.84,2019-08-24 19:00:00
2019,8.0,24.0,20.0,42.46,42.46,2019-08-24 20:00:00
2019,8.0,24.0,21.0,42.91,42.91,2019-08-24 21:00:00
2019,8.0,24.0,22.0,44.8,44.8,2019-08-24 22:00:00
2019,8.0,24.0,23.0,43.8,43.8,2019-08-24 23:00:00
2019,8.0,24.0,24.0,43.5,43.5,2019-08-25 00:00:00
2019,8.0,25.0,1.0,43.6,43.6,2019-08-25 01:00:00
2019,8.0,25.0,2.0,42.5,42.5,2019-08-25 02:00:00
2019,8.0,25.0,3.0,42.5,42.5,2019-08-25 03:00:00
2019,8.0,25.0,4.0,41.62,41.62,2019-08-25 04:00:00
2019,8.0,25.0,5.0,41.62,41.62,2019-08-25 05:00:00
2019,8.0,25.0,6.0,41.62,41.62,2019-08-25 06:00:00
2019,8.0,25.0,7.0,36.11,36.11,2019-08-25 07:00:00
2019,8.0,25.0,8.0,34.57,34.57,2019-08-25 08:00:00
2019,8.0,25.0,9.0,36.13,36.13,2019-08-25 09:00:00
2019,8.0,25.0,10.0,38.5,38.5,2019-08-25 10:00:00
2019,8.0,25.0,11.0,36.84,36.84,2019-08-25 11:00:00
2019,8.0,25.0,12.0,36.15,36.15,2019-08-25 12:00:00
2019,8.0,25.0,13.0,37.8,37.8,2019-08-25 13:00:00
2019,8.0,25.0,14.0,40.22,40.22,2019-08-25 14:00:00
2019,8.0,25.0,15.0,40.42,40.42,2019-08-25 15:00:00
2019,8.0,25.0,16.0,36.13,36.13,2019-08-25 16:00:00
2019,8.0,25.0,17.0,35.5,35.5,2019-08-25 17:00:00
2019,8.0,25.0,18.0,35.0,35.0,2019-08-25 18:00:00
2019,8.0,25.0,19.0,35.0,35.0,2019-08-25 19:00:00
2019,8.0,25.0,20.0,36.12,36.12,2019-08-25 20:00:00
2019,8.0,25.0,21.0,40.18,40.18,2019-08-25 21:00:00
2019,8.0,25.0,22.0,45.21,45.21,2019-08-25 22:00:00
2019,8.0,25.0,23.0,45.6,45.6,2019-08-25 23:00:00
2019,8.0,25.0,24.0,43.8,43.8,2019-08-26 00:00:00
2019,8.0,26.0,1.0,45.75,45.75,2019-08-26 01:00:00
2019,8.0,26.0,2.0,39.0,39.0,2019-08-26 02:00:00
2019,8.0,26.0,3.0,34.8,34.8,2019-08-26 03:00:00
2019,8.0,26.0,4.0,34.7,34.7,2019-08-26 04:00:00
2019,8.0,26.0,5.0,34.7,34.7,2019-08-26 05:00:00
2019,8.0,26.0,6.0,35.2,35.2,2019-08-26 06:00:00
2019,8.0,26.0,7.0,40.73,40.73,2019-08-26 07:00:00
2019,8.0,26.0,8.0,40.73,40.73,2019-08-26 08:00:00
2019,8.0,26.0,9.0,45.32,45.32,2019-08-26 09:00:00
2019,8.0,26.0,10.0,46.38,46.38,2019-08-26 10:00:00
2019,8.0,26.0,11.0,45.7,45.7,2019-08-26 11:00:00
2019,8.0,26.0,12.0,43.74,43.74,2019-08-26 12:00:00
2019,8.0,26.0,13.0,42.25,42.25,2019-08-26 13:00:00
2019,8.0,26.0,14.0,43.45,43.45,2019-08-26 14:00:00
2019,8.0,26.0,15.0,42.42,42.42,2019-08-26 15:00:00
2019,8.0,26.0,16.0,43.46,43.46,2019-08-26 16:00:00
2019,8.0,26.0,17.0,43.46,43.46,2019-08-26 17:00:00
2019,8.0,26.0,18.0,46.27,46.27,2019-08-26 18:00:00
2019,8.0,26.0,19.0,47.87,47.87,2019-08-26 19:00:00
2019,8.0,26.0,20.0,48.6,48.6,2019-08-26 20:00:00
2019,8.0,26.0,21.0,47.87,47.87,2019-08-26 21:00:00
2019,8.0,26.0,22.0,49.06,49.06,2019-08-26 22:00:00
2019,8.0,26.0,23.0,47.87,47.87,2019-08-26 23:00:00
2019,8.0,26.0,24.0,46.9,46.9,2019-08-27 00:00:00
2019,8.0,27.0,1.0,50.69,50.69,2019-08-27 01:00:00
2019,8.0,27.0,2.0,50.2,50.2,2019-08-27 02:00:00
2019,8.0,27.0,3.0,49.2,49.2,2019-08-27 03:00:00
2019,8.0,27.0,4.0,49.2,49.2,2019-08-27 04:00:00
2019,8.0,27.0,5.0,49.1,49.1,2019-08-27 05:00:00
2019,8.0,27.0,6.0,49.19,49.19,2019-08-27 06:00:00
2019,8.0,27.0,7.0,49.2,49.2,2019-08-27 07:00:00
2019,8.0,27.0,8.0,50.4,50.4,2019-08-27 08:00:00
2019,8.0,27.0,9.0,53.69,53.69,2019-08-27 09:00:00
2019,8.0,27.0,10.0,53.53,53.53,2019-08-27 10:00:00
2019,8.0,27.0,11.0,50.95,50.95,2019-08-27 11:00:00
2019,8.0,27.0,12.0,49.87,49.87,2019-08-27 12:00:00
2019,8.0,27.0,13.0,49.9,49.9,2019-08-27 13:00:00
2019,8.0,27.0,14.0,50.2,50.2,2019-08-27 14:00:00
2019,8.0,27.0,15.0,49.36,49.36,2019-08-27 15:00:00
2019,8.0,27.0,16.0,48.59,48.59,2019-08-27 16:00:00
2019,8.0,27.0,17.0,48.1,48.1,2019-08-27 17:00:00
2019,8.0,27.0,18.0,51.22,51.22,2019-08-27 18:00:00
2019,8.0,27.0,19.0,51.5,51.5,2019-08-27 19:00:00
2019,8.0,27.0,20.0,51.2,51.2,2019-08-27 20:00:00
2019,8.0,27.0,21.0,52.6,52.6,2019-08-27 21:00:00
2019,8.0,27.0,22.0,51.2,51.2,2019-08-27 22:00:00
2019,8.0,27.0,23.0,49.19,49.19,2019-08-27 23:00:00
2019,8.0,27.0,24.0,49.19,49.19,2019-08-28 00:00:00
2019,8.0,28.0,1.0,51.59,51.59,2019-08-28 01:00:00
2019,8.0,28.0,2.0,50.38,50.38,2019-08-28 02:00:00
2019,8.0,28.0,3.0,49.99,49.99,2019-08-28 03:00:00
2019,8.0,28.0,4.0,49.99,49.99,2019-08-28 04:00:00
2019,8.0,28.0,5.0,49.89,49.89,2019-08-28 05:00:00
2019,8.0,28.0,6.0,49.97,49.97,2019-08-28 06:00:00
2019,8.0,28.0,7.0,49.99,49.99,2019-08-28 07:00:00
2019,8.0,28.0,8.0,50.39,50.39,2019-08-28 08:00:00
2019,8.0,28.0,9.0,50.59,50.59,2019-08-28 09:00:00
2019,8.0,28.0,10.0,52.99,52.99,2019-08-28 10:00:00
2019,8.0,28.0,11.0,52.79,52.79,2019-08-28 11:00:00
2019,8.0,28.0,12.0,51.7,51.7,2019-08-28 12:00:00
2019,8.0,28.0,13.0,51.09,51.09,2019-08-28 13:00:00
2019,8.0,28.0,14.0,51.49,51.49,2019-08-28 14:00:00
2019,8.0,28.0,15.0,50.59,50.59,2019-08-28 15:00:00
2019,8.0,28.0,16.0,49.99,49.99,2019-08-28 16:00:00
2019,8.0,28.0,17.0,49.95,49.95,2019-08-28 17:00:00
2019,8.0,28.0,18.0,52.9,52.9,2019-08-28 18:00:00
2019,8.0,28.0,19.0,52.9,52.9,2019-08-28 19:00:00
2019,8.0,28.0,20.0,52.79,52.79,2019-08-28 20:00:00
2019,8.0,28.0,21.0,53.06,53.06,2019-08-28 21:00:00
2019,8.0,28.0,22.0,53.84,53.84,2019-08-28 22:00:00
2019,8.0,28.0,23.0,50.79,50.79,2019-08-28 23:00:00
2019,8.0,28.0,24.0,49.0,49.0,2019-08-29 00:00:00
2019,8.0,29.0,1.0,50.99,50.99,2019-08-29 01:00:00
2019,8.0,29.0,2.0,50.29,50.29,2019-08-29 02:00:00
2019,8.0,29.0,3.0,48.32,48.32,2019-08-29 03:00:00
2019,8.0,29.0,4.0,47.5,47.5,2019-08-29 04:00:00
2019,8.0,29.0,5.0,47.29,47.29,2019-08-29 05:00:00
2019,8.0,29.0,6.0,48.01,48.01,2019-08-29 06:00:00
2019,8.0,29.0,7.0,47.5,47.5,2019-08-29 07:00:00
2019,8.0,29.0,8.0,48.5,48.5,2019-08-29 08:00:00
2019,8.0,29.0,9.0,51.99,51.99,2019-08-29 09:00:00
2019,8.0,29.0,10.0,53.59,53.59,2019-08-29 10:00:00
2019,8.0,29.0,11.0,51.9,51.9,2019-08-29 11:00:00
2019,8.0,29.0,12.0,50.39,50.39,2019-08-29 12:00:00
2019,8.0,29.0,13.0,50.49,50.49,2019-08-29 13:00:00
2019,8.0,29.0,14.0,50.49,50.49,2019-08-29 14:00:00
2019,8.0,29.0,15.0,50.69,50.69,2019-08-29 15:00:00
2019,8.0,29.0,16.0,50.38,50.38,2019-08-29 16:00:00
2019,8.0,29.0,17.0,50.0,50.0,2019-08-29 17:00:00
2019,8.0,29.0,18.0,50.29,50.29,2019-08-29 18:00:00
2019,8.0,29.0,19.0,50.49,50.49,2019-08-29 19:00:00
2019,8.0,29.0,20.0,50.74,50.74,2019-08-29 20:00:00
2019,8.0,29.0,21.0,50.79,50.79,2019-08-29 21:00:00
2019,8.0,29.0,22.0,50.96,50.96,2019-08-29 22:00:00
2019,8.0,29.0,23.0,49.94,49.94,2019-08-29 23:00:00
2019,8.0,29.0,24.0,50.04,50.04,2019-08-30 00:00:00
2019,8.0,30.0,1.0,50.29,50.29,2019-08-30 01:00:00
2019,8.0,30.0,2.0,50.1,50.1,2019-08-30 02:00:00
2019,8.0,30.0,3.0,47.73,47.73,2019-08-30 03:00:00
2019,8.0,30.0,4.0,47.31,47.31,2019-08-30 04:00:00
2019,8.0,30.0,5.0,47.0,47.0,2019-08-30 05:00:00
2019,8.0,30.0,6.0,47.15,47.15,2019-08-30 06:00:00
2019,8.0,30.0,7.0,48.89,48.89,2019-08-30 07:00:00
2019,8.0,30.0,8.0,49.94,49.94,2019-08-30 08:00:00
2019,8.0,30.0,9.0,50.4,50.4,2019-08-30 09:00:00
2019,8.0,30.0,10.0,50.0,50.0,2019-08-30 10:00:00
2019,8.0,30.0,11.0,49.35,49.35,2019-08-30 11:00:00
2019,8.0,30.0,12.0,49.51,49.51,2019-08-30 12:00:00
2019,8.0,30.0,13.0,49.94,49.94,2019-08-30 13:00:00
2019,8.0,30.0,14.0,50.05,50.05,2019-08-30 14:00:00
2019,8.0,30.0,15.0,49.94,49.94,2019-08-30 15:00:00
2019,8.0,30.0,16.0,48.0,48.0,2019-08-30 16:00:00
2019,8.0,30.0,17.0,48.3,48.3,2019-08-30 17:00:00
2019,8.0,30.0,18.0,49.92,49.92,2019-08-30 18:00:00
2019,8.0,30.0,19.0,50.49,50.49,2019-08-30 19:00:00
2019,8.0,30.0,20.0,52.34,52.34,2019-08-30 20:00:00
2019,8.0,30.0,21.0,52.49,52.49,2019-08-30 21:00:00
2019,8.0,30.0,22.0,51.51,51.51,2019-08-30 22:00:00
2019,8.0,30.0,23.0,48.65,48.65,2019-08-30 23:00:00
2019,8.0,30.0,24.0,46.02,46.02,2019-08-31 00:00:00
2019,8.0,31.0,1.0,48.29,48.29,2019-08-31 01:00:00
2019,8.0,31.0,2.0,48.29,48.29,2019-08-31 02:00:00
2019,8.0,31.0,3.0,47.07,47.07,2019-08-31 03:00:00
2019,8.0,31.0,4.0,47.02,47.02,2019-08-31 04:00:00
2019,8.0,31.0,5.0,46.09,46.09,2019-08-31 05:00:00
2019,8.0,31.0,6.0,46.0,46.0,2019-08-31 06:00:00
2019,8.0,31.0,7.0,41.28,41.28,2019-08-31 07:00:00
2019,8.0,31.0,8.0,39.52,39.52,2019-08-31 08:00:00
2019,8.0,31.0,9.0,39.51,39.51,2019-08-31 09:00:00
2019,8.0,31.0,10.0,41.07,41.07,2019-08-31 10:00:00
2019,8.0,31.0,11.0,40.13,40.13,2019-08-31 11:00:00
2019,8.0,31.0,12.0,41.28,41.28,2019-08-31 12:00:00
2019,8.0,31.0,13.0,42.27,42.27,2019-08-31 13:00:00
2019,8.0,31.0,14.0,43.07,43.07,2019-08-31 14:00:00
2019,8.0,31.0,15.0,43.93,43.93,2019-08-31 15:00:00
2019,8.0,31.0,16.0,43.01,43.01,2019-08-31 16:00:00
2019,8.0,31.0,17.0,42.01,42.01,2019-08-31 17:00:00
2019,8.0,31.0,18.0,41.08,41.08,2019-08-31 18:00:00
2019,8.0,31.0,19.0,44.49,44.49,2019-08-31 19:00:00
2019,8.0,31.0,20.0,44.8,44.8,2019-08-31 20:00:00
2019,8.0,31.0,21.0,45.66,45.66,2019-08-31 21:00:00
2019,8.0,31.0,22.0,46.66,46.66,2019-08-31 22:00:00
2019,8.0,31.0,23.0,44.8,44.8,2019-08-31 23:00:00
2019,8.0,31.0,24.0,44.8,44.8,2019-09-01 00:00:00
2019,9.0,1.0,1.0,46.53,46.53,2019-09-01 01:00:00
2019,9.0,1.0,2.0,42.01,42.01,2019-09-01 02:00:00
2019,9.0,1.0,3.0,40.0,40.0,2019-09-01 03:00:00
2019,9.0,1.0,4.0,41.42,41.42,2019-09-01 04:00:00
2019,9.0,1.0,5.0,41.08,41.08,2019-09-01 05:00:00
2019,9.0,1.0,6.0,41.81,41.81,2019-09-01 06:00:00
2019,9.0,1.0,7.0,38.39,38.39,2019-09-01 07:00:00
2019,9.0,1.0,8.0,36.52,36.52,2019-09-01 08:00:00
2019,9.0,1.0,9.0,36.5,36.5,2019-09-01 09:00:00
2019,9.0,1.0,10.0,37.9,37.9,2019-09-01 10:00:00
2019,9.0,1.0,11.0,36.13,36.13,2019-09-01 11:00:00
2019,9.0,1.0,12.0,38.0,38.0,2019-09-01 12:00:00
2019,9.0,1.0,13.0,38.0,38.0,2019-09-01 13:00:00
2019,9.0,1.0,14.0,42.59,42.59,2019-09-01 14:00:00
2019,9.0,1.0,15.0,41.82,41.82,2019-09-01 15:00:00
2019,9.0,1.0,16.0,38.0,38.0,2019-09-01 16:00:00
2019,9.0,1.0,17.0,36.0,36.0,2019-09-01 17:00:00
2019,9.0,1.0,18.0,34.0,34.0,2019-09-01 18:00:00
2019,9.0,1.0,19.0,34.07,34.07,2019-09-01 19:00:00
2019,9.0,1.0,20.0,36.52,36.52,2019-09-01 20:00:00
2019,9.0,1.0,21.0,39.67,39.67,2019-09-01 21:00:00
2019,9.0,1.0,22.0,47.19,47.19,2019-09-01 22:00:00
2019,9.0,1.0,23.0,42.0,42.0,2019-09-01 23:00:00
2019,9.0,1.0,24.0,37.5,37.5,2019-09-02 00:00:00
2019,9.0,2.0,1.0,33.0,33.0,2019-09-02 01:00:00
2019,9.0,2.0,2.0,30.5,30.5,2019-09-02 02:00:00
2019,9.0,2.0,3.0,25.96,25.96,2019-09-02 03:00:00
2019,9.0,2.0,4.0,25.0,25.0,2019-09-02 04:00:00
2019,9.0,2.0,5.0,25.63,25.63,2019-09-02 05:00:00
2019,9.0,2.0,6.0,27.06,27.06,2019-09-02 06:00:00
2019,9.0,2.0,7.0,34.58,34.58,2019-09-02 07:00:00
2019,9.0,2.0,8.0,46.09,46.09,2019-09-02 08:00:00
2019,9.0,2.0,9.0,49.55,49.55,2019-09-02 09:00:00
2019,9.0,2.0,10.0,48.29,48.29,2019-09-02 10:00:00
2019,9.0,2.0,11.0,44.07,44.07,2019-09-02 11:00:00
2019,9.0,2.0,12.0,41.81,41.81,2019-09-02 12:00:00
2019,9.0,2.0,13.0,39.1,39.1,2019-09-02 13:00:00
2019,9.0,2.0,14.0,41.16,41.16,2019-09-02 14:00:00
2019,9.0,2.0,15.0,40.0,40.0,2019-09-02 15:00:00
2019,9.0,2.0,16.0,40.74,40.2,2019-09-02 16:00:00
2019,9.0,2.0,17.0,42.6,38.2,2019-09-02 17:00:00
2019,9.0,2.0,18.0,43.98,40.84,2019-09-02 18:00:00
2019,9.0,2.0,19.0,45.41,45.41,2019-09-02 19:00:00
2019,9.0,2.0,20.0,49.55,49.55,2019-09-02 20:00:00
2019,9.0,2.0,21.0,49.78,49.78,2019-09-02 21:00:00
2019,9.0,2.0,22.0,46.92,46.92,2019-09-02 22:00:00
2019,9.0,2.0,23.0,40.76,40.76,2019-09-02 23:00:00
2019,9.0,2.0,24.0,35.27,35.27,2019-09-03 00:00:00
2019,9.0,3.0,1.0,33.75,33.75,2019-09-03 01:00:00
2019,9.0,3.0,2.0,32.95,32.95,2019-09-03 02:00:00
2019,9.0,3.0,3.0,32.9,32.9,2019-09-03 03:00:00
2019,9.0,3.0,4.0,32.95,32.95,2019-09-03 04:00:00
2019,9.0,3.0,5.0,33.0,33.0,2019-09-03 05:00:00
2019,9.0,3.0,6.0,33.75,33.75,2019-09-03 06:00:00
2019,9.0,3.0,7.0,40.46,40.46,2019-09-03 07:00:00
2019,9.0,3.0,8.0,45.9,45.9,2019-09-03 08:00:00
2019,9.0,3.0,9.0,42.42,42.42,2019-09-03 09:00:00
2019,9.0,3.0,10.0,46.08,46.08,2019-09-03 10:00:00
2019,9.0,3.0,11.0,46.89,46.89,2019-09-03 11:00:00
2019,9.0,3.0,12.0,46.9,46.9,2019-09-03 12:00:00
2019,9.0,3.0,13.0,48.07,48.07,2019-09-03 13:00:00
2019,9.0,3.0,14.0,49.0,49.0,2019-09-03 14:00:00
2019,9.0,3.0,15.0,46.9,46.9,2019-09-03 15:00:00
2019,9.0,3.0,16.0,46.5,46.5,2019-09-03 16:00:00
2019,9.0,3.0,17.0,46.09,46.09,2019-09-03 17:00:00
2019,9.0,3.0,18.0,46.9,46.9,2019-09-03 18:00:00
2019,9.0,3.0,19.0,47.79,47.79,2019-09-03 19:00:00
2019,9.0,3.0,20.0,50.83,50.83,2019-09-03 20:00:00
2019,9.0,3.0,21.0,51.22,51.22,2019-09-03 21:00:00
2019,9.0,3.0,22.0,49.64,49.64,2019-09-03 22:00:00
2019,9.0,3.0,23.0,47.0,47.0,2019-09-03 23:00:00
2019,9.0,3.0,24.0,45.9,45.9,2019-09-04 00:00:00
2019,9.0,4.0,1.0,46.19,46.19,2019-09-04 01:00:00
2019,9.0,4.0,2.0,44.9,44.9,2019-09-04 02:00:00
2019,9.0,4.0,3.0,42.01,42.01,2019-09-04 03:00:00
2019,9.0,4.0,4.0,43.65,43.65,2019-09-04 04:00:00
2019,9.0,4.0,5.0,42.64,42.64,2019-09-04 05:00:00
2019,9.0,4.0,6.0,43.07,43.07,2019-09-04 06:00:00
2019,9.0,4.0,7.0,41.98,41.98,2019-09-04 07:00:00
2019,9.0,4.0,8.0,45.78,45.78,2019-09-04 08:00:00
2019,9.0,4.0,9.0,46.0,46.0,2019-09-04 09:00:00
2019,9.0,4.0,10.0,46.73,46.73,2019-09-04 10:00:00
2019,9.0,4.0,11.0,46.29,46.29,2019-09-04 11:00:00
2019,9.0,4.0,12.0,46.09,46.09,2019-09-04 12:00:00
2019,9.0,4.0,13.0,46.29,46.29,2019-09-04 13:00:00
2019,9.0,4.0,14.0,46.69,46.69,2019-09-04 14:00:00
2019,9.0,4.0,15.0,45.17,45.17,2019-09-04 15:00:00
2019,9.0,4.0,16.0,42.66,42.66,2019-09-04 16:00:00
2019,9.0,4.0,17.0,42.01,42.01,2019-09-04 17:00:00
2019,9.0,4.0,18.0,41.07,41.07,2019-09-04 18:00:00
2019,9.0,4.0,19.0,38.89,38.89,2019-09-04 19:00:00
2019,9.0,4.0,20.0,39.9,39.9,2019-09-04 20:00:00
2019,9.0,4.0,21.0,40.67,40.67,2019-09-04 21:00:00
2019,9.0,4.0,22.0,41.98,41.98,2019-09-04 22:00:00
2019,9.0,4.0,23.0,41.89,41.89,2019-09-04 23:00:00
2019,9.0,4.0,24.0,38.88,38.88,2019-09-05 00:00:00
2019,9.0,5.0,1.0,38.77,38.77,2019-09-05 01:00:00
2019,9.0,5.0,2.0,32.58,32.58,2019-09-05 02:00:00
2019,9.0,5.0,3.0,31.55,31.55,2019-09-05 03:00:00
2019,9.0,5.0,4.0,31.01,31.01,2019-09-05 04:00:00
2019,9.0,5.0,5.0,30.0,30.0,2019-09-05 05:00:00
2019,9.0,5.0,6.0,30.0,30.0,2019-09-05 06:00:00
2019,9.0,5.0,7.0,33.68,33.68,2019-09-05 07:00:00
2019,9.0,5.0,8.0,39.62,39.62,2019-09-05 08:00:00
2019,9.0,5.0,9.0,40.77,40.77,2019-09-05 09:00:00
2019,9.0,5.0,10.0,40.46,40.46,2019-09-05 10:00:00
2019,9.0,5.0,11.0,38.15,38.15,2019-09-05 11:00:00
2019,9.0,5.0,12.0,37.5,37.5,2019-09-05 12:00:00
2019,9.0,5.0,13.0,39.0,39.0,2019-09-05 13:00:00
2019,9.0,5.0,14.0,41.21,41.21,2019-09-05 14:00:00
2019,9.0,5.0,15.0,39.07,39.07,2019-09-05 15:00:00
2019,9.0,5.0,16.0,39.51,39.51,2019-09-05 16:00:00
2019,9.0,5.0,17.0,39.54,39.54,2019-09-05 17:00:00
2019,9.0,5.0,18.0,40.46,40.46,2019-09-05 18:00:00
2019,9.0,5.0,19.0,38.23,38.23,2019-09-05 19:00:00
2019,9.0,5.0,20.0,40.14,40.14,2019-09-05 20:00:00
2019,9.0,5.0,21.0,41.01,41.01,2019-09-05 21:00:00
2019,9.0,5.0,22.0,43.65,43.65,2019-09-05 22:00:00
2019,9.0,5.0,23.0,38.0,38.0,2019-09-05 23:00:00
2019,9.0,5.0,24.0,33.0,33.0,2019-09-06 00:00:00
2019,9.0,6.0,1.0,31.75,31.75,2019-09-06 01:00:00
2019,9.0,6.0,2.0,28.5,28.5,2019-09-06 02:00:00
2019,9.0,6.0,3.0,27.9,27.9,2019-09-06 03:00:00
2019,9.0,6.0,4.0,27.0,27.0,2019-09-06 04:00:00
2019,9.0,6.0,5.0,26.21,26.21,2019-09-06 05:00:00
2019,9.0,6.0,6.0,27.1,27.1,2019-09-06 06:00:00
2019,9.0,6.0,7.0,30.5,30.5,2019-09-06 07:00:00
2019,9.0,6.0,8.0,38.23,38.23,2019-09-06 08:00:00
2019,9.0,6.0,9.0,39.07,39.07,2019-09-06 09:00:00
2019,9.0,6.0,10.0,39.02,39.02,2019-09-06 10:00:00
2019,9.0,6.0,11.0,37.88,37.88,2019-09-06 11:00:00
2019,9.0,6.0,12.0,38.0,38.0,2019-09-06 12:00:00
2019,9.0,6.0,13.0,40.26,40.26,2019-09-06 13:00:00
2019,9.0,6.0,14.0,41.4,41.4,2019-09-06 14:00:00
2019,9.0,6.0,15.0,41.43,41.43,2019-09-06 15:00:00
2019,9.0,6.0,16.0,41.06,41.06,2019-09-06 16:00:00
2019,9.0,6.0,17.0,41.06,41.06,2019-09-06 17:00:00
2019,9.0,6.0,18.0,40.74,40.74,2019-09-06 18:00:00
2019,9.0,6.0,19.0,40.51,39.75,2019-09-06 19:00:00
2019,9.0,6.0,20.0,40.46,40.46,2019-09-06 20:00:00
2019,9.0,6.0,21.0,40.51,40.51,2019-09-06 21:00:00
2019,9.0,6.0,22.0,41.06,41.06,2019-09-06 22:00:00
2019,9.0,6.0,23.0,37.89,37.89,2019-09-06 23:00:00
2019,9.0,6.0,24.0,34.07,34.07,2019-09-07 00:00:00
2019,9.0,7.0,1.0,32.01,32.01,2019-09-07 01:00:00
2019,9.0,7.0,2.0,30.0,30.0,2019-09-07 02:00:00
2019,9.0,7.0,3.0,29.44,29.44,2019-09-07 03:00:00
2019,9.0,7.0,4.0,28.0,28.0,2019-09-07 04:00:00
2019,9.0,7.0,5.0,27.09,27.09,2019-09-07 05:00:00
2019,9.0,7.0,6.0,27.1,27.1,2019-09-07 06:00:00
2019,9.0,7.0,7.0,28.0,28.0,2019-09-07 07:00:00
2019,9.0,7.0,8.0,30.5,30.5,2019-09-07 08:00:00
2019,9.0,7.0,9.0,31.75,31.75,2019-09-07 09:00:00
2019,9.0,7.0,10.0,37.51,37.51,2019-09-07 10:00:00
2019,9.0,7.0,11.0,34.92,34.92,2019-09-07 11:00:00
2019,9.0,7.0,12.0,36.99,36.99,2019-09-07 12:00:00
2019,9.0,7.0,13.0,36.0,36.0,2019-09-07 13:00:00
2019,9.0,7.0,14.0,35.05,35.05,2019-09-07 14:00:00
2019,9.0,7.0,15.0,32.19,32.19,2019-09-07 15:00:00
2019,9.0,7.0,16.0,31.75,31.55,2019-09-07 16:00:00
2019,9.0,7.0,17.0,31.75,28.3,2019-09-07 17:00:00
2019,9.0,7.0,18.0,31.75,30.64,2019-09-07 18:00:00
2019,9.0,7.0,19.0,33.56,33.56,2019-09-07 19:00:00
2019,9.0,7.0,20.0,35.79,35.79,2019-09-07 20:00:00
2019,9.0,7.0,21.0,39.45,39.45,2019-09-07 21:00:00
2019,9.0,7.0,22.0,40.26,40.26,2019-09-07 22:00:00
2019,9.0,7.0,23.0,37.98,37.98,2019-09-07 23:00:00
2019,9.0,7.0,24.0,34.78,34.78,2019-09-08 00:00:00
2019,9.0,8.0,1.0,34.46,34.46,2019-09-08 01:00:00
2019,9.0,8.0,2.0,32.61,32.61,2019-09-08 02:00:00
2019,9.0,8.0,3.0,28.5,28.5,2019-09-08 03:00:00
2019,9.0,8.0,4.0,27.1,27.1,2019-09-08 04:00:00
2019,9.0,8.0,5.0,27.1,27.1,2019-09-08 05:00:00
2019,9.0,8.0,6.0,27.9,27.9,2019-09-08 06:00:00
2019,9.0,8.0,7.0,28.0,28.0,2019-09-08 07:00:00
2019,9.0,8.0,8.0,29.07,29.07,2019-09-08 08:00:00
2019,9.0,8.0,9.0,28.3,28.3,2019-09-08 09:00:00
2019,9.0,8.0,10.0,32.0,32.0,2019-09-08 10:00:00
2019,9.0,8.0,11.0,32.75,32.75,2019-09-08 11:00:00
2019,9.0,8.0,12.0,35.0,35.0,2019-09-08 12:00:00
2019,9.0,8.0,13.0,35.46,35.46,2019-09-08 13:00:00
2019,9.0,8.0,14.0,36.64,36.64,2019-09-08 14:00:00
2019,9.0,8.0,15.0,38.2,38.2,2019-09-08 15:00:00
2019,9.0,8.0,16.0,35.5,35.5,2019-09-08 16:00:00
2019,9.0,8.0,17.0,34.24,34.24,2019-09-08 17:00:00
2019,9.0,8.0,18.0,33.88,33.88,2019-09-08 18:00:00
2019,9.0,8.0,19.0,36.13,36.13,2019-09-08 19:00:00
2019,9.0,8.0,20.0,41.06,41.06,2019-09-08 20:00:00
2019,9.0,8.0,21.0,43.4,43.4,2019-09-08 21:00:00
2019,9.0,8.0,22.0,45.49,45.49,2019-09-08 22:00:00
2019,9.0,8.0,23.0,42.65,42.65,2019-09-08 23:00:00
2019,9.0,8.0,24.0,40.01,40.01,2019-09-09 00:00:00
2019,9.0,9.0,1.0,46.77,46.77,2019-09-09 01:00:00
2019,9.0,9.0,2.0,45.78,45.78,2019-09-09 02:00:00
2019,9.0,9.0,3.0,45.23,45.23,2019-09-09 03:00:00
2019,9.0,9.0,4.0,44.94,44.94,2019-09-09 04:00:00
2019,9.0,9.0,5.0,41.75,41.75,2019-09-09 05:00:00
2019,9.0,9.0,6.0,39.81,39.81,2019-09-09 06:00:00
2019,9.0,9.0,7.0,42.45,42.45,2019-09-09 07:00:00
2019,9.0,9.0,8.0,47.0,47.0,2019-09-09 08:00:00
2019,9.0,9.0,9.0,48.58,48.58,2019-09-09 09:00:00
2019,9.0,9.0,10.0,50.07,50.07,2019-09-09 10:00:00
2019,9.0,9.0,11.0,48.07,48.07,2019-09-09 11:00:00
2019,9.0,9.0,12.0,46.77,46.77,2019-09-09 12:00:00
2019,9.0,9.0,13.0,46.0,46.0,2019-09-09 13:00:00
2019,9.0,9.0,14.0,45.23,45.23,2019-09-09 14:00:00
2019,9.0,9.0,15.0,42.64,42.64,2019-09-09 15:00:00
2019,9.0,9.0,16.0,42.23,42.23,2019-09-09 16:00:00
2019,9.0,9.0,17.0,41.6,41.6,2019-09-09 17:00:00
2019,9.0,9.0,18.0,43.31,43.31,2019-09-09 18:00:00
2019,9.0,9.0,19.0,40.0,40.0,2019-09-09 19:00:00
2019,9.0,9.0,20.0,40.09,40.09,2019-09-09 20:00:00
2019,9.0,9.0,21.0,41.24,41.24,2019-09-09 21:00:00
2019,9.0,9.0,22.0,43.0,43.0,2019-09-09 22:00:00
2019,9.0,9.0,23.0,39.0,39.0,2019-09-09 23:00:00
2019,9.0,9.0,24.0,34.35,34.35,2019-09-10 00:00:00
2019,9.0,10.0,1.0,33.01,33.01,2019-09-10 01:00:00
2019,9.0,10.0,2.0,32.45,32.45,2019-09-10 02:00:00
2019,9.0,10.0,3.0,31.0,31.0,2019-09-10 03:00:00
2019,9.0,10.0,4.0,29.0,29.0,2019-09-10 04:00:00
2019,9.0,10.0,5.0,27.56,27.56,2019-09-10 05:00:00
2019,9.0,10.0,6.0,28.0,28.0,2019-09-10 06:00:00
2019,9.0,10.0,7.0,33.0,33.0,2019-09-10 07:00:00
2019,9.0,10.0,8.0,37.54,37.54,2019-09-10 08:00:00
2019,9.0,10.0,9.0,41.04,41.04,2019-09-10 09:00:00
2019,9.0,10.0,10.0,41.0,41.0,2019-09-10 10:00:00
2019,9.0,10.0,11.0,36.0,36.0,2019-09-10 11:00:00
2019,9.0,10.0,12.0,32.6,32.6,2019-09-10 12:00:00
2019,9.0,10.0,13.0,32.98,32.98,2019-09-10 13:00:00
2019,9.0,10.0,14.0,32.88,32.88,2019-09-10 14:00:00
2019,9.0,10.0,15.0,31.3,31.3,2019-09-10 15:00:00
2019,9.0,10.0,16.0,32.01,32.01,2019-09-10 16:00:00
2019,9.0,10.0,17.0,32.06,32.06,2019-09-10 17:00:00
2019,9.0,10.0,18.0,34.01,34.01,2019-09-10 18:00:00
2019,9.0,10.0,19.0,34.92,34.92,2019-09-10 19:00:00
2019,9.0,10.0,20.0,37.58,37.58,2019-09-10 20:00:00
2019,9.0,10.0,21.0,43.29,43.29,2019-09-10 21:00:00
2019,9.0,10.0,22.0,42.75,42.75,2019-09-10 22:00:00
2019,9.0,10.0,23.0,35.89,35.89,2019-09-10 23:00:00
2019,9.0,10.0,24.0,31.7,31.7,2019-09-11 00:00:00
2019,9.0,11.0,1.0,31.25,31.25,2019-09-11 01:00:00
2019,9.0,11.0,2.0,30.23,30.23,2019-09-11 02:00:00
2019,9.0,11.0,3.0,28.29,28.29,2019-09-11 03:00:00
2019,9.0,11.0,4.0,26.1,26.1,2019-09-11 04:00:00
2019,9.0,11.0,5.0,26.0,26.0,2019-09-11 05:00:00
2019,9.0,11.0,6.0,26.07,26.07,2019-09-11 06:00:00
2019,9.0,11.0,7.0,33.75,33.75,2019-09-11 07:00:00
2019,9.0,11.0,8.0,35.56,35.56,2019-09-11 08:00:00
2019,9.0,11.0,9.0,39.12,39.12,2019-09-11 09:00:00
2019,9.0,11.0,10.0,39.82,39.82,2019-09-11 10:00:00
2019,9.0,11.0,11.0,36.29,36.29,2019-09-11 11:00:00
2019,9.0,11.0,12.0,33.94,33.94,2019-09-11 12:00:00
2019,9.0,11.0,13.0,32.07,32.07,2019-09-11 13:00:00
2019,9.0,11.0,14.0,34.2,34.2,2019-09-11 14:00:00
2019,9.0,11.0,15.0,34.73,34.73,2019-09-11 15:00:00
2019,9.0,11.0,16.0,35.72,33.91,2019-09-11 16:00:00
2019,9.0,11.0,17.0,35.84,35.16,2019-09-11 17:00:00
2019,9.0,11.0,18.0,35.0,34.9,2019-09-11 18:00:00
2019,9.0,11.0,19.0,37.34,37.34,2019-09-11 19:00:00
2019,9.0,11.0,20.0,39.67,39.67,2019-09-11 20:00:00
2019,9.0,11.0,21.0,41.1,41.1,2019-09-11 21:00:00
2019,9.0,11.0,22.0,42.0,42.0,2019-09-11 22:00:00
2019,9.0,11.0,23.0,36.48,36.48,2019-09-11 23:00:00
2019,9.0,11.0,24.0,36.0,36.0,2019-09-12 00:00:00
2019,9.0,12.0,1.0,32.9,32.9,2019-09-12 01:00:00
2019,9.0,12.0,2.0,30.0,30.0,2019-09-12 02:00:00
2019,9.0,12.0,3.0,29.07,29.07,2019-09-12 03:00:00
2019,9.0,12.0,4.0,28.75,28.75,2019-09-12 04:00:00
2019,9.0,12.0,5.0,28.75,28.75,2019-09-12 05:00:00
2019,9.0,12.0,6.0,29.55,29.55,2019-09-12 06:00:00
2019,9.0,12.0,7.0,41.51,41.51,2019-09-12 07:00:00
2019,9.0,12.0,8.0,43.57,43.57,2019-09-12 08:00:00
2019,9.0,12.0,9.0,43.0,43.0,2019-09-12 09:00:00
2019,9.0,12.0,10.0,44.1,44.1,2019-09-12 10:00:00
2019,9.0,12.0,11.0,43.93,43.93,2019-09-12 11:00:00
2019,9.0,12.0,12.0,41.97,41.97,2019-09-12 12:00:00
2019,9.0,12.0,13.0,40.99,40.99,2019-09-12 13:00:00
2019,9.0,12.0,14.0,41.51,41.51,2019-09-12 14:00:00
2019,9.0,12.0,15.0,39.54,39.54,2019-09-12 15:00:00
2019,9.0,12.0,16.0,40.51,38.87,2019-09-12 16:00:00
2019,9.0,12.0,17.0,40.5,38.49,2019-09-12 17:00:00
2019,9.0,12.0,18.0,39.9,39.9,2019-09-12 18:00:00
2019,9.0,12.0,19.0,42.0,42.0,2019-09-12 19:00:00
2019,9.0,12.0,20.0,42.57,42.57,2019-09-12 20:00:00
2019,9.0,12.0,21.0,44.07,44.07,2019-09-12 21:00:00
2019,9.0,12.0,22.0,41.51,41.51,2019-09-12 22:00:00
2019,9.0,12.0,23.0,38.05,38.05,2019-09-12 23:00:00
2019,9.0,12.0,24.0,37.5,37.5,2019-09-13 00:00:00
2019,9.0,13.0,1.0,33.8,33.8,2019-09-13 01:00:00
2019,9.0,13.0,2.0,31.25,31.25,2019-09-13 02:00:00
2019,9.0,13.0,3.0,30.09,30.09,2019-09-13 03:00:00
2019,9.0,13.0,4.0,30.0,30.0,2019-09-13 04:00:00
2019,9.0,13.0,5.0,29.61,29.61,2019-09-13 05:00:00
2019,9.0,13.0,6.0,30.01,30.01,2019-09-13 06:00:00
2019,9.0,13.0,7.0,40.01,40.01,2019-09-13 07:00:00
2019,9.0,13.0,8.0,43.98,43.98,2019-09-13 08:00:00
2019,9.0,13.0,9.0,43.59,43.59,2019-09-13 09:00:00
2019,9.0,13.0,10.0,44.69,44.69,2019-09-13 10:00:00
2019,9.0,13.0,11.0,43.65,43.65,2019-09-13 11:00:00
2019,9.0,13.0,12.0,42.21,42.21,2019-09-13 12:00:00
2019,9.0,13.0,13.0,42.0,42.0,2019-09-13 13:00:00
2019,9.0,13.0,14.0,41.01,41.01,2019-09-13 14:00:00
2019,9.0,13.0,15.0,38.01,38.01,2019-09-13 15:00:00
2019,9.0,13.0,16.0,36.25,36.25,2019-09-13 16:00:00
2019,9.0,13.0,17.0,37.53,37.53,2019-09-13 17:00:00
2019,9.0,13.0,18.0,42.01,42.01,2019-09-13 18:00:00
2019,9.0,13.0,19.0,42.01,42.01,2019-09-13 19:00:00
2019,9.0,13.0,20.0,42.42,42.42,2019-09-13 20:00:00
2019,9.0,13.0,21.0,44.44,44.44,2019-09-13 21:00:00
2019,9.0,13.0,22.0,44.91,44.91,2019-09-13 22:00:00
2019,9.0,13.0,23.0,42.02,42.02,2019-09-13 23:00:00
2019,9.0,13.0,24.0,39.0,39.0,2019-09-14 00:00:00
2019,9.0,14.0,1.0,39.7,39.7,2019-09-14 01:00:00
2019,9.0,14.0,2.0,32.5,32.5,2019-09-14 02:00:00
2019,9.0,14.0,3.0,32.07,32.07,2019-09-14 03:00:00
2019,9.0,14.0,4.0,31.09,31.09,2019-09-14 04:00:00
2019,9.0,14.0,5.0,30.91,30.91,2019-09-14 05:00:00
2019,9.0,14.0,6.0,30.61,30.61,2019-09-14 06:00:00
2019,9.0,14.0,7.0,31.12,31.12,2019-09-14 07:00:00
2019,9.0,14.0,8.0,32.3,32.3,2019-09-14 08:00:00
2019,9.0,14.0,9.0,35.81,35.81,2019-09-14 09:00:00
2019,9.0,14.0,10.0,41.77,41.77,2019-09-14 10:00:00
2019,9.0,14.0,11.0,39.17,39.17,2019-09-14 11:00:00
2019,9.0,14.0,12.0,39.17,39.17,2019-09-14 12:00:00
2019,9.0,14.0,13.0,39.17,39.17,2019-09-14 13:00:00
2019,9.0,14.0,14.0,39.9,39.9,2019-09-14 14:00:00
2019,9.0,14.0,15.0,39.06,39.06,2019-09-14 15:00:00
2019,9.0,14.0,16.0,35.48,35.48,2019-09-14 16:00:00
2019,9.0,14.0,17.0,32.07,32.07,2019-09-14 17:00:00
2019,9.0,14.0,18.0,35.48,35.48,2019-09-14 18:00:00
2019,9.0,14.0,19.0,42.42,42.42,2019-09-14 19:00:00
2019,9.0,14.0,20.0,43.92,43.92,2019-09-14 20:00:00
2019,9.0,14.0,21.0,47.99,47.99,2019-09-14 21:00:00
2019,9.0,14.0,22.0,44.05,44.05,2019-09-14 22:00:00
2019,9.0,14.0,23.0,41.77,41.77,2019-09-14 23:00:00
2019,9.0,14.0,24.0,36.1,36.1,2019-09-15 00:00:00
2019,9.0,15.0,1.0,40.0,40.0,2019-09-15 01:00:00
2019,9.0,15.0,2.0,36.05,36.05,2019-09-15 02:00:00
2019,9.0,15.0,3.0,31.75,31.75,2019-09-15 03:00:00
2019,9.0,15.0,4.0,31.5,31.5,2019-09-15 04:00:00
2019,9.0,15.0,5.0,31.41,31.41,2019-09-15 05:00:00
2019,9.0,15.0,6.0,31.5,31.5,2019-09-15 06:00:00
2019,9.0,15.0,7.0,31.75,31.75,2019-09-15 07:00:00
2019,9.0,15.0,8.0,31.75,31.75,2019-09-15 08:00:00
2019,9.0,15.0,9.0,31.75,31.75,2019-09-15 09:00:00
2019,9.0,15.0,10.0,36.56,36.56,2019-09-15 10:00:00
2019,9.0,15.0,11.0,39.01,39.01,2019-09-15 11:00:00
2019,9.0,15.0,12.0,39.01,39.01,2019-09-15 12:00:00
2019,9.0,15.0,13.0,39.5,39.5,2019-09-15 13:00:00
2019,9.0,15.0,14.0,39.77,39.77,2019-09-15 14:00:00
2019,9.0,15.0,15.0,39.76,39.76,2019-09-15 15:00:00
2019,9.0,15.0,16.0,36.53,36.53,2019-09-15 16:00:00
2019,9.0,15.0,17.0,35.76,35.76,2019-09-15 17:00:00
2019,9.0,15.0,18.0,36.0,36.0,2019-09-15 18:00:00
2019,9.0,15.0,19.0,41.75,41.75,2019-09-15 19:00:00
2019,9.0,15.0,20.0,43.96,43.96,2019-09-15 20:00:00
2019,9.0,15.0,21.0,48.9,48.9,2019-09-15 21:00:00
2019,9.0,15.0,22.0,50.0,50.0,2019-09-15 22:00:00
2019,9.0,15.0,23.0,45.91,45.91,2019-09-15 23:00:00
2019,9.0,15.0,24.0,43.51,43.51,2019-09-16 00:00:00
2019,9.0,16.0,1.0,44.86,44.86,2019-09-16 01:00:00
2019,9.0,16.0,2.0,44.08,44.08,2019-09-16 02:00:00
2019,9.0,16.0,3.0,40.8,40.8,2019-09-16 03:00:00
2019,9.0,16.0,4.0,39.5,39.5,2019-09-16 04:00:00
2019,9.0,16.0,5.0,38.75,38.75,2019-09-16 05:00:00
2019,9.0,16.0,6.0,39.98,39.98,2019-09-16 06:00:00
2019,9.0,16.0,7.0,46.44,46.44,2019-09-16 07:00:00
2019,9.0,16.0,8.0,49.93,49.93,2019-09-16 08:00:00
2019,9.0,16.0,9.0,50.77,50.77,2019-09-16 09:00:00
2019,9.0,16.0,10.0,52.3,52.3,2019-09-16 10:00:00
2019,9.0,16.0,11.0,50.79,50.79,2019-09-16 11:00:00
2019,9.0,16.0,12.0,50.82,50.82,2019-09-16 12:00:00
2019,9.0,16.0,13.0,50.0,50.0,2019-09-16 13:00:00
2019,9.0,16.0,14.0,50.32,50.32,2019-09-16 14:00:00
2019,9.0,16.0,15.0,49.39,49.39,2019-09-16 15:00:00
2019,9.0,16.0,16.0,48.91,48.91,2019-09-16 16:00:00
2019,9.0,16.0,17.0,48.11,48.11,2019-09-16 17:00:00
2019,9.0,16.0,18.0,50.67,50.67,2019-09-16 18:00:00
2019,9.0,16.0,19.0,49.93,49.93,2019-09-16 19:00:00
2019,9.0,16.0,20.0,50.79,50.79,2019-09-16 20:00:00
2019,9.0,16.0,21.0,55.38,55.38,2019-09-16 21:00:00
2019,9.0,16.0,22.0,51.09,51.09,2019-09-16 22:00:00
2019,9.0,16.0,23.0,48.32,48.32,2019-09-16 23:00:00
2019,9.0,16.0,24.0,49.68,49.68,2019-09-17 00:00:00
2019,9.0,17.0,1.0,50.51,50.51,2019-09-17 01:00:00
2019,9.0,17.0,2.0,50.51,50.51,2019-09-17 02:00:00
2019,9.0,17.0,3.0,50.11,50.11,2019-09-17 03:00:00
2019,9.0,17.0,4.0,49.88,49.88,2019-09-17 04:00:00
2019,9.0,17.0,5.0,49.86,49.86,2019-09-17 05:00:00
2019,9.0,17.0,6.0,50.11,50.11,2019-09-17 06:00:00
2019,9.0,17.0,7.0,50.34,50.34,2019-09-17 07:00:00
2019,9.0,17.0,8.0,50.91,50.91,2019-09-17 08:00:00
2019,9.0,17.0,9.0,52.03,52.03,2019-09-17 09:00:00
2019,9.0,17.0,10.0,50.76,50.76,2019-09-17 10:00:00
2019,9.0,17.0,11.0,50.36,50.36,2019-09-17 11:00:00
2019,9.0,17.0,12.0,49.9,49.9,2019-09-17 12:00:00
2019,9.0,17.0,13.0,50.11,50.11,2019-09-17 13:00:00
2019,9.0,17.0,14.0,50.11,50.11,2019-09-17 14:00:00
2019,9.0,17.0,15.0,50.11,50.11,2019-09-17 15:00:00
2019,9.0,17.0,16.0,49.88,49.88,2019-09-17 16:00:00
2019,9.0,17.0,17.0,50.0,50.0,2019-09-17 17:00:00
2019,9.0,17.0,18.0,50.11,50.11,2019-09-17 18:00:00
2019,9.0,17.0,19.0,50.51,50.51,2019-09-17 19:00:00
2019,9.0,17.0,20.0,50.34,50.34,2019-09-17 20:00:00
2019,9.0,17.0,21.0,51.26,51.26,2019-09-17 21:00:00
2019,9.0,17.0,22.0,52.01,52.01,2019-09-17 22:00:00
2019,9.0,17.0,23.0,49.86,49.86,2019-09-17 23:00:00
2019,9.0,17.0,24.0,50.11,50.11,2019-09-18 00:00:00
2019,9.0,18.0,1.0,50.4,50.4,2019-09-18 01:00:00
2019,9.0,18.0,2.0,49.03,49.03,2019-09-18 02:00:00
2019,9.0,18.0,3.0,48.03,48.03,2019-09-18 03:00:00
2019,9.0,18.0,4.0,47.67,47.67,2019-09-18 04:00:00
2019,9.0,18.0,5.0,47.5,47.5,2019-09-18 05:00:00
2019,9.0,18.0,6.0,47.67,47.67,2019-09-18 06:00:00
2019,9.0,18.0,7.0,47.67,47.67,2019-09-18 07:00:00
2019,9.0,18.0,8.0,49.95,49.95,2019-09-18 08:00:00
2019,9.0,18.0,9.0,51.22,51.22,2019-09-18 09:00:00
2019,9.0,18.0,10.0,51.07,51.07,2019-09-18 10:00:00
2019,9.0,18.0,11.0,50.51,50.51,2019-09-18 11:00:00
2019,9.0,18.0,12.0,50.1,50.1,2019-09-18 12:00:00
2019,9.0,18.0,13.0,50.49,50.49,2019-09-18 13:00:00
2019,9.0,18.0,14.0,50.8,50.8,2019-09-18 14:00:00
2019,9.0,18.0,15.0,50.01,50.01,2019-09-18 15:00:00
2019,9.0,18.0,16.0,50.03,50.03,2019-09-18 16:00:00
2019,9.0,18.0,17.0,50.4,50.4,2019-09-18 17:00:00
2019,9.0,18.0,18.0,50.98,50.98,2019-09-18 18:00:00
2019,9.0,18.0,19.0,51.01,51.01,2019-09-18 19:00:00
2019,9.0,18.0,20.0,52.27,52.27,2019-09-18 20:00:00
2019,9.0,18.0,21.0,53.53,53.53,2019-09-18 21:00:00
2019,9.0,18.0,22.0,54.74,54.74,2019-09-18 22:00:00
2019,9.0,18.0,23.0,50.85,50.85,2019-09-18 23:00:00
2019,9.0,18.0,24.0,49.86,49.86,2019-09-19 00:00:00
2019,9.0,19.0,1.0,50.34,50.34,2019-09-19 01:00:00
2019,9.0,19.0,2.0,49.51,49.51,2019-09-19 02:00:00
2019,9.0,19.0,3.0,47.59,47.59,2019-09-19 03:00:00
2019,9.0,19.0,4.0,46.5,46.5,2019-09-19 04:00:00
2019,9.0,19.0,5.0,45.48,45.48,2019-09-19 05:00:00
2019,9.0,19.0,6.0,47.1,47.1,2019-09-19 06:00:00
2019,9.0,19.0,7.0,48.73,48.73,2019-09-19 07:00:00
2019,9.0,19.0,8.0,51.79,51.79,2019-09-19 08:00:00
2019,9.0,19.0,9.0,54.0,54.0,2019-09-19 09:00:00
2019,9.0,19.0,10.0,52.0,52.0,2019-09-19 10:00:00
2019,9.0,19.0,11.0,50.34,50.34,2019-09-19 11:00:00
2019,9.0,19.0,12.0,50.3,50.3,2019-09-19 12:00:00
2019,9.0,19.0,13.0,50.87,50.87,2019-09-19 13:00:00
2019,9.0,19.0,14.0,51.0,51.0,2019-09-19 14:00:00
2019,9.0,19.0,15.0,50.49,50.49,2019-09-19 15:00:00
2019,9.0,19.0,16.0,50.34,50.34,2019-09-19 16:00:00
2019,9.0,19.0,17.0,50.47,50.47,2019-09-19 17:00:00
2019,9.0,19.0,18.0,50.65,50.65,2019-09-19 18:00:00
2019,9.0,19.0,19.0,52.2,52.2,2019-09-19 19:00:00
2019,9.0,19.0,20.0,55.07,55.07,2019-09-19 20:00:00
2019,9.0,19.0,21.0,56.24,56.24,2019-09-19 21:00:00
2019,9.0,19.0,22.0,53.53,53.53,2019-09-19 22:00:00
2019,9.0,19.0,23.0,50.55,50.55,2019-09-19 23:00:00
2019,9.0,19.0,24.0,49.51,49.51,2019-09-20 00:00:00
2019,9.0,20.0,1.0,50.34,50.34,2019-09-20 01:00:00
2019,9.0,20.0,2.0,49.07,49.07,2019-09-20 02:00:00
2019,9.0,20.0,3.0,48.48,48.48,2019-09-20 03:00:00
2019,9.0,20.0,4.0,47.07,47.07,2019-09-20 04:00:00
2019,9.0,20.0,5.0,46.28,46.28,2019-09-20 05:00:00
2019,9.0,20.0,6.0,46.89,46.89,2019-09-20 06:00:00
2019,9.0,20.0,7.0,47.7,47.7,2019-09-20 07:00:00
2019,9.0,20.0,8.0,52.05,52.05,2019-09-20 08:00:00
2019,9.0,20.0,9.0,53.47,53.47,2019-09-20 09:00:00
2019,9.0,20.0,10.0,52.09,52.09,2019-09-20 10:00:00
2019,9.0,20.0,11.0,49.48,49.48,2019-09-20 11:00:00
2019,9.0,20.0,12.0,48.67,48.67,2019-09-20 12:00:00
2019,9.0,20.0,13.0,48.87,48.87,2019-09-20 13:00:00
2019,9.0,20.0,14.0,48.69,48.69,2019-09-20 14:00:00
2019,9.0,20.0,15.0,46.3,46.3,2019-09-20 15:00:00
2019,9.0,20.0,16.0,45.13,45.13,2019-09-20 16:00:00
2019,9.0,20.0,17.0,45.1,45.1,2019-09-20 17:00:00
2019,9.0,20.0,18.0,46.3,46.3,2019-09-20 18:00:00
2019,9.0,20.0,19.0,47.77,47.77,2019-09-20 19:00:00
2019,9.0,20.0,20.0,50.75,50.75,2019-09-20 20:00:00
2019,9.0,20.0,21.0,51.1,51.1,2019-09-20 21:00:00
2019,9.0,20.0,22.0,49.7,49.7,2019-09-20 22:00:00
2019,9.0,20.0,23.0,46.3,46.3,2019-09-20 23:00:00
2019,9.0,20.0,24.0,46.5,46.5,2019-09-21 00:00:00
2019,9.0,21.0,1.0,47.5,47.5,2019-09-21 01:00:00
2019,9.0,21.0,2.0,46.46,46.46,2019-09-21 02:00:00
2019,9.0,21.0,3.0,41.5,41.5,2019-09-21 03:00:00
2019,9.0,21.0,4.0,39.08,39.08,2019-09-21 04:00:00
2019,9.0,21.0,5.0,36.0,36.0,2019-09-21 05:00:00
2019,9.0,21.0,6.0,35.09,35.09,2019-09-21 06:00:00
2019,9.0,21.0,7.0,35.0,35.0,2019-09-21 07:00:00
2019,9.0,21.0,8.0,35.24,35.24,2019-09-21 08:00:00
2019,9.0,21.0,9.0,36.13,36.13,2019-09-21 09:00:00
2019,9.0,21.0,10.0,40.86,40.86,2019-09-21 10:00:00
2019,9.0,21.0,11.0,41.6,41.6,2019-09-21 11:00:00
2019,9.0,21.0,12.0,40.85,40.85,2019-09-21 12:00:00
2019,9.0,21.0,13.0,40.0,40.0,2019-09-21 13:00:00
2019,9.0,21.0,14.0,39.0,39.0,2019-09-21 14:00:00
2019,9.0,21.0,15.0,37.0,37.0,2019-09-21 15:00:00
2019,9.0,21.0,16.0,35.0,35.0,2019-09-21 16:00:00
2019,9.0,21.0,17.0,34.9,34.9,2019-09-21 17:00:00
2019,9.0,21.0,18.0,35.0,35.0,2019-09-21 18:00:00
2019,9.0,21.0,19.0,38.13,38.13,2019-09-21 19:00:00
2019,9.0,21.0,20.0,44.6,44.6,2019-09-21 20:00:00
2019,9.0,21.0,21.0,48.73,48.73,2019-09-21 21:00:00
2019,9.0,21.0,22.0,49.69,49.69,2019-09-21 22:00:00
2019,9.0,21.0,23.0,42.3,42.3,2019-09-21 23:00:00
2019,9.0,21.0,24.0,37.0,37.0,2019-09-22 00:00:00
2019,9.0,22.0,1.0,35.55,35.55,2019-09-22 01:00:00
2019,9.0,22.0,2.0,34.6,34.6,2019-09-22 02:00:00
2019,9.0,22.0,3.0,32.0,32.0,2019-09-22 03:00:00
2019,9.0,22.0,4.0,30.32,30.32,2019-09-22 04:00:00
2019,9.0,22.0,5.0,29.86,29.86,2019-09-22 05:00:00
2019,9.0,22.0,6.0,30.32,30.32,2019-09-22 06:00:00
2019,9.0,22.0,7.0,33.0,33.0,2019-09-22 07:00:00
2019,9.0,22.0,8.0,34.45,34.45,2019-09-22 08:00:00
2019,9.0,22.0,9.0,34.7,34.7,2019-09-22 09:00:00
2019,9.0,22.0,10.0,35.55,35.55,2019-09-22 10:00:00
2019,9.0,22.0,11.0,37.57,37.57,2019-09-22 11:00:00
2019,9.0,22.0,12.0,35.55,35.55,2019-09-22 12:00:00
2019,9.0,22.0,13.0,35.55,35.55,2019-09-22 13:00:00
2019,9.0,22.0,14.0,35.55,35.55,2019-09-22 14:00:00
2019,9.0,22.0,15.0,34.95,34.95,2019-09-22 15:00:00
2019,9.0,22.0,16.0,34.7,34.7,2019-09-22 16:00:00
2019,9.0,22.0,17.0,34.45,34.45,2019-09-22 17:00:00
2019,9.0,22.0,18.0,34.99,34.99,2019-09-22 18:00:00
2019,9.0,22.0,19.0,39.5,39.5,2019-09-22 19:00:00
2019,9.0,22.0,20.0,45.0,45.0,2019-09-22 20:00:00
2019,9.0,22.0,21.0,50.09,50.09,2019-09-22 21:00:00
2019,9.0,22.0,22.0,55.32,55.32,2019-09-22 22:00:00
2019,9.0,22.0,23.0,53.26,53.26,2019-09-22 23:00:00
2019,9.0,22.0,24.0,49.49,49.49,2019-09-23 00:00:00
2019,9.0,23.0,1.0,48.99,48.99,2019-09-23 01:00:00
2019,9.0,23.0,2.0,42.26,42.26,2019-09-23 02:00:00
2019,9.0,23.0,3.0,41.65,41.65,2019-09-23 03:00:00
2019,9.0,23.0,4.0,40.86,40.86,2019-09-23 04:00:00
2019,9.0,23.0,5.0,39.0,39.0,2019-09-23 05:00:00
2019,9.0,23.0,6.0,41.48,41.48,2019-09-23 06:00:00
2019,9.0,23.0,7.0,44.27,44.27,2019-09-23 07:00:00
2019,9.0,23.0,8.0,48.99,48.99,2019-09-23 08:00:00
2019,9.0,23.0,9.0,50.0,50.0,2019-09-23 09:00:00
2019,9.0,23.0,10.0,50.2,50.2,2019-09-23 10:00:00
2019,9.0,23.0,11.0,49.99,49.99,2019-09-23 11:00:00
2019,9.0,23.0,12.0,48.93,48.93,2019-09-23 12:00:00
2019,9.0,23.0,13.0,48.0,48.0,2019-09-23 13:00:00
2019,9.0,23.0,14.0,45.77,45.77,2019-09-23 14:00:00
2019,9.0,23.0,15.0,43.0,43.0,2019-09-23 15:00:00
2019,9.0,23.0,16.0,41.75,41.75,2019-09-23 16:00:00
2019,9.0,23.0,17.0,41.41,41.41,2019-09-23 17:00:00
2019,9.0,23.0,18.0,45.0,45.0,2019-09-23 18:00:00
2019,9.0,23.0,19.0,48.61,48.61,2019-09-23 19:00:00
2019,9.0,23.0,20.0,50.51,50.51,2019-09-23 20:00:00
2019,9.0,23.0,21.0,52.48,52.48,2019-09-23 21:00:00
2019,9.0,23.0,22.0,49.81,49.81,2019-09-23 22:00:00
2019,9.0,23.0,23.0,42.85,42.85,2019-09-23 23:00:00
2019,9.0,23.0,24.0,41.0,41.0,2019-09-24 00:00:00
2019,9.0,24.0,1.0,39.07,39.07,2019-09-24 01:00:00
2019,9.0,24.0,2.0,35.55,35.55,2019-09-24 02:00:00
2019,9.0,24.0,3.0,34.4,34.4,2019-09-24 03:00:00
2019,9.0,24.0,4.0,33.91,33.91,2019-09-24 04:00:00
2019,9.0,24.0,5.0,32.95,32.95,2019-09-24 05:00:00
2019,9.0,24.0,6.0,34.4,34.4,2019-09-24 06:00:00
2019,9.0,24.0,7.0,39.07,39.07,2019-09-24 07:00:00
2019,9.0,24.0,8.0,49.75,49.75,2019-09-24 08:00:00
2019,9.0,24.0,9.0,50.01,50.01,2019-09-24 09:00:00
2019,9.0,24.0,10.0,50.26,50.26,2019-09-24 10:00:00
2019,9.0,24.0,11.0,49.2,49.2,2019-09-24 11:00:00
2019,9.0,24.0,12.0,48.19,48.19,2019-09-24 12:00:00
2019,9.0,24.0,13.0,44.97,44.97,2019-09-24 13:00:00
2019,9.0,24.0,14.0,42.23,42.23,2019-09-24 14:00:00
2019,9.0,24.0,15.0,40.01,40.01,2019-09-24 15:00:00
2019,9.0,24.0,16.0,39.57,39.57,2019-09-24 16:00:00
2019,9.0,24.0,17.0,39.91,39.91,2019-09-24 17:00:00
2019,9.0,24.0,18.0,41.8,41.8,2019-09-24 18:00:00
2019,9.0,24.0,19.0,47.24,47.24,2019-09-24 19:00:00
2019,9.0,24.0,20.0,50.0,50.0,2019-09-24 20:00:00
2019,9.0,24.0,21.0,52.48,52.48,2019-09-24 21:00:00
2019,9.0,24.0,22.0,49.76,49.76,2019-09-24 22:00:00
2019,9.0,24.0,23.0,44.95,44.95,2019-09-24 23:00:00
2019,9.0,24.0,24.0,42.12,42.12,2019-09-25 00:00:00
2019,9.0,25.0,1.0,39.0,39.0,2019-09-25 01:00:00
2019,9.0,25.0,2.0,35.76,35.76,2019-09-25 02:00:00
2019,9.0,25.0,3.0,35.27,35.27,2019-09-25 03:00:00
2019,9.0,25.0,4.0,34.95,34.95,2019-09-25 04:00:00
2019,9.0,25.0,5.0,35.0,35.0,2019-09-25 05:00:00
2019,9.0,25.0,6.0,35.69,35.69,2019-09-25 06:00:00
2019,9.0,25.0,7.0,38.89,38.89,2019-09-25 07:00:00
2019,9.0,25.0,8.0,45.54,45.54,2019-09-25 08:00:00
2019,9.0,25.0,9.0,49.36,49.36,2019-09-25 09:00:00
2019,9.0,25.0,10.0,49.19,49.19,2019-09-25 10:00:00
2019,9.0,25.0,11.0,49.11,49.11,2019-09-25 11:00:00
2019,9.0,25.0,12.0,48.03,48.03,2019-09-25 12:00:00
2019,9.0,25.0,13.0,48.88,48.88,2019-09-25 13:00:00
2019,9.0,25.0,14.0,46.83,46.83,2019-09-25 14:00:00
2019,9.0,25.0,15.0,44.16,44.16,2019-09-25 15:00:00
2019,9.0,25.0,16.0,41.0,41.0,2019-09-25 16:00:00
2019,9.0,25.0,17.0,41.03,41.03,2019-09-25 17:00:00
2019,9.0,25.0,18.0,44.96,44.96,2019-09-25 18:00:00
2019,9.0,25.0,19.0,46.99,46.99,2019-09-25 19:00:00
2019,9.0,25.0,20.0,50.14,50.14,2019-09-25 20:00:00
2019,9.0,25.0,21.0,51.74,51.74,2019-09-25 21:00:00
2019,9.0,25.0,22.0,50.74,50.74,2019-09-25 22:00:00
2019,9.0,25.0,23.0,48.59,48.59,2019-09-25 23:00:00
2019,9.0,25.0,24.0,45.5,45.5,2019-09-26 00:00:00
2019,9.0,26.0,1.0,49.59,49.59,2019-09-26 01:00:00
2019,9.0,26.0,2.0,49.36,49.36,2019-09-26 02:00:00
2019,9.0,26.0,3.0,48.28,48.28,2019-09-26 03:00:00
2019,9.0,26.0,4.0,47.15,47.15,2019-09-26 04:00:00
2019,9.0,26.0,5.0,46.83,46.83,2019-09-26 05:00:00
2019,9.0,26.0,6.0,48.52,48.52,2019-09-26 06:00:00
2019,9.0,26.0,7.0,48.59,48.59,2019-09-26 07:00:00
2019,9.0,26.0,8.0,50.29,50.29,2019-09-26 08:00:00
2019,9.0,26.0,9.0,51.51,51.51,2019-09-26 09:00:00
2019,9.0,26.0,10.0,50.74,50.74,2019-09-26 10:00:00
2019,9.0,26.0,11.0,49.84,49.84,2019-09-26 11:00:00
2019,9.0,26.0,12.0,48.88,48.88,2019-09-26 12:00:00
2019,9.0,26.0,13.0,48.07,48.07,2019-09-26 13:00:00
2019,9.0,26.0,14.0,48.51,48.51,2019-09-26 14:00:00
2019,9.0,26.0,15.0,46.82,46.82,2019-09-26 15:00:00
2019,9.0,26.0,16.0,45.54,45.54,2019-09-26 16:00:00
2019,9.0,26.0,17.0,45.71,45.71,2019-09-26 17:00:00
2019,9.0,26.0,18.0,47.0,47.0,2019-09-26 18:00:00
2019,9.0,26.0,19.0,47.21,47.21,2019-09-26 19:00:00
2019,9.0,26.0,20.0,50.0,50.0,2019-09-26 20:00:00
2019,9.0,26.0,21.0,50.94,50.94,2019-09-26 21:00:00
2019,9.0,26.0,22.0,50.74,50.74,2019-09-26 22:00:00
2019,9.0,26.0,23.0,48.59,48.59,2019-09-26 23:00:00
2019,9.0,26.0,24.0,46.37,46.37,2019-09-27 00:00:00
2019,9.0,27.0,1.0,49.56,49.56,2019-09-27 01:00:00
2019,9.0,27.0,2.0,48.89,48.89,2019-09-27 02:00:00
2019,9.0,27.0,3.0,47.89,47.89,2019-09-27 03:00:00
2019,9.0,27.0,4.0,47.45,47.45,2019-09-27 04:00:00
2019,9.0,27.0,5.0,47.4,47.4,2019-09-27 05:00:00
2019,9.0,27.0,6.0,47.89,47.89,2019-09-27 06:00:00
2019,9.0,27.0,7.0,48.53,48.53,2019-09-27 07:00:00
2019,9.0,27.0,8.0,49.55,49.55,2019-09-27 08:00:00
2019,9.0,27.0,9.0,50.31,50.31,2019-09-27 09:00:00
2019,9.0,27.0,10.0,50.15,50.15,2019-09-27 10:00:00
2019,9.0,27.0,11.0,49.55,49.55,2019-09-27 11:00:00
2019,9.0,27.0,12.0,49.27,49.27,2019-09-27 12:00:00
2019,9.0,27.0,13.0,48.94,48.94,2019-09-27 13:00:00
2019,9.0,27.0,14.0,48.94,48.94,2019-09-27 14:00:00
2019,9.0,27.0,15.0,47.89,47.89,2019-09-27 15:00:00
2019,9.0,27.0,16.0,47.0,47.0,2019-09-27 16:00:00
2019,9.0,27.0,17.0,46.49,46.49,2019-09-27 17:00:00
2019,9.0,27.0,18.0,47.2,47.2,2019-09-27 18:00:00
2019,9.0,27.0,19.0,47.19,47.19,2019-09-27 19:00:00
2019,9.0,27.0,20.0,48.75,48.75,2019-09-27 20:00:00
2019,9.0,27.0,21.0,50.56,50.56,2019-09-27 21:00:00
2019,9.0,27.0,22.0,50.89,50.89,2019-09-27 22:00:00
2019,9.0,27.0,23.0,48.59,48.59,2019-09-27 23:00:00
2019,9.0,27.0,24.0,46.5,46.5,2019-09-28 00:00:00
2019,9.0,28.0,1.0,49.69,49.69,2019-09-28 01:00:00
2019,9.0,28.0,2.0,49.16,49.16,2019-09-28 02:00:00
2019,9.0,28.0,3.0,48.89,48.89,2019-09-28 03:00:00
2019,9.0,28.0,4.0,48.03,48.03,2019-09-28 04:00:00
2019,9.0,28.0,5.0,47.89,47.89,2019-09-28 05:00:00
2019,9.0,28.0,6.0,47.95,47.95,2019-09-28 06:00:00
2019,9.0,28.0,7.0,44.4,44.4,2019-09-28 07:00:00
2019,9.0,28.0,8.0,44.4,44.4,2019-09-28 08:00:00
2019,9.0,28.0,9.0,44.4,44.4,2019-09-28 09:00:00
2019,9.0,28.0,10.0,48.89,48.89,2019-09-28 10:00:00
2019,9.0,28.0,11.0,47.52,47.52,2019-09-28 11:00:00
2019,9.0,28.0,12.0,44.95,44.95,2019-09-28 12:00:00
2019,9.0,28.0,13.0,46.14,46.14,2019-09-28 13:00:00
2019,9.0,28.0,14.0,46.79,46.79,2019-09-28 14:00:00
2019,9.0,28.0,15.0,43.82,43.82,2019-09-28 15:00:00
2019,9.0,28.0,16.0,39.12,39.12,2019-09-28 16:00:00
2019,9.0,28.0,17.0,37.83,37.83,2019-09-28 17:00:00
2019,9.0,28.0,18.0,38.0,38.0,2019-09-28 18:00:00
2019,9.0,28.0,19.0,40.25,40.25,2019-09-28 19:00:00
2019,9.0,28.0,20.0,46.25,46.25,2019-09-28 20:00:00
2019,9.0,28.0,21.0,49.81,49.81,2019-09-28 21:00:00
2019,9.0,28.0,22.0,50.14,50.14,2019-09-28 22:00:00
2019,9.0,28.0,23.0,48.76,48.76,2019-09-28 23:00:00
2019,9.0,28.0,24.0,43.26,43.26,2019-09-29 00:00:00
2019,9.0,29.0,1.0,48.69,48.69,2019-09-29 01:00:00
2019,9.0,29.0,2.0,44.14,44.14,2019-09-29 02:00:00
2019,9.0,29.0,3.0,40.5,40.5,2019-09-29 03:00:00
2019,9.0,29.0,4.0,36.01,36.01,2019-09-29 04:00:00
2019,9.0,29.0,5.0,35.26,35.26,2019-09-29 05:00:00
2019,9.0,29.0,6.0,35.26,35.26,2019-09-29 06:00:00
2019,9.0,29.0,7.0,35.92,35.92,2019-09-29 07:00:00
2019,9.0,29.0,8.0,36.77,36.77,2019-09-29 08:00:00
2019,9.0,29.0,9.0,38.44,38.44,2019-09-29 09:00:00
2019,9.0,29.0,10.0,40.96,40.96,2019-09-29 10:00:00
2019,9.0,29.0,11.0,41.5,41.5,2019-09-29 11:00:00
2019,9.0,29.0,12.0,40.95,40.95,2019-09-29 12:00:00
2019,9.0,29.0,13.0,40.95,40.95,2019-09-29 13:00:00
2019,9.0,29.0,14.0,42.08,42.08,2019-09-29 14:00:00
2019,9.0,29.0,15.0,40.94,40.94,2019-09-29 15:00:00
2019,9.0,29.0,16.0,35.42,35.42,2019-09-29 16:00:00
2019,9.0,29.0,17.0,35.26,35.26,2019-09-29 17:00:00
2019,9.0,29.0,18.0,36.01,36.01,2019-09-29 18:00:00
2019,9.0,29.0,19.0,40.95,40.95,2019-09-29 19:00:00
2019,9.0,29.0,20.0,49.11,49.11,2019-09-29 20:00:00
2019,9.0,29.0,21.0,52.98,52.98,2019-09-29 21:00:00
2019,9.0,29.0,22.0,56.86,56.86,2019-09-29 22:00:00
2019,9.0,29.0,23.0,54.5,54.5,2019-09-29 23:00:00
2019,9.0,29.0,24.0,50.29,50.29,2019-09-30 00:00:00
2019,9.0,30.0,1.0,50.29,50.29,2019-09-30 01:00:00
2019,9.0,30.0,2.0,48.39,48.39,2019-09-30 02:00:00
2019,9.0,30.0,3.0,46.78,46.78,2019-09-30 03:00:00
2019,9.0,30.0,4.0,45.79,45.79,2019-09-30 04:00:00
2019,9.0,30.0,5.0,44.45,44.45,2019-09-30 05:00:00
2019,9.0,30.0,6.0,45.01,45.01,2019-09-30 06:00:00
2019,9.0,30.0,7.0,47.27,47.27,2019-09-30 07:00:00
2019,9.0,30.0,8.0,51.25,51.25,2019-09-30 08:00:00
2019,9.0,30.0,9.0,52.13,52.13,2019-09-30 09:00:00
2019,9.0,30.0,10.0,52.04,52.04,2019-09-30 10:00:00
2019,9.0,30.0,11.0,51.5,51.5,2019-09-30 11:00:00
2019,9.0,30.0,12.0,50.29,50.29,2019-09-30 12:00:00
2019,9.0,30.0,13.0,50.29,50.29,2019-09-30 13:00:00
2019,9.0,30.0,14.0,50.29,50.29,2019-09-30 14:00:00
2019,9.0,30.0,15.0,49.45,49.45,2019-09-30 15:00:00
2019,9.0,30.0,16.0,47.33,47.33,2019-09-30 16:00:00
2019,9.0,30.0,17.0,47.32,47.32,2019-09-30 17:00:00
2019,9.0,30.0,18.0,47.98,47.98,2019-09-30 18:00:00
2019,9.0,30.0,19.0,51.13,51.13,2019-09-30 19:00:00
2019,9.0,30.0,20.0,52.6,52.6,2019-09-30 20:00:00
2019,9.0,30.0,21.0,56.74,56.74,2019-09-30 21:00:00
2019,9.0,30.0,22.0,51.75,51.75,2019-09-30 22:00:00
2019,9.0,30.0,23.0,47.95,47.95,2019-09-30 23:00:00
2019,9.0,30.0,24.0,46.83,46.83,2019-10-01 00:00:00
2019,10.0,1.0,1.0,50.59,50.59,2019-10-01 01:00:00
2019,10.0,1.0,2.0,49.75,49.75,2019-10-01 02:00:00
2019,10.0,1.0,3.0,48.45,48.45,2019-10-01 03:00:00
2019,10.0,1.0,4.0,45.06,45.06,2019-10-01 04:00:00
2019,10.0,1.0,5.0,44.07,44.07,2019-10-01 05:00:00
2019,10.0,1.0,6.0,44.58,44.58,2019-10-01 06:00:00
2019,10.0,1.0,7.0,48.51,48.51,2019-10-01 07:00:00
2019,10.0,1.0,8.0,50.36,50.36,2019-10-01 08:00:00
2019,10.0,1.0,9.0,51.28,51.28,2019-10-01 09:00:00
2019,10.0,1.0,10.0,51.81,51.81,2019-10-01 10:00:00
2019,10.0,1.0,11.0,50.92,50.92,2019-10-01 11:00:00
2019,10.0,1.0,12.0,49.75,49.75,2019-10-01 12:00:00
2019,10.0,1.0,13.0,48.74,48.74,2019-10-01 13:00:00
2019,10.0,1.0,14.0,46.89,46.89,2019-10-01 14:00:00
2019,10.0,1.0,15.0,39.49,39.49,2019-10-01 15:00:00
2019,10.0,1.0,16.0,39.38,39.38,2019-10-01 16:00:00
2019,10.0,1.0,17.0,42.88,42.88,2019-10-01 17:00:00
2019,10.0,1.0,18.0,47.02,47.02,2019-10-01 18:00:00
2019,10.0,1.0,19.0,49.75,49.75,2019-10-01 19:00:00
2019,10.0,1.0,20.0,51.65,51.65,2019-10-01 20:00:00
2019,10.0,1.0,21.0,52.92,52.92,2019-10-01 21:00:00
2019,10.0,1.0,22.0,50.02,50.02,2019-10-01 22:00:00
2019,10.0,1.0,23.0,45.06,45.06,2019-10-01 23:00:00
2019,10.0,1.0,24.0,36.97,36.97,2019-10-02 00:00:00
2019,10.0,2.0,1.0,36.25,36.25,2019-10-02 01:00:00
2019,10.0,2.0,2.0,35.75,35.75,2019-10-02 02:00:00
2019,10.0,2.0,3.0,35.07,35.07,2019-10-02 03:00:00
2019,10.0,2.0,4.0,33.0,33.0,2019-10-02 04:00:00
2019,10.0,2.0,5.0,34.0,34.0,2019-10-02 05:00:00
2019,10.0,2.0,6.0,35.86,35.86,2019-10-02 06:00:00
2019,10.0,2.0,7.0,40.0,40.0,2019-10-02 07:00:00
2019,10.0,2.0,8.0,50.1,50.1,2019-10-02 08:00:00
2019,10.0,2.0,9.0,52.0,52.0,2019-10-02 09:00:00
2019,10.0,2.0,10.0,51.75,51.75,2019-10-02 10:00:00
2019,10.0,2.0,11.0,50.0,50.0,2019-10-02 11:00:00
2019,10.0,2.0,12.0,46.83,46.83,2019-10-02 12:00:00
2019,10.0,2.0,13.0,44.16,44.16,2019-10-02 13:00:00
2019,10.0,2.0,14.0,42.12,42.12,2019-10-02 14:00:00
2019,10.0,2.0,15.0,39.9,39.9,2019-10-02 15:00:00
2019,10.0,2.0,16.0,38.07,38.07,2019-10-02 16:00:00
2019,10.0,2.0,17.0,38.49,38.49,2019-10-02 17:00:00
2019,10.0,2.0,18.0,40.55,40.55,2019-10-02 18:00:00
2019,10.0,2.0,19.0,48.01,48.01,2019-10-02 19:00:00
2019,10.0,2.0,20.0,51.61,51.61,2019-10-02 20:00:00
2019,10.0,2.0,21.0,52.1,52.1,2019-10-02 21:00:00
2019,10.0,2.0,22.0,51.6,51.6,2019-10-02 22:00:00
2019,10.0,2.0,23.0,49.82,49.82,2019-10-02 23:00:00
2019,10.0,2.0,24.0,45.08,45.08,2019-10-03 00:00:00
2019,10.0,3.0,1.0,50.25,50.25,2019-10-03 01:00:00
2019,10.0,3.0,2.0,49.81,49.81,2019-10-03 02:00:00
2019,10.0,3.0,3.0,48.4,48.4,2019-10-03 03:00:00
2019,10.0,3.0,4.0,46.0,46.0,2019-10-03 04:00:00
2019,10.0,3.0,5.0,46.11,46.11,2019-10-03 05:00:00
2019,10.0,3.0,6.0,47.37,47.37,2019-10-03 06:00:00
2019,10.0,3.0,7.0,49.5,49.5,2019-10-03 07:00:00
2019,10.0,3.0,8.0,50.4,50.4,2019-10-03 08:00:00
2019,10.0,3.0,9.0,50.98,50.98,2019-10-03 09:00:00
2019,10.0,3.0,10.0,52.13,52.13,2019-10-03 10:00:00
2019,10.0,3.0,11.0,50.02,50.02,2019-10-03 11:00:00
2019,10.0,3.0,12.0,49.1,49.1,2019-10-03 12:00:00
2019,10.0,3.0,13.0,46.68,46.68,2019-10-03 13:00:00
2019,10.0,3.0,14.0,45.25,45.25,2019-10-03 14:00:00
2019,10.0,3.0,15.0,41.86,41.86,2019-10-03 15:00:00
2019,10.0,3.0,16.0,40.8,40.8,2019-10-03 16:00:00
2019,10.0,3.0,17.0,41.5,41.5,2019-10-03 17:00:00
2019,10.0,3.0,18.0,47.93,47.93,2019-10-03 18:00:00
2019,10.0,3.0,19.0,51.23,51.23,2019-10-03 19:00:00
2019,10.0,3.0,20.0,55.06,55.06,2019-10-03 20:00:00
2019,10.0,3.0,21.0,53.53,53.53,2019-10-03 21:00:00
2019,10.0,3.0,22.0,51.48,51.48,2019-10-03 22:00:00
2019,10.0,3.0,23.0,49.5,49.5,2019-10-03 23:00:00
2019,10.0,3.0,24.0,44.07,44.07,2019-10-04 00:00:00
2019,10.0,4.0,1.0,50.8,50.8,2019-10-04 01:00:00
2019,10.0,4.0,2.0,50.0,50.0,2019-10-04 02:00:00
2019,10.0,4.0,3.0,50.15,50.15,2019-10-04 03:00:00
2019,10.0,4.0,4.0,50.89,50.89,2019-10-04 04:00:00
2019,10.0,4.0,5.0,51.36,51.36,2019-10-04 05:00:00
2019,10.0,4.0,6.0,51.75,51.75,2019-10-04 06:00:00
2019,10.0,4.0,7.0,51.75,51.75,2019-10-04 07:00:00
2019,10.0,4.0,8.0,54.5,54.5,2019-10-04 08:00:00
2019,10.0,4.0,9.0,54.53,54.53,2019-10-04 09:00:00
2019,10.0,4.0,10.0,55.52,55.52,2019-10-04 10:00:00
2019,10.0,4.0,11.0,54.25,54.25,2019-10-04 11:00:00
2019,10.0,4.0,12.0,54.05,54.05,2019-10-04 12:00:00
2019,10.0,4.0,13.0,54.52,54.52,2019-10-04 13:00:00
2019,10.0,4.0,14.0,54.12,54.12,2019-10-04 14:00:00
2019,10.0,4.0,15.0,52.27,52.27,2019-10-04 15:00:00
2019,10.0,4.0,16.0,51.86,51.86,2019-10-04 16:00:00
2019,10.0,4.0,17.0,51.69,51.69,2019-10-04 17:00:00
2019,10.0,4.0,18.0,51.51,51.51,2019-10-04 18:00:00
2019,10.0,4.0,19.0,51.69,51.69,2019-10-04 19:00:00
2019,10.0,4.0,20.0,53.52,53.52,2019-10-04 20:00:00
2019,10.0,4.0,21.0,56.52,56.52,2019-10-04 21:00:00
2019,10.0,4.0,22.0,55.62,55.62,2019-10-04 22:00:00
2019,10.0,4.0,23.0,52.52,52.52,2019-10-04 23:00:00
2019,10.0,4.0,24.0,50.28,50.28,2019-10-05 00:00:00
2019,10.0,5.0,1.0,53.89,53.89,2019-10-05 01:00:00
2019,10.0,5.0,2.0,51.94,51.94,2019-10-05 02:00:00
2019,10.0,5.0,3.0,50.12,50.12,2019-10-05 03:00:00
2019,10.0,5.0,4.0,49.02,49.02,2019-10-05 04:00:00
2019,10.0,5.0,5.0,48.12,48.12,2019-10-05 05:00:00
2019,10.0,5.0,6.0,48.12,48.12,2019-10-05 06:00:00
2019,10.0,5.0,7.0,46.52,46.52,2019-10-05 07:00:00
2019,10.0,5.0,8.0,49.0,49.0,2019-10-05 08:00:00
2019,10.0,5.0,9.0,49.17,49.17,2019-10-05 09:00:00
2019,10.0,5.0,10.0,51.25,51.25,2019-10-05 10:00:00
2019,10.0,5.0,11.0,50.5,50.5,2019-10-05 11:00:00
2019,10.0,5.0,12.0,49.0,49.0,2019-10-05 12:00:00
2019,10.0,5.0,13.0,48.37,48.37,2019-10-05 13:00:00
2019,10.0,5.0,14.0,49.0,49.0,2019-10-05 14:00:00
2019,10.0,5.0,15.0,46.07,46.07,2019-10-05 15:00:00
2019,10.0,5.0,16.0,44.77,44.77,2019-10-05 16:00:00
2019,10.0,5.0,17.0,42.8,42.8,2019-10-05 17:00:00
2019,10.0,5.0,18.0,43.59,43.59,2019-10-05 18:00:00
2019,10.0,5.0,19.0,48.11,48.11,2019-10-05 19:00:00
2019,10.0,5.0,20.0,52.09,52.09,2019-10-05 20:00:00
2019,10.0,5.0,21.0,54.12,54.12,2019-10-05 21:00:00
2019,10.0,5.0,22.0,54.12,54.12,2019-10-05 22:00:00
2019,10.0,5.0,23.0,51.12,51.12,2019-10-05 23:00:00
2019,10.0,5.0,24.0,46.77,46.77,2019-10-06 00:00:00
2019,10.0,6.0,1.0,51.12,51.12,2019-10-06 01:00:00
2019,10.0,6.0,2.0,50.12,50.12,2019-10-06 02:00:00
2019,10.0,6.0,3.0,47.51,47.51,2019-10-06 03:00:00
2019,10.0,6.0,4.0,44.07,44.07,2019-10-06 04:00:00
2019,10.0,6.0,5.0,43.78,43.78,2019-10-06 05:00:00
2019,10.0,6.0,6.0,43.6,43.6,2019-10-06 06:00:00
2019,10.0,6.0,7.0,42.51,42.51,2019-10-06 07:00:00
2019,10.0,6.0,8.0,43.34,43.34,2019-10-06 08:00:00
2019,10.0,6.0,9.0,43.33,43.33,2019-10-06 09:00:00
2019,10.0,6.0,10.0,45.48,45.48,2019-10-06 10:00:00
2019,10.0,6.0,11.0,47.01,47.01,2019-10-06 11:00:00
2019,10.0,6.0,12.0,45.01,45.01,2019-10-06 12:00:00
2019,10.0,6.0,13.0,45.71,45.71,2019-10-06 13:00:00
2019,10.0,6.0,14.0,47.21,47.21,2019-10-06 14:00:00
2019,10.0,6.0,15.0,43.35,43.35,2019-10-06 15:00:00
2019,10.0,6.0,16.0,40.01,40.01,2019-10-06 16:00:00
2019,10.0,6.0,17.0,39.33,39.33,2019-10-06 17:00:00
2019,10.0,6.0,18.0,39.12,39.12,2019-10-06 18:00:00
2019,10.0,6.0,19.0,39.96,39.96,2019-10-06 19:00:00
2019,10.0,6.0,20.0,43.35,43.35,2019-10-06 20:00:00
2019,10.0,6.0,21.0,51.0,51.0,2019-10-06 21:00:00
2019,10.0,6.0,22.0,52.12,52.12,2019-10-06 22:00:00
2019,10.0,6.0,23.0,50.29,50.29,2019-10-06 23:00:00
2019,10.0,6.0,24.0,47.36,47.36,2019-10-07 00:00:00
2019,10.0,7.0,1.0,51.0,51.0,2019-10-07 01:00:00
2019,10.0,7.0,2.0,47.57,47.57,2019-10-07 02:00:00
2019,10.0,7.0,3.0,45.0,45.0,2019-10-07 03:00:00
2019,10.0,7.0,4.0,44.0,44.0,2019-10-07 04:00:00
2019,10.0,7.0,5.0,44.0,44.0,2019-10-07 05:00:00
2019,10.0,7.0,6.0,43.01,43.01,2019-10-07 06:00:00
2019,10.0,7.0,7.0,47.54,47.54,2019-10-07 07:00:00
2019,10.0,7.0,8.0,56.0,56.0,2019-10-07 08:00:00
2019,10.0,7.0,9.0,55.1,55.1,2019-10-07 09:00:00
2019,10.0,7.0,10.0,55.89,55.89,2019-10-07 10:00:00
2019,10.0,7.0,11.0,53.08,53.08,2019-10-07 11:00:00
2019,10.0,7.0,12.0,51.75,51.75,2019-10-07 12:00:00
2019,10.0,7.0,13.0,49.91,49.91,2019-10-07 13:00:00
2019,10.0,7.0,14.0,48.8,48.8,2019-10-07 14:00:00
2019,10.0,7.0,15.0,47.57,47.57,2019-10-07 15:00:00
2019,10.0,7.0,16.0,48.04,48.04,2019-10-07 16:00:00
2019,10.0,7.0,17.0,48.78,48.78,2019-10-07 17:00:00
2019,10.0,7.0,18.0,51.5,51.5,2019-10-07 18:00:00
2019,10.0,7.0,19.0,54.91,54.91,2019-10-07 19:00:00
2019,10.0,7.0,20.0,57.51,57.51,2019-10-07 20:00:00
2019,10.0,7.0,21.0,56.0,56.0,2019-10-07 21:00:00
2019,10.0,7.0,22.0,56.0,56.0,2019-10-07 22:00:00
2019,10.0,7.0,23.0,51.25,51.25,2019-10-07 23:00:00
2019,10.0,7.0,24.0,47.72,47.72,2019-10-08 00:00:00
2019,10.0,8.0,1.0,57.5,57.5,2019-10-08 01:00:00
2019,10.0,8.0,2.0,55.91,55.91,2019-10-08 02:00:00
2019,10.0,8.0,3.0,54.63,54.63,2019-10-08 03:00:00
2019,10.0,8.0,4.0,54.23,54.23,2019-10-08 04:00:00
2019,10.0,8.0,5.0,53.67,53.67,2019-10-08 05:00:00
2019,10.0,8.0,6.0,52.89,52.89,2019-10-08 06:00:00
2019,10.0,8.0,7.0,52.72,52.72,2019-10-08 07:00:00
2019,10.0,8.0,8.0,56.0,56.0,2019-10-08 08:00:00
2019,10.0,8.0,9.0,56.65,56.65,2019-10-08 09:00:00
2019,10.0,8.0,10.0,57.64,57.64,2019-10-08 10:00:00
2019,10.0,8.0,11.0,55.14,55.14,2019-10-08 11:00:00
2019,10.0,8.0,12.0,54.23,54.23,2019-10-08 12:00:00
2019,10.0,8.0,13.0,54.98,54.98,2019-10-08 13:00:00
2019,10.0,8.0,14.0,54.48,54.48,2019-10-08 14:00:00
2019,10.0,8.0,15.0,52.94,52.94,2019-10-08 15:00:00
2019,10.0,8.0,16.0,52.1,52.1,2019-10-08 16:00:00
2019,10.0,8.0,17.0,51.49,51.49,2019-10-08 17:00:00
2019,10.0,8.0,18.0,52.81,52.81,2019-10-08 18:00:00
2019,10.0,8.0,19.0,53.16,53.16,2019-10-08 19:00:00
2019,10.0,8.0,20.0,54.98,54.98,2019-10-08 20:00:00
2019,10.0,8.0,21.0,58.69,58.97,2019-10-08 21:00:00
2019,10.0,8.0,22.0,57.79,57.79,2019-10-08 22:00:00
2019,10.0,8.0,23.0,51.6,51.6,2019-10-08 23:00:00
2019,10.0,8.0,24.0,47.1,47.1,2019-10-09 00:00:00
2019,10.0,9.0,1.0,48.8,48.8,2019-10-09 01:00:00
2019,10.0,9.0,2.0,45.05,45.05,2019-10-09 02:00:00
2019,10.0,9.0,3.0,43.14,43.14,2019-10-09 03:00:00
2019,10.0,9.0,4.0,42.15,42.15,2019-10-09 04:00:00
2019,10.0,9.0,5.0,41.07,41.07,2019-10-09 05:00:00
2019,10.0,9.0,6.0,40.99,40.99,2019-10-09 06:00:00
2019,10.0,9.0,7.0,41.82,41.82,2019-10-09 07:00:00
2019,10.0,9.0,8.0,50.21,50.21,2019-10-09 08:00:00
2019,10.0,9.0,9.0,52.73,52.73,2019-10-09 09:00:00
2019,10.0,9.0,10.0,53.16,53.16,2019-10-09 10:00:00
2019,10.0,9.0,11.0,50.85,50.85,2019-10-09 11:00:00
2019,10.0,9.0,12.0,48.5,48.5,2019-10-09 12:00:00
2019,10.0,9.0,13.0,50.22,50.22,2019-10-09 13:00:00
2019,10.0,9.0,14.0,52.1,52.1,2019-10-09 14:00:00
2019,10.0,9.0,15.0,48.35,48.35,2019-10-09 15:00:00
2019,10.0,9.0,16.0,46.94,46.94,2019-10-09 16:00:00
2019,10.0,9.0,17.0,46.9,46.9,2019-10-09 17:00:00
2019,10.0,9.0,18.0,46.95,46.95,2019-10-09 18:00:00
2019,10.0,9.0,19.0,47.09,47.09,2019-10-09 19:00:00
2019,10.0,9.0,20.0,51.8,51.8,2019-10-09 20:00:00
2019,10.0,9.0,21.0,55.23,55.23,2019-10-09 21:00:00
2019,10.0,9.0,22.0,53.72,53.72,2019-10-09 22:00:00
2019,10.0,9.0,23.0,47.48,47.48,2019-10-09 23:00:00
2019,10.0,9.0,24.0,44.02,44.02,2019-10-10 00:00:00
2019,10.0,10.0,1.0,44.04,44.04,2019-10-10 01:00:00
2019,10.0,10.0,2.0,41.44,41.44,2019-10-10 02:00:00
2019,10.0,10.0,3.0,40.0,40.0,2019-10-10 03:00:00
2019,10.0,10.0,4.0,39.25,39.25,2019-10-10 04:00:00
2019,10.0,10.0,5.0,38.75,38.75,2019-10-10 05:00:00
2019,10.0,10.0,6.0,38.83,38.83,2019-10-10 06:00:00
2019,10.0,10.0,7.0,40.23,40.23,2019-10-10 07:00:00
2019,10.0,10.0,8.0,47.53,47.53,2019-10-10 08:00:00
2019,10.0,10.0,9.0,48.01,48.01,2019-10-10 09:00:00
2019,10.0,10.0,10.0,50.0,50.0,2019-10-10 10:00:00
2019,10.0,10.0,11.0,46.16,46.16,2019-10-10 11:00:00
2019,10.0,10.0,12.0,45.03,45.03,2019-10-10 12:00:00
2019,10.0,10.0,13.0,46.21,46.21,2019-10-10 13:00:00
2019,10.0,10.0,14.0,47.68,47.68,2019-10-10 14:00:00
2019,10.0,10.0,15.0,46.05,46.05,2019-10-10 15:00:00
2019,10.0,10.0,16.0,47.51,47.51,2019-10-10 16:00:00
2019,10.0,10.0,17.0,47.77,47.77,2019-10-10 17:00:00
2019,10.0,10.0,18.0,50.51,50.51,2019-10-10 18:00:00
2019,10.0,10.0,19.0,50.51,50.51,2019-10-10 19:00:00
2019,10.0,10.0,20.0,54.69,54.69,2019-10-10 20:00:00
2019,10.0,10.0,21.0,59.13,59.13,2019-10-10 21:00:00
2019,10.0,10.0,22.0,57.79,57.79,2019-10-10 22:00:00
2019,10.0,10.0,23.0,52.22,52.22,2019-10-10 23:00:00
2019,10.0,10.0,24.0,47.69,47.69,2019-10-11 00:00:00
2019,10.0,11.0,1.0,52.45,52.45,2019-10-11 01:00:00
2019,10.0,11.0,2.0,51.24,51.24,2019-10-11 02:00:00
2019,10.0,11.0,3.0,47.4,47.4,2019-10-11 03:00:00
2019,10.0,11.0,4.0,45.65,45.65,2019-10-11 04:00:00
2019,10.0,11.0,5.0,45.96,45.96,2019-10-11 05:00:00
2019,10.0,11.0,6.0,45.07,45.07,2019-10-11 06:00:00
2019,10.0,11.0,7.0,45.07,45.07,2019-10-11 07:00:00
2019,10.0,11.0,8.0,51.39,51.39,2019-10-11 08:00:00
2019,10.0,11.0,9.0,52.45,52.45,2019-10-11 09:00:00
2019,10.0,11.0,10.0,53.01,53.01,2019-10-11 10:00:00
2019,10.0,11.0,11.0,51.24,51.24,2019-10-11 11:00:00
2019,10.0,11.0,12.0,48.68,48.68,2019-10-11 12:00:00
2019,10.0,11.0,13.0,49.0,49.0,2019-10-11 13:00:00
2019,10.0,11.0,14.0,47.0,47.0,2019-10-11 14:00:00
2019,10.0,11.0,15.0,45.0,45.0,2019-10-11 15:00:00
2019,10.0,11.0,16.0,43.56,43.56,2019-10-11 16:00:00
2019,10.0,11.0,17.0,44.2,44.2,2019-10-11 17:00:00
2019,10.0,11.0,18.0,45.16,45.16,2019-10-11 18:00:00
2019,10.0,11.0,19.0,46.42,46.42,2019-10-11 19:00:00
2019,10.0,11.0,20.0,52.18,52.18,2019-10-11 20:00:00
2019,10.0,11.0,21.0,54.69,54.69,2019-10-11 21:00:00
2019,10.0,11.0,22.0,53.05,53.05,2019-10-11 22:00:00
2019,10.0,11.0,23.0,46.05,46.05,2019-10-11 23:00:00
2019,10.0,11.0,24.0,47.14,47.14,2019-10-12 00:00:00
2019,10.0,12.0,1.0,47.1,47.1,2019-10-12 01:00:00
2019,10.0,12.0,2.0,44.63,44.63,2019-10-12 02:00:00
2019,10.0,12.0,3.0,41.01,41.01,2019-10-12 03:00:00
2019,10.0,12.0,4.0,38.7,38.7,2019-10-12 04:00:00
2019,10.0,12.0,5.0,38.45,38.45,2019-10-12 05:00:00
2019,10.0,12.0,6.0,37.6,37.6,2019-10-12 06:00:00
2019,10.0,12.0,7.0,37.25,37.25,2019-10-12 07:00:00
2019,10.0,12.0,8.0,38.0,38.0,2019-10-12 08:00:00
2019,10.0,12.0,9.0,38.5,38.5,2019-10-12 09:00:00
2019,10.0,12.0,10.0,42.27,42.27,2019-10-12 10:00:00
2019,10.0,12.0,11.0,46.02,46.02,2019-10-12 11:00:00
2019,10.0,12.0,12.0,40.37,40.37,2019-10-12 12:00:00
2019,10.0,12.0,13.0,38.45,38.45,2019-10-12 13:00:00
2019,10.0,12.0,14.0,37.1,37.1,2019-10-12 14:00:00
2019,10.0,12.0,15.0,35.6,35.6,2019-10-12 15:00:00
2019,10.0,12.0,16.0,30.04,30.04,2019-10-12 16:00:00
2019,10.0,12.0,17.0,30.0,30.0,2019-10-12 17:00:00
2019,10.0,12.0,18.0,30.74,30.74,2019-10-12 18:00:00
2019,10.0,12.0,19.0,36.25,36.25,2019-10-12 19:00:00
2019,10.0,12.0,20.0,44.65,44.65,2019-10-12 20:00:00
2019,10.0,12.0,21.0,46.02,46.02,2019-10-12 21:00:00
2019,10.0,12.0,22.0,46.05,46.05,2019-10-12 22:00:00
2019,10.0,12.0,23.0,38.7,38.7,2019-10-12 23:00:00
2019,10.0,12.0,24.0,37.89,37.89,2019-10-13 00:00:00
2019,10.0,13.0,1.0,35.86,35.86,2019-10-13 01:00:00
2019,10.0,13.0,2.0,34.1,34.1,2019-10-13 02:00:00
2019,10.0,13.0,3.0,32.5,32.5,2019-10-13 03:00:00
2019,10.0,13.0,4.0,31.0,31.0,2019-10-13 04:00:00
2019,10.0,13.0,5.0,30.0,30.0,2019-10-13 05:00:00
2019,10.0,13.0,6.0,31.99,31.99,2019-10-13 06:00:00
2019,10.0,13.0,7.0,32.5,32.5,2019-10-13 07:00:00
2019,10.0,13.0,8.0,33.6,33.6,2019-10-13 08:00:00
2019,10.0,13.0,9.0,33.75,33.75,2019-10-13 09:00:00
2019,10.0,13.0,10.0,35.25,35.25,2019-10-13 10:00:00
2019,10.0,13.0,11.0,35.55,35.55,2019-10-13 11:00:00
2019,10.0,13.0,12.0,35.45,35.45,2019-10-13 12:00:00
2019,10.0,13.0,13.0,35.25,35.25,2019-10-13 13:00:00
2019,10.0,13.0,14.0,35.25,35.25,2019-10-13 14:00:00
2019,10.0,13.0,15.0,34.9,34.9,2019-10-13 15:00:00
2019,10.0,13.0,16.0,33.7,33.7,2019-10-13 16:00:00
2019,10.0,13.0,17.0,33.7,33.7,2019-10-13 17:00:00
2019,10.0,13.0,18.0,35.0,35.0,2019-10-13 18:00:00
2019,10.0,13.0,19.0,36.8,36.8,2019-10-13 19:00:00
2019,10.0,13.0,20.0,49.08,49.08,2019-10-13 20:00:00
2019,10.0,13.0,21.0,56.01,56.01,2019-10-13 21:00:00
2019,10.0,13.0,22.0,56.41,56.41,2019-10-13 22:00:00
2019,10.0,13.0,23.0,53.52,53.52,2019-10-13 23:00:00
2019,10.0,13.0,24.0,50.09,50.09,2019-10-14 00:00:00
2019,10.0,14.0,1.0,41.01,41.01,2019-10-14 01:00:00
2019,10.0,14.0,2.0,35.55,35.55,2019-10-14 02:00:00
2019,10.0,14.0,3.0,34.45,34.45,2019-10-14 03:00:00
2019,10.0,14.0,4.0,33.57,33.57,2019-10-14 04:00:00
2019,10.0,14.0,5.0,32.58,32.58,2019-10-14 05:00:00
2019,10.0,14.0,6.0,32.07,32.07,2019-10-14 06:00:00
2019,10.0,14.0,7.0,36.06,36.06,2019-10-14 07:00:00
2019,10.0,14.0,8.0,48.92,48.92,2019-10-14 08:00:00
2019,10.0,14.0,9.0,50.24,50.24,2019-10-14 09:00:00
2019,10.0,14.0,10.0,50.39,50.39,2019-10-14 10:00:00
2019,10.0,14.0,11.0,49.58,49.58,2019-10-14 11:00:00
2019,10.0,14.0,12.0,48.0,48.0,2019-10-14 12:00:00
2019,10.0,14.0,13.0,45.25,45.25,2019-10-14 13:00:00
2019,10.0,14.0,14.0,43.0,43.0,2019-10-14 14:00:00
2019,10.0,14.0,15.0,39.5,39.5,2019-10-14 15:00:00
2019,10.0,14.0,16.0,40.8,40.8,2019-10-14 16:00:00
2019,10.0,14.0,17.0,39.99,39.99,2019-10-14 17:00:00
2019,10.0,14.0,18.0,41.49,41.49,2019-10-14 18:00:00
2019,10.0,14.0,19.0,47.5,47.5,2019-10-14 19:00:00
2019,10.0,14.0,20.0,52.19,52.19,2019-10-14 20:00:00
2019,10.0,14.0,21.0,50.44,50.44,2019-10-14 21:00:00
2019,10.0,14.0,22.0,50.09,50.09,2019-10-14 22:00:00
2019,10.0,14.0,23.0,39.96,39.96,2019-10-14 23:00:00
2019,10.0,14.0,24.0,35.55,35.55,2019-10-15 00:00:00
2019,10.0,15.0,1.0,31.95,31.95,2019-10-15 01:00:00
2019,10.0,15.0,2.0,31.5,29.07,2019-10-15 02:00:00
2019,10.0,15.0,3.0,31.26,25.0,2019-10-15 03:00:00
2019,10.0,15.0,4.0,30.75,24.27,2019-10-15 04:00:00
2019,10.0,15.0,5.0,30.7,25.0,2019-10-15 05:00:00
2019,10.0,15.0,6.0,31.26,29.99,2019-10-15 06:00:00
2019,10.0,15.0,7.0,40.61,40.61,2019-10-15 07:00:00
2019,10.0,15.0,8.0,52.5,52.5,2019-10-15 08:00:00
2019,10.0,15.0,9.0,52.19,52.19,2019-10-15 09:00:00
2019,10.0,15.0,10.0,52.51,52.51,2019-10-15 10:00:00
2019,10.0,15.0,11.0,50.39,50.39,2019-10-15 11:00:00
2019,10.0,15.0,12.0,49.0,49.0,2019-10-15 12:00:00
2019,10.0,15.0,13.0,46.3,46.3,2019-10-15 13:00:00
2019,10.0,15.0,14.0,45.27,45.27,2019-10-15 14:00:00
2019,10.0,15.0,15.0,43.0,43.0,2019-10-15 15:00:00
2019,10.0,15.0,16.0,42.0,42.0,2019-10-15 16:00:00
2019,10.0,15.0,17.0,43.58,43.58,2019-10-15 17:00:00
2019,10.0,15.0,18.0,46.64,46.64,2019-10-15 18:00:00
2019,10.0,15.0,19.0,50.54,50.54,2019-10-15 19:00:00
2019,10.0,15.0,20.0,54.5,54.5,2019-10-15 20:00:00
2019,10.0,15.0,21.0,55.29,55.29,2019-10-15 21:00:00
2019,10.0,15.0,22.0,50.54,50.54,2019-10-15 22:00:00
2019,10.0,15.0,23.0,41.49,41.49,2019-10-15 23:00:00
2019,10.0,15.0,24.0,40.0,40.0,2019-10-16 00:00:00
2019,10.0,16.0,1.0,41.07,41.07,2019-10-16 01:00:00
2019,10.0,16.0,2.0,35.99,35.99,2019-10-16 02:00:00
2019,10.0,16.0,3.0,34.4,34.4,2019-10-16 03:00:00
2019,10.0,16.0,4.0,34.11,34.11,2019-10-16 04:00:00
2019,10.0,16.0,5.0,34.3,34.3,2019-10-16 05:00:00
2019,10.0,16.0,6.0,34.67,34.67,2019-10-16 06:00:00
2019,10.0,16.0,7.0,38.68,38.68,2019-10-16 07:00:00
2019,10.0,16.0,8.0,49.97,49.97,2019-10-16 08:00:00
2019,10.0,16.0,9.0,51.3,51.3,2019-10-16 09:00:00
2019,10.0,16.0,10.0,50.14,50.14,2019-10-16 10:00:00
2019,10.0,16.0,11.0,46.99,46.99,2019-10-16 11:00:00
2019,10.0,16.0,12.0,43.67,43.67,2019-10-16 12:00:00
2019,10.0,16.0,13.0,40.57,40.57,2019-10-16 13:00:00
2019,10.0,16.0,14.0,39.0,39.0,2019-10-16 14:00:00
2019,10.0,16.0,15.0,36.34,36.34,2019-10-16 15:00:00
2019,10.0,16.0,16.0,37.25,37.25,2019-10-16 16:00:00
2019,10.0,16.0,17.0,38.11,38.11,2019-10-16 17:00:00
2019,10.0,16.0,18.0,46.99,46.99,2019-10-16 18:00:00
2019,10.0,16.0,19.0,50.07,50.07,2019-10-16 19:00:00
2019,10.0,16.0,20.0,55.0,55.0,2019-10-16 20:00:00
2019,10.0,16.0,21.0,55.05,55.05,2019-10-16 21:00:00
2019,10.0,16.0,22.0,53.01,53.01,2019-10-16 22:00:00
2019,10.0,16.0,23.0,46.96,46.96,2019-10-16 23:00:00
2019,10.0,16.0,24.0,44.03,44.03,2019-10-17 00:00:00
2019,10.0,17.0,1.0,44.07,44.07,2019-10-17 01:00:00
2019,10.0,17.0,2.0,38.07,38.07,2019-10-17 02:00:00
2019,10.0,17.0,3.0,35.99,35.99,2019-10-17 03:00:00
2019,10.0,17.0,4.0,35.99,35.99,2019-10-17 04:00:00
2019,10.0,17.0,5.0,35.99,35.99,2019-10-17 05:00:00
2019,10.0,17.0,6.0,38.07,38.07,2019-10-17 06:00:00
2019,10.0,17.0,7.0,44.33,44.33,2019-10-17 07:00:00
2019,10.0,17.0,8.0,52.13,52.13,2019-10-17 08:00:00
2019,10.0,17.0,9.0,54.42,54.42,2019-10-17 09:00:00
2019,10.0,17.0,10.0,54.03,54.03,2019-10-17 10:00:00
2019,10.0,17.0,11.0,53.0,53.0,2019-10-17 11:00:00
2019,10.0,17.0,12.0,52.19,52.19,2019-10-17 12:00:00
2019,10.0,17.0,13.0,48.7,48.7,2019-10-17 13:00:00
2019,10.0,17.0,14.0,46.48,46.48,2019-10-17 14:00:00
2019,10.0,17.0,15.0,45.04,45.04,2019-10-17 15:00:00
2019,10.0,17.0,16.0,44.35,44.35,2019-10-17 16:00:00
2019,10.0,17.0,17.0,46.42,46.42,2019-10-17 17:00:00
2019,10.0,17.0,18.0,51.52,51.52,2019-10-17 18:00:00
2019,10.0,17.0,19.0,53.88,53.88,2019-10-17 19:00:00
2019,10.0,17.0,20.0,57.44,57.44,2019-10-17 20:00:00
2019,10.0,17.0,21.0,54.5,54.5,2019-10-17 21:00:00
2019,10.0,17.0,22.0,52.56,52.56,2019-10-17 22:00:00
2019,10.0,17.0,23.0,45.88,45.88,2019-10-17 23:00:00
2019,10.0,17.0,24.0,45.04,45.04,2019-10-18 00:00:00
2019,10.0,18.0,1.0,45.21,45.21,2019-10-18 01:00:00
2019,10.0,18.0,2.0,39.57,39.57,2019-10-18 02:00:00
2019,10.0,18.0,3.0,36.59,36.59,2019-10-18 03:00:00
2019,10.0,18.0,4.0,36.0,36.0,2019-10-18 04:00:00
2019,10.0,18.0,5.0,36.59,36.59,2019-10-18 05:00:00
2019,10.0,18.0,6.0,41.07,41.07,2019-10-18 06:00:00
2019,10.0,18.0,7.0,44.03,44.03,2019-10-18 07:00:00
2019,10.0,18.0,8.0,49.05,49.05,2019-10-18 08:00:00
2019,10.0,18.0,9.0,51.46,51.46,2019-10-18 09:00:00
2019,10.0,18.0,10.0,52.54,52.54,2019-10-18 10:00:00
2019,10.0,18.0,11.0,52.54,52.54,2019-10-18 11:00:00
2019,10.0,18.0,12.0,52.34,52.34,2019-10-18 12:00:00
2019,10.0,18.0,13.0,51.56,51.56,2019-10-18 13:00:00
2019,10.0,18.0,14.0,50.8,50.8,2019-10-18 14:00:00
2019,10.0,18.0,15.0,47.85,47.85,2019-10-18 15:00:00
2019,10.0,18.0,16.0,44.07,44.07,2019-10-18 16:00:00
2019,10.0,18.0,17.0,44.03,44.03,2019-10-18 17:00:00
2019,10.0,18.0,18.0,45.01,45.01,2019-10-18 18:00:00
2019,10.0,18.0,19.0,46.61,46.61,2019-10-18 19:00:00
2019,10.0,18.0,20.0,52.68,52.68,2019-10-18 20:00:00
2019,10.0,18.0,21.0,51.83,51.83,2019-10-18 21:00:00
2019,10.0,18.0,22.0,50.49,50.49,2019-10-18 22:00:00
2019,10.0,18.0,23.0,43.66,43.66,2019-10-18 23:00:00
2019,10.0,18.0,24.0,40.43,40.43,2019-10-19 00:00:00
2019,10.0,19.0,1.0,50.29,50.29,2019-10-19 01:00:00
2019,10.0,19.0,2.0,49.12,49.12,2019-10-19 02:00:00
2019,10.0,19.0,3.0,44.85,44.85,2019-10-19 03:00:00
2019,10.0,19.0,4.0,42.0,42.0,2019-10-19 04:00:00
2019,10.0,19.0,5.0,41.65,41.65,2019-10-19 05:00:00
2019,10.0,19.0,6.0,40.15,40.15,2019-10-19 06:00:00
2019,10.0,19.0,7.0,38.49,38.49,2019-10-19 07:00:00
2019,10.0,19.0,8.0,40.56,40.56,2019-10-19 08:00:00
2019,10.0,19.0,9.0,40.57,40.57,2019-10-19 09:00:00
2019,10.0,19.0,10.0,46.34,46.34,2019-10-19 10:00:00
2019,10.0,19.0,11.0,47.51,47.51,2019-10-19 11:00:00
2019,10.0,19.0,12.0,44.16,44.16,2019-10-19 12:00:00
2019,10.0,19.0,13.0,43.37,43.37,2019-10-19 13:00:00
2019,10.0,19.0,14.0,42.96,42.96,2019-10-19 14:00:00
2019,10.0,19.0,15.0,40.56,40.56,2019-10-19 15:00:00
2019,10.0,19.0,16.0,37.62,37.62,2019-10-19 16:00:00
2019,10.0,19.0,17.0,36.25,36.25,2019-10-19 17:00:00
2019,10.0,19.0,18.0,38.48,38.48,2019-10-19 18:00:00
2019,10.0,19.0,19.0,44.08,44.08,2019-10-19 19:00:00
2019,10.0,19.0,20.0,47.9,47.9,2019-10-19 20:00:00
2019,10.0,19.0,21.0,50.99,50.99,2019-10-19 21:00:00
2019,10.0,19.0,22.0,50.01,50.01,2019-10-19 22:00:00
2019,10.0,19.0,23.0,42.15,42.15,2019-10-19 23:00:00
2019,10.0,19.0,24.0,40.56,40.56,2019-10-20 00:00:00
2019,10.0,20.0,1.0,37.0,37.0,2019-10-20 01:00:00
2019,10.0,20.0,2.0,35.1,35.1,2019-10-20 02:00:00
2019,10.0,20.0,3.0,33.33,33.33,2019-10-20 03:00:00
2019,10.0,20.0,4.0,32.42,32.42,2019-10-20 04:00:00
2019,10.0,20.0,5.0,32.3,32.3,2019-10-20 05:00:00
2019,10.0,20.0,6.0,32.42,32.42,2019-10-20 06:00:00
2019,10.0,20.0,7.0,34.16,34.16,2019-10-20 07:00:00
2019,10.0,20.0,8.0,35.02,35.02,2019-10-20 08:00:00
2019,10.0,20.0,9.0,35.1,35.1,2019-10-20 09:00:00
2019,10.0,20.0,10.0,37.62,37.62,2019-10-20 10:00:00
2019,10.0,20.0,11.0,41.2,41.2,2019-10-20 11:00:00
2019,10.0,20.0,12.0,41.67,41.67,2019-10-20 12:00:00
2019,10.0,20.0,13.0,42.53,42.53,2019-10-20 13:00:00
2019,10.0,20.0,14.0,45.51,45.51,2019-10-20 14:00:00
2019,10.0,20.0,15.0,44.82,44.82,2019-10-20 15:00:00
2019,10.0,20.0,16.0,41.55,41.55,2019-10-20 16:00:00
2019,10.0,20.0,17.0,37.82,37.82,2019-10-20 17:00:00
2019,10.0,20.0,18.0,40.38,40.38,2019-10-20 18:00:00
2019,10.0,20.0,19.0,47.58,47.58,2019-10-20 19:00:00
2019,10.0,20.0,20.0,51.06,51.06,2019-10-20 20:00:00
2019,10.0,20.0,21.0,53.74,53.74,2019-10-20 21:00:00
2019,10.0,20.0,22.0,56.14,56.14,2019-10-20 22:00:00
2019,10.0,20.0,23.0,55.07,55.07,2019-10-20 23:00:00
2019,10.0,20.0,24.0,51.31,51.31,2019-10-21 00:00:00
2019,10.0,21.0,1.0,55.05,55.05,2019-10-21 01:00:00
2019,10.0,21.0,2.0,53.99,53.99,2019-10-21 02:00:00
2019,10.0,21.0,3.0,53.99,53.99,2019-10-21 03:00:00
2019,10.0,21.0,4.0,54.11,54.11,2019-10-21 04:00:00
2019,10.0,21.0,5.0,53.99,53.99,2019-10-21 05:00:00
2019,10.0,21.0,6.0,53.49,53.49,2019-10-21 06:00:00
2019,10.0,21.0,7.0,55.05,55.05,2019-10-21 07:00:00
2019,10.0,21.0,8.0,55.5,55.5,2019-10-21 08:00:00
2019,10.0,21.0,9.0,55.5,55.5,2019-10-21 09:00:00
2019,10.0,21.0,10.0,56.57,56.57,2019-10-21 10:00:00
2019,10.0,21.0,11.0,55.49,55.49,2019-10-21 11:00:00
2019,10.0,21.0,12.0,54.01,54.01,2019-10-21 12:00:00
2019,10.0,21.0,13.0,53.49,53.49,2019-10-21 13:00:00
2019,10.0,21.0,14.0,53.99,53.99,2019-10-21 14:00:00
2019,10.0,21.0,15.0,52.86,52.86,2019-10-21 15:00:00
2019,10.0,21.0,16.0,51.35,51.35,2019-10-21 16:00:00
2019,10.0,21.0,17.0,51.35,51.35,2019-10-21 17:00:00
2019,10.0,21.0,18.0,54.11,54.11,2019-10-21 18:00:00
2019,10.0,21.0,19.0,58.02,58.02,2019-10-21 19:00:00
2019,10.0,21.0,20.0,60.46,60.46,2019-10-21 20:00:00
2019,10.0,21.0,21.0,59.88,59.88,2019-10-21 21:00:00
2019,10.0,21.0,22.0,56.11,56.11,2019-10-21 22:00:00
2019,10.0,21.0,23.0,51.52,51.52,2019-10-21 23:00:00
2019,10.0,21.0,24.0,44.19,44.19,2019-10-22 00:00:00
2019,10.0,22.0,1.0,52.25,52.25,2019-10-22 01:00:00
2019,10.0,22.0,2.0,51.05,51.05,2019-10-22 02:00:00
2019,10.0,22.0,3.0,47.0,47.0,2019-10-22 03:00:00
2019,10.0,22.0,4.0,45.03,45.03,2019-10-22 04:00:00
2019,10.0,22.0,5.0,44.5,44.5,2019-10-22 05:00:00
2019,10.0,22.0,6.0,45.0,45.0,2019-10-22 06:00:00
2019,10.0,22.0,7.0,46.99,46.99,2019-10-22 07:00:00
2019,10.0,22.0,8.0,56.43,56.43,2019-10-22 08:00:00
2019,10.0,22.0,9.0,57.8,57.8,2019-10-22 09:00:00
2019,10.0,22.0,10.0,57.88,57.88,2019-10-22 10:00:00
2019,10.0,22.0,11.0,55.49,55.49,2019-10-22 11:00:00
2019,10.0,22.0,12.0,52.72,52.72,2019-10-22 12:00:00
2019,10.0,22.0,13.0,48.75,48.75,2019-10-22 13:00:00
2019,10.0,22.0,14.0,46.25,46.25,2019-10-22 14:00:00
2019,10.0,22.0,15.0,45.51,45.51,2019-10-22 15:00:00
2019,10.0,22.0,16.0,44.26,44.26,2019-10-22 16:00:00
2019,10.0,22.0,17.0,46.24,46.24,2019-10-22 17:00:00
2019,10.0,22.0,18.0,49.55,49.55,2019-10-22 18:00:00
2019,10.0,22.0,19.0,51.42,51.42,2019-10-22 19:00:00
2019,10.0,22.0,20.0,54.88,54.88,2019-10-22 20:00:00
2019,10.0,22.0,21.0,54.82,54.82,2019-10-22 21:00:00
2019,10.0,22.0,22.0,49.73,49.73,2019-10-22 22:00:00
2019,10.0,22.0,23.0,43.78,43.78,2019-10-22 23:00:00
2019,10.0,22.0,24.0,38.38,38.38,2019-10-23 00:00:00
2019,10.0,23.0,1.0,37.64,37.3,2019-10-23 01:00:00
2019,10.0,23.0,2.0,35.85,33.5,2019-10-23 02:00:00
2019,10.0,23.0,3.0,32.43,32.43,2019-10-23 03:00:00
2019,10.0,23.0,4.0,32.0,32.0,2019-10-23 04:00:00
2019,10.0,23.0,5.0,31.4,31.4,2019-10-23 05:00:00
2019,10.0,23.0,6.0,33.5,33.5,2019-10-23 06:00:00
2019,10.0,23.0,7.0,40.7,40.7,2019-10-23 07:00:00
2019,10.0,23.0,8.0,51.36,51.36,2019-10-23 08:00:00
2019,10.0,23.0,9.0,53.25,53.25,2019-10-23 09:00:00
2019,10.0,23.0,10.0,55.26,56.01,2019-10-23 10:00:00
2019,10.0,23.0,11.0,54.11,54.11,2019-10-23 11:00:00
2019,10.0,23.0,12.0,51.23,51.23,2019-10-23 12:00:00
2019,10.0,23.0,13.0,47.25,47.25,2019-10-23 13:00:00
2019,10.0,23.0,14.0,46.35,46.35,2019-10-23 14:00:00
2019,10.0,23.0,15.0,46.29,46.29,2019-10-23 15:00:00
2019,10.0,23.0,16.0,45.65,45.65,2019-10-23 16:00:00
2019,10.0,23.0,17.0,45.87,45.87,2019-10-23 17:00:00
2019,10.0,23.0,18.0,50.67,50.67,2019-10-23 18:00:00
2019,10.0,23.0,19.0,53.49,53.49,2019-10-23 19:00:00
2019,10.0,23.0,20.0,55.49,55.49,2019-10-23 20:00:00
2019,10.0,23.0,21.0,55.84,55.84,2019-10-23 21:00:00
2019,10.0,23.0,22.0,54.34,54.34,2019-10-23 22:00:00
2019,10.0,23.0,23.0,48.0,48.0,2019-10-23 23:00:00
2019,10.0,23.0,24.0,41.69,41.69,2019-10-24 00:00:00
2019,10.0,24.0,1.0,41.81,41.81,2019-10-24 01:00:00
2019,10.0,24.0,2.0,39.21,39.21,2019-10-24 02:00:00
2019,10.0,24.0,3.0,37.57,37.57,2019-10-24 03:00:00
2019,10.0,24.0,4.0,36.35,36.35,2019-10-24 04:00:00
2019,10.0,24.0,5.0,35.91,35.91,2019-10-24 05:00:00
2019,10.0,24.0,6.0,37.06,37.06,2019-10-24 06:00:00
2019,10.0,24.0,7.0,39.55,39.55,2019-10-24 07:00:00
2019,10.0,24.0,8.0,48.98,48.98,2019-10-24 08:00:00
2019,10.0,24.0,9.0,54.11,54.11,2019-10-24 09:00:00
2019,10.0,24.0,10.0,54.11,54.11,2019-10-24 10:00:00
2019,10.0,24.0,11.0,51.48,51.48,2019-10-24 11:00:00
2019,10.0,24.0,12.0,46.93,46.93,2019-10-24 12:00:00
2019,10.0,24.0,13.0,44.44,44.44,2019-10-24 13:00:00
2019,10.0,24.0,14.0,42.5,42.5,2019-10-24 14:00:00
2019,10.0,24.0,15.0,39.21,38.65,2019-10-24 15:00:00
2019,10.0,24.0,16.0,41.77,37.35,2019-10-24 16:00:00
2019,10.0,24.0,17.0,42.0,38.35,2019-10-24 17:00:00
2019,10.0,24.0,18.0,42.86,42.86,2019-10-24 18:00:00
2019,10.0,24.0,19.0,48.01,48.01,2019-10-24 19:00:00
2019,10.0,24.0,20.0,55.05,55.05,2019-10-24 20:00:00
2019,10.0,24.0,21.0,58.97,58.97,2019-10-24 21:00:00
2019,10.0,24.0,22.0,57.5,57.5,2019-10-24 22:00:00
2019,10.0,24.0,23.0,54.85,54.85,2019-10-24 23:00:00
2019,10.0,24.0,24.0,48.06,48.06,2019-10-25 00:00:00
2019,10.0,25.0,1.0,51.0,51.0,2019-10-25 01:00:00
2019,10.0,25.0,2.0,51.48,51.48,2019-10-25 02:00:00
2019,10.0,25.0,3.0,45.03,45.03,2019-10-25 03:00:00
2019,10.0,25.0,4.0,41.44,41.44,2019-10-25 04:00:00
2019,10.0,25.0,5.0,39.61,39.61,2019-10-25 05:00:00
2019,10.0,25.0,6.0,42.11,42.11,2019-10-25 06:00:00
2019,10.0,25.0,7.0,44.57,44.57,2019-10-25 07:00:00
2019,10.0,25.0,8.0,51.23,51.23,2019-10-25 08:00:00
2019,10.0,25.0,9.0,53.1,53.1,2019-10-25 09:00:00
2019,10.0,25.0,10.0,53.1,53.1,2019-10-25 10:00:00
2019,10.0,25.0,11.0,52.24,52.24,2019-10-25 11:00:00
2019,10.0,25.0,12.0,48.81,48.81,2019-10-25 12:00:00
2019,10.0,25.0,13.0,47.01,47.01,2019-10-25 13:00:00
2019,10.0,25.0,14.0,46.5,46.5,2019-10-25 14:00:00
2019,10.0,25.0,15.0,44.57,44.57,2019-10-25 15:00:00
2019,10.0,25.0,16.0,44.5,44.5,2019-10-25 16:00:00
2019,10.0,25.0,17.0,44.57,44.57,2019-10-25 17:00:00
2019,10.0,25.0,18.0,46.01,46.01,2019-10-25 18:00:00
2019,10.0,25.0,19.0,51.23,51.23,2019-10-25 19:00:00
2019,10.0,25.0,20.0,56.51,56.51,2019-10-25 20:00:00
2019,10.0,25.0,21.0,60.16,60.16,2019-10-25 21:00:00
2019,10.0,25.0,22.0,57.79,57.79,2019-10-25 22:00:00
2019,10.0,25.0,23.0,52.5,52.5,2019-10-25 23:00:00
2019,10.0,25.0,24.0,46.07,46.07,2019-10-26 00:00:00
2019,10.0,26.0,1.0,50.03,50.03,2019-10-26 01:00:00
2019,10.0,26.0,2.0,47.0,47.0,2019-10-26 02:00:00
2019,10.0,26.0,3.0,42.01,42.01,2019-10-26 03:00:00
2019,10.0,26.0,4.0,39.5,39.5,2019-10-26 04:00:00
2019,10.0,26.0,5.0,39.21,39.21,2019-10-26 05:00:00
2019,10.0,26.0,6.0,38.99,38.99,2019-10-26 06:00:00
2019,10.0,26.0,7.0,39.21,39.21,2019-10-26 07:00:00
2019,10.0,26.0,8.0,42.5,42.5,2019-10-26 08:00:00
2019,10.0,26.0,9.0,44.58,44.58,2019-10-26 09:00:00
2019,10.0,26.0,10.0,48.01,48.01,2019-10-26 10:00:00
2019,10.0,26.0,11.0,46.54,46.54,2019-10-26 11:00:00
2019,10.0,26.0,12.0,43.78,43.78,2019-10-26 12:00:00
2019,10.0,26.0,13.0,43.17,43.17,2019-10-26 13:00:00
2019,10.0,26.0,14.0,43.76,43.76,2019-10-26 14:00:00
2019,10.0,26.0,15.0,42.89,42.89,2019-10-26 15:00:00
2019,10.0,26.0,16.0,39.85,39.85,2019-10-26 16:00:00
2019,10.0,26.0,17.0,39.26,39.26,2019-10-26 17:00:00
2019,10.0,26.0,18.0,42.3,42.3,2019-10-26 18:00:00
2019,10.0,26.0,19.0,46.44,46.44,2019-10-26 19:00:00
2019,10.0,26.0,20.0,55.73,55.73,2019-10-26 20:00:00
2019,10.0,26.0,21.0,59.82,59.82,2019-10-26 21:00:00
2019,10.0,26.0,22.0,58.97,58.97,2019-10-26 22:00:00
2019,10.0,26.0,23.0,55.06,55.06,2019-10-26 23:00:00
2019,10.0,26.0,24.0,51.98,51.98,2019-10-27 00:00:00
2019,10.0,27.0,1.0,49.0,49.0,2019-10-27 01:00:00
2019,10.0,27.0,2.0,43.95,43.95,2019-10-27 02:00:00
2019,10.0,27.0,3.0,42.81,42.81,2019-10-27 03:00:00
2019,10.0,27.0,4.0,42.95,42.95,2019-10-27 04:00:00
2019,10.0,27.0,5.0,41.78,41.78,2019-10-27 05:00:00
2019,10.0,27.0,6.0,39.99,39.99,2019-10-27 06:00:00
2019,10.0,27.0,7.0,39.98,39.98,2019-10-27 07:00:00
2019,10.0,27.0,8.0,41.86,41.86,2019-10-27 08:00:00
2019,10.0,27.0,9.0,43.19,43.19,2019-10-27 09:00:00
2019,10.0,27.0,10.0,42.67,42.67,2019-10-27 10:00:00
2019,10.0,27.0,11.0,43.01,43.01,2019-10-27 11:00:00
2019,10.0,27.0,12.0,43.21,43.21,2019-10-27 12:00:00
2019,10.0,27.0,13.0,43.2,43.2,2019-10-27 13:00:00
2019,10.0,27.0,14.0,43.21,43.21,2019-10-27 14:00:00
2019,10.0,27.0,15.0,45.57,45.57,2019-10-27 15:00:00
2019,10.0,27.0,16.0,46.12,46.12,2019-10-27 16:00:00
2019,10.0,27.0,17.0,44.08,44.08,2019-10-27 17:00:00
2019,10.0,27.0,18.0,44.07,44.07,2019-10-27 18:00:00
2019,10.0,27.0,19.0,46.77,46.77,2019-10-27 19:00:00
2019,10.0,27.0,20.0,50.15,50.15,2019-10-27 20:00:00
2019,10.0,27.0,21.0,55.52,55.52,2019-10-27 21:00:00
2019,10.0,27.0,22.0,56.85,56.85,2019-10-27 22:00:00
2019,10.0,27.0,23.0,56.51,56.51,2019-10-27 23:00:00
2019,10.0,27.0,24.0,53.19,53.19,2019-10-28 00:00:00
2019,10.0,28.0,1.0,52.98,52.98,2019-10-28 01:00:00
2019,10.0,28.0,2.0,51.88,51.88,2019-10-28 02:00:00
2019,10.0,28.0,3.0,48.39,48.39,2019-10-28 03:00:00
2019,10.0,28.0,4.0,46.05,46.05,2019-10-28 04:00:00
2019,10.0,28.0,5.0,45.57,45.57,2019-10-28 05:00:00
2019,10.0,28.0,6.0,49.14,49.14,2019-10-28 06:00:00
2019,10.0,28.0,7.0,51.88,51.88,2019-10-28 07:00:00
2019,10.0,28.0,8.0,53.34,53.34,2019-10-28 08:00:00
2019,10.0,28.0,9.0,55.49,55.49,2019-10-28 09:00:00
2019,10.0,28.0,10.0,55.66,55.66,2019-10-28 10:00:00
2019,10.0,28.0,11.0,54.8,54.8,2019-10-28 11:00:00
2019,10.0,28.0,12.0,53.19,53.19,2019-10-28 12:00:00
2019,10.0,28.0,13.0,54.11,54.11,2019-10-28 13:00:00
2019,10.0,28.0,14.0,53.19,53.19,2019-10-28 14:00:00
2019,10.0,28.0,15.0,53.0,53.0,2019-10-28 15:00:00
2019,10.0,28.0,16.0,53.34,53.34,2019-10-28 16:00:00
2019,10.0,28.0,17.0,54.99,54.99,2019-10-28 17:00:00
2019,10.0,28.0,18.0,58.94,60.16,2019-10-28 18:00:00
2019,10.0,28.0,19.0,58.94,61.23,2019-10-28 19:00:00
2019,10.0,28.0,20.0,60.25,61.5,2019-10-28 20:00:00
2019,10.0,28.0,21.0,59.49,59.49,2019-10-28 21:00:00
2019,10.0,28.0,22.0,57.79,57.79,2019-10-28 22:00:00
2019,10.0,28.0,23.0,54.81,54.81,2019-10-28 23:00:00
2019,10.0,28.0,24.0,50.48,50.48,2019-10-29 00:00:00
2019,10.0,29.0,1.0,53.1,53.1,2019-10-29 01:00:00
2019,10.0,29.0,2.0,51.0,51.0,2019-10-29 02:00:00
2019,10.0,29.0,3.0,48.3,48.3,2019-10-29 03:00:00
2019,10.0,29.0,4.0,47.28,47.28,2019-10-29 04:00:00
2019,10.0,29.0,5.0,47.05,47.05,2019-10-29 05:00:00
2019,10.0,29.0,6.0,49.03,49.03,2019-10-29 06:00:00
2019,10.0,29.0,7.0,49.35,49.35,2019-10-29 07:00:00
2019,10.0,29.0,8.0,54.54,54.54,2019-10-29 08:00:00
2019,10.0,29.0,9.0,55.81,55.81,2019-10-29 09:00:00
2019,10.0,29.0,10.0,55.07,55.07,2019-10-29 10:00:00
2019,10.0,29.0,11.0,54.11,54.11,2019-10-29 11:00:00
2019,10.0,29.0,12.0,53.99,53.99,2019-10-29 12:00:00
2019,10.0,29.0,13.0,54.21,54.21,2019-10-29 13:00:00
2019,10.0,29.0,14.0,53.31,53.31,2019-10-29 14:00:00
2019,10.0,29.0,15.0,52.62,52.62,2019-10-29 15:00:00
2019,10.0,29.0,16.0,55.01,55.01,2019-10-29 16:00:00
2019,10.0,29.0,17.0,57.2,57.2,2019-10-29 17:00:00
2019,10.0,29.0,18.0,60.23,60.23,2019-10-29 18:00:00
2019,10.0,29.0,19.0,61.23,61.23,2019-10-29 19:00:00
2019,10.0,29.0,20.0,60.75,60.75,2019-10-29 20:00:00
2019,10.0,29.0,21.0,58.97,58.97,2019-10-29 21:00:00
2019,10.0,29.0,22.0,58.02,58.02,2019-10-29 22:00:00
2019,10.0,29.0,23.0,54.85,54.85,2019-10-29 23:00:00
2019,10.0,29.0,24.0,48.68,48.68,2019-10-30 00:00:00
2019,10.0,30.0,1.0,49.0,49.0,2019-10-30 01:00:00
2019,10.0,30.0,2.0,47.01,47.01,2019-10-30 02:00:00
2019,10.0,30.0,3.0,44.44,44.44,2019-10-30 03:00:00
2019,10.0,30.0,4.0,42.18,42.18,2019-10-30 04:00:00
2019,10.0,30.0,5.0,41.21,41.21,2019-10-30 05:00:00
2019,10.0,30.0,6.0,43.43,43.43,2019-10-30 06:00:00
2019,10.0,30.0,7.0,46.67,46.67,2019-10-30 07:00:00
2019,10.0,30.0,8.0,54.12,54.12,2019-10-30 08:00:00
2019,10.0,30.0,9.0,57.6,57.6,2019-10-30 09:00:00
2019,10.0,30.0,10.0,54.82,54.82,2019-10-30 10:00:00
2019,10.0,30.0,11.0,55.07,55.07,2019-10-30 11:00:00
2019,10.0,30.0,12.0,55.07,55.07,2019-10-30 12:00:00
2019,10.0,30.0,13.0,55.0,55.0,2019-10-30 13:00:00
2019,10.0,30.0,14.0,53.0,53.0,2019-10-30 14:00:00
2019,10.0,30.0,15.0,53.68,53.68,2019-10-30 15:00:00
2019,10.0,30.0,16.0,54.03,54.03,2019-10-30 16:00:00
2019,10.0,30.0,17.0,56.17,56.17,2019-10-30 17:00:00
2019,10.0,30.0,18.0,58.95,58.95,2019-10-30 18:00:00
2019,10.0,30.0,19.0,59.91,59.91,2019-10-30 19:00:00
2019,10.0,30.0,20.0,60.0,60.0,2019-10-30 20:00:00
2019,10.0,30.0,21.0,56.85,56.85,2019-10-30 21:00:00
2019,10.0,30.0,22.0,55.5,55.5,2019-10-30 22:00:00
2019,10.0,30.0,23.0,48.72,48.72,2019-10-30 23:00:00
2019,10.0,30.0,24.0,44.63,44.63,2019-10-31 00:00:00
2019,10.0,31.0,1.0,45.0,45.0,2019-10-31 01:00:00
2019,10.0,31.0,2.0,45.0,45.0,2019-10-31 02:00:00
2019,10.0,31.0,3.0,39.1,39.1,2019-10-31 03:00:00
2019,10.0,31.0,4.0,38.1,38.1,2019-10-31 04:00:00
2019,10.0,31.0,5.0,38.1,38.1,2019-10-31 05:00:00
2019,10.0,31.0,6.0,39.5,39.5,2019-10-31 06:00:00
2019,10.0,31.0,7.0,44.57,44.57,2019-10-31 07:00:00
2019,10.0,31.0,8.0,53.2,53.2,2019-10-31 08:00:00
2019,10.0,31.0,9.0,55.5,55.5,2019-10-31 09:00:00
2019,10.0,31.0,10.0,55.35,55.35,2019-10-31 10:00:00
2019,10.0,31.0,11.0,54.35,54.35,2019-10-31 11:00:00
2019,10.0,31.0,12.0,53.2,53.2,2019-10-31 12:00:00
2019,10.0,31.0,13.0,52.5,52.5,2019-10-31 13:00:00
2019,10.0,31.0,14.0,49.0,49.0,2019-10-31 14:00:00
2019,10.0,31.0,15.0,48.1,48.1,2019-10-31 15:00:00
2019,10.0,31.0,16.0,49.08,49.08,2019-10-31 16:00:00
2019,10.0,31.0,17.0,51.08,51.08,2019-10-31 17:00:00
2019,10.0,31.0,18.0,56.01,56.01,2019-10-31 18:00:00
2019,10.0,31.0,19.0,59.69,59.69,2019-10-31 19:00:00
2019,10.0,31.0,20.0,60.0,60.0,2019-10-31 20:00:00
2019,10.0,31.0,21.0,56.26,56.26,2019-10-31 21:00:00
2019,10.0,31.0,22.0,53.55,53.55,2019-10-31 22:00:00
2019,10.0,31.0,23.0,46.05,46.05,2019-10-31 23:00:00
2019,10.0,31.0,24.0,40.0,40.0,2019-11-01 00:00:00
2019,11.0,1.0,1.0,42.1,42.1,2019-11-01 01:00:00
2019,11.0,1.0,2.0,40.18,40.18,2019-11-01 02:00:00
2019,11.0,1.0,3.0,32.4,32.4,2019-11-01 03:00:00
2019,11.0,1.0,4.0,30.01,30.01,2019-11-01 04:00:00
2019,11.0,1.0,5.0,29.1,29.1,2019-11-01 05:00:00
2019,11.0,1.0,6.0,28.9,28.9,2019-11-01 06:00:00
2019,11.0,1.0,7.0,29.1,29.1,2019-11-01 07:00:00
2019,11.0,1.0,8.0,32.86,32.86,2019-11-01 08:00:00
2019,11.0,1.0,9.0,33.0,33.0,2019-11-01 09:00:00
2019,11.0,1.0,10.0,35.07,35.07,2019-11-01 10:00:00
2019,11.0,1.0,11.0,33.01,33.01,2019-11-01 11:00:00
2019,11.0,1.0,12.0,34.04,34.04,2019-11-01 12:00:00
2019,11.0,1.0,13.0,35.9,35.9,2019-11-01 13:00:00
2019,11.0,1.0,14.0,33.43,33.43,2019-11-01 14:00:00
2019,11.0,1.0,15.0,31.5,31.5,2019-11-01 15:00:00
2019,11.0,1.0,16.0,30.09,30.09,2019-11-01 16:00:00
2019,11.0,1.0,17.0,30.0,30.0,2019-11-01 17:00:00
2019,11.0,1.0,18.0,30.07,30.07,2019-11-01 18:00:00
2019,11.0,1.0,19.0,38.08,38.08,2019-11-01 19:00:00
2019,11.0,1.0,20.0,37.01,37.01,2019-11-01 20:00:00
2019,11.0,1.0,21.0,31.98,31.98,2019-11-01 21:00:00
2019,11.0,1.0,22.0,30.22,30.22,2019-11-01 22:00:00
2019,11.0,1.0,23.0,30.49,30.49,2019-11-01 23:00:00
2019,11.0,1.0,24.0,29.5,29.5,2019-11-02 00:00:00
2019,11.0,2.0,1.0,27.31,27.31,2019-11-02 01:00:00
2019,11.0,2.0,2.0,25.8,25.8,2019-11-02 02:00:00
2019,11.0,2.0,3.0,24.78,24.78,2019-11-02 03:00:00
2019,11.0,2.0,4.0,20.6,20.6,2019-11-02 04:00:00
2019,11.0,2.0,5.0,18.99,18.99,2019-11-02 05:00:00
2019,11.0,2.0,6.0,21.86,21.86,2019-11-02 06:00:00
2019,11.0,2.0,7.0,24.47,24.47,2019-11-02 07:00:00
2019,11.0,2.0,8.0,28.03,28.03,2019-11-02 08:00:00
2019,11.0,2.0,9.0,29.34,29.34,2019-11-02 09:00:00
2019,11.0,2.0,10.0,32.17,32.17,2019-11-02 10:00:00
2019,11.0,2.0,11.0,31.04,31.04,2019-11-02 11:00:00
2019,11.0,2.0,12.0,30.0,30.0,2019-11-02 12:00:00
2019,11.0,2.0,13.0,29.6,29.6,2019-11-02 13:00:00
2019,11.0,2.0,14.0,27.9,27.9,2019-11-02 14:00:00
2019,11.0,2.0,15.0,26.89,26.89,2019-11-02 15:00:00
2019,11.0,2.0,16.0,27.94,27.94,2019-11-02 16:00:00
2019,11.0,2.0,17.0,30.0,30.0,2019-11-02 17:00:00
2019,11.0,2.0,18.0,33.91,33.91,2019-11-02 18:00:00
2019,11.0,2.0,19.0,39.44,39.44,2019-11-02 19:00:00
2019,11.0,2.0,20.0,35.05,35.05,2019-11-02 20:00:00
2019,11.0,2.0,21.0,32.06,32.06,2019-11-02 21:00:00
2019,11.0,2.0,22.0,29.23,29.23,2019-11-02 22:00:00
2019,11.0,2.0,23.0,28.81,28.81,2019-11-02 23:00:00
2019,11.0,2.0,24.0,27.31,27.31,2019-11-03 00:00:00
2019,11.0,3.0,1.0,16.45,16.45,2019-11-03 01:00:00
2019,11.0,3.0,2.0,12.45,12.45,2019-11-03 02:00:00
2019,11.0,3.0,3.0,9.0,9.0,2019-11-03 03:00:00
2019,11.0,3.0,4.0,6.66,6.66,2019-11-03 04:00:00
2019,11.0,3.0,5.0,6.77,6.77,2019-11-03 05:00:00
2019,11.0,3.0,6.0,6.2,6.2,2019-11-03 06:00:00
2019,11.0,3.0,7.0,7.62,7.62,2019-11-03 07:00:00
2019,11.0,3.0,8.0,8.77,8.77,2019-11-03 08:00:00
2019,11.0,3.0,9.0,9.0,9.0,2019-11-03 09:00:00
2019,11.0,3.0,10.0,14.8,14.8,2019-11-03 10:00:00
2019,11.0,3.0,11.0,17.2,17.2,2019-11-03 11:00:00
2019,11.0,3.0,12.0,16.73,16.73,2019-11-03 12:00:00
2019,11.0,3.0,13.0,17.7,17.7,2019-11-03 13:00:00
2019,11.0,3.0,14.0,19.2,19.2,2019-11-03 14:00:00
2019,11.0,3.0,15.0,19.66,19.66,2019-11-03 15:00:00
2019,11.0,3.0,16.0,18.53,18.53,2019-11-03 16:00:00
2019,11.0,3.0,17.0,20.01,20.01,2019-11-03 17:00:00
2019,11.0,3.0,18.0,25.02,25.02,2019-11-03 18:00:00
2019,11.0,3.0,19.0,30.91,30.91,2019-11-03 19:00:00
2019,11.0,3.0,20.0,39.96,39.96,2019-11-03 20:00:00
2019,11.0,3.0,21.0,38.29,38.29,2019-11-03 21:00:00
2019,11.0,3.0,22.0,34.3,34.3,2019-11-03 22:00:00
2019,11.0,3.0,23.0,31.37,31.37,2019-11-03 23:00:00
2019,11.0,3.0,24.0,26.46,26.46,2019-11-04 00:00:00
2019,11.0,4.0,1.0,12.1,12.1,2019-11-04 01:00:00
2019,11.0,4.0,2.0,8.45,8.45,2019-11-04 02:00:00
2019,11.0,4.0,3.0,5.95,5.95,2019-11-04 03:00:00
2019,11.0,4.0,4.0,5.95,5.95,2019-11-04 04:00:00
2019,11.0,4.0,5.0,5.95,5.95,2019-11-04 05:00:00
2019,11.0,4.0,6.0,8.0,8.0,2019-11-04 06:00:00
2019,11.0,4.0,7.0,14.5,14.5,2019-11-04 07:00:00
2019,11.0,4.0,8.0,30.0,30.0,2019-11-04 08:00:00
2019,11.0,4.0,9.0,38.49,38.49,2019-11-04 09:00:00
2019,11.0,4.0,10.0,41.48,41.48,2019-11-04 10:00:00
2019,11.0,4.0,11.0,39.1,39.1,2019-11-04 11:00:00
2019,11.0,4.0,12.0,37.0,37.0,2019-11-04 12:00:00
2019,11.0,4.0,13.0,34.66,34.66,2019-11-04 13:00:00
2019,11.0,4.0,14.0,33.32,33.32,2019-11-04 14:00:00
2019,11.0,4.0,15.0,30.4,30.4,2019-11-04 15:00:00
2019,11.0,4.0,16.0,31.4,31.4,2019-11-04 16:00:00
2019,11.0,4.0,17.0,33.32,33.32,2019-11-04 17:00:00
2019,11.0,4.0,18.0,37.99,37.99,2019-11-04 18:00:00
2019,11.0,4.0,19.0,45.03,45.03,2019-11-04 19:00:00
2019,11.0,4.0,20.0,48.83,48.83,2019-11-04 20:00:00
2019,11.0,4.0,21.0,44.21,44.21,2019-11-04 21:00:00
2019,11.0,4.0,22.0,37.95,37.95,2019-11-04 22:00:00
2019,11.0,4.0,23.0,32.4,32.4,2019-11-04 23:00:00
2019,11.0,4.0,24.0,27.01,27.01,2019-11-05 00:00:00
2019,11.0,5.0,1.0,21.53,21.53,2019-11-05 01:00:00
2019,11.0,5.0,2.0,14.0,14.0,2019-11-05 02:00:00
2019,11.0,5.0,3.0,9.99,9.99,2019-11-05 03:00:00
2019,11.0,5.0,4.0,9.1,9.1,2019-11-05 04:00:00
2019,11.0,5.0,5.0,8.45,8.45,2019-11-05 05:00:00
2019,11.0,5.0,6.0,13.62,13.62,2019-11-05 06:00:00
2019,11.0,5.0,7.0,19.99,19.99,2019-11-05 07:00:00
2019,11.0,5.0,8.0,30.0,30.0,2019-11-05 08:00:00
2019,11.0,5.0,9.0,35.0,35.0,2019-11-05 09:00:00
2019,11.0,5.0,10.0,35.01,35.01,2019-11-05 10:00:00
2019,11.0,5.0,11.0,33.42,33.42,2019-11-05 11:00:00
2019,11.0,5.0,12.0,32.69,32.69,2019-11-05 12:00:00
2019,11.0,5.0,13.0,31.25,31.25,2019-11-05 13:00:00
2019,11.0,5.0,14.0,30.01,30.01,2019-11-05 14:00:00
2019,11.0,5.0,15.0,28.0,28.0,2019-11-05 15:00:00
2019,11.0,5.0,16.0,28.05,28.05,2019-11-05 16:00:00
2019,11.0,5.0,17.0,30.5,30.5,2019-11-05 17:00:00
2019,11.0,5.0,18.0,36.99,36.99,2019-11-05 18:00:00
2019,11.0,5.0,19.0,45.0,45.0,2019-11-05 19:00:00
2019,11.0,5.0,20.0,48.01,48.01,2019-11-05 20:00:00
2019,11.0,5.0,21.0,47.56,47.56,2019-11-05 21:00:00
2019,11.0,5.0,22.0,43.3,43.3,2019-11-05 22:00:00
2019,11.0,5.0,23.0,41.21,41.21,2019-11-05 23:00:00
2019,11.0,5.0,24.0,38.3,38.3,2019-11-06 00:00:00
2019,11.0,6.0,1.0,36.97,36.97,2019-11-06 01:00:00
2019,11.0,6.0,2.0,35.75,35.75,2019-11-06 02:00:00
2019,11.0,6.0,3.0,34.27,34.27,2019-11-06 03:00:00
2019,11.0,6.0,4.0,33.79,33.79,2019-11-06 04:00:00
2019,11.0,6.0,5.0,34.45,34.45,2019-11-06 05:00:00
2019,11.0,6.0,6.0,37.74,37.74,2019-11-06 06:00:00
2019,11.0,6.0,7.0,42.84,42.84,2019-11-06 07:00:00
2019,11.0,6.0,8.0,44.0,44.0,2019-11-06 08:00:00
2019,11.0,6.0,9.0,44.84,44.84,2019-11-06 09:00:00
2019,11.0,6.0,10.0,45.21,45.21,2019-11-06 10:00:00
2019,11.0,6.0,11.0,42.84,42.84,2019-11-06 11:00:00
2019,11.0,6.0,12.0,41.76,41.76,2019-11-06 12:00:00
2019,11.0,6.0,13.0,40.66,40.66,2019-11-06 13:00:00
2019,11.0,6.0,14.0,40.38,40.38,2019-11-06 14:00:00
2019,11.0,6.0,15.0,37.59,37.59,2019-11-06 15:00:00
2019,11.0,6.0,16.0,37.59,37.59,2019-11-06 16:00:00
2019,11.0,6.0,17.0,40.9,40.9,2019-11-06 17:00:00
2019,11.0,6.0,18.0,42.18,42.18,2019-11-06 18:00:00
2019,11.0,6.0,19.0,45.3,45.3,2019-11-06 19:00:00
2019,11.0,6.0,20.0,46.51,46.51,2019-11-06 20:00:00
2019,11.0,6.0,21.0,46.05,46.05,2019-11-06 21:00:00
2019,11.0,6.0,22.0,44.0,44.0,2019-11-06 22:00:00
2019,11.0,6.0,23.0,40.66,40.66,2019-11-06 23:00:00
2019,11.0,6.0,24.0,39.17,39.17,2019-11-07 00:00:00
2019,11.0,7.0,1.0,39.07,39.07,2019-11-07 01:00:00
2019,11.0,7.0,2.0,35.95,35.95,2019-11-07 02:00:00
2019,11.0,7.0,3.0,33.4,33.4,2019-11-07 03:00:00
2019,11.0,7.0,4.0,32.67,32.67,2019-11-07 04:00:00
2019,11.0,7.0,5.0,32.11,32.11,2019-11-07 05:00:00
2019,11.0,7.0,6.0,34.73,34.73,2019-11-07 06:00:00
2019,11.0,7.0,7.0,41.25,41.25,2019-11-07 07:00:00
2019,11.0,7.0,8.0,45.22,45.22,2019-11-07 08:00:00
2019,11.0,7.0,9.0,45.6,45.6,2019-11-07 09:00:00
2019,11.0,7.0,10.0,45.88,45.88,2019-11-07 10:00:00
2019,11.0,7.0,11.0,43.94,43.94,2019-11-07 11:00:00
2019,11.0,7.0,12.0,41.25,41.25,2019-11-07 12:00:00
2019,11.0,7.0,13.0,40.01,40.01,2019-11-07 13:00:00
2019,11.0,7.0,14.0,37.86,37.86,2019-11-07 14:00:00
2019,11.0,7.0,15.0,35.48,35.48,2019-11-07 15:00:00
2019,11.0,7.0,16.0,35.01,35.01,2019-11-07 16:00:00
2019,11.0,7.0,17.0,38.01,38.01,2019-11-07 17:00:00
2019,11.0,7.0,18.0,40.01,40.01,2019-11-07 18:00:00
2019,11.0,7.0,19.0,43.94,43.94,2019-11-07 19:00:00
2019,11.0,7.0,20.0,45.45,45.45,2019-11-07 20:00:00
2019,11.0,7.0,21.0,45.27,45.27,2019-11-07 21:00:00
2019,11.0,7.0,22.0,40.0,40.0,2019-11-07 22:00:00
2019,11.0,7.0,23.0,38.0,38.0,2019-11-07 23:00:00
2019,11.0,7.0,24.0,33.03,33.03,2019-11-08 00:00:00
2019,11.0,8.0,1.0,36.94,36.94,2019-11-08 01:00:00
2019,11.0,8.0,2.0,30.21,30.21,2019-11-08 02:00:00
2019,11.0,8.0,3.0,29.53,29.53,2019-11-08 03:00:00
2019,11.0,8.0,4.0,28.9,28.9,2019-11-08 04:00:00
2019,11.0,8.0,5.0,28.8,28.8,2019-11-08 05:00:00
2019,11.0,8.0,6.0,29.5,29.5,2019-11-08 06:00:00
2019,11.0,8.0,7.0,31.5,31.5,2019-11-08 07:00:00
2019,11.0,8.0,8.0,39.24,39.24,2019-11-08 08:00:00
2019,11.0,8.0,9.0,42.39,42.39,2019-11-08 09:00:00
2019,11.0,8.0,10.0,42.11,42.11,2019-11-08 10:00:00
2019,11.0,8.0,11.0,39.69,39.69,2019-11-08 11:00:00
2019,11.0,8.0,12.0,36.61,36.61,2019-11-08 12:00:00
2019,11.0,8.0,13.0,35.09,35.09,2019-11-08 13:00:00
2019,11.0,8.0,14.0,34.33,34.33,2019-11-08 14:00:00
2019,11.0,8.0,15.0,31.5,31.5,2019-11-08 15:00:00
2019,11.0,8.0,16.0,32.0,32.0,2019-11-08 16:00:00
2019,11.0,8.0,17.0,36.61,36.61,2019-11-08 17:00:00
2019,11.0,8.0,18.0,41.89,41.89,2019-11-08 18:00:00
2019,11.0,8.0,19.0,46.01,46.01,2019-11-08 19:00:00
2019,11.0,8.0,20.0,48.39,48.39,2019-11-08 20:00:00
2019,11.0,8.0,21.0,49.39,49.39,2019-11-08 21:00:00
2019,11.0,8.0,22.0,44.51,44.51,2019-11-08 22:00:00
2019,11.0,8.0,23.0,44.58,44.58,2019-11-08 23:00:00
2019,11.0,8.0,24.0,42.55,42.55,2019-11-09 00:00:00
2019,11.0,9.0,1.0,42.63,42.63,2019-11-09 01:00:00
2019,11.0,9.0,2.0,39.78,39.78,2019-11-09 02:00:00
2019,11.0,9.0,3.0,38.81,38.81,2019-11-09 03:00:00
2019,11.0,9.0,4.0,36.94,36.94,2019-11-09 04:00:00
2019,11.0,9.0,5.0,36.2,36.2,2019-11-09 05:00:00
2019,11.0,9.0,6.0,36.13,36.13,2019-11-09 06:00:00
2019,11.0,9.0,7.0,39.57,39.57,2019-11-09 07:00:00
2019,11.0,9.0,8.0,41.56,41.56,2019-11-09 08:00:00
2019,11.0,9.0,9.0,42.02,42.02,2019-11-09 09:00:00
2019,11.0,9.0,10.0,44.57,44.57,2019-11-09 10:00:00
2019,11.0,9.0,11.0,44.15,44.15,2019-11-09 11:00:00
2019,11.0,9.0,12.0,42.55,42.55,2019-11-09 12:00:00
2019,11.0,9.0,13.0,41.42,41.42,2019-11-09 13:00:00
2019,11.0,9.0,14.0,40.01,40.01,2019-11-09 14:00:00
2019,11.0,9.0,15.0,39.96,39.96,2019-11-09 15:00:00
2019,11.0,9.0,16.0,41.67,41.67,2019-11-09 16:00:00
2019,11.0,9.0,17.0,41.89,41.89,2019-11-09 17:00:00
2019,11.0,9.0,18.0,42.43,42.43,2019-11-09 18:00:00
2019,11.0,9.0,19.0,44.71,44.71,2019-11-09 19:00:00
2019,11.0,9.0,20.0,45.53,45.53,2019-11-09 20:00:00
2019,11.0,9.0,21.0,42.75,42.75,2019-11-09 21:00:00
2019,11.0,9.0,22.0,40.36,40.36,2019-11-09 22:00:00
2019,11.0,9.0,23.0,39.66,39.66,2019-11-09 23:00:00
2019,11.0,9.0,24.0,36.67,36.67,2019-11-10 00:00:00
2019,11.0,10.0,1.0,34.31,34.31,2019-11-10 01:00:00
2019,11.0,10.0,2.0,33.52,33.52,2019-11-10 02:00:00
2019,11.0,10.0,3.0,30.1,30.1,2019-11-10 03:00:00
2019,11.0,10.0,4.0,29.0,29.0,2019-11-10 04:00:00
2019,11.0,10.0,5.0,29.5,29.5,2019-11-10 05:00:00
2019,11.0,10.0,6.0,30.1,30.1,2019-11-10 06:00:00
2019,11.0,10.0,7.0,31.01,31.01,2019-11-10 07:00:00
2019,11.0,10.0,8.0,32.73,32.73,2019-11-10 08:00:00
2019,11.0,10.0,9.0,34.03,34.03,2019-11-10 09:00:00
2019,11.0,10.0,10.0,35.05,35.05,2019-11-10 10:00:00
2019,11.0,10.0,11.0,35.51,35.51,2019-11-10 11:00:00
2019,11.0,10.0,12.0,34.15,34.15,2019-11-10 12:00:00
2019,11.0,10.0,13.0,34.09,34.09,2019-11-10 13:00:00
2019,11.0,10.0,14.0,34.31,34.31,2019-11-10 14:00:00
2019,11.0,10.0,15.0,36.75,36.75,2019-11-10 15:00:00
2019,11.0,10.0,16.0,34.31,34.31,2019-11-10 16:00:00
2019,11.0,10.0,17.0,36.57,36.57,2019-11-10 17:00:00
2019,11.0,10.0,18.0,42.75,42.75,2019-11-10 18:00:00
2019,11.0,10.0,19.0,47.0,47.0,2019-11-10 19:00:00
2019,11.0,10.0,20.0,52.51,52.51,2019-11-10 20:00:00
2019,11.0,10.0,21.0,51.01,51.01,2019-11-10 21:00:00
2019,11.0,10.0,22.0,47.0,47.0,2019-11-10 22:00:00
2019,11.0,10.0,23.0,45.69,45.69,2019-11-10 23:00:00
2019,11.0,10.0,24.0,43.39,43.39,2019-11-11 00:00:00
2019,11.0,11.0,1.0,41.83,41.83,2019-11-11 01:00:00
2019,11.0,11.0,2.0,38.59,38.59,2019-11-11 02:00:00
2019,11.0,11.0,3.0,36.2,36.2,2019-11-11 03:00:00
2019,11.0,11.0,4.0,34.75,34.75,2019-11-11 04:00:00
2019,11.0,11.0,5.0,34.8,34.8,2019-11-11 05:00:00
2019,11.0,11.0,6.0,37.19,37.19,2019-11-11 06:00:00
2019,11.0,11.0,7.0,42.49,42.49,2019-11-11 07:00:00
2019,11.0,11.0,8.0,46.96,46.96,2019-11-11 08:00:00
2019,11.0,11.0,9.0,51.0,51.0,2019-11-11 09:00:00
2019,11.0,11.0,10.0,49.85,49.85,2019-11-11 10:00:00
2019,11.0,11.0,11.0,48.62,48.62,2019-11-11 11:00:00
2019,11.0,11.0,12.0,47.63,47.63,2019-11-11 12:00:00
2019,11.0,11.0,13.0,47.57,47.57,2019-11-11 13:00:00
2019,11.0,11.0,14.0,45.56,45.56,2019-11-11 14:00:00
2019,11.0,11.0,15.0,43.66,43.66,2019-11-11 15:00:00
2019,11.0,11.0,16.0,43.53,43.53,2019-11-11 16:00:00
2019,11.0,11.0,17.0,44.23,44.23,2019-11-11 17:00:00
2019,11.0,11.0,18.0,48.39,48.39,2019-11-11 18:00:00
2019,11.0,11.0,19.0,51.24,51.24,2019-11-11 19:00:00
2019,11.0,11.0,20.0,52.85,52.85,2019-11-11 20:00:00
2019,11.0,11.0,21.0,50.25,50.25,2019-11-11 21:00:00
2019,11.0,11.0,22.0,48.35,48.35,2019-11-11 22:00:00
2019,11.0,11.0,23.0,45.16,45.16,2019-11-11 23:00:00
2019,11.0,11.0,24.0,43.01,43.01,2019-11-12 00:00:00
2019,11.0,12.0,1.0,47.92,47.92,2019-11-12 01:00:00
2019,11.0,12.0,2.0,43.82,43.82,2019-11-12 02:00:00
2019,11.0,12.0,3.0,39.64,39.64,2019-11-12 03:00:00
2019,11.0,12.0,4.0,38.81,38.81,2019-11-12 04:00:00
2019,11.0,12.0,5.0,38.65,38.65,2019-11-12 05:00:00
2019,11.0,12.0,6.0,38.81,38.81,2019-11-12 06:00:00
2019,11.0,12.0,7.0,42.41,42.41,2019-11-12 07:00:00
2019,11.0,12.0,8.0,53.1,53.1,2019-11-12 08:00:00
2019,11.0,12.0,9.0,54.01,55.21,2019-11-12 09:00:00
2019,11.0,12.0,10.0,54.92,54.92,2019-11-12 10:00:00
2019,11.0,12.0,11.0,53.46,53.46,2019-11-12 11:00:00
2019,11.0,12.0,12.0,51.49,51.49,2019-11-12 12:00:00
2019,11.0,12.0,13.0,49.51,49.51,2019-11-12 13:00:00
2019,11.0,12.0,14.0,47.24,47.24,2019-11-12 14:00:00
2019,11.0,12.0,15.0,44.26,44.26,2019-11-12 15:00:00
2019,11.0,12.0,16.0,43.47,43.47,2019-11-12 16:00:00
2019,11.0,12.0,17.0,45.0,45.0,2019-11-12 17:00:00
2019,11.0,12.0,18.0,50.51,50.51,2019-11-12 18:00:00
2019,11.0,12.0,19.0,55.03,55.03,2019-11-12 19:00:00
2019,11.0,12.0,20.0,55.03,57.55,2019-11-12 20:00:00
2019,11.0,12.0,21.0,54.54,57.01,2019-11-12 21:00:00
2019,11.0,12.0,22.0,52.3,52.3,2019-11-12 22:00:00
2019,11.0,12.0,23.0,48.56,48.56,2019-11-12 23:00:00
2019,11.0,12.0,24.0,44.74,44.74,2019-11-13 00:00:00
2019,11.0,13.0,1.0,42.92,42.92,2019-11-13 01:00:00
2019,11.0,13.0,2.0,39.25,39.25,2019-11-13 02:00:00
2019,11.0,13.0,3.0,37.95,37.95,2019-11-13 03:00:00
2019,11.0,13.0,4.0,36.32,36.32,2019-11-13 04:00:00
2019,11.0,13.0,5.0,36.82,36.82,2019-11-13 05:00:00
2019,11.0,13.0,6.0,39.75,39.75,2019-11-13 06:00:00
2019,11.0,13.0,7.0,42.15,42.15,2019-11-13 07:00:00
2019,11.0,13.0,8.0,48.97,55.13,2019-11-13 08:00:00
2019,11.0,13.0,9.0,51.69,57.91,2019-11-13 09:00:00
2019,11.0,13.0,10.0,54.79,54.79,2019-11-13 10:00:00
2019,11.0,13.0,11.0,54.54,54.54,2019-11-13 11:00:00
2019,11.0,13.0,12.0,53.53,53.53,2019-11-13 12:00:00
2019,11.0,13.0,13.0,53.24,53.24,2019-11-13 13:00:00
2019,11.0,13.0,14.0,50.61,50.61,2019-11-13 14:00:00
2019,11.0,13.0,15.0,45.0,45.0,2019-11-13 15:00:00
2019,11.0,13.0,16.0,44.12,44.12,2019-11-13 16:00:00
2019,11.0,13.0,17.0,44.13,44.13,2019-11-13 17:00:00
2019,11.0,13.0,18.0,50.5,50.5,2019-11-13 18:00:00
2019,11.0,13.0,19.0,54.79,57.03,2019-11-13 19:00:00
2019,11.0,13.0,20.0,56.59,56.59,2019-11-13 20:00:00
2019,11.0,13.0,21.0,56.56,56.56,2019-11-13 21:00:00
2019,11.0,13.0,22.0,52.63,52.63,2019-11-13 22:00:00
2019,11.0,13.0,23.0,49.57,49.57,2019-11-13 23:00:00
2019,11.0,13.0,24.0,45.54,45.54,2019-11-14 00:00:00
2019,11.0,14.0,1.0,39.6,39.6,2019-11-14 01:00:00
2019,11.0,14.0,2.0,37.86,37.86,2019-11-14 02:00:00
2019,11.0,14.0,3.0,36.51,36.51,2019-11-14 03:00:00
2019,11.0,14.0,4.0,35.37,35.37,2019-11-14 04:00:00
2019,11.0,14.0,5.0,35.77,35.77,2019-11-14 05:00:00
2019,11.0,14.0,6.0,38.23,38.23,2019-11-14 06:00:00
2019,11.0,14.0,7.0,39.81,39.81,2019-11-14 07:00:00
2019,11.0,14.0,8.0,46.09,46.09,2019-11-14 08:00:00
2019,11.0,14.0,9.0,51.69,51.69,2019-11-14 09:00:00
2019,11.0,14.0,10.0,53.24,53.24,2019-11-14 10:00:00
2019,11.0,14.0,11.0,47.62,47.62,2019-11-14 11:00:00
2019,11.0,14.0,12.0,46.0,46.0,2019-11-14 12:00:00
2019,11.0,14.0,13.0,44.12,44.12,2019-11-14 13:00:00
2019,11.0,14.0,14.0,42.96,42.96,2019-11-14 14:00:00
2019,11.0,14.0,15.0,40.59,40.59,2019-11-14 15:00:00
2019,11.0,14.0,16.0,40.51,40.51,2019-11-14 16:00:00
2019,11.0,14.0,17.0,42.97,42.97,2019-11-14 17:00:00
2019,11.0,14.0,18.0,48.01,48.01,2019-11-14 18:00:00
2019,11.0,14.0,19.0,55.01,55.01,2019-11-14 19:00:00
2019,11.0,14.0,20.0,56.53,58.91,2019-11-14 20:00:00
2019,11.0,14.0,21.0,57.56,58.51,2019-11-14 21:00:00
2019,11.0,14.0,22.0,54.79,54.79,2019-11-14 22:00:00
2019,11.0,14.0,23.0,51.69,51.69,2019-11-14 23:00:00
2019,11.0,14.0,24.0,46.73,46.73,2019-11-15 00:00:00
2019,11.0,15.0,1.0,43.01,43.01,2019-11-15 01:00:00
2019,11.0,15.0,2.0,39.81,39.81,2019-11-15 02:00:00
2019,11.0,15.0,3.0,38.56,38.56,2019-11-15 03:00:00
2019,11.0,15.0,4.0,37.98,37.98,2019-11-15 04:00:00
2019,11.0,15.0,5.0,37.57,37.57,2019-11-15 05:00:00
2019,11.0,15.0,6.0,38.99,38.99,2019-11-15 06:00:00
2019,11.0,15.0,7.0,39.96,39.96,2019-11-15 07:00:00
2019,11.0,15.0,8.0,47.46,47.46,2019-11-15 08:00:00
2019,11.0,15.0,9.0,50.01,50.01,2019-11-15 09:00:00
2019,11.0,15.0,10.0,53.01,53.01,2019-11-15 10:00:00
2019,11.0,15.0,11.0,52.19,52.19,2019-11-15 11:00:00
2019,11.0,15.0,12.0,51.23,51.23,2019-11-15 12:00:00
2019,11.0,15.0,13.0,48.97,48.97,2019-11-15 13:00:00
2019,11.0,15.0,14.0,48.79,48.79,2019-11-15 14:00:00
2019,11.0,15.0,15.0,46.0,46.0,2019-11-15 15:00:00
2019,11.0,15.0,16.0,46.0,46.0,2019-11-15 16:00:00
2019,11.0,15.0,17.0,48.97,48.97,2019-11-15 17:00:00
2019,11.0,15.0,18.0,54.54,54.54,2019-11-15 18:00:00
2019,11.0,15.0,19.0,59.03,59.3,2019-11-15 19:00:00
2019,11.0,15.0,20.0,60.11,60.46,2019-11-15 20:00:00
2019,11.0,15.0,21.0,58.0,58.0,2019-11-15 21:00:00
2019,11.0,15.0,22.0,54.24,54.24,2019-11-15 22:00:00
2019,11.0,15.0,23.0,52.39,52.39,2019-11-15 23:00:00
2019,11.0,15.0,24.0,49.55,49.55,2019-11-16 00:00:00
2019,11.0,16.0,1.0,48.07,48.07,2019-11-16 01:00:00
2019,11.0,16.0,2.0,43.49,43.49,2019-11-16 02:00:00
2019,11.0,16.0,3.0,40.08,40.08,2019-11-16 03:00:00
2019,11.0,16.0,4.0,38.99,38.99,2019-11-16 04:00:00
2019,11.0,16.0,5.0,38.56,38.56,2019-11-16 05:00:00
2019,11.0,16.0,6.0,39.6,39.6,2019-11-16 06:00:00
2019,11.0,16.0,7.0,40.14,40.14,2019-11-16 07:00:00
2019,11.0,16.0,8.0,42.56,42.56,2019-11-16 08:00:00
2019,11.0,16.0,9.0,43.66,43.66,2019-11-16 09:00:00
2019,11.0,16.0,10.0,50.16,50.16,2019-11-16 10:00:00
2019,11.0,16.0,11.0,50.9,50.9,2019-11-16 11:00:00
2019,11.0,16.0,12.0,50.16,50.16,2019-11-16 12:00:00
2019,11.0,16.0,13.0,49.27,49.27,2019-11-16 13:00:00
2019,11.0,16.0,14.0,47.65,47.65,2019-11-16 14:00:00
2019,11.0,16.0,15.0,42.96,42.96,2019-11-16 15:00:00
2019,11.0,16.0,16.0,39.81,39.81,2019-11-16 16:00:00
2019,11.0,16.0,17.0,40.1,40.1,2019-11-16 17:00:00
2019,11.0,16.0,18.0,46.01,46.01,2019-11-16 18:00:00
2019,11.0,16.0,19.0,53.46,53.46,2019-11-16 19:00:00
2019,11.0,16.0,20.0,54.54,54.54,2019-11-16 20:00:00
2019,11.0,16.0,21.0,51.79,51.79,2019-11-16 21:00:00
2019,11.0,16.0,22.0,49.27,49.27,2019-11-16 22:00:00
2019,11.0,16.0,23.0,48.87,48.87,2019-11-16 23:00:00
2019,11.0,16.0,24.0,47.88,47.88,2019-11-17 00:00:00
2019,11.0,17.0,1.0,45.07,45.07,2019-11-17 01:00:00
2019,11.0,17.0,2.0,42.42,42.42,2019-11-17 02:00:00
2019,11.0,17.0,3.0,39.81,39.81,2019-11-17 03:00:00
2019,11.0,17.0,4.0,37.4,37.4,2019-11-17 04:00:00
2019,11.0,17.0,5.0,36.3,36.3,2019-11-17 05:00:00
2019,11.0,17.0,6.0,36.46,36.46,2019-11-17 06:00:00
2019,11.0,17.0,7.0,36.5,36.5,2019-11-17 07:00:00
2019,11.0,17.0,8.0,37.4,37.4,2019-11-17 08:00:00
2019,11.0,17.0,9.0,38.56,38.56,2019-11-17 09:00:00
2019,11.0,17.0,10.0,41.19,41.19,2019-11-17 10:00:00
2019,11.0,17.0,11.0,43.12,43.12,2019-11-17 11:00:00
2019,11.0,17.0,12.0,43.81,43.81,2019-11-17 12:00:00
2019,11.0,17.0,13.0,44.08,44.08,2019-11-17 13:00:00
2019,11.0,17.0,14.0,42.32,42.32,2019-11-17 14:00:00
2019,11.0,17.0,15.0,41.0,41.0,2019-11-17 15:00:00
2019,11.0,17.0,16.0,41.01,41.01,2019-11-17 16:00:00
2019,11.0,17.0,17.0,43.01,43.01,2019-11-17 17:00:00
2019,11.0,17.0,18.0,48.11,48.11,2019-11-17 18:00:00
2019,11.0,17.0,19.0,52.75,52.75,2019-11-17 19:00:00
2019,11.0,17.0,20.0,55.15,55.15,2019-11-17 20:00:00
2019,11.0,17.0,21.0,52.79,52.79,2019-11-17 21:00:00
2019,11.0,17.0,22.0,50.73,50.73,2019-11-17 22:00:00
2019,11.0,17.0,23.0,47.62,47.62,2019-11-17 23:00:00
2019,11.0,17.0,24.0,43.43,43.43,2019-11-18 00:00:00
2019,11.0,18.0,1.0,43.28,43.28,2019-11-18 01:00:00
2019,11.0,18.0,2.0,40.74,40.74,2019-11-18 02:00:00
2019,11.0,18.0,3.0,39.69,39.69,2019-11-18 03:00:00
2019,11.0,18.0,4.0,36.89,36.89,2019-11-18 04:00:00
2019,11.0,18.0,5.0,35.68,35.68,2019-11-18 05:00:00
2019,11.0,18.0,6.0,39.0,39.0,2019-11-18 06:00:00
2019,11.0,18.0,7.0,46.05,46.05,2019-11-18 07:00:00
2019,11.0,18.0,8.0,51.73,51.73,2019-11-18 08:00:00
2019,11.0,18.0,9.0,51.05,51.05,2019-11-18 09:00:00
2019,11.0,18.0,10.0,52.19,52.19,2019-11-18 10:00:00
2019,11.0,18.0,11.0,51.49,51.49,2019-11-18 11:00:00
2019,11.0,18.0,12.0,50.45,50.45,2019-11-18 12:00:00
2019,11.0,18.0,13.0,50.47,50.47,2019-11-18 13:00:00
2019,11.0,18.0,14.0,50.77,50.77,2019-11-18 14:00:00
2019,11.0,18.0,15.0,50.0,50.0,2019-11-18 15:00:00
2019,11.0,18.0,16.0,50.45,50.45,2019-11-18 16:00:00
2019,11.0,18.0,17.0,52.23,52.23,2019-11-18 17:00:00
2019,11.0,18.0,18.0,54.54,54.54,2019-11-18 18:00:00
2019,11.0,18.0,19.0,60.52,60.52,2019-11-18 19:00:00
2019,11.0,18.0,20.0,63.05,63.05,2019-11-18 20:00:00
2019,11.0,18.0,21.0,62.55,62.55,2019-11-18 21:00:00
2019,11.0,18.0,22.0,59.15,59.15,2019-11-18 22:00:00
2019,11.0,18.0,23.0,54.54,54.54,2019-11-18 23:00:00
2019,11.0,18.0,24.0,53.79,53.79,2019-11-19 00:00:00
2019,11.0,19.0,1.0,51.52,51.52,2019-11-19 01:00:00
2019,11.0,19.0,2.0,48.26,48.26,2019-11-19 02:00:00
2019,11.0,19.0,3.0,45.91,45.91,2019-11-19 03:00:00
2019,11.0,19.0,4.0,44.29,44.29,2019-11-19 04:00:00
2019,11.0,19.0,5.0,43.73,43.73,2019-11-19 05:00:00
2019,11.0,19.0,6.0,45.45,45.45,2019-11-19 06:00:00
2019,11.0,19.0,7.0,56.12,56.12,2019-11-19 07:00:00
2019,11.0,19.0,8.0,60.1,60.1,2019-11-19 08:00:00
2019,11.0,19.0,9.0,60.0,60.0,2019-11-19 09:00:00
2019,11.0,19.0,10.0,60.9,60.9,2019-11-19 10:00:00
2019,11.0,19.0,11.0,60.52,60.52,2019-11-19 11:00:00
2019,11.0,19.0,12.0,60.16,60.16,2019-11-19 12:00:00
2019,11.0,19.0,13.0,61.14,61.14,2019-11-19 13:00:00
2019,11.0,19.0,14.0,61.55,61.55,2019-11-19 14:00:00
2019,11.0,19.0,15.0,60.9,60.9,2019-11-19 15:00:00
2019,11.0,19.0,16.0,61.6,61.6,2019-11-19 16:00:00
2019,11.0,19.0,17.0,61.75,61.75,2019-11-19 17:00:00
2019,11.0,19.0,18.0,61.74,61.74,2019-11-19 18:00:00
2019,11.0,19.0,19.0,64.3,64.3,2019-11-19 19:00:00
2019,11.0,19.0,20.0,65.64,65.64,2019-11-19 20:00:00
2019,11.0,19.0,21.0,64.85,64.85,2019-11-19 21:00:00
2019,11.0,19.0,22.0,61.6,61.6,2019-11-19 22:00:00
2019,11.0,19.0,23.0,59.63,59.63,2019-11-19 23:00:00
2019,11.0,19.0,24.0,58.07,58.07,2019-11-20 00:00:00
2019,11.0,20.0,1.0,56.94,56.94,2019-11-20 01:00:00
2019,11.0,20.0,2.0,51.89,51.89,2019-11-20 02:00:00
2019,11.0,20.0,3.0,47.88,47.88,2019-11-20 03:00:00
2019,11.0,20.0,4.0,45.45,45.45,2019-11-20 04:00:00
2019,11.0,20.0,5.0,45.27,45.27,2019-11-20 05:00:00
2019,11.0,20.0,6.0,45.45,45.45,2019-11-20 06:00:00
2019,11.0,20.0,7.0,55.52,55.52,2019-11-20 07:00:00
2019,11.0,20.0,8.0,63.01,63.01,2019-11-20 08:00:00
2019,11.0,20.0,9.0,63.01,63.01,2019-11-20 09:00:00
2019,11.0,20.0,10.0,63.75,63.75,2019-11-20 10:00:00
2019,11.0,20.0,11.0,63.63,63.63,2019-11-20 11:00:00
2019,11.0,20.0,12.0,63.0,63.0,2019-11-20 12:00:00
2019,11.0,20.0,13.0,62.22,62.22,2019-11-20 13:00:00
2019,11.0,20.0,14.0,61.42,61.42,2019-11-20 14:00:00
2019,11.0,20.0,15.0,59.82,59.82,2019-11-20 15:00:00
2019,11.0,20.0,16.0,60.69,60.69,2019-11-20 16:00:00
2019,11.0,20.0,17.0,61.03,61.03,2019-11-20 17:00:00
2019,11.0,20.0,18.0,61.27,61.27,2019-11-20 18:00:00
2019,11.0,20.0,19.0,64.0,64.0,2019-11-20 19:00:00
2019,11.0,20.0,20.0,64.92,64.92,2019-11-20 20:00:00
2019,11.0,20.0,21.0,61.78,61.78,2019-11-20 21:00:00
2019,11.0,20.0,22.0,59.96,59.96,2019-11-20 22:00:00
2019,11.0,20.0,23.0,54.91,54.91,2019-11-20 23:00:00
2019,11.0,20.0,24.0,51.49,51.49,2019-11-21 00:00:00
2019,11.0,21.0,1.0,47.88,47.88,2019-11-21 01:00:00
2019,11.0,21.0,2.0,44.14,44.14,2019-11-21 02:00:00
2019,11.0,21.0,3.0,42.68,42.68,2019-11-21 03:00:00
2019,11.0,21.0,4.0,41.5,41.5,2019-11-21 04:00:00
2019,11.0,21.0,5.0,41.0,41.0,2019-11-21 05:00:00
2019,11.0,21.0,6.0,43.53,43.53,2019-11-21 06:00:00
2019,11.0,21.0,7.0,48.97,48.97,2019-11-21 07:00:00
2019,11.0,21.0,8.0,59.49,59.49,2019-11-21 08:00:00
2019,11.0,21.0,9.0,60.5,60.5,2019-11-21 09:00:00
2019,11.0,21.0,10.0,62.04,62.04,2019-11-21 10:00:00
2019,11.0,21.0,11.0,61.59,61.59,2019-11-21 11:00:00
2019,11.0,21.0,12.0,61.42,61.42,2019-11-21 12:00:00
2019,11.0,21.0,13.0,60.56,60.56,2019-11-21 13:00:00
2019,11.0,21.0,14.0,59.82,59.82,2019-11-21 14:00:00
2019,11.0,21.0,15.0,59.09,59.09,2019-11-21 15:00:00
2019,11.0,21.0,16.0,59.64,59.64,2019-11-21 16:00:00
2019,11.0,21.0,17.0,61.69,61.69,2019-11-21 17:00:00
2019,11.0,21.0,18.0,63.75,63.75,2019-11-21 18:00:00
2019,11.0,21.0,19.0,65.35,65.35,2019-11-21 19:00:00
2019,11.0,21.0,20.0,64.62,64.62,2019-11-21 20:00:00
2019,11.0,21.0,21.0,61.09,61.09,2019-11-21 21:00:00
2019,11.0,21.0,22.0,59.82,59.82,2019-11-21 22:00:00
2019,11.0,21.0,23.0,52.01,52.01,2019-11-21 23:00:00
2019,11.0,21.0,24.0,48.0,48.0,2019-11-22 00:00:00
2019,11.0,22.0,1.0,50.54,50.54,2019-11-22 01:00:00
2019,11.0,22.0,2.0,46.38,46.38,2019-11-22 02:00:00
2019,11.0,22.0,3.0,39.1,39.1,2019-11-22 03:00:00
2019,11.0,22.0,4.0,38.17,38.17,2019-11-22 04:00:00
2019,11.0,22.0,5.0,35.88,35.88,2019-11-22 05:00:00
2019,11.0,22.0,6.0,38.27,38.27,2019-11-22 06:00:00
2019,11.0,22.0,7.0,47.59,47.59,2019-11-22 07:00:00
2019,11.0,22.0,8.0,52.2,52.2,2019-11-22 08:00:00
2019,11.0,22.0,9.0,52.85,53.53,2019-11-22 09:00:00
2019,11.0,22.0,10.0,54.0,54.0,2019-11-22 10:00:00
2019,11.0,22.0,11.0,52.97,52.97,2019-11-22 11:00:00
2019,11.0,22.0,12.0,51.99,51.99,2019-11-22 12:00:00
2019,11.0,22.0,13.0,50.44,50.44,2019-11-22 13:00:00
2019,11.0,22.0,14.0,49.49,49.49,2019-11-22 14:00:00
2019,11.0,22.0,15.0,44.51,44.51,2019-11-22 15:00:00
2019,11.0,22.0,16.0,42.48,42.48,2019-11-22 16:00:00
2019,11.0,22.0,17.0,41.51,41.51,2019-11-22 17:00:00
2019,11.0,22.0,18.0,44.51,44.51,2019-11-22 18:00:00
2019,11.0,22.0,19.0,50.69,50.69,2019-11-22 19:00:00
2019,11.0,22.0,20.0,50.8,50.8,2019-11-22 20:00:00
2019,11.0,22.0,21.0,48.39,48.39,2019-11-22 21:00:00
2019,11.0,22.0,22.0,42.58,42.58,2019-11-22 22:00:00
2019,11.0,22.0,23.0,44.22,44.22,2019-11-22 23:00:00
2019,11.0,22.0,24.0,41.24,41.24,2019-11-23 00:00:00
2019,11.0,23.0,1.0,35.47,35.47,2019-11-23 01:00:00
2019,11.0,23.0,2.0,30.79,30.79,2019-11-23 02:00:00
2019,11.0,23.0,3.0,29.07,29.07,2019-11-23 03:00:00
2019,11.0,23.0,4.0,27.17,27.17,2019-11-23 04:00:00
2019,11.0,23.0,5.0,25.16,25.16,2019-11-23 05:00:00
2019,11.0,23.0,6.0,25.39,25.39,2019-11-23 06:00:00
2019,11.0,23.0,7.0,29.11,29.11,2019-11-23 07:00:00
2019,11.0,23.0,8.0,32.07,32.07,2019-11-23 08:00:00
2019,11.0,23.0,9.0,30.0,30.0,2019-11-23 09:00:00
2019,11.0,23.0,10.0,35.55,35.55,2019-11-23 10:00:00
2019,11.0,23.0,11.0,35.96,35.96,2019-11-23 11:00:00
2019,11.0,23.0,12.0,35.77,35.77,2019-11-23 12:00:00
2019,11.0,23.0,13.0,35.49,35.49,2019-11-23 13:00:00
2019,11.0,23.0,14.0,35.61,35.61,2019-11-23 14:00:00
2019,11.0,23.0,15.0,35.47,35.47,2019-11-23 15:00:00
2019,11.0,23.0,16.0,35.26,35.26,2019-11-23 16:00:00
2019,11.0,23.0,17.0,35.96,35.96,2019-11-23 17:00:00
2019,11.0,23.0,18.0,40.62,40.62,2019-11-23 18:00:00
2019,11.0,23.0,19.0,48.85,48.85,2019-11-23 19:00:00
2019,11.0,23.0,20.0,52.9,52.9,2019-11-23 20:00:00
2019,11.0,23.0,21.0,50.44,50.44,2019-11-23 21:00:00
2019,11.0,23.0,22.0,48.9,48.9,2019-11-23 22:00:00
2019,11.0,23.0,23.0,47.15,47.15,2019-11-23 23:00:00
2019,11.0,23.0,24.0,44.49,44.49,2019-11-24 00:00:00
2019,11.0,24.0,1.0,42.65,42.65,2019-11-24 01:00:00
2019,11.0,24.0,2.0,40.0,40.0,2019-11-24 02:00:00
2019,11.0,24.0,3.0,35.29,35.29,2019-11-24 03:00:00
2019,11.0,24.0,4.0,31.95,31.95,2019-11-24 04:00:00
2019,11.0,24.0,5.0,30.0,30.0,2019-11-24 05:00:00
2019,11.0,24.0,6.0,30.1,30.1,2019-11-24 06:00:00
2019,11.0,24.0,7.0,32.77,32.77,2019-11-24 07:00:00
2019,11.0,24.0,8.0,35.31,35.31,2019-11-24 08:00:00
2019,11.0,24.0,9.0,35.54,35.54,2019-11-24 09:00:00
2019,11.0,24.0,10.0,39.49,39.49,2019-11-24 10:00:00
2019,11.0,24.0,11.0,44.12,44.12,2019-11-24 11:00:00
2019,11.0,24.0,12.0,44.49,44.49,2019-11-24 12:00:00
2019,11.0,24.0,13.0,45.32,45.32,2019-11-24 13:00:00
2019,11.0,24.0,14.0,42.01,42.01,2019-11-24 14:00:00
2019,11.0,24.0,15.0,40.05,40.05,2019-11-24 15:00:00
2019,11.0,24.0,16.0,41.68,41.68,2019-11-24 16:00:00
2019,11.0,24.0,17.0,45.01,45.01,2019-11-24 17:00:00
2019,11.0,24.0,18.0,46.72,46.72,2019-11-24 18:00:00
2019,11.0,24.0,19.0,50.0,50.0,2019-11-24 19:00:00
2019,11.0,24.0,20.0,51.8,51.8,2019-11-24 20:00:00
2019,11.0,24.0,21.0,49.96,49.96,2019-11-24 21:00:00
2019,11.0,24.0,22.0,45.7,45.7,2019-11-24 22:00:00
2019,11.0,24.0,23.0,44.64,44.64,2019-11-24 23:00:00
2019,11.0,24.0,24.0,39.8,39.8,2019-11-25 00:00:00
2019,11.0,25.0,1.0,38.19,38.19,2019-11-25 01:00:00
2019,11.0,25.0,2.0,36.3,36.3,2019-11-25 02:00:00
2019,11.0,25.0,3.0,36.02,36.02,2019-11-25 03:00:00
2019,11.0,25.0,4.0,35.4,35.4,2019-11-25 04:00:00
2019,11.0,25.0,5.0,35.38,35.38,2019-11-25 05:00:00
2019,11.0,25.0,6.0,37.84,37.84,2019-11-25 06:00:00
2019,11.0,25.0,7.0,39.99,39.99,2019-11-25 07:00:00
2019,11.0,25.0,8.0,49.72,49.72,2019-11-25 08:00:00
2019,11.0,25.0,9.0,51.25,51.25,2019-11-25 09:00:00
2019,11.0,25.0,10.0,51.79,51.79,2019-11-25 10:00:00
2019,11.0,25.0,11.0,51.79,51.79,2019-11-25 11:00:00
2019,11.0,25.0,12.0,50.79,50.79,2019-11-25 12:00:00
2019,11.0,25.0,13.0,50.55,50.55,2019-11-25 13:00:00
2019,11.0,25.0,14.0,50.52,50.52,2019-11-25 14:00:00
2019,11.0,25.0,15.0,49.71,49.71,2019-11-25 15:00:00
2019,11.0,25.0,16.0,50.1,50.1,2019-11-25 16:00:00
2019,11.0,25.0,17.0,51.79,51.79,2019-11-25 17:00:00
2019,11.0,25.0,18.0,53.29,53.29,2019-11-25 18:00:00
2019,11.0,25.0,19.0,55.8,57.57,2019-11-25 19:00:00
2019,11.0,25.0,20.0,55.8,58.07,2019-11-25 20:00:00
2019,11.0,25.0,21.0,53.93,53.93,2019-11-25 21:00:00
2019,11.0,25.0,22.0,50.17,50.17,2019-11-25 22:00:00
2019,11.0,25.0,23.0,47.3,47.3,2019-11-25 23:00:00
2019,11.0,25.0,24.0,43.49,43.49,2019-11-26 00:00:00
2019,11.0,26.0,1.0,39.07,39.07,2019-11-26 01:00:00
2019,11.0,26.0,2.0,38.43,38.43,2019-11-26 02:00:00
2019,11.0,26.0,3.0,36.2,36.2,2019-11-26 03:00:00
2019,11.0,26.0,4.0,35.91,35.91,2019-11-26 04:00:00
2019,11.0,26.0,5.0,35.98,35.98,2019-11-26 05:00:00
2019,11.0,26.0,6.0,38.01,38.01,2019-11-26 06:00:00
2019,11.0,26.0,7.0,45.21,45.21,2019-11-26 07:00:00
2019,11.0,26.0,8.0,48.5,53.0,2019-11-26 08:00:00
2019,11.0,26.0,9.0,48.6,54.79,2019-11-26 09:00:00
2019,11.0,26.0,10.0,50.26,54.58,2019-11-26 10:00:00
2019,11.0,26.0,11.0,50.56,50.56,2019-11-26 11:00:00
2019,11.0,26.0,12.0,48.69,48.69,2019-11-26 12:00:00
2019,11.0,26.0,13.0,47.59,47.59,2019-11-26 13:00:00
2019,11.0,26.0,14.0,47.5,47.5,2019-11-26 14:00:00
2019,11.0,26.0,15.0,45.32,45.32,2019-11-26 15:00:00
2019,11.0,26.0,16.0,43.69,43.69,2019-11-26 16:00:00
2019,11.0,26.0,17.0,45.01,45.01,2019-11-26 17:00:00
2019,11.0,26.0,18.0,46.88,46.88,2019-11-26 18:00:00
2019,11.0,26.0,19.0,48.5,48.5,2019-11-26 19:00:00
2019,11.0,26.0,20.0,49.48,49.48,2019-11-26 20:00:00
2019,11.0,26.0,21.0,47.51,47.51,2019-11-26 21:00:00
2019,11.0,26.0,22.0,43.53,43.53,2019-11-26 22:00:00
2019,11.0,26.0,23.0,42.28,42.28,2019-11-26 23:00:00
2019,11.0,26.0,24.0,37.74,37.74,2019-11-27 00:00:00
2019,11.0,27.0,1.0,36.2,36.2,2019-11-27 01:00:00
2019,11.0,27.0,2.0,35.32,35.32,2019-11-27 02:00:00
2019,11.0,27.0,3.0,32.84,32.84,2019-11-27 03:00:00
2019,11.0,27.0,4.0,30.23,30.23,2019-11-27 04:00:00
2019,11.0,27.0,5.0,31.65,31.65,2019-11-27 05:00:00
2019,11.0,27.0,6.0,33.99,33.99,2019-11-27 06:00:00
2019,11.0,27.0,7.0,37.11,37.11,2019-11-27 07:00:00
2019,11.0,27.0,8.0,46.35,46.35,2019-11-27 08:00:00
2019,11.0,27.0,9.0,48.6,50.53,2019-11-27 09:00:00
2019,11.0,27.0,10.0,48.56,48.56,2019-11-27 10:00:00
2019,11.0,27.0,11.0,45.33,45.33,2019-11-27 11:00:00
2019,11.0,27.0,12.0,44.4,44.4,2019-11-27 12:00:00
2019,11.0,27.0,13.0,44.12,44.12,2019-11-27 13:00:00
2019,11.0,27.0,14.0,43.87,43.87,2019-11-27 14:00:00
2019,11.0,27.0,15.0,43.67,43.67,2019-11-27 15:00:00
2019,11.0,27.0,16.0,43.9,43.9,2019-11-27 16:00:00
2019,11.0,27.0,17.0,44.4,44.4,2019-11-27 17:00:00
2019,11.0,27.0,18.0,47.1,47.1,2019-11-27 18:00:00
2019,11.0,27.0,19.0,49.99,49.99,2019-11-27 19:00:00
2019,11.0,27.0,20.0,50.18,50.18,2019-11-27 20:00:00
2019,11.0,27.0,21.0,46.5,46.5,2019-11-27 21:00:00
2019,11.0,27.0,22.0,44.98,44.98,2019-11-27 22:00:00
2019,11.0,27.0,23.0,41.5,41.5,2019-11-27 23:00:00
2019,11.0,27.0,24.0,36.99,36.99,2019-11-28 00:00:00
2019,11.0,28.0,1.0,31.73,31.73,2019-11-28 01:00:00
2019,11.0,28.0,2.0,27.71,27.71,2019-11-28 02:00:00
2019,11.0,28.0,3.0,19.39,19.39,2019-11-28 03:00:00
2019,11.0,28.0,4.0,12.56,12.56,2019-11-28 04:00:00
2019,11.0,28.0,5.0,16.87,16.87,2019-11-28 05:00:00
2019,11.0,28.0,6.0,26.45,26.45,2019-11-28 06:00:00
2019,11.0,28.0,7.0,35.92,35.92,2019-11-28 07:00:00
2019,11.0,28.0,8.0,44.25,44.25,2019-11-28 08:00:00
2019,11.0,28.0,9.0,46.51,46.51,2019-11-28 09:00:00
2019,11.0,28.0,10.0,46.72,46.72,2019-11-28 10:00:00
2019,11.0,28.0,11.0,45.09,45.09,2019-11-28 11:00:00
2019,11.0,28.0,12.0,44.21,44.21,2019-11-28 12:00:00
2019,11.0,28.0,13.0,43.99,43.99,2019-11-28 13:00:00
2019,11.0,28.0,14.0,44.21,44.21,2019-11-28 14:00:00
2019,11.0,28.0,15.0,43.21,43.21,2019-11-28 15:00:00
2019,11.0,28.0,16.0,43.8,43.8,2019-11-28 16:00:00
2019,11.0,28.0,17.0,44.8,44.8,2019-11-28 17:00:00
2019,11.0,28.0,18.0,50.87,50.87,2019-11-28 18:00:00
2019,11.0,28.0,19.0,54.0,54.0,2019-11-28 19:00:00
2019,11.0,28.0,20.0,55.37,55.37,2019-11-28 20:00:00
2019,11.0,28.0,21.0,51.9,51.9,2019-11-28 21:00:00
2019,11.0,28.0,22.0,46.76,46.76,2019-11-28 22:00:00
2019,11.0,28.0,23.0,45.03,45.03,2019-11-28 23:00:00
2019,11.0,28.0,24.0,43.8,43.8,2019-11-29 00:00:00
2019,11.0,29.0,1.0,40.12,40.12,2019-11-29 01:00:00
2019,11.0,29.0,2.0,36.3,36.3,2019-11-29 02:00:00
2019,11.0,29.0,3.0,33.17,33.17,2019-11-29 03:00:00
2019,11.0,29.0,4.0,33.14,33.14,2019-11-29 04:00:00
2019,11.0,29.0,5.0,33.5,33.5,2019-11-29 05:00:00
2019,11.0,29.0,6.0,38.7,38.7,2019-11-29 06:00:00
2019,11.0,29.0,7.0,46.31,46.31,2019-11-29 07:00:00
2019,11.0,29.0,8.0,52.19,52.19,2019-11-29 08:00:00
2019,11.0,29.0,9.0,52.64,52.64,2019-11-29 09:00:00
2019,11.0,29.0,10.0,53.63,53.63,2019-11-29 10:00:00
2019,11.0,29.0,11.0,52.64,52.64,2019-11-29 11:00:00
2019,11.0,29.0,12.0,52.35,52.35,2019-11-29 12:00:00
2019,11.0,29.0,13.0,50.53,50.53,2019-11-29 13:00:00
2019,11.0,29.0,14.0,49.92,49.92,2019-11-29 14:00:00
2019,11.0,29.0,15.0,50.17,50.17,2019-11-29 15:00:00
2019,11.0,29.0,16.0,51.04,51.04,2019-11-29 16:00:00
2019,11.0,29.0,17.0,52.14,52.14,2019-11-29 17:00:00
2019,11.0,29.0,18.0,54.09,54.09,2019-11-29 18:00:00
2019,11.0,29.0,19.0,56.53,56.53,2019-11-29 19:00:00
2019,11.0,29.0,20.0,56.13,56.13,2019-11-29 20:00:00
2019,11.0,29.0,21.0,53.05,53.05,2019-11-29 21:00:00
2019,11.0,29.0,22.0,49.27,49.27,2019-11-29 22:00:00
2019,11.0,29.0,23.0,48.0,48.0,2019-11-29 23:00:00
2019,11.0,29.0,24.0,45.15,45.15,2019-11-30 00:00:00
2019,11.0,30.0,1.0,43.0,43.0,2019-11-30 01:00:00
2019,11.0,30.0,2.0,38.05,38.05,2019-11-30 02:00:00
2019,11.0,30.0,3.0,36.22,36.22,2019-11-30 03:00:00
2019,11.0,30.0,4.0,35.39,35.39,2019-11-30 04:00:00
2019,11.0,30.0,5.0,35.39,35.39,2019-11-30 05:00:00
2019,11.0,30.0,6.0,36.03,36.03,2019-11-30 06:00:00
2019,11.0,30.0,7.0,36.56,36.56,2019-11-30 07:00:00
2019,11.0,30.0,8.0,40.39,40.39,2019-11-30 08:00:00
2019,11.0,30.0,9.0,40.0,40.0,2019-11-30 09:00:00
2019,11.0,30.0,10.0,45.35,45.35,2019-11-30 10:00:00
2019,11.0,30.0,11.0,44.0,44.0,2019-11-30 11:00:00
2019,11.0,30.0,12.0,42.7,42.7,2019-11-30 12:00:00
2019,11.0,30.0,13.0,41.5,41.5,2019-11-30 13:00:00
2019,11.0,30.0,14.0,40.77,40.77,2019-11-30 14:00:00
2019,11.0,30.0,15.0,41.14,41.14,2019-11-30 15:00:00
2019,11.0,30.0,16.0,40.56,40.56,2019-11-30 16:00:00
2019,11.0,30.0,17.0,41.59,41.59,2019-11-30 17:00:00
2019,11.0,30.0,18.0,42.42,42.42,2019-11-30 18:00:00
2019,11.0,30.0,19.0,49.75,49.75,2019-11-30 19:00:00
2019,11.0,30.0,20.0,50.01,50.01,2019-11-30 20:00:00
2019,11.0,30.0,21.0,47.35,47.35,2019-11-30 21:00:00
2019,11.0,30.0,22.0,42.42,42.42,2019-11-30 22:00:00
2019,11.0,30.0,23.0,41.94,41.94,2019-11-30 23:00:00
2019,11.0,30.0,24.0,40.13,40.13,2019-12-01 00:00:00
2019,12.0,1.0,1.0,38.55,38.55,2019-12-01 01:00:00
2019,12.0,1.0,2.0,37.07,37.07,2019-12-01 02:00:00
2019,12.0,1.0,3.0,36.26,36.26,2019-12-01 03:00:00
2019,12.0,1.0,4.0,35.93,35.93,2019-12-01 04:00:00
2019,12.0,1.0,5.0,35.86,35.86,2019-12-01 05:00:00
2019,12.0,1.0,6.0,35.92,35.92,2019-12-01 06:00:00
2019,12.0,1.0,7.0,36.13,36.13,2019-12-01 07:00:00
2019,12.0,1.0,8.0,37.04,37.04,2019-12-01 08:00:00
2019,12.0,1.0,9.0,38.74,38.74,2019-12-01 09:00:00
2019,12.0,1.0,10.0,42.12,42.12,2019-12-01 10:00:00
2019,12.0,1.0,11.0,44.77,44.77,2019-12-01 11:00:00
2019,12.0,1.0,12.0,48.0,48.0,2019-12-01 12:00:00
2019,12.0,1.0,13.0,48.15,48.15,2019-12-01 13:00:00
2019,12.0,1.0,14.0,45.76,45.76,2019-12-01 14:00:00
2019,12.0,1.0,15.0,44.7,44.7,2019-12-01 15:00:00
2019,12.0,1.0,16.0,44.98,44.98,2019-12-01 16:00:00
2019,12.0,1.0,17.0,47.79,47.79,2019-12-01 17:00:00
2019,12.0,1.0,18.0,50.45,50.45,2019-12-01 18:00:00
2019,12.0,1.0,19.0,52.4,52.4,2019-12-01 19:00:00
2019,12.0,1.0,20.0,51.13,51.13,2019-12-01 20:00:00
2019,12.0,1.0,21.0,50.0,50.0,2019-12-01 21:00:00
2019,12.0,1.0,22.0,48.33,48.33,2019-12-01 22:00:00
2019,12.0,1.0,23.0,46.13,46.13,2019-12-01 23:00:00
2019,12.0,1.0,24.0,42.68,42.68,2019-12-02 00:00:00
2019,12.0,2.0,1.0,42.7,42.7,2019-12-02 01:00:00
2019,12.0,2.0,2.0,37.22,37.22,2019-12-02 02:00:00
2019,12.0,2.0,3.0,35.4,35.4,2019-12-02 03:00:00
2019,12.0,2.0,4.0,34.46,34.46,2019-12-02 04:00:00
2019,12.0,2.0,5.0,35.4,35.4,2019-12-02 05:00:00
2019,12.0,2.0,6.0,36.3,36.3,2019-12-02 06:00:00
2019,12.0,2.0,7.0,40.2,40.2,2019-12-02 07:00:00
2019,12.0,2.0,8.0,48.33,48.33,2019-12-02 08:00:00
2019,12.0,2.0,9.0,49.43,49.92,2019-12-02 09:00:00
2019,12.0,2.0,10.0,49.96,49.96,2019-12-02 10:00:00
2019,12.0,2.0,11.0,49.33,49.33,2019-12-02 11:00:00
2019,12.0,2.0,12.0,48.33,48.33,2019-12-02 12:00:00
2019,12.0,2.0,13.0,46.13,46.13,2019-12-02 13:00:00
2019,12.0,2.0,14.0,45.95,45.95,2019-12-02 14:00:00
2019,12.0,2.0,15.0,45.0,45.0,2019-12-02 15:00:00
2019,12.0,2.0,16.0,45.0,45.0,2019-12-02 16:00:00
2019,12.0,2.0,17.0,45.05,45.05,2019-12-02 17:00:00
2019,12.0,2.0,18.0,48.33,48.33,2019-12-02 18:00:00
2019,12.0,2.0,19.0,50.0,50.0,2019-12-02 19:00:00
2019,12.0,2.0,20.0,51.11,51.11,2019-12-02 20:00:00
2019,12.0,2.0,21.0,51.47,51.47,2019-12-02 21:00:00
2019,12.0,2.0,22.0,49.33,49.33,2019-12-02 22:00:00
2019,12.0,2.0,23.0,47.23,47.23,2019-12-02 23:00:00
2019,12.0,2.0,24.0,43.5,43.5,2019-12-03 00:00:00
2019,12.0,3.0,1.0,39.06,39.06,2019-12-03 01:00:00
2019,12.0,3.0,2.0,40.46,40.46,2019-12-03 02:00:00
2019,12.0,3.0,3.0,38.07,38.07,2019-12-03 03:00:00
2019,12.0,3.0,4.0,37.85,37.85,2019-12-03 04:00:00
2019,12.0,3.0,5.0,38.1,38.1,2019-12-03 05:00:00
2019,12.0,3.0,6.0,42.5,42.5,2019-12-03 06:00:00
2019,12.0,3.0,7.0,42.49,42.49,2019-12-03 07:00:00
2019,12.0,3.0,8.0,46.0,46.0,2019-12-03 08:00:00
2019,12.0,3.0,9.0,49.96,49.96,2019-12-03 09:00:00
2019,12.0,3.0,10.0,49.98,49.98,2019-12-03 10:00:00
2019,12.0,3.0,11.0,48.01,48.01,2019-12-03 11:00:00
2019,12.0,3.0,12.0,49.03,49.03,2019-12-03 12:00:00
2019,12.0,3.0,13.0,50.53,50.53,2019-12-03 13:00:00
2019,12.0,3.0,14.0,52.1,52.1,2019-12-03 14:00:00
2019,12.0,3.0,15.0,52.1,52.1,2019-12-03 15:00:00
2019,12.0,3.0,16.0,54.33,54.33,2019-12-03 16:00:00
2019,12.0,3.0,17.0,55.33,55.33,2019-12-03 17:00:00
2019,12.0,3.0,18.0,57.49,57.49,2019-12-03 18:00:00
2019,12.0,3.0,19.0,62.18,62.72,2019-12-03 19:00:00
2019,12.0,3.0,20.0,62.33,64.26,2019-12-03 20:00:00
2019,12.0,3.0,21.0,62.81,63.05,2019-12-03 21:00:00
2019,12.0,3.0,22.0,58.24,58.24,2019-12-03 22:00:00
2019,12.0,3.0,23.0,55.96,55.96,2019-12-03 23:00:00
2019,12.0,3.0,24.0,54.33,54.33,2019-12-04 00:00:00
2019,12.0,4.0,1.0,55.76,55.76,2019-12-04 01:00:00
2019,12.0,4.0,2.0,51.8,51.8,2019-12-04 02:00:00
2019,12.0,4.0,3.0,48.07,48.07,2019-12-04 03:00:00
2019,12.0,4.0,4.0,46.83,46.83,2019-12-04 04:00:00
2019,12.0,4.0,5.0,46.07,46.07,2019-12-04 05:00:00
2019,12.0,4.0,6.0,46.92,46.92,2019-12-04 06:00:00
2019,12.0,4.0,7.0,55.52,55.52,2019-12-04 07:00:00
2019,12.0,4.0,8.0,58.58,60.63,2019-12-04 08:00:00
2019,12.0,4.0,9.0,58.89,59.7,2019-12-04 09:00:00
2019,12.0,4.0,10.0,59.0,59.0,2019-12-04 10:00:00
2019,12.0,4.0,11.0,58.58,58.58,2019-12-04 11:00:00
2019,12.0,4.0,12.0,57.6,57.6,2019-12-04 12:00:00
2019,12.0,4.0,13.0,56.76,56.76,2019-12-04 13:00:00
2019,12.0,4.0,14.0,56.01,56.01,2019-12-04 14:00:00
2019,12.0,4.0,15.0,54.45,54.45,2019-12-04 15:00:00
2019,12.0,4.0,16.0,52.58,52.58,2019-12-04 16:00:00
2019,12.0,4.0,17.0,52.58,52.58,2019-12-04 17:00:00
2019,12.0,4.0,18.0,55.08,55.08,2019-12-04 18:00:00
2019,12.0,4.0,19.0,58.0,58.0,2019-12-04 19:00:00
2019,12.0,4.0,20.0,57.74,57.74,2019-12-04 20:00:00
2019,12.0,4.0,21.0,57.68,57.68,2019-12-04 21:00:00
2019,12.0,4.0,22.0,54.11,54.11,2019-12-04 22:00:00
2019,12.0,4.0,23.0,47.36,47.36,2019-12-04 23:00:00
2019,12.0,4.0,24.0,45.89,45.89,2019-12-05 00:00:00
2019,12.0,5.0,1.0,46.17,46.17,2019-12-05 01:00:00
2019,12.0,5.0,2.0,45.56,45.56,2019-12-05 02:00:00
2019,12.0,5.0,3.0,42.74,42.74,2019-12-05 03:00:00
2019,12.0,5.0,4.0,39.54,39.54,2019-12-05 04:00:00
2019,12.0,5.0,5.0,38.72,38.72,2019-12-05 05:00:00
2019,12.0,5.0,6.0,43.11,43.11,2019-12-05 06:00:00
2019,12.0,5.0,7.0,44.34,44.34,2019-12-05 07:00:00
2019,12.0,5.0,8.0,46.85,46.85,2019-12-05 08:00:00
2019,12.0,5.0,9.0,47.47,47.47,2019-12-05 09:00:00
2019,12.0,5.0,10.0,48.13,48.13,2019-12-05 10:00:00
2019,12.0,5.0,11.0,47.25,47.25,2019-12-05 11:00:00
2019,12.0,5.0,12.0,46.6,46.6,2019-12-05 12:00:00
2019,12.0,5.0,13.0,46.17,46.17,2019-12-05 13:00:00
2019,12.0,5.0,14.0,47.28,47.28,2019-12-05 14:00:00
2019,12.0,5.0,15.0,46.32,46.32,2019-12-05 15:00:00
2019,12.0,5.0,16.0,46.32,46.32,2019-12-05 16:00:00
2019,12.0,5.0,17.0,47.31,47.31,2019-12-05 17:00:00
2019,12.0,5.0,18.0,51.58,51.58,2019-12-05 18:00:00
2019,12.0,5.0,19.0,55.49,55.49,2019-12-05 19:00:00
2019,12.0,5.0,20.0,57.0,57.0,2019-12-05 20:00:00
2019,12.0,5.0,21.0,55.69,58.3,2019-12-05 21:00:00
2019,12.0,5.0,22.0,53.05,53.05,2019-12-05 22:00:00
2019,12.0,5.0,23.0,50.5,50.5,2019-12-05 23:00:00
2019,12.0,5.0,24.0,48.17,48.17,2019-12-06 00:00:00
2019,12.0,6.0,1.0,47.32,47.32,2019-12-06 01:00:00
2019,12.0,6.0,2.0,44.11,44.11,2019-12-06 02:00:00
2019,12.0,6.0,3.0,42.79,42.79,2019-12-06 03:00:00
2019,12.0,6.0,4.0,41.76,41.76,2019-12-06 04:00:00
2019,12.0,6.0,5.0,40.62,40.62,2019-12-06 05:00:00
2019,12.0,6.0,6.0,41.79,41.79,2019-12-06 06:00:00
2019,12.0,6.0,7.0,46.94,46.94,2019-12-06 07:00:00
2019,12.0,6.0,8.0,48.59,48.59,2019-12-06 08:00:00
2019,12.0,6.0,9.0,48.59,48.59,2019-12-06 09:00:00
2019,12.0,6.0,10.0,49.51,49.51,2019-12-06 10:00:00
2019,12.0,6.0,11.0,50.49,50.49,2019-12-06 11:00:00
2019,12.0,6.0,12.0,48.63,48.63,2019-12-06 12:00:00
2019,12.0,6.0,13.0,48.5,48.5,2019-12-06 13:00:00
2019,12.0,6.0,14.0,48.31,48.31,2019-12-06 14:00:00
2019,12.0,6.0,15.0,46.56,46.56,2019-12-06 15:00:00
2019,12.0,6.0,16.0,44.0,44.0,2019-12-06 16:00:00
2019,12.0,6.0,17.0,44.98,44.98,2019-12-06 17:00:00
2019,12.0,6.0,18.0,51.39,51.39,2019-12-06 18:00:00
2019,12.0,6.0,19.0,54.6,54.6,2019-12-06 19:00:00
2019,12.0,6.0,20.0,54.49,54.49,2019-12-06 20:00:00
2019,12.0,6.0,21.0,52.75,52.75,2019-12-06 21:00:00
2019,12.0,6.0,22.0,51.06,51.06,2019-12-06 22:00:00
2019,12.0,6.0,23.0,48.79,48.79,2019-12-06 23:00:00
2019,12.0,6.0,24.0,47.54,47.54,2019-12-07 00:00:00
2019,12.0,7.0,1.0,47.68,47.68,2019-12-07 01:00:00
2019,12.0,7.0,2.0,45.86,45.86,2019-12-07 02:00:00
2019,12.0,7.0,3.0,43.94,43.94,2019-12-07 03:00:00
2019,12.0,7.0,4.0,45.07,45.07,2019-12-07 04:00:00
2019,12.0,7.0,5.0,44.69,44.69,2019-12-07 05:00:00
2019,12.0,7.0,6.0,44.69,44.69,2019-12-07 06:00:00
2019,12.0,7.0,7.0,43.94,43.94,2019-12-07 07:00:00
2019,12.0,7.0,8.0,47.44,47.44,2019-12-07 08:00:00
2019,12.0,7.0,9.0,48.54,48.54,2019-12-07 09:00:00
2019,12.0,7.0,10.0,50.21,50.21,2019-12-07 10:00:00
2019,12.0,7.0,11.0,50.39,50.39,2019-12-07 11:00:00
2019,12.0,7.0,12.0,49.71,49.71,2019-12-07 12:00:00
2019,12.0,7.0,13.0,49.51,49.51,2019-12-07 13:00:00
2019,12.0,7.0,14.0,48.23,48.23,2019-12-07 14:00:00
2019,12.0,7.0,15.0,47.08,47.08,2019-12-07 15:00:00
2019,12.0,7.0,16.0,44.69,44.69,2019-12-07 16:00:00
2019,12.0,7.0,17.0,45.04,45.04,2019-12-07 17:00:00
2019,12.0,7.0,18.0,48.8,48.8,2019-12-07 18:00:00
2019,12.0,7.0,19.0,51.76,51.76,2019-12-07 19:00:00
2019,12.0,7.0,20.0,50.23,50.23,2019-12-07 20:00:00
2019,12.0,7.0,21.0,48.4,48.4,2019-12-07 21:00:00
2019,12.0,7.0,22.0,48.01,48.01,2019-12-07 22:00:00
2019,12.0,7.0,23.0,46.8,46.8,2019-12-07 23:00:00
2019,12.0,7.0,24.0,43.5,43.5,2019-12-08 00:00:00
2019,12.0,8.0,1.0,44.85,44.85,2019-12-08 01:00:00
2019,12.0,8.0,2.0,43.94,43.94,2019-12-08 02:00:00
2019,12.0,8.0,3.0,41.41,41.41,2019-12-08 03:00:00
2019,12.0,8.0,4.0,37.1,37.1,2019-12-08 04:00:00
2019,12.0,8.0,5.0,36.85,36.3,2019-12-08 05:00:00
2019,12.0,8.0,6.0,36.85,36.3,2019-12-08 06:00:00
2019,12.0,8.0,7.0,36.2,36.2,2019-12-08 07:00:00
2019,12.0,8.0,8.0,36.85,36.85,2019-12-08 08:00:00
2019,12.0,8.0,9.0,36.85,36.85,2019-12-08 09:00:00
2019,12.0,8.0,10.0,37.1,37.1,2019-12-08 10:00:00
2019,12.0,8.0,11.0,40.0,40.0,2019-12-08 11:00:00
2019,12.0,8.0,12.0,40.57,40.57,2019-12-08 12:00:00
2019,12.0,8.0,13.0,39.49,39.49,2019-12-08 13:00:00
2019,12.0,8.0,14.0,42.01,42.01,2019-12-08 14:00:00
2019,12.0,8.0,15.0,42.0,42.0,2019-12-08 15:00:00
2019,12.0,8.0,16.0,38.11,38.11,2019-12-08 16:00:00
2019,12.0,8.0,17.0,38.05,38.05,2019-12-08 17:00:00
2019,12.0,8.0,18.0,41.1,41.1,2019-12-08 18:00:00
2019,12.0,8.0,19.0,46.94,46.94,2019-12-08 19:00:00
2019,12.0,8.0,20.0,48.2,48.2,2019-12-08 20:00:00
2019,12.0,8.0,21.0,48.6,48.6,2019-12-08 21:00:00
2019,12.0,8.0,22.0,48.6,48.6,2019-12-08 22:00:00
2019,12.0,8.0,23.0,44.85,44.85,2019-12-08 23:00:00
2019,12.0,8.0,24.0,38.05,38.05,2019-12-09 00:00:00
2019,12.0,9.0,1.0,35.7,35.7,2019-12-09 01:00:00
2019,12.0,9.0,2.0,30.0,30.0,2019-12-09 02:00:00
2019,12.0,9.0,3.0,28.61,28.61,2019-12-09 03:00:00
2019,12.0,9.0,4.0,28.61,28.61,2019-12-09 04:00:00
2019,12.0,9.0,5.0,28.61,28.61,2019-12-09 05:00:00
2019,12.0,9.0,6.0,28.97,28.97,2019-12-09 06:00:00
2019,12.0,9.0,7.0,33.6,33.6,2019-12-09 07:00:00
2019,12.0,9.0,8.0,43.48,43.48,2019-12-09 08:00:00
2019,12.0,9.0,9.0,45.44,45.44,2019-12-09 09:00:00
2019,12.0,9.0,10.0,46.25,46.25,2019-12-09 10:00:00
2019,12.0,9.0,11.0,45.64,45.64,2019-12-09 11:00:00
2019,12.0,9.0,12.0,44.51,44.51,2019-12-09 12:00:00
2019,12.0,9.0,13.0,43.06,43.06,2019-12-09 13:00:00
2019,12.0,9.0,14.0,43.07,43.07,2019-12-09 14:00:00
2019,12.0,9.0,15.0,41.58,41.58,2019-12-09 15:00:00
2019,12.0,9.0,16.0,41.2,41.2,2019-12-09 16:00:00
2019,12.0,9.0,17.0,43.56,43.56,2019-12-09 17:00:00
2019,12.0,9.0,18.0,46.94,46.94,2019-12-09 18:00:00
2019,12.0,9.0,19.0,52.17,52.17,2019-12-09 19:00:00
2019,12.0,9.0,20.0,52.06,52.06,2019-12-09 20:00:00
2019,12.0,9.0,21.0,50.17,50.17,2019-12-09 21:00:00
2019,12.0,9.0,22.0,48.35,48.35,2019-12-09 22:00:00
2019,12.0,9.0,23.0,47.27,47.27,2019-12-09 23:00:00
2019,12.0,9.0,24.0,43.73,43.73,2019-12-10 00:00:00
2019,12.0,10.0,1.0,42.67,42.67,2019-12-10 01:00:00
2019,12.0,10.0,2.0,39.5,39.5,2019-12-10 02:00:00
2019,12.0,10.0,3.0,37.0,37.0,2019-12-10 03:00:00
2019,12.0,10.0,4.0,35.41,35.41,2019-12-10 04:00:00
2019,12.0,10.0,5.0,35.45,35.45,2019-12-10 05:00:00
2019,12.0,10.0,6.0,36.31,36.31,2019-12-10 06:00:00
2019,12.0,10.0,7.0,46.11,46.11,2019-12-10 07:00:00
2019,12.0,10.0,8.0,53.1,53.1,2019-12-10 08:00:00
2019,12.0,10.0,9.0,55.84,55.84,2019-12-10 09:00:00
2019,12.0,10.0,10.0,54.93,54.93,2019-12-10 10:00:00
2019,12.0,10.0,11.0,51.0,51.0,2019-12-10 11:00:00
2019,12.0,10.0,12.0,49.9,49.9,2019-12-10 12:00:00
2019,12.0,10.0,13.0,47.34,47.34,2019-12-10 13:00:00
2019,12.0,10.0,14.0,46.99,46.99,2019-12-10 14:00:00
2019,12.0,10.0,15.0,46.94,46.94,2019-12-10 15:00:00
2019,12.0,10.0,16.0,46.55,46.55,2019-12-10 16:00:00
2019,12.0,10.0,17.0,46.67,46.67,2019-12-10 17:00:00
2019,12.0,10.0,18.0,51.93,51.93,2019-12-10 18:00:00
2019,12.0,10.0,19.0,53.48,53.48,2019-12-10 19:00:00
2019,12.0,10.0,20.0,53.15,53.15,2019-12-10 20:00:00
2019,12.0,10.0,21.0,52.05,52.05,2019-12-10 21:00:00
2019,12.0,10.0,22.0,49.21,49.21,2019-12-10 22:00:00
2019,12.0,10.0,23.0,45.44,45.44,2019-12-10 23:00:00
2019,12.0,10.0,24.0,41.43,41.43,2019-12-11 00:00:00
2019,12.0,11.0,1.0,39.75,39.75,2019-12-11 01:00:00
2019,12.0,11.0,2.0,37.94,37.94,2019-12-11 02:00:00
2019,12.0,11.0,3.0,36.3,36.3,2019-12-11 03:00:00
2019,12.0,11.0,4.0,35.89,35.89,2019-12-11 04:00:00
2019,12.0,11.0,5.0,34.82,34.82,2019-12-11 05:00:00
2019,12.0,11.0,6.0,36.0,36.0,2019-12-11 06:00:00
2019,12.0,11.0,7.0,41.11,41.11,2019-12-11 07:00:00
2019,12.0,11.0,8.0,49.37,50.0,2019-12-11 08:00:00
2019,12.0,11.0,9.0,49.61,54.5,2019-12-11 09:00:00
2019,12.0,11.0,10.0,50.61,54.01,2019-12-11 10:00:00
2019,12.0,11.0,11.0,50.23,50.23,2019-12-11 11:00:00
2019,12.0,11.0,12.0,47.99,47.99,2019-12-11 12:00:00
2019,12.0,11.0,13.0,45.1,45.1,2019-12-11 13:00:00
2019,12.0,11.0,14.0,43.01,43.01,2019-12-11 14:00:00
2019,12.0,11.0,15.0,39.09,39.09,2019-12-11 15:00:00
2019,12.0,11.0,16.0,39.01,39.01,2019-12-11 16:00:00
2019,12.0,11.0,17.0,41.05,41.05,2019-12-11 17:00:00
2019,12.0,11.0,18.0,45.0,45.0,2019-12-11 18:00:00
2019,12.0,11.0,19.0,46.81,46.81,2019-12-11 19:00:00
2019,12.0,11.0,20.0,49.03,49.03,2019-12-11 20:00:00
2019,12.0,11.0,21.0,50.05,50.05,2019-12-11 21:00:00
2019,12.0,11.0,22.0,45.0,45.0,2019-12-11 22:00:00
2019,12.0,11.0,23.0,42.24,42.24,2019-12-11 23:00:00
2019,12.0,11.0,24.0,37.63,37.63,2019-12-12 00:00:00
2019,12.0,12.0,1.0,37.0,37.0,2019-12-12 01:00:00
2019,12.0,12.0,2.0,35.83,35.83,2019-12-12 02:00:00
2019,12.0,12.0,3.0,33.01,33.01,2019-12-12 03:00:00
2019,12.0,12.0,4.0,30.0,30.0,2019-12-12 04:00:00
2019,12.0,12.0,5.0,29.77,29.77,2019-12-12 05:00:00
2019,12.0,12.0,6.0,30.0,30.0,2019-12-12 06:00:00
2019,12.0,12.0,7.0,33.92,33.92,2019-12-12 07:00:00
2019,12.0,12.0,8.0,41.96,41.96,2019-12-12 08:00:00
2019,12.0,12.0,9.0,43.75,43.75,2019-12-12 09:00:00
2019,12.0,12.0,10.0,44.59,44.59,2019-12-12 10:00:00
2019,12.0,12.0,11.0,43.8,43.8,2019-12-12 11:00:00
2019,12.0,12.0,12.0,42.16,42.16,2019-12-12 12:00:00
2019,12.0,12.0,13.0,41.1,41.1,2019-12-12 13:00:00
2019,12.0,12.0,14.0,40.75,40.75,2019-12-12 14:00:00
2019,12.0,12.0,15.0,40.32,40.32,2019-12-12 15:00:00
2019,12.0,12.0,16.0,40.29,40.29,2019-12-12 16:00:00
2019,12.0,12.0,17.0,40.75,40.75,2019-12-12 17:00:00
2019,12.0,12.0,18.0,41.43,41.43,2019-12-12 18:00:00
2019,12.0,12.0,19.0,43.75,43.75,2019-12-12 19:00:00
2019,12.0,12.0,20.0,44.59,44.59,2019-12-12 20:00:00
2019,12.0,12.0,21.0,41.78,41.78,2019-12-12 21:00:00
2019,12.0,12.0,22.0,37.25,37.25,2019-12-12 22:00:00
2019,12.0,12.0,23.0,36.71,36.71,2019-12-12 23:00:00
2019,12.0,12.0,24.0,31.37,31.37,2019-12-13 00:00:00
2019,12.0,13.0,1.0,21.01,21.01,2019-12-13 01:00:00
2019,12.0,13.0,2.0,16.5,16.5,2019-12-13 02:00:00
2019,12.0,13.0,3.0,11.01,11.01,2019-12-13 03:00:00
2019,12.0,13.0,4.0,7.47,7.47,2019-12-13 04:00:00
2019,12.0,13.0,5.0,6.25,6.25,2019-12-13 05:00:00
2019,12.0,13.0,6.0,9.36,9.36,2019-12-13 06:00:00
2019,12.0,13.0,7.0,20.0,20.0,2019-12-13 07:00:00
2019,12.0,13.0,8.0,28.21,28.21,2019-12-13 08:00:00
2019,12.0,13.0,9.0,32.69,32.69,2019-12-13 09:00:00
2019,12.0,13.0,10.0,34.34,34.34,2019-12-13 10:00:00
2019,12.0,13.0,11.0,34.96,34.96,2019-12-13 11:00:00
2019,12.0,13.0,12.0,31.87,31.87,2019-12-13 12:00:00
2019,12.0,13.0,13.0,30.0,30.0,2019-12-13 13:00:00
2019,12.0,13.0,14.0,31.84,31.84,2019-12-13 14:00:00
2019,12.0,13.0,15.0,30.0,30.0,2019-12-13 15:00:00
2019,12.0,13.0,16.0,29.51,29.51,2019-12-13 16:00:00
2019,12.0,13.0,17.0,31.44,31.44,2019-12-13 17:00:00
2019,12.0,13.0,18.0,32.0,32.0,2019-12-13 18:00:00
2019,12.0,13.0,19.0,36.89,36.89,2019-12-13 19:00:00
2019,12.0,13.0,20.0,38.0,38.0,2019-12-13 20:00:00
2019,12.0,13.0,21.0,38.01,38.01,2019-12-13 21:00:00
2019,12.0,13.0,22.0,36.51,36.51,2019-12-13 22:00:00
2019,12.0,13.0,23.0,34.51,34.51,2019-12-13 23:00:00
2019,12.0,13.0,24.0,29.75,29.75,2019-12-14 00:00:00
2019,12.0,14.0,1.0,26.75,26.75,2019-12-14 01:00:00
2019,12.0,14.0,2.0,25.21,25.21,2019-12-14 02:00:00
2019,12.0,14.0,3.0,25.01,25.01,2019-12-14 03:00:00
2019,12.0,14.0,4.0,23.01,23.01,2019-12-14 04:00:00
2019,12.0,14.0,5.0,21.92,21.92,2019-12-14 05:00:00
2019,12.0,14.0,6.0,19.64,19.64,2019-12-14 06:00:00
2019,12.0,14.0,7.0,21.08,21.08,2019-12-14 07:00:00
2019,12.0,14.0,8.0,26.46,26.46,2019-12-14 08:00:00
2019,12.0,14.0,9.0,28.0,28.0,2019-12-14 09:00:00
2019,12.0,14.0,10.0,30.0,30.0,2019-12-14 10:00:00
2019,12.0,14.0,11.0,30.75,30.75,2019-12-14 11:00:00
2019,12.0,14.0,12.0,29.94,29.94,2019-12-14 12:00:00
2019,12.0,14.0,13.0,29.32,29.32,2019-12-14 13:00:00
2019,12.0,14.0,14.0,27.0,27.0,2019-12-14 14:00:00
2019,12.0,14.0,15.0,26.75,26.75,2019-12-14 15:00:00
2019,12.0,14.0,16.0,27.95,27.95,2019-12-14 16:00:00
2019,12.0,14.0,17.0,28.1,28.1,2019-12-14 17:00:00
2019,12.0,14.0,18.0,30.01,30.01,2019-12-14 18:00:00
2019,12.0,14.0,19.0,36.99,36.99,2019-12-14 19:00:00
2019,12.0,14.0,20.0,36.99,36.99,2019-12-14 20:00:00
2019,12.0,14.0,21.0,32.48,32.48,2019-12-14 21:00:00
2019,12.0,14.0,22.0,29.94,29.94,2019-12-14 22:00:00
2019,12.0,14.0,23.0,29.79,29.79,2019-12-14 23:00:00
2019,12.0,14.0,24.0,29.6,29.6,2019-12-15 00:00:00
2019,12.0,15.0,1.0,26.2,26.2,2019-12-15 01:00:00
2019,12.0,15.0,2.0,20.0,20.0,2019-12-15 02:00:00
2019,12.0,15.0,3.0,10.93,10.93,2019-12-15 03:00:00
2019,12.0,15.0,4.0,7.56,7.56,2019-12-15 04:00:00
2019,12.0,15.0,5.0,5.41,5.41,2019-12-15 05:00:00
2019,12.0,15.0,6.0,5.84,5.84,2019-12-15 06:00:00
2019,12.0,15.0,7.0,7.57,7.57,2019-12-15 07:00:00
2019,12.0,15.0,8.0,11.31,11.31,2019-12-15 08:00:00
2019,12.0,15.0,9.0,15.97,15.97,2019-12-15 09:00:00
2019,12.0,15.0,10.0,23.68,23.68,2019-12-15 10:00:00
2019,12.0,15.0,11.0,28.03,28.03,2019-12-15 11:00:00
2019,12.0,15.0,12.0,28.0,28.0,2019-12-15 12:00:00
2019,12.0,15.0,13.0,30.1,30.1,2019-12-15 13:00:00
2019,12.0,15.0,14.0,30.0,30.0,2019-12-15 14:00:00
2019,12.0,15.0,15.0,29.19,29.19,2019-12-15 15:00:00
2019,12.0,15.0,16.0,28.0,28.0,2019-12-15 16:00:00
2019,12.0,15.0,17.0,30.71,30.71,2019-12-15 17:00:00
2019,12.0,15.0,18.0,36.63,36.63,2019-12-15 18:00:00
2019,12.0,15.0,19.0,42.88,42.88,2019-12-15 19:00:00
2019,12.0,15.0,20.0,43.96,43.96,2019-12-15 20:00:00
2019,12.0,15.0,21.0,44.59,44.59,2019-12-15 21:00:00
2019,12.0,15.0,22.0,44.1,44.1,2019-12-15 22:00:00
2019,12.0,15.0,23.0,39.75,39.75,2019-12-15 23:00:00
2019,12.0,15.0,24.0,35.1,35.1,2019-12-16 00:00:00
2019,12.0,16.0,1.0,39.53,39.53,2019-12-16 01:00:00
2019,12.0,16.0,2.0,33.68,33.68,2019-12-16 02:00:00
2019,12.0,16.0,3.0,30.91,30.91,2019-12-16 03:00:00
2019,12.0,16.0,4.0,29.49,29.49,2019-12-16 04:00:00
2019,12.0,16.0,5.0,29.19,29.19,2019-12-16 05:00:00
2019,12.0,16.0,6.0,31.88,31.88,2019-12-16 06:00:00
2019,12.0,16.0,7.0,39.27,39.27,2019-12-16 07:00:00
2019,12.0,16.0,8.0,42.94,45.48,2019-12-16 08:00:00
2019,12.0,16.0,9.0,42.19,44.6,2019-12-16 09:00:00
2019,12.0,16.0,10.0,42.44,47.45,2019-12-16 10:00:00
2019,12.0,16.0,11.0,43.94,45.45,2019-12-16 11:00:00
2019,12.0,16.0,12.0,43.94,43.94,2019-12-16 12:00:00
2019,12.0,16.0,13.0,43.94,43.94,2019-12-16 13:00:00
2019,12.0,16.0,14.0,43.59,43.59,2019-12-16 14:00:00
2019,12.0,16.0,15.0,41.98,41.98,2019-12-16 15:00:00
2019,12.0,16.0,16.0,41.94,41.94,2019-12-16 16:00:00
2019,12.0,16.0,17.0,41.73,41.73,2019-12-16 17:00:00
2019,12.0,16.0,18.0,41.94,41.94,2019-12-16 18:00:00
2019,12.0,16.0,19.0,44.13,44.13,2019-12-16 19:00:00
2019,12.0,16.0,20.0,44.59,46.54,2019-12-16 20:00:00
2019,12.0,16.0,21.0,44.59,44.97,2019-12-16 21:00:00
2019,12.0,16.0,22.0,40.56,40.56,2019-12-16 22:00:00
2019,12.0,16.0,23.0,38.26,38.26,2019-12-16 23:00:00
2019,12.0,16.0,24.0,36.0,36.0,2019-12-17 00:00:00
2019,12.0,17.0,1.0,32.71,32.71,2019-12-17 01:00:00
2019,12.0,17.0,2.0,31.9,31.9,2019-12-17 02:00:00
2019,12.0,17.0,3.0,30.5,30.5,2019-12-17 03:00:00
2019,12.0,17.0,4.0,29.19,29.19,2019-12-17 04:00:00
2019,12.0,17.0,5.0,29.4,29.4,2019-12-17 05:00:00
2019,12.0,17.0,6.0,31.25,31.25,2019-12-17 06:00:00
2019,12.0,17.0,7.0,35.74,35.74,2019-12-17 07:00:00
2019,12.0,17.0,8.0,44.6,44.92,2019-12-17 08:00:00
2019,12.0,17.0,9.0,44.63,49.5,2019-12-17 09:00:00
2019,12.0,17.0,10.0,46.4,48.0,2019-12-17 10:00:00
2019,12.0,17.0,11.0,48.5,48.5,2019-12-17 11:00:00
2019,12.0,17.0,12.0,48.06,48.06,2019-12-17 12:00:00
2019,12.0,17.0,13.0,47.01,47.01,2019-12-17 13:00:00
2019,12.0,17.0,14.0,46.6,46.6,2019-12-17 14:00:00
2019,12.0,17.0,15.0,45.23,45.23,2019-12-17 15:00:00
2019,12.0,17.0,16.0,44.85,44.85,2019-12-17 16:00:00
2019,12.0,17.0,17.0,46.0,46.0,2019-12-17 17:00:00
2019,12.0,17.0,18.0,49.35,49.35,2019-12-17 18:00:00
2019,12.0,17.0,19.0,56.27,56.27,2019-12-17 19:00:00
2019,12.0,17.0,20.0,55.1,55.1,2019-12-17 20:00:00
2019,12.0,17.0,21.0,49.78,49.78,2019-12-17 21:00:00
2019,12.0,17.0,22.0,46.6,46.6,2019-12-17 22:00:00
2019,12.0,17.0,23.0,43.49,43.49,2019-12-17 23:00:00
2019,12.0,17.0,24.0,39.5,39.5,2019-12-18 00:00:00
2019,12.0,18.0,1.0,37.01,37.01,2019-12-18 01:00:00
2019,12.0,18.0,2.0,32.69,32.69,2019-12-18 02:00:00
2019,12.0,18.0,3.0,29.67,29.67,2019-12-18 03:00:00
2019,12.0,18.0,4.0,26.5,26.5,2019-12-18 04:00:00
2019,12.0,18.0,5.0,26.5,26.5,2019-12-18 05:00:00
2019,12.0,18.0,6.0,28.1,28.1,2019-12-18 06:00:00
2019,12.0,18.0,7.0,33.0,33.0,2019-12-18 07:00:00
2019,12.0,18.0,8.0,40.1,44.6,2019-12-18 08:00:00
2019,12.0,18.0,9.0,43.1,49.1,2019-12-18 09:00:00
2019,12.0,18.0,10.0,44.1,48.78,2019-12-18 10:00:00
2019,12.0,18.0,11.0,45.35,45.6,2019-12-18 11:00:00
2019,12.0,18.0,12.0,43.35,43.35,2019-12-18 12:00:00
2019,12.0,18.0,13.0,41.07,41.07,2019-12-18 13:00:00
2019,12.0,18.0,14.0,40.1,40.1,2019-12-18 14:00:00
2019,12.0,18.0,15.0,39.14,39.14,2019-12-18 15:00:00
2019,12.0,18.0,16.0,39.14,39.14,2019-12-18 16:00:00
2019,12.0,18.0,17.0,40.1,40.31,2019-12-18 17:00:00
2019,12.0,18.0,18.0,43.1,43.1,2019-12-18 18:00:00
2019,12.0,18.0,19.0,43.35,46.47,2019-12-18 19:00:00
2019,12.0,18.0,20.0,44.35,46.3,2019-12-18 20:00:00
2019,12.0,18.0,21.0,43.85,43.85,2019-12-18 21:00:00
2019,12.0,18.0,22.0,39.15,39.15,2019-12-18 22:00:00
2019,12.0,18.0,23.0,35.9,35.9,2019-12-18 23:00:00
2019,12.0,18.0,24.0,28.1,28.1,2019-12-19 00:00:00
2019,12.0,19.0,1.0,15.0,15.0,2019-12-19 01:00:00
2019,12.0,19.0,2.0,8.66,8.66,2019-12-19 02:00:00
2019,12.0,19.0,3.0,5.95,5.95,2019-12-19 03:00:00
2019,12.0,19.0,4.0,4.28,4.28,2019-12-19 04:00:00
2019,12.0,19.0,5.0,2.27,2.27,2019-12-19 05:00:00
2019,12.0,19.0,6.0,5.1,5.1,2019-12-19 06:00:00
2019,12.0,19.0,7.0,7.19,7.19,2019-12-19 07:00:00
2019,12.0,19.0,8.0,20.05,27.0,2019-12-19 08:00:00
2019,12.0,19.0,9.0,25.87,32.27,2019-12-19 09:00:00
2019,12.0,19.0,10.0,30.01,35.74,2019-12-19 10:00:00
2019,12.0,19.0,11.0,32.05,34.18,2019-12-19 11:00:00
2019,12.0,19.0,12.0,31.8,31.99,2019-12-19 12:00:00
2019,12.0,19.0,13.0,30.0,30.0,2019-12-19 13:00:00
2019,12.0,19.0,14.0,28.8,28.8,2019-12-19 14:00:00
2019,12.0,19.0,15.0,26.42,26.42,2019-12-19 15:00:00
2019,12.0,19.0,16.0,25.92,25.92,2019-12-19 16:00:00
2019,12.0,19.0,17.0,26.5,26.5,2019-12-19 17:00:00
2019,12.0,19.0,18.0,28.8,28.8,2019-12-19 18:00:00
2019,12.0,19.0,19.0,32.92,32.92,2019-12-19 19:00:00
2019,12.0,19.0,20.0,34.89,34.89,2019-12-19 20:00:00
2019,12.0,19.0,21.0,35.67,35.67,2019-12-19 21:00:00
2019,12.0,19.0,22.0,30.0,30.0,2019-12-19 22:00:00
2019,12.0,19.0,23.0,26.21,26.21,2019-12-19 23:00:00
2019,12.0,19.0,24.0,9.19,9.19,2019-12-20 00:00:00
2019,12.0,20.0,1.0,4.72,4.72,2019-12-20 01:00:00
2019,12.0,20.0,2.0,2.3,2.3,2019-12-20 02:00:00
2019,12.0,20.0,3.0,2.3,2.3,2019-12-20 03:00:00
2019,12.0,20.0,4.0,2.3,2.3,2019-12-20 04:00:00
2019,12.0,20.0,5.0,1.76,1.76,2019-12-20 05:00:00
2019,12.0,20.0,6.0,2.3,2.3,2019-12-20 06:00:00
2019,12.0,20.0,7.0,2.3,2.3,2019-12-20 07:00:00
2019,12.0,20.0,8.0,10.5,10.5,2019-12-20 08:00:00
2019,12.0,20.0,9.0,20.0,20.0,2019-12-20 09:00:00
2019,12.0,20.0,10.0,23.85,23.85,2019-12-20 10:00:00
2019,12.0,20.0,11.0,24.51,24.51,2019-12-20 11:00:00
2019,12.0,20.0,12.0,24.18,24.18,2019-12-20 12:00:00
2019,12.0,20.0,13.0,23.29,23.29,2019-12-20 13:00:00
2019,12.0,20.0,14.0,23.01,23.01,2019-12-20 14:00:00
2019,12.0,20.0,15.0,21.78,21.78,2019-12-20 15:00:00
2019,12.0,20.0,16.0,22.5,22.5,2019-12-20 16:00:00
2019,12.0,20.0,17.0,23.04,23.04,2019-12-20 17:00:00
2019,12.0,20.0,18.0,24.38,24.38,2019-12-20 18:00:00
2019,12.0,20.0,19.0,27.37,27.37,2019-12-20 19:00:00
2019,12.0,20.0,20.0,30.0,30.0,2019-12-20 20:00:00
2019,12.0,20.0,21.0,32.51,32.51,2019-12-20 21:00:00
2019,12.0,20.0,22.0,27.99,27.99,2019-12-20 22:00:00
2019,12.0,20.0,23.0,24.51,24.51,2019-12-20 23:00:00
2019,12.0,20.0,24.0,17.0,17.0,2019-12-21 00:00:00
2019,12.0,21.0,1.0,2.38,2.38,2019-12-21 01:00:00
2019,12.0,21.0,2.0,2.3,2.3,2019-12-21 02:00:00
2019,12.0,21.0,3.0,2.3,2.3,2019-12-21 03:00:00
2019,12.0,21.0,4.0,2.3,2.3,2019-12-21 04:00:00
2019,12.0,21.0,5.0,0.28,2.3,2019-12-21 05:00:00
2019,12.0,21.0,6.0,0.01,2.3,2019-12-21 06:00:00
2019,12.0,21.0,7.0,0.03,2.3,2019-12-21 07:00:00
2019,12.0,21.0,8.0,0.05,2.3,2019-12-21 08:00:00
2019,12.0,21.0,9.0,0.12,2.3,2019-12-21 09:00:00
2019,12.0,21.0,10.0,2.3,2.3,2019-12-21 10:00:00
2019,12.0,21.0,11.0,2.3,2.3,2019-12-21 11:00:00
2019,12.0,21.0,12.0,2.3,2.3,2019-12-21 12:00:00
2019,12.0,21.0,13.0,2.3,2.3,2019-12-21 13:00:00
2019,12.0,21.0,14.0,2.3,2.3,2019-12-21 14:00:00
2019,12.0,21.0,15.0,2.3,2.3,2019-12-21 15:00:00
2019,12.0,21.0,16.0,2.3,2.3,2019-12-21 16:00:00
2019,12.0,21.0,17.0,2.3,2.3,2019-12-21 17:00:00
2019,12.0,21.0,18.0,2.3,2.3,2019-12-21 18:00:00
2019,12.0,21.0,19.0,2.3,2.3,2019-12-21 19:00:00
2019,12.0,21.0,20.0,3.3,3.3,2019-12-21 20:00:00
2019,12.0,21.0,21.0,5.26,5.26,2019-12-21 21:00:00
2019,12.0,21.0,22.0,3.88,3.88,2019-12-21 22:00:00
2019,12.0,21.0,23.0,2.3,2.3,2019-12-21 23:00:00
2019,12.0,21.0,24.0,2.3,2.3,2019-12-22 00:00:00
2019,12.0,22.0,1.0,0.51,0.51,2019-12-22 01:00:00
2019,12.0,22.0,2.0,0.5,0.51,2019-12-22 02:00:00
2019,12.0,22.0,3.0,0.01,0.5,2019-12-22 03:00:00
2019,12.0,22.0,4.0,0.01,0.1,2019-12-22 04:00:00
2019,12.0,22.0,5.0,0.01,0.1,2019-12-22 05:00:00
2019,12.0,22.0,6.0,0.01,0.1,2019-12-22 06:00:00
2019,12.0,22.0,7.0,0.01,0.2,2019-12-22 07:00:00
2019,12.0,22.0,8.0,0.01,0.5,2019-12-22 08:00:00
2019,12.0,22.0,9.0,0.01,0.51,2019-12-22 09:00:00
2019,12.0,22.0,10.0,0.01,1.02,2019-12-22 10:00:00
2019,12.0,22.0,11.0,0.2,2.3,2019-12-22 11:00:00
2019,12.0,22.0,12.0,1.0,2.3,2019-12-22 12:00:00
2019,12.0,22.0,13.0,2.05,2.05,2019-12-22 13:00:00
2019,12.0,22.0,14.0,2.3,2.3,2019-12-22 14:00:00
2019,12.0,22.0,15.0,2.3,2.3,2019-12-22 15:00:00
2019,12.0,22.0,16.0,1.1,1.1,2019-12-22 16:00:00
2019,12.0,22.0,17.0,1.02,1.02,2019-12-22 17:00:00
2019,12.0,22.0,18.0,2.3,2.3,2019-12-22 18:00:00
2019,12.0,22.0,19.0,2.3,2.3,2019-12-22 19:00:00
2019,12.0,22.0,20.0,3.5,3.5,2019-12-22 20:00:00
2019,12.0,22.0,21.0,5.5,5.5,2019-12-22 21:00:00
2019,12.0,22.0,22.0,6.6,6.6,2019-12-22 22:00:00
2019,12.0,22.0,23.0,5.5,5.5,2019-12-22 23:00:00
2019,12.0,22.0,24.0,3.49,3.49,2019-12-23 00:00:00
2019,12.0,23.0,1.0,5.02,5.02,2019-12-23 01:00:00
2019,12.0,23.0,2.0,4.52,4.52,2019-12-23 02:00:00
2019,12.0,23.0,3.0,2.3,2.3,2019-12-23 03:00:00
2019,12.0,23.0,4.0,1.02,1.02,2019-12-23 04:00:00
2019,12.0,23.0,5.0,1.0,1.0,2019-12-23 05:00:00
2019,12.0,23.0,6.0,2.3,2.3,2019-12-23 06:00:00
2019,12.0,23.0,7.0,5.5,5.5,2019-12-23 07:00:00
2019,12.0,23.0,8.0,19.4,19.4,2019-12-23 08:00:00
2019,12.0,23.0,9.0,26.51,26.51,2019-12-23 09:00:00
2019,12.0,23.0,10.0,34.44,34.44,2019-12-23 10:00:00
2019,12.0,23.0,11.0,35.1,35.1,2019-12-23 11:00:00
2019,12.0,23.0,12.0,34.44,34.44,2019-12-23 12:00:00
2019,12.0,23.0,13.0,32.83,32.83,2019-12-23 13:00:00
2019,12.0,23.0,14.0,31.53,31.53,2019-12-23 14:00:00
2019,12.0,23.0,15.0,30.0,30.0,2019-12-23 15:00:00
2019,12.0,23.0,16.0,29.51,29.51,2019-12-23 16:00:00
2019,12.0,23.0,17.0,33.41,33.41,2019-12-23 17:00:00
2019,12.0,23.0,18.0,39.0,39.0,2019-12-23 18:00:00
2019,12.0,23.0,19.0,40.93,40.93,2019-12-23 19:00:00
2019,12.0,23.0,20.0,39.07,39.07,2019-12-23 20:00:00
2019,12.0,23.0,21.0,35.98,35.98,2019-12-23 21:00:00
2019,12.0,23.0,22.0,30.79,30.79,2019-12-23 22:00:00
2019,12.0,23.0,23.0,28.51,28.51,2019-12-23 23:00:00
2019,12.0,23.0,24.0,18.58,18.58,2019-12-24 00:00:00
2019,12.0,24.0,1.0,7.0,7.0,2019-12-24 01:00:00
2019,12.0,24.0,2.0,4.62,4.62,2019-12-24 02:00:00
2019,12.0,24.0,3.0,2.3,2.3,2019-12-24 03:00:00
2019,12.0,24.0,4.0,1.09,1.09,2019-12-24 04:00:00
2019,12.0,24.0,5.0,0.03,0.03,2019-12-24 05:00:00
2019,12.0,24.0,6.0,2.9,2.9,2019-12-24 06:00:00
2019,12.0,24.0,7.0,6.26,6.26,2019-12-24 07:00:00
2019,12.0,24.0,8.0,15.13,15.13,2019-12-24 08:00:00
2019,12.0,24.0,9.0,26.51,26.51,2019-12-24 09:00:00
2019,12.0,24.0,10.0,31.24,31.24,2019-12-24 10:00:00
2019,12.0,24.0,11.0,30.72,30.72,2019-12-24 11:00:00
2019,12.0,24.0,12.0,25.68,25.68,2019-12-24 12:00:00
2019,12.0,24.0,13.0,27.0,27.0,2019-12-24 13:00:00
2019,12.0,24.0,14.0,27.55,27.55,2019-12-24 14:00:00
2019,12.0,24.0,15.0,27.0,27.0,2019-12-24 15:00:00
2019,12.0,24.0,16.0,26.97,26.97,2019-12-24 16:00:00
2019,12.0,24.0,17.0,27.72,27.72,2019-12-24 17:00:00
2019,12.0,24.0,18.0,33.41,33.41,2019-12-24 18:00:00
2019,12.0,24.0,19.0,36.51,36.51,2019-12-24 19:00:00
2019,12.0,24.0,20.0,35.72,35.72,2019-12-24 20:00:00
2019,12.0,24.0,21.0,34.11,34.11,2019-12-24 21:00:00
2019,12.0,24.0,22.0,28.93,28.93,2019-12-24 22:00:00
2019,12.0,24.0,23.0,23.61,23.61,2019-12-24 23:00:00
2019,12.0,24.0,24.0,20.99,20.99,2019-12-25 00:00:00
2019,12.0,25.0,1.0,12.28,12.28,2019-12-25 01:00:00
2019,12.0,25.0,2.0,9.99,9.99,2019-12-25 02:00:00
2019,12.0,25.0,3.0,9.32,9.32,2019-12-25 03:00:00
2019,12.0,25.0,4.0,5.37,5.37,2019-12-25 04:00:00
2019,12.0,25.0,5.0,4.24,4.24,2019-12-25 05:00:00
2019,12.0,25.0,6.0,4.0,4.0,2019-12-25 06:00:00
2019,12.0,25.0,7.0,5.41,5.41,2019-12-25 07:00:00
2019,12.0,25.0,8.0,6.87,6.87,2019-12-25 08:00:00
2019,12.0,25.0,9.0,9.34,9.34,2019-12-25 09:00:00
2019,12.0,25.0,10.0,9.99,9.99,2019-12-25 10:00:00
2019,12.0,25.0,11.0,12.03,12.03,2019-12-25 11:00:00
2019,12.0,25.0,12.0,11.78,11.78,2019-12-25 12:00:00
2019,12.0,25.0,13.0,15.01,15.01,2019-12-25 13:00:00
2019,12.0,25.0,14.0,12.03,12.03,2019-12-25 14:00:00
2019,12.0,25.0,15.0,11.59,11.59,2019-12-25 15:00:00
2019,12.0,25.0,16.0,9.99,9.99,2019-12-25 16:00:00
2019,12.0,25.0,17.0,12.53,12.53,2019-12-25 17:00:00
2019,12.0,25.0,18.0,14.99,14.99,2019-12-25 18:00:00
2019,12.0,25.0,19.0,19.62,19.62,2019-12-25 19:00:00
2019,12.0,25.0,20.0,29.37,29.37,2019-12-25 20:00:00
2019,12.0,25.0,21.0,29.61,29.61,2019-12-25 21:00:00
2019,12.0,25.0,22.0,30.0,30.0,2019-12-25 22:00:00
2019,12.0,25.0,23.0,31.0,31.0,2019-12-25 23:00:00
2019,12.0,25.0,24.0,25.32,25.32,2019-12-26 00:00:00
2019,12.0,26.0,1.0,12.0,12.0,2019-12-26 01:00:00
2019,12.0,26.0,2.0,10.58,10.58,2019-12-26 02:00:00
2019,12.0,26.0,3.0,7.99,7.99,2019-12-26 03:00:00
2019,12.0,26.0,4.0,4.86,4.86,2019-12-26 04:00:00
2019,12.0,26.0,5.0,3.92,3.92,2019-12-26 05:00:00
2019,12.0,26.0,6.0,5.1,5.1,2019-12-26 06:00:00
2019,12.0,26.0,7.0,14.0,14.0,2019-12-26 07:00:00
2019,12.0,26.0,8.0,22.8,22.8,2019-12-26 08:00:00
2019,12.0,26.0,9.0,27.4,27.4,2019-12-26 09:00:00
2019,12.0,26.0,10.0,32.51,32.51,2019-12-26 10:00:00
2019,12.0,26.0,11.0,34.95,34.95,2019-12-26 11:00:00
2019,12.0,26.0,12.0,32.51,32.51,2019-12-26 12:00:00
2019,12.0,26.0,13.0,33.36,33.36,2019-12-26 13:00:00
2019,12.0,26.0,14.0,29.92,29.92,2019-12-26 14:00:00
2019,12.0,26.0,15.0,27.98,27.98,2019-12-26 15:00:00
2019,12.0,26.0,16.0,26.94,26.94,2019-12-26 16:00:00
2019,12.0,26.0,17.0,32.0,32.0,2019-12-26 17:00:00
2019,12.0,26.0,18.0,39.0,39.0,2019-12-26 18:00:00
2019,12.0,26.0,19.0,42.64,42.64,2019-12-26 19:00:00
2019,12.0,26.0,20.0,40.92,40.92,2019-12-26 20:00:00
2019,12.0,26.0,21.0,37.24,37.24,2019-12-26 21:00:00
2019,12.0,26.0,22.0,32.03,32.03,2019-12-26 22:00:00
2019,12.0,26.0,23.0,30.58,30.58,2019-12-26 23:00:00
2019,12.0,26.0,24.0,28.7,28.7,2019-12-27 00:00:00
2019,12.0,27.0,1.0,27.47,27.47,2019-12-27 01:00:00
2019,12.0,27.0,2.0,25.0,25.0,2019-12-27 02:00:00
2019,12.0,27.0,3.0,19.99,19.99,2019-12-27 03:00:00
2019,12.0,27.0,4.0,19.73,19.73,2019-12-27 04:00:00
2019,12.0,27.0,5.0,16.6,16.6,2019-12-27 05:00:00
2019,12.0,27.0,6.0,20.5,20.5,2019-12-27 06:00:00
2019,12.0,27.0,7.0,24.0,24.0,2019-12-27 07:00:00
2019,12.0,27.0,8.0,29.57,29.57,2019-12-27 08:00:00
2019,12.0,27.0,9.0,34.75,34.75,2019-12-27 09:00:00
2019,12.0,27.0,10.0,38.09,38.09,2019-12-27 10:00:00
2019,12.0,27.0,11.0,38.59,38.59,2019-12-27 11:00:00
2019,12.0,27.0,12.0,38.09,38.09,2019-12-27 12:00:00
2019,12.0,27.0,13.0,39.0,39.0,2019-12-27 13:00:00
2019,12.0,27.0,14.0,37.52,37.52,2019-12-27 14:00:00
2019,12.0,27.0,15.0,34.9,34.9,2019-12-27 15:00:00
2019,12.0,27.0,16.0,32.51,32.51,2019-12-27 16:00:00
2019,12.0,27.0,17.0,34.99,34.99,2019-12-27 17:00:00
2019,12.0,27.0,18.0,40.01,40.01,2019-12-27 18:00:00
2019,12.0,27.0,19.0,44.88,44.88,2019-12-27 19:00:00
2019,12.0,27.0,20.0,43.99,43.99,2019-12-27 20:00:00
2019,12.0,27.0,21.0,39.52,39.52,2019-12-27 21:00:00
2019,12.0,27.0,22.0,36.67,36.67,2019-12-27 22:00:00
2019,12.0,27.0,23.0,35.38,35.38,2019-12-27 23:00:00
2019,12.0,27.0,24.0,33.57,33.57,2019-12-28 00:00:00
2019,12.0,28.0,1.0,30.17,30.17,2019-12-28 01:00:00
2019,12.0,28.0,2.0,29.5,29.5,2019-12-28 02:00:00
2019,12.0,28.0,3.0,25.75,25.75,2019-12-28 03:00:00
2019,12.0,28.0,4.0,23.0,23.0,2019-12-28 04:00:00
2019,12.0,28.0,5.0,20.97,20.97,2019-12-28 05:00:00
2019,12.0,28.0,6.0,20.72,20.72,2019-12-28 06:00:00
2019,12.0,28.0,7.0,21.47,21.47,2019-12-28 07:00:00
2019,12.0,28.0,8.0,23.0,23.0,2019-12-28 08:00:00
2019,12.0,28.0,9.0,27.0,27.0,2019-12-28 09:00:00
2019,12.0,28.0,10.0,34.75,34.75,2019-12-28 10:00:00
2019,12.0,28.0,11.0,35.0,35.0,2019-12-28 11:00:00
2019,12.0,28.0,12.0,34.51,34.51,2019-12-28 12:00:00
2019,12.0,28.0,13.0,33.0,33.0,2019-12-28 13:00:00
2019,12.0,28.0,14.0,32.27,32.27,2019-12-28 14:00:00
2019,12.0,28.0,15.0,30.51,30.51,2019-12-28 15:00:00
2019,12.0,28.0,16.0,26.48,26.48,2019-12-28 16:00:00
2019,12.0,28.0,17.0,32.0,32.0,2019-12-28 17:00:00
2019,12.0,28.0,18.0,39.09,39.09,2019-12-28 18:00:00
2019,12.0,28.0,19.0,43.75,43.75,2019-12-28 19:00:00
2019,12.0,28.0,20.0,43.29,43.29,2019-12-28 20:00:00
2019,12.0,28.0,21.0,39.62,39.62,2019-12-28 21:00:00
2019,12.0,28.0,22.0,35.39,35.39,2019-12-28 22:00:00
2019,12.0,28.0,23.0,34.75,34.75,2019-12-28 23:00:00
2019,12.0,28.0,24.0,30.17,30.17,2019-12-29 00:00:00
2019,12.0,29.0,1.0,30.6,30.6,2019-12-29 01:00:00
2019,12.0,29.0,2.0,28.1,28.1,2019-12-29 02:00:00
2019,12.0,29.0,3.0,26.92,26.92,2019-12-29 03:00:00
2019,12.0,29.0,4.0,22.85,22.85,2019-12-29 04:00:00
2019,12.0,29.0,5.0,20.97,20.97,2019-12-29 05:00:00
2019,12.0,29.0,6.0,21.31,21.31,2019-12-29 06:00:00
2019,12.0,29.0,7.0,22.72,22.72,2019-12-29 07:00:00
2019,12.0,29.0,8.0,25.1,25.1,2019-12-29 08:00:00
2019,12.0,29.0,9.0,27.52,27.52,2019-12-29 09:00:00
2019,12.0,29.0,10.0,30.04,30.04,2019-12-29 10:00:00
2019,12.0,29.0,11.0,32.52,32.52,2019-12-29 11:00:00
2019,12.0,29.0,12.0,32.51,32.51,2019-12-29 12:00:00
2019,12.0,29.0,13.0,32.03,32.03,2019-12-29 13:00:00
2019,12.0,29.0,14.0,30.61,30.61,2019-12-29 14:00:00
2019,12.0,29.0,15.0,30.8,30.8,2019-12-29 15:00:00
2019,12.0,29.0,16.0,31.39,31.39,2019-12-29 16:00:00
2019,12.0,29.0,17.0,33.97,33.97,2019-12-29 17:00:00
2019,12.0,29.0,18.0,41.0,41.0,2019-12-29 18:00:00
2019,12.0,29.0,19.0,43.5,43.5,2019-12-29 19:00:00
2019,12.0,29.0,20.0,43.5,43.5,2019-12-29 20:00:00
2019,12.0,29.0,21.0,40.0,40.0,2019-12-29 21:00:00
2019,12.0,29.0,22.0,41.15,41.15,2019-12-29 22:00:00
2019,12.0,29.0,23.0,39.06,39.06,2019-12-29 23:00:00
2019,12.0,29.0,24.0,34.9,34.9,2019-12-30 00:00:00
2019,12.0,30.0,1.0,33.1,33.1,2019-12-30 01:00:00
2019,12.0,30.0,2.0,25.0,25.0,2019-12-30 02:00:00
2019,12.0,30.0,3.0,22.51,22.51,2019-12-30 03:00:00
2019,12.0,30.0,4.0,21.97,21.97,2019-12-30 04:00:00
2019,12.0,30.0,5.0,21.47,21.47,2019-12-30 05:00:00
2019,12.0,30.0,6.0,22.22,22.22,2019-12-30 06:00:00
2019,12.0,30.0,7.0,30.0,30.0,2019-12-30 07:00:00
2019,12.0,30.0,8.0,38.0,38.0,2019-12-30 08:00:00
2019,12.0,30.0,9.0,41.26,41.26,2019-12-30 09:00:00
2019,12.0,30.0,10.0,42.42,42.42,2019-12-30 10:00:00
2019,12.0,30.0,11.0,42.42,42.42,2019-12-30 11:00:00
2019,12.0,30.0,12.0,40.98,40.98,2019-12-30 12:00:00
2019,12.0,30.0,13.0,39.38,39.38,2019-12-30 13:00:00
2019,12.0,30.0,14.0,38.38,38.38,2019-12-30 14:00:00
2019,12.0,30.0,15.0,35.32,35.32,2019-12-30 15:00:00
2019,12.0,30.0,16.0,35.16,35.16,2019-12-30 16:00:00
2019,12.0,30.0,17.0,36.46,36.46,2019-12-30 17:00:00
2019,12.0,30.0,18.0,43.59,43.59,2019-12-30 18:00:00
2019,12.0,30.0,19.0,46.42,46.42,2019-12-30 19:00:00
2019,12.0,30.0,20.0,47.82,47.82,2019-12-30 20:00:00
2019,12.0,30.0,21.0,47.5,47.5,2019-12-30 21:00:00
2019,12.0,30.0,22.0,46.42,46.42,2019-12-30 22:00:00
2019,12.0,30.0,23.0,42.76,42.76,2019-12-30 23:00:00
2019,12.0,30.0,24.0,40.88,40.88,2019-12-31 00:00:00
2019,12.0,31.0,1.0,37.55,37.55,2019-12-31 01:00:00
2019,12.0,31.0,2.0,34.22,34.22,2019-12-31 02:00:00
2019,12.0,31.0,3.0,30.95,30.95,2019-12-31 03:00:00
2019,12.0,31.0,4.0,29.8,29.8,2019-12-31 04:00:00
2019,12.0,31.0,5.0,28.59,28.59,2019-12-31 05:00:00
2019,12.0,31.0,6.0,30.95,30.95,2019-12-31 06:00:00
2019,12.0,31.0,7.0,30.75,30.75,2019-12-31 07:00:00
2019,12.0,31.0,8.0,37.01,37.01,2019-12-31 08:00:00
2019,12.0,31.0,9.0,40.15,40.15,2019-12-31 09:00:00
2019,12.0,31.0,10.0,42.15,42.15,2019-12-31 10:00:00
2019,12.0,31.0,11.0,42.25,42.25,2019-12-31 11:00:00
2019,12.0,31.0,12.0,39.53,39.53,2019-12-31 12:00:00
2019,12.0,31.0,13.0,38.6,38.6,2019-12-31 13:00:00
2019,12.0,31.0,14.0,37.9,37.9,2019-12-31 14:00:00
2019,12.0,31.0,15.0,38.0,38.0,2019-12-31 15:00:00
2019,12.0,31.0,16.0,39.58,39.58,2019-12-31 16:00:00
2019,12.0,31.0,17.0,42.28,42.28,2019-12-31 17:00:00
2019,12.0,31.0,18.0,46.06,46.06,2019-12-31 18:00:00
2019,12.0,31.0,19.0,47.73,47.73,2019-12-31 19:00:00
2019,12.0,31.0,20.0,46.0,46.0,2019-12-31 20:00:00
2019,12.0,31.0,21.0,42.58,42.58,2019-12-31 21:00:00
2019,12.0,31.0,22.0,39.74,39.74,2019-12-31 22:00:00
2019,12.0,31.0,23.0,38.88,38.88,2019-12-31 23:00:00
2019,12.0,31.0,24.0,37.37,37.37,2020-01-01 00:00:00
