Year,Month,Day,Hour,Spot_Price1,Spot_Price2,DateTime
2021,1.0,1.0,1.0,50.87,50.87,2021-01-01 01:00:00
2021,1.0,1.0,2.0,48.19,48.19,2021-01-01 02:00:00
2021,1.0,1.0,3.0,44.68,44.68,2021-01-01 03:00:00
2021,1.0,1.0,4.0,38.5,38.5,2021-01-01 04:00:00
2021,1.0,1.0,5.0,36.8,36.8,2021-01-01 05:00:00
2021,1.0,1.0,6.0,36.55,36.55,2021-01-01 06:00:00
2021,1.0,1.0,7.0,36.6,36.6,2021-01-01 07:00:00
2021,1.0,1.0,8.0,36.55,36.55,2021-01-01 08:00:00
2021,1.0,1.0,9.0,36.55,36.55,2021-01-01 09:00:00
2021,1.0,1.0,10.0,36.55,36.55,2021-01-01 10:00:00
2021,1.0,1.0,11.0,37.55,37.55,2021-01-01 11:00:00
2021,1.0,1.0,12.0,37.55,37.55,2021-01-01 12:00:00
2021,1.0,1.0,13.0,37.55,37.55,2021-01-01 13:00:00
2021,1.0,1.0,14.0,37.55,37.55,2021-01-01 14:00:00
2021,1.0,1.0,15.0,36.6,36.6,2021-01-01 15:00:00
2021,1.0,1.0,16.0,35.5,35.5,2021-01-01 16:00:00
2021,1.0,1.0,17.0,36.0,36.0,2021-01-01 17:00:00
2021,1.0,1.0,18.0,38.5,38.5,2021-01-01 18:00:00
2021,1.0,1.0,19.0,52.01,52.01,2021-01-01 19:00:00
2021,1.0,1.0,20.0,55.16,55.16,2021-01-01 20:00:00
2021,1.0,1.0,21.0,57.4,57.4,2021-01-01 21:00:00
2021,1.0,1.0,22.0,53.86,53.86,2021-01-01 22:00:00
2021,1.0,1.0,23.0,53.45,53.45,2021-01-01 23:00:00
2021,1.0,1.0,24.0,49.72,49.72,2021-01-02 00:00:00
2021,1.0,2.0,1.0,46.69,46.69,2021-01-02 01:00:00
2021,1.0,2.0,2.0,42.43,42.43,2021-01-02 02:00:00
2021,1.0,2.0,3.0,40.1,40.1,2021-01-02 03:00:00
2021,1.0,2.0,4.0,39.11,39.11,2021-01-02 04:00:00
2021,1.0,2.0,5.0,37.55,37.55,2021-01-02 05:00:00
2021,1.0,2.0,6.0,37.7,37.7,2021-01-02 06:00:00
2021,1.0,2.0,7.0,39.6,39.6,2021-01-02 07:00:00
2021,1.0,2.0,8.0,43.34,43.34,2021-01-02 08:00:00
2021,1.0,2.0,9.0,48.45,48.45,2021-01-02 09:00:00
2021,1.0,2.0,10.0,51.6,51.6,2021-01-02 10:00:00
2021,1.0,2.0,11.0,52.0,52.0,2021-01-02 11:00:00
2021,1.0,2.0,12.0,51.25,51.25,2021-01-02 12:00:00
2021,1.0,2.0,13.0,50.56,50.56,2021-01-02 13:00:00
2021,1.0,2.0,14.0,50.57,50.57,2021-01-02 14:00:00
2021,1.0,2.0,15.0,50.57,50.57,2021-01-02 15:00:00
2021,1.0,2.0,16.0,48.45,48.45,2021-01-02 16:00:00
2021,1.0,2.0,17.0,50.25,50.25,2021-01-02 17:00:00
2021,1.0,2.0,18.0,54.23,54.23,2021-01-02 18:00:00
2021,1.0,2.0,19.0,58.65,58.65,2021-01-02 19:00:00
2021,1.0,2.0,20.0,60.43,60.43,2021-01-02 20:00:00
2021,1.0,2.0,21.0,60.03,60.03,2021-01-02 21:00:00
2021,1.0,2.0,22.0,55.03,55.03,2021-01-02 22:00:00
2021,1.0,2.0,23.0,52.25,52.25,2021-01-02 23:00:00
2021,1.0,2.0,24.0,48.45,48.45,2021-01-03 00:00:00
2021,1.0,3.0,1.0,46.11,46.11,2021-01-03 01:00:00
2021,1.0,3.0,2.0,43.0,43.0,2021-01-03 02:00:00
2021,1.0,3.0,3.0,39.55,39.55,2021-01-03 03:00:00
2021,1.0,3.0,4.0,37.45,37.44,2021-01-03 04:00:00
2021,1.0,3.0,5.0,37.45,35.64,2021-01-03 05:00:00
2021,1.0,3.0,6.0,37.45,35.5,2021-01-03 06:00:00
2021,1.0,3.0,7.0,37.45,36.14,2021-01-03 07:00:00
2021,1.0,3.0,8.0,37.45,36.97,2021-01-03 08:00:00
2021,1.0,3.0,9.0,38.92,38.92,2021-01-03 09:00:00
2021,1.0,3.0,10.0,44.49,44.49,2021-01-03 10:00:00
2021,1.0,3.0,11.0,49.0,49.0,2021-01-03 11:00:00
2021,1.0,3.0,12.0,50.3,50.3,2021-01-03 12:00:00
2021,1.0,3.0,13.0,48.0,48.0,2021-01-03 13:00:00
2021,1.0,3.0,14.0,46.64,46.64,2021-01-03 14:00:00
2021,1.0,3.0,15.0,44.01,44.01,2021-01-03 15:00:00
2021,1.0,3.0,16.0,41.27,41.27,2021-01-03 16:00:00
2021,1.0,3.0,17.0,49.92,49.92,2021-01-03 17:00:00
2021,1.0,3.0,18.0,55.16,55.16,2021-01-03 18:00:00
2021,1.0,3.0,19.0,59.29,59.29,2021-01-03 19:00:00
2021,1.0,3.0,20.0,61.09,61.09,2021-01-03 20:00:00
2021,1.0,3.0,21.0,60.0,60.0,2021-01-03 21:00:00
2021,1.0,3.0,22.0,59.4,59.4,2021-01-03 22:00:00
2021,1.0,3.0,23.0,55.36,55.36,2021-01-03 23:00:00
2021,1.0,3.0,24.0,53.06,53.06,2021-01-04 00:00:00
2021,1.0,4.0,1.0,50.23,50.23,2021-01-04 01:00:00
2021,1.0,4.0,2.0,47.01,47.01,2021-01-04 02:00:00
2021,1.0,4.0,3.0,43.79,43.79,2021-01-04 03:00:00
2021,1.0,4.0,4.0,41.65,41.65,2021-01-04 04:00:00
2021,1.0,4.0,5.0,41.62,41.62,2021-01-04 05:00:00
2021,1.0,4.0,6.0,44.5,44.5,2021-01-04 06:00:00
2021,1.0,4.0,7.0,56.0,56.0,2021-01-04 07:00:00
2021,1.0,4.0,8.0,62.0,62.0,2021-01-04 08:00:00
2021,1.0,4.0,9.0,64.84,64.84,2021-01-04 09:00:00
2021,1.0,4.0,10.0,68.25,68.25,2021-01-04 10:00:00
2021,1.0,4.0,11.0,65.97,65.97,2021-01-04 11:00:00
2021,1.0,4.0,12.0,63.93,63.93,2021-01-04 12:00:00
2021,1.0,4.0,13.0,63.94,63.94,2021-01-04 13:00:00
2021,1.0,4.0,14.0,63.94,63.94,2021-01-04 14:00:00
2021,1.0,4.0,15.0,61.97,61.97,2021-01-04 15:00:00
2021,1.0,4.0,16.0,62.45,62.45,2021-01-04 16:00:00
2021,1.0,4.0,17.0,63.9,63.9,2021-01-04 17:00:00
2021,1.0,4.0,18.0,67.02,67.02,2021-01-04 18:00:00
2021,1.0,4.0,19.0,71.05,71.05,2021-01-04 19:00:00
2021,1.0,4.0,20.0,72.6,72.6,2021-01-04 20:00:00
2021,1.0,4.0,21.0,70.0,70.0,2021-01-04 21:00:00
2021,1.0,4.0,22.0,66.0,66.0,2021-01-04 22:00:00
2021,1.0,4.0,23.0,62.48,62.48,2021-01-04 23:00:00
2021,1.0,4.0,24.0,61.25,61.25,2021-01-05 00:00:00
2021,1.0,5.0,1.0,64.68,64.68,2021-01-05 01:00:00
2021,1.0,5.0,2.0,56.25,56.25,2021-01-05 02:00:00
2021,1.0,5.0,3.0,51.86,51.86,2021-01-05 03:00:00
2021,1.0,5.0,4.0,50.91,50.91,2021-01-05 04:00:00
2021,1.0,5.0,5.0,50.56,50.56,2021-01-05 05:00:00
2021,1.0,5.0,6.0,51.25,51.25,2021-01-05 06:00:00
2021,1.0,5.0,7.0,58.45,58.45,2021-01-05 07:00:00
2021,1.0,5.0,8.0,68.3,68.3,2021-01-05 08:00:00
2021,1.0,5.0,9.0,70.41,70.41,2021-01-05 09:00:00
2021,1.0,5.0,10.0,75.0,75.0,2021-01-05 10:00:00
2021,1.0,5.0,11.0,73.48,73.48,2021-01-05 11:00:00
2021,1.0,5.0,12.0,72.31,72.31,2021-01-05 12:00:00
2021,1.0,5.0,13.0,71.35,71.35,2021-01-05 13:00:00
2021,1.0,5.0,14.0,72.52,72.52,2021-01-05 14:00:00
2021,1.0,5.0,15.0,69.75,69.75,2021-01-05 15:00:00
2021,1.0,5.0,16.0,68.29,68.29,2021-01-05 16:00:00
2021,1.0,5.0,17.0,69.75,69.75,2021-01-05 17:00:00
2021,1.0,5.0,18.0,71.9,71.9,2021-01-05 18:00:00
2021,1.0,5.0,19.0,80.0,80.0,2021-01-05 19:00:00
2021,1.0,5.0,20.0,80.0,80.0,2021-01-05 20:00:00
2021,1.0,5.0,21.0,75.99,75.99,2021-01-05 21:00:00
2021,1.0,5.0,22.0,75.39,75.39,2021-01-05 22:00:00
2021,1.0,5.0,23.0,72.69,72.69,2021-01-05 23:00:00
2021,1.0,5.0,24.0,70.0,70.0,2021-01-06 00:00:00
2021,1.0,6.0,1.0,69.02,69.02,2021-01-06 01:00:00
2021,1.0,6.0,2.0,67.54,67.54,2021-01-06 02:00:00
2021,1.0,6.0,3.0,60.39,60.39,2021-01-06 03:00:00
2021,1.0,6.0,4.0,55.75,55.75,2021-01-06 04:00:00
2021,1.0,6.0,5.0,55.16,55.16,2021-01-06 05:00:00
2021,1.0,6.0,6.0,53.51,53.51,2021-01-06 06:00:00
2021,1.0,6.0,7.0,55.18,55.18,2021-01-06 07:00:00
2021,1.0,6.0,8.0,67.61,67.61,2021-01-06 08:00:00
2021,1.0,6.0,9.0,70.0,70.0,2021-01-06 09:00:00
2021,1.0,6.0,10.0,73.54,73.54,2021-01-06 10:00:00
2021,1.0,6.0,11.0,75.95,75.95,2021-01-06 11:00:00
2021,1.0,6.0,12.0,77.18,77.18,2021-01-06 12:00:00
2021,1.0,6.0,13.0,77.01,77.01,2021-01-06 13:00:00
2021,1.0,6.0,14.0,73.79,73.79,2021-01-06 14:00:00
2021,1.0,6.0,15.0,73.02,73.02,2021-01-06 15:00:00
2021,1.0,6.0,16.0,70.89,70.89,2021-01-06 16:00:00
2021,1.0,6.0,17.0,72.85,72.85,2021-01-06 17:00:00
2021,1.0,6.0,18.0,78.0,78.0,2021-01-06 18:00:00
2021,1.0,6.0,19.0,83.35,83.35,2021-01-06 19:00:00
2021,1.0,6.0,20.0,90.0,90.0,2021-01-06 20:00:00
2021,1.0,6.0,21.0,79.6,79.6,2021-01-06 21:00:00
2021,1.0,6.0,22.0,75.4,75.4,2021-01-06 22:00:00
2021,1.0,6.0,23.0,72.1,72.1,2021-01-06 23:00:00
2021,1.0,6.0,24.0,67.54,67.54,2021-01-07 00:00:00
2021,1.0,7.0,1.0,77.0,77.0,2021-01-07 01:00:00
2021,1.0,7.0,2.0,65.85,65.85,2021-01-07 02:00:00
2021,1.0,7.0,3.0,63.78,63.78,2021-01-07 03:00:00
2021,1.0,7.0,4.0,59.31,59.31,2021-01-07 04:00:00
2021,1.0,7.0,5.0,58.0,58.0,2021-01-07 05:00:00
2021,1.0,7.0,6.0,60.65,60.65,2021-01-07 06:00:00
2021,1.0,7.0,7.0,65.0,65.0,2021-01-07 07:00:00
2021,1.0,7.0,8.0,83.98,83.98,2021-01-07 08:00:00
2021,1.0,7.0,9.0,95.02,95.02,2021-01-07 09:00:00
2021,1.0,7.0,10.0,99.0,99.0,2021-01-07 10:00:00
2021,1.0,7.0,11.0,100.0,100.0,2021-01-07 11:00:00
2021,1.0,7.0,12.0,100.0,100.0,2021-01-07 12:00:00
2021,1.0,7.0,13.0,100.0,100.0,2021-01-07 13:00:00
2021,1.0,7.0,14.0,100.0,100.0,2021-01-07 14:00:00
2021,1.0,7.0,15.0,100.0,100.0,2021-01-07 15:00:00
2021,1.0,7.0,16.0,99.85,99.85,2021-01-07 16:00:00
2021,1.0,7.0,17.0,97.85,97.85,2021-01-07 17:00:00
2021,1.0,7.0,18.0,100.0,100.0,2021-01-07 18:00:00
2021,1.0,7.0,19.0,106.95,106.95,2021-01-07 19:00:00
2021,1.0,7.0,20.0,108.97,108.97,2021-01-07 20:00:00
2021,1.0,7.0,21.0,101.85,101.85,2021-01-07 21:00:00
2021,1.0,7.0,22.0,101.17,101.17,2021-01-07 22:00:00
2021,1.0,7.0,23.0,100.0,100.0,2021-01-07 23:00:00
2021,1.0,7.0,24.0,90.0,90.0,2021-01-08 00:00:00
2021,1.0,8.0,1.0,95.98,95.98,2021-01-08 01:00:00
2021,1.0,8.0,2.0,77.93,77.93,2021-01-08 02:00:00
2021,1.0,8.0,3.0,69.55,69.55,2021-01-08 03:00:00
2021,1.0,8.0,4.0,65.0,65.0,2021-01-08 04:00:00
2021,1.0,8.0,5.0,60.0,60.0,2021-01-08 05:00:00
2021,1.0,8.0,6.0,61.1,61.1,2021-01-08 06:00:00
2021,1.0,8.0,7.0,69.51,69.51,2021-01-08 07:00:00
2021,1.0,8.0,8.0,86.93,86.93,2021-01-08 08:00:00
2021,1.0,8.0,9.0,103.54,103.54,2021-01-08 09:00:00
2021,1.0,8.0,10.0,110.45,110.45,2021-01-08 10:00:00
2021,1.0,8.0,11.0,110.0,110.0,2021-01-08 11:00:00
2021,1.0,8.0,12.0,110.45,110.45,2021-01-08 12:00:00
2021,1.0,8.0,13.0,110.0,110.0,2021-01-08 13:00:00
2021,1.0,8.0,14.0,110.0,110.0,2021-01-08 14:00:00
2021,1.0,8.0,15.0,107.75,107.75,2021-01-08 15:00:00
2021,1.0,8.0,16.0,100.98,100.98,2021-01-08 16:00:00
2021,1.0,8.0,17.0,100.36,100.36,2021-01-08 17:00:00
2021,1.0,8.0,18.0,110.0,110.0,2021-01-08 18:00:00
2021,1.0,8.0,19.0,113.37,113.37,2021-01-08 19:00:00
2021,1.0,8.0,20.0,114.89,114.89,2021-01-08 20:00:00
2021,1.0,8.0,21.0,110.0,110.0,2021-01-08 21:00:00
2021,1.0,8.0,22.0,110.0,110.0,2021-01-08 22:00:00
2021,1.0,8.0,23.0,97.45,97.45,2021-01-08 23:00:00
2021,1.0,8.0,24.0,74.49,74.49,2021-01-09 00:00:00
2021,1.0,9.0,1.0,70.55,70.17,2021-01-09 01:00:00
2021,1.0,9.0,2.0,71.53,61.64,2021-01-09 02:00:00
2021,1.0,9.0,3.0,69.25,55.96,2021-01-09 03:00:00
2021,1.0,9.0,4.0,68.55,51.88,2021-01-09 04:00:00
2021,1.0,9.0,5.0,51.69,50.25,2021-01-09 05:00:00
2021,1.0,9.0,6.0,59.0,50.25,2021-01-09 06:00:00
2021,1.0,9.0,7.0,51.39,51.39,2021-01-09 07:00:00
2021,1.0,9.0,8.0,70.51,55.62,2021-01-09 08:00:00
2021,1.0,9.0,9.0,70.4,60.39,2021-01-09 09:00:00
2021,1.0,9.0,10.0,72.03,72.03,2021-01-09 10:00:00
2021,1.0,9.0,11.0,92.01,92.01,2021-01-09 11:00:00
2021,1.0,9.0,12.0,95.98,95.98,2021-01-09 12:00:00
2021,1.0,9.0,13.0,75.02,75.02,2021-01-09 13:00:00
2021,1.0,9.0,14.0,75.03,75.03,2021-01-09 14:00:00
2021,1.0,9.0,15.0,76.64,76.64,2021-01-09 15:00:00
2021,1.0,9.0,16.0,72.85,72.85,2021-01-09 16:00:00
2021,1.0,9.0,17.0,75.5,75.5,2021-01-09 17:00:00
2021,1.0,9.0,18.0,100.0,100.0,2021-01-09 18:00:00
2021,1.0,9.0,19.0,114.89,114.89,2021-01-09 19:00:00
2021,1.0,9.0,20.0,120.0,120.0,2021-01-09 20:00:00
2021,1.0,9.0,21.0,121.24,121.24,2021-01-09 21:00:00
2021,1.0,9.0,22.0,120.69,120.69,2021-01-09 22:00:00
2021,1.0,9.0,23.0,115.0,115.0,2021-01-09 23:00:00
2021,1.0,9.0,24.0,101.41,101.41,2021-01-10 00:00:00
2021,1.0,10.0,1.0,62.28,62.0,2021-01-10 01:00:00
2021,1.0,10.0,2.0,60.8,55.75,2021-01-10 02:00:00
2021,1.0,10.0,3.0,59.0,53.14,2021-01-10 03:00:00
2021,1.0,10.0,4.0,50.9,49.03,2021-01-10 04:00:00
2021,1.0,10.0,5.0,48.45,48.45,2021-01-10 05:00:00
2021,1.0,10.0,6.0,49.07,49.07,2021-01-10 06:00:00
2021,1.0,10.0,7.0,50.87,50.87,2021-01-10 07:00:00
2021,1.0,10.0,8.0,54.96,50.23,2021-01-10 08:00:00
2021,1.0,10.0,9.0,59.65,51.6,2021-01-10 09:00:00
2021,1.0,10.0,10.0,60.8,57.43,2021-01-10 10:00:00
2021,1.0,10.0,11.0,66.85,60.9,2021-01-10 11:00:00
2021,1.0,10.0,12.0,70.35,61.53,2021-01-10 12:00:00
2021,1.0,10.0,13.0,70.35,60.39,2021-01-10 13:00:00
2021,1.0,10.0,14.0,70.35,56.41,2021-01-10 14:00:00
2021,1.0,10.0,15.0,70.35,56.99,2021-01-10 15:00:00
2021,1.0,10.0,16.0,64.55,56.41,2021-01-10 16:00:00
2021,1.0,10.0,17.0,66.85,56.52,2021-01-10 17:00:00
2021,1.0,10.0,18.0,66.85,62.6,2021-01-10 18:00:00
2021,1.0,10.0,19.0,95.0,95.0,2021-01-10 19:00:00
2021,1.0,10.0,20.0,107.75,107.75,2021-01-10 20:00:00
2021,1.0,10.0,21.0,110.29,110.29,2021-01-10 21:00:00
2021,1.0,10.0,22.0,110.0,110.0,2021-01-10 22:00:00
2021,1.0,10.0,23.0,100.36,100.36,2021-01-10 23:00:00
2021,1.0,10.0,24.0,67.78,67.78,2021-01-11 00:00:00
2021,1.0,11.0,1.0,58.25,58.25,2021-01-11 01:00:00
2021,1.0,11.0,2.0,53.19,53.19,2021-01-11 02:00:00
2021,1.0,11.0,3.0,50.87,50.87,2021-01-11 03:00:00
2021,1.0,11.0,4.0,47.69,47.69,2021-01-11 04:00:00
2021,1.0,11.0,5.0,46.36,46.36,2021-01-11 05:00:00
2021,1.0,11.0,6.0,52.3,52.3,2021-01-11 06:00:00
2021,1.0,11.0,7.0,62.51,62.51,2021-01-11 07:00:00
2021,1.0,11.0,8.0,77.9,77.9,2021-01-11 08:00:00
2021,1.0,11.0,9.0,95.98,95.98,2021-01-11 09:00:00
2021,1.0,11.0,10.0,98.42,98.42,2021-01-11 10:00:00
2021,1.0,11.0,11.0,95.98,95.98,2021-01-11 11:00:00
2021,1.0,11.0,12.0,83.35,83.35,2021-01-11 12:00:00
2021,1.0,11.0,13.0,80.0,80.0,2021-01-11 13:00:00
2021,1.0,11.0,14.0,80.98,80.98,2021-01-11 14:00:00
2021,1.0,11.0,15.0,77.75,77.75,2021-01-11 15:00:00
2021,1.0,11.0,16.0,75.02,75.02,2021-01-11 16:00:00
2021,1.0,11.0,17.0,83.35,83.35,2021-01-11 17:00:00
2021,1.0,11.0,18.0,98.13,98.13,2021-01-11 18:00:00
2021,1.0,11.0,19.0,109.37,109.37,2021-01-11 19:00:00
2021,1.0,11.0,20.0,120.0,120.0,2021-01-11 20:00:00
2021,1.0,11.0,21.0,121.14,121.14,2021-01-11 21:00:00
2021,1.0,11.0,22.0,120.0,120.0,2021-01-11 22:00:00
2021,1.0,11.0,23.0,105.0,105.0,2021-01-11 23:00:00
2021,1.0,11.0,24.0,85.26,85.26,2021-01-12 00:00:00
2021,1.0,12.0,1.0,75.32,75.32,2021-01-12 01:00:00
2021,1.0,12.0,2.0,62.5,62.5,2021-01-12 02:00:00
2021,1.0,12.0,3.0,56.5,56.5,2021-01-12 03:00:00
2021,1.0,12.0,4.0,55.68,55.68,2021-01-12 04:00:00
2021,1.0,12.0,5.0,55.18,55.18,2021-01-12 05:00:00
2021,1.0,12.0,6.0,56.01,56.01,2021-01-12 06:00:00
2021,1.0,12.0,7.0,66.64,66.64,2021-01-12 07:00:00
2021,1.0,12.0,8.0,84.05,84.05,2021-01-12 08:00:00
2021,1.0,12.0,9.0,98.42,98.42,2021-01-12 09:00:00
2021,1.0,12.0,10.0,103.04,103.04,2021-01-12 10:00:00
2021,1.0,12.0,11.0,100.69,100.69,2021-01-12 11:00:00
2021,1.0,12.0,12.0,98.13,98.13,2021-01-12 12:00:00
2021,1.0,12.0,13.0,94.05,94.05,2021-01-12 13:00:00
2021,1.0,12.0,14.0,94.05,94.05,2021-01-12 14:00:00
2021,1.0,12.0,15.0,88.61,88.61,2021-01-12 15:00:00
2021,1.0,12.0,16.0,74.37,74.37,2021-01-12 16:00:00
2021,1.0,12.0,17.0,75.03,75.03,2021-01-12 17:00:00
2021,1.0,12.0,18.0,88.05,88.05,2021-01-12 18:00:00
2021,1.0,12.0,19.0,102.05,102.05,2021-01-12 19:00:00
2021,1.0,12.0,20.0,110.89,110.89,2021-01-12 20:00:00
2021,1.0,12.0,21.0,114.02,114.02,2021-01-12 21:00:00
2021,1.0,12.0,22.0,107.99,107.99,2021-01-12 22:00:00
2021,1.0,12.0,23.0,97.59,90.0,2021-01-12 23:00:00
2021,1.0,12.0,24.0,94.05,70.61,2021-01-13 00:00:00
2021,1.0,13.0,1.0,97.59,74.91,2021-01-13 01:00:00
2021,1.0,13.0,2.0,72.5,72.5,2021-01-13 02:00:00
2021,1.0,13.0,3.0,65.0,65.0,2021-01-13 03:00:00
2021,1.0,13.0,4.0,63.0,63.0,2021-01-13 04:00:00
2021,1.0,13.0,5.0,61.35,61.35,2021-01-13 05:00:00
2021,1.0,13.0,6.0,64.85,64.85,2021-01-13 06:00:00
2021,1.0,13.0,7.0,74.01,74.01,2021-01-13 07:00:00
2021,1.0,13.0,8.0,89.0,89.0,2021-01-13 08:00:00
2021,1.0,13.0,9.0,97.48,97.48,2021-01-13 09:00:00
2021,1.0,13.0,10.0,99.0,99.0,2021-01-13 10:00:00
2021,1.0,13.0,11.0,98.37,98.37,2021-01-13 11:00:00
2021,1.0,13.0,12.0,97.84,97.84,2021-01-13 12:00:00
2021,1.0,13.0,13.0,97.12,97.12,2021-01-13 13:00:00
2021,1.0,13.0,14.0,97.12,97.12,2021-01-13 14:00:00
2021,1.0,13.0,15.0,97.48,97.48,2021-01-13 15:00:00
2021,1.0,13.0,16.0,97.12,97.12,2021-01-13 16:00:00
2021,1.0,13.0,17.0,98.37,98.37,2021-01-13 17:00:00
2021,1.0,13.0,18.0,100.44,100.44,2021-01-13 18:00:00
2021,1.0,13.0,19.0,102.03,102.03,2021-01-13 19:00:00
2021,1.0,13.0,20.0,109.42,109.42,2021-01-13 20:00:00
2021,1.0,13.0,21.0,112.84,112.84,2021-01-13 21:00:00
2021,1.0,13.0,22.0,103.75,103.75,2021-01-13 22:00:00
2021,1.0,13.0,23.0,100.44,100.44,2021-01-13 23:00:00
2021,1.0,13.0,24.0,97.85,85.01,2021-01-14 00:00:00
2021,1.0,14.0,1.0,95.0,95.0,2021-01-14 01:00:00
2021,1.0,14.0,2.0,70.35,70.35,2021-01-14 02:00:00
2021,1.0,14.0,3.0,67.65,67.65,2021-01-14 03:00:00
2021,1.0,14.0,4.0,62.15,62.15,2021-01-14 04:00:00
2021,1.0,14.0,5.0,60.0,60.0,2021-01-14 05:00:00
2021,1.0,14.0,6.0,60.39,60.39,2021-01-14 06:00:00
2021,1.0,14.0,7.0,67.65,67.65,2021-01-14 07:00:00
2021,1.0,14.0,8.0,83.22,83.22,2021-01-14 08:00:00
2021,1.0,14.0,9.0,95.0,95.0,2021-01-14 09:00:00
2021,1.0,14.0,10.0,98.13,98.13,2021-01-14 10:00:00
2021,1.0,14.0,11.0,97.0,97.0,2021-01-14 11:00:00
2021,1.0,14.0,12.0,95.0,95.0,2021-01-14 12:00:00
2021,1.0,14.0,13.0,88.75,88.75,2021-01-14 13:00:00
2021,1.0,14.0,14.0,88.31,88.31,2021-01-14 14:00:00
2021,1.0,14.0,15.0,88.75,88.75,2021-01-14 15:00:00
2021,1.0,14.0,16.0,82.87,82.87,2021-01-14 16:00:00
2021,1.0,14.0,17.0,88.75,88.75,2021-01-14 17:00:00
2021,1.0,14.0,18.0,95.98,95.98,2021-01-14 18:00:00
2021,1.0,14.0,19.0,100.17,100.17,2021-01-14 19:00:00
2021,1.0,14.0,20.0,103.68,103.68,2021-01-14 20:00:00
2021,1.0,14.0,21.0,107.72,107.72,2021-01-14 21:00:00
2021,1.0,14.0,22.0,102.89,102.89,2021-01-14 22:00:00
2021,1.0,14.0,23.0,99.05,99.05,2021-01-14 23:00:00
2021,1.0,14.0,24.0,95.59,95.59,2021-01-15 00:00:00
2021,1.0,15.0,1.0,68.85,68.85,2021-01-15 01:00:00
2021,1.0,15.0,2.0,63.68,60.0,2021-01-15 02:00:00
2021,1.0,15.0,3.0,61.5,55.48,2021-01-15 03:00:00
2021,1.0,15.0,4.0,60.33,54.6,2021-01-15 04:00:00
2021,1.0,15.0,5.0,61.73,52.7,2021-01-15 05:00:00
2021,1.0,15.0,6.0,61.73,54.4,2021-01-15 06:00:00
2021,1.0,15.0,7.0,62.97,62.97,2021-01-15 07:00:00
2021,1.0,15.0,8.0,77.94,77.94,2021-01-15 08:00:00
2021,1.0,15.0,9.0,90.04,90.04,2021-01-15 09:00:00
2021,1.0,15.0,10.0,97.76,97.76,2021-01-15 10:00:00
2021,1.0,15.0,11.0,90.69,90.69,2021-01-15 11:00:00
2021,1.0,15.0,12.0,86.97,86.97,2021-01-15 12:00:00
2021,1.0,15.0,13.0,79.25,79.25,2021-01-15 13:00:00
2021,1.0,15.0,14.0,76.64,76.64,2021-01-15 14:00:00
2021,1.0,15.0,15.0,77.14,77.14,2021-01-15 15:00:00
2021,1.0,15.0,16.0,76.98,76.98,2021-01-15 16:00:00
2021,1.0,15.0,17.0,82.0,82.0,2021-01-15 17:00:00
2021,1.0,15.0,18.0,88.22,88.22,2021-01-15 18:00:00
2021,1.0,15.0,19.0,98.02,98.02,2021-01-15 19:00:00
2021,1.0,15.0,20.0,96.01,96.01,2021-01-15 20:00:00
2021,1.0,15.0,21.0,98.02,98.02,2021-01-15 21:00:00
2021,1.0,15.0,22.0,94.29,94.29,2021-01-15 22:00:00
2021,1.0,15.0,23.0,84.12,84.12,2021-01-15 23:00:00
2021,1.0,15.0,24.0,79.0,79.0,2021-01-16 00:00:00
2021,1.0,16.0,1.0,64.37,64.37,2021-01-16 01:00:00
2021,1.0,16.0,2.0,60.0,59.91,2021-01-16 02:00:00
2021,1.0,16.0,3.0,55.1,55.1,2021-01-16 03:00:00
2021,1.0,16.0,4.0,54.65,52.2,2021-01-16 04:00:00
2021,1.0,16.0,5.0,54.65,52.0,2021-01-16 05:00:00
2021,1.0,16.0,6.0,54.65,52.0,2021-01-16 06:00:00
2021,1.0,16.0,7.0,54.65,53.56,2021-01-16 07:00:00
2021,1.0,16.0,8.0,54.65,54.3,2021-01-16 08:00:00
2021,1.0,16.0,9.0,61.96,61.96,2021-01-16 09:00:00
2021,1.0,16.0,10.0,66.69,66.69,2021-01-16 10:00:00
2021,1.0,16.0,11.0,70.09,70.09,2021-01-16 11:00:00
2021,1.0,16.0,12.0,69.05,69.05,2021-01-16 12:00:00
2021,1.0,16.0,13.0,68.05,68.05,2021-01-16 13:00:00
2021,1.0,16.0,14.0,66.69,66.69,2021-01-16 14:00:00
2021,1.0,16.0,15.0,67.54,67.54,2021-01-16 15:00:00
2021,1.0,16.0,16.0,65.5,65.5,2021-01-16 16:00:00
2021,1.0,16.0,17.0,66.69,66.69,2021-01-16 17:00:00
2021,1.0,16.0,18.0,70.09,70.09,2021-01-16 18:00:00
2021,1.0,16.0,19.0,83.94,83.94,2021-01-16 19:00:00
2021,1.0,16.0,20.0,88.82,88.82,2021-01-16 20:00:00
2021,1.0,16.0,21.0,93.79,93.79,2021-01-16 21:00:00
2021,1.0,16.0,22.0,89.03,89.03,2021-01-16 22:00:00
2021,1.0,16.0,23.0,83.67,83.67,2021-01-16 23:00:00
2021,1.0,16.0,24.0,70.24,70.24,2021-01-17 00:00:00
2021,1.0,17.0,1.0,66.05,66.05,2021-01-17 01:00:00
2021,1.0,17.0,2.0,60.0,60.0,2021-01-17 02:00:00
2021,1.0,17.0,3.0,55.25,55.25,2021-01-17 03:00:00
2021,1.0,17.0,4.0,55.0,55.0,2021-01-17 04:00:00
2021,1.0,17.0,5.0,54.99,54.99,2021-01-17 05:00:00
2021,1.0,17.0,6.0,54.99,54.99,2021-01-17 06:00:00
2021,1.0,17.0,7.0,54.99,54.99,2021-01-17 07:00:00
2021,1.0,17.0,8.0,55.25,55.25,2021-01-17 08:00:00
2021,1.0,17.0,9.0,55.68,55.68,2021-01-17 09:00:00
2021,1.0,17.0,10.0,59.69,59.69,2021-01-17 10:00:00
2021,1.0,17.0,11.0,61.17,61.17,2021-01-17 11:00:00
2021,1.0,17.0,12.0,62.4,62.4,2021-01-17 12:00:00
2021,1.0,17.0,13.0,63.45,63.45,2021-01-17 13:00:00
2021,1.0,17.0,14.0,61.75,61.75,2021-01-17 14:00:00
2021,1.0,17.0,15.0,61.69,61.69,2021-01-17 15:00:00
2021,1.0,17.0,16.0,56.75,55.18,2021-01-17 16:00:00
2021,1.0,17.0,17.0,60.6,60.6,2021-01-17 17:00:00
2021,1.0,17.0,18.0,67.05,67.05,2021-01-17 18:00:00
2021,1.0,17.0,19.0,76.98,72.0,2021-01-17 19:00:00
2021,1.0,17.0,20.0,100.0,82.01,2021-01-17 20:00:00
2021,1.0,17.0,21.0,112.05,86.6,2021-01-17 21:00:00
2021,1.0,17.0,22.0,100.69,87.84,2021-01-17 22:00:00
2021,1.0,17.0,23.0,83.67,83.67,2021-01-17 23:00:00
2021,1.0,17.0,24.0,70.97,70.97,2021-01-18 00:00:00
2021,1.0,18.0,1.0,81.28,81.28,2021-01-18 01:00:00
2021,1.0,18.0,2.0,79.53,79.53,2021-01-18 02:00:00
2021,1.0,18.0,3.0,72.05,72.05,2021-01-18 03:00:00
2021,1.0,18.0,4.0,70.5,70.5,2021-01-18 04:00:00
2021,1.0,18.0,5.0,70.0,70.0,2021-01-18 05:00:00
2021,1.0,18.0,6.0,74.69,74.69,2021-01-18 06:00:00
2021,1.0,18.0,7.0,77.84,77.84,2021-01-18 07:00:00
2021,1.0,18.0,8.0,80.22,80.22,2021-01-18 08:00:00
2021,1.0,18.0,9.0,83.59,83.59,2021-01-18 09:00:00
2021,1.0,18.0,10.0,85.66,85.66,2021-01-18 10:00:00
2021,1.0,18.0,11.0,83.05,83.05,2021-01-18 11:00:00
2021,1.0,18.0,12.0,77.84,77.84,2021-01-18 12:00:00
2021,1.0,18.0,13.0,77.69,77.69,2021-01-18 13:00:00
2021,1.0,18.0,14.0,76.59,76.59,2021-01-18 14:00:00
2021,1.0,18.0,15.0,73.22,73.22,2021-01-18 15:00:00
2021,1.0,18.0,16.0,72.05,72.05,2021-01-18 16:00:00
2021,1.0,18.0,17.0,75.84,75.84,2021-01-18 17:00:00
2021,1.0,18.0,18.0,82.89,82.89,2021-01-18 18:00:00
2021,1.0,18.0,19.0,92.81,92.81,2021-01-18 19:00:00
2021,1.0,18.0,20.0,110.9,110.9,2021-01-18 20:00:00
2021,1.0,18.0,21.0,115.98,115.98,2021-01-18 21:00:00
2021,1.0,18.0,22.0,99.01,99.01,2021-01-18 22:00:00
2021,1.0,18.0,23.0,83.39,83.39,2021-01-18 23:00:00
2021,1.0,18.0,24.0,73.21,73.21,2021-01-19 00:00:00
2021,1.0,19.0,1.0,84.05,84.05,2021-01-19 01:00:00
2021,1.0,19.0,2.0,70.79,70.79,2021-01-19 02:00:00
2021,1.0,19.0,3.0,63.05,63.05,2021-01-19 03:00:00
2021,1.0,19.0,4.0,59.5,59.5,2021-01-19 04:00:00
2021,1.0,19.0,5.0,58.22,58.22,2021-01-19 05:00:00
2021,1.0,19.0,6.0,59.35,59.35,2021-01-19 06:00:00
2021,1.0,19.0,7.0,61.8,61.8,2021-01-19 07:00:00
2021,1.0,19.0,8.0,74.39,74.39,2021-01-19 08:00:00
2021,1.0,19.0,9.0,91.2,91.2,2021-01-19 09:00:00
2021,1.0,19.0,10.0,93.72,93.72,2021-01-19 10:00:00
2021,1.0,19.0,11.0,91.79,91.79,2021-01-19 11:00:00
2021,1.0,19.0,12.0,86.48,86.48,2021-01-19 12:00:00
2021,1.0,19.0,13.0,84.0,84.0,2021-01-19 13:00:00
2021,1.0,19.0,14.0,80.0,80.0,2021-01-19 14:00:00
2021,1.0,19.0,15.0,74.29,74.29,2021-01-19 15:00:00
2021,1.0,19.0,16.0,70.9,70.9,2021-01-19 16:00:00
2021,1.0,19.0,17.0,73.35,73.35,2021-01-19 17:00:00
2021,1.0,19.0,18.0,78.49,78.49,2021-01-19 18:00:00
2021,1.0,19.0,19.0,84.69,84.69,2021-01-19 19:00:00
2021,1.0,19.0,20.0,91.2,91.2,2021-01-19 20:00:00
2021,1.0,19.0,21.0,91.97,91.97,2021-01-19 21:00:00
2021,1.0,19.0,22.0,84.69,84.69,2021-01-19 22:00:00
2021,1.0,19.0,23.0,69.05,69.05,2021-01-19 23:00:00
2021,1.0,19.0,24.0,58.2,58.2,2021-01-20 00:00:00
2021,1.0,20.0,1.0,50.15,50.15,2021-01-20 01:00:00
2021,1.0,20.0,2.0,44.7,44.7,2021-01-20 02:00:00
2021,1.0,20.0,3.0,40.25,40.25,2021-01-20 03:00:00
2021,1.0,20.0,4.0,38.49,38.49,2021-01-20 04:00:00
2021,1.0,20.0,5.0,29.67,29.67,2021-01-20 05:00:00
2021,1.0,20.0,6.0,36.65,36.65,2021-01-20 06:00:00
2021,1.0,20.0,7.0,44.97,44.97,2021-01-20 07:00:00
2021,1.0,20.0,8.0,56.12,56.12,2021-01-20 08:00:00
2021,1.0,20.0,9.0,60.69,60.69,2021-01-20 09:00:00
2021,1.0,20.0,10.0,64.05,64.05,2021-01-20 10:00:00
2021,1.0,20.0,11.0,63.83,63.83,2021-01-20 11:00:00
2021,1.0,20.0,12.0,59.64,59.64,2021-01-20 12:00:00
2021,1.0,20.0,13.0,55.01,55.01,2021-01-20 13:00:00
2021,1.0,20.0,14.0,51.6,51.6,2021-01-20 14:00:00
2021,1.0,20.0,15.0,49.86,49.86,2021-01-20 15:00:00
2021,1.0,20.0,16.0,44.95,44.95,2021-01-20 16:00:00
2021,1.0,20.0,17.0,48.03,48.03,2021-01-20 17:00:00
2021,1.0,20.0,18.0,54.01,54.01,2021-01-20 18:00:00
2021,1.0,20.0,19.0,58.2,58.2,2021-01-20 19:00:00
2021,1.0,20.0,20.0,64.69,64.69,2021-01-20 20:00:00
2021,1.0,20.0,21.0,67.9,67.9,2021-01-20 21:00:00
2021,1.0,20.0,22.0,62.69,62.69,2021-01-20 22:00:00
2021,1.0,20.0,23.0,51.05,51.05,2021-01-20 23:00:00
2021,1.0,20.0,24.0,42.7,42.7,2021-01-21 00:00:00
2021,1.0,21.0,1.0,30.7,30.7,2021-01-21 01:00:00
2021,1.0,21.0,2.0,28.5,21.12,2021-01-21 02:00:00
2021,1.0,21.0,3.0,27.25,11.19,2021-01-21 03:00:00
2021,1.0,21.0,4.0,15.45,3.67,2021-01-21 04:00:00
2021,1.0,21.0,5.0,14.2,3.15,2021-01-21 05:00:00
2021,1.0,21.0,6.0,16.77,16.77,2021-01-21 06:00:00
2021,1.0,21.0,7.0,37.5,37.5,2021-01-21 07:00:00
2021,1.0,21.0,8.0,49.52,49.52,2021-01-21 08:00:00
2021,1.0,21.0,9.0,56.3,56.3,2021-01-21 09:00:00
2021,1.0,21.0,10.0,58.75,58.75,2021-01-21 10:00:00
2021,1.0,21.0,11.0,55.84,55.84,2021-01-21 11:00:00
2021,1.0,21.0,12.0,54.28,54.28,2021-01-21 12:00:00
2021,1.0,21.0,13.0,50.56,50.56,2021-01-21 13:00:00
2021,1.0,21.0,14.0,49.72,49.72,2021-01-21 14:00:00
2021,1.0,21.0,15.0,43.73,43.73,2021-01-21 15:00:00
2021,1.0,21.0,16.0,46.9,46.9,2021-01-21 16:00:00
2021,1.0,21.0,17.0,47.34,47.34,2021-01-21 17:00:00
2021,1.0,21.0,18.0,50.87,50.87,2021-01-21 18:00:00
2021,1.0,21.0,19.0,55.84,55.84,2021-01-21 19:00:00
2021,1.0,21.0,20.0,57.26,57.26,2021-01-21 20:00:00
2021,1.0,21.0,21.0,55.16,55.16,2021-01-21 21:00:00
2021,1.0,21.0,22.0,51.79,51.79,2021-01-21 22:00:00
2021,1.0,21.0,23.0,48.97,48.97,2021-01-21 23:00:00
2021,1.0,21.0,24.0,42.4,42.4,2021-01-22 00:00:00
2021,1.0,22.0,1.0,35.95,35.95,2021-01-22 01:00:00
2021,1.0,22.0,2.0,28.95,28.95,2021-01-22 02:00:00
2021,1.0,22.0,3.0,25.71,25.71,2021-01-22 03:00:00
2021,1.0,22.0,4.0,23.96,23.96,2021-01-22 04:00:00
2021,1.0,22.0,5.0,23.03,23.03,2021-01-22 05:00:00
2021,1.0,22.0,6.0,27.45,27.45,2021-01-22 06:00:00
2021,1.0,22.0,7.0,29.85,29.85,2021-01-22 07:00:00
2021,1.0,22.0,8.0,41.05,41.05,2021-01-22 08:00:00
2021,1.0,22.0,9.0,51.01,51.01,2021-01-22 09:00:00
2021,1.0,22.0,10.0,53.5,53.5,2021-01-22 10:00:00
2021,1.0,22.0,11.0,51.05,51.05,2021-01-22 11:00:00
2021,1.0,22.0,12.0,47.29,47.29,2021-01-22 12:00:00
2021,1.0,22.0,13.0,44.01,44.01,2021-01-22 13:00:00
2021,1.0,22.0,14.0,42.6,42.6,2021-01-22 14:00:00
2021,1.0,22.0,15.0,37.5,37.5,2021-01-22 15:00:00
2021,1.0,22.0,16.0,37.5,37.5,2021-01-22 16:00:00
2021,1.0,22.0,17.0,39.3,39.3,2021-01-22 17:00:00
2021,1.0,22.0,18.0,48.69,48.69,2021-01-22 18:00:00
2021,1.0,22.0,19.0,54.82,54.82,2021-01-22 19:00:00
2021,1.0,22.0,20.0,57.24,57.24,2021-01-22 20:00:00
2021,1.0,22.0,21.0,55.59,55.59,2021-01-22 21:00:00
2021,1.0,22.0,22.0,52.91,52.91,2021-01-22 22:00:00
2021,1.0,22.0,23.0,51.79,51.79,2021-01-22 23:00:00
2021,1.0,22.0,24.0,46.64,46.64,2021-01-23 00:00:00
2021,1.0,23.0,1.0,32.6,32.6,2021-01-23 01:00:00
2021,1.0,23.0,2.0,25.0,25.0,2021-01-23 02:00:00
2021,1.0,23.0,3.0,14.0,14.0,2021-01-23 03:00:00
2021,1.0,23.0,4.0,11.96,11.96,2021-01-23 04:00:00
2021,1.0,23.0,5.0,10.25,10.25,2021-01-23 05:00:00
2021,1.0,23.0,6.0,10.25,10.25,2021-01-23 06:00:00
2021,1.0,23.0,7.0,14.0,14.0,2021-01-23 07:00:00
2021,1.0,23.0,8.0,18.4,18.4,2021-01-23 08:00:00
2021,1.0,23.0,9.0,23.27,23.27,2021-01-23 09:00:00
2021,1.0,23.0,10.0,27.05,27.05,2021-01-23 10:00:00
2021,1.0,23.0,11.0,32.05,32.05,2021-01-23 11:00:00
2021,1.0,23.0,12.0,30.98,30.98,2021-01-23 12:00:00
2021,1.0,23.0,13.0,27.51,27.51,2021-01-23 13:00:00
2021,1.0,23.0,14.0,29.05,29.05,2021-01-23 14:00:00
2021,1.0,23.0,15.0,29.05,29.05,2021-01-23 15:00:00
2021,1.0,23.0,16.0,25.0,25.0,2021-01-23 16:00:00
2021,1.0,23.0,17.0,25.0,25.0,2021-01-23 17:00:00
2021,1.0,23.0,18.0,26.7,26.7,2021-01-23 18:00:00
2021,1.0,23.0,19.0,32.8,32.8,2021-01-23 19:00:00
2021,1.0,23.0,20.0,43.64,43.64,2021-01-23 20:00:00
2021,1.0,23.0,21.0,49.29,49.29,2021-01-23 21:00:00
2021,1.0,23.0,22.0,49.98,49.98,2021-01-23 22:00:00
2021,1.0,23.0,23.0,40.0,40.0,2021-01-23 23:00:00
2021,1.0,23.0,24.0,32.05,32.05,2021-01-24 00:00:00
2021,1.0,24.0,1.0,21.2,21.2,2021-01-24 01:00:00
2021,1.0,24.0,2.0,12.0,12.0,2021-01-24 02:00:00
2021,1.0,24.0,3.0,3.5,3.5,2021-01-24 03:00:00
2021,1.0,24.0,4.0,1.95,1.95,2021-01-24 04:00:00
2021,1.0,24.0,5.0,1.95,1.95,2021-01-24 05:00:00
2021,1.0,24.0,6.0,3.5,3.5,2021-01-24 06:00:00
2021,1.0,24.0,7.0,8.67,8.67,2021-01-24 07:00:00
2021,1.0,24.0,8.0,13.99,13.99,2021-01-24 08:00:00
2021,1.0,24.0,9.0,19.05,19.05,2021-01-24 09:00:00
2021,1.0,24.0,10.0,26.05,26.05,2021-01-24 10:00:00
2021,1.0,24.0,11.0,30.0,30.0,2021-01-24 11:00:00
2021,1.0,24.0,12.0,29.8,29.8,2021-01-24 12:00:00
2021,1.0,24.0,13.0,29.05,29.05,2021-01-24 13:00:00
2021,1.0,24.0,14.0,29.6,29.6,2021-01-24 14:00:00
2021,1.0,24.0,15.0,29.8,29.8,2021-01-24 15:00:00
2021,1.0,24.0,16.0,29.4,29.4,2021-01-24 16:00:00
2021,1.0,24.0,17.0,29.8,29.8,2021-01-24 17:00:00
2021,1.0,24.0,18.0,43.05,43.05,2021-01-24 18:00:00
2021,1.0,24.0,19.0,52.87,52.87,2021-01-24 19:00:00
2021,1.0,24.0,20.0,57.33,57.33,2021-01-24 20:00:00
2021,1.0,24.0,21.0,59.26,59.26,2021-01-24 21:00:00
2021,1.0,24.0,22.0,55.76,55.76,2021-01-24 22:00:00
2021,1.0,24.0,23.0,53.93,53.93,2021-01-24 23:00:00
2021,1.0,24.0,24.0,47.89,47.89,2021-01-25 00:00:00
2021,1.0,25.0,1.0,46.62,46.62,2021-01-25 01:00:00
2021,1.0,25.0,2.0,43.09,43.09,2021-01-25 02:00:00
2021,1.0,25.0,3.0,36.6,36.6,2021-01-25 03:00:00
2021,1.0,25.0,4.0,32.4,32.4,2021-01-25 04:00:00
2021,1.0,25.0,5.0,32.14,32.14,2021-01-25 05:00:00
2021,1.0,25.0,6.0,36.6,36.6,2021-01-25 06:00:00
2021,1.0,25.0,7.0,51.23,51.23,2021-01-25 07:00:00
2021,1.0,25.0,8.0,57.68,59.74,2021-01-25 08:00:00
2021,1.0,25.0,9.0,59.14,72.03,2021-01-25 09:00:00
2021,1.0,25.0,10.0,69.05,75.04,2021-01-25 10:00:00
2021,1.0,25.0,11.0,74.95,74.95,2021-01-25 11:00:00
2021,1.0,25.0,12.0,70.53,70.53,2021-01-25 12:00:00
2021,1.0,25.0,13.0,69.02,69.02,2021-01-25 13:00:00
2021,1.0,25.0,14.0,67.0,67.0,2021-01-25 14:00:00
2021,1.0,25.0,15.0,63.24,63.24,2021-01-25 15:00:00
2021,1.0,25.0,16.0,61.58,61.58,2021-01-25 16:00:00
2021,1.0,25.0,17.0,64.83,64.83,2021-01-25 17:00:00
2021,1.0,25.0,18.0,69.29,69.29,2021-01-25 18:00:00
2021,1.0,25.0,19.0,73.88,73.88,2021-01-25 19:00:00
2021,1.0,25.0,20.0,74.86,74.86,2021-01-25 20:00:00
2021,1.0,25.0,21.0,70.22,70.22,2021-01-25 21:00:00
2021,1.0,25.0,22.0,68.25,68.25,2021-01-25 22:00:00
2021,1.0,25.0,23.0,58.4,58.4,2021-01-25 23:00:00
2021,1.0,25.0,24.0,54.5,54.5,2021-01-26 00:00:00
2021,1.0,26.0,1.0,57.69,57.69,2021-01-26 01:00:00
2021,1.0,26.0,2.0,52.56,52.56,2021-01-26 02:00:00
2021,1.0,26.0,3.0,51.41,51.41,2021-01-26 03:00:00
2021,1.0,26.0,4.0,48.8,48.8,2021-01-26 04:00:00
2021,1.0,26.0,5.0,48.6,48.6,2021-01-26 05:00:00
2021,1.0,26.0,6.0,51.42,51.42,2021-01-26 06:00:00
2021,1.0,26.0,7.0,59.53,59.53,2021-01-26 07:00:00
2021,1.0,26.0,8.0,69.05,69.05,2021-01-26 08:00:00
2021,1.0,26.0,9.0,73.95,73.95,2021-01-26 09:00:00
2021,1.0,26.0,10.0,79.68,79.68,2021-01-26 10:00:00
2021,1.0,26.0,11.0,73.91,73.91,2021-01-26 11:00:00
2021,1.0,26.0,12.0,72.0,72.0,2021-01-26 12:00:00
2021,1.0,26.0,13.0,70.0,70.0,2021-01-26 13:00:00
2021,1.0,26.0,14.0,68.74,68.74,2021-01-26 14:00:00
2021,1.0,26.0,15.0,68.09,68.09,2021-01-26 15:00:00
2021,1.0,26.0,16.0,68.15,68.15,2021-01-26 16:00:00
2021,1.0,26.0,17.0,68.75,68.75,2021-01-26 17:00:00
2021,1.0,26.0,18.0,73.73,73.73,2021-01-26 18:00:00
2021,1.0,26.0,19.0,82.04,82.04,2021-01-26 19:00:00
2021,1.0,26.0,20.0,75.5,75.5,2021-01-26 20:00:00
2021,1.0,26.0,21.0,74.61,74.61,2021-01-26 21:00:00
2021,1.0,26.0,22.0,71.27,71.27,2021-01-26 22:00:00
2021,1.0,26.0,23.0,66.83,66.83,2021-01-26 23:00:00
2021,1.0,26.0,24.0,57.16,57.16,2021-01-27 00:00:00
2021,1.0,27.0,1.0,49.24,49.24,2021-01-27 01:00:00
2021,1.0,27.0,2.0,44.97,44.97,2021-01-27 02:00:00
2021,1.0,27.0,3.0,43.32,43.32,2021-01-27 03:00:00
2021,1.0,27.0,4.0,42.04,42.04,2021-01-27 04:00:00
2021,1.0,27.0,5.0,42.27,42.27,2021-01-27 05:00:00
2021,1.0,27.0,6.0,44.93,44.93,2021-01-27 06:00:00
2021,1.0,27.0,7.0,51.25,51.25,2021-01-27 07:00:00
2021,1.0,27.0,8.0,65.43,65.43,2021-01-27 08:00:00
2021,1.0,27.0,9.0,67.38,67.38,2021-01-27 09:00:00
2021,1.0,27.0,10.0,70.67,70.67,2021-01-27 10:00:00
2021,1.0,27.0,11.0,68.2,68.2,2021-01-27 11:00:00
2021,1.0,27.0,12.0,67.58,67.58,2021-01-27 12:00:00
2021,1.0,27.0,13.0,65.78,65.78,2021-01-27 13:00:00
2021,1.0,27.0,14.0,64.28,64.28,2021-01-27 14:00:00
2021,1.0,27.0,15.0,62.97,62.97,2021-01-27 15:00:00
2021,1.0,27.0,16.0,63.65,63.65,2021-01-27 16:00:00
2021,1.0,27.0,17.0,65.9,65.9,2021-01-27 17:00:00
2021,1.0,27.0,18.0,68.17,68.17,2021-01-27 18:00:00
2021,1.0,27.0,19.0,70.48,70.48,2021-01-27 19:00:00
2021,1.0,27.0,20.0,70.6,70.6,2021-01-27 20:00:00
2021,1.0,27.0,21.0,67.33,67.33,2021-01-27 21:00:00
2021,1.0,27.0,22.0,64.94,64.94,2021-01-27 22:00:00
2021,1.0,27.0,23.0,61.05,60.64,2021-01-27 23:00:00
2021,1.0,27.0,24.0,59.05,52.56,2021-01-28 00:00:00
2021,1.0,28.0,1.0,46.87,46.87,2021-01-28 01:00:00
2021,1.0,28.0,2.0,44.93,44.93,2021-01-28 02:00:00
2021,1.0,28.0,3.0,43.83,43.83,2021-01-28 03:00:00
2021,1.0,28.0,4.0,42.4,42.4,2021-01-28 04:00:00
2021,1.0,28.0,5.0,43.64,43.64,2021-01-28 05:00:00
2021,1.0,28.0,6.0,44.41,44.41,2021-01-28 06:00:00
2021,1.0,28.0,7.0,53.14,53.14,2021-01-28 07:00:00
2021,1.0,28.0,8.0,63.26,63.26,2021-01-28 08:00:00
2021,1.0,28.0,9.0,65.41,65.41,2021-01-28 09:00:00
2021,1.0,28.0,10.0,66.1,66.1,2021-01-28 10:00:00
2021,1.0,28.0,11.0,64.98,64.98,2021-01-28 11:00:00
2021,1.0,28.0,12.0,64.0,64.0,2021-01-28 12:00:00
2021,1.0,28.0,13.0,60.74,60.74,2021-01-28 13:00:00
2021,1.0,28.0,14.0,59.31,59.31,2021-01-28 14:00:00
2021,1.0,28.0,15.0,56.35,56.35,2021-01-28 15:00:00
2021,1.0,28.0,16.0,53.2,53.2,2021-01-28 16:00:00
2021,1.0,28.0,17.0,55.03,55.03,2021-01-28 17:00:00
2021,1.0,28.0,18.0,60.49,60.49,2021-01-28 18:00:00
2021,1.0,28.0,19.0,63.33,63.33,2021-01-28 19:00:00
2021,1.0,28.0,20.0,63.74,63.74,2021-01-28 20:00:00
2021,1.0,28.0,21.0,59.68,59.68,2021-01-28 21:00:00
2021,1.0,28.0,22.0,58.0,58.0,2021-01-28 22:00:00
2021,1.0,28.0,23.0,51.02,51.02,2021-01-28 23:00:00
2021,1.0,28.0,24.0,45.51,45.51,2021-01-29 00:00:00
2021,1.0,29.0,1.0,42.71,42.71,2021-01-29 01:00:00
2021,1.0,29.0,2.0,38.25,38.25,2021-01-29 02:00:00
2021,1.0,29.0,3.0,33.66,33.66,2021-01-29 03:00:00
2021,1.0,29.0,4.0,29.99,29.99,2021-01-29 04:00:00
2021,1.0,29.0,5.0,29.0,29.0,2021-01-29 05:00:00
2021,1.0,29.0,6.0,33.0,33.0,2021-01-29 06:00:00
2021,1.0,29.0,7.0,45.0,45.0,2021-01-29 07:00:00
2021,1.0,29.0,8.0,55.34,55.34,2021-01-29 08:00:00
2021,1.0,29.0,9.0,58.6,58.6,2021-01-29 09:00:00
2021,1.0,29.0,10.0,58.89,58.89,2021-01-29 10:00:00
2021,1.0,29.0,11.0,56.87,56.87,2021-01-29 11:00:00
2021,1.0,29.0,12.0,54.67,54.67,2021-01-29 12:00:00
2021,1.0,29.0,13.0,53.2,53.2,2021-01-29 13:00:00
2021,1.0,29.0,14.0,50.05,49.01,2021-01-29 14:00:00
2021,1.0,29.0,15.0,49.48,45.33,2021-01-29 15:00:00
2021,1.0,29.0,16.0,44.85,44.85,2021-01-29 16:00:00
2021,1.0,29.0,17.0,48.85,48.85,2021-01-29 17:00:00
2021,1.0,29.0,18.0,54.68,54.68,2021-01-29 18:00:00
2021,1.0,29.0,19.0,60.79,60.79,2021-01-29 19:00:00
2021,1.0,29.0,20.0,59.38,59.38,2021-01-29 20:00:00
2021,1.0,29.0,21.0,54.34,54.34,2021-01-29 21:00:00
2021,1.0,29.0,22.0,50.03,50.03,2021-01-29 22:00:00
2021,1.0,29.0,23.0,45.9,45.9,2021-01-29 23:00:00
2021,1.0,29.0,24.0,35.0,35.0,2021-01-30 00:00:00
2021,1.0,30.0,1.0,12.97,12.97,2021-01-30 01:00:00
2021,1.0,30.0,2.0,5.1,5.1,2021-01-30 02:00:00
2021,1.0,30.0,3.0,2.4,2.4,2021-01-30 03:00:00
2021,1.0,30.0,4.0,1.95,1.95,2021-01-30 04:00:00
2021,1.0,30.0,5.0,1.95,1.95,2021-01-30 05:00:00
2021,1.0,30.0,6.0,1.95,1.95,2021-01-30 06:00:00
2021,1.0,30.0,7.0,1.95,1.95,2021-01-30 07:00:00
2021,1.0,30.0,8.0,1.95,1.95,2021-01-30 08:00:00
2021,1.0,30.0,9.0,1.95,1.95,2021-01-30 09:00:00
2021,1.0,30.0,10.0,4.0,4.0,2021-01-30 10:00:00
2021,1.0,30.0,11.0,5.1,5.1,2021-01-30 11:00:00
2021,1.0,30.0,12.0,1.95,1.95,2021-01-30 12:00:00
2021,1.0,30.0,13.0,1.95,1.95,2021-01-30 13:00:00
2021,1.0,30.0,14.0,1.95,1.95,2021-01-30 14:00:00
2021,1.0,30.0,15.0,1.95,1.95,2021-01-30 15:00:00
2021,1.0,30.0,16.0,1.95,1.95,2021-01-30 16:00:00
2021,1.0,30.0,17.0,1.95,1.95,2021-01-30 17:00:00
2021,1.0,30.0,18.0,1.95,1.95,2021-01-30 18:00:00
2021,1.0,30.0,19.0,5.1,5.1,2021-01-30 19:00:00
2021,1.0,30.0,20.0,8.4,8.4,2021-01-30 20:00:00
2021,1.0,30.0,21.0,14.0,14.0,2021-01-30 21:00:00
2021,1.0,30.0,22.0,10.99,10.99,2021-01-30 22:00:00
2021,1.0,30.0,23.0,5.1,5.1,2021-01-30 23:00:00
2021,1.0,30.0,24.0,1.95,1.95,2021-01-31 00:00:00
2021,1.0,31.0,1.0,1.95,1.95,2021-01-31 01:00:00
2021,1.0,31.0,2.0,1.9,1.9,2021-01-31 02:00:00
2021,1.0,31.0,3.0,1.0,1.0,2021-01-31 03:00:00
2021,1.0,31.0,4.0,0.16,0.16,2021-01-31 04:00:00
2021,1.0,31.0,5.0,0.16,0.16,2021-01-31 05:00:00
2021,1.0,31.0,6.0,0.16,0.16,2021-01-31 06:00:00
2021,1.0,31.0,7.0,0.16,0.16,2021-01-31 07:00:00
2021,1.0,31.0,8.0,0.16,0.16,2021-01-31 08:00:00
2021,1.0,31.0,9.0,0.16,0.16,2021-01-31 09:00:00
2021,1.0,31.0,10.0,1.0,1.0,2021-01-31 10:00:00
2021,1.0,31.0,11.0,1.95,1.95,2021-01-31 11:00:00
2021,1.0,31.0,12.0,1.95,1.95,2021-01-31 12:00:00
2021,1.0,31.0,13.0,1.95,1.95,2021-01-31 13:00:00
2021,1.0,31.0,14.0,1.95,1.95,2021-01-31 14:00:00
2021,1.0,31.0,15.0,1.95,1.95,2021-01-31 15:00:00
2021,1.0,31.0,16.0,1.94,1.94,2021-01-31 16:00:00
2021,1.0,31.0,17.0,1.9,1.9,2021-01-31 17:00:00
2021,1.0,31.0,18.0,1.95,1.95,2021-01-31 18:00:00
2021,1.0,31.0,19.0,1.95,1.95,2021-01-31 19:00:00
2021,1.0,31.0,20.0,1.95,1.95,2021-01-31 20:00:00
2021,1.0,31.0,21.0,1.96,1.96,2021-01-31 21:00:00
2021,1.0,31.0,22.0,1.96,1.96,2021-01-31 22:00:00
2021,1.0,31.0,23.0,1.95,1.95,2021-01-31 23:00:00
2021,1.0,31.0,24.0,1.95,1.95,2021-02-01 00:00:00
2021,2.0,1.0,1.0,1.94,1.94,2021-02-01 01:00:00
2021,2.0,1.0,2.0,0.56,0.56,2021-02-01 02:00:00
2021,2.0,1.0,3.0,0.16,0.16,2021-02-01 03:00:00
2021,2.0,1.0,4.0,0.16,0.16,2021-02-01 04:00:00
2021,2.0,1.0,5.0,0.16,0.16,2021-02-01 05:00:00
2021,2.0,1.0,6.0,1.59,1.59,2021-02-01 06:00:00
2021,2.0,1.0,7.0,1.95,1.95,2021-02-01 07:00:00
2021,2.0,1.0,8.0,5.98,5.98,2021-02-01 08:00:00
2021,2.0,1.0,9.0,17.56,17.56,2021-02-01 09:00:00
2021,2.0,1.0,10.0,23.05,23.05,2021-02-01 10:00:00
2021,2.0,1.0,11.0,18.15,18.15,2021-02-01 11:00:00
2021,2.0,1.0,12.0,10.33,10.33,2021-02-01 12:00:00
2021,2.0,1.0,13.0,5.02,5.02,2021-02-01 13:00:00
2021,2.0,1.0,14.0,3.5,3.5,2021-02-01 14:00:00
2021,2.0,1.0,15.0,1.95,1.95,2021-02-01 15:00:00
2021,2.0,1.0,16.0,3.5,3.5,2021-02-01 16:00:00
2021,2.0,1.0,17.0,6.5,6.5,2021-02-01 17:00:00
2021,2.0,1.0,18.0,10.67,10.67,2021-02-01 18:00:00
2021,2.0,1.0,19.0,25.0,25.0,2021-02-01 19:00:00
2021,2.0,1.0,20.0,36.6,36.6,2021-02-01 20:00:00
2021,2.0,1.0,21.0,39.3,39.3,2021-02-01 21:00:00
2021,2.0,1.0,22.0,36.21,36.21,2021-02-01 22:00:00
2021,2.0,1.0,23.0,23.15,23.15,2021-02-01 23:00:00
2021,2.0,1.0,24.0,12.55,12.55,2021-02-02 00:00:00
2021,2.0,2.0,1.0,10.25,10.25,2021-02-02 01:00:00
2021,2.0,2.0,2.0,8.5,8.5,2021-02-02 02:00:00
2021,2.0,2.0,3.0,6.1,6.1,2021-02-02 03:00:00
2021,2.0,2.0,4.0,3.19,3.19,2021-02-02 04:00:00
2021,2.0,2.0,5.0,3.19,3.19,2021-02-02 05:00:00
2021,2.0,2.0,6.0,5.7,5.7,2021-02-02 06:00:00
2021,2.0,2.0,7.0,8.98,8.98,2021-02-02 07:00:00
2021,2.0,2.0,8.0,28.79,28.79,2021-02-02 08:00:00
2021,2.0,2.0,9.0,36.84,36.84,2021-02-02 09:00:00
2021,2.0,2.0,10.0,39.01,39.01,2021-02-02 10:00:00
2021,2.0,2.0,11.0,37.8,37.8,2021-02-02 11:00:00
2021,2.0,2.0,12.0,36.53,36.53,2021-02-02 12:00:00
2021,2.0,2.0,13.0,35.4,35.4,2021-02-02 13:00:00
2021,2.0,2.0,14.0,35.1,35.1,2021-02-02 14:00:00
2021,2.0,2.0,15.0,31.05,31.05,2021-02-02 15:00:00
2021,2.0,2.0,16.0,29.39,29.39,2021-02-02 16:00:00
2021,2.0,2.0,17.0,31.05,31.05,2021-02-02 17:00:00
2021,2.0,2.0,18.0,34.0,34.0,2021-02-02 18:00:00
2021,2.0,2.0,19.0,37.62,37.62,2021-02-02 19:00:00
2021,2.0,2.0,20.0,47.0,47.0,2021-02-02 20:00:00
2021,2.0,2.0,21.0,47.0,47.0,2021-02-02 21:00:00
2021,2.0,2.0,22.0,37.62,37.62,2021-02-02 22:00:00
2021,2.0,2.0,23.0,27.99,27.99,2021-02-02 23:00:00
2021,2.0,2.0,24.0,14.0,14.0,2021-02-03 00:00:00
2021,2.0,3.0,1.0,20.6,20.6,2021-02-03 01:00:00
2021,2.0,3.0,2.0,18.3,18.3,2021-02-03 02:00:00
2021,2.0,3.0,3.0,8.67,8.67,2021-02-03 03:00:00
2021,2.0,3.0,4.0,7.96,7.96,2021-02-03 04:00:00
2021,2.0,3.0,5.0,6.4,6.4,2021-02-03 05:00:00
2021,2.0,3.0,6.0,12.14,12.14,2021-02-03 06:00:00
2021,2.0,3.0,7.0,20.94,20.94,2021-02-03 07:00:00
2021,2.0,3.0,8.0,37.5,37.5,2021-02-03 08:00:00
2021,2.0,3.0,9.0,43.09,43.09,2021-02-03 09:00:00
2021,2.0,3.0,10.0,46.5,46.5,2021-02-03 10:00:00
2021,2.0,3.0,11.0,47.51,47.51,2021-02-03 11:00:00
2021,2.0,3.0,12.0,45.51,45.51,2021-02-03 12:00:00
2021,2.0,3.0,13.0,44.15,44.15,2021-02-03 13:00:00
2021,2.0,3.0,14.0,46.05,46.05,2021-02-03 14:00:00
2021,2.0,3.0,15.0,43.09,43.09,2021-02-03 15:00:00
2021,2.0,3.0,16.0,41.15,41.15,2021-02-03 16:00:00
2021,2.0,3.0,17.0,42.01,42.01,2021-02-03 17:00:00
2021,2.0,3.0,18.0,48.01,48.01,2021-02-03 18:00:00
2021,2.0,3.0,19.0,53.25,53.25,2021-02-03 19:00:00
2021,2.0,3.0,20.0,53.2,53.2,2021-02-03 20:00:00
2021,2.0,3.0,21.0,53.23,53.23,2021-02-03 21:00:00
2021,2.0,3.0,22.0,49.2,49.2,2021-02-03 22:00:00
2021,2.0,3.0,23.0,43.52,43.52,2021-02-03 23:00:00
2021,2.0,3.0,24.0,38.32,38.32,2021-02-04 00:00:00
2021,2.0,4.0,1.0,37.35,37.35,2021-02-04 01:00:00
2021,2.0,4.0,2.0,35.49,35.49,2021-02-04 02:00:00
2021,2.0,4.0,3.0,34.58,34.58,2021-02-04 03:00:00
2021,2.0,4.0,4.0,33.5,33.5,2021-02-04 04:00:00
2021,2.0,4.0,5.0,35.2,35.2,2021-02-04 05:00:00
2021,2.0,4.0,6.0,39.37,39.37,2021-02-04 06:00:00
2021,2.0,4.0,7.0,48.32,48.32,2021-02-04 07:00:00
2021,2.0,4.0,8.0,57.15,57.15,2021-02-04 08:00:00
2021,2.0,4.0,9.0,59.19,59.19,2021-02-04 09:00:00
2021,2.0,4.0,10.0,60.0,60.0,2021-02-04 10:00:00
2021,2.0,4.0,11.0,59.18,59.18,2021-02-04 11:00:00
2021,2.0,4.0,12.0,56.54,56.54,2021-02-04 12:00:00
2021,2.0,4.0,13.0,56.09,56.09,2021-02-04 13:00:00
2021,2.0,4.0,14.0,55.69,55.69,2021-02-04 14:00:00
2021,2.0,4.0,15.0,56.56,56.56,2021-02-04 15:00:00
2021,2.0,4.0,16.0,58.15,58.15,2021-02-04 16:00:00
2021,2.0,4.0,17.0,59.42,59.42,2021-02-04 17:00:00
2021,2.0,4.0,18.0,61.16,61.16,2021-02-04 18:00:00
2021,2.0,4.0,19.0,66.05,66.05,2021-02-04 19:00:00
2021,2.0,4.0,20.0,67.51,67.51,2021-02-04 20:00:00
2021,2.0,4.0,21.0,59.39,59.39,2021-02-04 21:00:00
2021,2.0,4.0,22.0,56.09,56.09,2021-02-04 22:00:00
2021,2.0,4.0,23.0,52.7,52.7,2021-02-04 23:00:00
2021,2.0,4.0,24.0,48.05,48.05,2021-02-05 00:00:00
2021,2.0,5.0,1.0,45.57,45.57,2021-02-05 01:00:00
2021,2.0,5.0,2.0,44.01,44.01,2021-02-05 02:00:00
2021,2.0,5.0,3.0,42.24,42.24,2021-02-05 03:00:00
2021,2.0,5.0,4.0,41.2,41.2,2021-02-05 04:00:00
2021,2.0,5.0,5.0,40.52,40.52,2021-02-05 05:00:00
2021,2.0,5.0,6.0,43.36,43.36,2021-02-05 06:00:00
2021,2.0,5.0,7.0,50.43,50.43,2021-02-05 07:00:00
2021,2.0,5.0,8.0,58.65,58.65,2021-02-05 08:00:00
2021,2.0,5.0,9.0,61.61,61.61,2021-02-05 09:00:00
2021,2.0,5.0,10.0,61.03,61.03,2021-02-05 10:00:00
2021,2.0,5.0,11.0,59.54,59.54,2021-02-05 11:00:00
2021,2.0,5.0,12.0,58.54,58.54,2021-02-05 12:00:00
2021,2.0,5.0,13.0,57.15,57.15,2021-02-05 13:00:00
2021,2.0,5.0,14.0,54.51,54.51,2021-02-05 14:00:00
2021,2.0,5.0,15.0,50.0,50.0,2021-02-05 15:00:00
2021,2.0,5.0,16.0,48.0,48.0,2021-02-05 16:00:00
2021,2.0,5.0,17.0,48.05,48.05,2021-02-05 17:00:00
2021,2.0,5.0,18.0,49.0,49.0,2021-02-05 18:00:00
2021,2.0,5.0,19.0,56.61,56.61,2021-02-05 19:00:00
2021,2.0,5.0,20.0,57.46,57.46,2021-02-05 20:00:00
2021,2.0,5.0,21.0,51.94,51.94,2021-02-05 21:00:00
2021,2.0,5.0,22.0,49.89,49.89,2021-02-05 22:00:00
2021,2.0,5.0,23.0,48.49,48.49,2021-02-05 23:00:00
2021,2.0,5.0,24.0,45.99,45.99,2021-02-06 00:00:00
2021,2.0,6.0,1.0,44.05,44.05,2021-02-06 01:00:00
2021,2.0,6.0,2.0,38.5,38.5,2021-02-06 02:00:00
2021,2.0,6.0,3.0,37.5,37.5,2021-02-06 03:00:00
2021,2.0,6.0,4.0,35.08,35.08,2021-02-06 04:00:00
2021,2.0,6.0,5.0,33.46,33.46,2021-02-06 05:00:00
2021,2.0,6.0,6.0,32.11,32.11,2021-02-06 06:00:00
2021,2.0,6.0,7.0,34.5,34.5,2021-02-06 07:00:00
2021,2.0,6.0,8.0,34.74,34.74,2021-02-06 08:00:00
2021,2.0,6.0,9.0,35.7,35.7,2021-02-06 09:00:00
2021,2.0,6.0,10.0,37.5,37.5,2021-02-06 10:00:00
2021,2.0,6.0,11.0,38.05,38.05,2021-02-06 11:00:00
2021,2.0,6.0,12.0,37.5,37.5,2021-02-06 12:00:00
2021,2.0,6.0,13.0,37.5,37.5,2021-02-06 13:00:00
2021,2.0,6.0,14.0,39.77,39.77,2021-02-06 14:00:00
2021,2.0,6.0,15.0,37.5,37.5,2021-02-06 15:00:00
2021,2.0,6.0,16.0,33.95,33.95,2021-02-06 16:00:00
2021,2.0,6.0,17.0,33.6,33.6,2021-02-06 17:00:00
2021,2.0,6.0,18.0,35.09,35.09,2021-02-06 18:00:00
2021,2.0,6.0,19.0,41.54,41.54,2021-02-06 19:00:00
2021,2.0,6.0,20.0,42.98,42.98,2021-02-06 20:00:00
2021,2.0,6.0,21.0,37.65,37.65,2021-02-06 21:00:00
2021,2.0,6.0,22.0,31.05,31.05,2021-02-06 22:00:00
2021,2.0,6.0,23.0,28.66,28.66,2021-02-06 23:00:00
2021,2.0,6.0,24.0,26.4,26.4,2021-02-07 00:00:00
2021,2.0,7.0,1.0,18.05,18.05,2021-02-07 01:00:00
2021,2.0,7.0,2.0,14.0,14.0,2021-02-07 02:00:00
2021,2.0,7.0,3.0,1.95,1.95,2021-02-07 03:00:00
2021,2.0,7.0,4.0,0.2,0.2,2021-02-07 04:00:00
2021,2.0,7.0,5.0,0.16,0.16,2021-02-07 05:00:00
2021,2.0,7.0,6.0,0.16,0.16,2021-02-07 06:00:00
2021,2.0,7.0,7.0,0.2,0.2,2021-02-07 07:00:00
2021,2.0,7.0,8.0,1.95,1.95,2021-02-07 08:00:00
2021,2.0,7.0,9.0,9.0,9.0,2021-02-07 09:00:00
2021,2.0,7.0,10.0,16.68,16.68,2021-02-07 10:00:00
2021,2.0,7.0,11.0,20.0,20.0,2021-02-07 11:00:00
2021,2.0,7.0,12.0,16.68,16.68,2021-02-07 12:00:00
2021,2.0,7.0,13.0,14.05,14.05,2021-02-07 13:00:00
2021,2.0,7.0,14.0,15.09,15.09,2021-02-07 14:00:00
2021,2.0,7.0,15.0,15.0,15.0,2021-02-07 15:00:00
2021,2.0,7.0,16.0,5.54,5.54,2021-02-07 16:00:00
2021,2.0,7.0,17.0,5.54,5.54,2021-02-07 17:00:00
2021,2.0,7.0,18.0,14.05,14.05,2021-02-07 18:00:00
2021,2.0,7.0,19.0,21.79,21.79,2021-02-07 19:00:00
2021,2.0,7.0,20.0,25.4,25.4,2021-02-07 20:00:00
2021,2.0,7.0,21.0,27.0,27.0,2021-02-07 21:00:00
2021,2.0,7.0,22.0,25.4,25.4,2021-02-07 22:00:00
2021,2.0,7.0,23.0,20.0,20.0,2021-02-07 23:00:00
2021,2.0,7.0,24.0,14.05,14.05,2021-02-08 00:00:00
2021,2.0,8.0,1.0,1.95,1.95,2021-02-08 01:00:00
2021,2.0,8.0,2.0,1.95,1.95,2021-02-08 02:00:00
2021,2.0,8.0,3.0,1.95,1.95,2021-02-08 03:00:00
2021,2.0,8.0,4.0,1.34,1.34,2021-02-08 04:00:00
2021,2.0,8.0,5.0,1.29,1.29,2021-02-08 05:00:00
2021,2.0,8.0,6.0,1.95,1.95,2021-02-08 06:00:00
2021,2.0,8.0,7.0,1.95,1.95,2021-02-08 07:00:00
2021,2.0,8.0,8.0,8.04,8.04,2021-02-08 08:00:00
2021,2.0,8.0,9.0,20.59,20.59,2021-02-08 09:00:00
2021,2.0,8.0,10.0,21.43,21.43,2021-02-08 10:00:00
2021,2.0,8.0,11.0,11.51,11.51,2021-02-08 11:00:00
2021,2.0,8.0,12.0,7.0,7.0,2021-02-08 12:00:00
2021,2.0,8.0,13.0,5.83,5.83,2021-02-08 13:00:00
2021,2.0,8.0,14.0,3.5,3.5,2021-02-08 14:00:00
2021,2.0,8.0,15.0,1.95,1.95,2021-02-08 15:00:00
2021,2.0,8.0,16.0,1.95,1.95,2021-02-08 16:00:00
2021,2.0,8.0,17.0,1.95,1.95,2021-02-08 17:00:00
2021,2.0,8.0,18.0,5.02,5.02,2021-02-08 18:00:00
2021,2.0,8.0,19.0,8.08,8.08,2021-02-08 19:00:00
2021,2.0,8.0,20.0,22.48,22.48,2021-02-08 20:00:00
2021,2.0,8.0,21.0,25.26,25.26,2021-02-08 21:00:00
2021,2.0,8.0,22.0,22.48,22.48,2021-02-08 22:00:00
2021,2.0,8.0,23.0,12.49,12.49,2021-02-08 23:00:00
2021,2.0,8.0,24.0,7.18,7.18,2021-02-09 00:00:00
2021,2.0,9.0,1.0,1.95,1.95,2021-02-09 01:00:00
2021,2.0,9.0,2.0,1.95,1.95,2021-02-09 02:00:00
2021,2.0,9.0,3.0,1.5,1.5,2021-02-09 03:00:00
2021,2.0,9.0,4.0,1.1,1.1,2021-02-09 04:00:00
2021,2.0,9.0,5.0,1.56,1.56,2021-02-09 05:00:00
2021,2.0,9.0,6.0,1.95,1.95,2021-02-09 06:00:00
2021,2.0,9.0,7.0,1.95,1.95,2021-02-09 07:00:00
2021,2.0,9.0,8.0,3.08,7.6,2021-02-09 08:00:00
2021,2.0,9.0,9.0,7.98,12.34,2021-02-09 09:00:00
2021,2.0,9.0,10.0,10.2,12.67,2021-02-09 10:00:00
2021,2.0,9.0,11.0,10.44,10.44,2021-02-09 11:00:00
2021,2.0,9.0,12.0,9.48,9.48,2021-02-09 12:00:00
2021,2.0,9.0,13.0,7.98,7.98,2021-02-09 13:00:00
2021,2.0,9.0,14.0,8.34,8.34,2021-02-09 14:00:00
2021,2.0,9.0,15.0,6.23,6.23,2021-02-09 15:00:00
2021,2.0,9.0,16.0,6.95,6.95,2021-02-09 16:00:00
2021,2.0,9.0,17.0,7.0,7.0,2021-02-09 17:00:00
2021,2.0,9.0,18.0,8.0,8.0,2021-02-09 18:00:00
2021,2.0,9.0,19.0,10.5,10.5,2021-02-09 19:00:00
2021,2.0,9.0,20.0,14.0,14.0,2021-02-09 20:00:00
2021,2.0,9.0,21.0,15.11,15.11,2021-02-09 21:00:00
2021,2.0,9.0,22.0,12.66,12.66,2021-02-09 22:00:00
2021,2.0,9.0,23.0,7.28,7.28,2021-02-09 23:00:00
2021,2.0,9.0,24.0,1.96,1.96,2021-02-10 00:00:00
2021,2.0,10.0,1.0,0.0,8.0,2021-02-10 01:00:00
2021,2.0,10.0,2.0,0.0,1.95,2021-02-10 02:00:00
2021,2.0,10.0,3.0,0.0,1.95,2021-02-10 03:00:00
2021,2.0,10.0,4.0,0.0,1.95,2021-02-10 04:00:00
2021,2.0,10.0,5.0,1.56,1.95,2021-02-10 05:00:00
2021,2.0,10.0,6.0,1.95,1.95,2021-02-10 06:00:00
2021,2.0,10.0,7.0,1.95,1.95,2021-02-10 07:00:00
2021,2.0,10.0,8.0,2.2,14.0,2021-02-10 08:00:00
2021,2.0,10.0,9.0,12.84,27.04,2021-02-10 09:00:00
2021,2.0,10.0,10.0,25.39,25.39,2021-02-10 10:00:00
2021,2.0,10.0,11.0,26.0,26.0,2021-02-10 11:00:00
2021,2.0,10.0,12.0,22.19,22.19,2021-02-10 12:00:00
2021,2.0,10.0,13.0,17.39,17.39,2021-02-10 13:00:00
2021,2.0,10.0,14.0,20.0,20.0,2021-02-10 14:00:00
2021,2.0,10.0,15.0,14.4,14.4,2021-02-10 15:00:00
2021,2.0,10.0,16.0,14.4,14.4,2021-02-10 16:00:00
2021,2.0,10.0,17.0,24.0,24.0,2021-02-10 17:00:00
2021,2.0,10.0,18.0,30.88,30.88,2021-02-10 18:00:00
2021,2.0,10.0,19.0,50.0,58.6,2021-02-10 19:00:00
2021,2.0,10.0,20.0,71.5,80.0,2021-02-10 20:00:00
2021,2.0,10.0,21.0,73.26,73.26,2021-02-10 21:00:00
2021,2.0,10.0,22.0,59.55,64.19,2021-02-10 22:00:00
2021,2.0,10.0,23.0,26.94,60.29,2021-02-10 23:00:00
2021,2.0,10.0,24.0,22.19,38.5,2021-02-11 00:00:00
2021,2.0,11.0,1.0,49.0,49.0,2021-02-11 01:00:00
2021,2.0,11.0,2.0,24.3,24.3,2021-02-11 02:00:00
2021,2.0,11.0,3.0,14.0,14.0,2021-02-11 03:00:00
2021,2.0,11.0,4.0,9.43,9.43,2021-02-11 04:00:00
2021,2.0,11.0,5.0,3.84,3.84,2021-02-11 05:00:00
2021,2.0,11.0,6.0,12.24,12.24,2021-02-11 06:00:00
2021,2.0,11.0,7.0,35.23,35.23,2021-02-11 07:00:00
2021,2.0,11.0,8.0,57.3,57.3,2021-02-11 08:00:00
2021,2.0,11.0,9.0,60.21,60.21,2021-02-11 09:00:00
2021,2.0,11.0,10.0,60.94,60.94,2021-02-11 10:00:00
2021,2.0,11.0,11.0,60.13,60.13,2021-02-11 11:00:00
2021,2.0,11.0,12.0,57.3,57.3,2021-02-11 12:00:00
2021,2.0,11.0,13.0,55.0,55.0,2021-02-11 13:00:00
2021,2.0,11.0,14.0,55.0,55.0,2021-02-11 14:00:00
2021,2.0,11.0,15.0,51.0,51.0,2021-02-11 15:00:00
2021,2.0,11.0,16.0,53.73,53.73,2021-02-11 16:00:00
2021,2.0,11.0,17.0,55.27,55.27,2021-02-11 17:00:00
2021,2.0,11.0,18.0,59.94,59.94,2021-02-11 18:00:00
2021,2.0,11.0,19.0,60.69,61.48,2021-02-11 19:00:00
2021,2.0,11.0,20.0,66.25,72.4,2021-02-11 20:00:00
2021,2.0,11.0,21.0,69.51,71.8,2021-02-11 21:00:00
2021,2.0,11.0,22.0,62.27,62.27,2021-02-11 22:00:00
2021,2.0,11.0,23.0,58.78,58.78,2021-02-11 23:00:00
2021,2.0,11.0,24.0,51.52,51.52,2021-02-12 00:00:00
2021,2.0,12.0,1.0,32.12,32.12,2021-02-12 01:00:00
2021,2.0,12.0,2.0,24.0,24.0,2021-02-12 02:00:00
2021,2.0,12.0,3.0,15.99,15.99,2021-02-12 03:00:00
2021,2.0,12.0,4.0,10.25,10.25,2021-02-12 04:00:00
2021,2.0,12.0,5.0,10.25,10.25,2021-02-12 05:00:00
2021,2.0,12.0,6.0,15.99,15.99,2021-02-12 06:00:00
2021,2.0,12.0,7.0,26.58,26.58,2021-02-12 07:00:00
2021,2.0,12.0,8.0,47.75,51.52,2021-02-12 08:00:00
2021,2.0,12.0,9.0,51.69,55.0,2021-02-12 09:00:00
2021,2.0,12.0,10.0,55.75,55.75,2021-02-12 10:00:00
2021,2.0,12.0,11.0,53.0,53.0,2021-02-12 11:00:00
2021,2.0,12.0,12.0,47.73,47.73,2021-02-12 12:00:00
2021,2.0,12.0,13.0,38.69,38.69,2021-02-12 13:00:00
2021,2.0,12.0,14.0,32.12,32.12,2021-02-12 14:00:00
2021,2.0,12.0,15.0,26.3,26.3,2021-02-12 15:00:00
2021,2.0,12.0,16.0,14.0,14.0,2021-02-12 16:00:00
2021,2.0,12.0,17.0,16.2,16.2,2021-02-12 17:00:00
2021,2.0,12.0,18.0,31.62,31.62,2021-02-12 18:00:00
2021,2.0,12.0,19.0,51.69,51.69,2021-02-12 19:00:00
2021,2.0,12.0,20.0,57.69,57.69,2021-02-12 20:00:00
2021,2.0,12.0,21.0,61.01,61.01,2021-02-12 21:00:00
2021,2.0,12.0,22.0,59.31,59.31,2021-02-12 22:00:00
2021,2.0,12.0,23.0,54.56,54.56,2021-02-12 23:00:00
2021,2.0,12.0,24.0,45.09,45.09,2021-02-13 00:00:00
2021,2.0,13.0,1.0,27.99,27.99,2021-02-13 01:00:00
2021,2.0,13.0,2.0,21.56,21.56,2021-02-13 02:00:00
2021,2.0,13.0,3.0,13.95,13.95,2021-02-13 03:00:00
2021,2.0,13.0,4.0,11.35,11.35,2021-02-13 04:00:00
2021,2.0,13.0,5.0,10.0,10.0,2021-02-13 05:00:00
2021,2.0,13.0,6.0,13.3,13.3,2021-02-13 06:00:00
2021,2.0,13.0,7.0,15.99,15.99,2021-02-13 07:00:00
2021,2.0,13.0,8.0,23.0,23.0,2021-02-13 08:00:00
2021,2.0,13.0,9.0,33.5,33.5,2021-02-13 09:00:00
2021,2.0,13.0,10.0,40.69,40.69,2021-02-13 10:00:00
2021,2.0,13.0,11.0,45.0,45.0,2021-02-13 11:00:00
2021,2.0,13.0,12.0,42.51,42.51,2021-02-13 12:00:00
2021,2.0,13.0,13.0,39.44,39.44,2021-02-13 13:00:00
2021,2.0,13.0,14.0,40.69,40.69,2021-02-13 14:00:00
2021,2.0,13.0,15.0,39.69,39.69,2021-02-13 15:00:00
2021,2.0,13.0,16.0,34.5,34.5,2021-02-13 16:00:00
2021,2.0,13.0,17.0,35.5,35.5,2021-02-13 17:00:00
2021,2.0,13.0,18.0,46.02,46.02,2021-02-13 18:00:00
2021,2.0,13.0,19.0,56.87,56.87,2021-02-13 19:00:00
2021,2.0,13.0,20.0,69.0,69.0,2021-02-13 20:00:00
2021,2.0,13.0,21.0,63.26,63.26,2021-02-13 21:00:00
2021,2.0,13.0,22.0,57.67,57.67,2021-02-13 22:00:00
2021,2.0,13.0,23.0,53.58,53.58,2021-02-13 23:00:00
2021,2.0,13.0,24.0,50.55,50.55,2021-02-14 00:00:00
2021,2.0,14.0,1.0,32.0,32.0,2021-02-14 01:00:00
2021,2.0,14.0,2.0,25.29,25.29,2021-02-14 02:00:00
2021,2.0,14.0,3.0,18.69,18.69,2021-02-14 03:00:00
2021,2.0,14.0,4.0,14.0,14.0,2021-02-14 04:00:00
2021,2.0,14.0,5.0,12.99,12.99,2021-02-14 05:00:00
2021,2.0,14.0,6.0,12.59,12.59,2021-02-14 06:00:00
2021,2.0,14.0,7.0,12.59,12.59,2021-02-14 07:00:00
2021,2.0,14.0,8.0,12.7,12.7,2021-02-14 08:00:00
2021,2.0,14.0,9.0,11.35,11.35,2021-02-14 09:00:00
2021,2.0,14.0,10.0,12.59,12.59,2021-02-14 10:00:00
2021,2.0,14.0,11.0,12.7,12.7,2021-02-14 11:00:00
2021,2.0,14.0,12.0,10.84,10.84,2021-02-14 12:00:00
2021,2.0,14.0,13.0,5.25,5.25,2021-02-14 13:00:00
2021,2.0,14.0,14.0,8.0,8.0,2021-02-14 14:00:00
2021,2.0,14.0,15.0,5.25,5.25,2021-02-14 15:00:00
2021,2.0,14.0,16.0,1.95,1.95,2021-02-14 16:00:00
2021,2.0,14.0,17.0,1.95,1.95,2021-02-14 17:00:00
2021,2.0,14.0,18.0,1.95,1.95,2021-02-14 18:00:00
2021,2.0,14.0,19.0,10.0,10.0,2021-02-14 19:00:00
2021,2.0,14.0,20.0,22.51,22.51,2021-02-14 20:00:00
2021,2.0,14.0,21.0,29.25,29.25,2021-02-14 21:00:00
2021,2.0,14.0,22.0,26.4,26.4,2021-02-14 22:00:00
2021,2.0,14.0,23.0,15.25,15.25,2021-02-14 23:00:00
2021,2.0,14.0,24.0,5.0,5.0,2021-02-15 00:00:00
2021,2.0,15.0,1.0,1.95,1.95,2021-02-15 01:00:00
2021,2.0,15.0,2.0,1.0,1.0,2021-02-15 02:00:00
2021,2.0,15.0,3.0,0.16,0.16,2021-02-15 03:00:00
2021,2.0,15.0,4.0,0.16,0.16,2021-02-15 04:00:00
2021,2.0,15.0,5.0,0.9,0.9,2021-02-15 05:00:00
2021,2.0,15.0,6.0,1.5,1.5,2021-02-15 06:00:00
2021,2.0,15.0,7.0,1.95,1.95,2021-02-15 07:00:00
2021,2.0,15.0,8.0,15.51,15.51,2021-02-15 08:00:00
2021,2.0,15.0,9.0,23.19,41.4,2021-02-15 09:00:00
2021,2.0,15.0,10.0,25.09,38.98,2021-02-15 10:00:00
2021,2.0,15.0,11.0,23.75,23.75,2021-02-15 11:00:00
2021,2.0,15.0,12.0,13.95,13.95,2021-02-15 12:00:00
2021,2.0,15.0,13.0,12.03,12.03,2021-02-15 13:00:00
2021,2.0,15.0,14.0,10.01,10.01,2021-02-15 14:00:00
2021,2.0,15.0,15.0,3.84,3.84,2021-02-15 15:00:00
2021,2.0,15.0,16.0,1.96,1.96,2021-02-15 16:00:00
2021,2.0,15.0,17.0,1.95,1.95,2021-02-15 17:00:00
2021,2.0,15.0,18.0,5.0,5.0,2021-02-15 18:00:00
2021,2.0,15.0,19.0,25.0,25.0,2021-02-15 19:00:00
2021,2.0,15.0,20.0,43.7,43.7,2021-02-15 20:00:00
2021,2.0,15.0,21.0,45.59,45.59,2021-02-15 21:00:00
2021,2.0,15.0,22.0,42.1,42.1,2021-02-15 22:00:00
2021,2.0,15.0,23.0,21.69,21.69,2021-02-15 23:00:00
2021,2.0,15.0,24.0,2.35,2.35,2021-02-16 00:00:00
2021,2.0,16.0,1.0,1.95,1.95,2021-02-16 01:00:00
2021,2.0,16.0,2.0,1.95,1.95,2021-02-16 02:00:00
2021,2.0,16.0,3.0,1.94,1.94,2021-02-16 03:00:00
2021,2.0,16.0,4.0,1.0,1.0,2021-02-16 04:00:00
2021,2.0,16.0,5.0,1.01,1.01,2021-02-16 05:00:00
2021,2.0,16.0,6.0,1.95,1.95,2021-02-16 06:00:00
2021,2.0,16.0,7.0,2.0,2.0,2021-02-16 07:00:00
2021,2.0,16.0,8.0,15.12,15.12,2021-02-16 08:00:00
2021,2.0,16.0,9.0,33.19,35.15,2021-02-16 09:00:00
2021,2.0,16.0,10.0,33.51,33.51,2021-02-16 10:00:00
2021,2.0,16.0,11.0,27.2,27.2,2021-02-16 11:00:00
2021,2.0,16.0,12.0,15.0,15.0,2021-02-16 12:00:00
2021,2.0,16.0,13.0,12.44,12.44,2021-02-16 13:00:00
2021,2.0,16.0,14.0,12.44,12.44,2021-02-16 14:00:00
2021,2.0,16.0,15.0,12.0,12.0,2021-02-16 15:00:00
2021,2.0,16.0,16.0,12.19,12.19,2021-02-16 16:00:00
2021,2.0,16.0,17.0,25.0,25.0,2021-02-16 17:00:00
2021,2.0,16.0,18.0,39.7,39.7,2021-02-16 18:00:00
2021,2.0,16.0,19.0,53.2,53.2,2021-02-16 19:00:00
2021,2.0,16.0,20.0,68.25,68.25,2021-02-16 20:00:00
2021,2.0,16.0,21.0,61.24,61.24,2021-02-16 21:00:00
2021,2.0,16.0,22.0,50.03,50.03,2021-02-16 22:00:00
2021,2.0,16.0,23.0,48.25,48.25,2021-02-16 23:00:00
2021,2.0,16.0,24.0,43.05,43.05,2021-02-17 00:00:00
2021,2.0,17.0,1.0,42.01,42.01,2021-02-17 01:00:00
2021,2.0,17.0,2.0,41.36,41.36,2021-02-17 02:00:00
2021,2.0,17.0,3.0,40.0,40.0,2021-02-17 03:00:00
2021,2.0,17.0,4.0,37.4,37.4,2021-02-17 04:00:00
2021,2.0,17.0,5.0,38.04,38.04,2021-02-17 05:00:00
2021,2.0,17.0,6.0,38.83,38.83,2021-02-17 06:00:00
2021,2.0,17.0,7.0,41.83,41.83,2021-02-17 07:00:00
2021,2.0,17.0,8.0,53.36,53.36,2021-02-17 08:00:00
2021,2.0,17.0,9.0,60.25,60.25,2021-02-17 09:00:00
2021,2.0,17.0,10.0,61.27,61.27,2021-02-17 10:00:00
2021,2.0,17.0,11.0,56.1,56.1,2021-02-17 11:00:00
2021,2.0,17.0,12.0,48.14,48.14,2021-02-17 12:00:00
2021,2.0,17.0,13.0,39.95,39.95,2021-02-17 13:00:00
2021,2.0,17.0,14.0,35.69,35.69,2021-02-17 14:00:00
2021,2.0,17.0,15.0,29.0,29.0,2021-02-17 15:00:00
2021,2.0,17.0,16.0,26.7,26.7,2021-02-17 16:00:00
2021,2.0,17.0,17.0,26.62,26.62,2021-02-17 17:00:00
2021,2.0,17.0,18.0,30.19,30.19,2021-02-17 18:00:00
2021,2.0,17.0,19.0,40.7,40.7,2021-02-17 19:00:00
2021,2.0,17.0,20.0,52.47,52.47,2021-02-17 20:00:00
2021,2.0,17.0,21.0,57.6,57.6,2021-02-17 21:00:00
2021,2.0,17.0,22.0,48.37,48.37,2021-02-17 22:00:00
2021,2.0,17.0,23.0,35.69,35.69,2021-02-17 23:00:00
2021,2.0,17.0,24.0,24.76,24.76,2021-02-18 00:00:00
2021,2.0,18.0,1.0,21.75,21.75,2021-02-18 01:00:00
2021,2.0,18.0,2.0,8.95,8.95,2021-02-18 02:00:00
2021,2.0,18.0,3.0,5.02,5.02,2021-02-18 03:00:00
2021,2.0,18.0,4.0,3.74,3.74,2021-02-18 04:00:00
2021,2.0,18.0,5.0,5.21,5.21,2021-02-18 05:00:00
2021,2.0,18.0,6.0,10.2,10.2,2021-02-18 06:00:00
2021,2.0,18.0,7.0,24.2,24.2,2021-02-18 07:00:00
2021,2.0,18.0,8.0,35.5,35.5,2021-02-18 08:00:00
2021,2.0,18.0,9.0,46.19,46.19,2021-02-18 09:00:00
2021,2.0,18.0,10.0,48.33,48.33,2021-02-18 10:00:00
2021,2.0,18.0,11.0,46.47,46.47,2021-02-18 11:00:00
2021,2.0,18.0,12.0,44.05,44.05,2021-02-18 12:00:00
2021,2.0,18.0,13.0,40.01,40.01,2021-02-18 13:00:00
2021,2.0,18.0,14.0,43.52,43.52,2021-02-18 14:00:00
2021,2.0,18.0,15.0,38.0,38.0,2021-02-18 15:00:00
2021,2.0,18.0,16.0,38.0,38.0,2021-02-18 16:00:00
2021,2.0,18.0,17.0,38.0,38.0,2021-02-18 17:00:00
2021,2.0,18.0,18.0,46.98,46.98,2021-02-18 18:00:00
2021,2.0,18.0,19.0,55.72,55.72,2021-02-18 19:00:00
2021,2.0,18.0,20.0,61.16,61.16,2021-02-18 20:00:00
2021,2.0,18.0,21.0,60.0,60.0,2021-02-18 21:00:00
2021,2.0,18.0,22.0,52.75,52.75,2021-02-18 22:00:00
2021,2.0,18.0,23.0,50.47,50.47,2021-02-18 23:00:00
2021,2.0,18.0,24.0,44.05,44.05,2021-02-19 00:00:00
2021,2.0,19.0,1.0,25.67,25.67,2021-02-19 01:00:00
2021,2.0,19.0,2.0,22.5,22.5,2021-02-19 02:00:00
2021,2.0,19.0,3.0,17.75,17.75,2021-02-19 03:00:00
2021,2.0,19.0,4.0,17.5,17.5,2021-02-19 04:00:00
2021,2.0,19.0,5.0,17.0,17.0,2021-02-19 05:00:00
2021,2.0,19.0,6.0,17.75,17.75,2021-02-19 06:00:00
2021,2.0,19.0,7.0,20.0,20.0,2021-02-19 07:00:00
2021,2.0,19.0,8.0,30.0,30.0,2021-02-19 08:00:00
2021,2.0,19.0,9.0,38.01,38.01,2021-02-19 09:00:00
2021,2.0,19.0,10.0,36.47,36.47,2021-02-19 10:00:00
2021,2.0,19.0,11.0,25.18,25.18,2021-02-19 11:00:00
2021,2.0,19.0,12.0,20.0,20.0,2021-02-19 12:00:00
2021,2.0,19.0,13.0,17.0,17.0,2021-02-19 13:00:00
2021,2.0,19.0,14.0,14.0,14.0,2021-02-19 14:00:00
2021,2.0,19.0,15.0,8.19,8.19,2021-02-19 15:00:00
2021,2.0,19.0,16.0,5.02,5.02,2021-02-19 16:00:00
2021,2.0,19.0,17.0,5.02,5.02,2021-02-19 17:00:00
2021,2.0,19.0,18.0,15.0,15.0,2021-02-19 18:00:00
2021,2.0,19.0,19.0,23.13,23.13,2021-02-19 19:00:00
2021,2.0,19.0,20.0,38.33,38.33,2021-02-19 20:00:00
2021,2.0,19.0,21.0,41.2,41.2,2021-02-19 21:00:00
2021,2.0,19.0,22.0,38.01,38.01,2021-02-19 22:00:00
2021,2.0,19.0,23.0,24.69,24.69,2021-02-19 23:00:00
2021,2.0,19.0,24.0,17.04,17.04,2021-02-20 00:00:00
2021,2.0,20.0,1.0,1.36,1.95,2021-02-20 01:00:00
2021,2.0,20.0,2.0,1.0,1.9,2021-02-20 02:00:00
2021,2.0,20.0,3.0,0.55,0.55,2021-02-20 03:00:00
2021,2.0,20.0,4.0,0.44,0.44,2021-02-20 04:00:00
2021,2.0,20.0,5.0,0.44,0.44,2021-02-20 05:00:00
2021,2.0,20.0,6.0,0.16,0.16,2021-02-20 06:00:00
2021,2.0,20.0,7.0,0.16,0.16,2021-02-20 07:00:00
2021,2.0,20.0,8.0,0.32,0.32,2021-02-20 08:00:00
2021,2.0,20.0,9.0,0.44,1.7,2021-02-20 09:00:00
2021,2.0,20.0,10.0,1.0,1.95,2021-02-20 10:00:00
2021,2.0,20.0,11.0,1.2,1.49,2021-02-20 11:00:00
2021,2.0,20.0,12.0,0.44,0.44,2021-02-20 12:00:00
2021,2.0,20.0,13.0,0.16,0.16,2021-02-20 13:00:00
2021,2.0,20.0,14.0,0.16,0.16,2021-02-20 14:00:00
2021,2.0,20.0,15.0,0.16,0.16,2021-02-20 15:00:00
2021,2.0,20.0,16.0,0.16,0.16,2021-02-20 16:00:00
2021,2.0,20.0,17.0,0.16,0.16,2021-02-20 17:00:00
2021,2.0,20.0,18.0,1.0,1.0,2021-02-20 18:00:00
2021,2.0,20.0,19.0,1.95,1.95,2021-02-20 19:00:00
2021,2.0,20.0,20.0,5.6,5.6,2021-02-20 20:00:00
2021,2.0,20.0,21.0,9.32,9.32,2021-02-20 21:00:00
2021,2.0,20.0,22.0,10.0,10.0,2021-02-20 22:00:00
2021,2.0,20.0,23.0,7.28,7.28,2021-02-20 23:00:00
2021,2.0,20.0,24.0,5.0,5.0,2021-02-21 00:00:00
2021,2.0,21.0,1.0,3.5,3.5,2021-02-21 01:00:00
2021,2.0,21.0,2.0,1.95,1.95,2021-02-21 02:00:00
2021,2.0,21.0,3.0,1.95,1.95,2021-02-21 03:00:00
2021,2.0,21.0,4.0,1.95,1.95,2021-02-21 04:00:00
2021,2.0,21.0,5.0,1.95,1.95,2021-02-21 05:00:00
2021,2.0,21.0,6.0,1.95,1.95,2021-02-21 06:00:00
2021,2.0,21.0,7.0,1.95,1.95,2021-02-21 07:00:00
2021,2.0,21.0,8.0,1.95,1.95,2021-02-21 08:00:00
2021,2.0,21.0,9.0,1.95,1.95,2021-02-21 09:00:00
2021,2.0,21.0,10.0,1.95,1.95,2021-02-21 10:00:00
2021,2.0,21.0,11.0,3.5,3.5,2021-02-21 11:00:00
2021,2.0,21.0,12.0,6.23,6.23,2021-02-21 12:00:00
2021,2.0,21.0,13.0,3.5,3.5,2021-02-21 13:00:00
2021,2.0,21.0,14.0,6.95,6.95,2021-02-21 14:00:00
2021,2.0,21.0,15.0,5.55,5.55,2021-02-21 15:00:00
2021,2.0,21.0,16.0,2.0,2.0,2021-02-21 16:00:00
2021,2.0,21.0,17.0,1.95,1.95,2021-02-21 17:00:00
2021,2.0,21.0,18.0,1.95,1.95,2021-02-21 18:00:00
2021,2.0,21.0,19.0,6.7,6.7,2021-02-21 19:00:00
2021,2.0,21.0,20.0,13.4,13.4,2021-02-21 20:00:00
2021,2.0,21.0,21.0,23.9,23.9,2021-02-21 21:00:00
2021,2.0,21.0,22.0,22.32,22.32,2021-02-21 22:00:00
2021,2.0,21.0,23.0,10.0,10.0,2021-02-21 23:00:00
2021,2.0,21.0,24.0,7.19,7.19,2021-02-22 00:00:00
2021,2.0,22.0,1.0,30.0,30.0,2021-02-22 01:00:00
2021,2.0,22.0,2.0,19.8,19.8,2021-02-22 02:00:00
2021,2.0,22.0,3.0,19.32,19.32,2021-02-22 03:00:00
2021,2.0,22.0,4.0,19.8,19.8,2021-02-22 04:00:00
2021,2.0,22.0,5.0,20.0,20.0,2021-02-22 05:00:00
2021,2.0,22.0,6.0,25.1,25.1,2021-02-22 06:00:00
2021,2.0,22.0,7.0,30.55,30.55,2021-02-22 07:00:00
2021,2.0,22.0,8.0,39.48,39.48,2021-02-22 08:00:00
2021,2.0,22.0,9.0,52.7,52.7,2021-02-22 09:00:00
2021,2.0,22.0,10.0,55.04,55.04,2021-02-22 10:00:00
2021,2.0,22.0,11.0,39.97,39.97,2021-02-22 11:00:00
2021,2.0,22.0,12.0,35.64,35.64,2021-02-22 12:00:00
2021,2.0,22.0,13.0,35.5,35.5,2021-02-22 13:00:00
2021,2.0,22.0,14.0,35.5,35.5,2021-02-22 14:00:00
2021,2.0,22.0,15.0,32.51,32.51,2021-02-22 15:00:00
2021,2.0,22.0,16.0,32.05,32.05,2021-02-22 16:00:00
2021,2.0,22.0,17.0,35.13,35.13,2021-02-22 17:00:00
2021,2.0,22.0,18.0,45.03,45.03,2021-02-22 18:00:00
2021,2.0,22.0,19.0,64.01,64.01,2021-02-22 19:00:00
2021,2.0,22.0,20.0,65.68,65.68,2021-02-22 20:00:00
2021,2.0,22.0,21.0,61.16,61.16,2021-02-22 21:00:00
2021,2.0,22.0,22.0,58.01,58.01,2021-02-22 22:00:00
2021,2.0,22.0,23.0,49.3,49.3,2021-02-22 23:00:00
2021,2.0,22.0,24.0,44.1,44.1,2021-02-23 00:00:00
2021,2.0,23.0,1.0,41.71,41.71,2021-02-23 01:00:00
2021,2.0,23.0,2.0,40.13,40.13,2021-02-23 02:00:00
2021,2.0,23.0,3.0,39.17,39.17,2021-02-23 03:00:00
2021,2.0,23.0,4.0,37.73,37.73,2021-02-23 04:00:00
2021,2.0,23.0,5.0,37.63,37.63,2021-02-23 05:00:00
2021,2.0,23.0,6.0,39.06,39.06,2021-02-23 06:00:00
2021,2.0,23.0,7.0,43.53,43.53,2021-02-23 07:00:00
2021,2.0,23.0,8.0,55.27,56.95,2021-02-23 08:00:00
2021,2.0,23.0,9.0,56.2,59.22,2021-02-23 09:00:00
2021,2.0,23.0,10.0,56.2,56.2,2021-02-23 10:00:00
2021,2.0,23.0,11.0,49.87,49.87,2021-02-23 11:00:00
2021,2.0,23.0,12.0,41.86,41.86,2021-02-23 12:00:00
2021,2.0,23.0,13.0,39.9,39.9,2021-02-23 13:00:00
2021,2.0,23.0,14.0,38.9,38.9,2021-02-23 14:00:00
2021,2.0,23.0,15.0,39.0,39.0,2021-02-23 15:00:00
2021,2.0,23.0,16.0,34.01,34.01,2021-02-23 16:00:00
2021,2.0,23.0,17.0,33.48,33.48,2021-02-23 17:00:00
2021,2.0,23.0,18.0,40.0,40.0,2021-02-23 18:00:00
2021,2.0,23.0,19.0,50.0,50.0,2021-02-23 19:00:00
2021,2.0,23.0,20.0,58.03,58.03,2021-02-23 20:00:00
2021,2.0,23.0,21.0,51.35,51.35,2021-02-23 21:00:00
2021,2.0,23.0,22.0,44.49,44.49,2021-02-23 22:00:00
2021,2.0,23.0,23.0,40.1,40.1,2021-02-23 23:00:00
2021,2.0,23.0,24.0,35.22,35.22,2021-02-24 00:00:00
2021,2.0,24.0,1.0,20.69,20.69,2021-02-24 01:00:00
2021,2.0,24.0,2.0,18.19,18.19,2021-02-24 02:00:00
2021,2.0,24.0,3.0,18.05,18.05,2021-02-24 03:00:00
2021,2.0,24.0,4.0,14.0,14.0,2021-02-24 04:00:00
2021,2.0,24.0,5.0,10.65,10.65,2021-02-24 05:00:00
2021,2.0,24.0,6.0,17.08,17.08,2021-02-24 06:00:00
2021,2.0,24.0,7.0,18.26,18.26,2021-02-24 07:00:00
2021,2.0,24.0,8.0,26.39,31.96,2021-02-24 08:00:00
2021,2.0,24.0,9.0,26.76,45.01,2021-02-24 09:00:00
2021,2.0,24.0,10.0,35.69,35.69,2021-02-24 10:00:00
2021,2.0,24.0,11.0,30.8,30.8,2021-02-24 11:00:00
2021,2.0,24.0,12.0,23.64,23.64,2021-02-24 12:00:00
2021,2.0,24.0,13.0,18.19,18.19,2021-02-24 13:00:00
2021,2.0,24.0,14.0,10.1,10.1,2021-02-24 14:00:00
2021,2.0,24.0,15.0,3.5,3.5,2021-02-24 15:00:00
2021,2.0,24.0,16.0,1.95,1.95,2021-02-24 16:00:00
2021,2.0,24.0,17.0,2.0,2.0,2021-02-24 17:00:00
2021,2.0,24.0,18.0,15.0,15.0,2021-02-24 18:00:00
2021,2.0,24.0,19.0,34.0,34.0,2021-02-24 19:00:00
2021,2.0,24.0,20.0,51.83,51.83,2021-02-24 20:00:00
2021,2.0,24.0,21.0,51.09,51.09,2021-02-24 21:00:00
2021,2.0,24.0,22.0,43.59,43.59,2021-02-24 22:00:00
2021,2.0,24.0,23.0,43.77,43.77,2021-02-24 23:00:00
2021,2.0,24.0,24.0,36.7,36.7,2021-02-25 00:00:00
2021,2.0,25.0,1.0,35.15,35.15,2021-02-25 01:00:00
2021,2.0,25.0,2.0,35.08,35.08,2021-02-25 02:00:00
2021,2.0,25.0,3.0,33.7,33.7,2021-02-25 03:00:00
2021,2.0,25.0,4.0,33.3,33.3,2021-02-25 04:00:00
2021,2.0,25.0,5.0,35.07,35.07,2021-02-25 05:00:00
2021,2.0,25.0,6.0,38.66,38.66,2021-02-25 06:00:00
2021,2.0,25.0,7.0,43.1,43.1,2021-02-25 07:00:00
2021,2.0,25.0,8.0,54.44,54.44,2021-02-25 08:00:00
2021,2.0,25.0,9.0,53.9,53.9,2021-02-25 09:00:00
2021,2.0,25.0,10.0,49.81,49.81,2021-02-25 10:00:00
2021,2.0,25.0,11.0,42.69,42.69,2021-02-25 11:00:00
2021,2.0,25.0,12.0,42.21,41.48,2021-02-25 12:00:00
2021,2.0,25.0,13.0,42.69,40.86,2021-02-25 13:00:00
2021,2.0,25.0,14.0,42.21,40.13,2021-02-25 14:00:00
2021,2.0,25.0,15.0,42.4,42.4,2021-02-25 15:00:00
2021,2.0,25.0,16.0,46.23,46.23,2021-02-25 16:00:00
2021,2.0,25.0,17.0,51.07,51.07,2021-02-25 17:00:00
2021,2.0,25.0,18.0,55.0,55.0,2021-02-25 18:00:00
2021,2.0,25.0,19.0,60.0,60.0,2021-02-25 19:00:00
2021,2.0,25.0,20.0,65.73,65.73,2021-02-25 20:00:00
2021,2.0,25.0,21.0,56.91,56.91,2021-02-25 21:00:00
2021,2.0,25.0,22.0,53.5,53.5,2021-02-25 22:00:00
2021,2.0,25.0,23.0,48.44,48.44,2021-02-25 23:00:00
2021,2.0,25.0,24.0,43.34,43.34,2021-02-26 00:00:00
2021,2.0,26.0,1.0,45.1,45.1,2021-02-26 01:00:00
2021,2.0,26.0,2.0,41.8,41.8,2021-02-26 02:00:00
2021,2.0,26.0,3.0,34.9,34.9,2021-02-26 03:00:00
2021,2.0,26.0,4.0,33.95,33.95,2021-02-26 04:00:00
2021,2.0,26.0,5.0,33.9,33.9,2021-02-26 05:00:00
2021,2.0,26.0,6.0,40.1,40.1,2021-02-26 06:00:00
2021,2.0,26.0,7.0,49.0,49.0,2021-02-26 07:00:00
2021,2.0,26.0,8.0,53.0,53.0,2021-02-26 08:00:00
2021,2.0,26.0,9.0,56.03,56.87,2021-02-26 09:00:00
2021,2.0,26.0,10.0,55.51,55.51,2021-02-26 10:00:00
2021,2.0,26.0,11.0,50.6,50.6,2021-02-26 11:00:00
2021,2.0,26.0,12.0,45.56,45.56,2021-02-26 12:00:00
2021,2.0,26.0,13.0,44.1,44.1,2021-02-26 13:00:00
2021,2.0,26.0,14.0,40.19,40.19,2021-02-26 14:00:00
2021,2.0,26.0,15.0,39.0,39.0,2021-02-26 15:00:00
2021,2.0,26.0,16.0,40.14,40.14,2021-02-26 16:00:00
2021,2.0,26.0,17.0,43.16,43.16,2021-02-26 17:00:00
2021,2.0,26.0,18.0,51.33,51.33,2021-02-26 18:00:00
2021,2.0,26.0,19.0,57.91,57.91,2021-02-26 19:00:00
2021,2.0,26.0,20.0,57.53,57.53,2021-02-26 20:00:00
2021,2.0,26.0,21.0,54.94,54.94,2021-02-26 21:00:00
2021,2.0,26.0,22.0,48.65,48.65,2021-02-26 22:00:00
2021,2.0,26.0,23.0,46.28,46.28,2021-02-26 23:00:00
2021,2.0,26.0,24.0,42.71,42.71,2021-02-27 00:00:00
2021,2.0,27.0,1.0,40.0,40.0,2021-02-27 01:00:00
2021,2.0,27.0,2.0,32.99,32.99,2021-02-27 02:00:00
2021,2.0,27.0,3.0,26.49,26.49,2021-02-27 03:00:00
2021,2.0,27.0,4.0,25.15,25.15,2021-02-27 04:00:00
2021,2.0,27.0,5.0,25.13,25.13,2021-02-27 05:00:00
2021,2.0,27.0,6.0,25.05,25.05,2021-02-27 06:00:00
2021,2.0,27.0,7.0,24.65,24.65,2021-02-27 07:00:00
2021,2.0,27.0,8.0,25.05,25.05,2021-02-27 08:00:00
2021,2.0,27.0,9.0,25.15,25.15,2021-02-27 09:00:00
2021,2.0,27.0,10.0,27.85,27.85,2021-02-27 10:00:00
2021,2.0,27.0,11.0,29.19,29.19,2021-02-27 11:00:00
2021,2.0,27.0,12.0,27.85,27.85,2021-02-27 12:00:00
2021,2.0,27.0,13.0,27.85,27.85,2021-02-27 13:00:00
2021,2.0,27.0,14.0,28.91,28.91,2021-02-27 14:00:00
2021,2.0,27.0,15.0,27.17,27.17,2021-02-27 15:00:00
2021,2.0,27.0,16.0,25.05,25.05,2021-02-27 16:00:00
2021,2.0,27.0,17.0,24.65,24.65,2021-02-27 17:00:00
2021,2.0,27.0,18.0,25.15,25.15,2021-02-27 18:00:00
2021,2.0,27.0,19.0,29.19,29.19,2021-02-27 19:00:00
2021,2.0,27.0,20.0,38.0,38.0,2021-02-27 20:00:00
2021,2.0,27.0,21.0,45.41,45.41,2021-02-27 21:00:00
2021,2.0,27.0,22.0,40.0,40.0,2021-02-27 22:00:00
2021,2.0,27.0,23.0,30.01,30.01,2021-02-27 23:00:00
2021,2.0,27.0,24.0,25.91,25.91,2021-02-28 00:00:00
2021,2.0,28.0,1.0,14.49,14.49,2021-02-28 01:00:00
2021,2.0,28.0,2.0,14.41,14.41,2021-02-28 02:00:00
2021,2.0,28.0,3.0,13.81,13.81,2021-02-28 03:00:00
2021,2.0,28.0,4.0,13.13,13.13,2021-02-28 04:00:00
2021,2.0,28.0,5.0,13.15,13.15,2021-02-28 05:00:00
2021,2.0,28.0,6.0,13.81,13.81,2021-02-28 06:00:00
2021,2.0,28.0,7.0,14.15,14.15,2021-02-28 07:00:00
2021,2.0,28.0,8.0,14.41,14.41,2021-02-28 08:00:00
2021,2.0,28.0,9.0,14.21,14.21,2021-02-28 09:00:00
2021,2.0,28.0,10.0,14.49,14.49,2021-02-28 10:00:00
2021,2.0,28.0,11.0,14.41,14.41,2021-02-28 11:00:00
2021,2.0,28.0,12.0,14.15,14.15,2021-02-28 12:00:00
2021,2.0,28.0,13.0,14.41,14.41,2021-02-28 13:00:00
2021,2.0,28.0,14.0,15.85,15.85,2021-02-28 14:00:00
2021,2.0,28.0,15.0,15.85,15.85,2021-02-28 15:00:00
2021,2.0,28.0,16.0,13.81,13.81,2021-02-28 16:00:00
2021,2.0,28.0,17.0,12.85,12.85,2021-02-28 17:00:00
2021,2.0,28.0,18.0,14.0,14.0,2021-02-28 18:00:00
2021,2.0,28.0,19.0,19.0,19.0,2021-02-28 19:00:00
2021,2.0,28.0,20.0,32.9,32.9,2021-02-28 20:00:00
2021,2.0,28.0,21.0,40.73,40.73,2021-02-28 21:00:00
2021,2.0,28.0,22.0,39.17,39.17,2021-02-28 22:00:00
2021,2.0,28.0,23.0,31.31,31.31,2021-02-28 23:00:00
2021,2.0,28.0,24.0,26.3,26.3,2021-03-01 00:00:00
2021,3.0,1.0,1.0,35.38,35.38,2021-03-01 01:00:00
2021,3.0,1.0,2.0,32.9,32.9,2021-03-01 02:00:00
2021,3.0,1.0,3.0,27.6,27.6,2021-03-01 03:00:00
2021,3.0,1.0,4.0,26.6,26.6,2021-03-01 04:00:00
2021,3.0,1.0,5.0,26.74,26.74,2021-03-01 05:00:00
2021,3.0,1.0,6.0,27.6,27.6,2021-03-01 06:00:00
2021,3.0,1.0,7.0,34.38,34.38,2021-03-01 07:00:00
2021,3.0,1.0,8.0,47.7,47.7,2021-03-01 08:00:00
2021,3.0,1.0,9.0,50.0,50.0,2021-03-01 09:00:00
2021,3.0,1.0,10.0,53.21,53.21,2021-03-01 10:00:00
2021,3.0,1.0,11.0,50.0,50.0,2021-03-01 11:00:00
2021,3.0,1.0,12.0,43.1,43.1,2021-03-01 12:00:00
2021,3.0,1.0,13.0,44.09,44.09,2021-03-01 13:00:00
2021,3.0,1.0,14.0,40.34,40.34,2021-03-01 14:00:00
2021,3.0,1.0,15.0,40.03,40.03,2021-03-01 15:00:00
2021,3.0,1.0,16.0,39.08,39.08,2021-03-01 16:00:00
2021,3.0,1.0,17.0,39.01,39.01,2021-03-01 17:00:00
2021,3.0,1.0,18.0,41.24,41.24,2021-03-01 18:00:00
2021,3.0,1.0,19.0,50.0,50.0,2021-03-01 19:00:00
2021,3.0,1.0,20.0,64.39,64.39,2021-03-01 20:00:00
2021,3.0,1.0,21.0,57.36,57.36,2021-03-01 21:00:00
2021,3.0,1.0,22.0,50.85,50.85,2021-03-01 22:00:00
2021,3.0,1.0,23.0,48.21,48.21,2021-03-01 23:00:00
2021,3.0,1.0,24.0,44.0,44.0,2021-03-02 00:00:00
2021,3.0,2.0,1.0,44.32,44.32,2021-03-02 01:00:00
2021,3.0,2.0,2.0,43.89,43.89,2021-03-02 02:00:00
2021,3.0,2.0,3.0,43.36,43.36,2021-03-02 03:00:00
2021,3.0,2.0,4.0,42.14,42.14,2021-03-02 04:00:00
2021,3.0,2.0,5.0,42.1,42.1,2021-03-02 05:00:00
2021,3.0,2.0,6.0,47.27,47.27,2021-03-02 06:00:00
2021,3.0,2.0,7.0,55.27,55.27,2021-03-02 07:00:00
2021,3.0,2.0,8.0,60.0,60.0,2021-03-02 08:00:00
2021,3.0,2.0,9.0,60.16,60.16,2021-03-02 09:00:00
2021,3.0,2.0,10.0,58.73,58.73,2021-03-02 10:00:00
2021,3.0,2.0,11.0,53.01,53.01,2021-03-02 11:00:00
2021,3.0,2.0,12.0,48.22,48.22,2021-03-02 12:00:00
2021,3.0,2.0,13.0,47.51,47.51,2021-03-02 13:00:00
2021,3.0,2.0,14.0,46.63,46.63,2021-03-02 14:00:00
2021,3.0,2.0,15.0,46.08,46.08,2021-03-02 15:00:00
2021,3.0,2.0,16.0,46.2,46.2,2021-03-02 16:00:00
2021,3.0,2.0,17.0,52.89,52.89,2021-03-02 17:00:00
2021,3.0,2.0,18.0,56.76,56.76,2021-03-02 18:00:00
2021,3.0,2.0,19.0,58.07,58.07,2021-03-02 19:00:00
2021,3.0,2.0,20.0,78.62,78.62,2021-03-02 20:00:00
2021,3.0,2.0,21.0,63.45,63.45,2021-03-02 21:00:00
2021,3.0,2.0,22.0,59.89,59.89,2021-03-02 22:00:00
2021,3.0,2.0,23.0,56.56,56.56,2021-03-02 23:00:00
2021,3.0,2.0,24.0,52.86,52.86,2021-03-03 00:00:00
2021,3.0,3.0,1.0,51.0,51.0,2021-03-03 01:00:00
2021,3.0,3.0,2.0,44.72,44.72,2021-03-03 02:00:00
2021,3.0,3.0,3.0,43.81,43.81,2021-03-03 03:00:00
2021,3.0,3.0,4.0,43.93,43.93,2021-03-03 04:00:00
2021,3.0,3.0,5.0,43.87,43.87,2021-03-03 05:00:00
2021,3.0,3.0,6.0,49.38,49.38,2021-03-03 06:00:00
2021,3.0,3.0,7.0,58.99,58.99,2021-03-03 07:00:00
2021,3.0,3.0,8.0,67.04,67.04,2021-03-03 08:00:00
2021,3.0,3.0,9.0,66.75,66.75,2021-03-03 09:00:00
2021,3.0,3.0,10.0,58.2,58.2,2021-03-03 10:00:00
2021,3.0,3.0,11.0,53.61,53.61,2021-03-03 11:00:00
2021,3.0,3.0,12.0,51.01,51.01,2021-03-03 12:00:00
2021,3.0,3.0,13.0,49.0,49.0,2021-03-03 13:00:00
2021,3.0,3.0,14.0,46.51,46.51,2021-03-03 14:00:00
2021,3.0,3.0,15.0,44.1,44.1,2021-03-03 15:00:00
2021,3.0,3.0,16.0,44.9,44.9,2021-03-03 16:00:00
2021,3.0,3.0,17.0,46.98,46.98,2021-03-03 17:00:00
2021,3.0,3.0,18.0,56.36,56.36,2021-03-03 18:00:00
2021,3.0,3.0,19.0,61.41,61.41,2021-03-03 19:00:00
2021,3.0,3.0,20.0,70.0,70.0,2021-03-03 20:00:00
2021,3.0,3.0,21.0,62.01,62.01,2021-03-03 21:00:00
2021,3.0,3.0,22.0,58.99,58.99,2021-03-03 22:00:00
2021,3.0,3.0,23.0,53.0,53.0,2021-03-03 23:00:00
2021,3.0,3.0,24.0,52.28,52.28,2021-03-04 00:00:00
2021,3.0,4.0,1.0,52.38,52.38,2021-03-04 01:00:00
2021,3.0,4.0,2.0,46.14,46.14,2021-03-04 02:00:00
2021,3.0,4.0,3.0,44.25,44.25,2021-03-04 03:00:00
2021,3.0,4.0,4.0,43.39,43.39,2021-03-04 04:00:00
2021,3.0,4.0,5.0,43.96,43.96,2021-03-04 05:00:00
2021,3.0,4.0,6.0,46.47,46.47,2021-03-04 06:00:00
2021,3.0,4.0,7.0,55.8,55.8,2021-03-04 07:00:00
2021,3.0,4.0,8.0,62.01,62.01,2021-03-04 08:00:00
2021,3.0,4.0,9.0,62.4,65.71,2021-03-04 09:00:00
2021,3.0,4.0,10.0,64.38,64.93,2021-03-04 10:00:00
2021,3.0,4.0,11.0,60.05,60.05,2021-03-04 11:00:00
2021,3.0,4.0,12.0,56.45,56.45,2021-03-04 12:00:00
2021,3.0,4.0,13.0,55.0,55.0,2021-03-04 13:00:00
2021,3.0,4.0,14.0,53.98,53.98,2021-03-04 14:00:00
2021,3.0,4.0,15.0,53.23,53.23,2021-03-04 15:00:00
2021,3.0,4.0,16.0,53.49,53.49,2021-03-04 16:00:00
2021,3.0,4.0,17.0,53.07,53.07,2021-03-04 17:00:00
2021,3.0,4.0,18.0,56.09,56.09,2021-03-04 18:00:00
2021,3.0,4.0,19.0,62.13,62.13,2021-03-04 19:00:00
2021,3.0,4.0,20.0,66.14,66.14,2021-03-04 20:00:00
2021,3.0,4.0,21.0,62.4,62.4,2021-03-04 21:00:00
2021,3.0,4.0,22.0,62.3,62.3,2021-03-04 22:00:00
2021,3.0,4.0,23.0,57.1,57.1,2021-03-04 23:00:00
2021,3.0,4.0,24.0,53.75,53.75,2021-03-05 00:00:00
2021,3.0,5.0,1.0,48.57,48.57,2021-03-05 01:00:00
2021,3.0,5.0,2.0,44.25,44.25,2021-03-05 02:00:00
2021,3.0,5.0,3.0,42.65,42.65,2021-03-05 03:00:00
2021,3.0,5.0,4.0,42.03,42.03,2021-03-05 04:00:00
2021,3.0,5.0,5.0,43.39,43.39,2021-03-05 05:00:00
2021,3.0,5.0,6.0,46.01,46.01,2021-03-05 06:00:00
2021,3.0,5.0,7.0,55.22,55.22,2021-03-05 07:00:00
2021,3.0,5.0,8.0,62.24,62.28,2021-03-05 08:00:00
2021,3.0,5.0,9.0,65.49,67.97,2021-03-05 09:00:00
2021,3.0,5.0,10.0,63.24,63.24,2021-03-05 10:00:00
2021,3.0,5.0,11.0,56.47,56.47,2021-03-05 11:00:00
2021,3.0,5.0,12.0,53.78,53.78,2021-03-05 12:00:00
2021,3.0,5.0,13.0,51.99,51.99,2021-03-05 13:00:00
2021,3.0,5.0,14.0,48.99,48.99,2021-03-05 14:00:00
2021,3.0,5.0,15.0,48.76,48.76,2021-03-05 15:00:00
2021,3.0,5.0,16.0,44.06,44.06,2021-03-05 16:00:00
2021,3.0,5.0,17.0,48.51,48.51,2021-03-05 17:00:00
2021,3.0,5.0,18.0,52.34,52.34,2021-03-05 18:00:00
2021,3.0,5.0,19.0,57.55,57.55,2021-03-05 19:00:00
2021,3.0,5.0,20.0,65.0,65.0,2021-03-05 20:00:00
2021,3.0,5.0,21.0,59.17,59.17,2021-03-05 21:00:00
2021,3.0,5.0,22.0,55.34,55.34,2021-03-05 22:00:00
2021,3.0,5.0,23.0,53.15,53.15,2021-03-05 23:00:00
2021,3.0,5.0,24.0,48.17,48.17,2021-03-06 00:00:00
2021,3.0,6.0,1.0,48.0,48.0,2021-03-06 01:00:00
2021,3.0,6.0,2.0,42.51,42.51,2021-03-06 02:00:00
2021,3.0,6.0,3.0,41.45,41.45,2021-03-06 03:00:00
2021,3.0,6.0,4.0,40.8,40.8,2021-03-06 04:00:00
2021,3.0,6.0,5.0,40.36,40.36,2021-03-06 05:00:00
2021,3.0,6.0,6.0,40.46,40.46,2021-03-06 06:00:00
2021,3.0,6.0,7.0,41.45,41.45,2021-03-06 07:00:00
2021,3.0,6.0,8.0,44.55,44.55,2021-03-06 08:00:00
2021,3.0,6.0,9.0,48.03,48.03,2021-03-06 09:00:00
2021,3.0,6.0,10.0,45.61,45.61,2021-03-06 10:00:00
2021,3.0,6.0,11.0,41.39,41.39,2021-03-06 11:00:00
2021,3.0,6.0,12.0,39.95,39.95,2021-03-06 12:00:00
2021,3.0,6.0,13.0,39.95,39.95,2021-03-06 13:00:00
2021,3.0,6.0,14.0,39.95,39.95,2021-03-06 14:00:00
2021,3.0,6.0,15.0,40.0,40.0,2021-03-06 15:00:00
2021,3.0,6.0,16.0,39.75,39.75,2021-03-06 16:00:00
2021,3.0,6.0,17.0,40.27,40.27,2021-03-06 17:00:00
2021,3.0,6.0,18.0,48.64,48.64,2021-03-06 18:00:00
2021,3.0,6.0,19.0,56.02,56.02,2021-03-06 19:00:00
2021,3.0,6.0,20.0,58.87,58.87,2021-03-06 20:00:00
2021,3.0,6.0,21.0,54.97,54.97,2021-03-06 21:00:00
2021,3.0,6.0,22.0,52.88,52.88,2021-03-06 22:00:00
2021,3.0,6.0,23.0,49.68,49.68,2021-03-06 23:00:00
2021,3.0,6.0,24.0,46.22,46.22,2021-03-07 00:00:00
2021,3.0,7.0,1.0,45.25,45.25,2021-03-07 01:00:00
2021,3.0,7.0,2.0,43.38,43.38,2021-03-07 02:00:00
2021,3.0,7.0,3.0,43.34,43.34,2021-03-07 03:00:00
2021,3.0,7.0,4.0,43.44,43.44,2021-03-07 04:00:00
2021,3.0,7.0,5.0,42.13,42.13,2021-03-07 05:00:00
2021,3.0,7.0,6.0,43.85,43.85,2021-03-07 06:00:00
2021,3.0,7.0,7.0,45.24,45.24,2021-03-07 07:00:00
2021,3.0,7.0,8.0,44.48,44.48,2021-03-07 08:00:00
2021,3.0,7.0,9.0,46.0,46.0,2021-03-07 09:00:00
2021,3.0,7.0,10.0,47.32,47.32,2021-03-07 10:00:00
2021,3.0,7.0,11.0,45.25,45.25,2021-03-07 11:00:00
2021,3.0,7.0,12.0,45.45,45.45,2021-03-07 12:00:00
2021,3.0,7.0,13.0,45.01,45.01,2021-03-07 13:00:00
2021,3.0,7.0,14.0,45.8,45.8,2021-03-07 14:00:00
2021,3.0,7.0,15.0,43.49,43.49,2021-03-07 15:00:00
2021,3.0,7.0,16.0,40.0,40.0,2021-03-07 16:00:00
2021,3.0,7.0,17.0,42.4,42.4,2021-03-07 17:00:00
2021,3.0,7.0,18.0,47.67,47.67,2021-03-07 18:00:00
2021,3.0,7.0,19.0,54.17,55.84,2021-03-07 19:00:00
2021,3.0,7.0,20.0,60.91,60.91,2021-03-07 20:00:00
2021,3.0,7.0,21.0,56.77,56.77,2021-03-07 21:00:00
2021,3.0,7.0,22.0,54.27,54.27,2021-03-07 22:00:00
2021,3.0,7.0,23.0,53.0,53.0,2021-03-07 23:00:00
2021,3.0,7.0,24.0,48.99,48.99,2021-03-08 00:00:00
2021,3.0,8.0,1.0,47.3,47.3,2021-03-08 01:00:00
2021,3.0,8.0,2.0,45.5,45.5,2021-03-08 02:00:00
2021,3.0,8.0,3.0,44.48,44.48,2021-03-08 03:00:00
2021,3.0,8.0,4.0,43.02,43.02,2021-03-08 04:00:00
2021,3.0,8.0,5.0,45.0,45.0,2021-03-08 05:00:00
2021,3.0,8.0,6.0,50.06,50.06,2021-03-08 06:00:00
2021,3.0,8.0,7.0,42.51,42.51,2021-03-08 07:00:00
2021,3.0,8.0,8.0,58.02,58.02,2021-03-08 08:00:00
2021,3.0,8.0,9.0,59.49,59.49,2021-03-08 09:00:00
2021,3.0,8.0,10.0,61.37,61.37,2021-03-08 10:00:00
2021,3.0,8.0,11.0,59.34,59.34,2021-03-08 11:00:00
2021,3.0,8.0,12.0,57.73,57.73,2021-03-08 12:00:00
2021,3.0,8.0,13.0,56.55,56.55,2021-03-08 13:00:00
2021,3.0,8.0,14.0,55.68,55.68,2021-03-08 14:00:00
2021,3.0,8.0,15.0,54.15,54.15,2021-03-08 15:00:00
2021,3.0,8.0,16.0,55.41,55.41,2021-03-08 16:00:00
2021,3.0,8.0,17.0,58.02,58.02,2021-03-08 17:00:00
2021,3.0,8.0,18.0,57.12,57.12,2021-03-08 18:00:00
2021,3.0,8.0,19.0,57.2,57.2,2021-03-08 19:00:00
2021,3.0,8.0,20.0,61.79,61.79,2021-03-08 20:00:00
2021,3.0,8.0,21.0,66.18,66.18,2021-03-08 21:00:00
2021,3.0,8.0,22.0,59.16,59.16,2021-03-08 22:00:00
2021,3.0,8.0,23.0,56.87,56.87,2021-03-08 23:00:00
2021,3.0,8.0,24.0,54.25,54.25,2021-03-09 00:00:00
2021,3.0,9.0,1.0,53.15,53.15,2021-03-09 01:00:00
2021,3.0,9.0,2.0,46.66,46.66,2021-03-09 02:00:00
2021,3.0,9.0,3.0,43.77,43.77,2021-03-09 03:00:00
2021,3.0,9.0,4.0,43.09,43.09,2021-03-09 04:00:00
2021,3.0,9.0,5.0,43.59,43.59,2021-03-09 05:00:00
2021,3.0,9.0,6.0,48.26,48.26,2021-03-09 06:00:00
2021,3.0,9.0,7.0,52.46,52.46,2021-03-09 07:00:00
2021,3.0,9.0,8.0,59.18,59.18,2021-03-09 08:00:00
2021,3.0,9.0,9.0,63.02,63.02,2021-03-09 09:00:00
2021,3.0,9.0,10.0,63.02,63.02,2021-03-09 10:00:00
2021,3.0,9.0,11.0,62.0,62.0,2021-03-09 11:00:00
2021,3.0,9.0,12.0,59.7,59.7,2021-03-09 12:00:00
2021,3.0,9.0,13.0,57.94,57.94,2021-03-09 13:00:00
2021,3.0,9.0,14.0,56.47,56.47,2021-03-09 14:00:00
2021,3.0,9.0,15.0,56.49,56.49,2021-03-09 15:00:00
2021,3.0,9.0,16.0,56.78,56.78,2021-03-09 16:00:00
2021,3.0,9.0,17.0,56.5,56.5,2021-03-09 17:00:00
2021,3.0,9.0,18.0,59.0,59.0,2021-03-09 18:00:00
2021,3.0,9.0,19.0,63.01,63.01,2021-03-09 19:00:00
2021,3.0,9.0,20.0,75.01,75.01,2021-03-09 20:00:00
2021,3.0,9.0,21.0,70.0,70.0,2021-03-09 21:00:00
2021,3.0,9.0,22.0,61.7,61.7,2021-03-09 22:00:00
2021,3.0,9.0,23.0,58.3,58.3,2021-03-09 23:00:00
2021,3.0,9.0,24.0,56.0,56.0,2021-03-10 00:00:00
2021,3.0,10.0,1.0,55.57,55.57,2021-03-10 01:00:00
2021,3.0,10.0,2.0,53.46,53.46,2021-03-10 02:00:00
2021,3.0,10.0,3.0,50.03,50.03,2021-03-10 03:00:00
2021,3.0,10.0,4.0,49.04,49.04,2021-03-10 04:00:00
2021,3.0,10.0,5.0,49.0,49.0,2021-03-10 05:00:00
2021,3.0,10.0,6.0,53.08,53.08,2021-03-10 06:00:00
2021,3.0,10.0,7.0,58.9,58.9,2021-03-10 07:00:00
2021,3.0,10.0,8.0,69.9,69.9,2021-03-10 08:00:00
2021,3.0,10.0,9.0,68.08,68.08,2021-03-10 09:00:00
2021,3.0,10.0,10.0,62.37,62.37,2021-03-10 10:00:00
2021,3.0,10.0,11.0,59.31,59.31,2021-03-10 11:00:00
2021,3.0,10.0,12.0,55.93,55.93,2021-03-10 12:00:00
2021,3.0,10.0,13.0,54.12,54.12,2021-03-10 13:00:00
2021,3.0,10.0,14.0,51.94,51.94,2021-03-10 14:00:00
2021,3.0,10.0,15.0,51.57,51.57,2021-03-10 15:00:00
2021,3.0,10.0,16.0,48.71,48.71,2021-03-10 16:00:00
2021,3.0,10.0,17.0,49.03,49.03,2021-03-10 17:00:00
2021,3.0,10.0,18.0,54.78,54.78,2021-03-10 18:00:00
2021,3.0,10.0,19.0,58.51,58.51,2021-03-10 19:00:00
2021,3.0,10.0,20.0,61.38,61.38,2021-03-10 20:00:00
2021,3.0,10.0,21.0,62.07,62.07,2021-03-10 21:00:00
2021,3.0,10.0,22.0,59.83,59.83,2021-03-10 22:00:00
2021,3.0,10.0,23.0,53.46,53.46,2021-03-10 23:00:00
2021,3.0,10.0,24.0,50.75,50.75,2021-03-11 00:00:00
2021,3.0,11.0,1.0,40.17,40.17,2021-03-11 01:00:00
2021,3.0,11.0,2.0,37.64,37.64,2021-03-11 02:00:00
2021,3.0,11.0,3.0,32.3,32.3,2021-03-11 03:00:00
2021,3.0,11.0,4.0,27.43,27.43,2021-03-11 04:00:00
2021,3.0,11.0,5.0,27.55,16.75,2021-03-11 05:00:00
2021,3.0,11.0,6.0,27.48,20.71,2021-03-11 06:00:00
2021,3.0,11.0,7.0,32.72,32.72,2021-03-11 07:00:00
2021,3.0,11.0,8.0,47.78,47.78,2021-03-11 08:00:00
2021,3.0,11.0,9.0,53.03,53.03,2021-03-11 09:00:00
2021,3.0,11.0,10.0,52.22,52.22,2021-03-11 10:00:00
2021,3.0,11.0,11.0,45.6,45.6,2021-03-11 11:00:00
2021,3.0,11.0,12.0,42.0,42.0,2021-03-11 12:00:00
2021,3.0,11.0,13.0,41.22,41.22,2021-03-11 13:00:00
2021,3.0,11.0,14.0,38.99,38.99,2021-03-11 14:00:00
2021,3.0,11.0,15.0,36.64,36.64,2021-03-11 15:00:00
2021,3.0,11.0,16.0,33.04,33.04,2021-03-11 16:00:00
2021,3.0,11.0,17.0,34.09,34.09,2021-03-11 17:00:00
2021,3.0,11.0,18.0,38.97,38.97,2021-03-11 18:00:00
2021,3.0,11.0,19.0,48.33,48.33,2021-03-11 19:00:00
2021,3.0,11.0,20.0,56.59,56.59,2021-03-11 20:00:00
2021,3.0,11.0,21.0,55.01,55.01,2021-03-11 21:00:00
2021,3.0,11.0,22.0,52.03,52.03,2021-03-11 22:00:00
2021,3.0,11.0,23.0,49.57,49.57,2021-03-11 23:00:00
2021,3.0,11.0,24.0,45.4,45.4,2021-03-12 00:00:00
2021,3.0,12.0,1.0,30.99,30.99,2021-03-12 01:00:00
2021,3.0,12.0,2.0,29.41,29.41,2021-03-12 02:00:00
2021,3.0,12.0,3.0,28.99,28.99,2021-03-12 03:00:00
2021,3.0,12.0,4.0,26.0,26.0,2021-03-12 04:00:00
2021,3.0,12.0,5.0,24.87,24.87,2021-03-12 05:00:00
2021,3.0,12.0,6.0,28.99,28.99,2021-03-12 06:00:00
2021,3.0,12.0,7.0,43.75,43.75,2021-03-12 07:00:00
2021,3.0,12.0,8.0,52.39,52.39,2021-03-12 08:00:00
2021,3.0,12.0,9.0,57.74,57.74,2021-03-12 09:00:00
2021,3.0,12.0,10.0,52.01,52.01,2021-03-12 10:00:00
2021,3.0,12.0,11.0,45.0,45.0,2021-03-12 11:00:00
2021,3.0,12.0,12.0,36.57,36.57,2021-03-12 12:00:00
2021,3.0,12.0,13.0,34.69,34.69,2021-03-12 13:00:00
2021,3.0,12.0,14.0,30.43,30.43,2021-03-12 14:00:00
2021,3.0,12.0,15.0,29.41,29.41,2021-03-12 15:00:00
2021,3.0,12.0,16.0,31.82,31.82,2021-03-12 16:00:00
2021,3.0,12.0,17.0,30.99,30.99,2021-03-12 17:00:00
2021,3.0,12.0,18.0,41.53,41.53,2021-03-12 18:00:00
2021,3.0,12.0,19.0,50.82,50.82,2021-03-12 19:00:00
2021,3.0,12.0,20.0,55.01,55.01,2021-03-12 20:00:00
2021,3.0,12.0,21.0,52.57,52.57,2021-03-12 21:00:00
2021,3.0,12.0,22.0,52.01,52.01,2021-03-12 22:00:00
2021,3.0,12.0,23.0,51.03,51.03,2021-03-12 23:00:00
2021,3.0,12.0,24.0,46.88,46.88,2021-03-13 00:00:00
2021,3.0,13.0,1.0,41.5,41.5,2021-03-13 01:00:00
2021,3.0,13.0,2.0,29.5,29.5,2021-03-13 02:00:00
2021,3.0,13.0,3.0,27.73,27.73,2021-03-13 03:00:00
2021,3.0,13.0,4.0,26.0,26.0,2021-03-13 04:00:00
2021,3.0,13.0,5.0,27.73,27.73,2021-03-13 05:00:00
2021,3.0,13.0,6.0,26.92,26.92,2021-03-13 06:00:00
2021,3.0,13.0,7.0,28.05,28.05,2021-03-13 07:00:00
2021,3.0,13.0,8.0,28.28,28.28,2021-03-13 08:00:00
2021,3.0,13.0,9.0,32.12,32.12,2021-03-13 09:00:00
2021,3.0,13.0,10.0,29.01,29.01,2021-03-13 10:00:00
2021,3.0,13.0,11.0,26.91,26.91,2021-03-13 11:00:00
2021,3.0,13.0,12.0,23.0,23.0,2021-03-13 12:00:00
2021,3.0,13.0,13.0,23.4,23.4,2021-03-13 13:00:00
2021,3.0,13.0,14.0,19.9,19.9,2021-03-13 14:00:00
2021,3.0,13.0,15.0,19.4,19.4,2021-03-13 15:00:00
2021,3.0,13.0,16.0,5.41,5.41,2021-03-13 16:00:00
2021,3.0,13.0,17.0,4.04,4.04,2021-03-13 17:00:00
2021,3.0,13.0,18.0,16.83,16.83,2021-03-13 18:00:00
2021,3.0,13.0,19.0,32.5,32.5,2021-03-13 19:00:00
2021,3.0,13.0,20.0,45.99,45.99,2021-03-13 20:00:00
2021,3.0,13.0,21.0,43.84,43.84,2021-03-13 21:00:00
2021,3.0,13.0,22.0,43.19,43.19,2021-03-13 22:00:00
2021,3.0,13.0,23.0,33.25,33.25,2021-03-13 23:00:00
2021,3.0,13.0,24.0,31.57,31.57,2021-03-14 00:00:00
2021,3.0,14.0,1.0,24.45,24.45,2021-03-14 01:00:00
2021,3.0,14.0,2.0,22.2,22.2,2021-03-14 02:00:00
2021,3.0,14.0,3.0,19.99,19.99,2021-03-14 03:00:00
2021,3.0,14.0,4.0,17.2,17.2,2021-03-14 04:00:00
2021,3.0,14.0,5.0,17.04,17.04,2021-03-14 05:00:00
2021,3.0,14.0,6.0,14.79,14.79,2021-03-14 06:00:00
2021,3.0,14.0,7.0,18.33,18.33,2021-03-14 07:00:00
2021,3.0,14.0,8.0,18.0,18.0,2021-03-14 08:00:00
2021,3.0,14.0,9.0,18.0,18.0,2021-03-14 09:00:00
2021,3.0,14.0,10.0,19.91,19.91,2021-03-14 10:00:00
2021,3.0,14.0,11.0,14.34,14.34,2021-03-14 11:00:00
2021,3.0,14.0,12.0,14.0,14.0,2021-03-14 12:00:00
2021,3.0,14.0,13.0,14.0,14.0,2021-03-14 13:00:00
2021,3.0,14.0,14.0,10.07,10.07,2021-03-14 14:00:00
2021,3.0,14.0,15.0,9.49,9.49,2021-03-14 15:00:00
2021,3.0,14.0,16.0,5.0,5.0,2021-03-14 16:00:00
2021,3.0,14.0,17.0,11.0,11.0,2021-03-14 17:00:00
2021,3.0,14.0,18.0,25.8,25.8,2021-03-14 18:00:00
2021,3.0,14.0,19.0,42.86,42.86,2021-03-14 19:00:00
2021,3.0,14.0,20.0,56.56,56.56,2021-03-14 20:00:00
2021,3.0,14.0,21.0,55.18,55.18,2021-03-14 21:00:00
2021,3.0,14.0,22.0,49.86,49.86,2021-03-14 22:00:00
2021,3.0,14.0,23.0,46.9,46.9,2021-03-14 23:00:00
2021,3.0,14.0,24.0,44.1,44.1,2021-03-15 00:00:00
2021,3.0,15.0,1.0,46.73,46.73,2021-03-15 01:00:00
2021,3.0,15.0,2.0,41.04,41.04,2021-03-15 02:00:00
2021,3.0,15.0,3.0,37.28,37.28,2021-03-15 03:00:00
2021,3.0,15.0,4.0,35.03,35.03,2021-03-15 04:00:00
2021,3.0,15.0,5.0,33.41,33.41,2021-03-15 05:00:00
2021,3.0,15.0,6.0,40.92,40.92,2021-03-15 06:00:00
2021,3.0,15.0,7.0,50.76,50.76,2021-03-15 07:00:00
2021,3.0,15.0,8.0,54.01,54.01,2021-03-15 08:00:00
2021,3.0,15.0,9.0,54.33,54.33,2021-03-15 09:00:00
2021,3.0,15.0,10.0,52.64,52.64,2021-03-15 10:00:00
2021,3.0,15.0,11.0,51.29,51.29,2021-03-15 11:00:00
2021,3.0,15.0,12.0,50.42,50.42,2021-03-15 12:00:00
2021,3.0,15.0,13.0,48.47,48.47,2021-03-15 13:00:00
2021,3.0,15.0,14.0,46.24,46.24,2021-03-15 14:00:00
2021,3.0,15.0,15.0,43.17,43.17,2021-03-15 15:00:00
2021,3.0,15.0,16.0,40.27,40.27,2021-03-15 16:00:00
2021,3.0,15.0,17.0,43.78,43.78,2021-03-15 17:00:00
2021,3.0,15.0,18.0,48.27,48.27,2021-03-15 18:00:00
2021,3.0,15.0,19.0,50.51,50.51,2021-03-15 19:00:00
2021,3.0,15.0,20.0,57.94,57.94,2021-03-15 20:00:00
2021,3.0,15.0,21.0,59.93,59.93,2021-03-15 21:00:00
2021,3.0,15.0,22.0,55.9,55.9,2021-03-15 22:00:00
2021,3.0,15.0,23.0,50.76,50.76,2021-03-15 23:00:00
2021,3.0,15.0,24.0,48.94,48.94,2021-03-16 00:00:00
2021,3.0,16.0,1.0,43.19,43.19,2021-03-16 01:00:00
2021,3.0,16.0,2.0,39.59,39.59,2021-03-16 02:00:00
2021,3.0,16.0,3.0,28.48,28.48,2021-03-16 03:00:00
2021,3.0,16.0,4.0,27.38,27.38,2021-03-16 04:00:00
2021,3.0,16.0,5.0,24.42,24.42,2021-03-16 05:00:00
2021,3.0,16.0,6.0,25.8,25.8,2021-03-16 06:00:00
2021,3.0,16.0,7.0,27.42,27.42,2021-03-16 07:00:00
2021,3.0,16.0,8.0,41.57,41.57,2021-03-16 08:00:00
2021,3.0,16.0,9.0,44.21,44.21,2021-03-16 09:00:00
2021,3.0,16.0,10.0,39.96,39.96,2021-03-16 10:00:00
2021,3.0,16.0,11.0,37.47,37.47,2021-03-16 11:00:00
2021,3.0,16.0,12.0,35.85,35.85,2021-03-16 12:00:00
2021,3.0,16.0,13.0,32.19,32.19,2021-03-16 13:00:00
2021,3.0,16.0,14.0,30.57,30.57,2021-03-16 14:00:00
2021,3.0,16.0,15.0,28.48,28.48,2021-03-16 15:00:00
2021,3.0,16.0,16.0,26.76,26.76,2021-03-16 16:00:00
2021,3.0,16.0,17.0,25.8,25.8,2021-03-16 17:00:00
2021,3.0,16.0,18.0,26.83,26.83,2021-03-16 18:00:00
2021,3.0,16.0,19.0,28.49,28.49,2021-03-16 19:00:00
2021,3.0,16.0,20.0,46.9,46.9,2021-03-16 20:00:00
2021,3.0,16.0,21.0,50.76,50.76,2021-03-16 21:00:00
2021,3.0,16.0,22.0,48.34,48.34,2021-03-16 22:00:00
2021,3.0,16.0,23.0,39.96,39.96,2021-03-16 23:00:00
2021,3.0,16.0,24.0,27.93,27.93,2021-03-17 00:00:00
2021,3.0,17.0,1.0,21.6,21.6,2021-03-17 01:00:00
2021,3.0,17.0,2.0,17.09,17.09,2021-03-17 02:00:00
2021,3.0,17.0,3.0,15.49,15.49,2021-03-17 03:00:00
2021,3.0,17.0,4.0,15.2,15.2,2021-03-17 04:00:00
2021,3.0,17.0,5.0,14.23,14.35,2021-03-17 05:00:00
2021,3.0,17.0,6.0,15.05,15.6,2021-03-17 06:00:00
2021,3.0,17.0,7.0,15.05,20.0,2021-03-17 07:00:00
2021,3.0,17.0,8.0,24.6,24.6,2021-03-17 08:00:00
2021,3.0,17.0,9.0,28.57,28.57,2021-03-17 09:00:00
2021,3.0,17.0,10.0,23.4,23.4,2021-03-17 10:00:00
2021,3.0,17.0,11.0,20.57,20.57,2021-03-17 11:00:00
2021,3.0,17.0,12.0,15.4,15.4,2021-03-17 12:00:00
2021,3.0,17.0,13.0,15.05,15.05,2021-03-17 13:00:00
2021,3.0,17.0,14.0,13.2,13.2,2021-03-17 14:00:00
2021,3.0,17.0,15.0,10.04,10.04,2021-03-17 15:00:00
2021,3.0,17.0,16.0,8.75,8.75,2021-03-17 16:00:00
2021,3.0,17.0,17.0,8.43,8.43,2021-03-17 17:00:00
2021,3.0,17.0,18.0,11.76,11.76,2021-03-17 18:00:00
2021,3.0,17.0,19.0,15.49,15.49,2021-03-17 19:00:00
2021,3.0,17.0,20.0,21.0,21.0,2021-03-17 20:00:00
2021,3.0,17.0,21.0,27.0,27.0,2021-03-17 21:00:00
2021,3.0,17.0,22.0,22.3,22.3,2021-03-17 22:00:00
2021,3.0,17.0,23.0,15.9,15.9,2021-03-17 23:00:00
2021,3.0,17.0,24.0,15.6,15.6,2021-03-18 00:00:00
2021,3.0,18.0,1.0,21.53,21.53,2021-03-18 01:00:00
2021,3.0,18.0,2.0,21.89,21.89,2021-03-18 02:00:00
2021,3.0,18.0,3.0,21.89,21.89,2021-03-18 03:00:00
2021,3.0,18.0,4.0,21.89,21.89,2021-03-18 04:00:00
2021,3.0,18.0,5.0,25.77,25.77,2021-03-18 05:00:00
2021,3.0,18.0,6.0,24.57,24.57,2021-03-18 06:00:00
2021,3.0,18.0,7.0,30.0,30.0,2021-03-18 07:00:00
2021,3.0,18.0,8.0,38.01,38.01,2021-03-18 08:00:00
2021,3.0,18.0,9.0,43.28,43.28,2021-03-18 09:00:00
2021,3.0,18.0,10.0,37.03,37.03,2021-03-18 10:00:00
2021,3.0,18.0,11.0,32.2,32.2,2021-03-18 11:00:00
2021,3.0,18.0,12.0,34.93,34.93,2021-03-18 12:00:00
2021,3.0,18.0,13.0,36.95,36.95,2021-03-18 13:00:00
2021,3.0,18.0,14.0,37.03,37.03,2021-03-18 14:00:00
2021,3.0,18.0,15.0,34.33,34.33,2021-03-18 15:00:00
2021,3.0,18.0,16.0,29.01,29.01,2021-03-18 16:00:00
2021,3.0,18.0,17.0,24.57,24.57,2021-03-18 17:00:00
2021,3.0,18.0,18.0,25.97,25.97,2021-03-18 18:00:00
2021,3.0,18.0,19.0,32.09,32.09,2021-03-18 19:00:00
2021,3.0,18.0,20.0,43.53,43.53,2021-03-18 20:00:00
2021,3.0,18.0,21.0,52.01,52.01,2021-03-18 21:00:00
2021,3.0,18.0,22.0,44.9,44.9,2021-03-18 22:00:00
2021,3.0,18.0,23.0,38.58,38.58,2021-03-18 23:00:00
2021,3.0,18.0,24.0,34.57,34.57,2021-03-19 00:00:00
2021,3.0,19.0,1.0,30.13,30.13,2021-03-19 01:00:00
2021,3.0,19.0,2.0,26.82,26.82,2021-03-19 02:00:00
2021,3.0,19.0,3.0,26.75,26.75,2021-03-19 03:00:00
2021,3.0,19.0,4.0,26.75,26.75,2021-03-19 04:00:00
2021,3.0,19.0,5.0,27.74,27.74,2021-03-19 05:00:00
2021,3.0,19.0,6.0,27.87,27.87,2021-03-19 06:00:00
2021,3.0,19.0,7.0,26.74,26.74,2021-03-19 07:00:00
2021,3.0,19.0,8.0,30.65,30.65,2021-03-19 08:00:00
2021,3.0,19.0,9.0,30.76,30.76,2021-03-19 09:00:00
2021,3.0,19.0,10.0,30.0,30.0,2021-03-19 10:00:00
2021,3.0,19.0,11.0,30.0,30.0,2021-03-19 11:00:00
2021,3.0,19.0,12.0,27.87,27.87,2021-03-19 12:00:00
2021,3.0,19.0,13.0,26.74,26.74,2021-03-19 13:00:00
2021,3.0,19.0,14.0,26.74,26.74,2021-03-19 14:00:00
2021,3.0,19.0,15.0,23.4,23.4,2021-03-19 15:00:00
2021,3.0,19.0,16.0,23.13,23.13,2021-03-19 16:00:00
2021,3.0,19.0,17.0,21.1,21.1,2021-03-19 17:00:00
2021,3.0,19.0,18.0,23.13,23.13,2021-03-19 18:00:00
2021,3.0,19.0,19.0,27.87,27.87,2021-03-19 19:00:00
2021,3.0,19.0,20.0,37.47,37.47,2021-03-19 20:00:00
2021,3.0,19.0,21.0,46.85,46.85,2021-03-19 21:00:00
2021,3.0,19.0,22.0,46.57,46.57,2021-03-19 22:00:00
2021,3.0,19.0,23.0,36.03,36.03,2021-03-19 23:00:00
2021,3.0,19.0,24.0,30.76,30.76,2021-03-20 00:00:00
2021,3.0,20.0,1.0,24.08,24.08,2021-03-20 01:00:00
2021,3.0,20.0,2.0,20.6,20.6,2021-03-20 02:00:00
2021,3.0,20.0,3.0,20.4,20.4,2021-03-20 03:00:00
2021,3.0,20.0,4.0,19.99,19.99,2021-03-20 04:00:00
2021,3.0,20.0,5.0,19.9,19.9,2021-03-20 05:00:00
2021,3.0,20.0,6.0,19.98,19.98,2021-03-20 06:00:00
2021,3.0,20.0,7.0,19.9,19.9,2021-03-20 07:00:00
2021,3.0,20.0,8.0,19.9,19.9,2021-03-20 08:00:00
2021,3.0,20.0,9.0,18.49,18.49,2021-03-20 09:00:00
2021,3.0,20.0,10.0,18.28,18.28,2021-03-20 10:00:00
2021,3.0,20.0,11.0,16.67,16.67,2021-03-20 11:00:00
2021,3.0,20.0,12.0,13.01,13.01,2021-03-20 12:00:00
2021,3.0,20.0,13.0,12.44,12.44,2021-03-20 13:00:00
2021,3.0,20.0,14.0,16.0,16.0,2021-03-20 14:00:00
2021,3.0,20.0,15.0,16.67,16.67,2021-03-20 15:00:00
2021,3.0,20.0,16.0,16.1,16.1,2021-03-20 16:00:00
2021,3.0,20.0,17.0,15.01,15.01,2021-03-20 17:00:00
2021,3.0,20.0,18.0,18.49,18.49,2021-03-20 18:00:00
2021,3.0,20.0,19.0,20.7,20.7,2021-03-20 19:00:00
2021,3.0,20.0,20.0,30.65,30.65,2021-03-20 20:00:00
2021,3.0,20.0,21.0,46.01,46.01,2021-03-20 21:00:00
2021,3.0,20.0,22.0,45.27,45.27,2021-03-20 22:00:00
2021,3.0,20.0,23.0,34.57,34.57,2021-03-20 23:00:00
2021,3.0,20.0,24.0,29.42,29.42,2021-03-21 00:00:00
2021,3.0,21.0,1.0,34.33,34.33,2021-03-21 01:00:00
2021,3.0,21.0,2.0,26.24,26.24,2021-03-21 02:00:00
2021,3.0,21.0,3.0,24.43,24.43,2021-03-21 03:00:00
2021,3.0,21.0,4.0,23.99,23.99,2021-03-21 04:00:00
2021,3.0,21.0,5.0,24.43,24.43,2021-03-21 05:00:00
2021,3.0,21.0,6.0,23.99,23.99,2021-03-21 06:00:00
2021,3.0,21.0,7.0,26.99,26.99,2021-03-21 07:00:00
2021,3.0,21.0,8.0,24.01,24.01,2021-03-21 08:00:00
2021,3.0,21.0,9.0,20.6,20.6,2021-03-21 09:00:00
2021,3.0,21.0,10.0,19.99,19.99,2021-03-21 10:00:00
2021,3.0,21.0,11.0,19.6,19.6,2021-03-21 11:00:00
2021,3.0,21.0,12.0,19.99,19.99,2021-03-21 12:00:00
2021,3.0,21.0,13.0,20.6,20.6,2021-03-21 13:00:00
2021,3.0,21.0,14.0,23.4,23.4,2021-03-21 14:00:00
2021,3.0,21.0,15.0,21.2,21.2,2021-03-21 15:00:00
2021,3.0,21.0,16.0,20.6,20.6,2021-03-21 16:00:00
2021,3.0,21.0,17.0,20.0,20.0,2021-03-21 17:00:00
2021,3.0,21.0,18.0,21.55,21.55,2021-03-21 18:00:00
2021,3.0,21.0,19.0,38.08,38.08,2021-03-21 19:00:00
2021,3.0,21.0,20.0,53.23,53.23,2021-03-21 20:00:00
2021,3.0,21.0,21.0,59.18,59.18,2021-03-21 21:00:00
2021,3.0,21.0,22.0,54.8,54.8,2021-03-21 22:00:00
2021,3.0,21.0,23.0,55.27,55.27,2021-03-21 23:00:00
2021,3.0,21.0,24.0,50.1,50.1,2021-03-22 00:00:00
2021,3.0,22.0,1.0,49.55,49.55,2021-03-22 01:00:00
2021,3.0,22.0,2.0,48.74,48.74,2021-03-22 02:00:00
2021,3.0,22.0,3.0,47.76,47.76,2021-03-22 03:00:00
2021,3.0,22.0,4.0,47.01,47.01,2021-03-22 04:00:00
2021,3.0,22.0,5.0,47.4,47.4,2021-03-22 05:00:00
2021,3.0,22.0,6.0,50.56,50.56,2021-03-22 06:00:00
2021,3.0,22.0,7.0,55.0,55.0,2021-03-22 07:00:00
2021,3.0,22.0,8.0,56.03,56.03,2021-03-22 08:00:00
2021,3.0,22.0,9.0,57.11,57.11,2021-03-22 09:00:00
2021,3.0,22.0,10.0,54.86,54.86,2021-03-22 10:00:00
2021,3.0,22.0,11.0,54.51,54.51,2021-03-22 11:00:00
2021,3.0,22.0,12.0,54.37,54.37,2021-03-22 12:00:00
2021,3.0,22.0,13.0,54.42,54.42,2021-03-22 13:00:00
2021,3.0,22.0,14.0,54.81,54.81,2021-03-22 14:00:00
2021,3.0,22.0,15.0,52.51,52.51,2021-03-22 15:00:00
2021,3.0,22.0,16.0,51.01,51.01,2021-03-22 16:00:00
2021,3.0,22.0,17.0,54.01,54.01,2021-03-22 17:00:00
2021,3.0,22.0,18.0,57.01,57.01,2021-03-22 18:00:00
2021,3.0,22.0,19.0,60.16,60.16,2021-03-22 19:00:00
2021,3.0,22.0,20.0,74.69,74.69,2021-03-22 20:00:00
2021,3.0,22.0,21.0,75.0,75.0,2021-03-22 21:00:00
2021,3.0,22.0,22.0,65.43,65.43,2021-03-22 22:00:00
2021,3.0,22.0,23.0,60.8,60.8,2021-03-22 23:00:00
2021,3.0,22.0,24.0,56.31,56.31,2021-03-23 00:00:00
2021,3.0,23.0,1.0,60.59,60.59,2021-03-23 01:00:00
2021,3.0,23.0,2.0,56.57,56.57,2021-03-23 02:00:00
2021,3.0,23.0,3.0,55.0,55.0,2021-03-23 03:00:00
2021,3.0,23.0,4.0,55.01,55.01,2021-03-23 04:00:00
2021,3.0,23.0,5.0,56.39,56.39,2021-03-23 05:00:00
2021,3.0,23.0,6.0,58.66,58.66,2021-03-23 06:00:00
2021,3.0,23.0,7.0,65.25,65.25,2021-03-23 07:00:00
2021,3.0,23.0,8.0,74.37,74.37,2021-03-23 08:00:00
2021,3.0,23.0,9.0,75.9,75.9,2021-03-23 09:00:00
2021,3.0,23.0,10.0,69.2,69.2,2021-03-23 10:00:00
2021,3.0,23.0,11.0,63.46,63.46,2021-03-23 11:00:00
2021,3.0,23.0,12.0,60.98,60.98,2021-03-23 12:00:00
2021,3.0,23.0,13.0,60.78,60.78,2021-03-23 13:00:00
2021,3.0,23.0,14.0,60.48,60.48,2021-03-23 14:00:00
2021,3.0,23.0,15.0,57.83,57.83,2021-03-23 15:00:00
2021,3.0,23.0,16.0,57.76,57.76,2021-03-23 16:00:00
2021,3.0,23.0,17.0,60.02,60.02,2021-03-23 17:00:00
2021,3.0,23.0,18.0,64.64,64.64,2021-03-23 18:00:00
2021,3.0,23.0,19.0,71.09,71.09,2021-03-23 19:00:00
2021,3.0,23.0,20.0,80.0,83.49,2021-03-23 20:00:00
2021,3.0,23.0,21.0,76.25,76.25,2021-03-23 21:00:00
2021,3.0,23.0,22.0,72.62,72.62,2021-03-23 22:00:00
2021,3.0,23.0,23.0,66.4,66.4,2021-03-23 23:00:00
2021,3.0,23.0,24.0,64.57,64.57,2021-03-24 00:00:00
2021,3.0,24.0,1.0,63.01,63.01,2021-03-24 01:00:00
2021,3.0,24.0,2.0,62.34,62.34,2021-03-24 02:00:00
2021,3.0,24.0,3.0,61.51,61.51,2021-03-24 03:00:00
2021,3.0,24.0,4.0,61.47,61.47,2021-03-24 04:00:00
2021,3.0,24.0,5.0,61.51,61.51,2021-03-24 05:00:00
2021,3.0,24.0,6.0,61.83,61.83,2021-03-24 06:00:00
2021,3.0,24.0,7.0,64.97,64.97,2021-03-24 07:00:00
2021,3.0,24.0,8.0,74.21,74.21,2021-03-24 08:00:00
2021,3.0,24.0,9.0,73.07,75.76,2021-03-24 09:00:00
2021,3.0,24.0,10.0,67.39,67.39,2021-03-24 10:00:00
2021,3.0,24.0,11.0,62.36,62.36,2021-03-24 11:00:00
2021,3.0,24.0,12.0,62.36,62.36,2021-03-24 12:00:00
2021,3.0,24.0,13.0,61.32,61.32,2021-03-24 13:00:00
2021,3.0,24.0,14.0,61.14,61.14,2021-03-24 14:00:00
2021,3.0,24.0,15.0,60.0,60.0,2021-03-24 15:00:00
2021,3.0,24.0,16.0,58.07,58.07,2021-03-24 16:00:00
2021,3.0,24.0,17.0,58.42,58.42,2021-03-24 17:00:00
2021,3.0,24.0,18.0,61.32,61.32,2021-03-24 18:00:00
2021,3.0,24.0,19.0,67.0,67.0,2021-03-24 19:00:00
2021,3.0,24.0,20.0,84.0,84.0,2021-03-24 20:00:00
2021,3.0,24.0,21.0,73.58,73.58,2021-03-24 21:00:00
2021,3.0,24.0,22.0,67.22,67.22,2021-03-24 22:00:00
2021,3.0,24.0,23.0,63.26,63.26,2021-03-24 23:00:00
2021,3.0,24.0,24.0,61.52,61.52,2021-03-25 00:00:00
2021,3.0,25.0,1.0,63.26,63.26,2021-03-25 01:00:00
2021,3.0,25.0,2.0,62.87,62.87,2021-03-25 02:00:00
2021,3.0,25.0,3.0,62.29,62.29,2021-03-25 03:00:00
2021,3.0,25.0,4.0,62.24,62.24,2021-03-25 04:00:00
2021,3.0,25.0,5.0,62.24,62.24,2021-03-25 05:00:00
2021,3.0,25.0,6.0,62.36,62.36,2021-03-25 06:00:00
2021,3.0,25.0,7.0,68.8,68.8,2021-03-25 07:00:00
2021,3.0,25.0,8.0,70.54,74.97,2021-03-25 08:00:00
2021,3.0,25.0,9.0,69.42,74.93,2021-03-25 09:00:00
2021,3.0,25.0,10.0,67.04,67.04,2021-03-25 10:00:00
2021,3.0,25.0,11.0,63.02,63.02,2021-03-25 11:00:00
2021,3.0,25.0,12.0,62.79,62.79,2021-03-25 12:00:00
2021,3.0,25.0,13.0,62.54,62.54,2021-03-25 13:00:00
2021,3.0,25.0,14.0,62.36,62.36,2021-03-25 14:00:00
2021,3.0,25.0,15.0,61.16,61.16,2021-03-25 15:00:00
2021,3.0,25.0,16.0,59.07,59.07,2021-03-25 16:00:00
2021,3.0,25.0,17.0,57.49,57.49,2021-03-25 17:00:00
2021,3.0,25.0,18.0,62.01,62.01,2021-03-25 18:00:00
2021,3.0,25.0,19.0,70.71,70.71,2021-03-25 19:00:00
2021,3.0,25.0,20.0,80.62,85.43,2021-03-25 20:00:00
2021,3.0,25.0,21.0,80.62,80.62,2021-03-25 21:00:00
2021,3.0,25.0,22.0,71.84,71.84,2021-03-25 22:00:00
2021,3.0,25.0,23.0,67.44,67.44,2021-03-25 23:00:00
2021,3.0,25.0,24.0,65.01,65.01,2021-03-26 00:00:00
2021,3.0,26.0,1.0,62.35,62.35,2021-03-26 01:00:00
2021,3.0,26.0,2.0,61.11,61.11,2021-03-26 02:00:00
2021,3.0,26.0,3.0,61.07,61.07,2021-03-26 03:00:00
2021,3.0,26.0,4.0,61.07,61.07,2021-03-26 04:00:00
2021,3.0,26.0,5.0,61.0,61.0,2021-03-26 05:00:00
2021,3.0,26.0,6.0,61.01,61.01,2021-03-26 06:00:00
2021,3.0,26.0,7.0,61.16,61.16,2021-03-26 07:00:00
2021,3.0,26.0,8.0,65.81,65.81,2021-03-26 08:00:00
2021,3.0,26.0,9.0,65.85,65.85,2021-03-26 09:00:00
2021,3.0,26.0,10.0,64.51,64.51,2021-03-26 10:00:00
2021,3.0,26.0,11.0,61.37,61.37,2021-03-26 11:00:00
2021,3.0,26.0,12.0,59.18,59.18,2021-03-26 12:00:00
2021,3.0,26.0,13.0,60.57,60.57,2021-03-26 13:00:00
2021,3.0,26.0,14.0,60.16,60.16,2021-03-26 14:00:00
2021,3.0,26.0,15.0,55.03,55.03,2021-03-26 15:00:00
2021,3.0,26.0,16.0,50.0,50.0,2021-03-26 16:00:00
2021,3.0,26.0,17.0,47.09,47.09,2021-03-26 17:00:00
2021,3.0,26.0,18.0,59.0,59.0,2021-03-26 18:00:00
2021,3.0,26.0,19.0,61.79,61.79,2021-03-26 19:00:00
2021,3.0,26.0,20.0,69.01,69.01,2021-03-26 20:00:00
2021,3.0,26.0,21.0,64.3,64.3,2021-03-26 21:00:00
2021,3.0,26.0,22.0,61.16,61.16,2021-03-26 22:00:00
2021,3.0,26.0,23.0,59.86,59.86,2021-03-26 23:00:00
2021,3.0,26.0,24.0,53.99,53.99,2021-03-27 00:00:00
2021,3.0,27.0,1.0,43.0,43.0,2021-03-27 01:00:00
2021,3.0,27.0,2.0,38.09,38.09,2021-03-27 02:00:00
2021,3.0,27.0,3.0,36.0,36.0,2021-03-27 03:00:00
2021,3.0,27.0,4.0,34.4,34.4,2021-03-27 04:00:00
2021,3.0,27.0,5.0,31.0,31.0,2021-03-27 05:00:00
2021,3.0,27.0,6.0,34.21,34.21,2021-03-27 06:00:00
2021,3.0,27.0,7.0,34.43,34.43,2021-03-27 07:00:00
2021,3.0,27.0,8.0,31.24,31.24,2021-03-27 08:00:00
2021,3.0,27.0,9.0,26.5,26.5,2021-03-27 09:00:00
2021,3.0,27.0,10.0,34.2,34.2,2021-03-27 10:00:00
2021,3.0,27.0,11.0,29.64,29.64,2021-03-27 11:00:00
2021,3.0,27.0,12.0,31.0,31.0,2021-03-27 12:00:00
2021,3.0,27.0,13.0,39.93,39.93,2021-03-27 13:00:00
2021,3.0,27.0,14.0,34.6,34.6,2021-03-27 14:00:00
2021,3.0,27.0,15.0,34.7,34.7,2021-03-27 15:00:00
2021,3.0,27.0,16.0,34.27,34.27,2021-03-27 16:00:00
2021,3.0,27.0,17.0,34.6,34.6,2021-03-27 17:00:00
2021,3.0,27.0,18.0,42.4,42.4,2021-03-27 18:00:00
2021,3.0,27.0,19.0,57.5,57.5,2021-03-27 19:00:00
2021,3.0,27.0,20.0,66.1,66.1,2021-03-27 20:00:00
2021,3.0,27.0,21.0,65.0,65.0,2021-03-27 21:00:00
2021,3.0,27.0,22.0,61.16,61.16,2021-03-27 22:00:00
2021,3.0,27.0,23.0,58.57,58.57,2021-03-27 23:00:00
2021,3.0,27.0,24.0,54.0,54.0,2021-03-28 00:00:00
2021,3.0,28.0,1.0,47.41,47.41,2021-03-28 01:00:00
2021,3.0,28.0,2.0,38.62,38.62,2021-03-28 02:00:00
2021,3.0,28.0,3.0,35.43,35.43,2021-03-28 03:00:00
2021,3.0,28.0,4.0,35.0,35.0,2021-03-28 04:00:00
2021,3.0,28.0,5.0,35.07,35.07,2021-03-28 05:00:00
2021,3.0,28.0,6.0,36.07,36.07,2021-03-28 06:00:00
2021,3.0,28.0,7.0,39.87,39.87,2021-03-28 07:00:00
2021,3.0,28.0,8.0,44.44,44.44,2021-03-28 08:00:00
2021,3.0,28.0,9.0,35.43,35.43,2021-03-28 09:00:00
2021,3.0,28.0,10.0,34.99,34.99,2021-03-28 10:00:00
2021,3.0,28.0,11.0,34.43,34.43,2021-03-28 11:00:00
2021,3.0,28.0,12.0,33.6,33.6,2021-03-28 12:00:00
2021,3.0,28.0,13.0,33.2,33.2,2021-03-28 13:00:00
2021,3.0,28.0,14.0,32.0,32.0,2021-03-28 14:00:00
2021,3.0,28.0,15.0,28.01,28.01,2021-03-28 15:00:00
2021,3.0,28.0,16.0,19.0,19.0,2021-03-28 16:00:00
2021,3.0,28.0,17.0,27.0,27.0,2021-03-28 17:00:00
2021,3.0,28.0,18.0,35.92,35.92,2021-03-28 18:00:00
2021,3.0,28.0,19.0,50.37,50.37,2021-03-28 19:00:00
2021,3.0,28.0,20.0,55.4,55.4,2021-03-28 20:00:00
2021,3.0,28.0,21.0,55.75,55.75,2021-03-28 21:00:00
2021,3.0,28.0,22.0,53.75,53.75,2021-03-28 22:00:00
2021,3.0,28.0,23.0,47.07,47.07,2021-03-28 23:00:00
2021,3.0,28.0,24.0,47.07,47.07,2021-03-29 00:00:00
2021,3.0,29.0,1.0,39.07,39.07,2021-03-29 01:00:00
2021,3.0,29.0,2.0,35.43,35.43,2021-03-29 02:00:00
2021,3.0,29.0,3.0,33.18,33.18,2021-03-29 03:00:00
2021,3.0,29.0,4.0,32.0,32.0,2021-03-29 04:00:00
2021,3.0,29.0,5.0,31.98,31.98,2021-03-29 05:00:00
2021,3.0,29.0,6.0,36.4,36.4,2021-03-29 06:00:00
2021,3.0,29.0,7.0,52.42,52.42,2021-03-29 07:00:00
2021,3.0,29.0,8.0,55.72,57.52,2021-03-29 08:00:00
2021,3.0,29.0,9.0,59.2,64.02,2021-03-29 09:00:00
2021,3.0,29.0,10.0,60.52,62.01,2021-03-29 10:00:00
2021,3.0,29.0,11.0,60.0,60.0,2021-03-29 11:00:00
2021,3.0,29.0,12.0,53.11,53.11,2021-03-29 12:00:00
2021,3.0,29.0,13.0,49.79,49.79,2021-03-29 13:00:00
2021,3.0,29.0,14.0,37.0,37.0,2021-03-29 14:00:00
2021,3.0,29.0,15.0,28.55,28.55,2021-03-29 15:00:00
2021,3.0,29.0,16.0,19.69,19.69,2021-03-29 16:00:00
2021,3.0,29.0,17.0,22.94,22.94,2021-03-29 17:00:00
2021,3.0,29.0,18.0,34.73,34.73,2021-03-29 18:00:00
2021,3.0,29.0,19.0,43.1,43.1,2021-03-29 19:00:00
2021,3.0,29.0,20.0,56.31,56.31,2021-03-29 20:00:00
2021,3.0,29.0,21.0,68.15,68.15,2021-03-29 21:00:00
2021,3.0,29.0,22.0,64.02,64.02,2021-03-29 22:00:00
2021,3.0,29.0,23.0,59.18,59.18,2021-03-29 23:00:00
2021,3.0,29.0,24.0,56.0,56.0,2021-03-30 00:00:00
2021,3.0,30.0,1.0,47.08,47.08,2021-03-30 01:00:00
2021,3.0,30.0,2.0,46.46,46.46,2021-03-30 02:00:00
2021,3.0,30.0,3.0,44.65,44.65,2021-03-30 03:00:00
2021,3.0,30.0,4.0,45.59,45.59,2021-03-30 04:00:00
2021,3.0,30.0,5.0,46.27,46.27,2021-03-30 05:00:00
2021,3.0,30.0,6.0,53.22,53.22,2021-03-30 06:00:00
2021,3.0,30.0,7.0,61.51,61.51,2021-03-30 07:00:00
2021,3.0,30.0,8.0,63.81,65.49,2021-03-30 08:00:00
2021,3.0,30.0,9.0,64.08,76.73,2021-03-30 09:00:00
2021,3.0,30.0,10.0,64.63,64.63,2021-03-30 10:00:00
2021,3.0,30.0,11.0,56.68,56.68,2021-03-30 11:00:00
2021,3.0,30.0,12.0,48.95,48.95,2021-03-30 12:00:00
2021,3.0,30.0,13.0,45.29,45.29,2021-03-30 13:00:00
2021,3.0,30.0,14.0,42.83,42.83,2021-03-30 14:00:00
2021,3.0,30.0,15.0,39.89,39.89,2021-03-30 15:00:00
2021,3.0,30.0,16.0,39.78,39.78,2021-03-30 16:00:00
2021,3.0,30.0,17.0,41.79,41.79,2021-03-30 17:00:00
2021,3.0,30.0,18.0,50.07,50.07,2021-03-30 18:00:00
2021,3.0,30.0,19.0,56.82,56.82,2021-03-30 19:00:00
2021,3.0,30.0,20.0,59.33,59.33,2021-03-30 20:00:00
2021,3.0,30.0,21.0,67.93,67.93,2021-03-30 21:00:00
2021,3.0,30.0,22.0,66.13,66.13,2021-03-30 22:00:00
2021,3.0,30.0,23.0,60.14,60.14,2021-03-30 23:00:00
2021,3.0,30.0,24.0,57.53,57.53,2021-03-31 00:00:00
2021,3.0,31.0,1.0,56.58,56.58,2021-03-31 01:00:00
2021,3.0,31.0,2.0,50.97,50.97,2021-03-31 02:00:00
2021,3.0,31.0,3.0,50.0,50.0,2021-03-31 03:00:00
2021,3.0,31.0,4.0,49.18,49.18,2021-03-31 04:00:00
2021,3.0,31.0,5.0,48.33,48.33,2021-03-31 05:00:00
2021,3.0,31.0,6.0,53.54,53.54,2021-03-31 06:00:00
2021,3.0,31.0,7.0,61.51,61.51,2021-03-31 07:00:00
2021,3.0,31.0,8.0,68.47,68.47,2021-03-31 08:00:00
2021,3.0,31.0,9.0,69.53,76.39,2021-03-31 09:00:00
2021,3.0,31.0,10.0,65.98,65.98,2021-03-31 10:00:00
2021,3.0,31.0,11.0,56.81,56.81,2021-03-31 11:00:00
2021,3.0,31.0,12.0,50.71,50.71,2021-03-31 12:00:00
2021,3.0,31.0,13.0,49.0,49.0,2021-03-31 13:00:00
2021,3.0,31.0,14.0,46.66,46.66,2021-03-31 14:00:00
2021,3.0,31.0,15.0,43.09,43.09,2021-03-31 15:00:00
2021,3.0,31.0,16.0,43.92,43.92,2021-03-31 16:00:00
2021,3.0,31.0,17.0,42.2,42.2,2021-03-31 17:00:00
2021,3.0,31.0,18.0,49.03,49.03,2021-03-31 18:00:00
2021,3.0,31.0,19.0,55.4,55.4,2021-03-31 19:00:00
2021,3.0,31.0,20.0,58.98,58.98,2021-03-31 20:00:00
2021,3.0,31.0,21.0,64.01,64.01,2021-03-31 21:00:00
2021,3.0,31.0,22.0,66.15,66.15,2021-03-31 22:00:00
2021,3.0,31.0,23.0,60.98,60.98,2021-03-31 23:00:00
2021,3.0,31.0,24.0,55.92,55.92,2021-04-01 00:00:00
2021,4.0,1.0,1.0,54.38,54.38,2021-04-01 01:00:00
2021,4.0,1.0,2.0,47.82,47.82,2021-04-01 02:00:00
2021,4.0,1.0,3.0,43.0,43.0,2021-04-01 03:00:00
2021,4.0,1.0,4.0,42.99,42.99,2021-04-01 04:00:00
2021,4.0,1.0,5.0,42.88,42.88,2021-04-01 05:00:00
2021,4.0,1.0,6.0,45.7,45.7,2021-04-01 06:00:00
2021,4.0,1.0,7.0,49.65,49.65,2021-04-01 07:00:00
2021,4.0,1.0,8.0,54.86,54.86,2021-04-01 08:00:00
2021,4.0,1.0,9.0,61.13,61.13,2021-04-01 09:00:00
2021,4.0,1.0,10.0,61.16,61.16,2021-04-01 10:00:00
2021,4.0,1.0,11.0,55.0,55.0,2021-04-01 11:00:00
2021,4.0,1.0,12.0,50.12,50.12,2021-04-01 12:00:00
2021,4.0,1.0,13.0,47.24,47.24,2021-04-01 13:00:00
2021,4.0,1.0,14.0,43.23,43.23,2021-04-01 14:00:00
2021,4.0,1.0,15.0,41.67,41.67,2021-04-01 15:00:00
2021,4.0,1.0,16.0,40.53,40.53,2021-04-01 16:00:00
2021,4.0,1.0,17.0,42.99,42.99,2021-04-01 17:00:00
2021,4.0,1.0,18.0,49.35,49.35,2021-04-01 18:00:00
2021,4.0,1.0,19.0,57.19,57.19,2021-04-01 19:00:00
2021,4.0,1.0,20.0,62.26,62.26,2021-04-01 20:00:00
2021,4.0,1.0,21.0,66.41,66.41,2021-04-01 21:00:00
2021,4.0,1.0,22.0,66.6,66.6,2021-04-01 22:00:00
2021,4.0,1.0,23.0,63.51,63.51,2021-04-01 23:00:00
2021,4.0,1.0,24.0,61.16,61.16,2021-04-02 00:00:00
2021,4.0,2.0,1.0,58.89,58.89,2021-04-02 01:00:00
2021,4.0,2.0,2.0,57.97,57.97,2021-04-02 02:00:00
2021,4.0,2.0,3.0,55.94,55.94,2021-04-02 03:00:00
2021,4.0,2.0,4.0,54.86,54.86,2021-04-02 04:00:00
2021,4.0,2.0,5.0,53.2,53.2,2021-04-02 05:00:00
2021,4.0,2.0,6.0,52.7,52.7,2021-04-02 06:00:00
2021,4.0,2.0,7.0,53.52,53.52,2021-04-02 07:00:00
2021,4.0,2.0,8.0,60.24,60.24,2021-04-02 08:00:00
2021,4.0,2.0,9.0,60.67,60.67,2021-04-02 09:00:00
2021,4.0,2.0,10.0,56.25,56.25,2021-04-02 10:00:00
2021,4.0,2.0,11.0,52.97,52.97,2021-04-02 11:00:00
2021,4.0,2.0,12.0,51.52,51.52,2021-04-02 12:00:00
2021,4.0,2.0,13.0,46.51,46.51,2021-04-02 13:00:00
2021,4.0,2.0,14.0,45.1,45.1,2021-04-02 14:00:00
2021,4.0,2.0,15.0,41.1,41.1,2021-04-02 15:00:00
2021,4.0,2.0,16.0,38.87,38.87,2021-04-02 16:00:00
2021,4.0,2.0,17.0,36.35,36.35,2021-04-02 17:00:00
2021,4.0,2.0,18.0,35.0,35.0,2021-04-02 18:00:00
2021,4.0,2.0,19.0,42.0,42.0,2021-04-02 19:00:00
2021,4.0,2.0,20.0,49.72,49.72,2021-04-02 20:00:00
2021,4.0,2.0,21.0,57.04,57.04,2021-04-02 21:00:00
2021,4.0,2.0,22.0,59.4,59.4,2021-04-02 22:00:00
2021,4.0,2.0,23.0,55.79,55.79,2021-04-02 23:00:00
2021,4.0,2.0,24.0,48.49,48.49,2021-04-03 00:00:00
2021,4.0,3.0,1.0,45.1,45.1,2021-04-03 01:00:00
2021,4.0,3.0,2.0,38.61,38.61,2021-04-03 02:00:00
2021,4.0,3.0,3.0,38.38,38.38,2021-04-03 03:00:00
2021,4.0,3.0,4.0,37.23,37.23,2021-04-03 04:00:00
2021,4.0,3.0,5.0,37.1,37.1,2021-04-03 05:00:00
2021,4.0,3.0,6.0,37.68,37.68,2021-04-03 06:00:00
2021,4.0,3.0,7.0,40.1,40.1,2021-04-03 07:00:00
2021,4.0,3.0,8.0,42.01,42.01,2021-04-03 08:00:00
2021,4.0,3.0,9.0,45.88,45.88,2021-04-03 09:00:00
2021,4.0,3.0,10.0,47.14,47.14,2021-04-03 10:00:00
2021,4.0,3.0,11.0,41.08,41.08,2021-04-03 11:00:00
2021,4.0,3.0,12.0,37.15,37.15,2021-04-03 12:00:00
2021,4.0,3.0,13.0,33.89,33.89,2021-04-03 13:00:00
2021,4.0,3.0,14.0,23.7,23.7,2021-04-03 14:00:00
2021,4.0,3.0,15.0,18.74,16.79,2021-04-03 15:00:00
2021,4.0,3.0,16.0,15.65,9.17,2021-04-03 16:00:00
2021,4.0,3.0,17.0,15.65,3.0,2021-04-03 17:00:00
2021,4.0,3.0,18.0,15.65,7.93,2021-04-03 18:00:00
2021,4.0,3.0,19.0,25.24,22.69,2021-04-03 19:00:00
2021,4.0,3.0,20.0,38.48,38.48,2021-04-03 20:00:00
2021,4.0,3.0,21.0,47.97,47.97,2021-04-03 21:00:00
2021,4.0,3.0,22.0,53.2,53.2,2021-04-03 22:00:00
2021,4.0,3.0,23.0,51.48,51.48,2021-04-03 23:00:00
2021,4.0,3.0,24.0,48.44,48.44,2021-04-04 00:00:00
2021,4.0,4.0,1.0,35.95,35.95,2021-04-04 01:00:00
2021,4.0,4.0,2.0,32.05,32.05,2021-04-04 02:00:00
2021,4.0,4.0,3.0,31.52,31.52,2021-04-04 03:00:00
2021,4.0,4.0,4.0,31.52,31.52,2021-04-04 04:00:00
2021,4.0,4.0,5.0,31.3,31.3,2021-04-04 05:00:00
2021,4.0,4.0,6.0,31.85,31.85,2021-04-04 06:00:00
2021,4.0,4.0,7.0,35.71,35.71,2021-04-04 07:00:00
2021,4.0,4.0,8.0,32.0,32.0,2021-04-04 08:00:00
2021,4.0,4.0,9.0,35.0,35.0,2021-04-04 09:00:00
2021,4.0,4.0,10.0,35.0,35.0,2021-04-04 10:00:00
2021,4.0,4.0,11.0,24.61,24.61,2021-04-04 11:00:00
2021,4.0,4.0,12.0,20.1,20.1,2021-04-04 12:00:00
2021,4.0,4.0,13.0,20.0,20.0,2021-04-04 13:00:00
2021,4.0,4.0,14.0,8.0,8.0,2021-04-04 14:00:00
2021,4.0,4.0,15.0,4.1,4.1,2021-04-04 15:00:00
2021,4.0,4.0,16.0,0.9,0.9,2021-04-04 16:00:00
2021,4.0,4.0,17.0,1.01,1.01,2021-04-04 17:00:00
2021,4.0,4.0,18.0,7.18,7.18,2021-04-04 18:00:00
2021,4.0,4.0,19.0,31.01,31.01,2021-04-04 19:00:00
2021,4.0,4.0,20.0,39.87,39.87,2021-04-04 20:00:00
2021,4.0,4.0,21.0,47.45,47.45,2021-04-04 21:00:00
2021,4.0,4.0,22.0,46.5,46.5,2021-04-04 22:00:00
2021,4.0,4.0,23.0,43.04,43.04,2021-04-04 23:00:00
2021,4.0,4.0,24.0,39.97,39.97,2021-04-05 00:00:00
2021,4.0,5.0,1.0,43.97,43.97,2021-04-05 01:00:00
2021,4.0,5.0,2.0,37.5,37.5,2021-04-05 02:00:00
2021,4.0,5.0,3.0,34.05,34.05,2021-04-05 03:00:00
2021,4.0,5.0,4.0,34.05,34.05,2021-04-05 04:00:00
2021,4.0,5.0,5.0,34.05,34.05,2021-04-05 05:00:00
2021,4.0,5.0,6.0,35.97,35.97,2021-04-05 06:00:00
2021,4.0,5.0,7.0,47.0,47.0,2021-04-05 07:00:00
2021,4.0,5.0,8.0,47.1,47.1,2021-04-05 08:00:00
2021,4.0,5.0,9.0,48.54,48.54,2021-04-05 09:00:00
2021,4.0,5.0,10.0,49.1,49.1,2021-04-05 10:00:00
2021,4.0,5.0,11.0,49.11,49.11,2021-04-05 11:00:00
2021,4.0,5.0,12.0,48.74,48.74,2021-04-05 12:00:00
2021,4.0,5.0,13.0,48.1,48.1,2021-04-05 13:00:00
2021,4.0,5.0,14.0,48.32,48.32,2021-04-05 14:00:00
2021,4.0,5.0,15.0,47.9,47.9,2021-04-05 15:00:00
2021,4.0,5.0,16.0,38.08,38.08,2021-04-05 16:00:00
2021,4.0,5.0,17.0,33.48,33.48,2021-04-05 17:00:00
2021,4.0,5.0,18.0,31.9,31.9,2021-04-05 18:00:00
2021,4.0,5.0,19.0,34.5,34.5,2021-04-05 19:00:00
2021,4.0,5.0,20.0,48.53,48.53,2021-04-05 20:00:00
2021,4.0,5.0,21.0,53.32,53.32,2021-04-05 21:00:00
2021,4.0,5.0,22.0,60.68,60.68,2021-04-05 22:00:00
2021,4.0,5.0,23.0,58.16,58.16,2021-04-05 23:00:00
2021,4.0,5.0,24.0,57.1,57.1,2021-04-06 00:00:00
2021,4.0,6.0,1.0,58.0,58.0,2021-04-06 01:00:00
2021,4.0,6.0,2.0,50.28,50.28,2021-04-06 02:00:00
2021,4.0,6.0,3.0,48.13,48.13,2021-04-06 03:00:00
2021,4.0,6.0,4.0,44.0,44.0,2021-04-06 04:00:00
2021,4.0,6.0,5.0,43.93,43.93,2021-04-06 05:00:00
2021,4.0,6.0,6.0,48.3,48.3,2021-04-06 06:00:00
2021,4.0,6.0,7.0,58.02,58.02,2021-04-06 07:00:00
2021,4.0,6.0,8.0,63.46,63.46,2021-04-06 08:00:00
2021,4.0,6.0,9.0,69.01,69.01,2021-04-06 09:00:00
2021,4.0,6.0,10.0,66.05,66.05,2021-04-06 10:00:00
2021,4.0,6.0,11.0,62.36,62.36,2021-04-06 11:00:00
2021,4.0,6.0,12.0,60.05,60.05,2021-04-06 12:00:00
2021,4.0,6.0,13.0,59.01,59.01,2021-04-06 13:00:00
2021,4.0,6.0,14.0,56.82,56.82,2021-04-06 14:00:00
2021,4.0,6.0,15.0,53.97,53.97,2021-04-06 15:00:00
2021,4.0,6.0,16.0,47.49,47.49,2021-04-06 16:00:00
2021,4.0,6.0,17.0,44.94,44.94,2021-04-06 17:00:00
2021,4.0,6.0,18.0,43.93,43.93,2021-04-06 18:00:00
2021,4.0,6.0,19.0,52.58,52.58,2021-04-06 19:00:00
2021,4.0,6.0,20.0,57.97,57.97,2021-04-06 20:00:00
2021,4.0,6.0,21.0,64.53,64.53,2021-04-06 21:00:00
2021,4.0,6.0,22.0,66.76,66.76,2021-04-06 22:00:00
2021,4.0,6.0,23.0,62.97,62.97,2021-04-06 23:00:00
2021,4.0,6.0,24.0,60.72,60.72,2021-04-07 00:00:00
2021,4.0,7.0,1.0,68.25,68.25,2021-04-07 01:00:00
2021,4.0,7.0,2.0,64.85,64.85,2021-04-07 02:00:00
2021,4.0,7.0,3.0,62.36,62.36,2021-04-07 03:00:00
2021,4.0,7.0,4.0,59.59,59.59,2021-04-07 04:00:00
2021,4.0,7.0,5.0,58.0,58.0,2021-04-07 05:00:00
2021,4.0,7.0,6.0,59.18,59.18,2021-04-07 06:00:00
2021,4.0,7.0,7.0,60.16,60.16,2021-04-07 07:00:00
2021,4.0,7.0,8.0,65.1,65.1,2021-04-07 08:00:00
2021,4.0,7.0,9.0,67.03,67.03,2021-04-07 09:00:00
2021,4.0,7.0,10.0,66.66,66.66,2021-04-07 10:00:00
2021,4.0,7.0,11.0,65.09,65.09,2021-04-07 11:00:00
2021,4.0,7.0,12.0,63.0,63.0,2021-04-07 12:00:00
2021,4.0,7.0,13.0,64.84,64.84,2021-04-07 13:00:00
2021,4.0,7.0,14.0,65.03,65.03,2021-04-07 14:00:00
2021,4.0,7.0,15.0,65.09,65.09,2021-04-07 15:00:00
2021,4.0,7.0,16.0,64.03,64.03,2021-04-07 16:00:00
2021,4.0,7.0,17.0,62.24,62.24,2021-04-07 17:00:00
2021,4.0,7.0,18.0,64.24,64.24,2021-04-07 18:00:00
2021,4.0,7.0,19.0,66.06,66.06,2021-04-07 19:00:00
2021,4.0,7.0,20.0,69.75,69.75,2021-04-07 20:00:00
2021,4.0,7.0,21.0,75.98,75.98,2021-04-07 21:00:00
2021,4.0,7.0,22.0,86.99,86.99,2021-04-07 22:00:00
2021,4.0,7.0,23.0,74.0,74.0,2021-04-07 23:00:00
2021,4.0,7.0,24.0,69.16,69.16,2021-04-08 00:00:00
2021,4.0,8.0,1.0,72.53,72.53,2021-04-08 01:00:00
2021,4.0,8.0,2.0,66.58,66.58,2021-04-08 02:00:00
2021,4.0,8.0,3.0,65.0,65.0,2021-04-08 03:00:00
2021,4.0,8.0,4.0,63.18,63.18,2021-04-08 04:00:00
2021,4.0,8.0,5.0,61.9,61.9,2021-04-08 05:00:00
2021,4.0,8.0,6.0,65.62,65.62,2021-04-08 06:00:00
2021,4.0,8.0,7.0,71.34,71.34,2021-04-08 07:00:00
2021,4.0,8.0,8.0,76.07,76.07,2021-04-08 08:00:00
2021,4.0,8.0,9.0,78.97,81.77,2021-04-08 09:00:00
2021,4.0,8.0,10.0,80.35,81.28,2021-04-08 10:00:00
2021,4.0,8.0,11.0,74.52,74.52,2021-04-08 11:00:00
2021,4.0,8.0,12.0,70.0,70.0,2021-04-08 12:00:00
2021,4.0,8.0,13.0,67.4,67.4,2021-04-08 13:00:00
2021,4.0,8.0,14.0,66.09,66.09,2021-04-08 14:00:00
2021,4.0,8.0,15.0,63.44,63.44,2021-04-08 15:00:00
2021,4.0,8.0,16.0,60.02,60.02,2021-04-08 16:00:00
2021,4.0,8.0,17.0,57.0,57.0,2021-04-08 17:00:00
2021,4.0,8.0,18.0,62.36,62.36,2021-04-08 18:00:00
2021,4.0,8.0,19.0,70.22,70.22,2021-04-08 19:00:00
2021,4.0,8.0,20.0,74.85,74.85,2021-04-08 20:00:00
2021,4.0,8.0,21.0,80.56,80.56,2021-04-08 21:00:00
2021,4.0,8.0,22.0,79.3,79.3,2021-04-08 22:00:00
2021,4.0,8.0,23.0,73.97,73.97,2021-04-08 23:00:00
2021,4.0,8.0,24.0,69.61,69.61,2021-04-09 00:00:00
2021,4.0,9.0,1.0,73.36,73.36,2021-04-09 01:00:00
2021,4.0,9.0,2.0,69.98,69.98,2021-04-09 02:00:00
2021,4.0,9.0,3.0,68.77,68.77,2021-04-09 03:00:00
2021,4.0,9.0,4.0,67.97,67.97,2021-04-09 04:00:00
2021,4.0,9.0,5.0,65.35,65.35,2021-04-09 05:00:00
2021,4.0,9.0,6.0,71.37,71.37,2021-04-09 06:00:00
2021,4.0,9.0,7.0,73.97,73.97,2021-04-09 07:00:00
2021,4.0,9.0,8.0,74.74,80.0,2021-04-09 08:00:00
2021,4.0,9.0,9.0,74.95,84.23,2021-04-09 09:00:00
2021,4.0,9.0,10.0,77.7,86.48,2021-04-09 10:00:00
2021,4.0,9.0,11.0,76.17,80.27,2021-04-09 11:00:00
2021,4.0,9.0,12.0,73.97,73.97,2021-04-09 12:00:00
2021,4.0,9.0,13.0,70.79,70.79,2021-04-09 13:00:00
2021,4.0,9.0,14.0,65.13,65.13,2021-04-09 14:00:00
2021,4.0,9.0,15.0,62.36,62.36,2021-04-09 15:00:00
2021,4.0,9.0,16.0,61.16,61.16,2021-04-09 16:00:00
2021,4.0,9.0,17.0,58.12,58.12,2021-04-09 17:00:00
2021,4.0,9.0,18.0,63.93,63.93,2021-04-09 18:00:00
2021,4.0,9.0,19.0,70.68,70.68,2021-04-09 19:00:00
2021,4.0,9.0,20.0,74.19,74.19,2021-04-09 20:00:00
2021,4.0,9.0,21.0,82.97,82.97,2021-04-09 21:00:00
2021,4.0,9.0,22.0,76.51,76.51,2021-04-09 22:00:00
2021,4.0,9.0,23.0,73.25,73.25,2021-04-09 23:00:00
2021,4.0,9.0,24.0,70.01,70.01,2021-04-10 00:00:00
2021,4.0,10.0,1.0,66.02,66.02,2021-04-10 01:00:00
2021,4.0,10.0,2.0,63.26,63.26,2021-04-10 02:00:00
2021,4.0,10.0,3.0,61.86,61.86,2021-04-10 03:00:00
2021,4.0,10.0,4.0,60.57,60.57,2021-04-10 04:00:00
2021,4.0,10.0,5.0,60.16,60.16,2021-04-10 05:00:00
2021,4.0,10.0,6.0,61.16,61.16,2021-04-10 06:00:00
2021,4.0,10.0,7.0,62.36,62.36,2021-04-10 07:00:00
2021,4.0,10.0,8.0,62.97,62.97,2021-04-10 08:00:00
2021,4.0,10.0,9.0,68.32,68.32,2021-04-10 09:00:00
2021,4.0,10.0,10.0,70.23,70.23,2021-04-10 10:00:00
2021,4.0,10.0,11.0,70.18,70.18,2021-04-10 11:00:00
2021,4.0,10.0,12.0,68.97,68.97,2021-04-10 12:00:00
2021,4.0,10.0,13.0,67.77,67.77,2021-04-10 13:00:00
2021,4.0,10.0,14.0,65.51,65.51,2021-04-10 14:00:00
2021,4.0,10.0,15.0,62.36,62.36,2021-04-10 15:00:00
2021,4.0,10.0,16.0,58.01,58.01,2021-04-10 16:00:00
2021,4.0,10.0,17.0,55.07,55.07,2021-04-10 17:00:00
2021,4.0,10.0,18.0,59.84,59.84,2021-04-10 18:00:00
2021,4.0,10.0,19.0,65.7,65.7,2021-04-10 19:00:00
2021,4.0,10.0,20.0,69.24,69.24,2021-04-10 20:00:00
2021,4.0,10.0,21.0,70.12,70.12,2021-04-10 21:00:00
2021,4.0,10.0,22.0,73.82,73.82,2021-04-10 22:00:00
2021,4.0,10.0,23.0,70.18,70.18,2021-04-10 23:00:00
2021,4.0,10.0,24.0,66.45,66.45,2021-04-11 00:00:00
2021,4.0,11.0,1.0,61.16,61.16,2021-04-11 01:00:00
2021,4.0,11.0,2.0,60.97,60.97,2021-04-11 02:00:00
2021,4.0,11.0,3.0,57.21,57.21,2021-04-11 03:00:00
2021,4.0,11.0,4.0,53.75,53.75,2021-04-11 04:00:00
2021,4.0,11.0,5.0,51.52,51.52,2021-04-11 05:00:00
2021,4.0,11.0,6.0,50.97,50.97,2021-04-11 06:00:00
2021,4.0,11.0,7.0,51.81,51.81,2021-04-11 07:00:00
2021,4.0,11.0,8.0,49.4,49.4,2021-04-11 08:00:00
2021,4.0,11.0,9.0,52.91,52.91,2021-04-11 09:00:00
2021,4.0,11.0,10.0,55.35,55.35,2021-04-11 10:00:00
2021,4.0,11.0,11.0,56.54,56.54,2021-04-11 11:00:00
2021,4.0,11.0,12.0,53.2,53.2,2021-04-11 12:00:00
2021,4.0,11.0,13.0,53.23,53.23,2021-04-11 13:00:00
2021,4.0,11.0,14.0,45.9,45.9,2021-04-11 14:00:00
2021,4.0,11.0,15.0,41.92,41.92,2021-04-11 15:00:00
2021,4.0,11.0,16.0,41.29,41.29,2021-04-11 16:00:00
2021,4.0,11.0,17.0,37.6,37.6,2021-04-11 17:00:00
2021,4.0,11.0,18.0,34.84,34.84,2021-04-11 18:00:00
2021,4.0,11.0,19.0,40.1,40.1,2021-04-11 19:00:00
2021,4.0,11.0,20.0,47.48,47.48,2021-04-11 20:00:00
2021,4.0,11.0,21.0,60.97,60.97,2021-04-11 21:00:00
2021,4.0,11.0,22.0,67.2,67.2,2021-04-11 22:00:00
2021,4.0,11.0,23.0,63.85,63.85,2021-04-11 23:00:00
2021,4.0,11.0,24.0,59.14,59.14,2021-04-12 00:00:00
2021,4.0,12.0,1.0,60.57,60.57,2021-04-12 01:00:00
2021,4.0,12.0,2.0,53.2,53.2,2021-04-12 02:00:00
2021,4.0,12.0,3.0,50.0,50.0,2021-04-12 03:00:00
2021,4.0,12.0,4.0,49.6,49.6,2021-04-12 04:00:00
2021,4.0,12.0,5.0,49.7,49.7,2021-04-12 05:00:00
2021,4.0,12.0,6.0,52.7,52.7,2021-04-12 06:00:00
2021,4.0,12.0,7.0,60.02,60.02,2021-04-12 07:00:00
2021,4.0,12.0,8.0,70.43,70.43,2021-04-12 08:00:00
2021,4.0,12.0,9.0,71.29,71.29,2021-04-12 09:00:00
2021,4.0,12.0,10.0,69.68,69.68,2021-04-12 10:00:00
2021,4.0,12.0,11.0,63.26,63.26,2021-04-12 11:00:00
2021,4.0,12.0,12.0,60.02,60.02,2021-04-12 12:00:00
2021,4.0,12.0,13.0,62.0,62.0,2021-04-12 13:00:00
2021,4.0,12.0,14.0,62.0,62.0,2021-04-12 14:00:00
2021,4.0,12.0,15.0,61.16,61.16,2021-04-12 15:00:00
2021,4.0,12.0,16.0,58.97,58.97,2021-04-12 16:00:00
2021,4.0,12.0,17.0,58.02,58.02,2021-04-12 17:00:00
2021,4.0,12.0,18.0,61.07,61.07,2021-04-12 18:00:00
2021,4.0,12.0,19.0,66.0,66.0,2021-04-12 19:00:00
2021,4.0,12.0,20.0,72.05,72.05,2021-04-12 20:00:00
2021,4.0,12.0,21.0,78.74,78.74,2021-04-12 21:00:00
2021,4.0,12.0,22.0,78.0,78.0,2021-04-12 22:00:00
2021,4.0,12.0,23.0,72.94,72.94,2021-04-12 23:00:00
2021,4.0,12.0,24.0,71.43,71.43,2021-04-13 00:00:00
2021,4.0,13.0,1.0,76.48,76.48,2021-04-13 01:00:00
2021,4.0,13.0,2.0,72.07,72.07,2021-04-13 02:00:00
2021,4.0,13.0,3.0,69.14,69.14,2021-04-13 03:00:00
2021,4.0,13.0,4.0,68.99,68.99,2021-04-13 04:00:00
2021,4.0,13.0,5.0,66.0,66.0,2021-04-13 05:00:00
2021,4.0,13.0,6.0,71.73,71.73,2021-04-13 06:00:00
2021,4.0,13.0,7.0,77.18,77.18,2021-04-13 07:00:00
2021,4.0,13.0,8.0,80.52,80.52,2021-04-13 08:00:00
2021,4.0,13.0,9.0,80.57,87.83,2021-04-13 09:00:00
2021,4.0,13.0,10.0,84.44,86.0,2021-04-13 10:00:00
2021,4.0,13.0,11.0,80.85,80.85,2021-04-13 11:00:00
2021,4.0,13.0,12.0,74.43,78.51,2021-04-13 12:00:00
2021,4.0,13.0,13.0,74.5,78.0,2021-04-13 13:00:00
2021,4.0,13.0,14.0,72.0,72.0,2021-04-13 14:00:00
2021,4.0,13.0,15.0,66.0,66.0,2021-04-13 15:00:00
2021,4.0,13.0,16.0,62.36,62.36,2021-04-13 16:00:00
2021,4.0,13.0,17.0,62.36,62.36,2021-04-13 17:00:00
2021,4.0,13.0,18.0,65.97,65.97,2021-04-13 18:00:00
2021,4.0,13.0,19.0,74.32,74.32,2021-04-13 19:00:00
2021,4.0,13.0,20.0,80.85,80.85,2021-04-13 20:00:00
2021,4.0,13.0,21.0,88.32,88.32,2021-04-13 21:00:00
2021,4.0,13.0,22.0,86.72,86.72,2021-04-13 22:00:00
2021,4.0,13.0,23.0,80.76,80.76,2021-04-13 23:00:00
2021,4.0,13.0,24.0,78.98,78.98,2021-04-14 00:00:00
2021,4.0,14.0,1.0,78.0,78.0,2021-04-14 01:00:00
2021,4.0,14.0,2.0,72.0,72.0,2021-04-14 02:00:00
2021,4.0,14.0,3.0,70.45,70.45,2021-04-14 03:00:00
2021,4.0,14.0,4.0,69.05,69.05,2021-04-14 04:00:00
2021,4.0,14.0,5.0,68.0,68.0,2021-04-14 05:00:00
2021,4.0,14.0,6.0,70.66,70.66,2021-04-14 06:00:00
2021,4.0,14.0,7.0,75.97,78.51,2021-04-14 07:00:00
2021,4.0,14.0,8.0,76.79,83.3,2021-04-14 08:00:00
2021,4.0,14.0,9.0,80.23,88.41,2021-04-14 09:00:00
2021,4.0,14.0,10.0,81.88,85.64,2021-04-14 10:00:00
2021,4.0,14.0,11.0,81.0,81.0,2021-04-14 11:00:00
2021,4.0,14.0,12.0,75.97,77.69,2021-04-14 12:00:00
2021,4.0,14.0,13.0,72.31,72.31,2021-04-14 13:00:00
2021,4.0,14.0,14.0,67.97,67.97,2021-04-14 14:00:00
2021,4.0,14.0,15.0,66.1,66.1,2021-04-14 15:00:00
2021,4.0,14.0,16.0,61.97,61.97,2021-04-14 16:00:00
2021,4.0,14.0,17.0,62.23,62.23,2021-04-14 17:00:00
2021,4.0,14.0,18.0,65.96,65.96,2021-04-14 18:00:00
2021,4.0,14.0,19.0,73.19,73.19,2021-04-14 19:00:00
2021,4.0,14.0,20.0,75.28,75.28,2021-04-14 20:00:00
2021,4.0,14.0,21.0,78.51,78.51,2021-04-14 21:00:00
2021,4.0,14.0,22.0,81.7,81.7,2021-04-14 22:00:00
2021,4.0,14.0,23.0,76.51,76.51,2021-04-14 23:00:00
2021,4.0,14.0,24.0,70.52,70.52,2021-04-15 00:00:00
2021,4.0,15.0,1.0,65.84,65.84,2021-04-15 01:00:00
2021,4.0,15.0,2.0,62.97,62.97,2021-04-15 02:00:00
2021,4.0,15.0,3.0,60.98,60.98,2021-04-15 03:00:00
2021,4.0,15.0,4.0,59.71,59.71,2021-04-15 04:00:00
2021,4.0,15.0,5.0,61.16,61.16,2021-04-15 05:00:00
2021,4.0,15.0,6.0,61.16,61.16,2021-04-15 06:00:00
2021,4.0,15.0,7.0,64.47,64.47,2021-04-15 07:00:00
2021,4.0,15.0,8.0,72.97,72.97,2021-04-15 08:00:00
2021,4.0,15.0,9.0,73.08,78.0,2021-04-15 09:00:00
2021,4.0,15.0,10.0,76.79,76.79,2021-04-15 10:00:00
2021,4.0,15.0,11.0,76.74,76.74,2021-04-15 11:00:00
2021,4.0,15.0,12.0,75.16,75.16,2021-04-15 12:00:00
2021,4.0,15.0,13.0,70.67,70.67,2021-04-15 13:00:00
2021,4.0,15.0,14.0,69.0,69.0,2021-04-15 14:00:00
2021,4.0,15.0,15.0,63.72,63.72,2021-04-15 15:00:00
2021,4.0,15.0,16.0,60.55,60.55,2021-04-15 16:00:00
2021,4.0,15.0,17.0,59.18,59.18,2021-04-15 17:00:00
2021,4.0,15.0,18.0,61.18,61.18,2021-04-15 18:00:00
2021,4.0,15.0,19.0,70.14,70.14,2021-04-15 19:00:00
2021,4.0,15.0,20.0,72.02,72.02,2021-04-15 20:00:00
2021,4.0,15.0,21.0,76.45,76.45,2021-04-15 21:00:00
2021,4.0,15.0,22.0,78.0,78.0,2021-04-15 22:00:00
2021,4.0,15.0,23.0,72.0,72.0,2021-04-15 23:00:00
2021,4.0,15.0,24.0,67.58,67.58,2021-04-16 00:00:00
2021,4.0,16.0,1.0,74.52,74.52,2021-04-16 01:00:00
2021,4.0,16.0,2.0,69.13,69.13,2021-04-16 02:00:00
2021,4.0,16.0,3.0,68.07,68.07,2021-04-16 03:00:00
2021,4.0,16.0,4.0,65.87,65.87,2021-04-16 04:00:00
2021,4.0,16.0,5.0,62.57,62.57,2021-04-16 05:00:00
2021,4.0,16.0,6.0,64.75,64.75,2021-04-16 06:00:00
2021,4.0,16.0,7.0,70.0,70.0,2021-04-16 07:00:00
2021,4.0,16.0,8.0,73.33,73.33,2021-04-16 08:00:00
2021,4.0,16.0,9.0,76.79,76.79,2021-04-16 09:00:00
2021,4.0,16.0,10.0,76.38,76.38,2021-04-16 10:00:00
2021,4.0,16.0,11.0,75.64,75.64,2021-04-16 11:00:00
2021,4.0,16.0,12.0,72.01,72.01,2021-04-16 12:00:00
2021,4.0,16.0,13.0,69.7,69.7,2021-04-16 13:00:00
2021,4.0,16.0,14.0,62.36,62.36,2021-04-16 14:00:00
2021,4.0,16.0,15.0,60.57,60.57,2021-04-16 15:00:00
2021,4.0,16.0,16.0,59.0,59.0,2021-04-16 16:00:00
2021,4.0,16.0,17.0,53.66,53.66,2021-04-16 17:00:00
2021,4.0,16.0,18.0,57.94,57.94,2021-04-16 18:00:00
2021,4.0,16.0,19.0,64.99,64.99,2021-04-16 19:00:00
2021,4.0,16.0,20.0,71.07,71.07,2021-04-16 20:00:00
2021,4.0,16.0,21.0,78.52,78.52,2021-04-16 21:00:00
2021,4.0,16.0,22.0,80.0,80.0,2021-04-16 22:00:00
2021,4.0,16.0,23.0,73.94,73.94,2021-04-16 23:00:00
2021,4.0,16.0,24.0,73.45,73.45,2021-04-17 00:00:00
2021,4.0,17.0,1.0,72.04,72.04,2021-04-17 01:00:00
2021,4.0,17.0,2.0,65.99,65.99,2021-04-17 02:00:00
2021,4.0,17.0,3.0,63.66,63.66,2021-04-17 03:00:00
2021,4.0,17.0,4.0,60.75,60.75,2021-04-17 04:00:00
2021,4.0,17.0,5.0,58.4,58.4,2021-04-17 05:00:00
2021,4.0,17.0,6.0,59.17,59.17,2021-04-17 06:00:00
2021,4.0,17.0,7.0,65.57,65.57,2021-04-17 07:00:00
2021,4.0,17.0,8.0,68.2,68.2,2021-04-17 08:00:00
2021,4.0,17.0,9.0,73.45,73.45,2021-04-17 09:00:00
2021,4.0,17.0,10.0,72.94,72.94,2021-04-17 10:00:00
2021,4.0,17.0,11.0,62.58,62.58,2021-04-17 11:00:00
2021,4.0,17.0,12.0,60.57,60.57,2021-04-17 12:00:00
2021,4.0,17.0,13.0,62.36,62.36,2021-04-17 13:00:00
2021,4.0,17.0,14.0,55.77,55.77,2021-04-17 14:00:00
2021,4.0,17.0,15.0,52.07,52.07,2021-04-17 15:00:00
2021,4.0,17.0,16.0,51.1,50.77,2021-04-17 16:00:00
2021,4.0,17.0,17.0,50.84,50.72,2021-04-17 17:00:00
2021,4.0,17.0,18.0,53.49,53.49,2021-04-17 18:00:00
2021,4.0,17.0,19.0,59.98,59.98,2021-04-17 19:00:00
2021,4.0,17.0,20.0,68.01,68.01,2021-04-17 20:00:00
2021,4.0,17.0,21.0,78.47,78.47,2021-04-17 21:00:00
2021,4.0,17.0,22.0,77.59,77.59,2021-04-17 22:00:00
2021,4.0,17.0,23.0,75.63,75.63,2021-04-17 23:00:00
2021,4.0,17.0,24.0,72.34,72.34,2021-04-18 00:00:00
2021,4.0,18.0,1.0,72.81,72.81,2021-04-18 01:00:00
2021,4.0,18.0,2.0,65.53,65.53,2021-04-18 02:00:00
2021,4.0,18.0,3.0,64.77,64.77,2021-04-18 03:00:00
2021,4.0,18.0,4.0,62.1,62.1,2021-04-18 04:00:00
2021,4.0,18.0,5.0,61.02,61.02,2021-04-18 05:00:00
2021,4.0,18.0,6.0,60.57,60.57,2021-04-18 06:00:00
2021,4.0,18.0,7.0,60.54,60.54,2021-04-18 07:00:00
2021,4.0,18.0,8.0,62.62,62.62,2021-04-18 08:00:00
2021,4.0,18.0,9.0,64.52,64.52,2021-04-18 09:00:00
2021,4.0,18.0,10.0,63.57,63.57,2021-04-18 10:00:00
2021,4.0,18.0,11.0,60.01,60.01,2021-04-18 11:00:00
2021,4.0,18.0,12.0,59.35,59.35,2021-04-18 12:00:00
2021,4.0,18.0,13.0,59.87,59.87,2021-04-18 13:00:00
2021,4.0,18.0,14.0,54.89,54.89,2021-04-18 14:00:00
2021,4.0,18.0,15.0,54.22,54.22,2021-04-18 15:00:00
2021,4.0,18.0,16.0,51.35,51.35,2021-04-18 16:00:00
2021,4.0,18.0,17.0,51.34,51.34,2021-04-18 17:00:00
2021,4.0,18.0,18.0,54.55,54.55,2021-04-18 18:00:00
2021,4.0,18.0,19.0,64.99,64.99,2021-04-18 19:00:00
2021,4.0,18.0,20.0,76.08,76.08,2021-04-18 20:00:00
2021,4.0,18.0,21.0,80.93,80.93,2021-04-18 21:00:00
2021,4.0,18.0,22.0,82.51,82.51,2021-04-18 22:00:00
2021,4.0,18.0,23.0,80.49,80.49,2021-04-18 23:00:00
2021,4.0,18.0,24.0,80.31,80.31,2021-04-19 00:00:00
2021,4.0,19.0,1.0,81.57,81.57,2021-04-19 01:00:00
2021,4.0,19.0,2.0,80.18,80.18,2021-04-19 02:00:00
2021,4.0,19.0,3.0,76.57,76.57,2021-04-19 03:00:00
2021,4.0,19.0,4.0,72.07,72.07,2021-04-19 04:00:00
2021,4.0,19.0,5.0,69.07,69.07,2021-04-19 05:00:00
2021,4.0,19.0,6.0,70.36,70.36,2021-04-19 06:00:00
2021,4.0,19.0,7.0,84.9,84.9,2021-04-19 07:00:00
2021,4.0,19.0,8.0,85.0,85.0,2021-04-19 08:00:00
2021,4.0,19.0,9.0,87.5,87.5,2021-04-19 09:00:00
2021,4.0,19.0,10.0,86.01,86.01,2021-04-19 10:00:00
2021,4.0,19.0,11.0,84.51,84.51,2021-04-19 11:00:00
2021,4.0,19.0,12.0,83.51,83.51,2021-04-19 12:00:00
2021,4.0,19.0,13.0,80.72,80.72,2021-04-19 13:00:00
2021,4.0,19.0,14.0,78.04,78.04,2021-04-19 14:00:00
2021,4.0,19.0,15.0,74.0,74.0,2021-04-19 15:00:00
2021,4.0,19.0,16.0,69.07,69.07,2021-04-19 16:00:00
2021,4.0,19.0,17.0,65.16,65.16,2021-04-19 17:00:00
2021,4.0,19.0,18.0,70.02,70.02,2021-04-19 18:00:00
2021,4.0,19.0,19.0,79.05,79.05,2021-04-19 19:00:00
2021,4.0,19.0,20.0,81.57,81.57,2021-04-19 20:00:00
2021,4.0,19.0,21.0,85.59,85.59,2021-04-19 21:00:00
2021,4.0,19.0,22.0,87.5,89.5,2021-04-19 22:00:00
2021,4.0,19.0,23.0,82.31,82.31,2021-04-19 23:00:00
2021,4.0,19.0,24.0,80.32,80.32,2021-04-20 00:00:00
2021,4.0,20.0,1.0,77.08,77.08,2021-04-20 01:00:00
2021,4.0,20.0,2.0,73.63,73.63,2021-04-20 02:00:00
2021,4.0,20.0,3.0,72.02,72.02,2021-04-20 03:00:00
2021,4.0,20.0,4.0,68.99,68.99,2021-04-20 04:00:00
2021,4.0,20.0,5.0,68.61,68.61,2021-04-20 05:00:00
2021,4.0,20.0,6.0,71.94,71.94,2021-04-20 06:00:00
2021,4.0,20.0,7.0,83.16,83.16,2021-04-20 07:00:00
2021,4.0,20.0,8.0,85.95,89.9,2021-04-20 08:00:00
2021,4.0,20.0,9.0,87.18,92.35,2021-04-20 09:00:00
2021,4.0,20.0,10.0,90.0,90.0,2021-04-20 10:00:00
2021,4.0,20.0,11.0,85.0,85.0,2021-04-20 11:00:00
2021,4.0,20.0,12.0,81.07,81.07,2021-04-20 12:00:00
2021,4.0,20.0,13.0,78.27,78.27,2021-04-20 13:00:00
2021,4.0,20.0,14.0,72.1,72.1,2021-04-20 14:00:00
2021,4.0,20.0,15.0,68.89,68.89,2021-04-20 15:00:00
2021,4.0,20.0,16.0,66.57,66.57,2021-04-20 16:00:00
2021,4.0,20.0,17.0,66.01,66.01,2021-04-20 17:00:00
2021,4.0,20.0,18.0,69.88,69.88,2021-04-20 18:00:00
2021,4.0,20.0,19.0,81.07,81.07,2021-04-20 19:00:00
2021,4.0,20.0,20.0,83.02,83.02,2021-04-20 20:00:00
2021,4.0,20.0,21.0,90.44,90.44,2021-04-20 21:00:00
2021,4.0,20.0,22.0,90.71,93.92,2021-04-20 22:00:00
2021,4.0,20.0,23.0,86.91,86.91,2021-04-20 23:00:00
2021,4.0,20.0,24.0,75.0,75.0,2021-04-21 00:00:00
2021,4.0,21.0,1.0,81.01,81.01,2021-04-21 01:00:00
2021,4.0,21.0,2.0,79.01,79.01,2021-04-21 02:00:00
2021,4.0,21.0,3.0,78.07,78.07,2021-04-21 03:00:00
2021,4.0,21.0,4.0,78.76,78.76,2021-04-21 04:00:00
2021,4.0,21.0,5.0,78.07,78.07,2021-04-21 05:00:00
2021,4.0,21.0,6.0,73.0,73.0,2021-04-21 06:00:00
2021,4.0,21.0,7.0,81.01,81.01,2021-04-21 07:00:00
2021,4.0,21.0,8.0,87.61,87.61,2021-04-21 08:00:00
2021,4.0,21.0,9.0,90.44,92.62,2021-04-21 09:00:00
2021,4.0,21.0,10.0,90.0,90.0,2021-04-21 10:00:00
2021,4.0,21.0,11.0,84.61,84.61,2021-04-21 11:00:00
2021,4.0,21.0,12.0,82.49,82.49,2021-04-21 12:00:00
2021,4.0,21.0,13.0,78.9,78.9,2021-04-21 13:00:00
2021,4.0,21.0,14.0,75.0,75.0,2021-04-21 14:00:00
2021,4.0,21.0,15.0,71.68,71.68,2021-04-21 15:00:00
2021,4.0,21.0,16.0,67.3,67.3,2021-04-21 16:00:00
2021,4.0,21.0,17.0,68.34,68.34,2021-04-21 17:00:00
2021,4.0,21.0,18.0,69.97,69.97,2021-04-21 18:00:00
2021,4.0,21.0,19.0,80.0,80.0,2021-04-21 19:00:00
2021,4.0,21.0,20.0,85.06,85.06,2021-04-21 20:00:00
2021,4.0,21.0,21.0,86.99,86.99,2021-04-21 21:00:00
2021,4.0,21.0,22.0,86.35,86.35,2021-04-21 22:00:00
2021,4.0,21.0,23.0,81.56,81.56,2021-04-21 23:00:00
2021,4.0,21.0,24.0,72.9,72.9,2021-04-22 00:00:00
2021,4.0,22.0,1.0,73.31,73.31,2021-04-22 01:00:00
2021,4.0,22.0,2.0,69.07,69.07,2021-04-22 02:00:00
2021,4.0,22.0,3.0,68.07,68.07,2021-04-22 03:00:00
2021,4.0,22.0,4.0,69.0,69.0,2021-04-22 04:00:00
2021,4.0,22.0,5.0,67.26,67.26,2021-04-22 05:00:00
2021,4.0,22.0,6.0,67.26,67.26,2021-04-22 06:00:00
2021,4.0,22.0,7.0,74.0,74.0,2021-04-22 07:00:00
2021,4.0,22.0,8.0,82.57,82.57,2021-04-22 08:00:00
2021,4.0,22.0,9.0,85.0,85.0,2021-04-22 09:00:00
2021,4.0,22.0,10.0,83.09,83.09,2021-04-22 10:00:00
2021,4.0,22.0,11.0,80.18,80.18,2021-04-22 11:00:00
2021,4.0,22.0,12.0,75.97,75.97,2021-04-22 12:00:00
2021,4.0,22.0,13.0,72.07,72.07,2021-04-22 13:00:00
2021,4.0,22.0,14.0,71.05,71.05,2021-04-22 14:00:00
2021,4.0,22.0,15.0,67.26,67.26,2021-04-22 15:00:00
2021,4.0,22.0,16.0,65.16,65.16,2021-04-22 16:00:00
2021,4.0,22.0,17.0,66.01,66.01,2021-04-22 17:00:00
2021,4.0,22.0,18.0,66.36,66.36,2021-04-22 18:00:00
2021,4.0,22.0,19.0,69.65,69.65,2021-04-22 19:00:00
2021,4.0,22.0,20.0,79.6,79.6,2021-04-22 20:00:00
2021,4.0,22.0,21.0,84.42,84.42,2021-04-22 21:00:00
2021,4.0,22.0,22.0,85.93,85.93,2021-04-22 22:00:00
2021,4.0,22.0,23.0,83.03,83.03,2021-04-22 23:00:00
2021,4.0,22.0,24.0,80.62,80.62,2021-04-23 00:00:00
2021,4.0,23.0,1.0,82.23,82.23,2021-04-23 01:00:00
2021,4.0,23.0,2.0,80.62,80.62,2021-04-23 02:00:00
2021,4.0,23.0,3.0,70.07,70.07,2021-04-23 03:00:00
2021,4.0,23.0,4.0,66.57,66.57,2021-04-23 04:00:00
2021,4.0,23.0,5.0,59.72,59.72,2021-04-23 05:00:00
2021,4.0,23.0,6.0,67.0,67.0,2021-04-23 06:00:00
2021,4.0,23.0,7.0,77.0,77.0,2021-04-23 07:00:00
2021,4.0,23.0,8.0,83.73,83.73,2021-04-23 08:00:00
2021,4.0,23.0,9.0,83.16,83.16,2021-04-23 09:00:00
2021,4.0,23.0,10.0,78.01,78.01,2021-04-23 10:00:00
2021,4.0,23.0,11.0,68.56,68.56,2021-04-23 11:00:00
2021,4.0,23.0,12.0,65.16,65.16,2021-04-23 12:00:00
2021,4.0,23.0,13.0,60.0,60.0,2021-04-23 13:00:00
2021,4.0,23.0,14.0,54.6,54.6,2021-04-23 14:00:00
2021,4.0,23.0,15.0,54.22,54.22,2021-04-23 15:00:00
2021,4.0,23.0,16.0,52.03,52.03,2021-04-23 16:00:00
2021,4.0,23.0,17.0,51.24,51.24,2021-04-23 17:00:00
2021,4.0,23.0,18.0,53.45,53.45,2021-04-23 18:00:00
2021,4.0,23.0,19.0,64.0,64.0,2021-04-23 19:00:00
2021,4.0,23.0,20.0,78.02,78.02,2021-04-23 20:00:00
2021,4.0,23.0,21.0,81.02,81.02,2021-04-23 21:00:00
2021,4.0,23.0,22.0,78.33,78.33,2021-04-23 22:00:00
2021,4.0,23.0,23.0,70.9,70.9,2021-04-23 23:00:00
2021,4.0,23.0,24.0,65.69,65.69,2021-04-24 00:00:00
2021,4.0,24.0,1.0,68.51,68.51,2021-04-24 01:00:00
2021,4.0,24.0,2.0,64.5,64.5,2021-04-24 02:00:00
2021,4.0,24.0,3.0,61.4,61.4,2021-04-24 03:00:00
2021,4.0,24.0,4.0,56.86,56.86,2021-04-24 04:00:00
2021,4.0,24.0,5.0,54.89,54.89,2021-04-24 05:00:00
2021,4.0,24.0,6.0,54.55,54.55,2021-04-24 06:00:00
2021,4.0,24.0,7.0,57.95,57.95,2021-04-24 07:00:00
2021,4.0,24.0,8.0,57.51,57.51,2021-04-24 08:00:00
2021,4.0,24.0,9.0,55.75,55.75,2021-04-24 09:00:00
2021,4.0,24.0,10.0,54.68,54.68,2021-04-24 10:00:00
2021,4.0,24.0,11.0,54.55,54.55,2021-04-24 11:00:00
2021,4.0,24.0,12.0,52.03,52.03,2021-04-24 12:00:00
2021,4.0,24.0,13.0,50.4,50.4,2021-04-24 13:00:00
2021,4.0,24.0,14.0,50.4,50.4,2021-04-24 14:00:00
2021,4.0,24.0,15.0,49.51,49.51,2021-04-24 15:00:00
2021,4.0,24.0,16.0,40.0,40.0,2021-04-24 16:00:00
2021,4.0,24.0,17.0,32.07,32.07,2021-04-24 17:00:00
2021,4.0,24.0,18.0,46.71,46.71,2021-04-24 18:00:00
2021,4.0,24.0,19.0,55.2,55.2,2021-04-24 19:00:00
2021,4.0,24.0,20.0,67.65,67.65,2021-04-24 20:00:00
2021,4.0,24.0,21.0,73.43,73.43,2021-04-24 21:00:00
2021,4.0,24.0,22.0,77.0,77.0,2021-04-24 22:00:00
2021,4.0,24.0,23.0,73.57,73.57,2021-04-24 23:00:00
2021,4.0,24.0,24.0,66.36,66.36,2021-04-25 00:00:00
2021,4.0,25.0,1.0,68.07,68.07,2021-04-25 01:00:00
2021,4.0,25.0,2.0,65.16,65.16,2021-04-25 02:00:00
2021,4.0,25.0,3.0,61.07,61.07,2021-04-25 03:00:00
2021,4.0,25.0,4.0,61.07,61.07,2021-04-25 04:00:00
2021,4.0,25.0,5.0,57.75,57.75,2021-04-25 05:00:00
2021,4.0,25.0,6.0,56.01,56.01,2021-04-25 06:00:00
2021,4.0,25.0,7.0,56.01,56.01,2021-04-25 07:00:00
2021,4.0,25.0,8.0,54.89,54.89,2021-04-25 08:00:00
2021,4.0,25.0,9.0,54.55,54.55,2021-04-25 09:00:00
2021,4.0,25.0,10.0,55.2,55.2,2021-04-25 10:00:00
2021,4.0,25.0,11.0,55.2,55.2,2021-04-25 11:00:00
2021,4.0,25.0,12.0,54.7,54.7,2021-04-25 12:00:00
2021,4.0,25.0,13.0,54.55,54.55,2021-04-25 13:00:00
2021,4.0,25.0,14.0,54.55,54.55,2021-04-25 14:00:00
2021,4.0,25.0,15.0,53.52,53.52,2021-04-25 15:00:00
2021,4.0,25.0,16.0,50.0,50.0,2021-04-25 16:00:00
2021,4.0,25.0,17.0,50.0,50.0,2021-04-25 17:00:00
2021,4.0,25.0,18.0,50.4,50.4,2021-04-25 18:00:00
2021,4.0,25.0,19.0,54.7,54.7,2021-04-25 19:00:00
2021,4.0,25.0,20.0,65.93,65.93,2021-04-25 20:00:00
2021,4.0,25.0,21.0,76.33,76.33,2021-04-25 21:00:00
2021,4.0,25.0,22.0,88.09,88.09,2021-04-25 22:00:00
2021,4.0,25.0,23.0,86.58,86.58,2021-04-25 23:00:00
2021,4.0,25.0,24.0,81.79,81.79,2021-04-26 00:00:00
2021,4.0,26.0,1.0,78.0,78.0,2021-04-26 01:00:00
2021,4.0,26.0,2.0,74.75,74.75,2021-04-26 02:00:00
2021,4.0,26.0,3.0,71.75,71.75,2021-04-26 03:00:00
2021,4.0,26.0,4.0,72.5,72.5,2021-04-26 04:00:00
2021,4.0,26.0,5.0,69.66,69.66,2021-04-26 05:00:00
2021,4.0,26.0,6.0,75.0,75.0,2021-04-26 06:00:00
2021,4.0,26.0,7.0,78.75,78.75,2021-04-26 07:00:00
2021,4.0,26.0,8.0,81.96,81.96,2021-04-26 08:00:00
2021,4.0,26.0,9.0,83.85,83.85,2021-04-26 09:00:00
2021,4.0,26.0,10.0,82.29,82.29,2021-04-26 10:00:00
2021,4.0,26.0,11.0,80.0,80.0,2021-04-26 11:00:00
2021,4.0,26.0,12.0,78.23,78.23,2021-04-26 12:00:00
2021,4.0,26.0,13.0,76.71,76.71,2021-04-26 13:00:00
2021,4.0,26.0,14.0,74.75,74.75,2021-04-26 14:00:00
2021,4.0,26.0,15.0,71.54,71.54,2021-04-26 15:00:00
2021,4.0,26.0,16.0,67.26,67.26,2021-04-26 16:00:00
2021,4.0,26.0,17.0,66.36,66.36,2021-04-26 17:00:00
2021,4.0,26.0,18.0,68.75,68.75,2021-04-26 18:00:00
2021,4.0,26.0,19.0,69.56,69.56,2021-04-26 19:00:00
2021,4.0,26.0,20.0,79.41,79.41,2021-04-26 20:00:00
2021,4.0,26.0,21.0,82.29,82.29,2021-04-26 21:00:00
2021,4.0,26.0,22.0,86.01,86.01,2021-04-26 22:00:00
2021,4.0,26.0,23.0,78.81,78.81,2021-04-26 23:00:00
2021,4.0,26.0,24.0,75.53,75.53,2021-04-27 00:00:00
2021,4.0,27.0,1.0,82.54,82.54,2021-04-27 01:00:00
2021,4.0,27.0,2.0,79.94,79.94,2021-04-27 02:00:00
2021,4.0,27.0,3.0,79.01,79.01,2021-04-27 03:00:00
2021,4.0,27.0,4.0,78.06,78.06,2021-04-27 04:00:00
2021,4.0,27.0,5.0,75.96,75.96,2021-04-27 05:00:00
2021,4.0,27.0,6.0,76.12,76.12,2021-04-27 06:00:00
2021,4.0,27.0,7.0,79.91,79.91,2021-04-27 07:00:00
2021,4.0,27.0,8.0,82.94,82.94,2021-04-27 08:00:00
2021,4.0,27.0,9.0,85.32,85.32,2021-04-27 09:00:00
2021,4.0,27.0,10.0,81.59,81.59,2021-04-27 10:00:00
2021,4.0,27.0,11.0,80.54,80.54,2021-04-27 11:00:00
2021,4.0,27.0,12.0,80.18,80.18,2021-04-27 12:00:00
2021,4.0,27.0,13.0,79.91,79.91,2021-04-27 13:00:00
2021,4.0,27.0,14.0,78.86,78.86,2021-04-27 14:00:00
2021,4.0,27.0,15.0,75.75,75.75,2021-04-27 15:00:00
2021,4.0,27.0,16.0,68.01,68.01,2021-04-27 16:00:00
2021,4.0,27.0,17.0,66.36,66.36,2021-04-27 17:00:00
2021,4.0,27.0,18.0,66.36,66.36,2021-04-27 18:00:00
2021,4.0,27.0,19.0,74.09,74.09,2021-04-27 19:00:00
2021,4.0,27.0,20.0,80.35,80.35,2021-04-27 20:00:00
2021,4.0,27.0,21.0,80.87,80.87,2021-04-27 21:00:00
2021,4.0,27.0,22.0,83.99,83.99,2021-04-27 22:00:00
2021,4.0,27.0,23.0,80.0,80.0,2021-04-27 23:00:00
2021,4.0,27.0,24.0,74.22,74.22,2021-04-28 00:00:00
2021,4.0,28.0,1.0,76.75,76.75,2021-04-28 01:00:00
2021,4.0,28.0,2.0,73.96,73.96,2021-04-28 02:00:00
2021,4.0,28.0,3.0,73.25,73.25,2021-04-28 03:00:00
2021,4.0,28.0,4.0,72.5,72.5,2021-04-28 04:00:00
2021,4.0,28.0,5.0,68.49,68.49,2021-04-28 05:00:00
2021,4.0,28.0,6.0,69.75,69.75,2021-04-28 06:00:00
2021,4.0,28.0,7.0,73.99,73.99,2021-04-28 07:00:00
2021,4.0,28.0,8.0,81.48,81.48,2021-04-28 08:00:00
2021,4.0,28.0,9.0,85.57,85.57,2021-04-28 09:00:00
2021,4.0,28.0,10.0,84.0,84.0,2021-04-28 10:00:00
2021,4.0,28.0,11.0,79.65,79.65,2021-04-28 11:00:00
2021,4.0,28.0,12.0,78.95,78.95,2021-04-28 12:00:00
2021,4.0,28.0,13.0,76.75,76.75,2021-04-28 13:00:00
2021,4.0,28.0,14.0,76.71,76.71,2021-04-28 14:00:00
2021,4.0,28.0,15.0,70.0,70.0,2021-04-28 15:00:00
2021,4.0,28.0,16.0,62.57,62.57,2021-04-28 16:00:00
2021,4.0,28.0,17.0,59.18,59.18,2021-04-28 17:00:00
2021,4.0,28.0,18.0,65.71,65.71,2021-04-28 18:00:00
2021,4.0,28.0,19.0,71.4,71.4,2021-04-28 19:00:00
2021,4.0,28.0,20.0,77.99,77.99,2021-04-28 20:00:00
2021,4.0,28.0,21.0,78.0,78.0,2021-04-28 21:00:00
2021,4.0,28.0,22.0,81.01,81.01,2021-04-28 22:00:00
2021,4.0,28.0,23.0,76.75,76.75,2021-04-28 23:00:00
2021,4.0,28.0,24.0,71.29,71.29,2021-04-29 00:00:00
2021,4.0,29.0,1.0,76.75,76.75,2021-04-29 01:00:00
2021,4.0,29.0,2.0,70.68,70.68,2021-04-29 02:00:00
2021,4.0,29.0,3.0,66.75,66.75,2021-04-29 03:00:00
2021,4.0,29.0,4.0,66.36,66.36,2021-04-29 04:00:00
2021,4.0,29.0,5.0,65.0,65.0,2021-04-29 05:00:00
2021,4.0,29.0,6.0,65.16,65.16,2021-04-29 06:00:00
2021,4.0,29.0,7.0,71.77,71.77,2021-04-29 07:00:00
2021,4.0,29.0,8.0,79.9,79.9,2021-04-29 08:00:00
2021,4.0,29.0,9.0,85.08,85.08,2021-04-29 09:00:00
2021,4.0,29.0,10.0,84.5,84.5,2021-04-29 10:00:00
2021,4.0,29.0,11.0,80.0,80.0,2021-04-29 11:00:00
2021,4.0,29.0,12.0,78.4,78.4,2021-04-29 12:00:00
2021,4.0,29.0,13.0,77.16,77.16,2021-04-29 13:00:00
2021,4.0,29.0,14.0,77.02,77.02,2021-04-29 14:00:00
2021,4.0,29.0,15.0,73.35,73.35,2021-04-29 15:00:00
2021,4.0,29.0,16.0,66.75,66.75,2021-04-29 16:00:00
2021,4.0,29.0,17.0,65.0,65.0,2021-04-29 17:00:00
2021,4.0,29.0,18.0,68.34,68.34,2021-04-29 18:00:00
2021,4.0,29.0,19.0,69.0,69.0,2021-04-29 19:00:00
2021,4.0,29.0,20.0,76.65,76.65,2021-04-29 20:00:00
2021,4.0,29.0,21.0,82.47,82.47,2021-04-29 21:00:00
2021,4.0,29.0,22.0,86.7,86.7,2021-04-29 22:00:00
2021,4.0,29.0,23.0,82.5,82.5,2021-04-29 23:00:00
2021,4.0,29.0,24.0,76.75,76.75,2021-04-30 00:00:00
2021,4.0,30.0,1.0,84.75,84.75,2021-04-30 01:00:00
2021,4.0,30.0,2.0,82.62,82.62,2021-04-30 02:00:00
2021,4.0,30.0,3.0,80.5,80.5,2021-04-30 03:00:00
2021,4.0,30.0,4.0,80.5,80.5,2021-04-30 04:00:00
2021,4.0,30.0,5.0,80.0,80.0,2021-04-30 05:00:00
2021,4.0,30.0,6.0,80.63,80.63,2021-04-30 06:00:00
2021,4.0,30.0,7.0,84.02,84.02,2021-04-30 07:00:00
2021,4.0,30.0,8.0,84.51,84.51,2021-04-30 08:00:00
2021,4.0,30.0,9.0,90.0,90.0,2021-04-30 09:00:00
2021,4.0,30.0,10.0,87.22,87.22,2021-04-30 10:00:00
2021,4.0,30.0,11.0,80.63,80.63,2021-04-30 11:00:00
2021,4.0,30.0,12.0,77.95,77.95,2021-04-30 12:00:00
2021,4.0,30.0,13.0,82.06,82.06,2021-04-30 13:00:00
2021,4.0,30.0,14.0,77.75,77.75,2021-04-30 14:00:00
2021,4.0,30.0,15.0,75.0,75.0,2021-04-30 15:00:00
2021,4.0,30.0,16.0,73.88,73.88,2021-04-30 16:00:00
2021,4.0,30.0,17.0,67.5,67.5,2021-04-30 17:00:00
2021,4.0,30.0,18.0,69.64,69.64,2021-04-30 18:00:00
2021,4.0,30.0,19.0,75.55,75.55,2021-04-30 19:00:00
2021,4.0,30.0,20.0,79.06,79.06,2021-04-30 20:00:00
2021,4.0,30.0,21.0,80.96,80.96,2021-04-30 21:00:00
2021,4.0,30.0,22.0,83.16,83.16,2021-04-30 22:00:00
2021,4.0,30.0,23.0,76.11,76.11,2021-04-30 23:00:00
2021,4.0,30.0,24.0,68.86,68.86,2021-05-01 00:00:00
2021,5.0,1.0,1.0,69.29,69.29,2021-05-01 01:00:00
2021,5.0,1.0,2.0,64.6,64.6,2021-05-01 02:00:00
2021,5.0,1.0,3.0,61.08,61.08,2021-05-01 03:00:00
2021,5.0,1.0,4.0,59.93,59.93,2021-05-01 04:00:00
2021,5.0,1.0,5.0,59.9,59.9,2021-05-01 05:00:00
2021,5.0,1.0,6.0,58.0,58.0,2021-05-01 06:00:00
2021,5.0,1.0,7.0,56.86,56.86,2021-05-01 07:00:00
2021,5.0,1.0,8.0,56.55,56.55,2021-05-01 08:00:00
2021,5.0,1.0,9.0,57.38,57.38,2021-05-01 09:00:00
2021,5.0,1.0,10.0,56.21,56.21,2021-05-01 10:00:00
2021,5.0,1.0,11.0,54.7,54.7,2021-05-01 11:00:00
2021,5.0,1.0,12.0,53.39,53.39,2021-05-01 12:00:00
2021,5.0,1.0,13.0,53.13,53.13,2021-05-01 13:00:00
2021,5.0,1.0,14.0,51.4,51.4,2021-05-01 14:00:00
2021,5.0,1.0,15.0,49.59,49.59,2021-05-01 15:00:00
2021,5.0,1.0,16.0,45.53,45.53,2021-05-01 16:00:00
2021,5.0,1.0,17.0,48.98,48.98,2021-05-01 17:00:00
2021,5.0,1.0,18.0,50.47,50.47,2021-05-01 18:00:00
2021,5.0,1.0,19.0,54.4,54.4,2021-05-01 19:00:00
2021,5.0,1.0,20.0,61.01,61.01,2021-05-01 20:00:00
2021,5.0,1.0,21.0,68.69,68.69,2021-05-01 21:00:00
2021,5.0,1.0,22.0,81.06,81.06,2021-05-01 22:00:00
2021,5.0,1.0,23.0,81.52,81.52,2021-05-01 23:00:00
2021,5.0,1.0,24.0,71.01,71.01,2021-05-02 00:00:00
2021,5.0,2.0,1.0,61.17,61.17,2021-05-02 01:00:00
2021,5.0,2.0,2.0,56.77,56.77,2021-05-02 02:00:00
2021,5.0,2.0,3.0,56.52,56.52,2021-05-02 03:00:00
2021,5.0,2.0,4.0,56.52,56.52,2021-05-02 04:00:00
2021,5.0,2.0,5.0,56.77,56.77,2021-05-02 05:00:00
2021,5.0,2.0,6.0,56.8,56.8,2021-05-02 06:00:00
2021,5.0,2.0,7.0,61.36,61.36,2021-05-02 07:00:00
2021,5.0,2.0,8.0,58.02,58.02,2021-05-02 08:00:00
2021,5.0,2.0,9.0,58.02,58.02,2021-05-02 09:00:00
2021,5.0,2.0,10.0,58.89,58.89,2021-05-02 10:00:00
2021,5.0,2.0,11.0,56.8,56.8,2021-05-02 11:00:00
2021,5.0,2.0,12.0,59.2,59.2,2021-05-02 12:00:00
2021,5.0,2.0,13.0,61.75,61.75,2021-05-02 13:00:00
2021,5.0,2.0,14.0,66.01,66.01,2021-05-02 14:00:00
2021,5.0,2.0,15.0,59.41,59.41,2021-05-02 15:00:00
2021,5.0,2.0,16.0,55.47,55.47,2021-05-02 16:00:00
2021,5.0,2.0,17.0,53.59,53.59,2021-05-02 17:00:00
2021,5.0,2.0,18.0,52.0,52.0,2021-05-02 18:00:00
2021,5.0,2.0,19.0,54.75,54.75,2021-05-02 19:00:00
2021,5.0,2.0,20.0,65.1,65.1,2021-05-02 20:00:00
2021,5.0,2.0,21.0,75.0,75.0,2021-05-02 21:00:00
2021,5.0,2.0,22.0,82.62,82.62,2021-05-02 22:00:00
2021,5.0,2.0,23.0,80.0,80.0,2021-05-02 23:00:00
2021,5.0,2.0,24.0,70.86,70.86,2021-05-03 00:00:00
2021,5.0,3.0,1.0,58.48,58.48,2021-05-03 01:00:00
2021,5.0,3.0,2.0,54.75,54.75,2021-05-03 02:00:00
2021,5.0,3.0,3.0,54.27,54.27,2021-05-03 03:00:00
2021,5.0,3.0,4.0,52.64,52.64,2021-05-03 04:00:00
2021,5.0,3.0,5.0,55.84,55.84,2021-05-03 05:00:00
2021,5.0,3.0,6.0,61.36,61.36,2021-05-03 06:00:00
2021,5.0,3.0,7.0,74.74,74.74,2021-05-03 07:00:00
2021,5.0,3.0,8.0,83.07,83.07,2021-05-03 08:00:00
2021,5.0,3.0,9.0,83.55,85.67,2021-05-03 09:00:00
2021,5.0,3.0,10.0,83.55,83.55,2021-05-03 10:00:00
2021,5.0,3.0,11.0,79.0,79.0,2021-05-03 11:00:00
2021,5.0,3.0,12.0,76.5,76.5,2021-05-03 12:00:00
2021,5.0,3.0,13.0,76.5,76.5,2021-05-03 13:00:00
2021,5.0,3.0,14.0,76.5,76.5,2021-05-03 14:00:00
2021,5.0,3.0,15.0,75.55,75.55,2021-05-03 15:00:00
2021,5.0,3.0,16.0,71.33,71.33,2021-05-03 16:00:00
2021,5.0,3.0,17.0,70.83,70.83,2021-05-03 17:00:00
2021,5.0,3.0,18.0,75.5,75.5,2021-05-03 18:00:00
2021,5.0,3.0,19.0,76.5,76.5,2021-05-03 19:00:00
2021,5.0,3.0,20.0,82.66,82.66,2021-05-03 20:00:00
2021,5.0,3.0,21.0,87.0,87.0,2021-05-03 21:00:00
2021,5.0,3.0,22.0,86.15,86.15,2021-05-03 22:00:00
2021,5.0,3.0,23.0,84.0,84.0,2021-05-03 23:00:00
2021,5.0,3.0,24.0,82.58,82.58,2021-05-04 00:00:00
2021,5.0,4.0,1.0,84.51,84.51,2021-05-04 01:00:00
2021,5.0,4.0,2.0,83.63,83.63,2021-05-04 02:00:00
2021,5.0,4.0,3.0,83.29,83.29,2021-05-04 03:00:00
2021,5.0,4.0,4.0,83.35,83.35,2021-05-04 04:00:00
2021,5.0,4.0,5.0,82.83,82.83,2021-05-04 05:00:00
2021,5.0,4.0,6.0,83.63,83.63,2021-05-04 06:00:00
2021,5.0,4.0,7.0,85.0,85.0,2021-05-04 07:00:00
2021,5.0,4.0,8.0,86.92,86.92,2021-05-04 08:00:00
2021,5.0,4.0,9.0,89.05,89.05,2021-05-04 09:00:00
2021,5.0,4.0,10.0,84.9,84.9,2021-05-04 10:00:00
2021,5.0,4.0,11.0,83.39,83.39,2021-05-04 11:00:00
2021,5.0,4.0,12.0,82.83,82.83,2021-05-04 12:00:00
2021,5.0,4.0,13.0,82.0,82.0,2021-05-04 13:00:00
2021,5.0,4.0,14.0,81.04,81.04,2021-05-04 14:00:00
2021,5.0,4.0,15.0,79.0,79.0,2021-05-04 15:00:00
2021,5.0,4.0,16.0,71.88,71.88,2021-05-04 16:00:00
2021,5.0,4.0,17.0,70.07,70.07,2021-05-04 17:00:00
2021,5.0,4.0,18.0,69.55,69.55,2021-05-04 18:00:00
2021,5.0,4.0,19.0,70.83,70.83,2021-05-04 19:00:00
2021,5.0,4.0,20.0,80.3,80.3,2021-05-04 20:00:00
2021,5.0,4.0,21.0,83.53,83.53,2021-05-04 21:00:00
2021,5.0,4.0,22.0,84.9,84.9,2021-05-04 22:00:00
2021,5.0,4.0,23.0,83.01,83.01,2021-05-04 23:00:00
2021,5.0,4.0,24.0,81.04,81.04,2021-05-05 00:00:00
2021,5.0,5.0,1.0,75.0,75.0,2021-05-05 01:00:00
2021,5.0,5.0,2.0,71.55,71.55,2021-05-05 02:00:00
2021,5.0,5.0,3.0,70.86,70.86,2021-05-05 03:00:00
2021,5.0,5.0,4.0,73.0,73.0,2021-05-05 04:00:00
2021,5.0,5.0,5.0,71.55,71.55,2021-05-05 05:00:00
2021,5.0,5.0,6.0,76.5,76.5,2021-05-05 06:00:00
2021,5.0,5.0,7.0,78.05,78.05,2021-05-05 07:00:00
2021,5.0,5.0,8.0,82.76,82.76,2021-05-05 08:00:00
2021,5.0,5.0,9.0,84.2,84.2,2021-05-05 09:00:00
2021,5.0,5.0,10.0,82.78,82.78,2021-05-05 10:00:00
2021,5.0,5.0,11.0,76.5,76.5,2021-05-05 11:00:00
2021,5.0,5.0,12.0,74.49,74.49,2021-05-05 12:00:00
2021,5.0,5.0,13.0,74.49,74.49,2021-05-05 13:00:00
2021,5.0,5.0,14.0,73.55,73.55,2021-05-05 14:00:00
2021,5.0,5.0,15.0,69.66,69.66,2021-05-05 15:00:00
2021,5.0,5.0,16.0,68.49,68.49,2021-05-05 16:00:00
2021,5.0,5.0,17.0,65.55,65.55,2021-05-05 17:00:00
2021,5.0,5.0,18.0,66.32,66.32,2021-05-05 18:00:00
2021,5.0,5.0,19.0,70.83,70.83,2021-05-05 19:00:00
2021,5.0,5.0,20.0,77.5,77.5,2021-05-05 20:00:00
2021,5.0,5.0,21.0,83.24,83.24,2021-05-05 21:00:00
2021,5.0,5.0,22.0,85.5,85.5,2021-05-05 22:00:00
2021,5.0,5.0,23.0,83.67,83.67,2021-05-05 23:00:00
2021,5.0,5.0,24.0,81.11,81.11,2021-05-06 00:00:00
2021,5.0,6.0,1.0,76.0,76.0,2021-05-06 01:00:00
2021,5.0,6.0,2.0,71.75,71.75,2021-05-06 02:00:00
2021,5.0,6.0,3.0,71.61,71.61,2021-05-06 03:00:00
2021,5.0,6.0,4.0,70.86,70.86,2021-05-06 04:00:00
2021,5.0,6.0,5.0,70.83,70.83,2021-05-06 05:00:00
2021,5.0,6.0,6.0,70.83,70.83,2021-05-06 06:00:00
2021,5.0,6.0,7.0,75.5,75.5,2021-05-06 07:00:00
2021,5.0,6.0,8.0,80.53,80.53,2021-05-06 08:00:00
2021,5.0,6.0,9.0,81.67,81.67,2021-05-06 09:00:00
2021,5.0,6.0,10.0,80.76,80.76,2021-05-06 10:00:00
2021,5.0,6.0,11.0,75.0,75.0,2021-05-06 11:00:00
2021,5.0,6.0,12.0,71.75,71.75,2021-05-06 12:00:00
2021,5.0,6.0,13.0,67.16,67.16,2021-05-06 13:00:00
2021,5.0,6.0,14.0,65.02,65.02,2021-05-06 14:00:00
2021,5.0,6.0,15.0,63.5,63.5,2021-05-06 15:00:00
2021,5.0,6.0,16.0,63.05,63.05,2021-05-06 16:00:00
2021,5.0,6.0,17.0,64.51,64.51,2021-05-06 17:00:00
2021,5.0,6.0,18.0,65.27,65.27,2021-05-06 18:00:00
2021,5.0,6.0,19.0,70.83,70.83,2021-05-06 19:00:00
2021,5.0,6.0,20.0,76.33,76.33,2021-05-06 20:00:00
2021,5.0,6.0,21.0,82.4,82.4,2021-05-06 21:00:00
2021,5.0,6.0,22.0,85.0,85.0,2021-05-06 22:00:00
2021,5.0,6.0,23.0,80.0,80.0,2021-05-06 23:00:00
2021,5.0,6.0,24.0,74.44,74.44,2021-05-07 00:00:00
2021,5.0,7.0,1.0,75.57,75.57,2021-05-07 01:00:00
2021,5.0,7.0,2.0,68.82,68.82,2021-05-07 02:00:00
2021,5.0,7.0,3.0,65.0,65.0,2021-05-07 03:00:00
2021,5.0,7.0,4.0,60.25,60.25,2021-05-07 04:00:00
2021,5.0,7.0,5.0,60.01,60.01,2021-05-07 05:00:00
2021,5.0,7.0,6.0,69.3,69.3,2021-05-07 06:00:00
2021,5.0,7.0,7.0,80.0,80.0,2021-05-07 07:00:00
2021,5.0,7.0,8.0,86.6,86.6,2021-05-07 08:00:00
2021,5.0,7.0,9.0,90.0,90.0,2021-05-07 09:00:00
2021,5.0,7.0,10.0,84.16,84.16,2021-05-07 10:00:00
2021,5.0,7.0,11.0,78.75,78.75,2021-05-07 11:00:00
2021,5.0,7.0,12.0,76.98,76.98,2021-05-07 12:00:00
2021,5.0,7.0,13.0,75.57,75.57,2021-05-07 13:00:00
2021,5.0,7.0,14.0,70.0,70.0,2021-05-07 14:00:00
2021,5.0,7.0,15.0,63.5,63.5,2021-05-07 15:00:00
2021,5.0,7.0,16.0,58.1,58.1,2021-05-07 16:00:00
2021,5.0,7.0,17.0,56.8,56.8,2021-05-07 17:00:00
2021,5.0,7.0,18.0,61.36,61.36,2021-05-07 18:00:00
2021,5.0,7.0,19.0,68.16,68.16,2021-05-07 19:00:00
2021,5.0,7.0,20.0,79.01,79.01,2021-05-07 20:00:00
2021,5.0,7.0,21.0,84.2,84.2,2021-05-07 21:00:00
2021,5.0,7.0,22.0,85.91,85.91,2021-05-07 22:00:00
2021,5.0,7.0,23.0,83.91,83.91,2021-05-07 23:00:00
2021,5.0,7.0,24.0,82.02,82.02,2021-05-08 00:00:00
2021,5.0,8.0,1.0,80.75,80.75,2021-05-08 01:00:00
2021,5.0,8.0,2.0,77.0,77.0,2021-05-08 02:00:00
2021,5.0,8.0,3.0,70.86,70.86,2021-05-08 03:00:00
2021,5.0,8.0,4.0,69.66,69.66,2021-05-08 04:00:00
2021,5.0,8.0,5.0,69.48,69.48,2021-05-08 05:00:00
2021,5.0,8.0,6.0,65.0,65.0,2021-05-08 06:00:00
2021,5.0,8.0,7.0,65.75,65.75,2021-05-08 07:00:00
2021,5.0,8.0,8.0,62.25,62.25,2021-05-08 08:00:00
2021,5.0,8.0,9.0,67.57,67.57,2021-05-08 09:00:00
2021,5.0,8.0,10.0,61.36,61.36,2021-05-08 10:00:00
2021,5.0,8.0,11.0,50.47,50.47,2021-05-08 11:00:00
2021,5.0,8.0,12.0,41.04,41.04,2021-05-08 12:00:00
2021,5.0,8.0,13.0,37.0,37.0,2021-05-08 13:00:00
2021,5.0,8.0,14.0,20.0,20.0,2021-05-08 14:00:00
2021,5.0,8.0,15.0,1.95,1.95,2021-05-08 15:00:00
2021,5.0,8.0,16.0,6.27,0.16,2021-05-08 16:00:00
2021,5.0,8.0,17.0,1.22,1.0,2021-05-08 17:00:00
2021,5.0,8.0,18.0,1.95,1.95,2021-05-08 18:00:00
2021,5.0,8.0,19.0,7.0,7.0,2021-05-08 19:00:00
2021,5.0,8.0,20.0,48.46,48.46,2021-05-08 20:00:00
2021,5.0,8.0,21.0,66.27,66.27,2021-05-08 21:00:00
2021,5.0,8.0,22.0,60.74,60.74,2021-05-08 22:00:00
2021,5.0,8.0,23.0,56.53,56.53,2021-05-08 23:00:00
2021,5.0,8.0,24.0,51.8,51.8,2021-05-09 00:00:00
2021,5.0,9.0,1.0,15.02,15.02,2021-05-09 01:00:00
2021,5.0,9.0,2.0,6.71,6.71,2021-05-09 02:00:00
2021,5.0,9.0,3.0,2.0,2.0,2021-05-09 03:00:00
2021,5.0,9.0,4.0,1.61,1.61,2021-05-09 04:00:00
2021,5.0,9.0,5.0,0.16,0.16,2021-05-09 05:00:00
2021,5.0,9.0,6.0,0.16,0.16,2021-05-09 06:00:00
2021,5.0,9.0,7.0,1.95,1.95,2021-05-09 07:00:00
2021,5.0,9.0,8.0,1.95,1.95,2021-05-09 08:00:00
2021,5.0,9.0,9.0,1.95,1.95,2021-05-09 09:00:00
2021,5.0,9.0,10.0,1.95,1.95,2021-05-09 10:00:00
2021,5.0,9.0,11.0,1.95,1.95,2021-05-09 11:00:00
2021,5.0,9.0,12.0,1.95,1.95,2021-05-09 12:00:00
2021,5.0,9.0,13.0,0.16,0.16,2021-05-09 13:00:00
2021,5.0,9.0,14.0,0.16,0.16,2021-05-09 14:00:00
2021,5.0,9.0,15.0,0.03,0.03,2021-05-09 15:00:00
2021,5.0,9.0,16.0,0.01,0.01,2021-05-09 16:00:00
2021,5.0,9.0,17.0,0.01,0.01,2021-05-09 17:00:00
2021,5.0,9.0,18.0,0.15,0.15,2021-05-09 18:00:00
2021,5.0,9.0,19.0,1.95,1.95,2021-05-09 19:00:00
2021,5.0,9.0,20.0,14.0,14.0,2021-05-09 20:00:00
2021,5.0,9.0,21.0,40.67,40.67,2021-05-09 21:00:00
2021,5.0,9.0,22.0,54.11,54.11,2021-05-09 22:00:00
2021,5.0,9.0,23.0,54.3,54.3,2021-05-09 23:00:00
2021,5.0,9.0,24.0,49.75,49.75,2021-05-10 00:00:00
2021,5.0,10.0,1.0,45.06,45.06,2021-05-10 01:00:00
2021,5.0,10.0,2.0,42.11,42.11,2021-05-10 02:00:00
2021,5.0,10.0,3.0,40.0,40.0,2021-05-10 03:00:00
2021,5.0,10.0,4.0,35.8,35.8,2021-05-10 04:00:00
2021,5.0,10.0,5.0,38.29,38.29,2021-05-10 05:00:00
2021,5.0,10.0,6.0,40.7,40.7,2021-05-10 06:00:00
2021,5.0,10.0,7.0,61.36,61.36,2021-05-10 07:00:00
2021,5.0,10.0,8.0,69.99,69.99,2021-05-10 08:00:00
2021,5.0,10.0,9.0,74.07,74.07,2021-05-10 09:00:00
2021,5.0,10.0,10.0,68.57,68.57,2021-05-10 10:00:00
2021,5.0,10.0,11.0,63.5,63.5,2021-05-10 11:00:00
2021,5.0,10.0,12.0,63.28,63.28,2021-05-10 12:00:00
2021,5.0,10.0,13.0,62.18,62.18,2021-05-10 13:00:00
2021,5.0,10.0,14.0,59.83,59.83,2021-05-10 14:00:00
2021,5.0,10.0,15.0,47.53,47.53,2021-05-10 15:00:00
2021,5.0,10.0,16.0,53.25,53.25,2021-05-10 16:00:00
2021,5.0,10.0,17.0,57.63,57.63,2021-05-10 17:00:00
2021,5.0,10.0,18.0,63.65,63.65,2021-05-10 18:00:00
2021,5.0,10.0,19.0,64.13,64.13,2021-05-10 19:00:00
2021,5.0,10.0,20.0,67.01,67.01,2021-05-10 20:00:00
2021,5.0,10.0,21.0,75.75,75.75,2021-05-10 21:00:00
2021,5.0,10.0,22.0,83.16,83.16,2021-05-10 22:00:00
2021,5.0,10.0,23.0,77.5,77.5,2021-05-10 23:00:00
2021,5.0,10.0,24.0,68.0,68.0,2021-05-11 00:00:00
2021,5.0,11.0,1.0,68.83,68.83,2021-05-11 01:00:00
2021,5.0,11.0,2.0,64.92,64.92,2021-05-11 02:00:00
2021,5.0,11.0,3.0,60.39,60.39,2021-05-11 03:00:00
2021,5.0,11.0,4.0,56.53,56.53,2021-05-11 04:00:00
2021,5.0,11.0,5.0,45.01,45.01,2021-05-11 05:00:00
2021,5.0,11.0,6.0,50.0,50.0,2021-05-11 06:00:00
2021,5.0,11.0,7.0,61.36,61.36,2021-05-11 07:00:00
2021,5.0,11.0,8.0,67.76,67.76,2021-05-11 08:00:00
2021,5.0,11.0,9.0,68.09,68.09,2021-05-11 09:00:00
2021,5.0,11.0,10.0,60.0,60.0,2021-05-11 10:00:00
2021,5.0,11.0,11.0,41.87,41.87,2021-05-11 11:00:00
2021,5.0,11.0,12.0,40.0,40.0,2021-05-11 12:00:00
2021,5.0,11.0,13.0,40.0,40.0,2021-05-11 13:00:00
2021,5.0,11.0,14.0,39.47,39.47,2021-05-11 14:00:00
2021,5.0,11.0,15.0,38.12,38.12,2021-05-11 15:00:00
2021,5.0,11.0,16.0,23.19,23.19,2021-05-11 16:00:00
2021,5.0,11.0,17.0,25.0,25.0,2021-05-11 17:00:00
2021,5.0,11.0,18.0,38.67,38.67,2021-05-11 18:00:00
2021,5.0,11.0,19.0,41.77,41.77,2021-05-11 19:00:00
2021,5.0,11.0,20.0,63.9,63.9,2021-05-11 20:00:00
2021,5.0,11.0,21.0,78.75,78.75,2021-05-11 21:00:00
2021,5.0,11.0,22.0,79.62,79.62,2021-05-11 22:00:00
2021,5.0,11.0,23.0,75.34,75.34,2021-05-11 23:00:00
2021,5.0,11.0,24.0,68.62,68.62,2021-05-12 00:00:00
2021,5.0,12.0,1.0,62.26,62.26,2021-05-12 01:00:00
2021,5.0,12.0,2.0,58.2,58.2,2021-05-12 02:00:00
2021,5.0,12.0,3.0,56.31,56.31,2021-05-12 03:00:00
2021,5.0,12.0,4.0,54.81,54.81,2021-05-12 04:00:00
2021,5.0,12.0,5.0,55.01,55.01,2021-05-12 05:00:00
2021,5.0,12.0,6.0,58.84,58.84,2021-05-12 06:00:00
2021,5.0,12.0,7.0,66.75,66.75,2021-05-12 07:00:00
2021,5.0,12.0,8.0,71.4,71.4,2021-05-12 08:00:00
2021,5.0,12.0,9.0,73.5,73.5,2021-05-12 09:00:00
2021,5.0,12.0,10.0,71.51,71.51,2021-05-12 10:00:00
2021,5.0,12.0,11.0,67.0,67.0,2021-05-12 11:00:00
2021,5.0,12.0,12.0,51.1,51.1,2021-05-12 12:00:00
2021,5.0,12.0,13.0,45.0,45.0,2021-05-12 13:00:00
2021,5.0,12.0,14.0,45.0,45.0,2021-05-12 14:00:00
2021,5.0,12.0,15.0,30.0,30.0,2021-05-12 15:00:00
2021,5.0,12.0,16.0,21.48,18.0,2021-05-12 16:00:00
2021,5.0,12.0,17.0,21.48,5.0,2021-05-12 17:00:00
2021,5.0,12.0,18.0,22.22,6.0,2021-05-12 18:00:00
2021,5.0,12.0,19.0,41.0,41.0,2021-05-12 19:00:00
2021,5.0,12.0,20.0,45.0,45.0,2021-05-12 20:00:00
2021,5.0,12.0,21.0,72.75,72.75,2021-05-12 21:00:00
2021,5.0,12.0,22.0,78.08,78.08,2021-05-12 22:00:00
2021,5.0,12.0,23.0,74.51,74.51,2021-05-12 23:00:00
2021,5.0,12.0,24.0,66.01,66.01,2021-05-13 00:00:00
2021,5.0,13.0,1.0,65.04,65.04,2021-05-13 01:00:00
2021,5.0,13.0,2.0,63.15,63.15,2021-05-13 02:00:00
2021,5.0,13.0,3.0,60.74,60.74,2021-05-13 03:00:00
2021,5.0,13.0,4.0,60.85,60.85,2021-05-13 04:00:00
2021,5.0,13.0,5.0,59.9,59.9,2021-05-13 05:00:00
2021,5.0,13.0,6.0,60.69,60.69,2021-05-13 06:00:00
2021,5.0,13.0,7.0,60.33,60.33,2021-05-13 07:00:00
2021,5.0,13.0,8.0,62.87,62.87,2021-05-13 08:00:00
2021,5.0,13.0,9.0,67.64,67.64,2021-05-13 09:00:00
2021,5.0,13.0,10.0,63.0,63.0,2021-05-13 10:00:00
2021,5.0,13.0,11.0,60.69,60.69,2021-05-13 11:00:00
2021,5.0,13.0,12.0,57.96,57.96,2021-05-13 12:00:00
2021,5.0,13.0,13.0,58.78,58.78,2021-05-13 13:00:00
2021,5.0,13.0,14.0,46.0,46.0,2021-05-13 14:00:00
2021,5.0,13.0,15.0,37.73,37.73,2021-05-13 15:00:00
2021,5.0,13.0,16.0,36.55,36.55,2021-05-13 16:00:00
2021,5.0,13.0,17.0,36.52,36.52,2021-05-13 17:00:00
2021,5.0,13.0,18.0,37.08,37.08,2021-05-13 18:00:00
2021,5.0,13.0,19.0,60.69,60.69,2021-05-13 19:00:00
2021,5.0,13.0,20.0,70.2,70.2,2021-05-13 20:00:00
2021,5.0,13.0,21.0,77.76,77.76,2021-05-13 21:00:00
2021,5.0,13.0,22.0,79.96,79.96,2021-05-13 22:00:00
2021,5.0,13.0,23.0,78.35,78.35,2021-05-13 23:00:00
2021,5.0,13.0,24.0,72.63,72.63,2021-05-14 00:00:00
2021,5.0,14.0,1.0,75.38,75.38,2021-05-14 01:00:00
2021,5.0,14.0,2.0,69.0,69.0,2021-05-14 02:00:00
2021,5.0,14.0,3.0,65.65,65.65,2021-05-14 03:00:00
2021,5.0,14.0,4.0,62.2,62.2,2021-05-14 04:00:00
2021,5.0,14.0,5.0,62.2,62.2,2021-05-14 05:00:00
2021,5.0,14.0,6.0,68.0,68.0,2021-05-14 06:00:00
2021,5.0,14.0,7.0,73.78,73.78,2021-05-14 07:00:00
2021,5.0,14.0,8.0,80.0,80.0,2021-05-14 08:00:00
2021,5.0,14.0,9.0,82.14,82.14,2021-05-14 09:00:00
2021,5.0,14.0,10.0,78.96,78.96,2021-05-14 10:00:00
2021,5.0,14.0,11.0,70.0,70.0,2021-05-14 11:00:00
2021,5.0,14.0,12.0,67.21,67.21,2021-05-14 12:00:00
2021,5.0,14.0,13.0,67.21,67.21,2021-05-14 13:00:00
2021,5.0,14.0,14.0,63.0,63.0,2021-05-14 14:00:00
2021,5.0,14.0,15.0,60.7,60.7,2021-05-14 15:00:00
2021,5.0,14.0,16.0,60.0,60.0,2021-05-14 16:00:00
2021,5.0,14.0,17.0,60.05,60.05,2021-05-14 17:00:00
2021,5.0,14.0,18.0,65.0,65.0,2021-05-14 18:00:00
2021,5.0,14.0,19.0,71.74,71.74,2021-05-14 19:00:00
2021,5.0,14.0,20.0,79.07,79.07,2021-05-14 20:00:00
2021,5.0,14.0,21.0,84.71,84.71,2021-05-14 21:00:00
2021,5.0,14.0,22.0,87.02,87.02,2021-05-14 22:00:00
2021,5.0,14.0,23.0,85.0,85.0,2021-05-14 23:00:00
2021,5.0,14.0,24.0,78.69,78.69,2021-05-15 00:00:00
2021,5.0,15.0,1.0,72.39,72.39,2021-05-15 01:00:00
2021,5.0,15.0,2.0,66.75,66.75,2021-05-15 02:00:00
2021,5.0,15.0,3.0,60.9,60.9,2021-05-15 03:00:00
2021,5.0,15.0,4.0,57.77,57.77,2021-05-15 04:00:00
2021,5.0,15.0,5.0,55.8,55.8,2021-05-15 05:00:00
2021,5.0,15.0,6.0,54.01,54.01,2021-05-15 06:00:00
2021,5.0,15.0,7.0,54.35,54.35,2021-05-15 07:00:00
2021,5.0,15.0,8.0,60.75,60.75,2021-05-15 08:00:00
2021,5.0,15.0,9.0,60.6,60.6,2021-05-15 09:00:00
2021,5.0,15.0,10.0,60.09,60.09,2021-05-15 10:00:00
2021,5.0,15.0,11.0,45.0,45.0,2021-05-15 11:00:00
2021,5.0,15.0,12.0,39.58,30.0,2021-05-15 12:00:00
2021,5.0,15.0,13.0,27.82,27.82,2021-05-15 13:00:00
2021,5.0,15.0,14.0,10.0,10.0,2021-05-15 14:00:00
2021,5.0,15.0,15.0,3.84,3.84,2021-05-15 15:00:00
2021,5.0,15.0,16.0,1.95,1.95,2021-05-15 16:00:00
2021,5.0,15.0,17.0,1.95,1.95,2021-05-15 17:00:00
2021,5.0,15.0,18.0,1.95,1.95,2021-05-15 18:00:00
2021,5.0,15.0,19.0,1.95,1.95,2021-05-15 19:00:00
2021,5.0,15.0,20.0,38.5,38.5,2021-05-15 20:00:00
2021,5.0,15.0,21.0,61.01,61.01,2021-05-15 21:00:00
2021,5.0,15.0,22.0,72.64,72.64,2021-05-15 22:00:00
2021,5.0,15.0,23.0,70.73,70.73,2021-05-15 23:00:00
2021,5.0,15.0,24.0,65.0,65.0,2021-05-16 00:00:00
2021,5.0,16.0,1.0,42.38,42.38,2021-05-16 01:00:00
2021,5.0,16.0,2.0,38.6,38.6,2021-05-16 02:00:00
2021,5.0,16.0,3.0,36.73,36.73,2021-05-16 03:00:00
2021,5.0,16.0,4.0,22.09,22.09,2021-05-16 04:00:00
2021,5.0,16.0,5.0,21.9,21.9,2021-05-16 05:00:00
2021,5.0,16.0,6.0,21.8,21.8,2021-05-16 06:00:00
2021,5.0,16.0,7.0,22.08,22.08,2021-05-16 07:00:00
2021,5.0,16.0,8.0,25.25,25.25,2021-05-16 08:00:00
2021,5.0,16.0,9.0,31.39,31.39,2021-05-16 09:00:00
2021,5.0,16.0,10.0,22.1,22.1,2021-05-16 10:00:00
2021,5.0,16.0,11.0,18.95,18.95,2021-05-16 11:00:00
2021,5.0,16.0,12.0,11.01,11.01,2021-05-16 12:00:00
2021,5.0,16.0,13.0,10.0,10.0,2021-05-16 13:00:00
2021,5.0,16.0,14.0,7.45,7.45,2021-05-16 14:00:00
2021,5.0,16.0,15.0,1.95,1.95,2021-05-16 15:00:00
2021,5.0,16.0,16.0,1.0,1.0,2021-05-16 16:00:00
2021,5.0,16.0,17.0,1.95,1.95,2021-05-16 17:00:00
2021,5.0,16.0,18.0,1.95,1.95,2021-05-16 18:00:00
2021,5.0,16.0,19.0,5.0,5.0,2021-05-16 19:00:00
2021,5.0,16.0,20.0,36.0,36.0,2021-05-16 20:00:00
2021,5.0,16.0,21.0,53.44,53.44,2021-05-16 21:00:00
2021,5.0,16.0,22.0,70.99,70.99,2021-05-16 22:00:00
2021,5.0,16.0,23.0,70.53,70.53,2021-05-16 23:00:00
2021,5.0,16.0,24.0,65.05,65.05,2021-05-17 00:00:00
2021,5.0,17.0,1.0,60.51,60.51,2021-05-17 01:00:00
2021,5.0,17.0,2.0,53.03,53.03,2021-05-17 02:00:00
2021,5.0,17.0,3.0,54.49,54.49,2021-05-17 03:00:00
2021,5.0,17.0,4.0,63.87,63.87,2021-05-17 04:00:00
2021,5.0,17.0,5.0,70.0,70.0,2021-05-17 05:00:00
2021,5.0,17.0,6.0,72.08,72.08,2021-05-17 06:00:00
2021,5.0,17.0,7.0,79.9,80.43,2021-05-17 07:00:00
2021,5.0,17.0,8.0,78.34,85.12,2021-05-17 08:00:00
2021,5.0,17.0,9.0,82.85,89.91,2021-05-17 09:00:00
2021,5.0,17.0,10.0,86.63,86.63,2021-05-17 10:00:00
2021,5.0,17.0,11.0,82.0,82.0,2021-05-17 11:00:00
2021,5.0,17.0,12.0,81.86,81.86,2021-05-17 12:00:00
2021,5.0,17.0,13.0,78.02,78.02,2021-05-17 13:00:00
2021,5.0,17.0,14.0,76.68,76.68,2021-05-17 14:00:00
2021,5.0,17.0,15.0,74.75,74.75,2021-05-17 15:00:00
2021,5.0,17.0,16.0,71.78,71.78,2021-05-17 16:00:00
2021,5.0,17.0,17.0,70.36,70.36,2021-05-17 17:00:00
2021,5.0,17.0,18.0,72.5,72.5,2021-05-17 18:00:00
2021,5.0,17.0,19.0,77.96,77.96,2021-05-17 19:00:00
2021,5.0,17.0,20.0,85.77,85.77,2021-05-17 20:00:00
2021,5.0,17.0,21.0,88.92,88.92,2021-05-17 21:00:00
2021,5.0,17.0,22.0,94.65,94.65,2021-05-17 22:00:00
2021,5.0,17.0,23.0,88.73,88.73,2021-05-17 23:00:00
2021,5.0,17.0,24.0,83.62,83.62,2021-05-18 00:00:00
2021,5.0,18.0,1.0,83.42,83.42,2021-05-18 01:00:00
2021,5.0,18.0,2.0,82.11,82.11,2021-05-18 02:00:00
2021,5.0,18.0,3.0,76.68,76.68,2021-05-18 03:00:00
2021,5.0,18.0,4.0,75.51,75.51,2021-05-18 04:00:00
2021,5.0,18.0,5.0,75.51,75.51,2021-05-18 05:00:00
2021,5.0,18.0,6.0,75.51,75.51,2021-05-18 06:00:00
2021,5.0,18.0,7.0,81.02,81.02,2021-05-18 07:00:00
2021,5.0,18.0,8.0,87.98,87.98,2021-05-18 08:00:00
2021,5.0,18.0,9.0,90.07,90.07,2021-05-18 09:00:00
2021,5.0,18.0,10.0,87.25,87.25,2021-05-18 10:00:00
2021,5.0,18.0,11.0,82.42,82.42,2021-05-18 11:00:00
2021,5.0,18.0,12.0,80.0,80.0,2021-05-18 12:00:00
2021,5.0,18.0,13.0,73.08,73.08,2021-05-18 13:00:00
2021,5.0,18.0,14.0,67.46,67.46,2021-05-18 14:00:00
2021,5.0,18.0,15.0,62.55,62.55,2021-05-18 15:00:00
2021,5.0,18.0,16.0,61.92,61.92,2021-05-18 16:00:00
2021,5.0,18.0,17.0,60.16,60.16,2021-05-18 17:00:00
2021,5.0,18.0,18.0,64.25,64.25,2021-05-18 18:00:00
2021,5.0,18.0,19.0,75.51,75.51,2021-05-18 19:00:00
2021,5.0,18.0,20.0,83.28,83.28,2021-05-18 20:00:00
2021,5.0,18.0,21.0,87.31,87.31,2021-05-18 21:00:00
2021,5.0,18.0,22.0,87.98,87.98,2021-05-18 22:00:00
2021,5.0,18.0,23.0,83.7,83.7,2021-05-18 23:00:00
2021,5.0,18.0,24.0,78.92,78.92,2021-05-19 00:00:00
2021,5.0,19.0,1.0,72.59,72.59,2021-05-19 01:00:00
2021,5.0,19.0,2.0,65.49,65.49,2021-05-19 02:00:00
2021,5.0,19.0,3.0,63.1,63.1,2021-05-19 03:00:00
2021,5.0,19.0,4.0,62.08,62.08,2021-05-19 04:00:00
2021,5.0,19.0,5.0,63.82,63.82,2021-05-19 05:00:00
2021,5.0,19.0,6.0,69.79,69.79,2021-05-19 06:00:00
2021,5.0,19.0,7.0,82.96,82.96,2021-05-19 07:00:00
2021,5.0,19.0,8.0,89.7,91.86,2021-05-19 08:00:00
2021,5.0,19.0,9.0,90.37,97.01,2021-05-19 09:00:00
2021,5.0,19.0,10.0,89.32,89.32,2021-05-19 10:00:00
2021,5.0,19.0,11.0,84.65,84.65,2021-05-19 11:00:00
2021,5.0,19.0,12.0,81.96,81.96,2021-05-19 12:00:00
2021,5.0,19.0,13.0,77.77,77.77,2021-05-19 13:00:00
2021,5.0,19.0,14.0,75.01,75.01,2021-05-19 14:00:00
2021,5.0,19.0,15.0,64.5,64.5,2021-05-19 15:00:00
2021,5.0,19.0,16.0,63.55,63.55,2021-05-19 16:00:00
2021,5.0,19.0,17.0,63.87,63.87,2021-05-19 17:00:00
2021,5.0,19.0,18.0,71.0,71.0,2021-05-19 18:00:00
2021,5.0,19.0,19.0,78.69,78.69,2021-05-19 19:00:00
2021,5.0,19.0,20.0,85.18,85.18,2021-05-19 20:00:00
2021,5.0,19.0,21.0,89.32,89.32,2021-05-19 21:00:00
2021,5.0,19.0,22.0,90.01,90.01,2021-05-19 22:00:00
2021,5.0,19.0,23.0,87.07,87.07,2021-05-19 23:00:00
2021,5.0,19.0,24.0,80.05,80.05,2021-05-20 00:00:00
2021,5.0,20.0,1.0,76.68,76.68,2021-05-20 01:00:00
2021,5.0,20.0,2.0,71.07,71.07,2021-05-20 02:00:00
2021,5.0,20.0,3.0,69.2,69.2,2021-05-20 03:00:00
2021,5.0,20.0,4.0,70.94,70.94,2021-05-20 04:00:00
2021,5.0,20.0,5.0,75.0,75.0,2021-05-20 05:00:00
2021,5.0,20.0,6.0,78.75,78.75,2021-05-20 06:00:00
2021,5.0,20.0,7.0,85.13,85.13,2021-05-20 07:00:00
2021,5.0,20.0,8.0,90.23,90.23,2021-05-20 08:00:00
2021,5.0,20.0,9.0,92.85,94.9,2021-05-20 09:00:00
2021,5.0,20.0,10.0,85.09,85.09,2021-05-20 10:00:00
2021,5.0,20.0,11.0,81.72,81.72,2021-05-20 11:00:00
2021,5.0,20.0,12.0,81.71,81.71,2021-05-20 12:00:00
2021,5.0,20.0,13.0,81.72,81.72,2021-05-20 13:00:00
2021,5.0,20.0,14.0,81.72,81.72,2021-05-20 14:00:00
2021,5.0,20.0,15.0,77.78,77.78,2021-05-20 15:00:00
2021,5.0,20.0,16.0,69.35,69.35,2021-05-20 16:00:00
2021,5.0,20.0,17.0,68.0,68.0,2021-05-20 17:00:00
2021,5.0,20.0,18.0,70.36,70.36,2021-05-20 18:00:00
2021,5.0,20.0,19.0,74.74,74.74,2021-05-20 19:00:00
2021,5.0,20.0,20.0,82.17,82.17,2021-05-20 20:00:00
2021,5.0,20.0,21.0,86.89,86.89,2021-05-20 21:00:00
2021,5.0,20.0,22.0,90.01,90.01,2021-05-20 22:00:00
2021,5.0,20.0,23.0,87.1,87.1,2021-05-20 23:00:00
2021,5.0,20.0,24.0,84.75,84.75,2021-05-21 00:00:00
2021,5.0,21.0,1.0,80.85,80.85,2021-05-21 01:00:00
2021,5.0,21.0,2.0,79.46,79.46,2021-05-21 02:00:00
2021,5.0,21.0,3.0,79.18,79.18,2021-05-21 03:00:00
2021,5.0,21.0,4.0,79.18,79.18,2021-05-21 04:00:00
2021,5.0,21.0,5.0,79.46,79.46,2021-05-21 05:00:00
2021,5.0,21.0,6.0,79.18,79.18,2021-05-21 06:00:00
2021,5.0,21.0,7.0,79.18,82.8,2021-05-21 07:00:00
2021,5.0,21.0,8.0,79.18,85.06,2021-05-21 08:00:00
2021,5.0,21.0,9.0,79.66,86.01,2021-05-21 09:00:00
2021,5.0,21.0,10.0,80.85,80.85,2021-05-21 10:00:00
2021,5.0,21.0,11.0,78.1,78.1,2021-05-21 11:00:00
2021,5.0,21.0,12.0,77.02,77.02,2021-05-21 12:00:00
2021,5.0,21.0,13.0,75.0,75.0,2021-05-21 13:00:00
2021,5.0,21.0,14.0,65.07,65.07,2021-05-21 14:00:00
2021,5.0,21.0,15.0,53.17,53.17,2021-05-21 15:00:00
2021,5.0,21.0,16.0,47.07,47.07,2021-05-21 16:00:00
2021,5.0,21.0,17.0,40.0,40.0,2021-05-21 17:00:00
2021,5.0,21.0,18.0,37.98,37.98,2021-05-21 18:00:00
2021,5.0,21.0,19.0,39.49,39.49,2021-05-21 19:00:00
2021,5.0,21.0,20.0,51.05,51.05,2021-05-21 20:00:00
2021,5.0,21.0,21.0,62.99,62.99,2021-05-21 21:00:00
2021,5.0,21.0,22.0,77.99,77.99,2021-05-21 22:00:00
2021,5.0,21.0,23.0,77.02,77.02,2021-05-21 23:00:00
2021,5.0,21.0,24.0,75.0,75.0,2021-05-22 00:00:00
2021,5.0,22.0,1.0,67.21,67.21,2021-05-22 01:00:00
2021,5.0,22.0,2.0,63.87,63.87,2021-05-22 02:00:00
2021,5.0,22.0,3.0,63.87,63.87,2021-05-22 03:00:00
2021,5.0,22.0,4.0,65.0,65.0,2021-05-22 04:00:00
2021,5.0,22.0,5.0,66.0,66.0,2021-05-22 05:00:00
2021,5.0,22.0,6.0,68.1,68.1,2021-05-22 06:00:00
2021,5.0,22.0,7.0,75.0,75.0,2021-05-22 07:00:00
2021,5.0,22.0,8.0,76.68,76.68,2021-05-22 08:00:00
2021,5.0,22.0,9.0,77.38,77.38,2021-05-22 09:00:00
2021,5.0,22.0,10.0,75.51,75.51,2021-05-22 10:00:00
2021,5.0,22.0,11.0,72.02,72.02,2021-05-22 11:00:00
2021,5.0,22.0,12.0,69.0,69.0,2021-05-22 12:00:00
2021,5.0,22.0,13.0,65.05,65.05,2021-05-22 13:00:00
2021,5.0,22.0,14.0,60.14,60.14,2021-05-22 14:00:00
2021,5.0,22.0,15.0,53.64,53.64,2021-05-22 15:00:00
2021,5.0,22.0,16.0,50.55,50.55,2021-05-22 16:00:00
2021,5.0,22.0,17.0,47.5,47.5,2021-05-22 17:00:00
2021,5.0,22.0,18.0,49.6,49.6,2021-05-22 18:00:00
2021,5.0,22.0,19.0,50.85,50.85,2021-05-22 19:00:00
2021,5.0,22.0,20.0,60.02,60.02,2021-05-22 20:00:00
2021,5.0,22.0,21.0,76.68,76.68,2021-05-22 21:00:00
2021,5.0,22.0,22.0,80.43,80.43,2021-05-22 22:00:00
2021,5.0,22.0,23.0,80.43,80.43,2021-05-22 23:00:00
2021,5.0,22.0,24.0,79.24,79.24,2021-05-23 00:00:00
2021,5.0,23.0,1.0,74.0,74.0,2021-05-23 01:00:00
2021,5.0,23.0,2.0,62.3,62.3,2021-05-23 02:00:00
2021,5.0,23.0,3.0,60.7,60.7,2021-05-23 03:00:00
2021,5.0,23.0,4.0,60.7,60.7,2021-05-23 04:00:00
2021,5.0,23.0,5.0,63.87,63.87,2021-05-23 05:00:00
2021,5.0,23.0,6.0,66.1,66.1,2021-05-23 06:00:00
2021,5.0,23.0,7.0,70.36,70.36,2021-05-23 07:00:00
2021,5.0,23.0,8.0,71.01,71.01,2021-05-23 08:00:00
2021,5.0,23.0,9.0,72.75,72.75,2021-05-23 09:00:00
2021,5.0,23.0,10.0,75.0,75.0,2021-05-23 10:00:00
2021,5.0,23.0,11.0,76.68,76.68,2021-05-23 11:00:00
2021,5.0,23.0,12.0,79.0,79.0,2021-05-23 12:00:00
2021,5.0,23.0,13.0,78.46,78.46,2021-05-23 13:00:00
2021,5.0,23.0,14.0,78.46,78.46,2021-05-23 14:00:00
2021,5.0,23.0,15.0,69.35,69.35,2021-05-23 15:00:00
2021,5.0,23.0,16.0,57.08,57.08,2021-05-23 16:00:00
2021,5.0,23.0,17.0,53.95,53.95,2021-05-23 17:00:00
2021,5.0,23.0,18.0,53.85,53.85,2021-05-23 18:00:00
2021,5.0,23.0,19.0,54.0,54.0,2021-05-23 19:00:00
2021,5.0,23.0,20.0,58.0,58.0,2021-05-23 20:00:00
2021,5.0,23.0,21.0,74.9,74.9,2021-05-23 21:00:00
2021,5.0,23.0,22.0,79.48,79.48,2021-05-23 22:00:00
2021,5.0,23.0,23.0,80.0,80.0,2021-05-23 23:00:00
2021,5.0,23.0,24.0,78.03,78.03,2021-05-24 00:00:00
2021,5.0,24.0,1.0,68.1,68.1,2021-05-24 01:00:00
2021,5.0,24.0,2.0,58.51,58.51,2021-05-24 02:00:00
2021,5.0,24.0,3.0,57.42,57.42,2021-05-24 03:00:00
2021,5.0,24.0,4.0,57.42,57.42,2021-05-24 04:00:00
2021,5.0,24.0,5.0,57.02,57.02,2021-05-24 05:00:00
2021,5.0,24.0,6.0,56.67,56.67,2021-05-24 06:00:00
2021,5.0,24.0,7.0,70.36,70.36,2021-05-24 07:00:00
2021,5.0,24.0,8.0,76.45,76.45,2021-05-24 08:00:00
2021,5.0,24.0,9.0,80.63,80.63,2021-05-24 09:00:00
2021,5.0,24.0,10.0,76.45,76.45,2021-05-24 10:00:00
2021,5.0,24.0,11.0,66.0,66.0,2021-05-24 11:00:00
2021,5.0,24.0,12.0,60.7,60.7,2021-05-24 12:00:00
2021,5.0,24.0,13.0,63.87,63.87,2021-05-24 13:00:00
2021,5.0,24.0,14.0,62.03,62.03,2021-05-24 14:00:00
2021,5.0,24.0,15.0,58.51,58.51,2021-05-24 15:00:00
2021,5.0,24.0,16.0,57.42,57.42,2021-05-24 16:00:00
2021,5.0,24.0,17.0,58.95,58.95,2021-05-24 17:00:00
2021,5.0,24.0,18.0,60.49,60.49,2021-05-24 18:00:00
2021,5.0,24.0,19.0,61.48,61.48,2021-05-24 19:00:00
2021,5.0,24.0,20.0,74.0,74.0,2021-05-24 20:00:00
2021,5.0,24.0,21.0,82.72,82.72,2021-05-24 21:00:00
2021,5.0,24.0,22.0,85.56,85.56,2021-05-24 22:00:00
2021,5.0,24.0,23.0,84.06,84.06,2021-05-24 23:00:00
2021,5.0,24.0,24.0,82.88,82.88,2021-05-25 00:00:00
2021,5.0,25.0,1.0,80.0,80.0,2021-05-25 01:00:00
2021,5.0,25.0,2.0,78.75,78.75,2021-05-25 02:00:00
2021,5.0,25.0,3.0,79.02,79.02,2021-05-25 03:00:00
2021,5.0,25.0,4.0,79.19,79.19,2021-05-25 04:00:00
2021,5.0,25.0,5.0,79.19,79.19,2021-05-25 05:00:00
2021,5.0,25.0,6.0,79.19,79.19,2021-05-25 06:00:00
2021,5.0,25.0,7.0,80.75,80.75,2021-05-25 07:00:00
2021,5.0,25.0,8.0,82.04,82.39,2021-05-25 08:00:00
2021,5.0,25.0,9.0,83.05,84.65,2021-05-25 09:00:00
2021,5.0,25.0,10.0,80.0,80.0,2021-05-25 10:00:00
2021,5.0,25.0,11.0,78.6,78.6,2021-05-25 11:00:00
2021,5.0,25.0,12.0,77.57,77.57,2021-05-25 12:00:00
2021,5.0,25.0,13.0,76.31,76.31,2021-05-25 13:00:00
2021,5.0,25.0,14.0,75.18,75.18,2021-05-25 14:00:00
2021,5.0,25.0,15.0,70.36,70.36,2021-05-25 15:00:00
2021,5.0,25.0,16.0,65.0,65.0,2021-05-25 16:00:00
2021,5.0,25.0,17.0,62.4,62.4,2021-05-25 17:00:00
2021,5.0,25.0,18.0,64.7,64.7,2021-05-25 18:00:00
2021,5.0,25.0,19.0,65.48,65.48,2021-05-25 19:00:00
2021,5.0,25.0,20.0,76.31,76.31,2021-05-25 20:00:00
2021,5.0,25.0,21.0,80.01,80.01,2021-05-25 21:00:00
2021,5.0,25.0,22.0,83.18,83.18,2021-05-25 22:00:00
2021,5.0,25.0,23.0,82.03,82.03,2021-05-25 23:00:00
2021,5.0,25.0,24.0,79.19,79.19,2021-05-26 00:00:00
2021,5.0,26.0,1.0,79.25,79.25,2021-05-26 01:00:00
2021,5.0,26.0,2.0,74.01,74.01,2021-05-26 02:00:00
2021,5.0,26.0,3.0,74.01,74.01,2021-05-26 03:00:00
2021,5.0,26.0,4.0,75.18,75.18,2021-05-26 04:00:00
2021,5.0,26.0,5.0,75.23,75.23,2021-05-26 05:00:00
2021,5.0,26.0,6.0,79.89,79.89,2021-05-26 06:00:00
2021,5.0,26.0,7.0,82.7,82.7,2021-05-26 07:00:00
2021,5.0,26.0,8.0,84.25,84.59,2021-05-26 08:00:00
2021,5.0,26.0,9.0,85.66,90.0,2021-05-26 09:00:00
2021,5.0,26.0,10.0,84.67,84.67,2021-05-26 10:00:00
2021,5.0,26.0,11.0,81.94,81.94,2021-05-26 11:00:00
2021,5.0,26.0,12.0,81.0,81.0,2021-05-26 12:00:00
2021,5.0,26.0,13.0,81.68,81.68,2021-05-26 13:00:00
2021,5.0,26.0,14.0,81.0,81.0,2021-05-26 14:00:00
2021,5.0,26.0,15.0,79.89,79.89,2021-05-26 15:00:00
2021,5.0,26.0,16.0,77.04,77.04,2021-05-26 16:00:00
2021,5.0,26.0,17.0,77.07,77.07,2021-05-26 17:00:00
2021,5.0,26.0,18.0,79.02,79.02,2021-05-26 18:00:00
2021,5.0,26.0,19.0,79.35,79.35,2021-05-26 19:00:00
2021,5.0,26.0,20.0,81.0,81.0,2021-05-26 20:00:00
2021,5.0,26.0,21.0,84.04,84.04,2021-05-26 21:00:00
2021,5.0,26.0,22.0,88.0,88.0,2021-05-26 22:00:00
2021,5.0,26.0,23.0,84.41,84.41,2021-05-26 23:00:00
2021,5.0,26.0,24.0,82.3,82.3,2021-05-27 00:00:00
2021,5.0,27.0,1.0,85.0,85.0,2021-05-27 01:00:00
2021,5.0,27.0,2.0,84.27,84.27,2021-05-27 02:00:00
2021,5.0,27.0,3.0,84.16,84.16,2021-05-27 03:00:00
2021,5.0,27.0,4.0,84.27,84.27,2021-05-27 04:00:00
2021,5.0,27.0,5.0,84.27,84.27,2021-05-27 05:00:00
2021,5.0,27.0,6.0,84.37,84.37,2021-05-27 06:00:00
2021,5.0,27.0,7.0,86.62,86.62,2021-05-27 07:00:00
2021,5.0,27.0,8.0,88.79,88.79,2021-05-27 08:00:00
2021,5.0,27.0,9.0,91.24,91.24,2021-05-27 09:00:00
2021,5.0,27.0,10.0,88.33,88.33,2021-05-27 10:00:00
2021,5.0,27.0,11.0,86.62,86.62,2021-05-27 11:00:00
2021,5.0,27.0,12.0,85.03,85.03,2021-05-27 12:00:00
2021,5.0,27.0,13.0,85.01,85.01,2021-05-27 13:00:00
2021,5.0,27.0,14.0,84.63,84.63,2021-05-27 14:00:00
2021,5.0,27.0,15.0,83.7,83.7,2021-05-27 15:00:00
2021,5.0,27.0,16.0,83.76,83.76,2021-05-27 16:00:00
2021,5.0,27.0,17.0,84.27,84.27,2021-05-27 17:00:00
2021,5.0,27.0,18.0,85.01,85.01,2021-05-27 18:00:00
2021,5.0,27.0,19.0,86.14,86.14,2021-05-27 19:00:00
2021,5.0,27.0,20.0,87.06,87.06,2021-05-27 20:00:00
2021,5.0,27.0,21.0,88.87,88.87,2021-05-27 21:00:00
2021,5.0,27.0,22.0,91.96,91.96,2021-05-27 22:00:00
2021,5.0,27.0,23.0,89.21,89.21,2021-05-27 23:00:00
2021,5.0,27.0,24.0,86.9,86.9,2021-05-28 00:00:00
2021,5.0,28.0,1.0,89.8,89.8,2021-05-28 01:00:00
2021,5.0,28.0,2.0,88.69,88.69,2021-05-28 02:00:00
2021,5.0,28.0,3.0,88.02,88.02,2021-05-28 03:00:00
2021,5.0,28.0,4.0,89.43,89.43,2021-05-28 04:00:00
2021,5.0,28.0,5.0,89.43,89.43,2021-05-28 05:00:00
2021,5.0,28.0,6.0,89.8,89.8,2021-05-28 06:00:00
2021,5.0,28.0,7.0,89.8,89.8,2021-05-28 07:00:00
2021,5.0,28.0,8.0,93.01,93.01,2021-05-28 08:00:00
2021,5.0,28.0,9.0,96.51,96.51,2021-05-28 09:00:00
2021,5.0,28.0,10.0,94.96,94.96,2021-05-28 10:00:00
2021,5.0,28.0,11.0,91.05,91.05,2021-05-28 11:00:00
2021,5.0,28.0,12.0,89.92,89.92,2021-05-28 12:00:00
2021,5.0,28.0,13.0,89.43,89.43,2021-05-28 13:00:00
2021,5.0,28.0,14.0,87.27,87.27,2021-05-28 14:00:00
2021,5.0,28.0,15.0,84.93,84.93,2021-05-28 15:00:00
2021,5.0,28.0,16.0,83.75,83.75,2021-05-28 16:00:00
2021,5.0,28.0,17.0,83.34,83.34,2021-05-28 17:00:00
2021,5.0,28.0,18.0,84.32,84.32,2021-05-28 18:00:00
2021,5.0,28.0,19.0,83.7,83.7,2021-05-28 19:00:00
2021,5.0,28.0,20.0,85.75,85.75,2021-05-28 20:00:00
2021,5.0,28.0,21.0,90.0,90.0,2021-05-28 21:00:00
2021,5.0,28.0,22.0,93.71,93.71,2021-05-28 22:00:00
2021,5.0,28.0,23.0,90.75,90.75,2021-05-28 23:00:00
2021,5.0,28.0,24.0,87.48,87.48,2021-05-29 00:00:00
2021,5.0,29.0,1.0,91.94,91.94,2021-05-29 01:00:00
2021,5.0,29.0,2.0,90.0,90.0,2021-05-29 02:00:00
2021,5.0,29.0,3.0,89.8,89.8,2021-05-29 03:00:00
2021,5.0,29.0,4.0,89.8,89.8,2021-05-29 04:00:00
2021,5.0,29.0,5.0,89.8,89.8,2021-05-29 05:00:00
2021,5.0,29.0,6.0,89.8,89.8,2021-05-29 06:00:00
2021,5.0,29.0,7.0,87.48,87.48,2021-05-29 07:00:00
2021,5.0,29.0,8.0,87.27,87.27,2021-05-29 08:00:00
2021,5.0,29.0,9.0,87.48,87.48,2021-05-29 09:00:00
2021,5.0,29.0,10.0,85.58,85.58,2021-05-29 10:00:00
2021,5.0,29.0,11.0,83.75,83.75,2021-05-29 11:00:00
2021,5.0,29.0,12.0,83.94,83.94,2021-05-29 12:00:00
2021,5.0,29.0,13.0,83.56,83.56,2021-05-29 13:00:00
2021,5.0,29.0,14.0,83.5,83.5,2021-05-29 14:00:00
2021,5.0,29.0,15.0,75.18,75.18,2021-05-29 15:00:00
2021,5.0,29.0,16.0,67.72,67.72,2021-05-29 16:00:00
2021,5.0,29.0,17.0,62.05,62.05,2021-05-29 17:00:00
2021,5.0,29.0,18.0,61.91,61.91,2021-05-29 18:00:00
2021,5.0,29.0,19.0,63.87,63.87,2021-05-29 19:00:00
2021,5.0,29.0,20.0,68.1,68.1,2021-05-29 20:00:00
2021,5.0,29.0,21.0,82.7,82.7,2021-05-29 21:00:00
2021,5.0,29.0,22.0,88.69,88.69,2021-05-29 22:00:00
2021,5.0,29.0,23.0,85.79,85.79,2021-05-29 23:00:00
2021,5.0,29.0,24.0,82.7,82.7,2021-05-30 00:00:00
2021,5.0,30.0,1.0,83.56,83.56,2021-05-30 01:00:00
2021,5.0,30.0,2.0,74.01,74.01,2021-05-30 02:00:00
2021,5.0,30.0,3.0,68.1,68.1,2021-05-30 03:00:00
2021,5.0,30.0,4.0,68.87,68.87,2021-05-30 04:00:00
2021,5.0,30.0,5.0,69.0,69.0,2021-05-30 05:00:00
2021,5.0,30.0,6.0,71.57,71.57,2021-05-30 06:00:00
2021,5.0,30.0,7.0,74.01,74.01,2021-05-30 07:00:00
2021,5.0,30.0,8.0,67.21,67.21,2021-05-30 08:00:00
2021,5.0,30.0,9.0,65.5,65.5,2021-05-30 09:00:00
2021,5.0,30.0,10.0,66.1,66.1,2021-05-30 10:00:00
2021,5.0,30.0,11.0,65.05,65.05,2021-05-30 11:00:00
2021,5.0,30.0,12.0,64.8,64.8,2021-05-30 12:00:00
2021,5.0,30.0,13.0,64.7,64.7,2021-05-30 13:00:00
2021,5.0,30.0,14.0,64.9,64.9,2021-05-30 14:00:00
2021,5.0,30.0,15.0,63.87,63.87,2021-05-30 15:00:00
2021,5.0,30.0,16.0,62.65,62.65,2021-05-30 16:00:00
2021,5.0,30.0,17.0,62.57,62.57,2021-05-30 17:00:00
2021,5.0,30.0,18.0,62.66,62.66,2021-05-30 18:00:00
2021,5.0,30.0,19.0,63.87,63.87,2021-05-30 19:00:00
2021,5.0,30.0,20.0,75.18,75.18,2021-05-30 20:00:00
2021,5.0,30.0,21.0,89.8,89.8,2021-05-30 21:00:00
2021,5.0,30.0,22.0,93.84,93.84,2021-05-30 22:00:00
2021,5.0,30.0,23.0,93.84,93.84,2021-05-30 23:00:00
2021,5.0,30.0,24.0,90.64,90.64,2021-05-31 00:00:00
2021,5.0,31.0,1.0,88.93,88.93,2021-05-31 01:00:00
2021,5.0,31.0,2.0,86.7,86.7,2021-05-31 02:00:00
2021,5.0,31.0,3.0,85.92,85.92,2021-05-31 03:00:00
2021,5.0,31.0,4.0,86.7,86.7,2021-05-31 04:00:00
2021,5.0,31.0,5.0,87.0,87.0,2021-05-31 05:00:00
2021,5.0,31.0,6.0,87.0,87.0,2021-05-31 06:00:00
2021,5.0,31.0,7.0,88.99,88.99,2021-05-31 07:00:00
2021,5.0,31.0,8.0,91.01,91.01,2021-05-31 08:00:00
2021,5.0,31.0,9.0,91.92,95.0,2021-05-31 09:00:00
2021,5.0,31.0,10.0,91.93,91.93,2021-05-31 10:00:00
2021,5.0,31.0,11.0,91.05,91.05,2021-05-31 11:00:00
2021,5.0,31.0,12.0,89.99,89.99,2021-05-31 12:00:00
2021,5.0,31.0,13.0,88.98,88.98,2021-05-31 13:00:00
2021,5.0,31.0,14.0,87.05,87.05,2021-05-31 14:00:00
2021,5.0,31.0,15.0,85.02,85.02,2021-05-31 15:00:00
2021,5.0,31.0,16.0,82.89,82.89,2021-05-31 16:00:00
2021,5.0,31.0,17.0,82.89,82.89,2021-05-31 17:00:00
2021,5.0,31.0,18.0,82.89,82.89,2021-05-31 18:00:00
2021,5.0,31.0,19.0,83.71,83.71,2021-05-31 19:00:00
2021,5.0,31.0,20.0,85.31,85.31,2021-05-31 20:00:00
2021,5.0,31.0,21.0,90.02,90.02,2021-05-31 21:00:00
2021,5.0,31.0,22.0,93.11,93.11,2021-05-31 22:00:00
2021,5.0,31.0,23.0,91.93,91.93,2021-05-31 23:00:00
2021,5.0,31.0,24.0,90.0,90.0,2021-06-01 00:00:00
2021,6.0,1.0,1.0,89.5,89.5,2021-06-01 01:00:00
2021,6.0,1.0,2.0,88.11,88.11,2021-06-01 02:00:00
2021,6.0,1.0,3.0,86.7,86.7,2021-06-01 03:00:00
2021,6.0,1.0,4.0,86.75,86.75,2021-06-01 04:00:00
2021,6.0,1.0,5.0,86.7,86.7,2021-06-01 05:00:00
2021,6.0,1.0,6.0,88.0,88.0,2021-06-01 06:00:00
2021,6.0,1.0,7.0,89.5,89.5,2021-06-01 07:00:00
2021,6.0,1.0,8.0,91.1,91.1,2021-06-01 08:00:00
2021,6.0,1.0,9.0,92.34,92.34,2021-06-01 09:00:00
2021,6.0,1.0,10.0,91.9,91.9,2021-06-01 10:00:00
2021,6.0,1.0,11.0,90.5,90.5,2021-06-01 11:00:00
2021,6.0,1.0,12.0,88.19,88.19,2021-06-01 12:00:00
2021,6.0,1.0,13.0,85.9,85.9,2021-06-01 13:00:00
2021,6.0,1.0,14.0,83.26,83.26,2021-06-01 14:00:00
2021,6.0,1.0,15.0,79.18,79.18,2021-06-01 15:00:00
2021,6.0,1.0,16.0,74.52,74.52,2021-06-01 16:00:00
2021,6.0,1.0,17.0,74.1,74.1,2021-06-01 17:00:00
2021,6.0,1.0,18.0,78.01,78.01,2021-06-01 18:00:00
2021,6.0,1.0,19.0,79.75,79.75,2021-06-01 19:00:00
2021,6.0,1.0,20.0,86.7,86.7,2021-06-01 20:00:00
2021,6.0,1.0,21.0,90.4,90.4,2021-06-01 21:00:00
2021,6.0,1.0,22.0,92.54,92.54,2021-06-01 22:00:00
2021,6.0,1.0,23.0,92.38,92.38,2021-06-01 23:00:00
2021,6.0,1.0,24.0,91.52,91.52,2021-06-02 00:00:00
2021,6.0,2.0,1.0,89.66,89.66,2021-06-02 01:00:00
2021,6.0,2.0,2.0,87.0,87.0,2021-06-02 02:00:00
2021,6.0,2.0,3.0,85.0,85.0,2021-06-02 03:00:00
2021,6.0,2.0,4.0,85.0,85.0,2021-06-02 04:00:00
2021,6.0,2.0,5.0,84.17,84.17,2021-06-02 05:00:00
2021,6.0,2.0,6.0,85.02,85.02,2021-06-02 06:00:00
2021,6.0,2.0,7.0,88.57,88.57,2021-06-02 07:00:00
2021,6.0,2.0,8.0,91.14,91.14,2021-06-02 08:00:00
2021,6.0,2.0,9.0,92.76,92.76,2021-06-02 09:00:00
2021,6.0,2.0,10.0,90.07,90.07,2021-06-02 10:00:00
2021,6.0,2.0,11.0,88.57,88.57,2021-06-02 11:00:00
2021,6.0,2.0,12.0,85.21,85.21,2021-06-02 12:00:00
2021,6.0,2.0,13.0,84.1,84.1,2021-06-02 13:00:00
2021,6.0,2.0,14.0,83.51,83.51,2021-06-02 14:00:00
2021,6.0,2.0,15.0,80.0,80.0,2021-06-02 15:00:00
2021,6.0,2.0,16.0,78.01,78.01,2021-06-02 16:00:00
2021,6.0,2.0,17.0,74.36,74.36,2021-06-02 17:00:00
2021,6.0,2.0,18.0,78.5,78.5,2021-06-02 18:00:00
2021,6.0,2.0,19.0,79.18,79.18,2021-06-02 19:00:00
2021,6.0,2.0,20.0,83.34,83.34,2021-06-02 20:00:00
2021,6.0,2.0,21.0,84.17,84.17,2021-06-02 21:00:00
2021,6.0,2.0,22.0,89.03,89.03,2021-06-02 22:00:00
2021,6.0,2.0,23.0,86.7,86.7,2021-06-02 23:00:00
2021,6.0,2.0,24.0,83.22,83.22,2021-06-03 00:00:00
2021,6.0,3.0,1.0,83.75,83.75,2021-06-03 01:00:00
2021,6.0,3.0,2.0,79.93,79.93,2021-06-03 02:00:00
2021,6.0,3.0,3.0,76.58,76.58,2021-06-03 03:00:00
2021,6.0,3.0,4.0,77.35,77.35,2021-06-03 04:00:00
2021,6.0,3.0,5.0,77.58,77.58,2021-06-03 05:00:00
2021,6.0,3.0,6.0,80.75,80.75,2021-06-03 06:00:00
2021,6.0,3.0,7.0,85.01,85.01,2021-06-03 07:00:00
2021,6.0,3.0,8.0,88.01,88.01,2021-06-03 08:00:00
2021,6.0,3.0,9.0,89.18,89.18,2021-06-03 09:00:00
2021,6.0,3.0,10.0,83.75,83.75,2021-06-03 10:00:00
2021,6.0,3.0,11.0,81.94,81.94,2021-06-03 11:00:00
2021,6.0,3.0,12.0,80.0,80.0,2021-06-03 12:00:00
2021,6.0,3.0,13.0,80.0,80.0,2021-06-03 13:00:00
2021,6.0,3.0,14.0,78.58,78.58,2021-06-03 14:00:00
2021,6.0,3.0,15.0,74.36,74.36,2021-06-03 15:00:00
2021,6.0,3.0,16.0,65.9,65.9,2021-06-03 16:00:00
2021,6.0,3.0,17.0,65.86,65.86,2021-06-03 17:00:00
2021,6.0,3.0,18.0,69.3,69.3,2021-06-03 18:00:00
2021,6.0,3.0,19.0,75.0,75.0,2021-06-03 19:00:00
2021,6.0,3.0,20.0,81.99,81.99,2021-06-03 20:00:00
2021,6.0,3.0,21.0,83.01,83.01,2021-06-03 21:00:00
2021,6.0,3.0,22.0,87.32,87.32,2021-06-03 22:00:00
2021,6.0,3.0,23.0,86.75,86.75,2021-06-03 23:00:00
2021,6.0,3.0,24.0,83.35,83.35,2021-06-04 00:00:00
2021,6.0,4.0,1.0,77.2,77.2,2021-06-04 01:00:00
2021,6.0,4.0,2.0,75.86,75.86,2021-06-04 02:00:00
2021,6.0,4.0,3.0,74.99,74.99,2021-06-04 03:00:00
2021,6.0,4.0,4.0,78.0,78.0,2021-06-04 04:00:00
2021,6.0,4.0,5.0,78.08,78.08,2021-06-04 05:00:00
2021,6.0,4.0,6.0,80.85,80.85,2021-06-04 06:00:00
2021,6.0,4.0,7.0,84.12,84.12,2021-06-04 07:00:00
2021,6.0,4.0,8.0,88.01,88.01,2021-06-04 08:00:00
2021,6.0,4.0,9.0,89.18,89.18,2021-06-04 09:00:00
2021,6.0,4.0,10.0,87.56,87.56,2021-06-04 10:00:00
2021,6.0,4.0,11.0,84.2,84.2,2021-06-04 11:00:00
2021,6.0,4.0,12.0,83.7,83.7,2021-06-04 12:00:00
2021,6.0,4.0,13.0,83.6,83.6,2021-06-04 13:00:00
2021,6.0,4.0,14.0,83.29,83.29,2021-06-04 14:00:00
2021,6.0,4.0,15.0,79.08,79.08,2021-06-04 15:00:00
2021,6.0,4.0,16.0,76.08,76.08,2021-06-04 16:00:00
2021,6.0,4.0,17.0,72.04,72.04,2021-06-04 17:00:00
2021,6.0,4.0,18.0,75.9,75.9,2021-06-04 18:00:00
2021,6.0,4.0,19.0,79.91,79.91,2021-06-04 19:00:00
2021,6.0,4.0,20.0,81.95,81.95,2021-06-04 20:00:00
2021,6.0,4.0,21.0,81.69,81.69,2021-06-04 21:00:00
2021,6.0,4.0,22.0,83.13,83.13,2021-06-04 22:00:00
2021,6.0,4.0,23.0,80.35,80.35,2021-06-04 23:00:00
2021,6.0,4.0,24.0,75.3,75.3,2021-06-05 00:00:00
2021,6.0,5.0,1.0,76.22,76.22,2021-06-05 01:00:00
2021,6.0,5.0,2.0,69.1,69.1,2021-06-05 02:00:00
2021,6.0,5.0,3.0,65.87,65.87,2021-06-05 03:00:00
2021,6.0,5.0,4.0,65.9,65.9,2021-06-05 04:00:00
2021,6.0,5.0,5.0,65.65,65.65,2021-06-05 05:00:00
2021,6.0,5.0,6.0,65.86,65.86,2021-06-05 06:00:00
2021,6.0,5.0,7.0,65.86,65.86,2021-06-05 07:00:00
2021,6.0,5.0,8.0,68.87,68.87,2021-06-05 08:00:00
2021,6.0,5.0,9.0,76.42,76.42,2021-06-05 09:00:00
2021,6.0,5.0,10.0,79.2,79.2,2021-06-05 10:00:00
2021,6.0,5.0,11.0,83.74,83.74,2021-06-05 11:00:00
2021,6.0,5.0,12.0,83.74,83.74,2021-06-05 12:00:00
2021,6.0,5.0,13.0,83.35,83.35,2021-06-05 13:00:00
2021,6.0,5.0,14.0,83.74,83.74,2021-06-05 14:00:00
2021,6.0,5.0,15.0,81.55,81.55,2021-06-05 15:00:00
2021,6.0,5.0,16.0,77.62,77.62,2021-06-05 16:00:00
2021,6.0,5.0,17.0,76.22,76.22,2021-06-05 17:00:00
2021,6.0,5.0,18.0,75.81,75.81,2021-06-05 18:00:00
2021,6.0,5.0,19.0,75.86,75.86,2021-06-05 19:00:00
2021,6.0,5.0,20.0,77.01,77.01,2021-06-05 20:00:00
2021,6.0,5.0,21.0,81.55,81.55,2021-06-05 21:00:00
2021,6.0,5.0,22.0,84.55,84.55,2021-06-05 22:00:00
2021,6.0,5.0,23.0,84.34,84.34,2021-06-05 23:00:00
2021,6.0,5.0,24.0,80.0,80.0,2021-06-06 00:00:00
2021,6.0,6.0,1.0,84.21,84.21,2021-06-06 01:00:00
2021,6.0,6.0,2.0,81.58,81.58,2021-06-06 02:00:00
2021,6.0,6.0,3.0,75.0,75.0,2021-06-06 03:00:00
2021,6.0,6.0,4.0,74.36,74.36,2021-06-06 04:00:00
2021,6.0,6.0,5.0,69.0,69.0,2021-06-06 05:00:00
2021,6.0,6.0,6.0,69.05,69.05,2021-06-06 06:00:00
2021,6.0,6.0,7.0,69.05,69.05,2021-06-06 07:00:00
2021,6.0,6.0,8.0,67.87,67.87,2021-06-06 08:00:00
2021,6.0,6.0,9.0,65.9,65.9,2021-06-06 09:00:00
2021,6.0,6.0,10.0,65.65,65.65,2021-06-06 10:00:00
2021,6.0,6.0,11.0,64.8,64.8,2021-06-06 11:00:00
2021,6.0,6.0,12.0,65.0,65.0,2021-06-06 12:00:00
2021,6.0,6.0,13.0,64.9,64.9,2021-06-06 13:00:00
2021,6.0,6.0,14.0,65.26,65.26,2021-06-06 14:00:00
2021,6.0,6.0,15.0,64.59,64.59,2021-06-06 15:00:00
2021,6.0,6.0,16.0,54.57,54.57,2021-06-06 16:00:00
2021,6.0,6.0,17.0,39.33,39.33,2021-06-06 17:00:00
2021,6.0,6.0,18.0,54.99,54.99,2021-06-06 18:00:00
2021,6.0,6.0,19.0,60.02,60.02,2021-06-06 19:00:00
2021,6.0,6.0,20.0,68.05,68.05,2021-06-06 20:00:00
2021,6.0,6.0,21.0,76.38,76.38,2021-06-06 21:00:00
2021,6.0,6.0,22.0,84.55,84.55,2021-06-06 22:00:00
2021,6.0,6.0,23.0,85.93,85.93,2021-06-06 23:00:00
2021,6.0,6.0,24.0,82.8,82.8,2021-06-07 00:00:00
2021,6.0,7.0,1.0,76.75,76.75,2021-06-07 01:00:00
2021,6.0,7.0,2.0,66.38,66.38,2021-06-07 02:00:00
2021,6.0,7.0,3.0,65.86,65.86,2021-06-07 03:00:00
2021,6.0,7.0,4.0,65.86,65.86,2021-06-07 04:00:00
2021,6.0,7.0,5.0,66.1,66.1,2021-06-07 05:00:00
2021,6.0,7.0,6.0,76.44,76.44,2021-06-07 06:00:00
2021,6.0,7.0,7.0,81.01,81.01,2021-06-07 07:00:00
2021,6.0,7.0,8.0,85.94,85.94,2021-06-07 08:00:00
2021,6.0,7.0,9.0,90.0,90.0,2021-06-07 09:00:00
2021,6.0,7.0,10.0,86.0,86.0,2021-06-07 10:00:00
2021,6.0,7.0,11.0,82.55,82.55,2021-06-07 11:00:00
2021,6.0,7.0,12.0,81.0,81.0,2021-06-07 12:00:00
2021,6.0,7.0,13.0,80.0,80.0,2021-06-07 13:00:00
2021,6.0,7.0,14.0,79.75,79.75,2021-06-07 14:00:00
2021,6.0,7.0,15.0,78.51,78.51,2021-06-07 15:00:00
2021,6.0,7.0,16.0,76.97,76.97,2021-06-07 16:00:00
2021,6.0,7.0,17.0,77.25,77.25,2021-06-07 17:00:00
2021,6.0,7.0,18.0,79.55,79.55,2021-06-07 18:00:00
2021,6.0,7.0,19.0,83.18,83.18,2021-06-07 19:00:00
2021,6.0,7.0,20.0,88.0,88.0,2021-06-07 20:00:00
2021,6.0,7.0,21.0,89.95,89.95,2021-06-07 21:00:00
2021,6.0,7.0,22.0,87.24,87.24,2021-06-07 22:00:00
2021,6.0,7.0,23.0,85.74,85.74,2021-06-07 23:00:00
2021,6.0,7.0,24.0,82.55,82.55,2021-06-08 00:00:00
2021,6.0,8.0,1.0,81.0,81.0,2021-06-08 01:00:00
2021,6.0,8.0,2.0,79.33,79.33,2021-06-08 02:00:00
2021,6.0,8.0,3.0,78.93,78.93,2021-06-08 03:00:00
2021,6.0,8.0,4.0,79.33,79.33,2021-06-08 04:00:00
2021,6.0,8.0,5.0,82.18,82.18,2021-06-08 05:00:00
2021,6.0,8.0,6.0,84.16,84.16,2021-06-08 06:00:00
2021,6.0,8.0,7.0,84.36,84.36,2021-06-08 07:00:00
2021,6.0,8.0,8.0,88.76,90.03,2021-06-08 08:00:00
2021,6.0,8.0,9.0,88.97,93.85,2021-06-08 09:00:00
2021,6.0,8.0,10.0,85.32,85.32,2021-06-08 10:00:00
2021,6.0,8.0,11.0,80.14,80.14,2021-06-08 11:00:00
2021,6.0,8.0,12.0,79.95,79.95,2021-06-08 12:00:00
2021,6.0,8.0,13.0,80.14,80.14,2021-06-08 13:00:00
2021,6.0,8.0,14.0,80.0,80.0,2021-06-08 14:00:00
2021,6.0,8.0,15.0,79.33,79.33,2021-06-08 15:00:00
2021,6.0,8.0,16.0,76.01,76.01,2021-06-08 16:00:00
2021,6.0,8.0,17.0,74.47,74.47,2021-06-08 17:00:00
2021,6.0,8.0,18.0,79.33,79.33,2021-06-08 18:00:00
2021,6.0,8.0,19.0,83.79,83.79,2021-06-08 19:00:00
2021,6.0,8.0,20.0,86.52,86.52,2021-06-08 20:00:00
2021,6.0,8.0,21.0,87.32,87.32,2021-06-08 21:00:00
2021,6.0,8.0,22.0,87.24,87.24,2021-06-08 22:00:00
2021,6.0,8.0,23.0,83.96,83.96,2021-06-08 23:00:00
2021,6.0,8.0,24.0,79.33,79.33,2021-06-09 00:00:00
2021,6.0,9.0,1.0,82.03,82.03,2021-06-09 01:00:00
2021,6.0,9.0,2.0,79.0,79.0,2021-06-09 02:00:00
2021,6.0,9.0,3.0,75.01,75.01,2021-06-09 03:00:00
2021,6.0,9.0,4.0,77.44,77.44,2021-06-09 04:00:00
2021,6.0,9.0,5.0,79.86,79.86,2021-06-09 05:00:00
2021,6.0,9.0,6.0,81.98,81.98,2021-06-09 06:00:00
2021,6.0,9.0,7.0,82.89,82.89,2021-06-09 07:00:00
2021,6.0,9.0,8.0,86.44,86.44,2021-06-09 08:00:00
2021,6.0,9.0,9.0,88.11,88.11,2021-06-09 09:00:00
2021,6.0,9.0,10.0,82.59,82.59,2021-06-09 10:00:00
2021,6.0,9.0,11.0,81.98,81.98,2021-06-09 11:00:00
2021,6.0,9.0,12.0,81.98,81.98,2021-06-09 12:00:00
2021,6.0,9.0,13.0,82.29,82.29,2021-06-09 13:00:00
2021,6.0,9.0,14.0,82.39,82.39,2021-06-09 14:00:00
2021,6.0,9.0,15.0,81.98,81.98,2021-06-09 15:00:00
2021,6.0,9.0,16.0,77.07,77.07,2021-06-09 16:00:00
2021,6.0,9.0,17.0,72.42,72.42,2021-06-09 17:00:00
2021,6.0,9.0,18.0,78.32,78.32,2021-06-09 18:00:00
2021,6.0,9.0,19.0,82.99,82.99,2021-06-09 19:00:00
2021,6.0,9.0,20.0,85.53,85.53,2021-06-09 20:00:00
2021,6.0,9.0,21.0,86.7,86.7,2021-06-09 21:00:00
2021,6.0,9.0,22.0,86.44,86.44,2021-06-09 22:00:00
2021,6.0,9.0,23.0,85.0,85.0,2021-06-09 23:00:00
2021,6.0,9.0,24.0,78.0,78.0,2021-06-10 00:00:00
2021,6.0,10.0,1.0,82.95,82.95,2021-06-10 01:00:00
2021,6.0,10.0,2.0,78.0,78.0,2021-06-10 02:00:00
2021,6.0,10.0,3.0,75.0,75.0,2021-06-10 03:00:00
2021,6.0,10.0,4.0,75.0,75.0,2021-06-10 04:00:00
2021,6.0,10.0,5.0,73.58,73.58,2021-06-10 05:00:00
2021,6.0,10.0,6.0,81.0,81.0,2021-06-10 06:00:00
2021,6.0,10.0,7.0,83.25,83.25,2021-06-10 07:00:00
2021,6.0,10.0,8.0,89.27,89.27,2021-06-10 08:00:00
2021,6.0,10.0,9.0,90.17,92.5,2021-06-10 09:00:00
2021,6.0,10.0,10.0,84.59,84.59,2021-06-10 10:00:00
2021,6.0,10.0,11.0,83.99,83.99,2021-06-10 11:00:00
2021,6.0,10.0,12.0,84.19,84.19,2021-06-10 12:00:00
2021,6.0,10.0,13.0,84.34,84.34,2021-06-10 13:00:00
2021,6.0,10.0,14.0,84.34,84.34,2021-06-10 14:00:00
2021,6.0,10.0,15.0,83.68,83.68,2021-06-10 15:00:00
2021,6.0,10.0,16.0,80.91,80.91,2021-06-10 16:00:00
2021,6.0,10.0,17.0,78.22,78.22,2021-06-10 17:00:00
2021,6.0,10.0,18.0,81.7,81.7,2021-06-10 18:00:00
2021,6.0,10.0,19.0,85.74,85.74,2021-06-10 19:00:00
2021,6.0,10.0,20.0,89.62,89.62,2021-06-10 20:00:00
2021,6.0,10.0,21.0,89.18,89.18,2021-06-10 21:00:00
2021,6.0,10.0,22.0,89.18,89.18,2021-06-10 22:00:00
2021,6.0,10.0,23.0,87.25,87.25,2021-06-10 23:00:00
2021,6.0,10.0,24.0,82.59,82.59,2021-06-11 00:00:00
2021,6.0,11.0,1.0,83.9,83.9,2021-06-11 01:00:00
2021,6.0,11.0,2.0,80.0,80.0,2021-06-11 02:00:00
2021,6.0,11.0,3.0,74.56,74.56,2021-06-11 03:00:00
2021,6.0,11.0,4.0,71.0,71.0,2021-06-11 04:00:00
2021,6.0,11.0,5.0,69.05,69.05,2021-06-11 05:00:00
2021,6.0,11.0,6.0,72.5,72.5,2021-06-11 06:00:00
2021,6.0,11.0,7.0,82.0,82.0,2021-06-11 07:00:00
2021,6.0,11.0,8.0,87.85,90.0,2021-06-11 08:00:00
2021,6.0,11.0,9.0,88.63,92.26,2021-06-11 09:00:00
2021,6.0,11.0,10.0,85.05,85.05,2021-06-11 10:00:00
2021,6.0,11.0,11.0,83.0,83.0,2021-06-11 11:00:00
2021,6.0,11.0,12.0,83.18,83.18,2021-06-11 12:00:00
2021,6.0,11.0,13.0,83.9,83.9,2021-06-11 13:00:00
2021,6.0,11.0,14.0,83.34,83.34,2021-06-11 14:00:00
2021,6.0,11.0,15.0,83.18,83.18,2021-06-11 15:00:00
2021,6.0,11.0,16.0,81.2,81.2,2021-06-11 16:00:00
2021,6.0,11.0,17.0,80.0,80.0,2021-06-11 17:00:00
2021,6.0,11.0,18.0,80.0,80.0,2021-06-11 18:00:00
2021,6.0,11.0,19.0,82.98,82.98,2021-06-11 19:00:00
2021,6.0,11.0,20.0,88.07,88.07,2021-06-11 20:00:00
2021,6.0,11.0,21.0,89.92,89.92,2021-06-11 21:00:00
2021,6.0,11.0,22.0,88.07,88.07,2021-06-11 22:00:00
2021,6.0,11.0,23.0,88.63,88.63,2021-06-11 23:00:00
2021,6.0,11.0,24.0,85.04,85.04,2021-06-12 00:00:00
2021,6.0,12.0,1.0,82.98,82.98,2021-06-12 01:00:00
2021,6.0,12.0,2.0,81.6,81.6,2021-06-12 02:00:00
2021,6.0,12.0,3.0,79.95,79.95,2021-06-12 03:00:00
2021,6.0,12.0,4.0,79.7,79.7,2021-06-12 04:00:00
2021,6.0,12.0,5.0,77.21,77.21,2021-06-12 05:00:00
2021,6.0,12.0,6.0,73.35,73.35,2021-06-12 06:00:00
2021,6.0,12.0,7.0,73.35,73.35,2021-06-12 07:00:00
2021,6.0,12.0,8.0,73.35,73.35,2021-06-12 08:00:00
2021,6.0,12.0,9.0,77.96,77.96,2021-06-12 09:00:00
2021,6.0,12.0,10.0,77.21,77.21,2021-06-12 10:00:00
2021,6.0,12.0,11.0,73.35,73.35,2021-06-12 11:00:00
2021,6.0,12.0,12.0,70.5,70.5,2021-06-12 12:00:00
2021,6.0,12.0,13.0,71.01,71.01,2021-06-12 13:00:00
2021,6.0,12.0,14.0,76.7,76.7,2021-06-12 14:00:00
2021,6.0,12.0,15.0,73.35,73.35,2021-06-12 15:00:00
2021,6.0,12.0,16.0,68.86,68.86,2021-06-12 16:00:00
2021,6.0,12.0,17.0,68.65,68.65,2021-06-12 17:00:00
2021,6.0,12.0,18.0,68.9,68.9,2021-06-12 18:00:00
2021,6.0,12.0,19.0,73.35,73.35,2021-06-12 19:00:00
2021,6.0,12.0,20.0,81.2,81.2,2021-06-12 20:00:00
2021,6.0,12.0,21.0,87.85,87.85,2021-06-12 21:00:00
2021,6.0,12.0,22.0,91.42,91.42,2021-06-12 22:00:00
2021,6.0,12.0,23.0,91.88,91.88,2021-06-12 23:00:00
2021,6.0,12.0,24.0,88.68,88.68,2021-06-13 00:00:00
2021,6.0,13.0,1.0,80.62,80.62,2021-06-13 01:00:00
2021,6.0,13.0,2.0,80.0,80.0,2021-06-13 02:00:00
2021,6.0,13.0,3.0,79.95,79.95,2021-06-13 03:00:00
2021,6.0,13.0,4.0,80.0,80.0,2021-06-13 04:00:00
2021,6.0,13.0,5.0,80.31,80.31,2021-06-13 05:00:00
2021,6.0,13.0,6.0,81.02,81.02,2021-06-13 06:00:00
2021,6.0,13.0,7.0,80.72,80.72,2021-06-13 07:00:00
2021,6.0,13.0,8.0,80.31,80.31,2021-06-13 08:00:00
2021,6.0,13.0,9.0,80.31,80.31,2021-06-13 09:00:00
2021,6.0,13.0,10.0,79.7,79.7,2021-06-13 10:00:00
2021,6.0,13.0,11.0,76.0,76.0,2021-06-13 11:00:00
2021,6.0,13.0,12.0,73.35,73.35,2021-06-13 12:00:00
2021,6.0,13.0,13.0,69.99,69.99,2021-06-13 13:00:00
2021,6.0,13.0,14.0,72.86,72.86,2021-06-13 14:00:00
2021,6.0,13.0,15.0,73.35,73.35,2021-06-13 15:00:00
2021,6.0,13.0,16.0,69.99,69.99,2021-06-13 16:00:00
2021,6.0,13.0,17.0,69.95,69.95,2021-06-13 17:00:00
2021,6.0,13.0,18.0,70.0,70.0,2021-06-13 18:00:00
2021,6.0,13.0,19.0,73.35,73.35,2021-06-13 19:00:00
2021,6.0,13.0,20.0,79.95,79.95,2021-06-13 20:00:00
2021,6.0,13.0,21.0,88.07,88.07,2021-06-13 21:00:00
2021,6.0,13.0,22.0,93.27,93.27,2021-06-13 22:00:00
2021,6.0,13.0,23.0,95.0,95.0,2021-06-13 23:00:00
2021,6.0,13.0,24.0,92.63,92.63,2021-06-14 00:00:00
2021,6.0,14.0,1.0,87.7,87.7,2021-06-14 01:00:00
2021,6.0,14.0,2.0,87.08,87.08,2021-06-14 02:00:00
2021,6.0,14.0,3.0,83.95,83.95,2021-06-14 03:00:00
2021,6.0,14.0,4.0,85.0,85.0,2021-06-14 04:00:00
2021,6.0,14.0,5.0,86.7,86.7,2021-06-14 05:00:00
2021,6.0,14.0,6.0,87.29,87.29,2021-06-14 06:00:00
2021,6.0,14.0,7.0,88.0,88.0,2021-06-14 07:00:00
2021,6.0,14.0,8.0,90.71,93.0,2021-06-14 08:00:00
2021,6.0,14.0,9.0,90.95,93.0,2021-06-14 09:00:00
2021,6.0,14.0,10.0,90.0,90.0,2021-06-14 10:00:00
2021,6.0,14.0,11.0,87.54,87.54,2021-06-14 11:00:00
2021,6.0,14.0,12.0,87.7,87.7,2021-06-14 12:00:00
2021,6.0,14.0,13.0,88.07,88.07,2021-06-14 13:00:00
2021,6.0,14.0,14.0,88.07,88.07,2021-06-14 14:00:00
2021,6.0,14.0,15.0,87.29,87.29,2021-06-14 15:00:00
2021,6.0,14.0,16.0,87.29,81.71,2021-06-14 16:00:00
2021,6.0,14.0,17.0,87.29,81.71,2021-06-14 17:00:00
2021,6.0,14.0,18.0,86.95,82.08,2021-06-14 18:00:00
2021,6.0,14.0,19.0,88.85,88.85,2021-06-14 19:00:00
2021,6.0,14.0,20.0,94.94,95.0,2021-06-14 20:00:00
2021,6.0,14.0,21.0,98.35,98.35,2021-06-14 21:00:00
2021,6.0,14.0,22.0,95.0,95.0,2021-06-14 22:00:00
2021,6.0,14.0,23.0,92.29,92.29,2021-06-14 23:00:00
2021,6.0,14.0,24.0,88.0,88.0,2021-06-15 00:00:00
2021,6.0,15.0,1.0,90.0,90.0,2021-06-15 01:00:00
2021,6.0,15.0,2.0,87.0,87.0,2021-06-15 02:00:00
2021,6.0,15.0,3.0,84.05,84.05,2021-06-15 03:00:00
2021,6.0,15.0,4.0,81.2,81.2,2021-06-15 04:00:00
2021,6.0,15.0,5.0,81.2,81.2,2021-06-15 05:00:00
2021,6.0,15.0,6.0,84.05,84.05,2021-06-15 06:00:00
2021,6.0,15.0,7.0,85.0,85.0,2021-06-15 07:00:00
2021,6.0,15.0,8.0,92.22,93.55,2021-06-15 08:00:00
2021,6.0,15.0,9.0,92.53,96.81,2021-06-15 09:00:00
2021,6.0,15.0,10.0,92.0,92.0,2021-06-15 10:00:00
2021,6.0,15.0,11.0,90.0,90.0,2021-06-15 11:00:00
2021,6.0,15.0,12.0,92.0,92.0,2021-06-15 12:00:00
2021,6.0,15.0,13.0,92.0,92.0,2021-06-15 13:00:00
2021,6.0,15.0,14.0,92.2,92.2,2021-06-15 14:00:00
2021,6.0,15.0,15.0,91.1,91.1,2021-06-15 15:00:00
2021,6.0,15.0,16.0,89.51,89.51,2021-06-15 16:00:00
2021,6.0,15.0,17.0,89.7,89.7,2021-06-15 17:00:00
2021,6.0,15.0,18.0,92.2,92.2,2021-06-15 18:00:00
2021,6.0,15.0,19.0,94.6,94.6,2021-06-15 19:00:00
2021,6.0,15.0,20.0,100.0,100.0,2021-06-15 20:00:00
2021,6.0,15.0,21.0,100.0,100.0,2021-06-15 21:00:00
2021,6.0,15.0,22.0,97.36,97.36,2021-06-15 22:00:00
2021,6.0,15.0,23.0,94.55,94.55,2021-06-15 23:00:00
2021,6.0,15.0,24.0,92.74,92.74,2021-06-16 00:00:00
2021,6.0,16.0,1.0,97.5,97.5,2021-06-16 01:00:00
2021,6.0,16.0,2.0,95.0,95.0,2021-06-16 02:00:00
2021,6.0,16.0,3.0,93.35,93.35,2021-06-16 03:00:00
2021,6.0,16.0,4.0,93.35,93.35,2021-06-16 04:00:00
2021,6.0,16.0,5.0,93.35,93.35,2021-06-16 05:00:00
2021,6.0,16.0,6.0,93.46,93.46,2021-06-16 06:00:00
2021,6.0,16.0,7.0,95.01,95.01,2021-06-16 07:00:00
2021,6.0,16.0,8.0,99.29,99.29,2021-06-16 08:00:00
2021,6.0,16.0,9.0,100.0,100.0,2021-06-16 09:00:00
2021,6.0,16.0,10.0,96.16,96.16,2021-06-16 10:00:00
2021,6.0,16.0,11.0,93.35,93.35,2021-06-16 11:00:00
2021,6.0,16.0,12.0,92.69,92.69,2021-06-16 12:00:00
2021,6.0,16.0,13.0,92.2,92.2,2021-06-16 13:00:00
2021,6.0,16.0,14.0,89.99,89.99,2021-06-16 14:00:00
2021,6.0,16.0,15.0,89.21,89.21,2021-06-16 15:00:00
2021,6.0,16.0,16.0,82.58,82.58,2021-06-16 16:00:00
2021,6.0,16.0,17.0,85.5,85.5,2021-06-16 17:00:00
2021,6.0,16.0,18.0,92.64,92.64,2021-06-16 18:00:00
2021,6.0,16.0,19.0,95.65,95.65,2021-06-16 19:00:00
2021,6.0,16.0,20.0,98.91,98.91,2021-06-16 20:00:00
2021,6.0,16.0,21.0,105.51,105.51,2021-06-16 21:00:00
2021,6.0,16.0,22.0,100.84,100.84,2021-06-16 22:00:00
2021,6.0,16.0,23.0,100.0,100.0,2021-06-16 23:00:00
2021,6.0,16.0,24.0,95.65,95.65,2021-06-17 00:00:00
2021,6.0,17.0,1.0,97.92,97.92,2021-06-17 01:00:00
2021,6.0,17.0,2.0,95.92,95.92,2021-06-17 02:00:00
2021,6.0,17.0,3.0,95.4,95.4,2021-06-17 03:00:00
2021,6.0,17.0,4.0,93.41,93.41,2021-06-17 04:00:00
2021,6.0,17.0,5.0,93.1,93.1,2021-06-17 05:00:00
2021,6.0,17.0,6.0,92.88,92.88,2021-06-17 06:00:00
2021,6.0,17.0,7.0,92.88,92.88,2021-06-17 07:00:00
2021,6.0,17.0,8.0,94.08,94.08,2021-06-17 08:00:00
2021,6.0,17.0,9.0,99.0,99.0,2021-06-17 09:00:00
2021,6.0,17.0,10.0,96.77,96.77,2021-06-17 10:00:00
2021,6.0,17.0,11.0,95.4,95.4,2021-06-17 11:00:00
2021,6.0,17.0,12.0,93.35,93.35,2021-06-17 12:00:00
2021,6.0,17.0,13.0,92.72,92.72,2021-06-17 13:00:00
2021,6.0,17.0,14.0,89.67,89.67,2021-06-17 14:00:00
2021,6.0,17.0,15.0,87.29,87.29,2021-06-17 15:00:00
2021,6.0,17.0,16.0,83.43,83.43,2021-06-17 16:00:00
2021,6.0,17.0,17.0,76.29,76.29,2021-06-17 17:00:00
2021,6.0,17.0,18.0,84.77,84.77,2021-06-17 18:00:00
2021,6.0,17.0,19.0,92.95,92.95,2021-06-17 19:00:00
2021,6.0,17.0,20.0,95.92,95.92,2021-06-17 20:00:00
2021,6.0,17.0,21.0,102.37,102.37,2021-06-17 21:00:00
2021,6.0,17.0,22.0,98.91,98.91,2021-06-17 22:00:00
2021,6.0,17.0,23.0,94.86,94.86,2021-06-17 23:00:00
2021,6.0,17.0,24.0,92.63,92.63,2021-06-18 00:00:00
2021,6.0,18.0,1.0,93.35,93.35,2021-06-18 01:00:00
2021,6.0,18.0,2.0,90.56,90.56,2021-06-18 02:00:00
2021,6.0,18.0,3.0,89.15,89.15,2021-06-18 03:00:00
2021,6.0,18.0,4.0,89.03,89.03,2021-06-18 04:00:00
2021,6.0,18.0,5.0,88.62,88.62,2021-06-18 05:00:00
2021,6.0,18.0,6.0,89.64,89.64,2021-06-18 06:00:00
2021,6.0,18.0,7.0,91.42,91.42,2021-06-18 07:00:00
2021,6.0,18.0,8.0,97.05,97.05,2021-06-18 08:00:00
2021,6.0,18.0,9.0,100.02,100.02,2021-06-18 09:00:00
2021,6.0,18.0,10.0,96.88,96.88,2021-06-18 10:00:00
2021,6.0,18.0,11.0,95.99,95.99,2021-06-18 11:00:00
2021,6.0,18.0,12.0,94.4,94.4,2021-06-18 12:00:00
2021,6.0,18.0,13.0,95.88,95.88,2021-06-18 13:00:00
2021,6.0,18.0,14.0,94.07,94.07,2021-06-18 14:00:00
2021,6.0,18.0,15.0,92.21,92.21,2021-06-18 15:00:00
2021,6.0,18.0,16.0,87.23,87.23,2021-06-18 16:00:00
2021,6.0,18.0,17.0,86.0,86.0,2021-06-18 17:00:00
2021,6.0,18.0,18.0,88.77,88.77,2021-06-18 18:00:00
2021,6.0,18.0,19.0,91.1,91.1,2021-06-18 19:00:00
2021,6.0,18.0,20.0,97.0,97.0,2021-06-18 20:00:00
2021,6.0,18.0,21.0,96.91,96.91,2021-06-18 21:00:00
2021,6.0,18.0,22.0,94.07,94.07,2021-06-18 22:00:00
2021,6.0,18.0,23.0,93.56,93.56,2021-06-18 23:00:00
2021,6.0,18.0,24.0,91.27,91.27,2021-06-19 00:00:00
2021,6.0,19.0,1.0,93.35,93.35,2021-06-19 01:00:00
2021,6.0,19.0,2.0,93.12,93.12,2021-06-19 02:00:00
2021,6.0,19.0,3.0,92.7,92.7,2021-06-19 03:00:00
2021,6.0,19.0,4.0,92.19,92.19,2021-06-19 04:00:00
2021,6.0,19.0,5.0,92.19,92.19,2021-06-19 05:00:00
2021,6.0,19.0,6.0,91.09,91.09,2021-06-19 06:00:00
2021,6.0,19.0,7.0,89.09,89.09,2021-06-19 07:00:00
2021,6.0,19.0,8.0,89.64,89.64,2021-06-19 08:00:00
2021,6.0,19.0,9.0,92.53,92.53,2021-06-19 09:00:00
2021,6.0,19.0,10.0,92.7,92.7,2021-06-19 10:00:00
2021,6.0,19.0,11.0,92.03,92.03,2021-06-19 11:00:00
2021,6.0,19.0,12.0,89.6,89.6,2021-06-19 12:00:00
2021,6.0,19.0,13.0,88.24,88.24,2021-06-19 13:00:00
2021,6.0,19.0,14.0,86.83,86.83,2021-06-19 14:00:00
2021,6.0,19.0,15.0,79.0,79.0,2021-06-19 15:00:00
2021,6.0,19.0,16.0,66.9,66.9,2021-06-19 16:00:00
2021,6.0,19.0,17.0,65.99,65.99,2021-06-19 17:00:00
2021,6.0,19.0,18.0,73.0,73.0,2021-06-19 18:00:00
2021,6.0,19.0,19.0,81.0,81.0,2021-06-19 19:00:00
2021,6.0,19.0,20.0,89.0,89.0,2021-06-19 20:00:00
2021,6.0,19.0,21.0,92.75,92.75,2021-06-19 21:00:00
2021,6.0,19.0,22.0,92.19,92.19,2021-06-19 22:00:00
2021,6.0,19.0,23.0,91.25,91.25,2021-06-19 23:00:00
2021,6.0,19.0,24.0,87.0,87.0,2021-06-20 00:00:00
2021,6.0,20.0,1.0,80.95,80.95,2021-06-20 01:00:00
2021,6.0,20.0,2.0,66.8,66.8,2021-06-20 02:00:00
2021,6.0,20.0,3.0,65.74,65.74,2021-06-20 03:00:00
2021,6.0,20.0,4.0,62.1,62.1,2021-06-20 04:00:00
2021,6.0,20.0,5.0,62.0,62.0,2021-06-20 05:00:00
2021,6.0,20.0,6.0,59.97,59.97,2021-06-20 06:00:00
2021,6.0,20.0,7.0,58.0,58.0,2021-06-20 07:00:00
2021,6.0,20.0,8.0,54.58,54.58,2021-06-20 08:00:00
2021,6.0,20.0,9.0,55.0,55.0,2021-06-20 09:00:00
2021,6.0,20.0,10.0,55.0,55.0,2021-06-20 10:00:00
2021,6.0,20.0,11.0,50.2,50.2,2021-06-20 11:00:00
2021,6.0,20.0,12.0,45.63,45.63,2021-06-20 12:00:00
2021,6.0,20.0,13.0,39.85,39.85,2021-06-20 13:00:00
2021,6.0,20.0,14.0,27.2,27.2,2021-06-20 14:00:00
2021,6.0,20.0,15.0,23.72,23.72,2021-06-20 15:00:00
2021,6.0,20.0,16.0,26.99,26.99,2021-06-20 16:00:00
2021,6.0,20.0,17.0,8.0,8.0,2021-06-20 17:00:00
2021,6.0,20.0,18.0,3.84,3.84,2021-06-20 18:00:00
2021,6.0,20.0,19.0,21.4,21.4,2021-06-20 19:00:00
2021,6.0,20.0,20.0,62.1,62.1,2021-06-20 20:00:00
2021,6.0,20.0,21.0,79.24,79.24,2021-06-20 21:00:00
2021,6.0,20.0,22.0,85.79,85.79,2021-06-20 22:00:00
2021,6.0,20.0,23.0,88.13,88.13,2021-06-20 23:00:00
2021,6.0,20.0,24.0,81.0,81.0,2021-06-21 00:00:00
2021,6.0,21.0,1.0,65.99,65.99,2021-06-21 01:00:00
2021,6.0,21.0,2.0,62.96,62.96,2021-06-21 02:00:00
2021,6.0,21.0,3.0,62.49,62.49,2021-06-21 03:00:00
2021,6.0,21.0,4.0,62.59,62.59,2021-06-21 04:00:00
2021,6.0,21.0,5.0,63.88,63.88,2021-06-21 05:00:00
2021,6.0,21.0,6.0,65.99,65.99,2021-06-21 06:00:00
2021,6.0,21.0,7.0,85.95,85.95,2021-06-21 07:00:00
2021,6.0,21.0,8.0,88.94,88.94,2021-06-21 08:00:00
2021,6.0,21.0,9.0,92.0,92.0,2021-06-21 09:00:00
2021,6.0,21.0,10.0,90.0,90.0,2021-06-21 10:00:00
2021,6.0,21.0,11.0,88.03,88.03,2021-06-21 11:00:00
2021,6.0,21.0,12.0,87.9,87.9,2021-06-21 12:00:00
2021,6.0,21.0,13.0,89.21,89.21,2021-06-21 13:00:00
2021,6.0,21.0,14.0,89.21,89.21,2021-06-21 14:00:00
2021,6.0,21.0,15.0,88.24,88.24,2021-06-21 15:00:00
2021,6.0,21.0,16.0,80.0,80.0,2021-06-21 16:00:00
2021,6.0,21.0,17.0,80.0,80.0,2021-06-21 17:00:00
2021,6.0,21.0,18.0,82.94,82.94,2021-06-21 18:00:00
2021,6.0,21.0,19.0,88.97,88.97,2021-06-21 19:00:00
2021,6.0,21.0,20.0,93.79,93.79,2021-06-21 20:00:00
2021,6.0,21.0,21.0,94.07,94.07,2021-06-21 21:00:00
2021,6.0,21.0,22.0,93.79,93.79,2021-06-21 22:00:00
2021,6.0,21.0,23.0,93.83,93.83,2021-06-21 23:00:00
2021,6.0,21.0,24.0,90.47,90.47,2021-06-22 00:00:00
2021,6.0,22.0,1.0,93.04,93.04,2021-06-22 01:00:00
2021,6.0,22.0,2.0,89.7,89.7,2021-06-22 02:00:00
2021,6.0,22.0,3.0,87.2,87.2,2021-06-22 03:00:00
2021,6.0,22.0,4.0,87.2,87.2,2021-06-22 04:00:00
2021,6.0,22.0,5.0,83.85,83.85,2021-06-22 05:00:00
2021,6.0,22.0,6.0,86.9,86.9,2021-06-22 06:00:00
2021,6.0,22.0,7.0,90.01,90.01,2021-06-22 07:00:00
2021,6.0,22.0,8.0,93.76,93.76,2021-06-22 08:00:00
2021,6.0,22.0,9.0,96.0,96.0,2021-06-22 09:00:00
2021,6.0,22.0,10.0,93.65,93.65,2021-06-22 10:00:00
2021,6.0,22.0,11.0,90.97,90.97,2021-06-22 11:00:00
2021,6.0,22.0,12.0,90.15,90.15,2021-06-22 12:00:00
2021,6.0,22.0,13.0,90.28,90.28,2021-06-22 13:00:00
2021,6.0,22.0,14.0,90.28,90.28,2021-06-22 14:00:00
2021,6.0,22.0,15.0,89.7,89.7,2021-06-22 15:00:00
2021,6.0,22.0,16.0,86.9,86.9,2021-06-22 16:00:00
2021,6.0,22.0,17.0,82.41,82.41,2021-06-22 17:00:00
2021,6.0,22.0,18.0,89.95,89.95,2021-06-22 18:00:00
2021,6.0,22.0,19.0,89.7,89.7,2021-06-22 19:00:00
2021,6.0,22.0,20.0,93.35,93.35,2021-06-22 20:00:00
2021,6.0,22.0,21.0,90.28,90.28,2021-06-22 21:00:00
2021,6.0,22.0,22.0,89.7,89.7,2021-06-22 22:00:00
2021,6.0,22.0,23.0,90.68,90.68,2021-06-22 23:00:00
2021,6.0,22.0,24.0,82.94,82.94,2021-06-23 00:00:00
2021,6.0,23.0,1.0,89.7,89.7,2021-06-23 01:00:00
2021,6.0,23.0,2.0,87.01,87.01,2021-06-23 02:00:00
2021,6.0,23.0,3.0,81.32,81.32,2021-06-23 03:00:00
2021,6.0,23.0,4.0,82.0,82.0,2021-06-23 04:00:00
2021,6.0,23.0,5.0,83.0,83.0,2021-06-23 05:00:00
2021,6.0,23.0,6.0,86.9,86.9,2021-06-23 06:00:00
2021,6.0,23.0,7.0,90.28,90.28,2021-06-23 07:00:00
2021,6.0,23.0,8.0,92.08,92.08,2021-06-23 08:00:00
2021,6.0,23.0,9.0,95.0,95.0,2021-06-23 09:00:00
2021,6.0,23.0,10.0,94.74,94.74,2021-06-23 10:00:00
2021,6.0,23.0,11.0,93.35,93.35,2021-06-23 11:00:00
2021,6.0,23.0,12.0,92.08,92.08,2021-06-23 12:00:00
2021,6.0,23.0,13.0,91.13,91.13,2021-06-23 13:00:00
2021,6.0,23.0,14.0,90.76,90.76,2021-06-23 14:00:00
2021,6.0,23.0,15.0,90.28,90.28,2021-06-23 15:00:00
2021,6.0,23.0,16.0,89.7,89.7,2021-06-23 16:00:00
2021,6.0,23.0,17.0,87.35,87.35,2021-06-23 17:00:00
2021,6.0,23.0,18.0,90.96,90.96,2021-06-23 18:00:00
2021,6.0,23.0,19.0,93.22,93.22,2021-06-23 19:00:00
2021,6.0,23.0,20.0,92.32,92.32,2021-06-23 20:00:00
2021,6.0,23.0,21.0,92.17,92.17,2021-06-23 21:00:00
2021,6.0,23.0,22.0,92.17,92.17,2021-06-23 22:00:00
2021,6.0,23.0,23.0,93.35,93.35,2021-06-23 23:00:00
2021,6.0,23.0,24.0,86.34,86.34,2021-06-24 00:00:00
2021,6.0,24.0,1.0,83.0,83.0,2021-06-24 01:00:00
2021,6.0,24.0,2.0,79.29,79.29,2021-06-24 02:00:00
2021,6.0,24.0,3.0,76.19,76.19,2021-06-24 03:00:00
2021,6.0,24.0,4.0,71.51,71.51,2021-06-24 04:00:00
2021,6.0,24.0,5.0,68.93,68.93,2021-06-24 05:00:00
2021,6.0,24.0,6.0,73.38,73.38,2021-06-24 06:00:00
2021,6.0,24.0,7.0,81.5,81.5,2021-06-24 07:00:00
2021,6.0,24.0,8.0,92.79,92.79,2021-06-24 08:00:00
2021,6.0,24.0,9.0,92.45,92.45,2021-06-24 09:00:00
2021,6.0,24.0,10.0,89.7,89.7,2021-06-24 10:00:00
2021,6.0,24.0,11.0,87.35,87.35,2021-06-24 11:00:00
2021,6.0,24.0,12.0,88.55,88.55,2021-06-24 12:00:00
2021,6.0,24.0,13.0,90.16,90.16,2021-06-24 13:00:00
2021,6.0,24.0,14.0,87.34,87.34,2021-06-24 14:00:00
2021,6.0,24.0,15.0,84.64,84.64,2021-06-24 15:00:00
2021,6.0,24.0,16.0,82.51,82.51,2021-06-24 16:00:00
2021,6.0,24.0,17.0,84.0,84.0,2021-06-24 17:00:00
2021,6.0,24.0,18.0,90.26,90.26,2021-06-24 18:00:00
2021,6.0,24.0,19.0,90.58,90.58,2021-06-24 19:00:00
2021,6.0,24.0,20.0,93.0,93.0,2021-06-24 20:00:00
2021,6.0,24.0,21.0,93.35,93.35,2021-06-24 21:00:00
2021,6.0,24.0,22.0,93.92,93.92,2021-06-24 22:00:00
2021,6.0,24.0,23.0,94.32,94.32,2021-06-24 23:00:00
2021,6.0,24.0,24.0,88.91,88.91,2021-06-25 00:00:00
2021,6.0,25.0,1.0,87.2,87.2,2021-06-25 01:00:00
2021,6.0,25.0,2.0,80.0,80.0,2021-06-25 02:00:00
2021,6.0,25.0,3.0,76.99,76.99,2021-06-25 03:00:00
2021,6.0,25.0,4.0,75.44,75.44,2021-06-25 04:00:00
2021,6.0,25.0,5.0,75.77,75.77,2021-06-25 05:00:00
2021,6.0,25.0,6.0,78.3,78.3,2021-06-25 06:00:00
2021,6.0,25.0,7.0,86.9,86.9,2021-06-25 07:00:00
2021,6.0,25.0,8.0,94.89,94.89,2021-06-25 08:00:00
2021,6.0,25.0,9.0,98.35,98.35,2021-06-25 09:00:00
2021,6.0,25.0,10.0,95.02,95.02,2021-06-25 10:00:00
2021,6.0,25.0,11.0,91.45,91.45,2021-06-25 11:00:00
2021,6.0,25.0,12.0,89.06,89.06,2021-06-25 12:00:00
2021,6.0,25.0,13.0,86.45,86.45,2021-06-25 13:00:00
2021,6.0,25.0,14.0,81.2,81.2,2021-06-25 14:00:00
2021,6.0,25.0,15.0,79.26,79.26,2021-06-25 15:00:00
2021,6.0,25.0,16.0,78.96,78.96,2021-06-25 16:00:00
2021,6.0,25.0,17.0,79.83,79.83,2021-06-25 17:00:00
2021,6.0,25.0,18.0,85.83,85.83,2021-06-25 18:00:00
2021,6.0,25.0,19.0,87.42,87.42,2021-06-25 19:00:00
2021,6.0,25.0,20.0,93.35,93.35,2021-06-25 20:00:00
2021,6.0,25.0,21.0,95.02,95.02,2021-06-25 21:00:00
2021,6.0,25.0,22.0,95.82,95.82,2021-06-25 22:00:00
2021,6.0,25.0,23.0,95.45,95.45,2021-06-25 23:00:00
2021,6.0,25.0,24.0,89.71,89.71,2021-06-26 00:00:00
2021,6.0,26.0,1.0,91.01,91.01,2021-06-26 01:00:00
2021,6.0,26.0,2.0,89.73,89.73,2021-06-26 02:00:00
2021,6.0,26.0,3.0,91.03,91.03,2021-06-26 03:00:00
2021,6.0,26.0,4.0,91.45,91.45,2021-06-26 04:00:00
2021,6.0,26.0,5.0,93.0,93.0,2021-06-26 05:00:00
2021,6.0,26.0,6.0,93.35,93.35,2021-06-26 06:00:00
2021,6.0,26.0,7.0,93.35,93.35,2021-06-26 07:00:00
2021,6.0,26.0,8.0,91.45,91.45,2021-06-26 08:00:00
2021,6.0,26.0,9.0,90.15,90.15,2021-06-26 09:00:00
2021,6.0,26.0,10.0,87.64,87.64,2021-06-26 10:00:00
2021,6.0,26.0,11.0,87.35,87.35,2021-06-26 11:00:00
2021,6.0,26.0,12.0,86.45,86.45,2021-06-26 12:00:00
2021,6.0,26.0,13.0,76.6,76.6,2021-06-26 13:00:00
2021,6.0,26.0,14.0,68.97,68.97,2021-06-26 14:00:00
2021,6.0,26.0,15.0,65.74,65.74,2021-06-26 15:00:00
2021,6.0,26.0,16.0,64.87,64.87,2021-06-26 16:00:00
2021,6.0,26.0,17.0,65.34,65.34,2021-06-26 17:00:00
2021,6.0,26.0,18.0,69.21,69.21,2021-06-26 18:00:00
2021,6.0,26.0,19.0,75.08,75.08,2021-06-26 19:00:00
2021,6.0,26.0,20.0,85.3,85.3,2021-06-26 20:00:00
2021,6.0,26.0,21.0,88.55,88.55,2021-06-26 21:00:00
2021,6.0,26.0,22.0,91.66,91.66,2021-06-26 22:00:00
2021,6.0,26.0,23.0,91.03,91.03,2021-06-26 23:00:00
2021,6.0,26.0,24.0,87.5,87.5,2021-06-27 00:00:00
2021,6.0,27.0,1.0,87.64,87.64,2021-06-27 01:00:00
2021,6.0,27.0,2.0,86.9,86.9,2021-06-27 02:00:00
2021,6.0,27.0,3.0,82.6,82.6,2021-06-27 03:00:00
2021,6.0,27.0,4.0,84.45,84.45,2021-06-27 04:00:00
2021,6.0,27.0,5.0,84.45,84.45,2021-06-27 05:00:00
2021,6.0,27.0,6.0,81.2,81.2,2021-06-27 06:00:00
2021,6.0,27.0,7.0,80.0,80.0,2021-06-27 07:00:00
2021,6.0,27.0,8.0,75.25,75.25,2021-06-27 08:00:00
2021,6.0,27.0,9.0,67.99,67.99,2021-06-27 09:00:00
2021,6.0,27.0,10.0,66.25,66.25,2021-06-27 10:00:00
2021,6.0,27.0,11.0,65.08,65.08,2021-06-27 11:00:00
2021,6.0,27.0,12.0,61.99,61.99,2021-06-27 12:00:00
2021,6.0,27.0,13.0,52.91,52.91,2021-06-27 13:00:00
2021,6.0,27.0,14.0,50.74,50.74,2021-06-27 14:00:00
2021,6.0,27.0,15.0,21.73,21.73,2021-06-27 15:00:00
2021,6.0,27.0,16.0,12.82,12.82,2021-06-27 16:00:00
2021,6.0,27.0,17.0,16.5,16.5,2021-06-27 17:00:00
2021,6.0,27.0,18.0,18.77,18.77,2021-06-27 18:00:00
2021,6.0,27.0,19.0,38.94,38.94,2021-06-27 19:00:00
2021,6.0,27.0,20.0,65.0,65.0,2021-06-27 20:00:00
2021,6.0,27.0,21.0,72.0,72.0,2021-06-27 21:00:00
2021,6.0,27.0,22.0,88.0,88.0,2021-06-27 22:00:00
2021,6.0,27.0,23.0,92.91,92.91,2021-06-27 23:00:00
2021,6.0,27.0,24.0,86.96,86.96,2021-06-28 00:00:00
2021,6.0,28.0,1.0,81.2,81.2,2021-06-28 01:00:00
2021,6.0,28.0,2.0,73.38,73.38,2021-06-28 02:00:00
2021,6.0,28.0,3.0,70.2,70.2,2021-06-28 03:00:00
2021,6.0,28.0,4.0,68.92,68.92,2021-06-28 04:00:00
2021,6.0,28.0,5.0,67.99,67.99,2021-06-28 05:00:00
2021,6.0,28.0,6.0,74.0,74.0,2021-06-28 06:00:00
2021,6.0,28.0,7.0,88.61,88.61,2021-06-28 07:00:00
2021,6.0,28.0,8.0,95.4,95.4,2021-06-28 08:00:00
2021,6.0,28.0,9.0,98.49,98.49,2021-06-28 09:00:00
2021,6.0,28.0,10.0,94.24,94.24,2021-06-28 10:00:00
2021,6.0,28.0,11.0,89.7,89.7,2021-06-28 11:00:00
2021,6.0,28.0,12.0,86.95,86.95,2021-06-28 12:00:00
2021,6.0,28.0,13.0,86.74,86.74,2021-06-28 13:00:00
2021,6.0,28.0,14.0,87.2,87.2,2021-06-28 14:00:00
2021,6.0,28.0,15.0,86.45,86.45,2021-06-28 15:00:00
2021,6.0,28.0,16.0,81.2,81.2,2021-06-28 16:00:00
2021,6.0,28.0,17.0,84.96,84.96,2021-06-28 17:00:00
2021,6.0,28.0,18.0,90.45,90.45,2021-06-28 18:00:00
2021,6.0,28.0,19.0,90.0,90.0,2021-06-28 19:00:00
2021,6.0,28.0,20.0,92.11,92.11,2021-06-28 20:00:00
2021,6.0,28.0,21.0,95.92,95.92,2021-06-28 21:00:00
2021,6.0,28.0,22.0,98.98,98.98,2021-06-28 22:00:00
2021,6.0,28.0,23.0,97.49,97.49,2021-06-28 23:00:00
2021,6.0,28.0,24.0,93.86,93.86,2021-06-29 00:00:00
2021,6.0,29.0,1.0,92.2,92.2,2021-06-29 01:00:00
2021,6.0,29.0,2.0,91.45,91.45,2021-06-29 02:00:00
2021,6.0,29.0,3.0,87.12,87.12,2021-06-29 03:00:00
2021,6.0,29.0,4.0,87.55,87.55,2021-06-29 04:00:00
2021,6.0,29.0,5.0,87.12,87.12,2021-06-29 05:00:00
2021,6.0,29.0,6.0,90.0,90.0,2021-06-29 06:00:00
2021,6.0,29.0,7.0,93.79,93.79,2021-06-29 07:00:00
2021,6.0,29.0,8.0,99.45,99.45,2021-06-29 08:00:00
2021,6.0,29.0,9.0,103.49,103.49,2021-06-29 09:00:00
2021,6.0,29.0,10.0,100.3,100.3,2021-06-29 10:00:00
2021,6.0,29.0,11.0,99.14,99.14,2021-06-29 11:00:00
2021,6.0,29.0,12.0,97.62,97.62,2021-06-29 12:00:00
2021,6.0,29.0,13.0,95.25,95.25,2021-06-29 13:00:00
2021,6.0,29.0,14.0,92.98,92.98,2021-06-29 14:00:00
2021,6.0,29.0,15.0,91.59,91.59,2021-06-29 15:00:00
2021,6.0,29.0,16.0,88.39,88.39,2021-06-29 16:00:00
2021,6.0,29.0,17.0,89.0,89.0,2021-06-29 17:00:00
2021,6.0,29.0,18.0,90.0,90.0,2021-06-29 18:00:00
2021,6.0,29.0,19.0,93.27,93.27,2021-06-29 19:00:00
2021,6.0,29.0,20.0,95.55,95.55,2021-06-29 20:00:00
2021,6.0,29.0,21.0,95.66,95.66,2021-06-29 21:00:00
2021,6.0,29.0,22.0,95.74,95.74,2021-06-29 22:00:00
2021,6.0,29.0,23.0,94.97,94.97,2021-06-29 23:00:00
2021,6.0,29.0,24.0,92.16,92.16,2021-06-30 00:00:00
2021,6.0,30.0,1.0,90.27,90.27,2021-06-30 01:00:00
2021,6.0,30.0,2.0,89.16,89.16,2021-06-30 02:00:00
2021,6.0,30.0,3.0,85.92,85.92,2021-06-30 03:00:00
2021,6.0,30.0,4.0,87.12,87.12,2021-06-30 04:00:00
2021,6.0,30.0,5.0,86.12,86.12,2021-06-30 05:00:00
2021,6.0,30.0,6.0,92.0,92.0,2021-06-30 06:00:00
2021,6.0,30.0,7.0,94.67,94.67,2021-06-30 07:00:00
2021,6.0,30.0,8.0,97.67,97.67,2021-06-30 08:00:00
2021,6.0,30.0,9.0,99.93,99.93,2021-06-30 09:00:00
2021,6.0,30.0,10.0,99.47,99.47,2021-06-30 10:00:00
2021,6.0,30.0,11.0,98.86,98.86,2021-06-30 11:00:00
2021,6.0,30.0,12.0,98.14,98.14,2021-06-30 12:00:00
2021,6.0,30.0,13.0,98.86,98.86,2021-06-30 13:00:00
2021,6.0,30.0,14.0,96.08,96.08,2021-06-30 14:00:00
2021,6.0,30.0,15.0,92.43,92.43,2021-06-30 15:00:00
2021,6.0,30.0,16.0,87.29,87.29,2021-06-30 16:00:00
2021,6.0,30.0,17.0,87.36,87.36,2021-06-30 17:00:00
2021,6.0,30.0,18.0,91.99,91.99,2021-06-30 18:00:00
2021,6.0,30.0,19.0,95.54,95.54,2021-06-30 19:00:00
2021,6.0,30.0,20.0,98.89,98.89,2021-06-30 20:00:00
2021,6.0,30.0,21.0,98.97,98.97,2021-06-30 21:00:00
2021,6.0,30.0,22.0,97.02,97.02,2021-06-30 22:00:00
2021,6.0,30.0,23.0,96.01,96.01,2021-06-30 23:00:00
2021,6.0,30.0,24.0,93.51,93.51,2021-07-01 00:00:00
2021,7.0,1.0,1.0,93.72,93.72,2021-07-01 01:00:00
2021,7.0,1.0,2.0,91.99,91.99,2021-07-01 02:00:00
2021,7.0,1.0,3.0,91.26,91.26,2021-07-01 03:00:00
2021,7.0,1.0,4.0,91.65,91.65,2021-07-01 04:00:00
2021,7.0,1.0,5.0,91.99,91.99,2021-07-01 05:00:00
2021,7.0,1.0,6.0,91.99,91.99,2021-07-01 06:00:00
2021,7.0,1.0,7.0,92.34,92.34,2021-07-01 07:00:00
2021,7.0,1.0,8.0,95.95,95.95,2021-07-01 08:00:00
2021,7.0,1.0,9.0,98.19,98.19,2021-07-01 09:00:00
2021,7.0,1.0,10.0,96.4,96.4,2021-07-01 10:00:00
2021,7.0,1.0,11.0,94.93,94.93,2021-07-01 11:00:00
2021,7.0,1.0,12.0,93.25,93.25,2021-07-01 12:00:00
2021,7.0,1.0,13.0,93.0,93.0,2021-07-01 13:00:00
2021,7.0,1.0,14.0,90.19,90.19,2021-07-01 14:00:00
2021,7.0,1.0,15.0,85.67,85.67,2021-07-01 15:00:00
2021,7.0,1.0,16.0,85.0,85.0,2021-07-01 16:00:00
2021,7.0,1.0,17.0,84.04,84.04,2021-07-01 17:00:00
2021,7.0,1.0,18.0,89.14,89.14,2021-07-01 18:00:00
2021,7.0,1.0,19.0,93.0,93.0,2021-07-01 19:00:00
2021,7.0,1.0,20.0,95.24,95.24,2021-07-01 20:00:00
2021,7.0,1.0,21.0,95.93,95.93,2021-07-01 21:00:00
2021,7.0,1.0,22.0,95.54,95.54,2021-07-01 22:00:00
2021,7.0,1.0,23.0,96.18,96.18,2021-07-01 23:00:00
2021,7.0,1.0,24.0,91.99,91.99,2021-07-02 00:00:00
2021,7.0,2.0,1.0,100.0,100.0,2021-07-02 01:00:00
2021,7.0,2.0,2.0,99.72,99.72,2021-07-02 02:00:00
2021,7.0,2.0,3.0,99.56,99.56,2021-07-02 03:00:00
2021,7.0,2.0,4.0,99.67,99.67,2021-07-02 04:00:00
2021,7.0,2.0,5.0,99.72,99.72,2021-07-02 05:00:00
2021,7.0,2.0,6.0,100.12,100.12,2021-07-02 06:00:00
2021,7.0,2.0,7.0,102.0,102.0,2021-07-02 07:00:00
2021,7.0,2.0,8.0,107.96,107.96,2021-07-02 08:00:00
2021,7.0,2.0,9.0,110.0,110.0,2021-07-02 09:00:00
2021,7.0,2.0,10.0,107.24,107.24,2021-07-02 10:00:00
2021,7.0,2.0,11.0,102.54,102.54,2021-07-02 11:00:00
2021,7.0,2.0,12.0,100.0,100.0,2021-07-02 12:00:00
2021,7.0,2.0,13.0,99.61,99.61,2021-07-02 13:00:00
2021,7.0,2.0,14.0,95.71,95.71,2021-07-02 14:00:00
2021,7.0,2.0,15.0,92.32,92.32,2021-07-02 15:00:00
2021,7.0,2.0,16.0,86.95,86.95,2021-07-02 16:00:00
2021,7.0,2.0,17.0,82.57,82.57,2021-07-02 17:00:00
2021,7.0,2.0,18.0,94.23,94.23,2021-07-02 18:00:00
2021,7.0,2.0,19.0,99.98,99.98,2021-07-02 19:00:00
2021,7.0,2.0,20.0,101.01,101.01,2021-07-02 20:00:00
2021,7.0,2.0,21.0,103.69,103.69,2021-07-02 21:00:00
2021,7.0,2.0,22.0,105.55,105.55,2021-07-02 22:00:00
2021,7.0,2.0,23.0,105.02,105.02,2021-07-02 23:00:00
2021,7.0,2.0,24.0,99.98,99.98,2021-07-03 00:00:00
2021,7.0,3.0,1.0,96.55,96.55,2021-07-03 01:00:00
2021,7.0,3.0,2.0,95.0,95.0,2021-07-03 02:00:00
2021,7.0,3.0,3.0,93.05,93.05,2021-07-03 03:00:00
2021,7.0,3.0,4.0,96.55,96.55,2021-07-03 04:00:00
2021,7.0,3.0,5.0,96.55,96.55,2021-07-03 05:00:00
2021,7.0,3.0,6.0,95.0,95.0,2021-07-03 06:00:00
2021,7.0,3.0,7.0,95.0,95.0,2021-07-03 07:00:00
2021,7.0,3.0,8.0,96.2,96.2,2021-07-03 08:00:00
2021,7.0,3.0,9.0,99.61,99.61,2021-07-03 09:00:00
2021,7.0,3.0,10.0,98.0,98.0,2021-07-03 10:00:00
2021,7.0,3.0,11.0,94.23,94.23,2021-07-03 11:00:00
2021,7.0,3.0,12.0,93.05,93.05,2021-07-03 12:00:00
2021,7.0,3.0,13.0,92.32,92.32,2021-07-03 13:00:00
2021,7.0,3.0,14.0,92.32,92.32,2021-07-03 14:00:00
2021,7.0,3.0,15.0,88.93,88.93,2021-07-03 15:00:00
2021,7.0,3.0,16.0,73.75,73.75,2021-07-03 16:00:00
2021,7.0,3.0,17.0,75.2,75.2,2021-07-03 17:00:00
2021,7.0,3.0,18.0,85.45,85.45,2021-07-03 18:00:00
2021,7.0,3.0,19.0,93.61,93.61,2021-07-03 19:00:00
2021,7.0,3.0,20.0,98.18,98.18,2021-07-03 20:00:00
2021,7.0,3.0,21.0,100.27,100.27,2021-07-03 21:00:00
2021,7.0,3.0,22.0,105.69,105.69,2021-07-03 22:00:00
2021,7.0,3.0,23.0,106.95,106.95,2021-07-03 23:00:00
2021,7.0,3.0,24.0,100.0,100.0,2021-07-04 00:00:00
2021,7.0,4.0,1.0,94.18,94.18,2021-07-04 01:00:00
2021,7.0,4.0,2.0,86.74,86.74,2021-07-04 02:00:00
2021,7.0,4.0,3.0,80.05,80.05,2021-07-04 03:00:00
2021,7.0,4.0,4.0,75.61,75.61,2021-07-04 04:00:00
2021,7.0,4.0,5.0,71.12,71.12,2021-07-04 05:00:00
2021,7.0,4.0,6.0,70.07,70.07,2021-07-04 06:00:00
2021,7.0,4.0,7.0,74.5,74.5,2021-07-04 07:00:00
2021,7.0,4.0,8.0,75.42,75.42,2021-07-04 08:00:00
2021,7.0,4.0,9.0,78.68,78.68,2021-07-04 09:00:00
2021,7.0,4.0,10.0,77.08,77.08,2021-07-04 10:00:00
2021,7.0,4.0,11.0,75.24,75.24,2021-07-04 11:00:00
2021,7.0,4.0,12.0,78.03,78.03,2021-07-04 12:00:00
2021,7.0,4.0,13.0,78.02,78.02,2021-07-04 13:00:00
2021,7.0,4.0,14.0,74.0,74.0,2021-07-04 14:00:00
2021,7.0,4.0,15.0,69.26,69.26,2021-07-04 15:00:00
2021,7.0,4.0,16.0,67.1,67.1,2021-07-04 16:00:00
2021,7.0,4.0,17.0,58.45,58.45,2021-07-04 17:00:00
2021,7.0,4.0,18.0,65.09,65.09,2021-07-04 18:00:00
2021,7.0,4.0,19.0,69.57,69.57,2021-07-04 19:00:00
2021,7.0,4.0,20.0,81.02,81.02,2021-07-04 20:00:00
2021,7.0,4.0,21.0,100.0,100.0,2021-07-04 21:00:00
2021,7.0,4.0,22.0,102.09,102.09,2021-07-04 22:00:00
2021,7.0,4.0,23.0,104.92,104.92,2021-07-04 23:00:00
2021,7.0,4.0,24.0,100.0,100.0,2021-07-05 00:00:00
2021,7.0,5.0,1.0,94.23,94.23,2021-07-05 01:00:00
2021,7.0,5.0,2.0,92.0,92.0,2021-07-05 02:00:00
2021,7.0,5.0,3.0,89.46,89.46,2021-07-05 03:00:00
2021,7.0,5.0,4.0,88.93,88.93,2021-07-05 04:00:00
2021,7.0,5.0,5.0,89.05,89.05,2021-07-05 05:00:00
2021,7.0,5.0,6.0,91.5,91.5,2021-07-05 06:00:00
2021,7.0,5.0,7.0,96.32,96.32,2021-07-05 07:00:00
2021,7.0,5.0,8.0,101.93,101.93,2021-07-05 08:00:00
2021,7.0,5.0,9.0,105.69,105.69,2021-07-05 09:00:00
2021,7.0,5.0,10.0,103.55,103.55,2021-07-05 10:00:00
2021,7.0,5.0,11.0,101.0,101.0,2021-07-05 11:00:00
2021,7.0,5.0,12.0,100.09,100.09,2021-07-05 12:00:00
2021,7.0,5.0,13.0,97.91,97.91,2021-07-05 13:00:00
2021,7.0,5.0,14.0,94.23,94.23,2021-07-05 14:00:00
2021,7.0,5.0,15.0,88.93,88.93,2021-07-05 15:00:00
2021,7.0,5.0,16.0,83.93,83.93,2021-07-05 16:00:00
2021,7.0,5.0,17.0,79.49,79.49,2021-07-05 17:00:00
2021,7.0,5.0,18.0,78.4,78.4,2021-07-05 18:00:00
2021,7.0,5.0,19.0,78.5,78.5,2021-07-05 19:00:00
2021,7.0,5.0,20.0,92.0,92.0,2021-07-05 20:00:00
2021,7.0,5.0,21.0,101.73,101.73,2021-07-05 21:00:00
2021,7.0,5.0,22.0,105.0,105.0,2021-07-05 22:00:00
2021,7.0,5.0,23.0,103.96,103.96,2021-07-05 23:00:00
2021,7.0,5.0,24.0,94.58,94.58,2021-07-06 00:00:00
2021,7.0,6.0,1.0,97.5,97.5,2021-07-06 01:00:00
2021,7.0,6.0,2.0,92.32,92.32,2021-07-06 02:00:00
2021,7.0,6.0,3.0,89.05,89.05,2021-07-06 03:00:00
2021,7.0,6.0,4.0,88.93,88.93,2021-07-06 04:00:00
2021,7.0,6.0,5.0,88.93,88.93,2021-07-06 05:00:00
2021,7.0,6.0,6.0,89.0,89.0,2021-07-06 06:00:00
2021,7.0,6.0,7.0,91.1,91.1,2021-07-06 07:00:00
2021,7.0,6.0,8.0,99.61,99.61,2021-07-06 08:00:00
2021,7.0,6.0,9.0,100.34,100.34,2021-07-06 09:00:00
2021,7.0,6.0,10.0,98.6,98.6,2021-07-06 10:00:00
2021,7.0,6.0,11.0,95.0,95.0,2021-07-06 11:00:00
2021,7.0,6.0,12.0,92.63,92.63,2021-07-06 12:00:00
2021,7.0,6.0,13.0,94.2,94.2,2021-07-06 13:00:00
2021,7.0,6.0,14.0,96.3,96.3,2021-07-06 14:00:00
2021,7.0,6.0,15.0,88.93,88.93,2021-07-06 15:00:00
2021,7.0,6.0,16.0,81.6,81.6,2021-07-06 16:00:00
2021,7.0,6.0,17.0,78.27,78.27,2021-07-06 17:00:00
2021,7.0,6.0,18.0,78.37,78.37,2021-07-06 18:00:00
2021,7.0,6.0,19.0,91.46,91.46,2021-07-06 19:00:00
2021,7.0,6.0,20.0,99.94,99.94,2021-07-06 20:00:00
2021,7.0,6.0,21.0,103.47,103.47,2021-07-06 21:00:00
2021,7.0,6.0,22.0,104.42,104.42,2021-07-06 22:00:00
2021,7.0,6.0,23.0,104.73,104.73,2021-07-06 23:00:00
2021,7.0,6.0,24.0,101.01,101.01,2021-07-07 00:00:00
2021,7.0,7.0,1.0,97.63,97.63,2021-07-07 01:00:00
2021,7.0,7.0,2.0,94.23,94.23,2021-07-07 02:00:00
2021,7.0,7.0,3.0,92.05,92.05,2021-07-07 03:00:00
2021,7.0,7.0,4.0,92.05,92.05,2021-07-07 04:00:00
2021,7.0,7.0,5.0,92.05,92.05,2021-07-07 05:00:00
2021,7.0,7.0,6.0,92.32,92.32,2021-07-07 06:00:00
2021,7.0,7.0,7.0,96.46,96.46,2021-07-07 07:00:00
2021,7.0,7.0,8.0,104.78,104.78,2021-07-07 08:00:00
2021,7.0,7.0,9.0,108.01,108.01,2021-07-07 09:00:00
2021,7.0,7.0,10.0,104.61,104.61,2021-07-07 10:00:00
2021,7.0,7.0,11.0,101.21,101.21,2021-07-07 11:00:00
2021,7.0,7.0,12.0,99.44,99.44,2021-07-07 12:00:00
2021,7.0,7.0,13.0,97.78,97.78,2021-07-07 13:00:00
2021,7.0,7.0,14.0,97.36,97.36,2021-07-07 14:00:00
2021,7.0,7.0,15.0,96.98,96.98,2021-07-07 15:00:00
2021,7.0,7.0,16.0,95.0,95.0,2021-07-07 16:00:00
2021,7.0,7.0,17.0,96.03,96.03,2021-07-07 17:00:00
2021,7.0,7.0,18.0,97.63,97.63,2021-07-07 18:00:00
2021,7.0,7.0,19.0,97.63,97.63,2021-07-07 19:00:00
2021,7.0,7.0,20.0,97.0,97.0,2021-07-07 20:00:00
2021,7.0,7.0,21.0,100.77,100.77,2021-07-07 21:00:00
2021,7.0,7.0,22.0,107.0,107.0,2021-07-07 22:00:00
2021,7.0,7.0,23.0,107.7,107.7,2021-07-07 23:00:00
2021,7.0,7.0,24.0,103.65,103.65,2021-07-08 00:00:00
2021,7.0,8.0,1.0,92.0,92.0,2021-07-08 01:00:00
2021,7.0,8.0,2.0,86.74,86.74,2021-07-08 02:00:00
2021,7.0,8.0,3.0,80.38,80.38,2021-07-08 03:00:00
2021,7.0,8.0,4.0,78.0,78.0,2021-07-08 04:00:00
2021,7.0,8.0,5.0,77.5,77.5,2021-07-08 05:00:00
2021,7.0,8.0,6.0,81.61,81.61,2021-07-08 06:00:00
2021,7.0,8.0,7.0,88.93,88.93,2021-07-08 07:00:00
2021,7.0,8.0,8.0,96.98,96.98,2021-07-08 08:00:00
2021,7.0,8.0,9.0,100.7,100.7,2021-07-08 09:00:00
2021,7.0,8.0,10.0,100.09,100.09,2021-07-08 10:00:00
2021,7.0,8.0,11.0,100.08,100.08,2021-07-08 11:00:00
2021,7.0,8.0,12.0,100.09,100.09,2021-07-08 12:00:00
2021,7.0,8.0,13.0,100.0,100.0,2021-07-08 13:00:00
2021,7.0,8.0,14.0,97.8,97.8,2021-07-08 14:00:00
2021,7.0,8.0,15.0,95.0,95.0,2021-07-08 15:00:00
2021,7.0,8.0,16.0,91.55,91.55,2021-07-08 16:00:00
2021,7.0,8.0,17.0,91.11,91.11,2021-07-08 17:00:00
2021,7.0,8.0,18.0,95.56,95.56,2021-07-08 18:00:00
2021,7.0,8.0,19.0,96.01,96.01,2021-07-08 19:00:00
2021,7.0,8.0,20.0,99.43,99.43,2021-07-08 20:00:00
2021,7.0,8.0,21.0,99.74,99.74,2021-07-08 21:00:00
2021,7.0,8.0,22.0,100.09,100.09,2021-07-08 22:00:00
2021,7.0,8.0,23.0,102.1,102.1,2021-07-08 23:00:00
2021,7.0,8.0,24.0,96.7,96.7,2021-07-09 00:00:00
2021,7.0,9.0,1.0,93.35,93.35,2021-07-09 01:00:00
2021,7.0,9.0,2.0,89.05,89.05,2021-07-09 02:00:00
2021,7.0,9.0,3.0,86.77,86.77,2021-07-09 03:00:00
2021,7.0,9.0,4.0,86.6,86.6,2021-07-09 04:00:00
2021,7.0,9.0,5.0,86.74,86.74,2021-07-09 05:00:00
2021,7.0,9.0,6.0,88.93,88.93,2021-07-09 06:00:00
2021,7.0,9.0,7.0,92.88,92.88,2021-07-09 07:00:00
2021,7.0,9.0,8.0,100.89,100.89,2021-07-09 08:00:00
2021,7.0,9.0,9.0,107.63,107.63,2021-07-09 09:00:00
2021,7.0,9.0,10.0,103.19,103.19,2021-07-09 10:00:00
2021,7.0,9.0,11.0,98.53,98.53,2021-07-09 11:00:00
2021,7.0,9.0,12.0,96.99,96.99,2021-07-09 12:00:00
2021,7.0,9.0,13.0,95.0,95.0,2021-07-09 13:00:00
2021,7.0,9.0,14.0,91.92,91.92,2021-07-09 14:00:00
2021,7.0,9.0,15.0,91.0,91.0,2021-07-09 15:00:00
2021,7.0,9.0,16.0,86.32,86.32,2021-07-09 16:00:00
2021,7.0,9.0,17.0,82.5,82.5,2021-07-09 17:00:00
2021,7.0,9.0,18.0,88.15,88.15,2021-07-09 18:00:00
2021,7.0,9.0,19.0,94.47,94.47,2021-07-09 19:00:00
2021,7.0,9.0,20.0,97.68,97.68,2021-07-09 20:00:00
2021,7.0,9.0,21.0,98.25,98.25,2021-07-09 21:00:00
2021,7.0,9.0,22.0,98.43,98.43,2021-07-09 22:00:00
2021,7.0,9.0,23.0,96.69,96.69,2021-07-09 23:00:00
2021,7.0,9.0,24.0,91.98,91.98,2021-07-10 00:00:00
2021,7.0,10.0,1.0,95.0,95.0,2021-07-10 01:00:00
2021,7.0,10.0,2.0,94.31,94.31,2021-07-10 02:00:00
2021,7.0,10.0,3.0,94.31,94.31,2021-07-10 03:00:00
2021,7.0,10.0,4.0,94.31,94.31,2021-07-10 04:00:00
2021,7.0,10.0,5.0,93.91,93.91,2021-07-10 05:00:00
2021,7.0,10.0,6.0,93.8,93.8,2021-07-10 06:00:00
2021,7.0,10.0,7.0,94.21,94.21,2021-07-10 07:00:00
2021,7.0,10.0,8.0,93.0,93.0,2021-07-10 08:00:00
2021,7.0,10.0,9.0,88.93,88.93,2021-07-10 09:00:00
2021,7.0,10.0,10.0,86.72,86.72,2021-07-10 10:00:00
2021,7.0,10.0,11.0,83.03,83.03,2021-07-10 11:00:00
2021,7.0,10.0,12.0,85.0,85.0,2021-07-10 12:00:00
2021,7.0,10.0,13.0,85.6,85.6,2021-07-10 13:00:00
2021,7.0,10.0,14.0,88.55,88.55,2021-07-10 14:00:00
2021,7.0,10.0,15.0,87.55,87.55,2021-07-10 15:00:00
2021,7.0,10.0,16.0,75.13,75.13,2021-07-10 16:00:00
2021,7.0,10.0,17.0,73.0,73.0,2021-07-10 17:00:00
2021,7.0,10.0,18.0,81.31,81.31,2021-07-10 18:00:00
2021,7.0,10.0,19.0,93.16,93.16,2021-07-10 19:00:00
2021,7.0,10.0,20.0,97.91,97.91,2021-07-10 20:00:00
2021,7.0,10.0,21.0,99.19,99.19,2021-07-10 21:00:00
2021,7.0,10.0,22.0,100.05,100.05,2021-07-10 22:00:00
2021,7.0,10.0,23.0,98.5,98.5,2021-07-10 23:00:00
2021,7.0,10.0,24.0,95.0,95.0,2021-07-11 00:00:00
2021,7.0,11.0,1.0,98.81,98.81,2021-07-11 01:00:00
2021,7.0,11.0,2.0,97.87,97.87,2021-07-11 02:00:00
2021,7.0,11.0,3.0,97.87,97.87,2021-07-11 03:00:00
2021,7.0,11.0,4.0,97.87,97.87,2021-07-11 04:00:00
2021,7.0,11.0,5.0,97.96,97.96,2021-07-11 05:00:00
2021,7.0,11.0,6.0,98.56,98.56,2021-07-11 06:00:00
2021,7.0,11.0,7.0,98.56,98.56,2021-07-11 07:00:00
2021,7.0,11.0,8.0,98.0,98.0,2021-07-11 08:00:00
2021,7.0,11.0,9.0,93.5,93.5,2021-07-11 09:00:00
2021,7.0,11.0,10.0,94.55,94.55,2021-07-11 10:00:00
2021,7.0,11.0,11.0,92.0,92.0,2021-07-11 11:00:00
2021,7.0,11.0,12.0,88.93,88.93,2021-07-11 12:00:00
2021,7.0,11.0,13.0,79.91,79.91,2021-07-11 13:00:00
2021,7.0,11.0,14.0,74.99,74.99,2021-07-11 14:00:00
2021,7.0,11.0,15.0,73.75,73.75,2021-07-11 15:00:00
2021,7.0,11.0,16.0,72.5,72.5,2021-07-11 16:00:00
2021,7.0,11.0,17.0,67.98,67.98,2021-07-11 17:00:00
2021,7.0,11.0,18.0,73.75,73.75,2021-07-11 18:00:00
2021,7.0,11.0,19.0,80.85,80.85,2021-07-11 19:00:00
2021,7.0,11.0,20.0,94.25,94.25,2021-07-11 20:00:00
2021,7.0,11.0,21.0,99.76,99.76,2021-07-11 21:00:00
2021,7.0,11.0,22.0,103.1,103.1,2021-07-11 22:00:00
2021,7.0,11.0,23.0,103.63,103.63,2021-07-11 23:00:00
2021,7.0,11.0,24.0,99.44,99.44,2021-07-12 00:00:00
2021,7.0,12.0,1.0,94.05,94.05,2021-07-12 01:00:00
2021,7.0,12.0,2.0,81.02,81.02,2021-07-12 02:00:00
2021,7.0,12.0,3.0,74.0,74.0,2021-07-12 03:00:00
2021,7.0,12.0,4.0,72.92,72.92,2021-07-12 04:00:00
2021,7.0,12.0,5.0,73.06,73.06,2021-07-12 05:00:00
2021,7.0,12.0,6.0,76.12,76.12,2021-07-12 06:00:00
2021,7.0,12.0,7.0,94.83,94.83,2021-07-12 07:00:00
2021,7.0,12.0,8.0,102.07,102.07,2021-07-12 08:00:00
2021,7.0,12.0,9.0,105.98,105.98,2021-07-12 09:00:00
2021,7.0,12.0,10.0,101.8,101.8,2021-07-12 10:00:00
2021,7.0,12.0,11.0,95.94,95.94,2021-07-12 11:00:00
2021,7.0,12.0,12.0,92.0,92.0,2021-07-12 12:00:00
2021,7.0,12.0,13.0,91.16,91.16,2021-07-12 13:00:00
2021,7.0,12.0,14.0,87.53,87.53,2021-07-12 14:00:00
2021,7.0,12.0,15.0,86.47,86.47,2021-07-12 15:00:00
2021,7.0,12.0,16.0,74.99,74.99,2021-07-12 16:00:00
2021,7.0,12.0,17.0,73.65,73.65,2021-07-12 17:00:00
2021,7.0,12.0,18.0,72.9,72.9,2021-07-12 18:00:00
2021,7.0,12.0,19.0,72.8,72.8,2021-07-12 19:00:00
2021,7.0,12.0,20.0,72.68,72.68,2021-07-12 20:00:00
2021,7.0,12.0,21.0,84.73,84.73,2021-07-12 21:00:00
2021,7.0,12.0,22.0,101.8,101.8,2021-07-12 22:00:00
2021,7.0,12.0,23.0,102.26,102.26,2021-07-12 23:00:00
2021,7.0,12.0,24.0,95.44,95.44,2021-07-13 00:00:00
2021,7.0,13.0,1.0,88.61,88.61,2021-07-13 01:00:00
2021,7.0,13.0,2.0,83.4,83.4,2021-07-13 02:00:00
2021,7.0,13.0,3.0,81.02,81.02,2021-07-13 03:00:00
2021,7.0,13.0,4.0,81.02,81.02,2021-07-13 04:00:00
2021,7.0,13.0,5.0,83.01,83.01,2021-07-13 05:00:00
2021,7.0,13.0,6.0,88.93,88.93,2021-07-13 06:00:00
2021,7.0,13.0,7.0,98.01,98.01,2021-07-13 07:00:00
2021,7.0,13.0,8.0,101.53,101.53,2021-07-13 08:00:00
2021,7.0,13.0,9.0,106.97,106.97,2021-07-13 09:00:00
2021,7.0,13.0,10.0,101.27,101.27,2021-07-13 10:00:00
2021,7.0,13.0,11.0,100.05,100.05,2021-07-13 11:00:00
2021,7.0,13.0,12.0,97.0,97.0,2021-07-13 12:00:00
2021,7.0,13.0,13.0,98.97,98.97,2021-07-13 13:00:00
2021,7.0,13.0,14.0,97.96,97.96,2021-07-13 14:00:00
2021,7.0,13.0,15.0,95.28,95.28,2021-07-13 15:00:00
2021,7.0,13.0,16.0,92.17,92.17,2021-07-13 16:00:00
2021,7.0,13.0,17.0,91.92,91.92,2021-07-13 17:00:00
2021,7.0,13.0,18.0,95.97,95.97,2021-07-13 18:00:00
2021,7.0,13.0,19.0,98.01,98.01,2021-07-13 19:00:00
2021,7.0,13.0,20.0,97.72,97.72,2021-07-13 20:00:00
2021,7.0,13.0,21.0,98.97,98.97,2021-07-13 21:00:00
2021,7.0,13.0,22.0,98.52,98.52,2021-07-13 22:00:00
2021,7.0,13.0,23.0,97.0,97.0,2021-07-13 23:00:00
2021,7.0,13.0,24.0,92.05,92.05,2021-07-14 00:00:00
2021,7.0,14.0,1.0,98.97,98.97,2021-07-14 01:00:00
2021,7.0,14.0,2.0,95.94,95.94,2021-07-14 02:00:00
2021,7.0,14.0,3.0,88.93,88.93,2021-07-14 03:00:00
2021,7.0,14.0,4.0,86.55,86.55,2021-07-14 04:00:00
2021,7.0,14.0,5.0,79.01,79.01,2021-07-14 05:00:00
2021,7.0,14.0,6.0,78.0,78.0,2021-07-14 06:00:00
2021,7.0,14.0,7.0,87.55,87.55,2021-07-14 07:00:00
2021,7.0,14.0,8.0,90.05,90.05,2021-07-14 08:00:00
2021,7.0,14.0,9.0,90.05,90.05,2021-07-14 09:00:00
2021,7.0,14.0,10.0,88.19,88.19,2021-07-14 10:00:00
2021,7.0,14.0,11.0,84.0,84.0,2021-07-14 11:00:00
2021,7.0,14.0,12.0,92.0,92.0,2021-07-14 12:00:00
2021,7.0,14.0,13.0,95.41,95.41,2021-07-14 13:00:00
2021,7.0,14.0,14.0,88.55,88.55,2021-07-14 14:00:00
2021,7.0,14.0,15.0,76.65,76.65,2021-07-14 15:00:00
2021,7.0,14.0,16.0,74.99,74.99,2021-07-14 16:00:00
2021,7.0,14.0,17.0,73.75,73.75,2021-07-14 17:00:00
2021,7.0,14.0,18.0,73.74,73.74,2021-07-14 18:00:00
2021,7.0,14.0,19.0,72.9,72.9,2021-07-14 19:00:00
2021,7.0,14.0,20.0,74.99,74.99,2021-07-14 20:00:00
2021,7.0,14.0,21.0,87.5,87.5,2021-07-14 21:00:00
2021,7.0,14.0,22.0,88.11,88.11,2021-07-14 22:00:00
2021,7.0,14.0,23.0,85.5,85.5,2021-07-14 23:00:00
2021,7.0,14.0,24.0,75.68,75.68,2021-07-15 00:00:00
2021,7.0,15.0,1.0,81.0,81.0,2021-07-15 01:00:00
2021,7.0,15.0,2.0,72.67,72.67,2021-07-15 02:00:00
2021,7.0,15.0,3.0,70.99,70.99,2021-07-15 03:00:00
2021,7.0,15.0,4.0,69.94,69.94,2021-07-15 04:00:00
2021,7.0,15.0,5.0,69.61,69.61,2021-07-15 05:00:00
2021,7.0,15.0,6.0,69.86,69.86,2021-07-15 06:00:00
2021,7.0,15.0,7.0,72.57,72.57,2021-07-15 07:00:00
2021,7.0,15.0,8.0,76.64,76.64,2021-07-15 08:00:00
2021,7.0,15.0,9.0,93.05,93.05,2021-07-15 09:00:00
2021,7.0,15.0,10.0,89.04,89.04,2021-07-15 10:00:00
2021,7.0,15.0,11.0,91.36,91.36,2021-07-15 11:00:00
2021,7.0,15.0,12.0,93.05,93.05,2021-07-15 12:00:00
2021,7.0,15.0,13.0,94.79,94.79,2021-07-15 13:00:00
2021,7.0,15.0,14.0,90.86,90.86,2021-07-15 14:00:00
2021,7.0,15.0,15.0,96.11,96.11,2021-07-15 15:00:00
2021,7.0,15.0,16.0,96.11,96.11,2021-07-15 16:00:00
2021,7.0,15.0,17.0,96.05,96.05,2021-07-15 17:00:00
2021,7.0,15.0,18.0,95.68,95.68,2021-07-15 18:00:00
2021,7.0,15.0,19.0,94.64,94.64,2021-07-15 19:00:00
2021,7.0,15.0,20.0,96.7,96.7,2021-07-15 20:00:00
2021,7.0,15.0,21.0,96.3,96.3,2021-07-15 21:00:00
2021,7.0,15.0,22.0,98.0,98.0,2021-07-15 22:00:00
2021,7.0,15.0,23.0,96.59,96.59,2021-07-15 23:00:00
2021,7.0,15.0,24.0,90.8,90.8,2021-07-16 00:00:00
2021,7.0,16.0,1.0,87.55,87.55,2021-07-16 01:00:00
2021,7.0,16.0,2.0,75.75,75.75,2021-07-16 02:00:00
2021,7.0,16.0,3.0,71.78,71.78,2021-07-16 03:00:00
2021,7.0,16.0,4.0,70.99,70.99,2021-07-16 04:00:00
2021,7.0,16.0,5.0,70.99,70.99,2021-07-16 05:00:00
2021,7.0,16.0,6.0,76.67,76.67,2021-07-16 06:00:00
2021,7.0,16.0,7.0,90.0,90.0,2021-07-16 07:00:00
2021,7.0,16.0,8.0,97.43,97.43,2021-07-16 08:00:00
2021,7.0,16.0,9.0,101.55,101.55,2021-07-16 09:00:00
2021,7.0,16.0,10.0,97.91,97.91,2021-07-16 10:00:00
2021,7.0,16.0,11.0,93.37,93.37,2021-07-16 11:00:00
2021,7.0,16.0,12.0,90.42,90.42,2021-07-16 12:00:00
2021,7.0,16.0,13.0,89.06,89.06,2021-07-16 13:00:00
2021,7.0,16.0,14.0,90.01,90.01,2021-07-16 14:00:00
2021,7.0,16.0,15.0,90.0,90.0,2021-07-16 15:00:00
2021,7.0,16.0,16.0,87.0,87.0,2021-07-16 16:00:00
2021,7.0,16.0,17.0,82.86,82.86,2021-07-16 17:00:00
2021,7.0,16.0,18.0,84.74,84.74,2021-07-16 18:00:00
2021,7.0,16.0,19.0,90.0,90.0,2021-07-16 19:00:00
2021,7.0,16.0,20.0,93.05,93.05,2021-07-16 20:00:00
2021,7.0,16.0,21.0,96.05,96.05,2021-07-16 21:00:00
2021,7.0,16.0,22.0,94.9,94.9,2021-07-16 22:00:00
2021,7.0,16.0,23.0,92.36,92.36,2021-07-16 23:00:00
2021,7.0,16.0,24.0,81.17,81.17,2021-07-17 00:00:00
2021,7.0,17.0,1.0,93.0,93.0,2021-07-17 01:00:00
2021,7.0,17.0,2.0,89.92,89.92,2021-07-17 02:00:00
2021,7.0,17.0,3.0,88.93,88.93,2021-07-17 03:00:00
2021,7.0,17.0,4.0,87.55,87.55,2021-07-17 04:00:00
2021,7.0,17.0,5.0,88.56,88.56,2021-07-17 05:00:00
2021,7.0,17.0,6.0,87.55,87.55,2021-07-17 06:00:00
2021,7.0,17.0,7.0,83.25,83.25,2021-07-17 07:00:00
2021,7.0,17.0,8.0,85.25,85.25,2021-07-17 08:00:00
2021,7.0,17.0,9.0,90.05,90.05,2021-07-17 09:00:00
2021,7.0,17.0,10.0,90.05,90.05,2021-07-17 10:00:00
2021,7.0,17.0,11.0,90.05,90.05,2021-07-17 11:00:00
2021,7.0,17.0,12.0,92.09,92.09,2021-07-17 12:00:00
2021,7.0,17.0,13.0,93.15,93.15,2021-07-17 13:00:00
2021,7.0,17.0,14.0,96.05,96.05,2021-07-17 14:00:00
2021,7.0,17.0,15.0,95.97,95.97,2021-07-17 15:00:00
2021,7.0,17.0,16.0,91.26,91.26,2021-07-17 16:00:00
2021,7.0,17.0,17.0,86.74,86.74,2021-07-17 17:00:00
2021,7.0,17.0,18.0,86.4,86.4,2021-07-17 18:00:00
2021,7.0,17.0,19.0,83.99,83.99,2021-07-17 19:00:00
2021,7.0,17.0,20.0,89.0,89.0,2021-07-17 20:00:00
2021,7.0,17.0,21.0,96.11,96.11,2021-07-17 21:00:00
2021,7.0,17.0,22.0,101.3,101.3,2021-07-17 22:00:00
2021,7.0,17.0,23.0,100.52,100.52,2021-07-17 23:00:00
2021,7.0,17.0,24.0,96.11,96.11,2021-07-18 00:00:00
2021,7.0,18.0,1.0,92.09,92.09,2021-07-18 01:00:00
2021,7.0,18.0,2.0,88.0,88.0,2021-07-18 02:00:00
2021,7.0,18.0,3.0,80.2,80.2,2021-07-18 03:00:00
2021,7.0,18.0,4.0,85.55,85.55,2021-07-18 04:00:00
2021,7.0,18.0,5.0,86.55,86.55,2021-07-18 05:00:00
2021,7.0,18.0,6.0,86.6,86.6,2021-07-18 06:00:00
2021,7.0,18.0,7.0,86.74,86.74,2021-07-18 07:00:00
2021,7.0,18.0,8.0,86.32,86.32,2021-07-18 08:00:00
2021,7.0,18.0,9.0,73.14,73.14,2021-07-18 09:00:00
2021,7.0,18.0,10.0,72.49,72.49,2021-07-18 10:00:00
2021,7.0,18.0,11.0,71.36,71.36,2021-07-18 11:00:00
2021,7.0,18.0,12.0,70.86,70.86,2021-07-18 12:00:00
2021,7.0,18.0,13.0,70.39,70.39,2021-07-18 13:00:00
2021,7.0,18.0,14.0,71.87,71.87,2021-07-18 14:00:00
2021,7.0,18.0,15.0,72.49,72.49,2021-07-18 15:00:00
2021,7.0,18.0,16.0,72.49,44.66,2021-07-18 16:00:00
2021,7.0,18.0,17.0,71.87,7.0,2021-07-18 17:00:00
2021,7.0,18.0,18.0,71.36,22.5,2021-07-18 18:00:00
2021,7.0,18.0,19.0,71.11,58.02,2021-07-18 19:00:00
2021,7.0,18.0,20.0,74.62,74.62,2021-07-18 20:00:00
2021,7.0,18.0,21.0,85.28,85.28,2021-07-18 21:00:00
2021,7.0,18.0,22.0,96.11,96.11,2021-07-18 22:00:00
2021,7.0,18.0,23.0,100.38,100.38,2021-07-18 23:00:00
2021,7.0,18.0,24.0,97.43,97.43,2021-07-19 00:00:00
2021,7.0,19.0,1.0,96.96,96.96,2021-07-19 01:00:00
2021,7.0,19.0,2.0,94.38,94.38,2021-07-19 02:00:00
2021,7.0,19.0,3.0,92.09,92.09,2021-07-19 03:00:00
2021,7.0,19.0,4.0,92.25,92.25,2021-07-19 04:00:00
2021,7.0,19.0,5.0,92.09,92.09,2021-07-19 05:00:00
2021,7.0,19.0,6.0,94.37,94.37,2021-07-19 06:00:00
2021,7.0,19.0,7.0,95.0,95.0,2021-07-19 07:00:00
2021,7.0,19.0,8.0,99.66,99.66,2021-07-19 08:00:00
2021,7.0,19.0,9.0,101.3,105.05,2021-07-19 09:00:00
2021,7.0,19.0,10.0,98.99,98.99,2021-07-19 10:00:00
2021,7.0,19.0,11.0,95.0,95.0,2021-07-19 11:00:00
2021,7.0,19.0,12.0,95.59,95.59,2021-07-19 12:00:00
2021,7.0,19.0,13.0,98.12,98.12,2021-07-19 13:00:00
2021,7.0,19.0,14.0,99.26,99.26,2021-07-19 14:00:00
2021,7.0,19.0,15.0,100.0,100.0,2021-07-19 15:00:00
2021,7.0,19.0,16.0,99.44,99.44,2021-07-19 16:00:00
2021,7.0,19.0,17.0,98.31,98.31,2021-07-19 17:00:00
2021,7.0,19.0,18.0,97.4,97.4,2021-07-19 18:00:00
2021,7.0,19.0,19.0,100.0,100.0,2021-07-19 19:00:00
2021,7.0,19.0,20.0,107.57,107.57,2021-07-19 20:00:00
2021,7.0,19.0,21.0,108.82,108.82,2021-07-19 21:00:00
2021,7.0,19.0,22.0,109.28,109.28,2021-07-19 22:00:00
2021,7.0,19.0,23.0,103.86,103.86,2021-07-19 23:00:00
2021,7.0,19.0,24.0,97.78,97.78,2021-07-20 00:00:00
2021,7.0,20.0,1.0,101.26,101.26,2021-07-20 01:00:00
2021,7.0,20.0,2.0,99.74,99.74,2021-07-20 02:00:00
2021,7.0,20.0,3.0,95.0,95.0,2021-07-20 03:00:00
2021,7.0,20.0,4.0,94.0,94.0,2021-07-20 04:00:00
2021,7.0,20.0,5.0,97.55,97.55,2021-07-20 05:00:00
2021,7.0,20.0,6.0,99.74,99.74,2021-07-20 06:00:00
2021,7.0,20.0,7.0,101.05,101.05,2021-07-20 07:00:00
2021,7.0,20.0,8.0,103.09,108.57,2021-07-20 08:00:00
2021,7.0,20.0,9.0,103.39,111.36,2021-07-20 09:00:00
2021,7.0,20.0,10.0,102.11,102.11,2021-07-20 10:00:00
2021,7.0,20.0,11.0,99.74,99.74,2021-07-20 11:00:00
2021,7.0,20.0,12.0,99.74,99.74,2021-07-20 12:00:00
2021,7.0,20.0,13.0,100.5,100.5,2021-07-20 13:00:00
2021,7.0,20.0,14.0,102.0,102.0,2021-07-20 14:00:00
2021,7.0,20.0,15.0,101.21,101.21,2021-07-20 15:00:00
2021,7.0,20.0,16.0,100.0,100.0,2021-07-20 16:00:00
2021,7.0,20.0,17.0,99.6,99.6,2021-07-20 17:00:00
2021,7.0,20.0,18.0,99.6,99.6,2021-07-20 18:00:00
2021,7.0,20.0,19.0,98.34,98.34,2021-07-20 19:00:00
2021,7.0,20.0,20.0,106.0,106.0,2021-07-20 20:00:00
2021,7.0,20.0,21.0,107.49,108.65,2021-07-20 21:00:00
2021,7.0,20.0,22.0,107.49,109.97,2021-07-20 22:00:00
2021,7.0,20.0,23.0,106.0,106.0,2021-07-20 23:00:00
2021,7.0,20.0,24.0,102.01,102.01,2021-07-21 00:00:00
2021,7.0,21.0,1.0,110.5,110.5,2021-07-21 01:00:00
2021,7.0,21.0,2.0,109.5,109.5,2021-07-21 02:00:00
2021,7.0,21.0,3.0,108.21,108.21,2021-07-21 03:00:00
2021,7.0,21.0,4.0,107.0,107.0,2021-07-21 04:00:00
2021,7.0,21.0,5.0,108.0,108.0,2021-07-21 05:00:00
2021,7.0,21.0,6.0,109.15,109.15,2021-07-21 06:00:00
2021,7.0,21.0,7.0,109.26,109.26,2021-07-21 07:00:00
2021,7.0,21.0,8.0,109.13,109.13,2021-07-21 08:00:00
2021,7.0,21.0,9.0,108.45,108.45,2021-07-21 09:00:00
2021,7.0,21.0,10.0,105.75,105.75,2021-07-21 10:00:00
2021,7.0,21.0,11.0,103.9,103.9,2021-07-21 11:00:00
2021,7.0,21.0,12.0,103.9,103.9,2021-07-21 12:00:00
2021,7.0,21.0,13.0,105.0,105.0,2021-07-21 13:00:00
2021,7.0,21.0,14.0,105.13,105.13,2021-07-21 14:00:00
2021,7.0,21.0,15.0,105.0,105.0,2021-07-21 15:00:00
2021,7.0,21.0,16.0,103.28,103.28,2021-07-21 16:00:00
2021,7.0,21.0,17.0,101.45,101.45,2021-07-21 17:00:00
2021,7.0,21.0,18.0,100.83,100.83,2021-07-21 18:00:00
2021,7.0,21.0,19.0,101.78,101.78,2021-07-21 19:00:00
2021,7.0,21.0,20.0,108.45,108.45,2021-07-21 20:00:00
2021,7.0,21.0,21.0,110.64,110.64,2021-07-21 21:00:00
2021,7.0,21.0,22.0,110.0,110.0,2021-07-21 22:00:00
2021,7.0,21.0,23.0,108.45,108.45,2021-07-21 23:00:00
2021,7.0,21.0,24.0,105.0,105.0,2021-07-22 00:00:00
2021,7.0,22.0,1.0,105.0,105.0,2021-07-22 01:00:00
2021,7.0,22.0,2.0,101.45,101.45,2021-07-22 02:00:00
2021,7.0,22.0,3.0,100.0,100.0,2021-07-22 03:00:00
2021,7.0,22.0,4.0,99.79,99.79,2021-07-22 04:00:00
2021,7.0,22.0,5.0,100.0,100.0,2021-07-22 05:00:00
2021,7.0,22.0,6.0,100.45,100.45,2021-07-22 06:00:00
2021,7.0,22.0,7.0,101.49,101.49,2021-07-22 07:00:00
2021,7.0,22.0,8.0,104.0,104.0,2021-07-22 08:00:00
2021,7.0,22.0,9.0,105.25,105.25,2021-07-22 09:00:00
2021,7.0,22.0,10.0,105.0,105.0,2021-07-22 10:00:00
2021,7.0,22.0,11.0,102.1,102.1,2021-07-22 11:00:00
2021,7.0,22.0,12.0,101.6,101.6,2021-07-22 12:00:00
2021,7.0,22.0,13.0,102.0,102.0,2021-07-22 13:00:00
2021,7.0,22.0,14.0,100.27,100.27,2021-07-22 14:00:00
2021,7.0,22.0,15.0,100.0,100.0,2021-07-22 15:00:00
2021,7.0,22.0,16.0,98.0,98.0,2021-07-22 16:00:00
2021,7.0,22.0,17.0,96.0,96.0,2021-07-22 17:00:00
2021,7.0,22.0,18.0,95.75,95.75,2021-07-22 18:00:00
2021,7.0,22.0,19.0,95.96,95.96,2021-07-22 19:00:00
2021,7.0,22.0,20.0,102.0,102.0,2021-07-22 20:00:00
2021,7.0,22.0,21.0,105.0,105.0,2021-07-22 21:00:00
2021,7.0,22.0,22.0,105.25,105.25,2021-07-22 22:00:00
2021,7.0,22.0,23.0,106.04,106.04,2021-07-22 23:00:00
2021,7.0,22.0,24.0,104.0,104.0,2021-07-23 00:00:00
2021,7.0,23.0,1.0,105.5,105.5,2021-07-23 01:00:00
2021,7.0,23.0,2.0,104.68,104.68,2021-07-23 02:00:00
2021,7.0,23.0,3.0,101.95,101.95,2021-07-23 03:00:00
2021,7.0,23.0,4.0,99.85,99.85,2021-07-23 04:00:00
2021,7.0,23.0,5.0,99.21,99.21,2021-07-23 05:00:00
2021,7.0,23.0,6.0,99.21,99.21,2021-07-23 06:00:00
2021,7.0,23.0,7.0,101.95,101.95,2021-07-23 07:00:00
2021,7.0,23.0,8.0,105.63,105.63,2021-07-23 08:00:00
2021,7.0,23.0,9.0,106.91,106.91,2021-07-23 09:00:00
2021,7.0,23.0,10.0,104.1,104.1,2021-07-23 10:00:00
2021,7.0,23.0,11.0,98.01,98.01,2021-07-23 11:00:00
2021,7.0,23.0,12.0,94.03,94.03,2021-07-23 12:00:00
2021,7.0,23.0,13.0,89.53,89.53,2021-07-23 13:00:00
2021,7.0,23.0,14.0,79.19,79.19,2021-07-23 14:00:00
2021,7.0,23.0,15.0,78.37,78.37,2021-07-23 15:00:00
2021,7.0,23.0,16.0,76.7,76.7,2021-07-23 16:00:00
2021,7.0,23.0,17.0,75.8,75.8,2021-07-23 17:00:00
2021,7.0,23.0,18.0,85.45,85.45,2021-07-23 18:00:00
2021,7.0,23.0,19.0,92.54,92.54,2021-07-23 19:00:00
2021,7.0,23.0,20.0,98.96,98.96,2021-07-23 20:00:00
2021,7.0,23.0,21.0,100.03,100.03,2021-07-23 21:00:00
2021,7.0,23.0,22.0,100.03,100.03,2021-07-23 22:00:00
2021,7.0,23.0,23.0,104.97,104.97,2021-07-23 23:00:00
2021,7.0,23.0,24.0,98.69,98.69,2021-07-24 00:00:00
2021,7.0,24.0,1.0,96.01,96.01,2021-07-24 01:00:00
2021,7.0,24.0,2.0,93.45,93.45,2021-07-24 02:00:00
2021,7.0,24.0,3.0,88.0,88.0,2021-07-24 03:00:00
2021,7.0,24.0,4.0,87.62,87.62,2021-07-24 04:00:00
2021,7.0,24.0,5.0,89.0,89.0,2021-07-24 05:00:00
2021,7.0,24.0,6.0,92.45,92.45,2021-07-24 06:00:00
2021,7.0,24.0,7.0,95.45,95.45,2021-07-24 07:00:00
2021,7.0,24.0,8.0,95.45,95.45,2021-07-24 08:00:00
2021,7.0,24.0,9.0,98.0,98.0,2021-07-24 09:00:00
2021,7.0,24.0,10.0,96.79,96.79,2021-07-24 10:00:00
2021,7.0,24.0,11.0,95.21,95.21,2021-07-24 11:00:00
2021,7.0,24.0,12.0,91.93,91.93,2021-07-24 12:00:00
2021,7.0,24.0,13.0,88.0,88.0,2021-07-24 13:00:00
2021,7.0,24.0,14.0,93.45,93.45,2021-07-24 14:00:00
2021,7.0,24.0,15.0,86.6,86.6,2021-07-24 15:00:00
2021,7.0,24.0,16.0,77.8,77.8,2021-07-24 16:00:00
2021,7.0,24.0,17.0,73.49,73.49,2021-07-24 17:00:00
2021,7.0,24.0,18.0,77.72,77.72,2021-07-24 18:00:00
2021,7.0,24.0,19.0,85.07,85.07,2021-07-24 19:00:00
2021,7.0,24.0,20.0,90.21,90.21,2021-07-24 20:00:00
2021,7.0,24.0,21.0,101.95,101.95,2021-07-24 21:00:00
2021,7.0,24.0,22.0,105.07,105.07,2021-07-24 22:00:00
2021,7.0,24.0,23.0,106.23,106.23,2021-07-24 23:00:00
2021,7.0,24.0,24.0,103.5,103.5,2021-07-25 00:00:00
2021,7.0,25.0,1.0,103.08,103.08,2021-07-25 01:00:00
2021,7.0,25.0,2.0,99.85,99.85,2021-07-25 02:00:00
2021,7.0,25.0,3.0,95.95,95.95,2021-07-25 03:00:00
2021,7.0,25.0,4.0,95.95,95.95,2021-07-25 04:00:00
2021,7.0,25.0,5.0,93.45,93.45,2021-07-25 05:00:00
2021,7.0,25.0,6.0,93.45,93.45,2021-07-25 06:00:00
2021,7.0,25.0,7.0,95.95,95.95,2021-07-25 07:00:00
2021,7.0,25.0,8.0,95.08,95.08,2021-07-25 08:00:00
2021,7.0,25.0,9.0,95.48,95.48,2021-07-25 09:00:00
2021,7.0,25.0,10.0,90.45,90.45,2021-07-25 10:00:00
2021,7.0,25.0,11.0,84.2,84.2,2021-07-25 11:00:00
2021,7.0,25.0,12.0,86.47,86.47,2021-07-25 12:00:00
2021,7.0,25.0,13.0,88.0,88.0,2021-07-25 13:00:00
2021,7.0,25.0,14.0,93.45,93.45,2021-07-25 14:00:00
2021,7.0,25.0,15.0,90.45,90.45,2021-07-25 15:00:00
2021,7.0,25.0,16.0,82.99,82.99,2021-07-25 16:00:00
2021,7.0,25.0,17.0,77.9,77.9,2021-07-25 17:00:00
2021,7.0,25.0,18.0,77.7,77.7,2021-07-25 18:00:00
2021,7.0,25.0,19.0,80.4,80.4,2021-07-25 19:00:00
2021,7.0,25.0,20.0,87.77,87.77,2021-07-25 20:00:00
2021,7.0,25.0,21.0,99.85,99.85,2021-07-25 21:00:00
2021,7.0,25.0,22.0,109.66,109.66,2021-07-25 22:00:00
2021,7.0,25.0,23.0,111.09,111.09,2021-07-25 23:00:00
2021,7.0,25.0,24.0,108.23,108.23,2021-07-26 00:00:00
2021,7.0,26.0,1.0,97.01,97.01,2021-07-26 01:00:00
2021,7.0,26.0,2.0,92.0,92.0,2021-07-26 02:00:00
2021,7.0,26.0,3.0,87.02,87.02,2021-07-26 03:00:00
2021,7.0,26.0,4.0,86.6,86.6,2021-07-26 04:00:00
2021,7.0,26.0,5.0,86.7,86.7,2021-07-26 05:00:00
2021,7.0,26.0,6.0,88.0,88.0,2021-07-26 06:00:00
2021,7.0,26.0,7.0,94.66,94.66,2021-07-26 07:00:00
2021,7.0,26.0,8.0,97.3,97.3,2021-07-26 08:00:00
2021,7.0,26.0,9.0,102.0,102.0,2021-07-26 09:00:00
2021,7.0,26.0,10.0,99.06,99.06,2021-07-26 10:00:00
2021,7.0,26.0,11.0,98.53,98.53,2021-07-26 11:00:00
2021,7.0,26.0,12.0,100.0,100.0,2021-07-26 12:00:00
2021,7.0,26.0,13.0,103.59,103.59,2021-07-26 13:00:00
2021,7.0,26.0,14.0,104.46,104.46,2021-07-26 14:00:00
2021,7.0,26.0,15.0,105.0,105.0,2021-07-26 15:00:00
2021,7.0,26.0,16.0,105.0,105.0,2021-07-26 16:00:00
2021,7.0,26.0,17.0,104.29,104.29,2021-07-26 17:00:00
2021,7.0,26.0,18.0,103.59,103.59,2021-07-26 18:00:00
2021,7.0,26.0,19.0,103.41,103.41,2021-07-26 19:00:00
2021,7.0,26.0,20.0,105.61,105.61,2021-07-26 20:00:00
2021,7.0,26.0,21.0,108.23,108.23,2021-07-26 21:00:00
2021,7.0,26.0,22.0,106.79,106.79,2021-07-26 22:00:00
2021,7.0,26.0,23.0,106.12,106.12,2021-07-26 23:00:00
2021,7.0,26.0,24.0,103.59,103.59,2021-07-27 00:00:00
2021,7.0,27.0,1.0,102.87,102.87,2021-07-27 01:00:00
2021,7.0,27.0,2.0,101.36,101.36,2021-07-27 02:00:00
2021,7.0,27.0,3.0,98.85,98.85,2021-07-27 03:00:00
2021,7.0,27.0,4.0,98.85,98.85,2021-07-27 04:00:00
2021,7.0,27.0,5.0,98.7,98.7,2021-07-27 05:00:00
2021,7.0,27.0,6.0,96.53,96.53,2021-07-27 06:00:00
2021,7.0,27.0,7.0,101.07,101.07,2021-07-27 07:00:00
2021,7.0,27.0,8.0,104.29,104.29,2021-07-27 08:00:00
2021,7.0,27.0,9.0,104.54,104.54,2021-07-27 09:00:00
2021,7.0,27.0,10.0,104.29,104.29,2021-07-27 10:00:00
2021,7.0,27.0,11.0,101.36,101.36,2021-07-27 11:00:00
2021,7.0,27.0,12.0,100.59,100.59,2021-07-27 12:00:00
2021,7.0,27.0,13.0,101.0,101.0,2021-07-27 13:00:00
2021,7.0,27.0,14.0,98.85,98.85,2021-07-27 14:00:00
2021,7.0,27.0,15.0,98.69,98.69,2021-07-27 15:00:00
2021,7.0,27.0,16.0,96.52,96.52,2021-07-27 16:00:00
2021,7.0,27.0,17.0,93.05,93.05,2021-07-27 17:00:00
2021,7.0,27.0,18.0,88.75,88.75,2021-07-27 18:00:00
2021,7.0,27.0,19.0,96.52,96.52,2021-07-27 19:00:00
2021,7.0,27.0,20.0,98.85,98.85,2021-07-27 20:00:00
2021,7.0,27.0,21.0,99.1,99.1,2021-07-27 21:00:00
2021,7.0,27.0,22.0,99.3,99.3,2021-07-27 22:00:00
2021,7.0,27.0,23.0,99.3,99.3,2021-07-27 23:00:00
2021,7.0,27.0,24.0,93.89,93.89,2021-07-28 00:00:00
2021,7.0,28.0,1.0,82.59,82.59,2021-07-28 01:00:00
2021,7.0,28.0,2.0,79.1,79.1,2021-07-28 02:00:00
2021,7.0,28.0,3.0,74.1,74.1,2021-07-28 03:00:00
2021,7.0,28.0,4.0,76.2,76.2,2021-07-28 04:00:00
2021,7.0,28.0,5.0,73.86,73.86,2021-07-28 05:00:00
2021,7.0,28.0,6.0,79.77,79.77,2021-07-28 06:00:00
2021,7.0,28.0,7.0,97.5,97.5,2021-07-28 07:00:00
2021,7.0,28.0,8.0,100.85,100.85,2021-07-28 08:00:00
2021,7.0,28.0,9.0,102.35,102.35,2021-07-28 09:00:00
2021,7.0,28.0,10.0,104.29,104.29,2021-07-28 10:00:00
2021,7.0,28.0,11.0,101.42,101.42,2021-07-28 11:00:00
2021,7.0,28.0,12.0,103.59,103.59,2021-07-28 12:00:00
2021,7.0,28.0,13.0,109.58,109.58,2021-07-28 13:00:00
2021,7.0,28.0,14.0,106.27,106.27,2021-07-28 14:00:00
2021,7.0,28.0,15.0,104.54,104.54,2021-07-28 15:00:00
2021,7.0,28.0,16.0,104.54,104.54,2021-07-28 16:00:00
2021,7.0,28.0,17.0,103.01,103.01,2021-07-28 17:00:00
2021,7.0,28.0,18.0,103.59,103.59,2021-07-28 18:00:00
2021,7.0,28.0,19.0,98.35,98.35,2021-07-28 19:00:00
2021,7.0,28.0,20.0,96.45,96.45,2021-07-28 20:00:00
2021,7.0,28.0,21.0,98.35,98.35,2021-07-28 21:00:00
2021,7.0,28.0,22.0,100.86,100.86,2021-07-28 22:00:00
2021,7.0,28.0,23.0,100.0,100.0,2021-07-28 23:00:00
2021,7.0,28.0,24.0,92.62,92.62,2021-07-29 00:00:00
2021,7.0,29.0,1.0,101.15,101.15,2021-07-29 01:00:00
2021,7.0,29.0,2.0,97.5,97.5,2021-07-29 02:00:00
2021,7.0,29.0,3.0,98.0,98.0,2021-07-29 03:00:00
2021,7.0,29.0,4.0,98.65,98.65,2021-07-29 04:00:00
2021,7.0,29.0,5.0,99.0,99.0,2021-07-29 05:00:00
2021,7.0,29.0,6.0,100.03,100.03,2021-07-29 06:00:00
2021,7.0,29.0,7.0,102.02,102.02,2021-07-29 07:00:00
2021,7.0,29.0,8.0,102.02,102.02,2021-07-29 08:00:00
2021,7.0,29.0,9.0,103.23,103.23,2021-07-29 09:00:00
2021,7.0,29.0,10.0,102.92,102.92,2021-07-29 10:00:00
2021,7.0,29.0,11.0,100.0,100.0,2021-07-29 11:00:00
2021,7.0,29.0,12.0,99.0,99.0,2021-07-29 12:00:00
2021,7.0,29.0,13.0,101.18,101.18,2021-07-29 13:00:00
2021,7.0,29.0,14.0,99.0,99.0,2021-07-29 14:00:00
2021,7.0,29.0,15.0,94.75,94.75,2021-07-29 15:00:00
2021,7.0,29.0,16.0,87.0,87.0,2021-07-29 16:00:00
2021,7.0,29.0,17.0,87.96,87.96,2021-07-29 17:00:00
2021,7.0,29.0,18.0,92.55,92.55,2021-07-29 18:00:00
2021,7.0,29.0,19.0,92.0,92.0,2021-07-29 19:00:00
2021,7.0,29.0,20.0,95.0,95.0,2021-07-29 20:00:00
2021,7.0,29.0,21.0,102.92,102.92,2021-07-29 21:00:00
2021,7.0,29.0,22.0,107.25,107.25,2021-07-29 22:00:00
2021,7.0,29.0,23.0,106.84,106.84,2021-07-29 23:00:00
2021,7.0,29.0,24.0,101.99,101.99,2021-07-30 00:00:00
2021,7.0,30.0,1.0,102.82,102.82,2021-07-30 01:00:00
2021,7.0,30.0,2.0,101.69,101.69,2021-07-30 02:00:00
2021,7.0,30.0,3.0,100.79,100.79,2021-07-30 03:00:00
2021,7.0,30.0,4.0,100.0,100.0,2021-07-30 04:00:00
2021,7.0,30.0,5.0,98.38,98.38,2021-07-30 05:00:00
2021,7.0,30.0,6.0,95.01,95.01,2021-07-30 06:00:00
2021,7.0,30.0,7.0,101.05,101.05,2021-07-30 07:00:00
2021,7.0,30.0,8.0,103.49,103.49,2021-07-30 08:00:00
2021,7.0,30.0,9.0,104.02,104.02,2021-07-30 09:00:00
2021,7.0,30.0,10.0,102.5,102.5,2021-07-30 10:00:00
2021,7.0,30.0,11.0,101.06,101.06,2021-07-30 11:00:00
2021,7.0,30.0,12.0,100.12,100.12,2021-07-30 12:00:00
2021,7.0,30.0,13.0,100.0,100.0,2021-07-30 13:00:00
2021,7.0,30.0,14.0,99.18,99.18,2021-07-30 14:00:00
2021,7.0,30.0,15.0,100.25,100.25,2021-07-30 15:00:00
2021,7.0,30.0,16.0,92.18,92.18,2021-07-30 16:00:00
2021,7.0,30.0,17.0,80.0,80.0,2021-07-30 17:00:00
2021,7.0,30.0,18.0,73.49,73.49,2021-07-30 18:00:00
2021,7.0,30.0,19.0,70.99,70.99,2021-07-30 19:00:00
2021,7.0,30.0,20.0,72.6,72.6,2021-07-30 20:00:00
2021,7.0,30.0,21.0,92.55,92.55,2021-07-30 21:00:00
2021,7.0,30.0,22.0,101.09,101.09,2021-07-30 22:00:00
2021,7.0,30.0,23.0,101.53,101.53,2021-07-30 23:00:00
2021,7.0,30.0,24.0,94.0,94.0,2021-07-31 00:00:00
2021,7.0,31.0,1.0,75.35,75.35,2021-07-31 01:00:00
2021,7.0,31.0,2.0,75.0,75.0,2021-07-31 02:00:00
2021,7.0,31.0,3.0,72.65,72.65,2021-07-31 03:00:00
2021,7.0,31.0,4.0,74.0,74.0,2021-07-31 04:00:00
2021,7.0,31.0,5.0,73.21,73.21,2021-07-31 05:00:00
2021,7.0,31.0,6.0,72.65,72.65,2021-07-31 06:00:00
2021,7.0,31.0,7.0,73.75,73.75,2021-07-31 07:00:00
2021,7.0,31.0,8.0,71.9,71.9,2021-07-31 08:00:00
2021,7.0,31.0,9.0,71.6,71.6,2021-07-31 09:00:00
2021,7.0,31.0,10.0,68.0,68.0,2021-07-31 10:00:00
2021,7.0,31.0,11.0,60.99,60.99,2021-07-31 11:00:00
2021,7.0,31.0,12.0,59.6,59.6,2021-07-31 12:00:00
2021,7.0,31.0,13.0,58.2,58.2,2021-07-31 13:00:00
2021,7.0,31.0,14.0,59.41,59.41,2021-07-31 14:00:00
2021,7.0,31.0,15.0,50.1,50.1,2021-07-31 15:00:00
2021,7.0,31.0,16.0,19.19,19.19,2021-07-31 16:00:00
2021,7.0,31.0,17.0,2.67,2.67,2021-07-31 17:00:00
2021,7.0,31.0,18.0,13.32,13.32,2021-07-31 18:00:00
2021,7.0,31.0,19.0,50.7,50.7,2021-07-31 19:00:00
2021,7.0,31.0,20.0,66.46,66.46,2021-07-31 20:00:00
2021,7.0,31.0,21.0,71.77,71.77,2021-07-31 21:00:00
2021,7.0,31.0,22.0,75.0,75.0,2021-07-31 22:00:00
2021,7.0,31.0,23.0,76.55,76.55,2021-07-31 23:00:00
2021,7.0,31.0,24.0,74.0,74.0,2021-08-01 00:00:00
2021,8.0,1.0,1.0,76.65,76.65,2021-08-01 01:00:00
2021,8.0,1.0,2.0,75.0,75.0,2021-08-01 02:00:00
2021,8.0,1.0,3.0,70.1,70.1,2021-08-01 03:00:00
2021,8.0,1.0,4.0,72.99,72.99,2021-08-01 04:00:00
2021,8.0,1.0,5.0,74.15,74.15,2021-08-01 05:00:00
2021,8.0,1.0,6.0,75.35,75.35,2021-08-01 06:00:00
2021,8.0,1.0,7.0,75.85,75.85,2021-08-01 07:00:00
2021,8.0,1.0,8.0,76.01,76.01,2021-08-01 08:00:00
2021,8.0,1.0,9.0,76.55,76.55,2021-08-01 09:00:00
2021,8.0,1.0,10.0,69.74,69.74,2021-08-01 10:00:00
2021,8.0,1.0,11.0,64.2,64.2,2021-08-01 11:00:00
2021,8.0,1.0,12.0,65.09,65.09,2021-08-01 12:00:00
2021,8.0,1.0,13.0,65.09,65.09,2021-08-01 13:00:00
2021,8.0,1.0,14.0,69.49,69.49,2021-08-01 14:00:00
2021,8.0,1.0,15.0,72.1,72.1,2021-08-01 15:00:00
2021,8.0,1.0,16.0,64.99,64.99,2021-08-01 16:00:00
2021,8.0,1.0,17.0,63.99,63.99,2021-08-01 17:00:00
2021,8.0,1.0,18.0,64.1,64.1,2021-08-01 18:00:00
2021,8.0,1.0,19.0,67.49,67.49,2021-08-01 19:00:00
2021,8.0,1.0,20.0,81.0,81.0,2021-08-01 20:00:00
2021,8.0,1.0,21.0,100.38,100.38,2021-08-01 21:00:00
2021,8.0,1.0,22.0,108.41,108.41,2021-08-01 22:00:00
2021,8.0,1.0,23.0,110.68,110.68,2021-08-01 23:00:00
2021,8.0,1.0,24.0,105.88,105.88,2021-08-02 00:00:00
2021,8.0,2.0,1.0,101.06,101.06,2021-08-02 01:00:00
2021,8.0,2.0,2.0,100.03,100.03,2021-08-02 02:00:00
2021,8.0,2.0,3.0,100.32,100.32,2021-08-02 03:00:00
2021,8.0,2.0,4.0,100.0,100.0,2021-08-02 04:00:00
2021,8.0,2.0,5.0,98.55,98.55,2021-08-02 05:00:00
2021,8.0,2.0,6.0,100.97,100.97,2021-08-02 06:00:00
2021,8.0,2.0,7.0,101.17,101.17,2021-08-02 07:00:00
2021,8.0,2.0,8.0,104.64,104.64,2021-08-02 08:00:00
2021,8.0,2.0,9.0,105.18,105.18,2021-08-02 09:00:00
2021,8.0,2.0,10.0,104.75,104.75,2021-08-02 10:00:00
2021,8.0,2.0,11.0,104.31,104.31,2021-08-02 11:00:00
2021,8.0,2.0,12.0,104.56,104.56,2021-08-02 12:00:00
2021,8.0,2.0,13.0,104.64,104.64,2021-08-02 13:00:00
2021,8.0,2.0,14.0,104.64,104.64,2021-08-02 14:00:00
2021,8.0,2.0,15.0,104.56,104.56,2021-08-02 15:00:00
2021,8.0,2.0,16.0,103.12,103.12,2021-08-02 16:00:00
2021,8.0,2.0,17.0,101.06,101.06,2021-08-02 17:00:00
2021,8.0,2.0,18.0,102.51,102.51,2021-08-02 18:00:00
2021,8.0,2.0,19.0,101.06,101.06,2021-08-02 19:00:00
2021,8.0,2.0,20.0,108.41,108.41,2021-08-02 20:00:00
2021,8.0,2.0,21.0,105.82,105.82,2021-08-02 21:00:00
2021,8.0,2.0,22.0,106.49,106.49,2021-08-02 22:00:00
2021,8.0,2.0,23.0,104.97,104.97,2021-08-02 23:00:00
2021,8.0,2.0,24.0,100.97,100.97,2021-08-03 00:00:00
2021,8.0,3.0,1.0,105.23,105.23,2021-08-03 01:00:00
2021,8.0,3.0,2.0,103.23,103.23,2021-08-03 02:00:00
2021,8.0,3.0,3.0,100.96,100.96,2021-08-03 03:00:00
2021,8.0,3.0,4.0,100.96,100.96,2021-08-03 04:00:00
2021,8.0,3.0,5.0,102.5,102.5,2021-08-03 05:00:00
2021,8.0,3.0,6.0,105.65,105.65,2021-08-03 06:00:00
2021,8.0,3.0,7.0,110.0,110.0,2021-08-03 07:00:00
2021,8.0,3.0,8.0,112.37,112.37,2021-08-03 08:00:00
2021,8.0,3.0,9.0,113.51,113.51,2021-08-03 09:00:00
2021,8.0,3.0,10.0,111.55,111.55,2021-08-03 10:00:00
2021,8.0,3.0,11.0,107.93,107.93,2021-08-03 11:00:00
2021,8.0,3.0,12.0,107.49,107.49,2021-08-03 12:00:00
2021,8.0,3.0,13.0,107.52,107.52,2021-08-03 13:00:00
2021,8.0,3.0,14.0,107.31,107.31,2021-08-03 14:00:00
2021,8.0,3.0,15.0,106.32,106.32,2021-08-03 15:00:00
2021,8.0,3.0,16.0,105.0,105.0,2021-08-03 16:00:00
2021,8.0,3.0,17.0,100.85,100.85,2021-08-03 17:00:00
2021,8.0,3.0,18.0,100.85,100.85,2021-08-03 18:00:00
2021,8.0,3.0,19.0,100.85,100.85,2021-08-03 19:00:00
2021,8.0,3.0,20.0,107.52,107.52,2021-08-03 20:00:00
2021,8.0,3.0,21.0,108.82,108.82,2021-08-03 21:00:00
2021,8.0,3.0,22.0,110.0,110.0,2021-08-03 22:00:00
2021,8.0,3.0,23.0,107.98,107.98,2021-08-03 23:00:00
2021,8.0,3.0,24.0,106.0,106.0,2021-08-04 00:00:00
2021,8.0,4.0,1.0,110.0,110.0,2021-08-04 01:00:00
2021,8.0,4.0,2.0,102.85,102.85,2021-08-04 02:00:00
2021,8.0,4.0,3.0,96.0,96.0,2021-08-04 03:00:00
2021,8.0,4.0,4.0,93.34,93.34,2021-08-04 04:00:00
2021,8.0,4.0,5.0,94.82,94.82,2021-08-04 05:00:00
2021,8.0,4.0,6.0,99.0,99.0,2021-08-04 06:00:00
2021,8.0,4.0,7.0,108.79,108.79,2021-08-04 07:00:00
2021,8.0,4.0,8.0,112.22,112.22,2021-08-04 08:00:00
2021,8.0,4.0,9.0,115.0,115.0,2021-08-04 09:00:00
2021,8.0,4.0,10.0,114.68,114.68,2021-08-04 10:00:00
2021,8.0,4.0,11.0,110.77,110.77,2021-08-04 11:00:00
2021,8.0,4.0,12.0,110.0,110.0,2021-08-04 12:00:00
2021,8.0,4.0,13.0,108.0,108.0,2021-08-04 13:00:00
2021,8.0,4.0,14.0,105.01,105.01,2021-08-04 14:00:00
2021,8.0,4.0,15.0,99.76,99.76,2021-08-04 15:00:00
2021,8.0,4.0,16.0,91.0,91.0,2021-08-04 16:00:00
2021,8.0,4.0,17.0,88.91,88.91,2021-08-04 17:00:00
2021,8.0,4.0,18.0,95.97,95.97,2021-08-04 18:00:00
2021,8.0,4.0,19.0,102.85,102.85,2021-08-04 19:00:00
2021,8.0,4.0,20.0,105.0,105.0,2021-08-04 20:00:00
2021,8.0,4.0,21.0,112.66,112.66,2021-08-04 21:00:00
2021,8.0,4.0,22.0,116.74,116.74,2021-08-04 22:00:00
2021,8.0,4.0,23.0,116.86,116.86,2021-08-04 23:00:00
2021,8.0,4.0,24.0,115.51,115.51,2021-08-05 00:00:00
2021,8.0,5.0,1.0,110.71,110.71,2021-08-05 01:00:00
2021,8.0,5.0,2.0,107.75,107.75,2021-08-05 02:00:00
2021,8.0,5.0,3.0,105.27,105.27,2021-08-05 03:00:00
2021,8.0,5.0,4.0,103.63,103.63,2021-08-05 04:00:00
2021,8.0,5.0,5.0,102.85,102.85,2021-08-05 05:00:00
2021,8.0,5.0,6.0,104.0,104.0,2021-08-05 06:00:00
2021,8.0,5.0,7.0,106.37,106.37,2021-08-05 07:00:00
2021,8.0,5.0,8.0,107.12,107.12,2021-08-05 08:00:00
2021,8.0,5.0,9.0,112.66,112.66,2021-08-05 09:00:00
2021,8.0,5.0,10.0,112.1,112.1,2021-08-05 10:00:00
2021,8.0,5.0,11.0,108.14,108.14,2021-08-05 11:00:00
2021,8.0,5.0,12.0,102.85,102.85,2021-08-05 12:00:00
2021,8.0,5.0,13.0,101.0,101.0,2021-08-05 13:00:00
2021,8.0,5.0,14.0,97.8,97.8,2021-08-05 14:00:00
2021,8.0,5.0,15.0,83.0,83.0,2021-08-05 15:00:00
2021,8.0,5.0,16.0,77.95,77.95,2021-08-05 16:00:00
2021,8.0,5.0,17.0,77.75,77.75,2021-08-05 17:00:00
2021,8.0,5.0,18.0,77.95,77.95,2021-08-05 18:00:00
2021,8.0,5.0,19.0,85.0,85.0,2021-08-05 19:00:00
2021,8.0,5.0,20.0,100.5,100.5,2021-08-05 20:00:00
2021,8.0,5.0,21.0,111.91,111.91,2021-08-05 21:00:00
2021,8.0,5.0,22.0,115.27,115.27,2021-08-05 22:00:00
2021,8.0,5.0,23.0,115.02,115.02,2021-08-05 23:00:00
2021,8.0,5.0,24.0,111.91,111.91,2021-08-06 00:00:00
2021,8.0,6.0,1.0,103.81,103.81,2021-08-06 01:00:00
2021,8.0,6.0,2.0,102.84,102.84,2021-08-06 02:00:00
2021,8.0,6.0,3.0,99.44,99.44,2021-08-06 03:00:00
2021,8.0,6.0,4.0,99.0,99.0,2021-08-06 04:00:00
2021,8.0,6.0,5.0,99.0,99.0,2021-08-06 05:00:00
2021,8.0,6.0,6.0,102.11,102.11,2021-08-06 06:00:00
2021,8.0,6.0,7.0,103.24,103.24,2021-08-06 07:00:00
2021,8.0,6.0,8.0,106.5,106.5,2021-08-06 08:00:00
2021,8.0,6.0,9.0,108.01,108.01,2021-08-06 09:00:00
2021,8.0,6.0,10.0,106.5,106.5,2021-08-06 10:00:00
2021,8.0,6.0,11.0,103.86,103.86,2021-08-06 11:00:00
2021,8.0,6.0,12.0,103.08,103.08,2021-08-06 12:00:00
2021,8.0,6.0,13.0,102.99,102.99,2021-08-06 13:00:00
2021,8.0,6.0,14.0,102.84,102.84,2021-08-06 14:00:00
2021,8.0,6.0,15.0,99.5,99.5,2021-08-06 15:00:00
2021,8.0,6.0,16.0,84.01,84.01,2021-08-06 16:00:00
2021,8.0,6.0,17.0,75.13,75.13,2021-08-06 17:00:00
2021,8.0,6.0,18.0,71.11,71.11,2021-08-06 18:00:00
2021,8.0,6.0,19.0,71.11,71.11,2021-08-06 19:00:00
2021,8.0,6.0,20.0,76.01,76.01,2021-08-06 20:00:00
2021,8.0,6.0,21.0,101.99,101.99,2021-08-06 21:00:00
2021,8.0,6.0,22.0,103.86,103.86,2021-08-06 22:00:00
2021,8.0,6.0,23.0,104.0,104.0,2021-08-06 23:00:00
2021,8.0,6.0,24.0,103.24,103.24,2021-08-07 00:00:00
2021,8.0,7.0,1.0,101.24,101.24,2021-08-07 01:00:00
2021,8.0,7.0,2.0,97.0,97.0,2021-08-07 02:00:00
2021,8.0,7.0,3.0,90.36,90.36,2021-08-07 03:00:00
2021,8.0,7.0,4.0,89.25,89.25,2021-08-07 04:00:00
2021,8.0,7.0,5.0,83.4,83.4,2021-08-07 05:00:00
2021,8.0,7.0,6.0,83.3,83.3,2021-08-07 06:00:00
2021,8.0,7.0,7.0,89.0,89.0,2021-08-07 07:00:00
2021,8.0,7.0,8.0,89.74,89.74,2021-08-07 08:00:00
2021,8.0,7.0,9.0,89.5,89.5,2021-08-07 09:00:00
2021,8.0,7.0,10.0,73.1,73.1,2021-08-07 10:00:00
2021,8.0,7.0,11.0,61.97,61.97,2021-08-07 11:00:00
2021,8.0,7.0,12.0,55.92,55.92,2021-08-07 12:00:00
2021,8.0,7.0,13.0,53.53,53.53,2021-08-07 13:00:00
2021,8.0,7.0,14.0,45.0,45.0,2021-08-07 14:00:00
2021,8.0,7.0,15.0,20.0,20.0,2021-08-07 15:00:00
2021,8.0,7.0,16.0,7.0,7.0,2021-08-07 16:00:00
2021,8.0,7.0,17.0,0.9,0.9,2021-08-07 17:00:00
2021,8.0,7.0,18.0,1.93,1.93,2021-08-07 18:00:00
2021,8.0,7.0,19.0,12.78,12.78,2021-08-07 19:00:00
2021,8.0,7.0,20.0,59.98,59.98,2021-08-07 20:00:00
2021,8.0,7.0,21.0,81.0,81.0,2021-08-07 21:00:00
2021,8.0,7.0,22.0,98.45,98.45,2021-08-07 22:00:00
2021,8.0,7.0,23.0,100.66,100.66,2021-08-07 23:00:00
2021,8.0,7.0,24.0,90.24,90.24,2021-08-08 00:00:00
2021,8.0,8.0,1.0,101.24,101.24,2021-08-08 01:00:00
2021,8.0,8.0,2.0,92.79,92.79,2021-08-08 02:00:00
2021,8.0,8.0,3.0,89.87,89.87,2021-08-08 03:00:00
2021,8.0,8.0,4.0,89.74,89.74,2021-08-08 04:00:00
2021,8.0,8.0,5.0,89.5,89.5,2021-08-08 05:00:00
2021,8.0,8.0,6.0,89.87,89.87,2021-08-08 06:00:00
2021,8.0,8.0,7.0,90.24,90.24,2021-08-08 07:00:00
2021,8.0,8.0,8.0,89.74,89.74,2021-08-08 08:00:00
2021,8.0,8.0,9.0,90.24,90.24,2021-08-08 09:00:00
2021,8.0,8.0,10.0,73.38,73.38,2021-08-08 10:00:00
2021,8.0,8.0,11.0,70.0,70.0,2021-08-08 11:00:00
2021,8.0,8.0,12.0,72.5,72.5,2021-08-08 12:00:00
2021,8.0,8.0,13.0,72.8,72.8,2021-08-08 13:00:00
2021,8.0,8.0,14.0,76.0,76.0,2021-08-08 14:00:00
2021,8.0,8.0,15.0,75.47,75.47,2021-08-08 15:00:00
2021,8.0,8.0,16.0,72.4,72.4,2021-08-08 16:00:00
2021,8.0,8.0,17.0,65.49,65.49,2021-08-08 17:00:00
2021,8.0,8.0,18.0,62.99,62.99,2021-08-08 18:00:00
2021,8.0,8.0,19.0,72.3,72.3,2021-08-08 19:00:00
2021,8.0,8.0,20.0,87.19,87.19,2021-08-08 20:00:00
2021,8.0,8.0,21.0,102.35,102.35,2021-08-08 21:00:00
2021,8.0,8.0,22.0,106.67,106.67,2021-08-08 22:00:00
2021,8.0,8.0,23.0,107.57,107.57,2021-08-08 23:00:00
2021,8.0,8.0,24.0,106.67,106.67,2021-08-09 00:00:00
2021,8.0,9.0,1.0,108.56,108.56,2021-08-09 01:00:00
2021,8.0,9.0,2.0,106.28,106.28,2021-08-09 02:00:00
2021,8.0,9.0,3.0,100.14,100.14,2021-08-09 03:00:00
2021,8.0,9.0,4.0,100.0,100.0,2021-08-09 04:00:00
2021,8.0,9.0,5.0,102.35,102.35,2021-08-09 05:00:00
2021,8.0,9.0,6.0,106.57,106.57,2021-08-09 06:00:00
2021,8.0,9.0,7.0,111.0,111.0,2021-08-09 07:00:00
2021,8.0,9.0,8.0,112.11,112.11,2021-08-09 08:00:00
2021,8.0,9.0,9.0,112.15,112.15,2021-08-09 09:00:00
2021,8.0,9.0,10.0,110.41,110.41,2021-08-09 10:00:00
2021,8.0,9.0,11.0,108.52,108.52,2021-08-09 11:00:00
2021,8.0,9.0,12.0,107.25,107.25,2021-08-09 12:00:00
2021,8.0,9.0,13.0,107.25,107.25,2021-08-09 13:00:00
2021,8.0,9.0,14.0,107.15,107.15,2021-08-09 14:00:00
2021,8.0,9.0,15.0,105.0,105.0,2021-08-09 15:00:00
2021,8.0,9.0,16.0,99.44,99.44,2021-08-09 16:00:00
2021,8.0,9.0,17.0,97.95,97.95,2021-08-09 17:00:00
2021,8.0,9.0,18.0,101.01,101.01,2021-08-09 18:00:00
2021,8.0,9.0,19.0,104.28,104.28,2021-08-09 19:00:00
2021,8.0,9.0,20.0,107.23,107.23,2021-08-09 20:00:00
2021,8.0,9.0,21.0,110.64,110.64,2021-08-09 21:00:00
2021,8.0,9.0,22.0,114.07,114.07,2021-08-09 22:00:00
2021,8.0,9.0,23.0,112.45,112.45,2021-08-09 23:00:00
2021,8.0,9.0,24.0,110.0,110.0,2021-08-10 00:00:00
2021,8.0,10.0,1.0,113.5,113.5,2021-08-10 01:00:00
2021,8.0,10.0,2.0,111.0,111.0,2021-08-10 02:00:00
2021,8.0,10.0,3.0,106.87,106.87,2021-08-10 03:00:00
2021,8.0,10.0,4.0,106.5,106.5,2021-08-10 04:00:00
2021,8.0,10.0,5.0,109.81,109.81,2021-08-10 05:00:00
2021,8.0,10.0,6.0,112.23,112.23,2021-08-10 06:00:00
2021,8.0,10.0,7.0,114.64,114.64,2021-08-10 07:00:00
2021,8.0,10.0,8.0,117.15,117.15,2021-08-10 08:00:00
2021,8.0,10.0,9.0,119.0,119.0,2021-08-10 09:00:00
2021,8.0,10.0,10.0,117.15,117.15,2021-08-10 10:00:00
2021,8.0,10.0,11.0,112.86,112.86,2021-08-10 11:00:00
2021,8.0,10.0,12.0,112.49,112.49,2021-08-10 12:00:00
2021,8.0,10.0,13.0,112.02,112.02,2021-08-10 13:00:00
2021,8.0,10.0,14.0,111.25,111.25,2021-08-10 14:00:00
2021,8.0,10.0,15.0,107.68,107.68,2021-08-10 15:00:00
2021,8.0,10.0,16.0,104.01,104.01,2021-08-10 16:00:00
2021,8.0,10.0,17.0,102.02,102.02,2021-08-10 17:00:00
2021,8.0,10.0,18.0,104.0,104.0,2021-08-10 18:00:00
2021,8.0,10.0,19.0,104.54,104.54,2021-08-10 19:00:00
2021,8.0,10.0,20.0,116.29,116.29,2021-08-10 20:00:00
2021,8.0,10.0,21.0,120.0,120.0,2021-08-10 21:00:00
2021,8.0,10.0,22.0,120.0,120.0,2021-08-10 22:00:00
2021,8.0,10.0,23.0,117.15,117.15,2021-08-10 23:00:00
2021,8.0,10.0,24.0,112.86,112.86,2021-08-11 00:00:00
2021,8.0,11.0,1.0,112.86,112.86,2021-08-11 01:00:00
2021,8.0,11.0,2.0,107.0,107.0,2021-08-11 02:00:00
2021,8.0,11.0,3.0,103.0,103.0,2021-08-11 03:00:00
2021,8.0,11.0,4.0,99.48,99.48,2021-08-11 04:00:00
2021,8.0,11.0,5.0,100.45,100.45,2021-08-11 05:00:00
2021,8.0,11.0,6.0,105.73,105.73,2021-08-11 06:00:00
2021,8.0,11.0,7.0,115.0,115.0,2021-08-11 07:00:00
2021,8.0,11.0,8.0,118.57,118.57,2021-08-11 08:00:00
2021,8.0,11.0,9.0,121.61,121.61,2021-08-11 09:00:00
2021,8.0,11.0,10.0,120.0,120.0,2021-08-11 10:00:00
2021,8.0,11.0,11.0,116.16,116.16,2021-08-11 11:00:00
2021,8.0,11.0,12.0,115.01,115.01,2021-08-11 12:00:00
2021,8.0,11.0,13.0,114.81,114.81,2021-08-11 13:00:00
2021,8.0,11.0,14.0,114.81,114.81,2021-08-11 14:00:00
2021,8.0,11.0,15.0,113.0,113.0,2021-08-11 15:00:00
2021,8.0,11.0,16.0,110.1,110.1,2021-08-11 16:00:00
2021,8.0,11.0,17.0,108.8,108.8,2021-08-11 17:00:00
2021,8.0,11.0,18.0,110.46,110.46,2021-08-11 18:00:00
2021,8.0,11.0,19.0,115.0,115.0,2021-08-11 19:00:00
2021,8.0,11.0,20.0,124.75,124.75,2021-08-11 20:00:00
2021,8.0,11.0,21.0,125.43,125.43,2021-08-11 21:00:00
2021,8.0,11.0,22.0,125.01,125.01,2021-08-11 22:00:00
2021,8.0,11.0,23.0,121.3,121.3,2021-08-11 23:00:00
2021,8.0,11.0,24.0,117.52,117.52,2021-08-12 00:00:00
2021,8.0,12.0,1.0,118.06,118.06,2021-08-12 01:00:00
2021,8.0,12.0,2.0,112.4,112.4,2021-08-12 02:00:00
2021,8.0,12.0,3.0,110.0,110.0,2021-08-12 03:00:00
2021,8.0,12.0,4.0,107.0,107.0,2021-08-12 04:00:00
2021,8.0,12.0,5.0,105.51,105.51,2021-08-12 05:00:00
2021,8.0,12.0,6.0,107.45,107.45,2021-08-12 06:00:00
2021,8.0,12.0,7.0,115.81,115.81,2021-08-12 07:00:00
2021,8.0,12.0,8.0,120.0,120.0,2021-08-12 08:00:00
2021,8.0,12.0,9.0,120.77,120.77,2021-08-12 09:00:00
2021,8.0,12.0,10.0,120.0,120.0,2021-08-12 10:00:00
2021,8.0,12.0,11.0,115.81,115.81,2021-08-12 11:00:00
2021,8.0,12.0,12.0,113.25,113.25,2021-08-12 12:00:00
2021,8.0,12.0,13.0,111.0,111.0,2021-08-12 13:00:00
2021,8.0,12.0,14.0,112.19,112.19,2021-08-12 14:00:00
2021,8.0,12.0,15.0,113.25,113.25,2021-08-12 15:00:00
2021,8.0,12.0,16.0,109.29,109.29,2021-08-12 16:00:00
2021,8.0,12.0,17.0,107.01,107.01,2021-08-12 17:00:00
2021,8.0,12.0,18.0,111.4,111.4,2021-08-12 18:00:00
2021,8.0,12.0,19.0,123.51,123.51,2021-08-12 19:00:00
2021,8.0,12.0,20.0,128.37,128.37,2021-08-12 20:00:00
2021,8.0,12.0,21.0,130.0,130.0,2021-08-12 21:00:00
2021,8.0,12.0,22.0,128.77,128.77,2021-08-12 22:00:00
2021,8.0,12.0,23.0,123.18,123.18,2021-08-12 23:00:00
2021,8.0,12.0,24.0,115.81,115.81,2021-08-13 00:00:00
2021,8.0,13.0,1.0,119.22,119.22,2021-08-13 01:00:00
2021,8.0,13.0,2.0,114.46,114.46,2021-08-13 02:00:00
2021,8.0,13.0,3.0,107.51,107.51,2021-08-13 03:00:00
2021,8.0,13.0,4.0,104.5,104.5,2021-08-13 04:00:00
2021,8.0,13.0,5.0,101.52,101.52,2021-08-13 05:00:00
2021,8.0,13.0,6.0,105.0,105.0,2021-08-13 06:00:00
2021,8.0,13.0,7.0,113.73,113.73,2021-08-13 07:00:00
2021,8.0,13.0,8.0,119.22,119.22,2021-08-13 08:00:00
2021,8.0,13.0,9.0,121.93,121.93,2021-08-13 09:00:00
2021,8.0,13.0,10.0,120.0,120.0,2021-08-13 10:00:00
2021,8.0,13.0,11.0,117.87,117.87,2021-08-13 11:00:00
2021,8.0,13.0,12.0,117.87,117.87,2021-08-13 12:00:00
2021,8.0,13.0,13.0,118.72,118.72,2021-08-13 13:00:00
2021,8.0,13.0,14.0,119.22,119.22,2021-08-13 14:00:00
2021,8.0,13.0,15.0,119.22,119.22,2021-08-13 15:00:00
2021,8.0,13.0,16.0,117.87,117.87,2021-08-13 16:00:00
2021,8.0,13.0,17.0,115.0,115.0,2021-08-13 17:00:00
2021,8.0,13.0,18.0,117.87,117.87,2021-08-13 18:00:00
2021,8.0,13.0,19.0,117.87,117.87,2021-08-13 19:00:00
2021,8.0,13.0,20.0,120.67,120.67,2021-08-13 20:00:00
2021,8.0,13.0,21.0,126.0,126.0,2021-08-13 21:00:00
2021,8.0,13.0,22.0,128.54,128.54,2021-08-13 22:00:00
2021,8.0,13.0,23.0,128.01,128.01,2021-08-13 23:00:00
2021,8.0,13.0,24.0,123.18,123.18,2021-08-14 00:00:00
2021,8.0,14.0,1.0,124.59,124.59,2021-08-14 01:00:00
2021,8.0,14.0,2.0,123.35,123.35,2021-08-14 02:00:00
2021,8.0,14.0,3.0,120.0,120.0,2021-08-14 03:00:00
2021,8.0,14.0,4.0,118.05,118.05,2021-08-14 04:00:00
2021,8.0,14.0,5.0,115.25,115.25,2021-08-14 05:00:00
2021,8.0,14.0,6.0,115.25,115.25,2021-08-14 06:00:00
2021,8.0,14.0,7.0,118.05,118.05,2021-08-14 07:00:00
2021,8.0,14.0,8.0,119.97,119.97,2021-08-14 08:00:00
2021,8.0,14.0,9.0,121.5,121.5,2021-08-14 09:00:00
2021,8.0,14.0,10.0,120.67,120.67,2021-08-14 10:00:00
2021,8.0,14.0,11.0,120.02,120.02,2021-08-14 11:00:00
2021,8.0,14.0,12.0,115.95,115.95,2021-08-14 12:00:00
2021,8.0,14.0,13.0,108.0,108.0,2021-08-14 13:00:00
2021,8.0,14.0,14.0,105.18,105.18,2021-08-14 14:00:00
2021,8.0,14.0,15.0,95.9,95.9,2021-08-14 15:00:00
2021,8.0,14.0,16.0,89.74,89.74,2021-08-14 16:00:00
2021,8.0,14.0,17.0,89.14,89.14,2021-08-14 17:00:00
2021,8.0,14.0,18.0,90.74,90.74,2021-08-14 18:00:00
2021,8.0,14.0,19.0,107.32,107.32,2021-08-14 19:00:00
2021,8.0,14.0,20.0,120.65,120.65,2021-08-14 20:00:00
2021,8.0,14.0,21.0,125.98,125.98,2021-08-14 21:00:00
2021,8.0,14.0,22.0,130.0,130.0,2021-08-14 22:00:00
2021,8.0,14.0,23.0,129.73,129.73,2021-08-14 23:00:00
2021,8.0,14.0,24.0,126.17,126.17,2021-08-15 00:00:00
2021,8.0,15.0,1.0,124.91,124.91,2021-08-15 01:00:00
2021,8.0,15.0,2.0,123.1,123.1,2021-08-15 02:00:00
2021,8.0,15.0,3.0,121.5,121.5,2021-08-15 03:00:00
2021,8.0,15.0,4.0,121.08,121.08,2021-08-15 04:00:00
2021,8.0,15.0,5.0,120.92,120.92,2021-08-15 05:00:00
2021,8.0,15.0,6.0,120.92,120.92,2021-08-15 06:00:00
2021,8.0,15.0,7.0,120.92,120.92,2021-08-15 07:00:00
2021,8.0,15.0,8.0,116.75,116.75,2021-08-15 08:00:00
2021,8.0,15.0,9.0,111.35,111.35,2021-08-15 09:00:00
2021,8.0,15.0,10.0,112.97,112.97,2021-08-15 10:00:00
2021,8.0,15.0,11.0,108.0,108.0,2021-08-15 11:00:00
2021,8.0,15.0,12.0,105.97,105.97,2021-08-15 12:00:00
2021,8.0,15.0,13.0,100.97,100.97,2021-08-15 13:00:00
2021,8.0,15.0,14.0,105.91,105.91,2021-08-15 14:00:00
2021,8.0,15.0,15.0,99.8,99.8,2021-08-15 15:00:00
2021,8.0,15.0,16.0,89.14,89.14,2021-08-15 16:00:00
2021,8.0,15.0,17.0,84.67,84.67,2021-08-15 17:00:00
2021,8.0,15.0,18.0,84.47,84.47,2021-08-15 18:00:00
2021,8.0,15.0,19.0,84.97,84.97,2021-08-15 19:00:00
2021,8.0,15.0,20.0,96.07,96.07,2021-08-15 20:00:00
2021,8.0,15.0,21.0,119.5,119.5,2021-08-15 21:00:00
2021,8.0,15.0,22.0,122.49,122.49,2021-08-15 22:00:00
2021,8.0,15.0,23.0,123.09,123.09,2021-08-15 23:00:00
2021,8.0,15.0,24.0,121.08,121.08,2021-08-16 00:00:00
2021,8.0,16.0,1.0,102.0,102.0,2021-08-16 01:00:00
2021,8.0,16.0,2.0,89.5,89.5,2021-08-16 02:00:00
2021,8.0,16.0,3.0,85.84,85.84,2021-08-16 03:00:00
2021,8.0,16.0,4.0,85.49,85.49,2021-08-16 04:00:00
2021,8.0,16.0,5.0,84.99,84.99,2021-08-16 05:00:00
2021,8.0,16.0,6.0,85.49,85.49,2021-08-16 06:00:00
2021,8.0,16.0,7.0,89.1,89.1,2021-08-16 07:00:00
2021,8.0,16.0,8.0,90.24,90.24,2021-08-16 08:00:00
2021,8.0,16.0,9.0,92.93,92.93,2021-08-16 09:00:00
2021,8.0,16.0,10.0,89.14,89.14,2021-08-16 10:00:00
2021,8.0,16.0,11.0,85.83,85.83,2021-08-16 11:00:00
2021,8.0,16.0,12.0,84.99,84.99,2021-08-16 12:00:00
2021,8.0,16.0,13.0,84.99,84.99,2021-08-16 13:00:00
2021,8.0,16.0,14.0,84.99,84.99,2021-08-16 14:00:00
2021,8.0,16.0,15.0,85.74,85.74,2021-08-16 15:00:00
2021,8.0,16.0,16.0,84.4,84.4,2021-08-16 16:00:00
2021,8.0,16.0,17.0,83.0,83.0,2021-08-16 17:00:00
2021,8.0,16.0,18.0,82.7,82.7,2021-08-16 18:00:00
2021,8.0,16.0,19.0,82.6,82.6,2021-08-16 19:00:00
2021,8.0,16.0,20.0,84.9,84.9,2021-08-16 20:00:00
2021,8.0,16.0,21.0,90.24,90.24,2021-08-16 21:00:00
2021,8.0,16.0,22.0,109.35,109.35,2021-08-16 22:00:00
2021,8.0,16.0,23.0,105.0,105.0,2021-08-16 23:00:00
2021,8.0,16.0,24.0,90.74,90.74,2021-08-17 00:00:00
2021,8.0,17.0,1.0,87.5,87.5,2021-08-17 01:00:00
2021,8.0,17.0,2.0,84.7,84.7,2021-08-17 02:00:00
2021,8.0,17.0,3.0,83.49,83.49,2021-08-17 03:00:00
2021,8.0,17.0,4.0,82.49,82.49,2021-08-17 04:00:00
2021,8.0,17.0,5.0,82.09,82.09,2021-08-17 05:00:00
2021,8.0,17.0,6.0,82.49,82.49,2021-08-17 06:00:00
2021,8.0,17.0,7.0,84.6,84.6,2021-08-17 07:00:00
2021,8.0,17.0,8.0,85.0,85.0,2021-08-17 08:00:00
2021,8.0,17.0,9.0,86.0,86.0,2021-08-17 09:00:00
2021,8.0,17.0,10.0,84.9,84.9,2021-08-17 10:00:00
2021,8.0,17.0,11.0,84.4,84.4,2021-08-17 11:00:00
2021,8.0,17.0,12.0,84.6,84.6,2021-08-17 12:00:00
2021,8.0,17.0,13.0,84.99,84.99,2021-08-17 13:00:00
2021,8.0,17.0,14.0,89.14,89.14,2021-08-17 14:00:00
2021,8.0,17.0,15.0,89.99,89.99,2021-08-17 15:00:00
2021,8.0,17.0,16.0,86.41,86.41,2021-08-17 16:00:00
2021,8.0,17.0,17.0,85.0,85.0,2021-08-17 17:00:00
2021,8.0,17.0,18.0,84.99,84.99,2021-08-17 18:00:00
2021,8.0,17.0,19.0,85.36,85.36,2021-08-17 19:00:00
2021,8.0,17.0,20.0,96.8,96.8,2021-08-17 20:00:00
2021,8.0,17.0,21.0,107.02,107.02,2021-08-17 21:00:00
2021,8.0,17.0,22.0,120.0,120.0,2021-08-17 22:00:00
2021,8.0,17.0,23.0,112.03,112.03,2021-08-17 23:00:00
2021,8.0,17.0,24.0,94.0,94.0,2021-08-18 00:00:00
2021,8.0,18.0,1.0,105.45,90.24,2021-08-18 01:00:00
2021,8.0,18.0,2.0,103.06,84.9,2021-08-18 02:00:00
2021,8.0,18.0,3.0,84.4,84.4,2021-08-18 03:00:00
2021,8.0,18.0,4.0,84.1,84.1,2021-08-18 04:00:00
2021,8.0,18.0,5.0,83.99,83.99,2021-08-18 05:00:00
2021,8.0,18.0,6.0,84.4,84.4,2021-08-18 06:00:00
2021,8.0,18.0,7.0,90.1,90.1,2021-08-18 07:00:00
2021,8.0,18.0,8.0,102.99,102.99,2021-08-18 08:00:00
2021,8.0,18.0,9.0,113.01,113.01,2021-08-18 09:00:00
2021,8.0,18.0,10.0,114.9,114.9,2021-08-18 10:00:00
2021,8.0,18.0,11.0,100.0,100.0,2021-08-18 11:00:00
2021,8.0,18.0,12.0,101.07,101.07,2021-08-18 12:00:00
2021,8.0,18.0,13.0,105.45,105.45,2021-08-18 13:00:00
2021,8.0,18.0,14.0,113.36,113.36,2021-08-18 14:00:00
2021,8.0,18.0,15.0,116.38,116.38,2021-08-18 15:00:00
2021,8.0,18.0,16.0,116.38,116.38,2021-08-18 16:00:00
2021,8.0,18.0,17.0,112.0,112.0,2021-08-18 17:00:00
2021,8.0,18.0,18.0,110.0,110.0,2021-08-18 18:00:00
2021,8.0,18.0,19.0,110.35,110.35,2021-08-18 19:00:00
2021,8.0,18.0,20.0,116.75,116.75,2021-08-18 20:00:00
2021,8.0,18.0,21.0,125.53,125.53,2021-08-18 21:00:00
2021,8.0,18.0,22.0,126.84,126.84,2021-08-18 22:00:00
2021,8.0,18.0,23.0,125.64,125.64,2021-08-18 23:00:00
2021,8.0,18.0,24.0,116.91,116.91,2021-08-19 00:00:00
2021,8.0,19.0,1.0,103.21,103.21,2021-08-19 01:00:00
2021,8.0,19.0,2.0,91.02,91.02,2021-08-19 02:00:00
2021,8.0,19.0,3.0,89.5,89.5,2021-08-19 03:00:00
2021,8.0,19.0,4.0,89.14,89.14,2021-08-19 04:00:00
2021,8.0,19.0,5.0,89.14,89.14,2021-08-19 05:00:00
2021,8.0,19.0,6.0,89.5,89.5,2021-08-19 06:00:00
2021,8.0,19.0,7.0,112.0,112.0,2021-08-19 07:00:00
2021,8.0,19.0,8.0,119.85,119.85,2021-08-19 08:00:00
2021,8.0,19.0,9.0,125.0,125.0,2021-08-19 09:00:00
2021,8.0,19.0,10.0,120.0,120.0,2021-08-19 10:00:00
2021,8.0,19.0,11.0,113.05,113.05,2021-08-19 11:00:00
2021,8.0,19.0,12.0,115.0,115.0,2021-08-19 12:00:00
2021,8.0,19.0,13.0,119.65,119.65,2021-08-19 13:00:00
2021,8.0,19.0,14.0,121.1,121.1,2021-08-19 14:00:00
2021,8.0,19.0,15.0,120.0,120.0,2021-08-19 15:00:00
2021,8.0,19.0,16.0,116.86,116.86,2021-08-19 16:00:00
2021,8.0,19.0,17.0,116.86,116.86,2021-08-19 17:00:00
2021,8.0,19.0,18.0,116.44,116.44,2021-08-19 18:00:00
2021,8.0,19.0,19.0,116.86,116.86,2021-08-19 19:00:00
2021,8.0,19.0,20.0,126.78,126.78,2021-08-19 20:00:00
2021,8.0,19.0,21.0,128.12,128.12,2021-08-19 21:00:00
2021,8.0,19.0,22.0,129.37,129.37,2021-08-19 22:00:00
2021,8.0,19.0,23.0,127.6,127.6,2021-08-19 23:00:00
2021,8.0,19.0,24.0,125.65,125.65,2021-08-20 00:00:00
2021,8.0,20.0,1.0,120.5,120.5,2021-08-20 01:00:00
2021,8.0,20.0,2.0,119.04,119.04,2021-08-20 02:00:00
2021,8.0,20.0,3.0,117.49,117.49,2021-08-20 03:00:00
2021,8.0,20.0,4.0,116.0,116.0,2021-08-20 04:00:00
2021,8.0,20.0,5.0,115.45,115.45,2021-08-20 05:00:00
2021,8.0,20.0,6.0,116.0,116.0,2021-08-20 06:00:00
2021,8.0,20.0,7.0,120.5,120.5,2021-08-20 07:00:00
2021,8.0,20.0,8.0,122.62,122.62,2021-08-20 08:00:00
2021,8.0,20.0,9.0,125.0,125.0,2021-08-20 09:00:00
2021,8.0,20.0,10.0,122.01,122.01,2021-08-20 10:00:00
2021,8.0,20.0,11.0,118.24,118.24,2021-08-20 11:00:00
2021,8.0,20.0,12.0,115.45,115.45,2021-08-20 12:00:00
2021,8.0,20.0,13.0,115.45,115.45,2021-08-20 13:00:00
2021,8.0,20.0,14.0,112.95,112.95,2021-08-20 14:00:00
2021,8.0,20.0,15.0,112.95,112.95,2021-08-20 15:00:00
2021,8.0,20.0,16.0,104.38,104.38,2021-08-20 16:00:00
2021,8.0,20.0,17.0,104.07,104.07,2021-08-20 17:00:00
2021,8.0,20.0,18.0,104.99,104.99,2021-08-20 18:00:00
2021,8.0,20.0,19.0,113.27,113.27,2021-08-20 19:00:00
2021,8.0,20.0,20.0,123.2,123.2,2021-08-20 20:00:00
2021,8.0,20.0,21.0,126.14,126.14,2021-08-20 21:00:00
2021,8.0,20.0,22.0,124.93,124.93,2021-08-20 22:00:00
2021,8.0,20.0,23.0,121.67,121.67,2021-08-20 23:00:00
2021,8.0,20.0,24.0,119.04,119.04,2021-08-21 00:00:00
2021,8.0,21.0,1.0,119.45,119.45,2021-08-21 01:00:00
2021,8.0,21.0,2.0,117.3,117.3,2021-08-21 02:00:00
2021,8.0,21.0,3.0,114.68,114.68,2021-08-21 03:00:00
2021,8.0,21.0,4.0,109.99,109.99,2021-08-21 04:00:00
2021,8.0,21.0,5.0,106.0,106.0,2021-08-21 05:00:00
2021,8.0,21.0,6.0,110.51,110.51,2021-08-21 06:00:00
2021,8.0,21.0,7.0,114.62,114.62,2021-08-21 07:00:00
2021,8.0,21.0,8.0,115.59,115.59,2021-08-21 08:00:00
2021,8.0,21.0,9.0,115.12,115.12,2021-08-21 09:00:00
2021,8.0,21.0,10.0,113.99,113.99,2021-08-21 10:00:00
2021,8.0,21.0,11.0,113.52,113.52,2021-08-21 11:00:00
2021,8.0,21.0,12.0,107.45,107.45,2021-08-21 12:00:00
2021,8.0,21.0,13.0,103.75,103.75,2021-08-21 13:00:00
2021,8.0,21.0,14.0,104.51,104.51,2021-08-21 14:00:00
2021,8.0,21.0,15.0,100.0,100.0,2021-08-21 15:00:00
2021,8.0,21.0,16.0,91.5,91.5,2021-08-21 16:00:00
2021,8.0,21.0,17.0,91.2,91.2,2021-08-21 17:00:00
2021,8.0,21.0,18.0,95.27,95.27,2021-08-21 18:00:00
2021,8.0,21.0,19.0,107.92,107.92,2021-08-21 19:00:00
2021,8.0,21.0,20.0,114.68,114.68,2021-08-21 20:00:00
2021,8.0,21.0,21.0,119.1,119.1,2021-08-21 21:00:00
2021,8.0,21.0,22.0,123.0,123.0,2021-08-21 22:00:00
2021,8.0,21.0,23.0,119.1,119.1,2021-08-21 23:00:00
2021,8.0,21.0,24.0,115.12,115.12,2021-08-22 00:00:00
2021,8.0,22.0,1.0,110.41,110.41,2021-08-22 01:00:00
2021,8.0,22.0,2.0,109.39,109.39,2021-08-22 02:00:00
2021,8.0,22.0,3.0,106.0,106.0,2021-08-22 03:00:00
2021,8.0,22.0,4.0,107.79,107.79,2021-08-22 04:00:00
2021,8.0,22.0,5.0,105.0,105.0,2021-08-22 05:00:00
2021,8.0,22.0,6.0,102.0,102.0,2021-08-22 06:00:00
2021,8.0,22.0,7.0,107.79,107.79,2021-08-22 07:00:00
2021,8.0,22.0,8.0,108.2,108.2,2021-08-22 08:00:00
2021,8.0,22.0,9.0,106.0,106.0,2021-08-22 09:00:00
2021,8.0,22.0,10.0,99.44,99.44,2021-08-22 10:00:00
2021,8.0,22.0,11.0,90.24,90.24,2021-08-22 11:00:00
2021,8.0,22.0,12.0,90.24,90.24,2021-08-22 12:00:00
2021,8.0,22.0,13.0,98.92,98.92,2021-08-22 13:00:00
2021,8.0,22.0,14.0,107.89,107.89,2021-08-22 14:00:00
2021,8.0,22.0,15.0,107.79,107.79,2021-08-22 15:00:00
2021,8.0,22.0,16.0,88.2,88.2,2021-08-22 16:00:00
2021,8.0,22.0,17.0,88.17,88.17,2021-08-22 17:00:00
2021,8.0,22.0,18.0,88.14,88.14,2021-08-22 18:00:00
2021,8.0,22.0,19.0,88.19,88.19,2021-08-22 19:00:00
2021,8.0,22.0,20.0,95.0,95.0,2021-08-22 20:00:00
2021,8.0,22.0,21.0,100.01,100.01,2021-08-22 21:00:00
2021,8.0,22.0,22.0,108.39,108.39,2021-08-22 22:00:00
2021,8.0,22.0,23.0,108.0,108.0,2021-08-22 23:00:00
2021,8.0,22.0,24.0,91.02,91.02,2021-08-23 00:00:00
2021,8.0,23.0,1.0,89.5,89.5,2021-08-23 01:00:00
2021,8.0,23.0,2.0,86.62,86.62,2021-08-23 02:00:00
2021,8.0,23.0,3.0,86.56,86.56,2021-08-23 03:00:00
2021,8.0,23.0,4.0,85.84,85.84,2021-08-23 04:00:00
2021,8.0,23.0,5.0,85.84,85.84,2021-08-23 05:00:00
2021,8.0,23.0,6.0,86.56,86.56,2021-08-23 06:00:00
2021,8.0,23.0,7.0,90.1,90.1,2021-08-23 07:00:00
2021,8.0,23.0,8.0,111.29,111.29,2021-08-23 08:00:00
2021,8.0,23.0,9.0,114.59,114.59,2021-08-23 09:00:00
2021,8.0,23.0,10.0,114.18,114.18,2021-08-23 10:00:00
2021,8.0,23.0,11.0,106.98,106.98,2021-08-23 11:00:00
2021,8.0,23.0,12.0,103.47,103.47,2021-08-23 12:00:00
2021,8.0,23.0,13.0,99.44,99.44,2021-08-23 13:00:00
2021,8.0,23.0,14.0,94.0,94.0,2021-08-23 14:00:00
2021,8.0,23.0,15.0,96.1,96.1,2021-08-23 15:00:00
2021,8.0,23.0,16.0,93.95,93.95,2021-08-23 16:00:00
2021,8.0,23.0,17.0,91.02,91.02,2021-08-23 17:00:00
2021,8.0,23.0,18.0,95.0,95.0,2021-08-23 18:00:00
2021,8.0,23.0,19.0,105.0,105.0,2021-08-23 19:00:00
2021,8.0,23.0,20.0,114.18,114.18,2021-08-23 20:00:00
2021,8.0,23.0,21.0,114.18,114.18,2021-08-23 21:00:00
2021,8.0,23.0,22.0,115.54,115.54,2021-08-23 22:00:00
2021,8.0,23.0,23.0,114.18,114.18,2021-08-23 23:00:00
2021,8.0,23.0,24.0,100.0,100.0,2021-08-24 00:00:00
2021,8.0,24.0,1.0,85.74,85.74,2021-08-24 01:00:00
2021,8.0,24.0,2.0,85.49,85.49,2021-08-24 02:00:00
2021,8.0,24.0,3.0,85.0,85.0,2021-08-24 03:00:00
2021,8.0,24.0,4.0,84.77,84.77,2021-08-24 04:00:00
2021,8.0,24.0,5.0,84.34,84.34,2021-08-24 05:00:00
2021,8.0,24.0,6.0,85.47,85.47,2021-08-24 06:00:00
2021,8.0,24.0,7.0,85.84,85.84,2021-08-24 07:00:00
2021,8.0,24.0,8.0,90.0,90.0,2021-08-24 08:00:00
2021,8.0,24.0,9.0,110.63,110.63,2021-08-24 09:00:00
2021,8.0,24.0,10.0,106.97,106.97,2021-08-24 10:00:00
2021,8.0,24.0,11.0,101.0,101.0,2021-08-24 11:00:00
2021,8.0,24.0,12.0,96.0,96.0,2021-08-24 12:00:00
2021,8.0,24.0,13.0,91.49,91.49,2021-08-24 13:00:00
2021,8.0,24.0,14.0,99.03,99.03,2021-08-24 14:00:00
2021,8.0,24.0,15.0,112.28,112.28,2021-08-24 15:00:00
2021,8.0,24.0,16.0,112.28,112.28,2021-08-24 16:00:00
2021,8.0,24.0,17.0,114.95,114.95,2021-08-24 17:00:00
2021,8.0,24.0,18.0,114.99,114.99,2021-08-24 18:00:00
2021,8.0,24.0,19.0,113.75,113.75,2021-08-24 19:00:00
2021,8.0,24.0,20.0,116.0,116.0,2021-08-24 20:00:00
2021,8.0,24.0,21.0,118.5,118.5,2021-08-24 21:00:00
2021,8.0,24.0,22.0,120.35,120.35,2021-08-24 22:00:00
2021,8.0,24.0,23.0,119.1,119.1,2021-08-24 23:00:00
2021,8.0,24.0,24.0,115.55,115.55,2021-08-25 00:00:00
2021,8.0,25.0,1.0,114.34,114.34,2021-08-25 01:00:00
2021,8.0,25.0,2.0,110.0,110.0,2021-08-25 02:00:00
2021,8.0,25.0,3.0,108.0,108.0,2021-08-25 03:00:00
2021,8.0,25.0,4.0,105.72,105.72,2021-08-25 04:00:00
2021,8.0,25.0,5.0,107.9,107.9,2021-08-25 05:00:00
2021,8.0,25.0,6.0,114.34,114.34,2021-08-25 06:00:00
2021,8.0,25.0,7.0,117.47,117.47,2021-08-25 07:00:00
2021,8.0,25.0,8.0,118.08,118.08,2021-08-25 08:00:00
2021,8.0,25.0,9.0,119.0,119.0,2021-08-25 09:00:00
2021,8.0,25.0,10.0,119.1,119.1,2021-08-25 10:00:00
2021,8.0,25.0,11.0,117.68,117.68,2021-08-25 11:00:00
2021,8.0,25.0,12.0,116.95,116.95,2021-08-25 12:00:00
2021,8.0,25.0,13.0,116.94,116.94,2021-08-25 13:00:00
2021,8.0,25.0,14.0,117.03,117.03,2021-08-25 14:00:00
2021,8.0,25.0,15.0,117.27,117.27,2021-08-25 15:00:00
2021,8.0,25.0,16.0,116.53,116.53,2021-08-25 16:00:00
2021,8.0,25.0,17.0,116.74,116.74,2021-08-25 17:00:00
2021,8.0,25.0,18.0,116.74,116.74,2021-08-25 18:00:00
2021,8.0,25.0,19.0,117.47,117.47,2021-08-25 19:00:00
2021,8.0,25.0,20.0,119.0,119.0,2021-08-25 20:00:00
2021,8.0,25.0,21.0,123.72,123.72,2021-08-25 21:00:00
2021,8.0,25.0,22.0,129.15,129.15,2021-08-25 22:00:00
2021,8.0,25.0,23.0,123.84,123.84,2021-08-25 23:00:00
2021,8.0,25.0,24.0,118.6,118.6,2021-08-26 00:00:00
2021,8.0,26.0,1.0,123.77,123.77,2021-08-26 01:00:00
2021,8.0,26.0,2.0,122.91,122.91,2021-08-26 02:00:00
2021,8.0,26.0,3.0,121.37,121.37,2021-08-26 03:00:00
2021,8.0,26.0,4.0,120.0,120.0,2021-08-26 04:00:00
2021,8.0,26.0,5.0,119.95,119.95,2021-08-26 05:00:00
2021,8.0,26.0,6.0,121.01,121.01,2021-08-26 06:00:00
2021,8.0,26.0,7.0,123.45,123.45,2021-08-26 07:00:00
2021,8.0,26.0,8.0,123.86,123.86,2021-08-26 08:00:00
2021,8.0,26.0,9.0,124.65,124.65,2021-08-26 09:00:00
2021,8.0,26.0,10.0,123.86,123.86,2021-08-26 10:00:00
2021,8.0,26.0,11.0,122.5,122.5,2021-08-26 11:00:00
2021,8.0,26.0,12.0,119.95,119.95,2021-08-26 12:00:00
2021,8.0,26.0,13.0,120.35,120.35,2021-08-26 13:00:00
2021,8.0,26.0,14.0,122.0,122.0,2021-08-26 14:00:00
2021,8.0,26.0,15.0,122.91,122.91,2021-08-26 15:00:00
2021,8.0,26.0,16.0,120.35,120.35,2021-08-26 16:00:00
2021,8.0,26.0,17.0,121.43,121.43,2021-08-26 17:00:00
2021,8.0,26.0,18.0,120.91,120.91,2021-08-26 18:00:00
2021,8.0,26.0,19.0,121.37,121.37,2021-08-26 19:00:00
2021,8.0,26.0,20.0,123.77,123.77,2021-08-26 20:00:00
2021,8.0,26.0,21.0,125.26,125.26,2021-08-26 21:00:00
2021,8.0,26.0,22.0,129.81,129.81,2021-08-26 22:00:00
2021,8.0,26.0,23.0,127.78,127.78,2021-08-26 23:00:00
2021,8.0,26.0,24.0,122.94,122.94,2021-08-27 00:00:00
2021,8.0,27.0,1.0,125.33,125.33,2021-08-27 01:00:00
2021,8.0,27.0,2.0,122.76,122.76,2021-08-27 02:00:00
2021,8.0,27.0,3.0,121.07,121.07,2021-08-27 03:00:00
2021,8.0,27.0,4.0,120.06,120.06,2021-08-27 04:00:00
2021,8.0,27.0,5.0,119.91,119.91,2021-08-27 05:00:00
2021,8.0,27.0,6.0,119.91,119.91,2021-08-27 06:00:00
2021,8.0,27.0,7.0,120.41,120.41,2021-08-27 07:00:00
2021,8.0,27.0,8.0,122.0,122.0,2021-08-27 08:00:00
2021,8.0,27.0,9.0,122.67,122.67,2021-08-27 09:00:00
2021,8.0,27.0,10.0,121.86,121.86,2021-08-27 10:00:00
2021,8.0,27.0,11.0,119.91,119.91,2021-08-27 11:00:00
2021,8.0,27.0,12.0,119.87,119.87,2021-08-27 12:00:00
2021,8.0,27.0,13.0,119.87,119.87,2021-08-27 13:00:00
2021,8.0,27.0,14.0,119.91,119.91,2021-08-27 14:00:00
2021,8.0,27.0,15.0,119.87,119.87,2021-08-27 15:00:00
2021,8.0,27.0,16.0,107.0,107.0,2021-08-27 16:00:00
2021,8.0,27.0,17.0,108.72,108.72,2021-08-27 17:00:00
2021,8.0,27.0,18.0,106.75,106.75,2021-08-27 18:00:00
2021,8.0,27.0,19.0,107.7,107.7,2021-08-27 19:00:00
2021,8.0,27.0,20.0,119.91,119.91,2021-08-27 20:00:00
2021,8.0,27.0,21.0,122.34,122.34,2021-08-27 21:00:00
2021,8.0,27.0,22.0,124.67,124.67,2021-08-27 22:00:00
2021,8.0,27.0,23.0,122.95,122.95,2021-08-27 23:00:00
2021,8.0,27.0,24.0,120.41,120.41,2021-08-28 00:00:00
2021,8.0,28.0,1.0,128.29,128.29,2021-08-28 01:00:00
2021,8.0,28.0,2.0,126.53,126.53,2021-08-28 02:00:00
2021,8.0,28.0,3.0,123.94,123.94,2021-08-28 03:00:00
2021,8.0,28.0,4.0,122.95,122.95,2021-08-28 04:00:00
2021,8.0,28.0,5.0,118.53,118.53,2021-08-28 05:00:00
2021,8.0,28.0,6.0,117.14,117.14,2021-08-28 06:00:00
2021,8.0,28.0,7.0,119.45,119.45,2021-08-28 07:00:00
2021,8.0,28.0,8.0,120.27,120.27,2021-08-28 08:00:00
2021,8.0,28.0,9.0,120.95,120.95,2021-08-28 09:00:00
2021,8.0,28.0,10.0,122.5,122.5,2021-08-28 10:00:00
2021,8.0,28.0,11.0,109.43,109.43,2021-08-28 11:00:00
2021,8.0,28.0,12.0,94.5,94.5,2021-08-28 12:00:00
2021,8.0,28.0,13.0,93.0,93.0,2021-08-28 13:00:00
2021,8.0,28.0,14.0,96.4,96.4,2021-08-28 14:00:00
2021,8.0,28.0,15.0,93.99,93.99,2021-08-28 15:00:00
2021,8.0,28.0,16.0,91.02,91.02,2021-08-28 16:00:00
2021,8.0,28.0,17.0,88.59,88.59,2021-08-28 17:00:00
2021,8.0,28.0,18.0,87.95,87.95,2021-08-28 18:00:00
2021,8.0,28.0,19.0,89.5,89.5,2021-08-28 19:00:00
2021,8.0,28.0,20.0,97.5,97.5,2021-08-28 20:00:00
2021,8.0,28.0,21.0,117.04,117.04,2021-08-28 21:00:00
2021,8.0,28.0,22.0,125.01,125.01,2021-08-28 22:00:00
2021,8.0,28.0,23.0,123.94,123.94,2021-08-28 23:00:00
2021,8.0,28.0,24.0,116.86,116.86,2021-08-29 00:00:00
2021,8.0,29.0,1.0,103.0,103.0,2021-08-29 01:00:00
2021,8.0,29.0,2.0,93.11,93.11,2021-08-29 02:00:00
2021,8.0,29.0,3.0,93.08,93.08,2021-08-29 03:00:00
2021,8.0,29.0,4.0,93.08,93.08,2021-08-29 04:00:00
2021,8.0,29.0,5.0,93.08,93.08,2021-08-29 05:00:00
2021,8.0,29.0,6.0,93.11,93.11,2021-08-29 06:00:00
2021,8.0,29.0,7.0,101.79,101.79,2021-08-29 07:00:00
2021,8.0,29.0,8.0,102.6,102.6,2021-08-29 08:00:00
2021,8.0,29.0,9.0,102.44,102.44,2021-08-29 09:00:00
2021,8.0,29.0,10.0,105.98,105.98,2021-08-29 10:00:00
2021,8.0,29.0,11.0,93.1,93.1,2021-08-29 11:00:00
2021,8.0,29.0,12.0,93.06,93.06,2021-08-29 12:00:00
2021,8.0,29.0,13.0,93.08,93.08,2021-08-29 13:00:00
2021,8.0,29.0,14.0,96.97,96.97,2021-08-29 14:00:00
2021,8.0,29.0,15.0,99.44,99.44,2021-08-29 15:00:00
2021,8.0,29.0,16.0,93.08,93.08,2021-08-29 16:00:00
2021,8.0,29.0,17.0,93.06,93.06,2021-08-29 17:00:00
2021,8.0,29.0,18.0,93.06,93.06,2021-08-29 18:00:00
2021,8.0,29.0,19.0,93.8,93.8,2021-08-29 19:00:00
2021,8.0,29.0,20.0,111.97,111.97,2021-08-29 20:00:00
2021,8.0,29.0,21.0,125.53,125.53,2021-08-29 21:00:00
2021,8.0,29.0,22.0,128.41,128.41,2021-08-29 22:00:00
2021,8.0,29.0,23.0,127.39,127.39,2021-08-29 23:00:00
2021,8.0,29.0,24.0,125.6,125.6,2021-08-30 00:00:00
2021,8.0,30.0,1.0,122.81,122.81,2021-08-30 01:00:00
2021,8.0,30.0,2.0,117.41,117.41,2021-08-30 02:00:00
2021,8.0,30.0,3.0,112.31,112.31,2021-08-30 03:00:00
2021,8.0,30.0,4.0,112.31,112.31,2021-08-30 04:00:00
2021,8.0,30.0,5.0,116.51,116.51,2021-08-30 05:00:00
2021,8.0,30.0,6.0,120.95,120.95,2021-08-30 06:00:00
2021,8.0,30.0,7.0,125.0,125.0,2021-08-30 07:00:00
2021,8.0,30.0,8.0,128.02,128.02,2021-08-30 08:00:00
2021,8.0,30.0,9.0,131.92,131.92,2021-08-30 09:00:00
2021,8.0,30.0,10.0,132.92,132.92,2021-08-30 10:00:00
2021,8.0,30.0,11.0,128.53,128.53,2021-08-30 11:00:00
2021,8.0,30.0,12.0,126.1,126.1,2021-08-30 12:00:00
2021,8.0,30.0,13.0,125.05,125.05,2021-08-30 13:00:00
2021,8.0,30.0,14.0,125.05,125.05,2021-08-30 14:00:00
2021,8.0,30.0,15.0,125.01,125.01,2021-08-30 15:00:00
2021,8.0,30.0,16.0,122.53,122.53,2021-08-30 16:00:00
2021,8.0,30.0,17.0,121.72,121.72,2021-08-30 17:00:00
2021,8.0,30.0,18.0,122.81,122.81,2021-08-30 18:00:00
2021,8.0,30.0,19.0,122.81,122.81,2021-08-30 19:00:00
2021,8.0,30.0,20.0,128.48,128.48,2021-08-30 20:00:00
2021,8.0,30.0,21.0,130.04,130.04,2021-08-30 21:00:00
2021,8.0,30.0,22.0,132.82,132.82,2021-08-30 22:00:00
2021,8.0,30.0,23.0,129.14,129.14,2021-08-30 23:00:00
2021,8.0,30.0,24.0,126.58,126.58,2021-08-31 00:00:00
2021,8.0,31.0,1.0,132.22,132.22,2021-08-31 01:00:00
2021,8.0,31.0,2.0,130.0,130.0,2021-08-31 02:00:00
2021,8.0,31.0,3.0,128.9,128.9,2021-08-31 03:00:00
2021,8.0,31.0,4.0,125.95,125.95,2021-08-31 04:00:00
2021,8.0,31.0,5.0,126.53,126.53,2021-08-31 05:00:00
2021,8.0,31.0,6.0,128.45,128.45,2021-08-31 06:00:00
2021,8.0,31.0,7.0,132.24,132.24,2021-08-31 07:00:00
2021,8.0,31.0,8.0,133.47,133.47,2021-08-31 08:00:00
2021,8.0,31.0,9.0,137.02,137.02,2021-08-31 09:00:00
2021,8.0,31.0,10.0,135.84,135.84,2021-08-31 10:00:00
2021,8.0,31.0,11.0,131.45,131.45,2021-08-31 11:00:00
2021,8.0,31.0,12.0,128.9,128.9,2021-08-31 12:00:00
2021,8.0,31.0,13.0,128.45,128.45,2021-08-31 13:00:00
2021,8.0,31.0,14.0,128.95,128.95,2021-08-31 14:00:00
2021,8.0,31.0,15.0,128.95,128.95,2021-08-31 15:00:00
2021,8.0,31.0,16.0,123.48,123.48,2021-08-31 16:00:00
2021,8.0,31.0,17.0,123.35,123.35,2021-08-31 17:00:00
2021,8.0,31.0,18.0,128.0,128.0,2021-08-31 18:00:00
2021,8.0,31.0,19.0,129.46,129.46,2021-08-31 19:00:00
2021,8.0,31.0,20.0,134.07,134.07,2021-08-31 20:00:00
2021,8.0,31.0,21.0,134.9,134.9,2021-08-31 21:00:00
2021,8.0,31.0,22.0,137.46,137.46,2021-08-31 22:00:00
2021,8.0,31.0,23.0,133.47,133.47,2021-08-31 23:00:00
2021,8.0,31.0,24.0,131.22,131.22,2021-09-01 00:00:00
2021,9.0,1.0,1.0,130.95,130.95,2021-09-01 01:00:00
2021,9.0,1.0,2.0,125.26,125.26,2021-09-01 02:00:00
2021,9.0,1.0,3.0,119.45,119.45,2021-09-01 03:00:00
2021,9.0,1.0,4.0,114.74,114.74,2021-09-01 04:00:00
2021,9.0,1.0,5.0,114.76,114.76,2021-09-01 05:00:00
2021,9.0,1.0,6.0,121.15,121.15,2021-09-01 06:00:00
2021,9.0,1.0,7.0,130.95,130.95,2021-09-01 07:00:00
2021,9.0,1.0,8.0,136.31,136.31,2021-09-01 08:00:00
2021,9.0,1.0,9.0,137.92,137.92,2021-09-01 09:00:00
2021,9.0,1.0,10.0,137.61,137.61,2021-09-01 10:00:00
2021,9.0,1.0,11.0,136.05,136.05,2021-09-01 11:00:00
2021,9.0,1.0,12.0,134.93,134.93,2021-09-01 12:00:00
2021,9.0,1.0,13.0,134.93,134.93,2021-09-01 13:00:00
2021,9.0,1.0,14.0,134.97,134.97,2021-09-01 14:00:00
2021,9.0,1.0,15.0,134.93,134.93,2021-09-01 15:00:00
2021,9.0,1.0,16.0,134.41,134.41,2021-09-01 16:00:00
2021,9.0,1.0,17.0,134.93,134.93,2021-09-01 17:00:00
2021,9.0,1.0,18.0,135.12,135.12,2021-09-01 18:00:00
2021,9.0,1.0,19.0,136.31,136.31,2021-09-01 19:00:00
2021,9.0,1.0,20.0,138.41,138.41,2021-09-01 20:00:00
2021,9.0,1.0,21.0,139.16,139.16,2021-09-01 21:00:00
2021,9.0,1.0,22.0,139.95,139.95,2021-09-01 22:00:00
2021,9.0,1.0,23.0,138.42,138.42,2021-09-01 23:00:00
2021,9.0,1.0,24.0,137.54,137.54,2021-09-02 00:00:00
2021,9.0,2.0,1.0,140.6,140.6,2021-09-02 01:00:00
2021,9.0,2.0,2.0,139.75,139.75,2021-09-02 02:00:00
2021,9.0,2.0,3.0,138.6,138.6,2021-09-02 03:00:00
2021,9.0,2.0,4.0,137.78,137.78,2021-09-02 04:00:00
2021,9.0,2.0,5.0,137.78,137.78,2021-09-02 05:00:00
2021,9.0,2.0,6.0,138.31,138.31,2021-09-02 06:00:00
2021,9.0,2.0,7.0,140.0,140.0,2021-09-02 07:00:00
2021,9.0,2.0,8.0,140.82,140.82,2021-09-02 08:00:00
2021,9.0,2.0,9.0,141.62,141.62,2021-09-02 09:00:00
2021,9.0,2.0,10.0,140.72,140.72,2021-09-02 10:00:00
2021,9.0,2.0,11.0,139.9,139.9,2021-09-02 11:00:00
2021,9.0,2.0,12.0,138.31,138.31,2021-09-02 12:00:00
2021,9.0,2.0,13.0,138.6,138.6,2021-09-02 13:00:00
2021,9.0,2.0,14.0,138.91,138.91,2021-09-02 14:00:00
2021,9.0,2.0,15.0,138.6,138.6,2021-09-02 15:00:00
2021,9.0,2.0,16.0,137.78,137.78,2021-09-02 16:00:00
2021,9.0,2.0,17.0,137.45,137.45,2021-09-02 17:00:00
2021,9.0,2.0,18.0,138.06,138.06,2021-09-02 18:00:00
2021,9.0,2.0,19.0,139.21,139.21,2021-09-02 19:00:00
2021,9.0,2.0,20.0,143.41,143.41,2021-09-02 20:00:00
2021,9.0,2.0,21.0,144.35,144.35,2021-09-02 21:00:00
2021,9.0,2.0,22.0,148.0,148.0,2021-09-02 22:00:00
2021,9.0,2.0,23.0,145.0,145.0,2021-09-02 23:00:00
2021,9.0,2.0,24.0,141.89,141.89,2021-09-03 00:00:00
2021,9.0,3.0,1.0,143.66,143.66,2021-09-03 01:00:00
2021,9.0,3.0,2.0,141.0,141.0,2021-09-03 02:00:00
2021,9.0,3.0,3.0,140.0,140.0,2021-09-03 03:00:00
2021,9.0,3.0,4.0,139.95,139.95,2021-09-03 04:00:00
2021,9.0,3.0,5.0,139.27,139.27,2021-09-03 05:00:00
2021,9.0,3.0,6.0,139.49,139.49,2021-09-03 06:00:00
2021,9.0,3.0,7.0,140.27,140.27,2021-09-03 07:00:00
2021,9.0,3.0,8.0,142.96,142.96,2021-09-03 08:00:00
2021,9.0,3.0,9.0,143.66,143.66,2021-09-03 09:00:00
2021,9.0,3.0,10.0,142.35,142.35,2021-09-03 10:00:00
2021,9.0,3.0,11.0,140.0,140.0,2021-09-03 11:00:00
2021,9.0,3.0,12.0,136.85,136.85,2021-09-03 12:00:00
2021,9.0,3.0,13.0,131.55,131.55,2021-09-03 13:00:00
2021,9.0,3.0,14.0,133.01,133.01,2021-09-03 14:00:00
2021,9.0,3.0,15.0,127.12,127.12,2021-09-03 15:00:00
2021,9.0,3.0,16.0,121.75,121.75,2021-09-03 16:00:00
2021,9.0,3.0,17.0,119.42,119.42,2021-09-03 17:00:00
2021,9.0,3.0,18.0,122.0,122.0,2021-09-03 18:00:00
2021,9.0,3.0,19.0,136.74,136.74,2021-09-03 19:00:00
2021,9.0,3.0,20.0,143.93,143.93,2021-09-03 20:00:00
2021,9.0,3.0,21.0,144.63,144.63,2021-09-03 21:00:00
2021,9.0,3.0,22.0,147.57,147.57,2021-09-03 22:00:00
2021,9.0,3.0,23.0,145.37,145.37,2021-09-03 23:00:00
2021,9.0,3.0,24.0,142.25,142.25,2021-09-04 00:00:00
2021,9.0,4.0,1.0,150.0,150.0,2021-09-04 01:00:00
2021,9.0,4.0,2.0,149.66,149.66,2021-09-04 02:00:00
2021,9.0,4.0,3.0,148.2,148.2,2021-09-04 03:00:00
2021,9.0,4.0,4.0,147.52,147.52,2021-09-04 04:00:00
2021,9.0,4.0,5.0,147.35,147.35,2021-09-04 05:00:00
2021,9.0,4.0,6.0,146.62,146.62,2021-09-04 06:00:00
2021,9.0,4.0,7.0,147.35,147.35,2021-09-04 07:00:00
2021,9.0,4.0,8.0,147.52,147.52,2021-09-04 08:00:00
2021,9.0,4.0,9.0,144.5,144.5,2021-09-04 09:00:00
2021,9.0,4.0,10.0,139.85,139.85,2021-09-04 10:00:00
2021,9.0,4.0,11.0,120.01,120.01,2021-09-04 11:00:00
2021,9.0,4.0,12.0,115.01,115.01,2021-09-04 12:00:00
2021,9.0,4.0,13.0,114.2,114.2,2021-09-04 13:00:00
2021,9.0,4.0,14.0,113.7,113.7,2021-09-04 14:00:00
2021,9.0,4.0,15.0,110.92,110.92,2021-09-04 15:00:00
2021,9.0,4.0,16.0,106.32,106.32,2021-09-04 16:00:00
2021,9.0,4.0,17.0,106.3,106.3,2021-09-04 17:00:00
2021,9.0,4.0,18.0,107.54,107.54,2021-09-04 18:00:00
2021,9.0,4.0,19.0,127.33,127.33,2021-09-04 19:00:00
2021,9.0,4.0,20.0,146.5,146.5,2021-09-04 20:00:00
2021,9.0,4.0,21.0,150.01,150.01,2021-09-04 21:00:00
2021,9.0,4.0,22.0,152.27,152.27,2021-09-04 22:00:00
2021,9.0,4.0,23.0,150.01,150.01,2021-09-04 23:00:00
2021,9.0,4.0,24.0,148.78,148.78,2021-09-05 00:00:00
2021,9.0,5.0,1.0,149.2,149.2,2021-09-05 01:00:00
2021,9.0,5.0,2.0,147.13,147.13,2021-09-05 02:00:00
2021,9.0,5.0,3.0,140.86,140.86,2021-09-05 03:00:00
2021,9.0,5.0,4.0,136.33,136.33,2021-09-05 04:00:00
2021,9.0,5.0,5.0,133.24,133.24,2021-09-05 05:00:00
2021,9.0,5.0,6.0,136.33,136.33,2021-09-05 06:00:00
2021,9.0,5.0,7.0,136.85,136.85,2021-09-05 07:00:00
2021,9.0,5.0,8.0,135.0,135.0,2021-09-05 08:00:00
2021,9.0,5.0,9.0,129.05,129.05,2021-09-05 09:00:00
2021,9.0,5.0,10.0,115.28,115.28,2021-09-05 10:00:00
2021,9.0,5.0,11.0,107.87,107.87,2021-09-05 11:00:00
2021,9.0,5.0,12.0,106.67,106.67,2021-09-05 12:00:00
2021,9.0,5.0,13.0,104.2,104.2,2021-09-05 13:00:00
2021,9.0,5.0,14.0,106.25,106.25,2021-09-05 14:00:00
2021,9.0,5.0,15.0,107.0,107.0,2021-09-05 15:00:00
2021,9.0,5.0,16.0,105.36,105.36,2021-09-05 16:00:00
2021,9.0,5.0,17.0,106.12,106.12,2021-09-05 17:00:00
2021,9.0,5.0,18.0,107.22,107.22,2021-09-05 18:00:00
2021,9.0,5.0,19.0,127.45,127.45,2021-09-05 19:00:00
2021,9.0,5.0,20.0,142.0,142.0,2021-09-05 20:00:00
2021,9.0,5.0,21.0,150.59,150.59,2021-09-05 21:00:00
2021,9.0,5.0,22.0,155.0,155.0,2021-09-05 22:00:00
2021,9.0,5.0,23.0,153.71,153.71,2021-09-05 23:00:00
2021,9.0,5.0,24.0,150.0,150.0,2021-09-06 00:00:00
2021,9.0,6.0,1.0,140.0,140.0,2021-09-06 01:00:00
2021,9.0,6.0,2.0,127.37,127.37,2021-09-06 02:00:00
2021,9.0,6.0,3.0,115.87,115.87,2021-09-06 03:00:00
2021,9.0,6.0,4.0,108.52,108.52,2021-09-06 04:00:00
2021,9.0,6.0,5.0,108.52,108.52,2021-09-06 05:00:00
2021,9.0,6.0,6.0,110.0,110.0,2021-09-06 06:00:00
2021,9.0,6.0,7.0,135.97,135.97,2021-09-06 07:00:00
2021,9.0,6.0,8.0,144.03,144.03,2021-09-06 08:00:00
2021,9.0,6.0,9.0,146.0,146.0,2021-09-06 09:00:00
2021,9.0,6.0,10.0,139.26,139.26,2021-09-06 10:00:00
2021,9.0,6.0,11.0,135.0,135.0,2021-09-06 11:00:00
2021,9.0,6.0,12.0,134.75,134.75,2021-09-06 12:00:00
2021,9.0,6.0,13.0,130.41,130.41,2021-09-06 13:00:00
2021,9.0,6.0,14.0,126.4,126.4,2021-09-06 14:00:00
2021,9.0,6.0,15.0,124.77,124.77,2021-09-06 15:00:00
2021,9.0,6.0,16.0,124.41,124.41,2021-09-06 16:00:00
2021,9.0,6.0,17.0,128.67,128.67,2021-09-06 17:00:00
2021,9.0,6.0,18.0,137.73,137.73,2021-09-06 18:00:00
2021,9.0,6.0,19.0,148.52,148.52,2021-09-06 19:00:00
2021,9.0,6.0,20.0,153.63,153.63,2021-09-06 20:00:00
2021,9.0,6.0,21.0,152.88,152.88,2021-09-06 21:00:00
2021,9.0,6.0,22.0,150.5,150.5,2021-09-06 22:00:00
2021,9.0,6.0,23.0,140.0,140.0,2021-09-06 23:00:00
2021,9.0,6.0,24.0,120.27,120.27,2021-09-07 00:00:00
2021,9.0,7.0,1.0,130.0,130.0,2021-09-07 01:00:00
2021,9.0,7.0,2.0,112.0,112.0,2021-09-07 02:00:00
2021,9.0,7.0,3.0,108.52,108.52,2021-09-07 03:00:00
2021,9.0,7.0,4.0,105.64,105.64,2021-09-07 04:00:00
2021,9.0,7.0,5.0,105.1,105.1,2021-09-07 05:00:00
2021,9.0,7.0,6.0,107.74,107.74,2021-09-07 06:00:00
2021,9.0,7.0,7.0,124.76,124.76,2021-09-07 07:00:00
2021,9.0,7.0,8.0,142.8,142.8,2021-09-07 08:00:00
2021,9.0,7.0,9.0,149.58,149.58,2021-09-07 09:00:00
2021,9.0,7.0,10.0,142.5,142.5,2021-09-07 10:00:00
2021,9.0,7.0,11.0,134.51,134.51,2021-09-07 11:00:00
2021,9.0,7.0,12.0,120.07,120.07,2021-09-07 12:00:00
2021,9.0,7.0,13.0,111.71,111.71,2021-09-07 13:00:00
2021,9.0,7.0,14.0,108.84,108.84,2021-09-07 14:00:00
2021,9.0,7.0,15.0,108.28,108.28,2021-09-07 15:00:00
2021,9.0,7.0,16.0,107.98,107.98,2021-09-07 16:00:00
2021,9.0,7.0,17.0,113.07,113.07,2021-09-07 17:00:00
2021,9.0,7.0,18.0,134.28,134.28,2021-09-07 18:00:00
2021,9.0,7.0,19.0,140.97,140.97,2021-09-07 19:00:00
2021,9.0,7.0,20.0,149.12,149.12,2021-09-07 20:00:00
2021,9.0,7.0,21.0,153.45,153.45,2021-09-07 21:00:00
2021,9.0,7.0,22.0,153.4,153.4,2021-09-07 22:00:00
2021,9.0,7.0,23.0,150.03,150.03,2021-09-07 23:00:00
2021,9.0,7.0,24.0,142.19,142.19,2021-09-08 00:00:00
2021,9.0,8.0,1.0,140.28,140.28,2021-09-08 01:00:00
2021,9.0,8.0,2.0,135.0,135.0,2021-09-08 02:00:00
2021,9.0,8.0,3.0,130.0,130.0,2021-09-08 03:00:00
2021,9.0,8.0,4.0,124.0,124.0,2021-09-08 04:00:00
2021,9.0,8.0,5.0,124.6,124.6,2021-09-08 05:00:00
2021,9.0,8.0,6.0,130.0,130.0,2021-09-08 06:00:00
2021,9.0,8.0,7.0,137.49,137.49,2021-09-08 07:00:00
2021,9.0,8.0,8.0,143.4,143.4,2021-09-08 08:00:00
2021,9.0,8.0,9.0,146.05,146.05,2021-09-08 09:00:00
2021,9.0,8.0,10.0,144.74,144.74,2021-09-08 10:00:00
2021,9.0,8.0,11.0,139.12,139.12,2021-09-08 11:00:00
2021,9.0,8.0,12.0,135.99,135.99,2021-09-08 12:00:00
2021,9.0,8.0,13.0,133.84,133.84,2021-09-08 13:00:00
2021,9.0,8.0,14.0,129.48,129.48,2021-09-08 14:00:00
2021,9.0,8.0,15.0,116.3,116.3,2021-09-08 15:00:00
2021,9.0,8.0,16.0,109.08,109.08,2021-09-08 16:00:00
2021,9.0,8.0,17.0,117.52,117.52,2021-09-08 17:00:00
2021,9.0,8.0,18.0,136.03,136.03,2021-09-08 18:00:00
2021,9.0,8.0,19.0,141.09,141.09,2021-09-08 19:00:00
2021,9.0,8.0,20.0,150.0,150.0,2021-09-08 20:00:00
2021,9.0,8.0,21.0,152.36,152.36,2021-09-08 21:00:00
2021,9.0,8.0,22.0,152.36,152.36,2021-09-08 22:00:00
2021,9.0,8.0,23.0,149.37,149.37,2021-09-08 23:00:00
2021,9.0,8.0,24.0,137.6,137.6,2021-09-09 00:00:00
2021,9.0,9.0,1.0,143.58,143.58,2021-09-09 01:00:00
2021,9.0,9.0,2.0,135.7,135.7,2021-09-09 02:00:00
2021,9.0,9.0,3.0,128.9,128.9,2021-09-09 03:00:00
2021,9.0,9.0,4.0,121.98,121.98,2021-09-09 04:00:00
2021,9.0,9.0,5.0,120.92,120.92,2021-09-09 05:00:00
2021,9.0,9.0,6.0,123.69,123.69,2021-09-09 06:00:00
2021,9.0,9.0,7.0,139.37,139.37,2021-09-09 07:00:00
2021,9.0,9.0,8.0,148.05,148.05,2021-09-09 08:00:00
2021,9.0,9.0,9.0,149.43,149.43,2021-09-09 09:00:00
2021,9.0,9.0,10.0,145.73,145.73,2021-09-09 10:00:00
2021,9.0,9.0,11.0,144.01,144.01,2021-09-09 11:00:00
2021,9.0,9.0,12.0,143.4,143.4,2021-09-09 12:00:00
2021,9.0,9.0,13.0,143.58,143.58,2021-09-09 13:00:00
2021,9.0,9.0,14.0,144.8,144.8,2021-09-09 14:00:00
2021,9.0,9.0,15.0,141.1,141.1,2021-09-09 15:00:00
2021,9.0,9.0,16.0,138.5,138.5,2021-09-09 16:00:00
2021,9.0,9.0,17.0,137.0,137.0,2021-09-09 17:00:00
2021,9.0,9.0,18.0,143.19,143.19,2021-09-09 18:00:00
2021,9.0,9.0,19.0,147.51,147.51,2021-09-09 19:00:00
2021,9.0,9.0,20.0,154.38,154.38,2021-09-09 20:00:00
2021,9.0,9.0,21.0,155.62,155.62,2021-09-09 21:00:00
2021,9.0,9.0,22.0,154.46,154.46,2021-09-09 22:00:00
2021,9.0,9.0,23.0,151.0,151.0,2021-09-09 23:00:00
2021,9.0,9.0,24.0,145.2,145.2,2021-09-10 00:00:00
2021,9.0,10.0,1.0,155.62,155.62,2021-09-10 01:00:00
2021,9.0,10.0,2.0,152.0,152.0,2021-09-10 02:00:00
2021,9.0,10.0,3.0,149.41,149.41,2021-09-10 03:00:00
2021,9.0,10.0,4.0,148.08,148.08,2021-09-10 04:00:00
2021,9.0,10.0,5.0,146.29,146.29,2021-09-10 05:00:00
2021,9.0,10.0,6.0,148.68,148.68,2021-09-10 06:00:00
2021,9.0,10.0,7.0,150.38,150.38,2021-09-10 07:00:00
2021,9.0,10.0,8.0,158.07,158.07,2021-09-10 08:00:00
2021,9.0,10.0,9.0,159.31,159.31,2021-09-10 09:00:00
2021,9.0,10.0,10.0,156.66,156.66,2021-09-10 10:00:00
2021,9.0,10.0,11.0,153.11,153.11,2021-09-10 11:00:00
2021,9.0,10.0,12.0,150.0,150.0,2021-09-10 12:00:00
2021,9.0,10.0,13.0,150.0,150.0,2021-09-10 13:00:00
2021,9.0,10.0,14.0,150.0,150.0,2021-09-10 14:00:00
2021,9.0,10.0,15.0,149.76,149.76,2021-09-10 15:00:00
2021,9.0,10.0,16.0,147.51,147.51,2021-09-10 16:00:00
2021,9.0,10.0,17.0,146.29,146.29,2021-09-10 17:00:00
2021,9.0,10.0,18.0,148.4,148.4,2021-09-10 18:00:00
2021,9.0,10.0,19.0,149.76,149.76,2021-09-10 19:00:00
2021,9.0,10.0,20.0,156.66,156.66,2021-09-10 20:00:00
2021,9.0,10.0,21.0,159.31,159.31,2021-09-10 21:00:00
2021,9.0,10.0,22.0,159.3,159.3,2021-09-10 22:00:00
2021,9.0,10.0,23.0,157.07,157.07,2021-09-10 23:00:00
2021,9.0,10.0,24.0,154.0,154.0,2021-09-11 00:00:00
2021,9.0,11.0,1.0,156.51,156.51,2021-09-11 01:00:00
2021,9.0,11.0,2.0,156.05,156.05,2021-09-11 02:00:00
2021,9.0,11.0,3.0,155.03,155.03,2021-09-11 03:00:00
2021,9.0,11.0,4.0,155.03,155.03,2021-09-11 04:00:00
2021,9.0,11.0,5.0,155.57,155.57,2021-09-11 05:00:00
2021,9.0,11.0,6.0,155.47,155.47,2021-09-11 06:00:00
2021,9.0,11.0,7.0,155.27,155.27,2021-09-11 07:00:00
2021,9.0,11.0,8.0,156.34,156.34,2021-09-11 08:00:00
2021,9.0,11.0,9.0,156.26,156.26,2021-09-11 09:00:00
2021,9.0,11.0,10.0,156.0,156.0,2021-09-11 10:00:00
2021,9.0,11.0,11.0,154.85,154.85,2021-09-11 11:00:00
2021,9.0,11.0,12.0,150.0,150.0,2021-09-11 12:00:00
2021,9.0,11.0,13.0,147.2,147.2,2021-09-11 13:00:00
2021,9.0,11.0,14.0,142.56,142.56,2021-09-11 14:00:00
2021,9.0,11.0,15.0,140.01,140.01,2021-09-11 15:00:00
2021,9.0,11.0,16.0,121.79,121.79,2021-09-11 16:00:00
2021,9.0,11.0,17.0,120.48,120.48,2021-09-11 17:00:00
2021,9.0,11.0,18.0,133.73,133.73,2021-09-11 18:00:00
2021,9.0,11.0,19.0,148.3,148.3,2021-09-11 19:00:00
2021,9.0,11.0,20.0,156.2,156.2,2021-09-11 20:00:00
2021,9.0,11.0,21.0,161.29,161.29,2021-09-11 21:00:00
2021,9.0,11.0,22.0,165.0,165.0,2021-09-11 22:00:00
2021,9.0,11.0,23.0,161.25,161.25,2021-09-11 23:00:00
2021,9.0,11.0,24.0,158.51,158.51,2021-09-12 00:00:00
2021,9.0,12.0,1.0,162.69,162.69,2021-09-12 01:00:00
2021,9.0,12.0,2.0,160.03,160.03,2021-09-12 02:00:00
2021,9.0,12.0,3.0,159.83,159.83,2021-09-12 03:00:00
2021,9.0,12.0,4.0,159.31,159.31,2021-09-12 04:00:00
2021,9.0,12.0,5.0,158.76,158.76,2021-09-12 05:00:00
2021,9.0,12.0,6.0,156.51,156.51,2021-09-12 06:00:00
2021,9.0,12.0,7.0,156.51,156.51,2021-09-12 07:00:00
2021,9.0,12.0,8.0,156.34,156.34,2021-09-12 08:00:00
2021,9.0,12.0,9.0,152.33,152.33,2021-09-12 09:00:00
2021,9.0,12.0,10.0,150.76,150.76,2021-09-12 10:00:00
2021,9.0,12.0,11.0,127.0,127.0,2021-09-12 11:00:00
2021,9.0,12.0,12.0,117.02,117.02,2021-09-12 12:00:00
2021,9.0,12.0,13.0,116.27,116.27,2021-09-12 13:00:00
2021,9.0,12.0,14.0,116.3,116.3,2021-09-12 14:00:00
2021,9.0,12.0,15.0,116.3,116.3,2021-09-12 15:00:00
2021,9.0,12.0,16.0,110.02,110.02,2021-09-12 16:00:00
2021,9.0,12.0,17.0,110.01,110.01,2021-09-12 17:00:00
2021,9.0,12.0,18.0,115.72,115.72,2021-09-12 18:00:00
2021,9.0,12.0,19.0,140.28,140.28,2021-09-12 19:00:00
2021,9.0,12.0,20.0,157.86,157.86,2021-09-12 20:00:00
2021,9.0,12.0,21.0,164.8,164.8,2021-09-12 21:00:00
2021,9.0,12.0,22.0,167.53,167.53,2021-09-12 22:00:00
2021,9.0,12.0,23.0,165.09,165.09,2021-09-12 23:00:00
2021,9.0,12.0,24.0,163.0,163.0,2021-09-13 00:00:00
2021,9.0,13.0,1.0,157.77,157.77,2021-09-13 01:00:00
2021,9.0,13.0,2.0,154.98,154.98,2021-09-13 02:00:00
2021,9.0,13.0,3.0,148.22,148.22,2021-09-13 03:00:00
2021,9.0,13.0,4.0,138.28,138.28,2021-09-13 04:00:00
2021,9.0,13.0,5.0,125.0,125.0,2021-09-13 05:00:00
2021,9.0,13.0,6.0,125.0,125.0,2021-09-13 06:00:00
2021,9.0,13.0,7.0,152.08,152.08,2021-09-13 07:00:00
2021,9.0,13.0,8.0,157.7,157.7,2021-09-13 08:00:00
2021,9.0,13.0,9.0,159.19,159.19,2021-09-13 09:00:00
2021,9.0,13.0,10.0,157.0,157.0,2021-09-13 10:00:00
2021,9.0,13.0,11.0,154.77,154.77,2021-09-13 11:00:00
2021,9.0,13.0,12.0,156.34,156.34,2021-09-13 12:00:00
2021,9.0,13.0,13.0,156.52,156.52,2021-09-13 13:00:00
2021,9.0,13.0,14.0,155.83,155.83,2021-09-13 14:00:00
2021,9.0,13.0,15.0,154.71,154.71,2021-09-13 15:00:00
2021,9.0,13.0,16.0,151.03,151.03,2021-09-13 16:00:00
2021,9.0,13.0,17.0,152.72,152.72,2021-09-13 17:00:00
2021,9.0,13.0,18.0,159.09,159.09,2021-09-13 18:00:00
2021,9.0,13.0,19.0,166.5,166.5,2021-09-13 19:00:00
2021,9.0,13.0,20.0,169.24,169.24,2021-09-13 20:00:00
2021,9.0,13.0,21.0,170.0,170.0,2021-09-13 21:00:00
2021,9.0,13.0,22.0,165.0,165.0,2021-09-13 22:00:00
2021,9.0,13.0,23.0,158.28,158.28,2021-09-13 23:00:00
2021,9.0,13.0,24.0,154.51,154.51,2021-09-14 00:00:00
2021,9.0,14.0,1.0,122.23,122.23,2021-09-14 01:00:00
2021,9.0,14.0,2.0,121.59,121.59,2021-09-14 02:00:00
2021,9.0,14.0,3.0,119.97,119.97,2021-09-14 03:00:00
2021,9.0,14.0,4.0,119.95,119.95,2021-09-14 04:00:00
2021,9.0,14.0,5.0,119.95,119.95,2021-09-14 05:00:00
2021,9.0,14.0,6.0,122.03,122.03,2021-09-14 06:00:00
2021,9.0,14.0,7.0,148.52,148.52,2021-09-14 07:00:00
2021,9.0,14.0,8.0,162.38,162.38,2021-09-14 08:00:00
2021,9.0,14.0,9.0,168.01,168.01,2021-09-14 09:00:00
2021,9.0,14.0,10.0,162.9,162.9,2021-09-14 10:00:00
2021,9.0,14.0,11.0,162.38,162.38,2021-09-14 11:00:00
2021,9.0,14.0,12.0,163.74,163.74,2021-09-14 12:00:00
2021,9.0,14.0,13.0,165.0,165.0,2021-09-14 13:00:00
2021,9.0,14.0,14.0,163.74,163.74,2021-09-14 14:00:00
2021,9.0,14.0,15.0,162.38,162.38,2021-09-14 15:00:00
2021,9.0,14.0,16.0,161.09,161.09,2021-09-14 16:00:00
2021,9.0,14.0,17.0,162.01,162.01,2021-09-14 17:00:00
2021,9.0,14.0,18.0,164.72,164.72,2021-09-14 18:00:00
2021,9.0,14.0,19.0,170.07,170.07,2021-09-14 19:00:00
2021,9.0,14.0,20.0,171.24,171.24,2021-09-14 20:00:00
2021,9.0,14.0,21.0,171.58,171.58,2021-09-14 21:00:00
2021,9.0,14.0,22.0,171.14,171.14,2021-09-14 22:00:00
2021,9.0,14.0,23.0,165.03,165.03,2021-09-14 23:00:00
2021,9.0,14.0,24.0,160.67,160.67,2021-09-15 00:00:00
2021,9.0,15.0,1.0,172.0,172.0,2021-09-15 01:00:00
2021,9.0,15.0,2.0,168.47,168.47,2021-09-15 02:00:00
2021,9.0,15.0,3.0,162.01,162.01,2021-09-15 03:00:00
2021,9.0,15.0,4.0,160.0,160.0,2021-09-15 04:00:00
2021,9.0,15.0,5.0,160.0,160.0,2021-09-15 05:00:00
2021,9.0,15.0,6.0,162.01,162.01,2021-09-15 06:00:00
2021,9.0,15.0,7.0,166.94,166.94,2021-09-15 07:00:00
2021,9.0,15.0,8.0,177.29,177.29,2021-09-15 08:00:00
2021,9.0,15.0,9.0,180.0,180.0,2021-09-15 09:00:00
2021,9.0,15.0,10.0,180.0,180.0,2021-09-15 10:00:00
2021,9.0,15.0,11.0,180.0,180.0,2021-09-15 11:00:00
2021,9.0,15.0,12.0,178.34,178.34,2021-09-15 12:00:00
2021,9.0,15.0,13.0,180.0,180.0,2021-09-15 13:00:00
2021,9.0,15.0,14.0,175.74,175.74,2021-09-15 14:00:00
2021,9.0,15.0,15.0,175.76,175.76,2021-09-15 15:00:00
2021,9.0,15.0,16.0,175.1,175.1,2021-09-15 16:00:00
2021,9.0,15.0,17.0,175.44,175.44,2021-09-15 17:00:00
2021,9.0,15.0,18.0,175.44,175.44,2021-09-15 18:00:00
2021,9.0,15.0,19.0,175.76,175.76,2021-09-15 19:00:00
2021,9.0,15.0,20.0,180.0,180.0,2021-09-15 20:00:00
2021,9.0,15.0,21.0,180.3,180.3,2021-09-15 21:00:00
2021,9.0,15.0,22.0,176.78,176.78,2021-09-15 22:00:00
2021,9.0,15.0,23.0,170.0,170.0,2021-09-15 23:00:00
2021,9.0,15.0,24.0,159.42,159.42,2021-09-16 00:00:00
2021,9.0,16.0,1.0,192.83,192.83,2021-09-16 01:00:00
2021,9.0,16.0,2.0,187.08,187.08,2021-09-16 02:00:00
2021,9.0,16.0,3.0,180.3,180.3,2021-09-16 03:00:00
2021,9.0,16.0,4.0,180.0,180.0,2021-09-16 04:00:00
2021,9.0,16.0,5.0,180.0,180.0,2021-09-16 05:00:00
2021,9.0,16.0,6.0,180.0,180.0,2021-09-16 06:00:00
2021,9.0,16.0,7.0,185.03,185.03,2021-09-16 07:00:00
2021,9.0,16.0,8.0,194.0,194.0,2021-09-16 08:00:00
2021,9.0,16.0,9.0,197.81,197.81,2021-09-16 09:00:00
2021,9.0,16.0,10.0,193.91,193.91,2021-09-16 10:00:00
2021,9.0,16.0,11.0,186.68,186.68,2021-09-16 11:00:00
2021,9.0,16.0,12.0,186.77,186.77,2021-09-16 12:00:00
2021,9.0,16.0,13.0,186.17,186.17,2021-09-16 13:00:00
2021,9.0,16.0,14.0,186.0,186.0,2021-09-16 14:00:00
2021,9.0,16.0,15.0,186.69,186.69,2021-09-16 15:00:00
2021,9.0,16.0,16.0,181.45,181.45,2021-09-16 16:00:00
2021,9.0,16.0,17.0,180.0,180.0,2021-09-16 17:00:00
2021,9.0,16.0,18.0,180.0,180.0,2021-09-16 18:00:00
2021,9.0,16.0,19.0,188.11,188.11,2021-09-16 19:00:00
2021,9.0,16.0,20.0,197.59,197.59,2021-09-16 20:00:00
2021,9.0,16.0,21.0,198.02,198.02,2021-09-16 21:00:00
2021,9.0,16.0,22.0,198.85,198.85,2021-09-16 22:00:00
2021,9.0,16.0,23.0,195.48,195.48,2021-09-16 23:00:00
2021,9.0,16.0,24.0,193.47,193.47,2021-09-17 00:00:00
2021,9.0,17.0,1.0,175.28,175.28,2021-09-17 01:00:00
2021,9.0,17.0,2.0,172.8,172.8,2021-09-17 02:00:00
2021,9.0,17.0,3.0,161.26,161.26,2021-09-17 03:00:00
2021,9.0,17.0,4.0,159.34,159.34,2021-09-17 04:00:00
2021,9.0,17.0,5.0,157.43,157.43,2021-09-17 05:00:00
2021,9.0,17.0,6.0,160.65,160.65,2021-09-17 06:00:00
2021,9.0,17.0,7.0,172.9,172.9,2021-09-17 07:00:00
2021,9.0,17.0,8.0,181.97,181.97,2021-09-17 08:00:00
2021,9.0,17.0,9.0,188.17,188.17,2021-09-17 09:00:00
2021,9.0,17.0,10.0,182.86,182.86,2021-09-17 10:00:00
2021,9.0,17.0,11.0,175.33,175.33,2021-09-17 11:00:00
2021,9.0,17.0,12.0,167.13,167.13,2021-09-17 12:00:00
2021,9.0,17.0,13.0,160.3,160.3,2021-09-17 13:00:00
2021,9.0,17.0,14.0,140.66,140.66,2021-09-17 14:00:00
2021,9.0,17.0,15.0,140.66,140.66,2021-09-17 15:00:00
2021,9.0,17.0,16.0,140.66,140.66,2021-09-17 16:00:00
2021,9.0,17.0,17.0,140.66,140.66,2021-09-17 17:00:00
2021,9.0,17.0,18.0,165.53,165.53,2021-09-17 18:00:00
2021,9.0,17.0,19.0,175.0,175.0,2021-09-17 19:00:00
2021,9.0,17.0,20.0,181.3,181.3,2021-09-17 20:00:00
2021,9.0,17.0,21.0,185.2,185.2,2021-09-17 21:00:00
2021,9.0,17.0,22.0,179.04,179.04,2021-09-17 22:00:00
2021,9.0,17.0,23.0,172.91,172.91,2021-09-17 23:00:00
2021,9.0,17.0,24.0,153.92,153.92,2021-09-18 00:00:00
2021,9.0,18.0,1.0,181.36,181.36,2021-09-18 01:00:00
2021,9.0,18.0,2.0,178.45,178.45,2021-09-18 02:00:00
2021,9.0,18.0,3.0,171.45,171.45,2021-09-18 03:00:00
2021,9.0,18.0,4.0,159.82,159.82,2021-09-18 04:00:00
2021,9.0,18.0,5.0,155.58,155.58,2021-09-18 05:00:00
2021,9.0,18.0,6.0,157.73,157.73,2021-09-18 06:00:00
2021,9.0,18.0,7.0,172.15,172.15,2021-09-18 07:00:00
2021,9.0,18.0,8.0,165.0,165.0,2021-09-18 08:00:00
2021,9.0,18.0,9.0,165.0,165.0,2021-09-18 09:00:00
2021,9.0,18.0,10.0,165.0,165.0,2021-09-18 10:00:00
2021,9.0,18.0,11.0,145.28,145.28,2021-09-18 11:00:00
2021,9.0,18.0,12.0,139.32,139.32,2021-09-18 12:00:00
2021,9.0,18.0,13.0,139.32,139.32,2021-09-18 13:00:00
2021,9.0,18.0,14.0,140.37,140.37,2021-09-18 14:00:00
2021,9.0,18.0,15.0,135.5,135.5,2021-09-18 15:00:00
2021,9.0,18.0,16.0,126.0,126.0,2021-09-18 16:00:00
2021,9.0,18.0,17.0,125.94,125.94,2021-09-18 17:00:00
2021,9.0,18.0,18.0,136.81,136.81,2021-09-18 18:00:00
2021,9.0,18.0,19.0,160.0,160.0,2021-09-18 19:00:00
2021,9.0,18.0,20.0,179.91,179.91,2021-09-18 20:00:00
2021,9.0,18.0,21.0,180.3,180.3,2021-09-18 21:00:00
2021,9.0,18.0,22.0,187.18,187.18,2021-09-18 22:00:00
2021,9.0,18.0,23.0,181.37,181.37,2021-09-18 23:00:00
2021,9.0,18.0,24.0,176.0,176.0,2021-09-19 00:00:00
2021,9.0,19.0,1.0,167.13,167.13,2021-09-19 01:00:00
2021,9.0,19.0,2.0,161.8,161.8,2021-09-19 02:00:00
2021,9.0,19.0,3.0,161.8,161.8,2021-09-19 03:00:00
2021,9.0,19.0,4.0,161.71,161.71,2021-09-19 04:00:00
2021,9.0,19.0,5.0,161.36,161.36,2021-09-19 05:00:00
2021,9.0,19.0,6.0,161.36,161.36,2021-09-19 06:00:00
2021,9.0,19.0,7.0,161.0,161.0,2021-09-19 07:00:00
2021,9.0,19.0,8.0,162.21,162.21,2021-09-19 08:00:00
2021,9.0,19.0,9.0,151.0,151.0,2021-09-19 09:00:00
2021,9.0,19.0,10.0,133.75,133.75,2021-09-19 10:00:00
2021,9.0,19.0,11.0,137.69,125.49,2021-09-19 11:00:00
2021,9.0,19.0,12.0,139.32,113.8,2021-09-19 12:00:00
2021,9.0,19.0,13.0,139.52,100.0,2021-09-19 13:00:00
2021,9.0,19.0,14.0,139.52,114.1,2021-09-19 14:00:00
2021,9.0,19.0,15.0,139.34,119.95,2021-09-19 15:00:00
2021,9.0,19.0,16.0,139.32,100.0,2021-09-19 16:00:00
2021,9.0,19.0,17.0,137.69,99.99,2021-09-19 17:00:00
2021,9.0,19.0,18.0,136.2,119.42,2021-09-19 18:00:00
2021,9.0,19.0,19.0,142.28,142.28,2021-09-19 19:00:00
2021,9.0,19.0,20.0,167.54,167.54,2021-09-19 20:00:00
2021,9.0,19.0,21.0,182.41,182.41,2021-09-19 21:00:00
2021,9.0,19.0,22.0,187.92,187.92,2021-09-19 22:00:00
2021,9.0,19.0,23.0,183.31,183.31,2021-09-19 23:00:00
2021,9.0,19.0,24.0,178.45,178.45,2021-09-20 00:00:00
2021,9.0,20.0,1.0,155.6,155.6,2021-09-20 01:00:00
2021,9.0,20.0,2.0,142.28,142.28,2021-09-20 02:00:00
2021,9.0,20.0,3.0,140.01,140.01,2021-09-20 03:00:00
2021,9.0,20.0,4.0,139.52,139.52,2021-09-20 04:00:00
2021,9.0,20.0,5.0,139.04,139.04,2021-09-20 05:00:00
2021,9.0,20.0,6.0,138.64,138.64,2021-09-20 06:00:00
2021,9.0,20.0,7.0,161.33,161.33,2021-09-20 07:00:00
2021,9.0,20.0,8.0,181.38,181.38,2021-09-20 08:00:00
2021,9.0,20.0,9.0,188.64,188.64,2021-09-20 09:00:00
2021,9.0,20.0,10.0,180.3,180.3,2021-09-20 10:00:00
2021,9.0,20.0,11.0,172.67,172.67,2021-09-20 11:00:00
2021,9.0,20.0,12.0,162.2,162.2,2021-09-20 12:00:00
2021,9.0,20.0,13.0,155.0,155.0,2021-09-20 13:00:00
2021,9.0,20.0,14.0,149.76,149.76,2021-09-20 14:00:00
2021,9.0,20.0,15.0,142.28,142.28,2021-09-20 15:00:00
2021,9.0,20.0,16.0,145.28,145.28,2021-09-20 16:00:00
2021,9.0,20.0,17.0,142.28,142.28,2021-09-20 17:00:00
2021,9.0,20.0,18.0,143.78,143.78,2021-09-20 18:00:00
2021,9.0,20.0,19.0,146.78,146.78,2021-09-20 19:00:00
2021,9.0,20.0,20.0,181.37,181.37,2021-09-20 20:00:00
2021,9.0,20.0,21.0,185.8,185.8,2021-09-20 21:00:00
2021,9.0,20.0,22.0,180.0,180.0,2021-09-20 22:00:00
2021,9.0,20.0,23.0,154.53,154.53,2021-09-20 23:00:00
2021,9.0,20.0,24.0,133.48,133.48,2021-09-21 00:00:00
2021,9.0,21.0,1.0,130.12,130.12,2021-09-21 01:00:00
2021,9.0,21.0,2.0,128.01,128.01,2021-09-21 02:00:00
2021,9.0,21.0,3.0,121.34,121.34,2021-09-21 03:00:00
2021,9.0,21.0,4.0,121.04,121.04,2021-09-21 04:00:00
2021,9.0,21.0,5.0,120.64,120.64,2021-09-21 05:00:00
2021,9.0,21.0,6.0,128.91,128.91,2021-09-21 06:00:00
2021,9.0,21.0,7.0,149.19,149.19,2021-09-21 07:00:00
2021,9.0,21.0,8.0,184.35,184.35,2021-09-21 08:00:00
2021,9.0,21.0,9.0,190.0,190.0,2021-09-21 09:00:00
2021,9.0,21.0,10.0,176.92,176.92,2021-09-21 10:00:00
2021,9.0,21.0,11.0,160.1,160.1,2021-09-21 11:00:00
2021,9.0,21.0,12.0,151.8,151.8,2021-09-21 12:00:00
2021,9.0,21.0,13.0,145.06,145.06,2021-09-21 13:00:00
2021,9.0,21.0,14.0,132.5,132.5,2021-09-21 14:00:00
2021,9.0,21.0,15.0,129.71,129.71,2021-09-21 15:00:00
2021,9.0,21.0,16.0,128.53,128.53,2021-09-21 16:00:00
2021,9.0,21.0,17.0,132.5,132.5,2021-09-21 17:00:00
2021,9.0,21.0,18.0,150.0,150.0,2021-09-21 18:00:00
2021,9.0,21.0,19.0,164.5,164.5,2021-09-21 19:00:00
2021,9.0,21.0,20.0,187.92,187.92,2021-09-21 20:00:00
2021,9.0,21.0,21.0,190.0,190.0,2021-09-21 21:00:00
2021,9.0,21.0,22.0,186.13,186.13,2021-09-21 22:00:00
2021,9.0,21.0,23.0,164.34,164.34,2021-09-21 23:00:00
2021,9.0,21.0,24.0,132.55,132.55,2021-09-22 00:00:00
2021,9.0,22.0,1.0,160.0,160.0,2021-09-22 01:00:00
2021,9.0,22.0,2.0,150.0,150.0,2021-09-22 02:00:00
2021,9.0,22.0,3.0,147.3,147.3,2021-09-22 03:00:00
2021,9.0,22.0,4.0,150.0,150.0,2021-09-22 04:00:00
2021,9.0,22.0,5.0,160.0,160.0,2021-09-22 05:00:00
2021,9.0,22.0,6.0,172.71,172.71,2021-09-22 06:00:00
2021,9.0,22.0,7.0,181.0,181.0,2021-09-22 07:00:00
2021,9.0,22.0,8.0,190.0,195.0,2021-09-22 08:00:00
2021,9.0,22.0,9.0,190.0,196.57,2021-09-22 09:00:00
2021,9.0,22.0,10.0,185.26,185.26,2021-09-22 10:00:00
2021,9.0,22.0,11.0,180.3,180.3,2021-09-22 11:00:00
2021,9.0,22.0,12.0,167.78,167.78,2021-09-22 12:00:00
2021,9.0,22.0,13.0,179.66,179.66,2021-09-22 13:00:00
2021,9.0,22.0,14.0,180.0,180.0,2021-09-22 14:00:00
2021,9.0,22.0,15.0,177.0,177.0,2021-09-22 15:00:00
2021,9.0,22.0,16.0,160.0,160.0,2021-09-22 16:00:00
2021,9.0,22.0,17.0,162.01,162.01,2021-09-22 17:00:00
2021,9.0,22.0,18.0,179.45,179.45,2021-09-22 18:00:00
2021,9.0,22.0,19.0,183.79,183.79,2021-09-22 19:00:00
2021,9.0,22.0,20.0,195.0,195.0,2021-09-22 20:00:00
2021,9.0,22.0,21.0,196.0,196.0,2021-09-22 21:00:00
2021,9.0,22.0,22.0,195.85,195.85,2021-09-22 22:00:00
2021,9.0,22.0,23.0,185.25,185.25,2021-09-22 23:00:00
2021,9.0,22.0,24.0,181.0,181.0,2021-09-23 00:00:00
2021,9.0,23.0,1.0,162.5,162.5,2021-09-23 01:00:00
2021,9.0,23.0,2.0,140.0,140.0,2021-09-23 02:00:00
2021,9.0,23.0,3.0,133.97,133.97,2021-09-23 03:00:00
2021,9.0,23.0,4.0,132.3,132.3,2021-09-23 04:00:00
2021,9.0,23.0,5.0,132.3,132.3,2021-09-23 05:00:00
2021,9.0,23.0,6.0,133.97,133.97,2021-09-23 06:00:00
2021,9.0,23.0,7.0,165.0,165.0,2021-09-23 07:00:00
2021,9.0,23.0,8.0,176.95,176.95,2021-09-23 08:00:00
2021,9.0,23.0,9.0,184.75,184.75,2021-09-23 09:00:00
2021,9.0,23.0,10.0,180.8,180.8,2021-09-23 10:00:00
2021,9.0,23.0,11.0,176.21,176.21,2021-09-23 11:00:00
2021,9.0,23.0,12.0,175.0,175.0,2021-09-23 12:00:00
2021,9.0,23.0,13.0,175.86,175.86,2021-09-23 13:00:00
2021,9.0,23.0,14.0,175.86,175.86,2021-09-23 14:00:00
2021,9.0,23.0,15.0,170.57,170.57,2021-09-23 15:00:00
2021,9.0,23.0,16.0,135.49,135.49,2021-09-23 16:00:00
2021,9.0,23.0,17.0,134.04,134.04,2021-09-23 17:00:00
2021,9.0,23.0,18.0,170.61,170.61,2021-09-23 18:00:00
2021,9.0,23.0,19.0,175.96,175.96,2021-09-23 19:00:00
2021,9.0,23.0,20.0,187.28,187.28,2021-09-23 20:00:00
2021,9.0,23.0,21.0,192.52,192.52,2021-09-23 21:00:00
2021,9.0,23.0,22.0,191.15,191.15,2021-09-23 22:00:00
2021,9.0,23.0,23.0,185.0,185.0,2021-09-23 23:00:00
2021,9.0,23.0,24.0,176.47,176.47,2021-09-24 00:00:00
2021,9.0,24.0,1.0,167.01,167.01,2021-09-24 01:00:00
2021,9.0,24.0,2.0,158.33,158.33,2021-09-24 02:00:00
2021,9.0,24.0,3.0,149.85,149.85,2021-09-24 03:00:00
2021,9.0,24.0,4.0,148.35,148.35,2021-09-24 04:00:00
2021,9.0,24.0,5.0,153.58,153.58,2021-09-24 05:00:00
2021,9.0,24.0,6.0,155.01,155.01,2021-09-24 06:00:00
2021,9.0,24.0,7.0,167.73,167.73,2021-09-24 07:00:00
2021,9.0,24.0,8.0,178.5,178.5,2021-09-24 08:00:00
2021,9.0,24.0,9.0,182.0,182.0,2021-09-24 09:00:00
2021,9.0,24.0,10.0,181.79,181.79,2021-09-24 10:00:00
2021,9.0,24.0,11.0,178.31,178.31,2021-09-24 11:00:00
2021,9.0,24.0,12.0,178.21,178.21,2021-09-24 12:00:00
2021,9.0,24.0,13.0,177.91,177.91,2021-09-24 13:00:00
2021,9.0,24.0,14.0,178.31,178.31,2021-09-24 14:00:00
2021,9.0,24.0,15.0,178.05,178.05,2021-09-24 15:00:00
2021,9.0,24.0,16.0,174.95,174.95,2021-09-24 16:00:00
2021,9.0,24.0,17.0,177.44,177.44,2021-09-24 17:00:00
2021,9.0,24.0,18.0,178.05,178.05,2021-09-24 18:00:00
2021,9.0,24.0,19.0,174.95,174.95,2021-09-24 19:00:00
2021,9.0,24.0,20.0,182.0,182.0,2021-09-24 20:00:00
2021,9.0,24.0,21.0,190.0,190.0,2021-09-24 21:00:00
2021,9.0,24.0,22.0,188.21,188.21,2021-09-24 22:00:00
2021,9.0,24.0,23.0,179.7,179.7,2021-09-24 23:00:00
2021,9.0,24.0,24.0,172.95,172.95,2021-09-25 00:00:00
2021,9.0,25.0,1.0,185.23,185.23,2021-09-25 01:00:00
2021,9.0,25.0,2.0,185.0,185.0,2021-09-25 02:00:00
2021,9.0,25.0,3.0,180.0,180.0,2021-09-25 03:00:00
2021,9.0,25.0,4.0,174.84,174.84,2021-09-25 04:00:00
2021,9.0,25.0,5.0,168.22,168.22,2021-09-25 05:00:00
2021,9.0,25.0,6.0,167.88,167.88,2021-09-25 06:00:00
2021,9.0,25.0,7.0,168.22,168.22,2021-09-25 07:00:00
2021,9.0,25.0,8.0,179.1,179.1,2021-09-25 08:00:00
2021,9.0,25.0,9.0,178.0,178.0,2021-09-25 09:00:00
2021,9.0,25.0,10.0,180.3,180.3,2021-09-25 10:00:00
2021,9.0,25.0,11.0,175.0,175.0,2021-09-25 11:00:00
2021,9.0,25.0,12.0,163.63,163.63,2021-09-25 12:00:00
2021,9.0,25.0,13.0,153.01,153.01,2021-09-25 13:00:00
2021,9.0,25.0,14.0,130.03,130.03,2021-09-25 14:00:00
2021,9.0,25.0,15.0,125.99,125.99,2021-09-25 15:00:00
2021,9.0,25.0,16.0,135.14,114.96,2021-09-25 16:00:00
2021,9.0,25.0,17.0,135.14,125.99,2021-09-25 17:00:00
2021,9.0,25.0,18.0,151.71,151.71,2021-09-25 18:00:00
2021,9.0,25.0,19.0,173.07,173.07,2021-09-25 19:00:00
2021,9.0,25.0,20.0,185.85,185.85,2021-09-25 20:00:00
2021,9.0,25.0,21.0,188.17,188.17,2021-09-25 21:00:00
2021,9.0,25.0,22.0,188.0,188.0,2021-09-25 22:00:00
2021,9.0,25.0,23.0,182.44,182.44,2021-09-25 23:00:00
2021,9.0,25.0,24.0,167.98,167.98,2021-09-26 00:00:00
2021,9.0,26.0,1.0,180.0,180.0,2021-09-26 01:00:00
2021,9.0,26.0,2.0,168.66,168.66,2021-09-26 02:00:00
2021,9.0,26.0,3.0,164.02,164.02,2021-09-26 03:00:00
2021,9.0,26.0,4.0,155.44,155.44,2021-09-26 04:00:00
2021,9.0,26.0,5.0,155.44,155.44,2021-09-26 05:00:00
2021,9.0,26.0,6.0,155.44,155.44,2021-09-26 06:00:00
2021,9.0,26.0,7.0,165.77,165.77,2021-09-26 07:00:00
2021,9.0,26.0,8.0,174.36,174.36,2021-09-26 08:00:00
2021,9.0,26.0,9.0,173.44,173.44,2021-09-26 09:00:00
2021,9.0,26.0,10.0,165.77,165.77,2021-09-26 10:00:00
2021,9.0,26.0,11.0,153.53,153.53,2021-09-26 11:00:00
2021,9.0,26.0,12.0,139.27,130.0,2021-09-26 12:00:00
2021,9.0,26.0,13.0,135.2,129.47,2021-09-26 13:00:00
2021,9.0,26.0,14.0,138.6,138.6,2021-09-26 14:00:00
2021,9.0,26.0,15.0,135.14,135.14,2021-09-26 15:00:00
2021,9.0,26.0,16.0,135.14,126.0,2021-09-26 16:00:00
2021,9.0,26.0,17.0,134.1,115.0,2021-09-26 17:00:00
2021,9.0,26.0,18.0,137.36,137.36,2021-09-26 18:00:00
2021,9.0,26.0,19.0,170.8,170.8,2021-09-26 19:00:00
2021,9.0,26.0,20.0,185.85,185.85,2021-09-26 20:00:00
2021,9.0,26.0,21.0,194.0,194.0,2021-09-26 21:00:00
2021,9.0,26.0,22.0,199.0,199.0,2021-09-26 22:00:00
2021,9.0,26.0,23.0,190.32,190.32,2021-09-26 23:00:00
2021,9.0,26.0,24.0,186.57,186.57,2021-09-27 00:00:00
2021,9.0,27.0,1.0,170.76,170.76,2021-09-27 01:00:00
2021,9.0,27.0,2.0,154.58,154.58,2021-09-27 02:00:00
2021,9.0,27.0,3.0,140.92,140.92,2021-09-27 03:00:00
2021,9.0,27.0,4.0,138.6,138.6,2021-09-27 04:00:00
2021,9.0,27.0,5.0,139.59,139.59,2021-09-27 05:00:00
2021,9.0,27.0,6.0,140.92,140.92,2021-09-27 06:00:00
2021,9.0,27.0,7.0,174.36,174.36,2021-09-27 07:00:00
2021,9.0,27.0,8.0,184.73,184.73,2021-09-27 08:00:00
2021,9.0,27.0,9.0,190.84,190.84,2021-09-27 09:00:00
2021,9.0,27.0,10.0,187.8,187.8,2021-09-27 10:00:00
2021,9.0,27.0,11.0,184.34,184.34,2021-09-27 11:00:00
2021,9.0,27.0,12.0,182.59,182.59,2021-09-27 12:00:00
2021,9.0,27.0,13.0,180.0,180.0,2021-09-27 13:00:00
2021,9.0,27.0,14.0,180.01,180.01,2021-09-27 14:00:00
2021,9.0,27.0,15.0,178.54,178.54,2021-09-27 15:00:00
2021,9.0,27.0,16.0,176.95,176.95,2021-09-27 16:00:00
2021,9.0,27.0,17.0,174.36,174.36,2021-09-27 17:00:00
2021,9.0,27.0,18.0,180.0,180.0,2021-09-27 18:00:00
2021,9.0,27.0,19.0,181.0,181.0,2021-09-27 19:00:00
2021,9.0,27.0,20.0,187.94,187.94,2021-09-27 20:00:00
2021,9.0,27.0,21.0,195.26,195.26,2021-09-27 21:00:00
2021,9.0,27.0,22.0,195.26,195.26,2021-09-27 22:00:00
2021,9.0,27.0,23.0,190.0,190.0,2021-09-27 23:00:00
2021,9.0,27.0,24.0,183.05,183.05,2021-09-28 00:00:00
2021,9.0,28.0,1.0,189.86,189.86,2021-09-28 01:00:00
2021,9.0,28.0,2.0,188.36,188.36,2021-09-28 02:00:00
2021,9.0,28.0,3.0,185.99,185.99,2021-09-28 03:00:00
2021,9.0,28.0,4.0,180.98,180.98,2021-09-28 04:00:00
2021,9.0,28.0,5.0,180.98,180.98,2021-09-28 05:00:00
2021,9.0,28.0,6.0,186.08,186.08,2021-09-28 06:00:00
2021,9.0,28.0,7.0,188.0,188.0,2021-09-28 07:00:00
2021,9.0,28.0,8.0,190.99,190.99,2021-09-28 08:00:00
2021,9.0,28.0,9.0,195.1,195.1,2021-09-28 09:00:00
2021,9.0,28.0,10.0,190.8,190.8,2021-09-28 10:00:00
2021,9.0,28.0,11.0,188.0,188.0,2021-09-28 11:00:00
2021,9.0,28.0,12.0,184.7,184.7,2021-09-28 12:00:00
2021,9.0,28.0,13.0,180.49,180.49,2021-09-28 13:00:00
2021,9.0,28.0,14.0,180.0,180.0,2021-09-28 14:00:00
2021,9.0,28.0,15.0,171.76,171.76,2021-09-28 15:00:00
2021,9.0,28.0,16.0,154.58,154.58,2021-09-28 16:00:00
2021,9.0,28.0,17.0,165.0,165.0,2021-09-28 17:00:00
2021,9.0,28.0,18.0,180.1,180.1,2021-09-28 18:00:00
2021,9.0,28.0,19.0,187.85,187.85,2021-09-28 19:00:00
2021,9.0,28.0,20.0,189.97,189.97,2021-09-28 20:00:00
2021,9.0,28.0,21.0,195.33,195.33,2021-09-28 21:00:00
2021,9.0,28.0,22.0,189.86,189.86,2021-09-28 22:00:00
2021,9.0,28.0,23.0,185.74,185.74,2021-09-28 23:00:00
2021,9.0,28.0,24.0,154.58,154.58,2021-09-29 00:00:00
2021,9.0,29.0,1.0,183.0,183.0,2021-09-29 01:00:00
2021,9.0,29.0,2.0,173.8,173.8,2021-09-29 02:00:00
2021,9.0,29.0,3.0,173.95,173.95,2021-09-29 03:00:00
2021,9.0,29.0,4.0,167.01,167.01,2021-09-29 04:00:00
2021,9.0,29.0,5.0,175.0,175.0,2021-09-29 05:00:00
2021,9.0,29.0,6.0,180.45,180.45,2021-09-29 06:00:00
2021,9.0,29.0,7.0,193.57,193.57,2021-09-29 07:00:00
2021,9.0,29.0,8.0,200.01,200.01,2021-09-29 08:00:00
2021,9.0,29.0,9.0,204.51,204.51,2021-09-29 09:00:00
2021,9.0,29.0,10.0,200.0,200.0,2021-09-29 10:00:00
2021,9.0,29.0,11.0,193.87,193.87,2021-09-29 11:00:00
2021,9.0,29.0,12.0,187.01,187.01,2021-09-29 12:00:00
2021,9.0,29.0,13.0,188.9,188.9,2021-09-29 13:00:00
2021,9.0,29.0,14.0,190.81,190.81,2021-09-29 14:00:00
2021,9.0,29.0,15.0,188.9,188.9,2021-09-29 15:00:00
2021,9.0,29.0,16.0,185.5,185.5,2021-09-29 16:00:00
2021,9.0,29.0,17.0,185.16,185.16,2021-09-29 17:00:00
2021,9.0,29.0,18.0,188.89,188.89,2021-09-29 18:00:00
2021,9.0,29.0,19.0,192.12,192.12,2021-09-29 19:00:00
2021,9.0,29.0,20.0,200.0,200.0,2021-09-29 20:00:00
2021,9.0,29.0,21.0,208.47,208.47,2021-09-29 21:00:00
2021,9.0,29.0,22.0,205.0,205.0,2021-09-29 22:00:00
2021,9.0,29.0,23.0,199.0,199.0,2021-09-29 23:00:00
2021,9.0,29.0,24.0,192.63,192.63,2021-09-30 00:00:00
2021,9.0,30.0,1.0,170.0,170.0,2021-09-30 01:00:00
2021,9.0,30.0,2.0,157.02,157.02,2021-09-30 02:00:00
2021,9.0,30.0,3.0,145.0,145.0,2021-09-30 03:00:00
2021,9.0,30.0,4.0,145.0,145.0,2021-09-30 04:00:00
2021,9.0,30.0,5.0,147.0,147.0,2021-09-30 05:00:00
2021,9.0,30.0,6.0,157.02,157.02,2021-09-30 06:00:00
2021,9.0,30.0,7.0,188.41,188.41,2021-09-30 07:00:00
2021,9.0,30.0,8.0,203.13,203.13,2021-09-30 08:00:00
2021,9.0,30.0,9.0,205.28,205.28,2021-09-30 09:00:00
2021,9.0,30.0,10.0,203.85,203.85,2021-09-30 10:00:00
2021,9.0,30.0,11.0,196.05,196.05,2021-09-30 11:00:00
2021,9.0,30.0,12.0,190.0,190.0,2021-09-30 12:00:00
2021,9.0,30.0,13.0,192.11,192.11,2021-09-30 13:00:00
2021,9.0,30.0,14.0,195.0,195.0,2021-09-30 14:00:00
2021,9.0,30.0,15.0,192.11,192.11,2021-09-30 15:00:00
2021,9.0,30.0,16.0,192.11,192.11,2021-09-30 16:00:00
2021,9.0,30.0,17.0,195.94,195.94,2021-09-30 17:00:00
2021,9.0,30.0,18.0,200.0,200.0,2021-09-30 18:00:00
2021,9.0,30.0,19.0,203.12,203.12,2021-09-30 19:00:00
2021,9.0,30.0,20.0,219.93,219.93,2021-09-30 20:00:00
2021,9.0,30.0,21.0,221.0,221.0,2021-09-30 21:00:00
2021,9.0,30.0,22.0,220.02,220.02,2021-09-30 22:00:00
2021,9.0,30.0,23.0,211.85,211.85,2021-09-30 23:00:00
2021,9.0,30.0,24.0,204.87,204.87,2021-10-01 00:00:00
2021,10.0,1.0,1.0,223.42,223.42,2021-10-01 01:00:00
2021,10.0,1.0,2.0,220.12,220.12,2021-10-01 02:00:00
2021,10.0,1.0,3.0,218.83,218.83,2021-10-01 03:00:00
2021,10.0,1.0,4.0,216.01,216.01,2021-10-01 04:00:00
2021,10.0,1.0,5.0,215.0,215.0,2021-10-01 05:00:00
2021,10.0,1.0,6.0,215.92,215.92,2021-10-01 06:00:00
2021,10.0,1.0,7.0,220.0,220.0,2021-10-01 07:00:00
2021,10.0,1.0,8.0,225.9,225.9,2021-10-01 08:00:00
2021,10.0,1.0,9.0,230.0,230.0,2021-10-01 09:00:00
2021,10.0,1.0,10.0,225.17,225.17,2021-10-01 10:00:00
2021,10.0,1.0,11.0,220.1,220.1,2021-10-01 11:00:00
2021,10.0,1.0,12.0,214.17,214.17,2021-10-01 12:00:00
2021,10.0,1.0,13.0,210.0,210.0,2021-10-01 13:00:00
2021,10.0,1.0,14.0,205.57,205.57,2021-10-01 14:00:00
2021,10.0,1.0,15.0,198.77,198.77,2021-10-01 15:00:00
2021,10.0,1.0,16.0,198.77,198.77,2021-10-01 16:00:00
2021,10.0,1.0,17.0,198.77,198.77,2021-10-01 17:00:00
2021,10.0,1.0,18.0,200.0,200.0,2021-10-01 18:00:00
2021,10.0,1.0,19.0,205.57,205.57,2021-10-01 19:00:00
2021,10.0,1.0,20.0,221.61,221.61,2021-10-01 20:00:00
2021,10.0,1.0,21.0,230.0,230.0,2021-10-01 21:00:00
2021,10.0,1.0,22.0,230.0,230.0,2021-10-01 22:00:00
2021,10.0,1.0,23.0,222.5,222.5,2021-10-01 23:00:00
2021,10.0,1.0,24.0,218.0,218.0,2021-10-02 00:00:00
2021,10.0,2.0,1.0,234.37,234.37,2021-10-02 01:00:00
2021,10.0,2.0,2.0,230.0,230.0,2021-10-02 02:00:00
2021,10.0,2.0,3.0,224.0,224.0,2021-10-02 03:00:00
2021,10.0,2.0,4.0,221.33,221.33,2021-10-02 04:00:00
2021,10.0,2.0,5.0,219.87,219.87,2021-10-02 05:00:00
2021,10.0,2.0,6.0,218.0,218.0,2021-10-02 06:00:00
2021,10.0,2.0,7.0,218.0,218.0,2021-10-02 07:00:00
2021,10.0,2.0,8.0,218.0,218.0,2021-10-02 08:00:00
2021,10.0,2.0,9.0,216.85,216.85,2021-10-02 09:00:00
2021,10.0,2.0,10.0,216.12,216.12,2021-10-02 10:00:00
2021,10.0,2.0,11.0,204.48,204.48,2021-10-02 11:00:00
2021,10.0,2.0,12.0,160.05,160.05,2021-10-02 12:00:00
2021,10.0,2.0,13.0,140.0,140.0,2021-10-02 13:00:00
2021,10.0,2.0,14.0,131.9,131.9,2021-10-02 14:00:00
2021,10.0,2.0,15.0,128.0,128.0,2021-10-02 15:00:00
2021,10.0,2.0,16.0,62.0,62.0,2021-10-02 16:00:00
2021,10.0,2.0,17.0,54.13,54.13,2021-10-02 17:00:00
2021,10.0,2.0,18.0,89.98,89.98,2021-10-02 18:00:00
2021,10.0,2.0,19.0,129.5,129.5,2021-10-02 19:00:00
2021,10.0,2.0,20.0,152.2,152.2,2021-10-02 20:00:00
2021,10.0,2.0,21.0,203.0,203.0,2021-10-02 21:00:00
2021,10.0,2.0,22.0,204.48,204.48,2021-10-02 22:00:00
2021,10.0,2.0,23.0,154.92,154.92,2021-10-02 23:00:00
2021,10.0,2.0,24.0,136.4,136.4,2021-10-03 00:00:00
2021,10.0,3.0,1.0,117.71,117.71,2021-10-03 01:00:00
2021,10.0,3.0,2.0,90.0,90.0,2021-10-03 02:00:00
2021,10.0,3.0,3.0,59.98,59.98,2021-10-03 03:00:00
2021,10.0,3.0,4.0,55.12,55.12,2021-10-03 04:00:00
2021,10.0,3.0,5.0,44.0,44.0,2021-10-03 05:00:00
2021,10.0,3.0,6.0,15.0,15.0,2021-10-03 06:00:00
2021,10.0,3.0,7.0,44.0,44.0,2021-10-03 07:00:00
2021,10.0,3.0,8.0,90.0,90.0,2021-10-03 08:00:00
2021,10.0,3.0,9.0,95.0,95.0,2021-10-03 09:00:00
2021,10.0,3.0,10.0,130.0,130.0,2021-10-03 10:00:00
2021,10.0,3.0,11.0,132.2,132.2,2021-10-03 11:00:00
2021,10.0,3.0,12.0,132.4,132.4,2021-10-03 12:00:00
2021,10.0,3.0,13.0,132.1,132.1,2021-10-03 13:00:00
2021,10.0,3.0,14.0,132.0,132.0,2021-10-03 14:00:00
2021,10.0,3.0,15.0,117.71,117.71,2021-10-03 15:00:00
2021,10.0,3.0,16.0,58.11,58.11,2021-10-03 16:00:00
2021,10.0,3.0,17.0,63.66,63.66,2021-10-03 17:00:00
2021,10.0,3.0,18.0,110.26,110.26,2021-10-03 18:00:00
2021,10.0,3.0,19.0,127.59,127.59,2021-10-03 19:00:00
2021,10.0,3.0,20.0,153.84,153.84,2021-10-03 20:00:00
2021,10.0,3.0,21.0,204.48,204.48,2021-10-03 21:00:00
2021,10.0,3.0,22.0,210.98,210.98,2021-10-03 22:00:00
2021,10.0,3.0,23.0,201.29,201.29,2021-10-03 23:00:00
2021,10.0,3.0,24.0,161.0,161.0,2021-10-04 00:00:00
2021,10.0,4.0,1.0,154.92,154.92,2021-10-04 01:00:00
2021,10.0,4.0,2.0,150.1,150.1,2021-10-04 02:00:00
2021,10.0,4.0,3.0,141.59,141.59,2021-10-04 03:00:00
2021,10.0,4.0,4.0,143.74,143.74,2021-10-04 04:00:00
2021,10.0,4.0,5.0,150.0,150.0,2021-10-04 05:00:00
2021,10.0,4.0,6.0,154.92,154.92,2021-10-04 06:00:00
2021,10.0,4.0,7.0,196.73,196.73,2021-10-04 07:00:00
2021,10.0,4.0,8.0,217.1,217.1,2021-10-04 08:00:00
2021,10.0,4.0,9.0,221.99,221.99,2021-10-04 09:00:00
2021,10.0,4.0,10.0,213.6,213.6,2021-10-04 10:00:00
2021,10.0,4.0,11.0,198.22,198.22,2021-10-04 11:00:00
2021,10.0,4.0,12.0,185.87,185.87,2021-10-04 12:00:00
2021,10.0,4.0,13.0,169.42,169.42,2021-10-04 13:00:00
2021,10.0,4.0,14.0,163.93,163.93,2021-10-04 14:00:00
2021,10.0,4.0,15.0,154.92,154.92,2021-10-04 15:00:00
2021,10.0,4.0,16.0,154.98,154.98,2021-10-04 16:00:00
2021,10.0,4.0,17.0,160.32,160.32,2021-10-04 17:00:00
2021,10.0,4.0,18.0,187.61,187.61,2021-10-04 18:00:00
2021,10.0,4.0,19.0,211.63,211.63,2021-10-04 19:00:00
2021,10.0,4.0,20.0,230.0,230.0,2021-10-04 20:00:00
2021,10.0,4.0,21.0,249.0,249.0,2021-10-04 21:00:00
2021,10.0,4.0,22.0,245.0,245.0,2021-10-04 22:00:00
2021,10.0,4.0,23.0,217.77,217.77,2021-10-04 23:00:00
2021,10.0,4.0,24.0,201.62,201.62,2021-10-05 00:00:00
2021,10.0,5.0,1.0,198.73,198.73,2021-10-05 01:00:00
2021,10.0,5.0,2.0,185.05,185.05,2021-10-05 02:00:00
2021,10.0,5.0,3.0,167.2,167.2,2021-10-05 03:00:00
2021,10.0,5.0,4.0,167.1,167.1,2021-10-05 04:00:00
2021,10.0,5.0,5.0,165.0,165.0,2021-10-05 05:00:00
2021,10.0,5.0,6.0,167.2,167.2,2021-10-05 06:00:00
2021,10.0,5.0,7.0,197.5,197.5,2021-10-05 07:00:00
2021,10.0,5.0,8.0,226.45,226.45,2021-10-05 08:00:00
2021,10.0,5.0,9.0,229.63,229.63,2021-10-05 09:00:00
2021,10.0,5.0,10.0,226.0,226.0,2021-10-05 10:00:00
2021,10.0,5.0,11.0,204.04,204.04,2021-10-05 11:00:00
2021,10.0,5.0,12.0,194.92,194.92,2021-10-05 12:00:00
2021,10.0,5.0,13.0,192.9,192.9,2021-10-05 13:00:00
2021,10.0,5.0,14.0,193.02,193.02,2021-10-05 14:00:00
2021,10.0,5.0,15.0,180.0,180.0,2021-10-05 15:00:00
2021,10.0,5.0,16.0,167.4,167.4,2021-10-05 16:00:00
2021,10.0,5.0,17.0,170.0,170.0,2021-10-05 17:00:00
2021,10.0,5.0,18.0,193.75,193.75,2021-10-05 18:00:00
2021,10.0,5.0,19.0,218.99,218.99,2021-10-05 19:00:00
2021,10.0,5.0,20.0,250.0,250.0,2021-10-05 20:00:00
2021,10.0,5.0,21.0,256.47,256.47,2021-10-05 21:00:00
2021,10.0,5.0,22.0,255.0,255.0,2021-10-05 22:00:00
2021,10.0,5.0,23.0,250.0,250.0,2021-10-05 23:00:00
2021,10.0,5.0,24.0,232.02,232.02,2021-10-06 00:00:00
2021,10.0,6.0,1.0,240.19,240.19,2021-10-06 01:00:00
2021,10.0,6.0,2.0,238.0,238.0,2021-10-06 02:00:00
2021,10.0,6.0,3.0,235.55,235.55,2021-10-06 03:00:00
2021,10.0,6.0,4.0,231.18,231.18,2021-10-06 04:00:00
2021,10.0,6.0,5.0,228.25,228.25,2021-10-06 05:00:00
2021,10.0,6.0,6.0,228.25,228.25,2021-10-06 06:00:00
2021,10.0,6.0,7.0,238.0,238.0,2021-10-06 07:00:00
2021,10.0,6.0,8.0,244.34,244.34,2021-10-06 08:00:00
2021,10.0,6.0,9.0,248.03,248.03,2021-10-06 09:00:00
2021,10.0,6.0,10.0,243.05,243.05,2021-10-06 10:00:00
2021,10.0,6.0,11.0,231.18,231.18,2021-10-06 11:00:00
2021,10.0,6.0,12.0,205.5,205.5,2021-10-06 12:00:00
2021,10.0,6.0,13.0,200.0,200.0,2021-10-06 13:00:00
2021,10.0,6.0,14.0,193.43,193.43,2021-10-06 14:00:00
2021,10.0,6.0,15.0,194.2,194.2,2021-10-06 15:00:00
2021,10.0,6.0,16.0,193.2,193.2,2021-10-06 16:00:00
2021,10.0,6.0,17.0,197.19,197.19,2021-10-06 17:00:00
2021,10.0,6.0,18.0,225.98,225.98,2021-10-06 18:00:00
2021,10.0,6.0,19.0,240.0,240.0,2021-10-06 19:00:00
2021,10.0,6.0,20.0,255.0,255.0,2021-10-06 20:00:00
2021,10.0,6.0,21.0,260.0,260.0,2021-10-06 21:00:00
2021,10.0,6.0,22.0,247.52,247.52,2021-10-06 22:00:00
2021,10.0,6.0,23.0,239.93,239.93,2021-10-06 23:00:00
2021,10.0,6.0,24.0,228.25,228.25,2021-10-07 00:00:00
2021,10.0,7.0,1.0,280.0,280.0,2021-10-07 01:00:00
2021,10.0,7.0,2.0,270.0,270.0,2021-10-07 02:00:00
2021,10.0,7.0,3.0,250.0,250.0,2021-10-07 03:00:00
2021,10.0,7.0,4.0,250.0,250.0,2021-10-07 04:00:00
2021,10.0,7.0,5.0,249.08,249.08,2021-10-07 05:00:00
2021,10.0,7.0,6.0,264.31,264.31,2021-10-07 06:00:00
2021,10.0,7.0,7.0,300.0,300.0,2021-10-07 07:00:00
2021,10.0,7.0,8.0,300.0,300.0,2021-10-07 08:00:00
2021,10.0,7.0,9.0,300.0,300.0,2021-10-07 09:00:00
2021,10.0,7.0,10.0,300.0,300.0,2021-10-07 10:00:00
2021,10.0,7.0,11.0,300.0,300.0,2021-10-07 11:00:00
2021,10.0,7.0,12.0,299.92,299.92,2021-10-07 12:00:00
2021,10.0,7.0,13.0,296.41,296.41,2021-10-07 13:00:00
2021,10.0,7.0,14.0,287.0,287.0,2021-10-07 14:00:00
2021,10.0,7.0,15.0,280.02,280.02,2021-10-07 15:00:00
2021,10.0,7.0,16.0,280.0,280.0,2021-10-07 16:00:00
2021,10.0,7.0,17.0,298.94,298.94,2021-10-07 17:00:00
2021,10.0,7.0,18.0,300.0,300.0,2021-10-07 18:00:00
2021,10.0,7.0,19.0,300.0,300.0,2021-10-07 19:00:00
2021,10.0,7.0,20.0,300.0,300.0,2021-10-07 20:00:00
2021,10.0,7.0,21.0,319.03,319.03,2021-10-07 21:00:00
2021,10.0,7.0,22.0,300.0,300.0,2021-10-07 22:00:00
2021,10.0,7.0,23.0,300.0,300.0,2021-10-07 23:00:00
2021,10.0,7.0,24.0,299.9,299.9,2021-10-08 00:00:00
2021,10.0,8.0,1.0,233.52,233.52,2021-10-08 01:00:00
2021,10.0,8.0,2.0,225.63,225.63,2021-10-08 02:00:00
2021,10.0,8.0,3.0,216.07,216.07,2021-10-08 03:00:00
2021,10.0,8.0,4.0,207.75,207.75,2021-10-08 04:00:00
2021,10.0,8.0,5.0,195.0,195.0,2021-10-08 05:00:00
2021,10.0,8.0,6.0,200.0,200.0,2021-10-08 06:00:00
2021,10.0,8.0,7.0,233.46,233.46,2021-10-08 07:00:00
2021,10.0,8.0,8.0,267.88,267.88,2021-10-08 08:00:00
2021,10.0,8.0,9.0,284.34,284.34,2021-10-08 09:00:00
2021,10.0,8.0,10.0,260.0,260.0,2021-10-08 10:00:00
2021,10.0,8.0,11.0,230.24,230.24,2021-10-08 11:00:00
2021,10.0,8.0,12.0,211.32,211.32,2021-10-08 12:00:00
2021,10.0,8.0,13.0,192.6,192.6,2021-10-08 13:00:00
2021,10.0,8.0,14.0,188.8,188.8,2021-10-08 14:00:00
2021,10.0,8.0,15.0,190.0,190.0,2021-10-08 15:00:00
2021,10.0,8.0,16.0,188.6,188.6,2021-10-08 16:00:00
2021,10.0,8.0,17.0,192.3,192.3,2021-10-08 17:00:00
2021,10.0,8.0,18.0,223.89,223.89,2021-10-08 18:00:00
2021,10.0,8.0,19.0,250.0,250.0,2021-10-08 19:00:00
2021,10.0,8.0,20.0,269.7,269.7,2021-10-08 20:00:00
2021,10.0,8.0,21.0,290.0,290.0,2021-10-08 21:00:00
2021,10.0,8.0,22.0,280.0,280.0,2021-10-08 22:00:00
2021,10.0,8.0,23.0,244.95,244.95,2021-10-08 23:00:00
2021,10.0,8.0,24.0,224.84,224.84,2021-10-09 00:00:00
2021,10.0,9.0,1.0,246.68,246.68,2021-10-09 01:00:00
2021,10.0,9.0,2.0,240.0,240.0,2021-10-09 02:00:00
2021,10.0,9.0,3.0,234.89,234.89,2021-10-09 03:00:00
2021,10.0,9.0,4.0,230.42,230.42,2021-10-09 04:00:00
2021,10.0,9.0,5.0,220.0,220.0,2021-10-09 05:00:00
2021,10.0,9.0,6.0,220.0,220.0,2021-10-09 06:00:00
2021,10.0,9.0,7.0,223.01,223.01,2021-10-09 07:00:00
2021,10.0,9.0,8.0,241.27,241.27,2021-10-09 08:00:00
2021,10.0,9.0,9.0,247.34,247.34,2021-10-09 09:00:00
2021,10.0,9.0,10.0,249.56,249.56,2021-10-09 10:00:00
2021,10.0,9.0,11.0,230.0,230.0,2021-10-09 11:00:00
2021,10.0,9.0,12.0,216.06,216.06,2021-10-09 12:00:00
2021,10.0,9.0,13.0,216.06,216.06,2021-10-09 13:00:00
2021,10.0,9.0,14.0,216.06,216.06,2021-10-09 14:00:00
2021,10.0,9.0,15.0,213.98,213.98,2021-10-09 15:00:00
2021,10.0,9.0,16.0,185.0,185.0,2021-10-09 16:00:00
2021,10.0,9.0,17.0,176.92,176.92,2021-10-09 17:00:00
2021,10.0,9.0,18.0,200.0,200.0,2021-10-09 18:00:00
2021,10.0,9.0,19.0,229.2,229.2,2021-10-09 19:00:00
2021,10.0,9.0,20.0,252.32,252.32,2021-10-09 20:00:00
2021,10.0,9.0,21.0,254.45,254.45,2021-10-09 21:00:00
2021,10.0,9.0,22.0,250.84,250.84,2021-10-09 22:00:00
2021,10.0,9.0,23.0,233.8,233.8,2021-10-09 23:00:00
2021,10.0,9.0,24.0,201.18,201.18,2021-10-10 00:00:00
2021,10.0,10.0,1.0,176.27,176.27,2021-10-10 01:00:00
2021,10.0,10.0,2.0,175.59,175.59,2021-10-10 02:00:00
2021,10.0,10.0,3.0,160.0,160.0,2021-10-10 03:00:00
2021,10.0,10.0,4.0,159.99,159.99,2021-10-10 04:00:00
2021,10.0,10.0,5.0,150.0,150.0,2021-10-10 05:00:00
2021,10.0,10.0,6.0,150.18,150.18,2021-10-10 06:00:00
2021,10.0,10.0,7.0,159.99,159.99,2021-10-10 07:00:00
2021,10.0,10.0,8.0,163.99,163.99,2021-10-10 08:00:00
2021,10.0,10.0,9.0,169.11,169.11,2021-10-10 09:00:00
2021,10.0,10.0,10.0,159.99,159.99,2021-10-10 10:00:00
2021,10.0,10.0,11.0,150.0,150.0,2021-10-10 11:00:00
2021,10.0,10.0,12.0,135.07,135.07,2021-10-10 12:00:00
2021,10.0,10.0,13.0,141.48,141.48,2021-10-10 13:00:00
2021,10.0,10.0,14.0,160.0,160.0,2021-10-10 14:00:00
2021,10.0,10.0,15.0,170.0,170.0,2021-10-10 15:00:00
2021,10.0,10.0,16.0,139.0,139.0,2021-10-10 16:00:00
2021,10.0,10.0,17.0,145.45,139.0,2021-10-10 17:00:00
2021,10.0,10.0,18.0,174.99,174.99,2021-10-10 18:00:00
2021,10.0,10.0,19.0,216.06,216.06,2021-10-10 19:00:00
2021,10.0,10.0,20.0,240.57,240.57,2021-10-10 20:00:00
2021,10.0,10.0,21.0,251.6,251.6,2021-10-10 21:00:00
2021,10.0,10.0,22.0,250.0,250.0,2021-10-10 22:00:00
2021,10.0,10.0,23.0,230.42,230.42,2021-10-10 23:00:00
2021,10.0,10.0,24.0,192.07,192.07,2021-10-11 00:00:00
2021,10.0,11.0,1.0,149.14,149.14,2021-10-11 01:00:00
2021,10.0,11.0,2.0,141.51,141.51,2021-10-11 02:00:00
2021,10.0,11.0,3.0,125.01,125.01,2021-10-11 03:00:00
2021,10.0,11.0,4.0,125.01,125.01,2021-10-11 04:00:00
2021,10.0,11.0,5.0,133.5,133.5,2021-10-11 05:00:00
2021,10.0,11.0,6.0,146.16,146.16,2021-10-11 06:00:00
2021,10.0,11.0,7.0,177.19,177.19,2021-10-11 07:00:00
2021,10.0,11.0,8.0,225.57,225.57,2021-10-11 08:00:00
2021,10.0,11.0,9.0,226.8,226.8,2021-10-11 09:00:00
2021,10.0,11.0,10.0,226.29,226.29,2021-10-11 10:00:00
2021,10.0,11.0,11.0,213.94,213.94,2021-10-11 11:00:00
2021,10.0,11.0,12.0,187.84,187.84,2021-10-11 12:00:00
2021,10.0,11.0,13.0,177.27,177.27,2021-10-11 13:00:00
2021,10.0,11.0,14.0,175.01,175.01,2021-10-11 14:00:00
2021,10.0,11.0,15.0,168.0,168.0,2021-10-11 15:00:00
2021,10.0,11.0,16.0,151.24,151.24,2021-10-11 16:00:00
2021,10.0,11.0,17.0,154.74,154.74,2021-10-11 17:00:00
2021,10.0,11.0,18.0,192.13,192.13,2021-10-11 18:00:00
2021,10.0,11.0,19.0,228.0,228.0,2021-10-11 19:00:00
2021,10.0,11.0,20.0,240.57,240.57,2021-10-11 20:00:00
2021,10.0,11.0,21.0,241.27,241.27,2021-10-11 21:00:00
2021,10.0,11.0,22.0,233.45,233.45,2021-10-11 22:00:00
2021,10.0,11.0,23.0,210.86,210.86,2021-10-11 23:00:00
2021,10.0,11.0,24.0,177.0,177.0,2021-10-12 00:00:00
2021,10.0,12.0,1.0,176.13,176.13,2021-10-12 01:00:00
2021,10.0,12.0,2.0,175.53,175.53,2021-10-12 02:00:00
2021,10.0,12.0,3.0,172.0,172.0,2021-10-12 03:00:00
2021,10.0,12.0,4.0,170.92,170.92,2021-10-12 04:00:00
2021,10.0,12.0,5.0,170.92,170.92,2021-10-12 05:00:00
2021,10.0,12.0,6.0,170.92,170.92,2021-10-12 06:00:00
2021,10.0,12.0,7.0,182.9,182.9,2021-10-12 07:00:00
2021,10.0,12.0,8.0,197.85,197.85,2021-10-12 08:00:00
2021,10.0,12.0,9.0,198.05,198.05,2021-10-12 09:00:00
2021,10.0,12.0,10.0,203.01,203.01,2021-10-12 10:00:00
2021,10.0,12.0,11.0,190.05,190.05,2021-10-12 11:00:00
2021,10.0,12.0,12.0,175.73,175.73,2021-10-12 12:00:00
2021,10.0,12.0,13.0,175.63,175.63,2021-10-12 13:00:00
2021,10.0,12.0,14.0,175.53,175.53,2021-10-12 14:00:00
2021,10.0,12.0,15.0,170.92,170.92,2021-10-12 15:00:00
2021,10.0,12.0,16.0,154.0,154.0,2021-10-12 16:00:00
2021,10.0,12.0,17.0,160.0,149.36,2021-10-12 17:00:00
2021,10.0,12.0,18.0,170.92,170.92,2021-10-12 18:00:00
2021,10.0,12.0,19.0,196.8,196.8,2021-10-12 19:00:00
2021,10.0,12.0,20.0,217.6,217.6,2021-10-12 20:00:00
2021,10.0,12.0,21.0,226.74,226.74,2021-10-12 21:00:00
2021,10.0,12.0,22.0,216.82,216.82,2021-10-12 22:00:00
2021,10.0,12.0,23.0,208.6,208.6,2021-10-12 23:00:00
2021,10.0,12.0,24.0,176.13,176.13,2021-10-13 00:00:00
2021,10.0,13.0,1.0,168.74,168.74,2021-10-13 01:00:00
2021,10.0,13.0,2.0,152.01,152.01,2021-10-13 02:00:00
2021,10.0,13.0,3.0,140.07,140.07,2021-10-13 03:00:00
2021,10.0,13.0,4.0,132.43,132.43,2021-10-13 04:00:00
2021,10.0,13.0,5.0,135.0,135.0,2021-10-13 05:00:00
2021,10.0,13.0,6.0,151.45,151.45,2021-10-13 06:00:00
2021,10.0,13.0,7.0,173.01,173.01,2021-10-13 07:00:00
2021,10.0,13.0,8.0,216.2,216.2,2021-10-13 08:00:00
2021,10.0,13.0,9.0,218.57,218.57,2021-10-13 09:00:00
2021,10.0,13.0,10.0,216.73,216.73,2021-10-13 10:00:00
2021,10.0,13.0,11.0,185.82,185.82,2021-10-13 11:00:00
2021,10.0,13.0,12.0,169.68,169.68,2021-10-13 12:00:00
2021,10.0,13.0,13.0,172.92,172.92,2021-10-13 13:00:00
2021,10.0,13.0,14.0,168.74,168.74,2021-10-13 14:00:00
2021,10.0,13.0,15.0,165.42,165.42,2021-10-13 15:00:00
2021,10.0,13.0,16.0,167.6,167.6,2021-10-13 16:00:00
2021,10.0,13.0,17.0,189.9,189.9,2021-10-13 17:00:00
2021,10.0,13.0,18.0,200.0,200.0,2021-10-13 18:00:00
2021,10.0,13.0,19.0,219.01,219.01,2021-10-13 19:00:00
2021,10.0,13.0,20.0,240.0,240.0,2021-10-13 20:00:00
2021,10.0,13.0,21.0,238.69,238.69,2021-10-13 21:00:00
2021,10.0,13.0,22.0,228.3,228.3,2021-10-13 22:00:00
2021,10.0,13.0,23.0,214.7,214.7,2021-10-13 23:00:00
2021,10.0,13.0,24.0,192.67,192.67,2021-10-14 00:00:00
2021,10.0,14.0,1.0,206.68,206.68,2021-10-14 01:00:00
2021,10.0,14.0,2.0,202.04,202.04,2021-10-14 02:00:00
2021,10.0,14.0,3.0,196.56,196.56,2021-10-14 03:00:00
2021,10.0,14.0,4.0,199.8,199.8,2021-10-14 04:00:00
2021,10.0,14.0,5.0,202.04,202.04,2021-10-14 05:00:00
2021,10.0,14.0,6.0,203.0,203.0,2021-10-14 06:00:00
2021,10.0,14.0,7.0,228.0,228.0,2021-10-14 07:00:00
2021,10.0,14.0,8.0,242.49,242.49,2021-10-14 08:00:00
2021,10.0,14.0,9.0,260.0,260.0,2021-10-14 09:00:00
2021,10.0,14.0,10.0,245.0,245.0,2021-10-14 10:00:00
2021,10.0,14.0,11.0,222.55,222.55,2021-10-14 11:00:00
2021,10.0,14.0,12.0,212.35,212.35,2021-10-14 12:00:00
2021,10.0,14.0,13.0,205.74,205.74,2021-10-14 13:00:00
2021,10.0,14.0,14.0,198.89,198.89,2021-10-14 14:00:00
2021,10.0,14.0,15.0,182.47,182.47,2021-10-14 15:00:00
2021,10.0,14.0,16.0,175.25,175.25,2021-10-14 16:00:00
2021,10.0,14.0,17.0,175.35,175.35,2021-10-14 17:00:00
2021,10.0,14.0,18.0,202.04,202.04,2021-10-14 18:00:00
2021,10.0,14.0,19.0,223.61,223.61,2021-10-14 19:00:00
2021,10.0,14.0,20.0,243.87,243.87,2021-10-14 20:00:00
2021,10.0,14.0,21.0,248.0,248.0,2021-10-14 21:00:00
2021,10.0,14.0,22.0,243.34,243.34,2021-10-14 22:00:00
2021,10.0,14.0,23.0,233.49,233.49,2021-10-14 23:00:00
2021,10.0,14.0,24.0,222.56,222.56,2021-10-15 00:00:00
2021,10.0,15.0,1.0,237.51,237.51,2021-10-15 01:00:00
2021,10.0,15.0,2.0,225.0,225.0,2021-10-15 02:00:00
2021,10.0,15.0,3.0,215.66,215.66,2021-10-15 03:00:00
2021,10.0,15.0,4.0,212.28,212.28,2021-10-15 04:00:00
2021,10.0,15.0,5.0,211.72,211.72,2021-10-15 05:00:00
2021,10.0,15.0,6.0,219.56,219.56,2021-10-15 06:00:00
2021,10.0,15.0,7.0,237.45,237.45,2021-10-15 07:00:00
2021,10.0,15.0,8.0,250.23,250.23,2021-10-15 08:00:00
2021,10.0,15.0,9.0,265.0,265.0,2021-10-15 09:00:00
2021,10.0,15.0,10.0,260.0,260.0,2021-10-15 10:00:00
2021,10.0,15.0,11.0,246.59,246.59,2021-10-15 11:00:00
2021,10.0,15.0,12.0,237.0,237.0,2021-10-15 12:00:00
2021,10.0,15.0,13.0,216.73,216.73,2021-10-15 13:00:00
2021,10.0,15.0,14.0,211.72,211.72,2021-10-15 14:00:00
2021,10.0,15.0,15.0,209.43,209.43,2021-10-15 15:00:00
2021,10.0,15.0,16.0,201.06,201.06,2021-10-15 16:00:00
2021,10.0,15.0,17.0,209.73,209.73,2021-10-15 17:00:00
2021,10.0,15.0,18.0,224.52,224.52,2021-10-15 18:00:00
2021,10.0,15.0,19.0,244.12,244.12,2021-10-15 19:00:00
2021,10.0,15.0,20.0,255.0,255.0,2021-10-15 20:00:00
2021,10.0,15.0,21.0,251.31,251.31,2021-10-15 21:00:00
2021,10.0,15.0,22.0,248.81,248.81,2021-10-15 22:00:00
2021,10.0,15.0,23.0,244.34,244.34,2021-10-15 23:00:00
2021,10.0,15.0,24.0,228.84,228.84,2021-10-16 00:00:00
2021,10.0,16.0,1.0,241.9,241.9,2021-10-16 01:00:00
2021,10.0,16.0,2.0,234.17,234.17,2021-10-16 02:00:00
2021,10.0,16.0,3.0,225.81,225.81,2021-10-16 03:00:00
2021,10.0,16.0,4.0,220.0,220.0,2021-10-16 04:00:00
2021,10.0,16.0,5.0,217.92,217.92,2021-10-16 05:00:00
2021,10.0,16.0,6.0,217.92,217.92,2021-10-16 06:00:00
2021,10.0,16.0,7.0,225.31,225.31,2021-10-16 07:00:00
2021,10.0,16.0,8.0,232.45,232.45,2021-10-16 08:00:00
2021,10.0,16.0,9.0,234.89,234.89,2021-10-16 09:00:00
2021,10.0,16.0,10.0,242.45,242.45,2021-10-16 10:00:00
2021,10.0,16.0,11.0,228.87,228.87,2021-10-16 11:00:00
2021,10.0,16.0,12.0,217.76,217.76,2021-10-16 12:00:00
2021,10.0,16.0,13.0,214.49,214.49,2021-10-16 13:00:00
2021,10.0,16.0,14.0,216.25,216.25,2021-10-16 14:00:00
2021,10.0,16.0,15.0,210.94,210.94,2021-10-16 15:00:00
2021,10.0,16.0,16.0,200.0,200.0,2021-10-16 16:00:00
2021,10.0,16.0,17.0,192.07,192.07,2021-10-16 17:00:00
2021,10.0,16.0,18.0,202.52,202.52,2021-10-16 18:00:00
2021,10.0,16.0,19.0,235.09,235.09,2021-10-16 19:00:00
2021,10.0,16.0,20.0,253.06,253.06,2021-10-16 20:00:00
2021,10.0,16.0,21.0,264.54,264.54,2021-10-16 21:00:00
2021,10.0,16.0,22.0,258.29,258.29,2021-10-16 22:00:00
2021,10.0,16.0,23.0,234.89,234.89,2021-10-16 23:00:00
2021,10.0,16.0,24.0,224.71,224.71,2021-10-17 00:00:00
2021,10.0,17.0,1.0,216.2,216.2,2021-10-17 01:00:00
2021,10.0,17.0,2.0,208.81,208.81,2021-10-17 02:00:00
2021,10.0,17.0,3.0,198.41,198.41,2021-10-17 03:00:00
2021,10.0,17.0,4.0,192.03,192.03,2021-10-17 04:00:00
2021,10.0,17.0,5.0,190.05,190.05,2021-10-17 05:00:00
2021,10.0,17.0,6.0,189.39,189.39,2021-10-17 06:00:00
2021,10.0,17.0,7.0,186.27,186.27,2021-10-17 07:00:00
2021,10.0,17.0,8.0,198.61,198.61,2021-10-17 08:00:00
2021,10.0,17.0,9.0,198.41,198.41,2021-10-17 09:00:00
2021,10.0,17.0,10.0,203.56,203.56,2021-10-17 10:00:00
2021,10.0,17.0,11.0,198.71,198.71,2021-10-17 11:00:00
2021,10.0,17.0,12.0,198.41,198.41,2021-10-17 12:00:00
2021,10.0,17.0,13.0,198.41,198.41,2021-10-17 13:00:00
2021,10.0,17.0,14.0,198.41,198.41,2021-10-17 14:00:00
2021,10.0,17.0,15.0,197.24,197.24,2021-10-17 15:00:00
2021,10.0,17.0,16.0,184.71,184.71,2021-10-17 16:00:00
2021,10.0,17.0,17.0,183.84,183.84,2021-10-17 17:00:00
2021,10.0,17.0,18.0,191.91,191.91,2021-10-17 18:00:00
2021,10.0,17.0,19.0,216.0,216.0,2021-10-17 19:00:00
2021,10.0,17.0,20.0,250.0,250.0,2021-10-17 20:00:00
2021,10.0,17.0,21.0,270.0,270.0,2021-10-17 21:00:00
2021,10.0,17.0,22.0,264.54,264.54,2021-10-17 22:00:00
2021,10.0,17.0,23.0,252.88,252.88,2021-10-17 23:00:00
2021,10.0,17.0,24.0,244.21,244.21,2021-10-18 00:00:00
2021,10.0,18.0,1.0,230.0,230.0,2021-10-18 01:00:00
2021,10.0,18.0,2.0,216.6,216.6,2021-10-18 02:00:00
2021,10.0,18.0,3.0,208.93,208.93,2021-10-18 03:00:00
2021,10.0,18.0,4.0,205.62,205.62,2021-10-18 04:00:00
2021,10.0,18.0,5.0,204.46,204.46,2021-10-18 05:00:00
2021,10.0,18.0,6.0,207.93,207.93,2021-10-18 06:00:00
2021,10.0,18.0,7.0,216.6,216.6,2021-10-18 07:00:00
2021,10.0,18.0,8.0,256.07,256.07,2021-10-18 08:00:00
2021,10.0,18.0,9.0,262.62,262.62,2021-10-18 09:00:00
2021,10.0,18.0,10.0,250.5,250.5,2021-10-18 10:00:00
2021,10.0,18.0,11.0,228.7,228.7,2021-10-18 11:00:00
2021,10.0,18.0,12.0,212.46,212.46,2021-10-18 12:00:00
2021,10.0,18.0,13.0,197.79,197.79,2021-10-18 13:00:00
2021,10.0,18.0,14.0,193.73,193.73,2021-10-18 14:00:00
2021,10.0,18.0,15.0,197.65,197.65,2021-10-18 15:00:00
2021,10.0,18.0,16.0,195.0,195.0,2021-10-18 16:00:00
2021,10.0,18.0,17.0,208.0,208.0,2021-10-18 17:00:00
2021,10.0,18.0,18.0,229.97,229.97,2021-10-18 18:00:00
2021,10.0,18.0,19.0,252.97,252.97,2021-10-18 19:00:00
2021,10.0,18.0,20.0,262.12,262.12,2021-10-18 20:00:00
2021,10.0,18.0,21.0,280.0,280.0,2021-10-18 21:00:00
2021,10.0,18.0,22.0,265.0,265.0,2021-10-18 22:00:00
2021,10.0,18.0,23.0,252.37,252.37,2021-10-18 23:00:00
2021,10.0,18.0,24.0,223.72,223.72,2021-10-19 00:00:00
2021,10.0,19.0,1.0,228.35,228.35,2021-10-19 01:00:00
2021,10.0,19.0,2.0,208.01,208.01,2021-10-19 02:00:00
2021,10.0,19.0,3.0,189.07,189.07,2021-10-19 03:00:00
2021,10.0,19.0,4.0,183.84,183.84,2021-10-19 04:00:00
2021,10.0,19.0,5.0,182.59,182.59,2021-10-19 05:00:00
2021,10.0,19.0,6.0,183.27,183.27,2021-10-19 06:00:00
2021,10.0,19.0,7.0,195.99,195.99,2021-10-19 07:00:00
2021,10.0,19.0,8.0,239.99,239.99,2021-10-19 08:00:00
2021,10.0,19.0,9.0,254.91,254.91,2021-10-19 09:00:00
2021,10.0,19.0,10.0,250.62,250.62,2021-10-19 10:00:00
2021,10.0,19.0,11.0,214.69,214.69,2021-10-19 11:00:00
2021,10.0,19.0,12.0,199.42,199.42,2021-10-19 12:00:00
2021,10.0,19.0,13.0,199.64,199.64,2021-10-19 13:00:00
2021,10.0,19.0,14.0,188.69,188.69,2021-10-19 14:00:00
2021,10.0,19.0,15.0,182.0,182.0,2021-10-19 15:00:00
2021,10.0,19.0,16.0,171.6,171.6,2021-10-19 16:00:00
2021,10.0,19.0,17.0,172.09,172.09,2021-10-19 17:00:00
2021,10.0,19.0,18.0,183.27,183.27,2021-10-19 18:00:00
2021,10.0,19.0,19.0,209.19,209.19,2021-10-19 19:00:00
2021,10.0,19.0,20.0,235.28,235.28,2021-10-19 20:00:00
2021,10.0,19.0,21.0,256.33,256.33,2021-10-19 21:00:00
2021,10.0,19.0,22.0,250.62,250.62,2021-10-19 22:00:00
2021,10.0,19.0,23.0,208.04,208.04,2021-10-19 23:00:00
2021,10.0,19.0,24.0,183.84,183.84,2021-10-20 00:00:00
2021,10.0,20.0,1.0,183.28,183.28,2021-10-20 01:00:00
2021,10.0,20.0,2.0,179.9,179.9,2021-10-20 02:00:00
2021,10.0,20.0,3.0,179.7,179.7,2021-10-20 03:00:00
2021,10.0,20.0,4.0,180.0,180.0,2021-10-20 04:00:00
2021,10.0,20.0,5.0,180.3,180.3,2021-10-20 05:00:00
2021,10.0,20.0,6.0,183.27,183.27,2021-10-20 06:00:00
2021,10.0,20.0,7.0,200.78,200.78,2021-10-20 07:00:00
2021,10.0,20.0,8.0,250.5,250.5,2021-10-20 08:00:00
2021,10.0,20.0,9.0,261.53,261.53,2021-10-20 09:00:00
2021,10.0,20.0,10.0,255.4,255.4,2021-10-20 10:00:00
2021,10.0,20.0,11.0,228.34,228.34,2021-10-20 11:00:00
2021,10.0,20.0,12.0,198.66,198.66,2021-10-20 12:00:00
2021,10.0,20.0,13.0,185.92,185.92,2021-10-20 13:00:00
2021,10.0,20.0,14.0,179.7,179.7,2021-10-20 14:00:00
2021,10.0,20.0,15.0,164.75,164.75,2021-10-20 15:00:00
2021,10.0,20.0,16.0,144.98,144.98,2021-10-20 16:00:00
2021,10.0,20.0,17.0,144.98,144.98,2021-10-20 17:00:00
2021,10.0,20.0,18.0,165.0,165.0,2021-10-20 18:00:00
2021,10.0,20.0,19.0,183.84,183.84,2021-10-20 19:00:00
2021,10.0,20.0,20.0,228.31,228.31,2021-10-20 20:00:00
2021,10.0,20.0,21.0,257.29,257.29,2021-10-20 21:00:00
2021,10.0,20.0,22.0,255.0,255.0,2021-10-20 22:00:00
2021,10.0,20.0,23.0,228.37,228.37,2021-10-20 23:00:00
2021,10.0,20.0,24.0,213.79,213.79,2021-10-21 00:00:00
2021,10.0,21.0,1.0,205.9,205.9,2021-10-21 01:00:00
2021,10.0,21.0,2.0,199.24,199.24,2021-10-21 02:00:00
2021,10.0,21.0,3.0,198.22,198.22,2021-10-21 03:00:00
2021,10.0,21.0,4.0,192.07,192.07,2021-10-21 04:00:00
2021,10.0,21.0,5.0,192.07,192.07,2021-10-21 05:00:00
2021,10.0,21.0,6.0,197.83,197.83,2021-10-21 06:00:00
2021,10.0,21.0,7.0,212.83,212.83,2021-10-21 07:00:00
2021,10.0,21.0,8.0,234.91,234.91,2021-10-21 08:00:00
2021,10.0,21.0,9.0,241.48,241.48,2021-10-21 09:00:00
2021,10.0,21.0,10.0,243.13,243.13,2021-10-21 10:00:00
2021,10.0,21.0,11.0,217.46,217.46,2021-10-21 11:00:00
2021,10.0,21.0,12.0,190.05,190.05,2021-10-21 12:00:00
2021,10.0,21.0,13.0,187.9,187.9,2021-10-21 13:00:00
2021,10.0,21.0,14.0,183.27,183.27,2021-10-21 14:00:00
2021,10.0,21.0,15.0,181.84,181.84,2021-10-21 15:00:00
2021,10.0,21.0,16.0,180.59,180.59,2021-10-21 16:00:00
2021,10.0,21.0,17.0,180.59,180.59,2021-10-21 17:00:00
2021,10.0,21.0,18.0,197.26,197.26,2021-10-21 18:00:00
2021,10.0,21.0,19.0,214.89,214.89,2021-10-21 19:00:00
2021,10.0,21.0,20.0,245.45,245.45,2021-10-21 20:00:00
2021,10.0,21.0,21.0,250.0,250.0,2021-10-21 21:00:00
2021,10.0,21.0,22.0,234.91,234.91,2021-10-21 22:00:00
2021,10.0,21.0,23.0,209.45,209.45,2021-10-21 23:00:00
2021,10.0,21.0,24.0,198.85,198.85,2021-10-22 00:00:00
2021,10.0,22.0,1.0,206.7,206.7,2021-10-22 01:00:00
2021,10.0,22.0,2.0,184.74,184.74,2021-10-22 02:00:00
2021,10.0,22.0,3.0,177.0,177.0,2021-10-22 03:00:00
2021,10.0,22.0,4.0,173.27,173.27,2021-10-22 04:00:00
2021,10.0,22.0,5.0,173.27,173.27,2021-10-22 05:00:00
2021,10.0,22.0,6.0,180.3,180.3,2021-10-22 06:00:00
2021,10.0,22.0,7.0,200.0,200.0,2021-10-22 07:00:00
2021,10.0,22.0,8.0,234.84,234.84,2021-10-22 08:00:00
2021,10.0,22.0,9.0,255.5,255.5,2021-10-22 09:00:00
2021,10.0,22.0,10.0,247.88,247.88,2021-10-22 10:00:00
2021,10.0,22.0,11.0,220.0,220.0,2021-10-22 11:00:00
2021,10.0,22.0,12.0,199.54,199.54,2021-10-22 12:00:00
2021,10.0,22.0,13.0,195.75,195.75,2021-10-22 13:00:00
2021,10.0,22.0,14.0,188.69,188.69,2021-10-22 14:00:00
2021,10.0,22.0,15.0,175.92,175.92,2021-10-22 15:00:00
2021,10.0,22.0,16.0,173.27,173.27,2021-10-22 16:00:00
2021,10.0,22.0,17.0,175.1,175.1,2021-10-22 17:00:00
2021,10.0,22.0,18.0,175.92,175.92,2021-10-22 18:00:00
2021,10.0,22.0,19.0,207.28,207.28,2021-10-22 19:00:00
2021,10.0,22.0,20.0,230.22,230.22,2021-10-22 20:00:00
2021,10.0,22.0,21.0,247.88,247.88,2021-10-22 21:00:00
2021,10.0,22.0,22.0,234.0,234.0,2021-10-22 22:00:00
2021,10.0,22.0,23.0,218.11,218.11,2021-10-22 23:00:00
2021,10.0,22.0,24.0,209.89,209.89,2021-10-23 00:00:00
2021,10.0,23.0,1.0,207.74,207.74,2021-10-23 01:00:00
2021,10.0,23.0,2.0,195.0,195.0,2021-10-23 02:00:00
2021,10.0,23.0,3.0,192.07,192.07,2021-10-23 03:00:00
2021,10.0,23.0,4.0,185.38,185.38,2021-10-23 04:00:00
2021,10.0,23.0,5.0,190.7,190.7,2021-10-23 05:00:00
2021,10.0,23.0,6.0,185.4,185.4,2021-10-23 06:00:00
2021,10.0,23.0,7.0,200.01,200.01,2021-10-23 07:00:00
2021,10.0,23.0,8.0,220.81,220.81,2021-10-23 08:00:00
2021,10.0,23.0,9.0,230.0,230.0,2021-10-23 09:00:00
2021,10.0,23.0,10.0,237.58,237.58,2021-10-23 10:00:00
2021,10.0,23.0,11.0,221.75,221.75,2021-10-23 11:00:00
2021,10.0,23.0,12.0,201.33,201.33,2021-10-23 12:00:00
2021,10.0,23.0,13.0,193.25,193.25,2021-10-23 13:00:00
2021,10.0,23.0,14.0,190.7,190.7,2021-10-23 14:00:00
2021,10.0,23.0,15.0,188.51,188.51,2021-10-23 15:00:00
2021,10.0,23.0,16.0,179.21,179.21,2021-10-23 16:00:00
2021,10.0,23.0,17.0,180.35,180.35,2021-10-23 17:00:00
2021,10.0,23.0,18.0,204.38,204.38,2021-10-23 18:00:00
2021,10.0,23.0,19.0,238.22,238.22,2021-10-23 19:00:00
2021,10.0,23.0,20.0,256.47,256.47,2021-10-23 20:00:00
2021,10.0,23.0,21.0,256.95,256.95,2021-10-23 21:00:00
2021,10.0,23.0,22.0,255.0,255.0,2021-10-23 22:00:00
2021,10.0,23.0,23.0,238.29,238.29,2021-10-23 23:00:00
2021,10.0,23.0,24.0,220.0,220.0,2021-10-24 00:00:00
2021,10.0,24.0,1.0,241.41,241.41,2021-10-24 01:00:00
2021,10.0,24.0,2.0,221.75,221.75,2021-10-24 02:00:00
2021,10.0,24.0,3.0,216.7,216.7,2021-10-24 03:00:00
2021,10.0,24.0,4.0,202.4,202.4,2021-10-24 04:00:00
2021,10.0,24.0,5.0,202.0,202.0,2021-10-24 05:00:00
2021,10.0,24.0,6.0,201.26,201.26,2021-10-24 06:00:00
2021,10.0,24.0,7.0,200.0,200.0,2021-10-24 07:00:00
2021,10.0,24.0,8.0,217.01,217.01,2021-10-24 08:00:00
2021,10.0,24.0,9.0,221.75,221.75,2021-10-24 09:00:00
2021,10.0,24.0,10.0,216.7,216.7,2021-10-24 10:00:00
2021,10.0,24.0,11.0,194.83,194.83,2021-10-24 11:00:00
2021,10.0,24.0,12.0,180.3,180.3,2021-10-24 12:00:00
2021,10.0,24.0,13.0,190.0,190.0,2021-10-24 13:00:00
2021,10.0,24.0,14.0,193.6,193.6,2021-10-24 14:00:00
2021,10.0,24.0,15.0,193.0,193.0,2021-10-24 15:00:00
2021,10.0,24.0,16.0,176.71,176.71,2021-10-24 16:00:00
2021,10.0,24.0,17.0,174.93,174.93,2021-10-24 17:00:00
2021,10.0,24.0,18.0,188.51,188.51,2021-10-24 18:00:00
2021,10.0,24.0,19.0,216.7,216.7,2021-10-24 19:00:00
2021,10.0,24.0,20.0,242.15,242.15,2021-10-24 20:00:00
2021,10.0,24.0,21.0,271.8,271.8,2021-10-24 21:00:00
2021,10.0,24.0,22.0,270.0,270.0,2021-10-24 22:00:00
2021,10.0,24.0,23.0,250.0,250.0,2021-10-24 23:00:00
2021,10.0,24.0,24.0,235.43,235.43,2021-10-25 00:00:00
2021,10.0,25.0,1.0,230.45,230.45,2021-10-25 01:00:00
2021,10.0,25.0,2.0,229.45,229.45,2021-10-25 02:00:00
2021,10.0,25.0,3.0,214.19,214.19,2021-10-25 03:00:00
2021,10.0,25.0,4.0,213.45,213.45,2021-10-25 04:00:00
2021,10.0,25.0,5.0,213.45,213.45,2021-10-25 05:00:00
2021,10.0,25.0,6.0,213.8,213.8,2021-10-25 06:00:00
2021,10.0,25.0,7.0,212.05,212.05,2021-10-25 07:00:00
2021,10.0,25.0,8.0,242.05,242.05,2021-10-25 08:00:00
2021,10.0,25.0,9.0,247.92,247.92,2021-10-25 09:00:00
2021,10.0,25.0,10.0,244.4,244.4,2021-10-25 10:00:00
2021,10.0,25.0,11.0,232.68,232.68,2021-10-25 11:00:00
2021,10.0,25.0,12.0,222.96,222.96,2021-10-25 12:00:00
2021,10.0,25.0,13.0,215.0,215.0,2021-10-25 13:00:00
2021,10.0,25.0,14.0,203.18,203.18,2021-10-25 14:00:00
2021,10.0,25.0,15.0,207.3,207.3,2021-10-25 15:00:00
2021,10.0,25.0,16.0,200.91,200.91,2021-10-25 16:00:00
2021,10.0,25.0,17.0,216.97,216.97,2021-10-25 17:00:00
2021,10.0,25.0,18.0,229.45,229.45,2021-10-25 18:00:00
2021,10.0,25.0,19.0,239.77,239.77,2021-10-25 19:00:00
2021,10.0,25.0,20.0,262.0,262.0,2021-10-25 20:00:00
2021,10.0,25.0,21.0,252.46,252.46,2021-10-25 21:00:00
2021,10.0,25.0,22.0,239.71,239.71,2021-10-25 22:00:00
2021,10.0,25.0,23.0,219.63,219.63,2021-10-25 23:00:00
2021,10.0,25.0,24.0,205.47,205.47,2021-10-26 00:00:00
2021,10.0,26.0,1.0,218.2,218.2,2021-10-26 01:00:00
2021,10.0,26.0,2.0,193.29,193.29,2021-10-26 02:00:00
2021,10.0,26.0,3.0,182.1,182.1,2021-10-26 03:00:00
2021,10.0,26.0,4.0,182.3,182.3,2021-10-26 04:00:00
2021,10.0,26.0,5.0,181.27,181.27,2021-10-26 05:00:00
2021,10.0,26.0,6.0,182.1,182.1,2021-10-26 06:00:00
2021,10.0,26.0,7.0,214.5,214.5,2021-10-26 07:00:00
2021,10.0,26.0,8.0,235.71,235.71,2021-10-26 08:00:00
2021,10.0,26.0,9.0,250.0,250.0,2021-10-26 09:00:00
2021,10.0,26.0,10.0,241.31,241.31,2021-10-26 10:00:00
2021,10.0,26.0,11.0,229.45,229.45,2021-10-26 11:00:00
2021,10.0,26.0,12.0,198.22,198.22,2021-10-26 12:00:00
2021,10.0,26.0,13.0,206.42,206.42,2021-10-26 13:00:00
2021,10.0,26.0,14.0,200.6,200.6,2021-10-26 14:00:00
2021,10.0,26.0,15.0,182.3,182.3,2021-10-26 15:00:00
2021,10.0,26.0,16.0,181.26,181.26,2021-10-26 16:00:00
2021,10.0,26.0,17.0,190.2,190.2,2021-10-26 17:00:00
2021,10.0,26.0,18.0,223.47,223.47,2021-10-26 18:00:00
2021,10.0,26.0,19.0,241.86,241.86,2021-10-26 19:00:00
2021,10.0,26.0,20.0,266.11,266.11,2021-10-26 20:00:00
2021,10.0,26.0,21.0,270.0,270.0,2021-10-26 21:00:00
2021,10.0,26.0,22.0,256.95,256.95,2021-10-26 22:00:00
2021,10.0,26.0,23.0,235.0,235.0,2021-10-26 23:00:00
2021,10.0,26.0,24.0,217.39,217.39,2021-10-27 00:00:00
2021,10.0,27.0,1.0,240.3,240.3,2021-10-27 01:00:00
2021,10.0,27.0,2.0,234.58,234.58,2021-10-27 02:00:00
2021,10.0,27.0,3.0,222.65,222.65,2021-10-27 03:00:00
2021,10.0,27.0,4.0,220.0,220.0,2021-10-27 04:00:00
2021,10.0,27.0,5.0,220.0,220.0,2021-10-27 05:00:00
2021,10.0,27.0,6.0,220.0,220.0,2021-10-27 06:00:00
2021,10.0,27.0,7.0,223.93,223.93,2021-10-27 07:00:00
2021,10.0,27.0,8.0,251.02,251.02,2021-10-27 08:00:00
2021,10.0,27.0,9.0,256.92,256.92,2021-10-27 09:00:00
2021,10.0,27.0,10.0,253.66,253.66,2021-10-27 10:00:00
2021,10.0,27.0,11.0,235.27,235.27,2021-10-27 11:00:00
2021,10.0,27.0,12.0,223.01,223.01,2021-10-27 12:00:00
2021,10.0,27.0,13.0,219.7,219.7,2021-10-27 13:00:00
2021,10.0,27.0,14.0,197.67,197.67,2021-10-27 14:00:00
2021,10.0,27.0,15.0,183.73,183.73,2021-10-27 15:00:00
2021,10.0,27.0,16.0,180.1,180.1,2021-10-27 16:00:00
2021,10.0,27.0,17.0,182.24,182.24,2021-10-27 17:00:00
2021,10.0,27.0,18.0,207.56,207.56,2021-10-27 18:00:00
2021,10.0,27.0,19.0,235.27,235.27,2021-10-27 19:00:00
2021,10.0,27.0,20.0,263.29,263.29,2021-10-27 20:00:00
2021,10.0,27.0,21.0,260.0,260.0,2021-10-27 21:00:00
2021,10.0,27.0,22.0,251.39,251.39,2021-10-27 22:00:00
2021,10.0,27.0,23.0,231.23,231.23,2021-10-27 23:00:00
2021,10.0,27.0,24.0,214.15,214.15,2021-10-28 00:00:00
2021,10.0,28.0,1.0,221.29,221.29,2021-10-28 01:00:00
2021,10.0,28.0,2.0,195.84,195.84,2021-10-28 02:00:00
2021,10.0,28.0,3.0,183.73,183.73,2021-10-28 03:00:00
2021,10.0,28.0,4.0,182.46,182.46,2021-10-28 04:00:00
2021,10.0,28.0,5.0,174.4,174.4,2021-10-28 05:00:00
2021,10.0,28.0,6.0,182.46,182.46,2021-10-28 06:00:00
2021,10.0,28.0,7.0,205.01,205.01,2021-10-28 07:00:00
2021,10.0,28.0,8.0,237.3,237.3,2021-10-28 08:00:00
2021,10.0,28.0,9.0,252.33,252.33,2021-10-28 09:00:00
2021,10.0,28.0,10.0,241.4,241.4,2021-10-28 10:00:00
2021,10.0,28.0,11.0,222.82,222.82,2021-10-28 11:00:00
2021,10.0,28.0,12.0,208.34,208.34,2021-10-28 12:00:00
2021,10.0,28.0,13.0,196.89,196.89,2021-10-28 13:00:00
2021,10.0,28.0,14.0,185.26,185.26,2021-10-28 14:00:00
2021,10.0,28.0,15.0,174.99,174.99,2021-10-28 15:00:00
2021,10.0,28.0,16.0,169.0,169.0,2021-10-28 16:00:00
2021,10.0,28.0,17.0,173.05,173.05,2021-10-28 17:00:00
2021,10.0,28.0,18.0,198.93,198.93,2021-10-28 18:00:00
2021,10.0,28.0,19.0,220.69,220.69,2021-10-28 19:00:00
2021,10.0,28.0,20.0,242.76,242.76,2021-10-28 20:00:00
2021,10.0,28.0,21.0,250.0,250.0,2021-10-28 21:00:00
2021,10.0,28.0,22.0,233.59,233.59,2021-10-28 22:00:00
2021,10.0,28.0,23.0,190.05,190.05,2021-10-28 23:00:00
2021,10.0,28.0,24.0,178.49,178.49,2021-10-29 00:00:00
2021,10.0,29.0,1.0,144.05,144.05,2021-10-29 01:00:00
2021,10.0,29.0,2.0,130.0,130.0,2021-10-29 02:00:00
2021,10.0,29.0,3.0,127.05,127.05,2021-10-29 03:00:00
2021,10.0,29.0,4.0,144.05,144.05,2021-10-29 04:00:00
2021,10.0,29.0,5.0,145.2,145.2,2021-10-29 05:00:00
2021,10.0,29.0,6.0,145.4,145.4,2021-10-29 06:00:00
2021,10.0,29.0,7.0,159.98,159.98,2021-10-29 07:00:00
2021,10.0,29.0,8.0,192.52,192.52,2021-10-29 08:00:00
2021,10.0,29.0,9.0,209.13,209.13,2021-10-29 09:00:00
2021,10.0,29.0,10.0,211.13,211.13,2021-10-29 10:00:00
2021,10.0,29.0,11.0,205.62,205.62,2021-10-29 11:00:00
2021,10.0,29.0,12.0,194.89,194.89,2021-10-29 12:00:00
2021,10.0,29.0,13.0,190.37,190.37,2021-10-29 13:00:00
2021,10.0,29.0,14.0,185.25,185.25,2021-10-29 14:00:00
2021,10.0,29.0,15.0,178.0,178.0,2021-10-29 15:00:00
2021,10.0,29.0,16.0,161.32,161.32,2021-10-29 16:00:00
2021,10.0,29.0,17.0,170.01,170.01,2021-10-29 17:00:00
2021,10.0,29.0,18.0,189.37,189.37,2021-10-29 18:00:00
2021,10.0,29.0,19.0,205.62,205.62,2021-10-29 19:00:00
2021,10.0,29.0,20.0,216.53,216.53,2021-10-29 20:00:00
2021,10.0,29.0,21.0,209.89,209.89,2021-10-29 21:00:00
2021,10.0,29.0,22.0,187.88,187.88,2021-10-29 22:00:00
2021,10.0,29.0,23.0,160.0,160.0,2021-10-29 23:00:00
2021,10.0,29.0,24.0,156.59,156.59,2021-10-30 00:00:00
2021,10.0,30.0,1.0,100.0,100.0,2021-10-30 01:00:00
2021,10.0,30.0,2.0,90.11,90.11,2021-10-30 02:00:00
2021,10.0,30.0,3.0,75.47,75.47,2021-10-30 03:00:00
2021,10.0,30.0,4.0,63.97,63.97,2021-10-30 04:00:00
2021,10.0,30.0,5.0,58.79,58.79,2021-10-30 05:00:00
2021,10.0,30.0,6.0,61.05,61.05,2021-10-30 06:00:00
2021,10.0,30.0,7.0,77.36,77.36,2021-10-30 07:00:00
2021,10.0,30.0,8.0,92.06,92.06,2021-10-30 08:00:00
2021,10.0,30.0,9.0,117.65,117.65,2021-10-30 09:00:00
2021,10.0,30.0,10.0,149.89,149.89,2021-10-30 10:00:00
2021,10.0,30.0,11.0,155.21,155.21,2021-10-30 11:00:00
2021,10.0,30.0,12.0,148.29,148.29,2021-10-30 12:00:00
2021,10.0,30.0,13.0,144.99,144.99,2021-10-30 13:00:00
2021,10.0,30.0,14.0,129.89,129.89,2021-10-30 14:00:00
2021,10.0,30.0,15.0,120.0,120.0,2021-10-30 15:00:00
2021,10.0,30.0,16.0,105.76,105.76,2021-10-30 16:00:00
2021,10.0,30.0,17.0,133.46,133.46,2021-10-30 17:00:00
2021,10.0,30.0,18.0,155.86,155.86,2021-10-30 18:00:00
2021,10.0,30.0,19.0,167.92,167.92,2021-10-30 19:00:00
2021,10.0,30.0,20.0,186.21,186.21,2021-10-30 20:00:00
2021,10.0,30.0,21.0,192.07,192.07,2021-10-30 21:00:00
2021,10.0,30.0,22.0,178.51,178.51,2021-10-30 22:00:00
2021,10.0,30.0,23.0,151.45,151.45,2021-10-30 23:00:00
2021,10.0,30.0,24.0,132.66,132.66,2021-10-31 00:00:00
2021,10.0,31.0,1.0,134.48,134.48,2021-10-31 01:00:00
2021,10.0,31.0,2.0,88.18,88.18,2021-10-31 02:00:00
2021,10.0,31.0,3.0,74.78,74.78,2021-10-31 03:00:00
2021,10.0,31.0,4.0,69.37,69.37,2021-10-31 04:00:00
2021,10.0,31.0,5.0,57.11,57.11,2021-10-31 05:00:00
2021,10.0,31.0,6.0,57.81,57.81,2021-10-31 06:00:00
2021,10.0,31.0,7.0,52.94,52.94,2021-10-31 07:00:00
2021,10.0,31.0,8.0,53.65,53.65,2021-10-31 08:00:00
2021,10.0,31.0,9.0,56.0,56.0,2021-10-31 09:00:00
2021,10.0,31.0,10.0,52.79,52.79,2021-10-31 10:00:00
2021,10.0,31.0,11.0,71.71,71.71,2021-10-31 11:00:00
2021,10.0,31.0,12.0,64.99,64.99,2021-10-31 12:00:00
2021,10.0,31.0,13.0,64.91,64.91,2021-10-31 13:00:00
2021,10.0,31.0,14.0,61.66,61.66,2021-10-31 14:00:00
2021,10.0,31.0,15.0,56.12,56.12,2021-10-31 15:00:00
2021,10.0,31.0,16.0,56.15,56.15,2021-10-31 16:00:00
2021,10.0,31.0,17.0,55.0,55.0,2021-10-31 17:00:00
2021,10.0,31.0,18.0,64.31,64.31,2021-10-31 18:00:00
2021,10.0,31.0,19.0,81.7,81.7,2021-10-31 19:00:00
2021,10.0,31.0,20.0,91.95,91.95,2021-10-31 20:00:00
2021,10.0,31.0,21.0,100.04,100.04,2021-10-31 21:00:00
2021,10.0,31.0,22.0,148.0,148.0,2021-10-31 22:00:00
2021,10.0,31.0,23.0,130.5,130.5,2021-10-31 23:00:00
2021,10.0,31.0,24.0,117.84,117.84,2021-11-01 00:00:00
2021,11.0,1.0,1.0,78.43,78.43,2021-11-01 01:00:00
2021,11.0,1.0,2.0,55.06,55.06,2021-11-01 02:00:00
2021,11.0,1.0,3.0,43.92,43.92,2021-11-01 03:00:00
2021,11.0,1.0,4.0,22.05,22.05,2021-11-01 04:00:00
2021,11.0,1.0,5.0,15.0,15.0,2021-11-01 05:00:00
2021,11.0,1.0,6.0,41.09,41.09,2021-11-01 06:00:00
2021,11.0,1.0,7.0,58.29,58.29,2021-11-01 07:00:00
2021,11.0,1.0,8.0,77.54,77.54,2021-11-01 08:00:00
2021,11.0,1.0,9.0,88.81,88.81,2021-11-01 09:00:00
2021,11.0,1.0,10.0,85.42,85.42,2021-11-01 10:00:00
2021,11.0,1.0,11.0,83.2,83.2,2021-11-01 11:00:00
2021,11.0,1.0,12.0,78.31,78.31,2021-11-01 12:00:00
2021,11.0,1.0,13.0,78.98,78.98,2021-11-01 13:00:00
2021,11.0,1.0,14.0,70.62,70.62,2021-11-01 14:00:00
2021,11.0,1.0,15.0,60.34,60.34,2021-11-01 15:00:00
2021,11.0,1.0,16.0,72.0,72.0,2021-11-01 16:00:00
2021,11.0,1.0,17.0,85.0,85.0,2021-11-01 17:00:00
2021,11.0,1.0,18.0,134.89,134.89,2021-11-01 18:00:00
2021,11.0,1.0,19.0,183.0,183.0,2021-11-01 19:00:00
2021,11.0,1.0,20.0,179.9,179.9,2021-11-01 20:00:00
2021,11.0,1.0,21.0,163.08,163.08,2021-11-01 21:00:00
2021,11.0,1.0,22.0,151.51,151.51,2021-11-01 22:00:00
2021,11.0,1.0,23.0,147.37,147.37,2021-11-01 23:00:00
2021,11.0,1.0,24.0,134.9,134.9,2021-11-02 00:00:00
2021,11.0,2.0,1.0,111.11,111.11,2021-11-02 01:00:00
2021,11.0,2.0,2.0,98.8,98.8,2021-11-02 02:00:00
2021,11.0,2.0,3.0,95.06,95.06,2021-11-02 03:00:00
2021,11.0,2.0,4.0,94.13,94.13,2021-11-02 04:00:00
2021,11.0,2.0,5.0,95.06,95.06,2021-11-02 05:00:00
2021,11.0,2.0,6.0,98.2,98.2,2021-11-02 06:00:00
2021,11.0,2.0,7.0,136.45,136.45,2021-11-02 07:00:00
2021,11.0,2.0,8.0,174.52,174.52,2021-11-02 08:00:00
2021,11.0,2.0,9.0,176.03,176.03,2021-11-02 09:00:00
2021,11.0,2.0,10.0,171.79,171.79,2021-11-02 10:00:00
2021,11.0,2.0,11.0,161.91,161.91,2021-11-02 11:00:00
2021,11.0,2.0,12.0,133.01,133.01,2021-11-02 12:00:00
2021,11.0,2.0,13.0,121.11,121.11,2021-11-02 13:00:00
2021,11.0,2.0,14.0,111.11,111.11,2021-11-02 14:00:00
2021,11.0,2.0,15.0,108.96,108.96,2021-11-02 15:00:00
2021,11.0,2.0,16.0,131.16,131.16,2021-11-02 16:00:00
2021,11.0,2.0,17.0,161.27,161.27,2021-11-02 17:00:00
2021,11.0,2.0,18.0,171.01,171.01,2021-11-02 18:00:00
2021,11.0,2.0,19.0,180.53,180.53,2021-11-02 19:00:00
2021,11.0,2.0,20.0,200.0,200.0,2021-11-02 20:00:00
2021,11.0,2.0,21.0,223.55,223.55,2021-11-02 21:00:00
2021,11.0,2.0,22.0,201.0,201.0,2021-11-02 22:00:00
2021,11.0,2.0,23.0,179.99,179.99,2021-11-02 23:00:00
2021,11.0,2.0,24.0,167.0,167.0,2021-11-03 00:00:00
2021,11.0,3.0,1.0,146.68,146.68,2021-11-03 01:00:00
2021,11.0,3.0,2.0,143.08,143.08,2021-11-03 02:00:00
2021,11.0,3.0,3.0,140.25,140.25,2021-11-03 03:00:00
2021,11.0,3.0,4.0,130.84,130.84,2021-11-03 04:00:00
2021,11.0,3.0,5.0,130.03,130.03,2021-11-03 05:00:00
2021,11.0,3.0,6.0,138.7,138.7,2021-11-03 06:00:00
2021,11.0,3.0,7.0,161.83,161.83,2021-11-03 07:00:00
2021,11.0,3.0,8.0,188.53,188.53,2021-11-03 08:00:00
2021,11.0,3.0,9.0,190.05,190.05,2021-11-03 09:00:00
2021,11.0,3.0,10.0,180.53,180.53,2021-11-03 10:00:00
2021,11.0,3.0,11.0,166.91,166.91,2021-11-03 11:00:00
2021,11.0,3.0,12.0,145.0,145.0,2021-11-03 12:00:00
2021,11.0,3.0,13.0,135.0,135.0,2021-11-03 13:00:00
2021,11.0,3.0,14.0,119.9,119.9,2021-11-03 14:00:00
2021,11.0,3.0,15.0,118.0,118.0,2021-11-03 15:00:00
2021,11.0,3.0,16.0,119.4,119.4,2021-11-03 16:00:00
2021,11.0,3.0,17.0,119.9,119.9,2021-11-03 17:00:00
2021,11.0,3.0,18.0,159.51,159.51,2021-11-03 18:00:00
2021,11.0,3.0,19.0,180.35,180.35,2021-11-03 19:00:00
2021,11.0,3.0,20.0,191.03,191.03,2021-11-03 20:00:00
2021,11.0,3.0,21.0,202.9,202.9,2021-11-03 21:00:00
2021,11.0,3.0,22.0,183.63,183.63,2021-11-03 22:00:00
2021,11.0,3.0,23.0,165.92,165.92,2021-11-03 23:00:00
2021,11.0,3.0,24.0,145.07,145.07,2021-11-04 00:00:00
2021,11.0,4.0,1.0,165.39,165.39,2021-11-04 01:00:00
2021,11.0,4.0,2.0,152.51,152.51,2021-11-04 02:00:00
2021,11.0,4.0,3.0,145.87,145.87,2021-11-04 03:00:00
2021,11.0,4.0,4.0,143.06,143.06,2021-11-04 04:00:00
2021,11.0,4.0,5.0,145.38,145.38,2021-11-04 05:00:00
2021,11.0,4.0,6.0,159.61,159.61,2021-11-04 06:00:00
2021,11.0,4.0,7.0,180.53,180.53,2021-11-04 07:00:00
2021,11.0,4.0,8.0,191.03,191.03,2021-11-04 08:00:00
2021,11.0,4.0,9.0,192.96,192.96,2021-11-04 09:00:00
2021,11.0,4.0,10.0,189.0,189.0,2021-11-04 10:00:00
2021,11.0,4.0,11.0,180.12,180.12,2021-11-04 11:00:00
2021,11.0,4.0,12.0,173.46,173.46,2021-11-04 12:00:00
2021,11.0,4.0,13.0,168.98,168.98,2021-11-04 13:00:00
2021,11.0,4.0,14.0,162.6,162.6,2021-11-04 14:00:00
2021,11.0,4.0,15.0,154.74,154.74,2021-11-04 15:00:00
2021,11.0,4.0,16.0,154.74,154.74,2021-11-04 16:00:00
2021,11.0,4.0,17.0,173.78,173.78,2021-11-04 17:00:00
2021,11.0,4.0,18.0,189.52,189.52,2021-11-04 18:00:00
2021,11.0,4.0,19.0,199.64,199.64,2021-11-04 19:00:00
2021,11.0,4.0,20.0,193.47,193.47,2021-11-04 20:00:00
2021,11.0,4.0,21.0,184.21,184.21,2021-11-04 21:00:00
2021,11.0,4.0,22.0,179.67,179.67,2021-11-04 22:00:00
2021,11.0,4.0,23.0,175.61,175.61,2021-11-04 23:00:00
2021,11.0,4.0,24.0,170.02,170.02,2021-11-05 00:00:00
2021,11.0,5.0,1.0,163.51,163.51,2021-11-05 01:00:00
2021,11.0,5.0,2.0,160.79,160.79,2021-11-05 02:00:00
2021,11.0,5.0,3.0,156.05,156.05,2021-11-05 03:00:00
2021,11.0,5.0,4.0,146.1,146.1,2021-11-05 04:00:00
2021,11.0,5.0,5.0,141.36,141.36,2021-11-05 05:00:00
2021,11.0,5.0,6.0,159.32,159.32,2021-11-05 06:00:00
2021,11.0,5.0,7.0,180.06,180.06,2021-11-05 07:00:00
2021,11.0,5.0,8.0,191.0,191.0,2021-11-05 08:00:00
2021,11.0,5.0,9.0,190.49,190.49,2021-11-05 09:00:00
2021,11.0,5.0,10.0,186.79,186.79,2021-11-05 10:00:00
2021,11.0,5.0,11.0,171.59,171.59,2021-11-05 11:00:00
2021,11.0,5.0,12.0,163.0,163.0,2021-11-05 12:00:00
2021,11.0,5.0,13.0,155.34,155.34,2021-11-05 13:00:00
2021,11.0,5.0,14.0,147.62,147.62,2021-11-05 14:00:00
2021,11.0,5.0,15.0,141.0,141.0,2021-11-05 15:00:00
2021,11.0,5.0,16.0,138.25,138.25,2021-11-05 16:00:00
2021,11.0,5.0,17.0,167.79,167.79,2021-11-05 17:00:00
2021,11.0,5.0,18.0,187.3,187.3,2021-11-05 18:00:00
2021,11.0,5.0,19.0,195.0,195.0,2021-11-05 19:00:00
2021,11.0,5.0,20.0,201.28,201.28,2021-11-05 20:00:00
2021,11.0,5.0,21.0,203.24,203.24,2021-11-05 21:00:00
2021,11.0,5.0,22.0,198.1,198.1,2021-11-05 22:00:00
2021,11.0,5.0,23.0,189.75,189.75,2021-11-05 23:00:00
2021,11.0,5.0,24.0,180.06,180.06,2021-11-06 00:00:00
2021,11.0,6.0,1.0,184.81,184.81,2021-11-06 01:00:00
2021,11.0,6.0,2.0,173.71,173.71,2021-11-06 02:00:00
2021,11.0,6.0,3.0,171.42,171.42,2021-11-06 03:00:00
2021,11.0,6.0,4.0,160.0,160.0,2021-11-06 04:00:00
2021,11.0,6.0,5.0,144.0,144.0,2021-11-06 05:00:00
2021,11.0,6.0,6.0,136.28,136.28,2021-11-06 06:00:00
2021,11.0,6.0,7.0,146.92,146.92,2021-11-06 07:00:00
2021,11.0,6.0,8.0,162.4,162.4,2021-11-06 08:00:00
2021,11.0,6.0,9.0,168.67,168.67,2021-11-06 09:00:00
2021,11.0,6.0,10.0,155.28,155.28,2021-11-06 10:00:00
2021,11.0,6.0,11.0,139.06,139.06,2021-11-06 11:00:00
2021,11.0,6.0,12.0,133.69,133.69,2021-11-06 12:00:00
2021,11.0,6.0,13.0,131.83,131.83,2021-11-06 13:00:00
2021,11.0,6.0,14.0,136.28,136.28,2021-11-06 14:00:00
2021,11.0,6.0,15.0,135.01,135.01,2021-11-06 15:00:00
2021,11.0,6.0,16.0,131.83,131.83,2021-11-06 16:00:00
2021,11.0,6.0,17.0,139.06,139.06,2021-11-06 17:00:00
2021,11.0,6.0,18.0,173.71,173.71,2021-11-06 18:00:00
2021,11.0,6.0,19.0,186.13,186.13,2021-11-06 19:00:00
2021,11.0,6.0,20.0,190.31,190.31,2021-11-06 20:00:00
2021,11.0,6.0,21.0,176.55,176.55,2021-11-06 21:00:00
2021,11.0,6.0,22.0,173.62,173.62,2021-11-06 22:00:00
2021,11.0,6.0,23.0,167.0,167.0,2021-11-06 23:00:00
2021,11.0,6.0,24.0,160.73,160.73,2021-11-07 00:00:00
2021,11.0,7.0,1.0,137.49,137.49,2021-11-07 01:00:00
2021,11.0,7.0,2.0,127.03,121.2,2021-11-07 02:00:00
2021,11.0,7.0,3.0,107.14,107.14,2021-11-07 03:00:00
2021,11.0,7.0,4.0,78.76,78.76,2021-11-07 04:00:00
2021,11.0,7.0,5.0,58.78,58.78,2021-11-07 05:00:00
2021,11.0,7.0,6.0,75.75,75.75,2021-11-07 06:00:00
2021,11.0,7.0,7.0,86.69,86.69,2021-11-07 07:00:00
2021,11.0,7.0,8.0,87.88,87.88,2021-11-07 08:00:00
2021,11.0,7.0,9.0,118.94,118.94,2021-11-07 09:00:00
2021,11.0,7.0,10.0,126.1,126.1,2021-11-07 10:00:00
2021,11.0,7.0,11.0,126.1,126.1,2021-11-07 11:00:00
2021,11.0,7.0,12.0,128.28,128.28,2021-11-07 12:00:00
2021,11.0,7.0,13.0,129.41,129.41,2021-11-07 13:00:00
2021,11.0,7.0,14.0,131.06,123.0,2021-11-07 14:00:00
2021,11.0,7.0,15.0,129.88,119.89,2021-11-07 15:00:00
2021,11.0,7.0,16.0,121.2,121.2,2021-11-07 16:00:00
2021,11.0,7.0,17.0,129.41,129.41,2021-11-07 17:00:00
2021,11.0,7.0,18.0,172.97,172.97,2021-11-07 18:00:00
2021,11.0,7.0,19.0,186.0,186.0,2021-11-07 19:00:00
2021,11.0,7.0,20.0,194.8,194.8,2021-11-07 20:00:00
2021,11.0,7.0,21.0,185.51,185.51,2021-11-07 21:00:00
2021,11.0,7.0,22.0,184.84,184.84,2021-11-07 22:00:00
2021,11.0,7.0,23.0,179.83,179.83,2021-11-07 23:00:00
2021,11.0,7.0,24.0,175.98,175.98,2021-11-08 00:00:00
2021,11.0,8.0,1.0,172.86,172.86,2021-11-08 01:00:00
2021,11.0,8.0,2.0,165.68,165.68,2021-11-08 02:00:00
2021,11.0,8.0,3.0,150.1,150.1,2021-11-08 03:00:00
2021,11.0,8.0,4.0,139.41,139.41,2021-11-08 04:00:00
2021,11.0,8.0,5.0,139.36,139.36,2021-11-08 05:00:00
2021,11.0,8.0,6.0,152.55,152.55,2021-11-08 06:00:00
2021,11.0,8.0,7.0,172.3,172.3,2021-11-08 07:00:00
2021,11.0,8.0,8.0,186.76,186.76,2021-11-08 08:00:00
2021,11.0,8.0,9.0,186.0,186.0,2021-11-08 09:00:00
2021,11.0,8.0,10.0,177.9,177.9,2021-11-08 10:00:00
2021,11.0,8.0,11.0,167.17,167.17,2021-11-08 11:00:00
2021,11.0,8.0,12.0,141.06,141.06,2021-11-08 12:00:00
2021,11.0,8.0,13.0,141.06,141.06,2021-11-08 13:00:00
2021,11.0,8.0,14.0,141.06,141.06,2021-11-08 14:00:00
2021,11.0,8.0,15.0,139.88,139.88,2021-11-08 15:00:00
2021,11.0,8.0,16.0,140.28,140.28,2021-11-08 16:00:00
2021,11.0,8.0,17.0,164.88,164.88,2021-11-08 17:00:00
2021,11.0,8.0,18.0,179.63,179.63,2021-11-08 18:00:00
2021,11.0,8.0,19.0,196.14,196.14,2021-11-08 19:00:00
2021,11.0,8.0,20.0,202.0,202.0,2021-11-08 20:00:00
2021,11.0,8.0,21.0,203.71,203.71,2021-11-08 21:00:00
2021,11.0,8.0,22.0,199.62,199.62,2021-11-08 22:00:00
2021,11.0,8.0,23.0,187.13,187.13,2021-11-08 23:00:00
2021,11.0,8.0,24.0,177.6,177.6,2021-11-09 00:00:00
2021,11.0,9.0,1.0,153.01,153.01,2021-11-09 01:00:00
2021,11.0,9.0,2.0,154.53,154.53,2021-11-09 02:00:00
2021,11.0,9.0,3.0,151.01,151.01,2021-11-09 03:00:00
2021,11.0,9.0,4.0,145.36,145.36,2021-11-09 04:00:00
2021,11.0,9.0,5.0,145.5,145.5,2021-11-09 05:00:00
2021,11.0,9.0,6.0,156.79,156.79,2021-11-09 06:00:00
2021,11.0,9.0,7.0,173.99,173.99,2021-11-09 07:00:00
2021,11.0,9.0,8.0,188.7,188.7,2021-11-09 08:00:00
2021,11.0,9.0,9.0,188.8,188.8,2021-11-09 09:00:00
2021,11.0,9.0,10.0,185.0,185.0,2021-11-09 10:00:00
2021,11.0,9.0,11.0,172.07,172.07,2021-11-09 11:00:00
2021,11.0,9.0,12.0,155.01,155.01,2021-11-09 12:00:00
2021,11.0,9.0,13.0,169.46,169.46,2021-11-09 13:00:00
2021,11.0,9.0,14.0,171.46,171.46,2021-11-09 14:00:00
2021,11.0,9.0,15.0,175.52,175.52,2021-11-09 15:00:00
2021,11.0,9.0,16.0,184.98,184.98,2021-11-09 16:00:00
2021,11.0,9.0,17.0,186.67,186.67,2021-11-09 17:00:00
2021,11.0,9.0,18.0,196.84,196.84,2021-11-09 18:00:00
2021,11.0,9.0,19.0,213.03,213.03,2021-11-09 19:00:00
2021,11.0,9.0,20.0,220.01,220.01,2021-11-09 20:00:00
2021,11.0,9.0,21.0,218.4,218.4,2021-11-09 21:00:00
2021,11.0,9.0,22.0,197.52,197.52,2021-11-09 22:00:00
2021,11.0,9.0,23.0,191.0,191.0,2021-11-09 23:00:00
2021,11.0,9.0,24.0,188.19,188.19,2021-11-10 00:00:00
2021,11.0,10.0,1.0,187.01,187.01,2021-11-10 01:00:00
2021,11.0,10.0,2.0,180.91,180.91,2021-11-10 02:00:00
2021,11.0,10.0,3.0,179.5,179.5,2021-11-10 03:00:00
2021,11.0,10.0,4.0,171.81,171.81,2021-11-10 04:00:00
2021,11.0,10.0,5.0,173.25,173.25,2021-11-10 05:00:00
2021,11.0,10.0,6.0,182.6,182.6,2021-11-10 06:00:00
2021,11.0,10.0,7.0,204.14,204.14,2021-11-10 07:00:00
2021,11.0,10.0,8.0,214.01,214.01,2021-11-10 08:00:00
2021,11.0,10.0,9.0,217.17,217.17,2021-11-10 09:00:00
2021,11.0,10.0,10.0,208.8,208.8,2021-11-10 10:00:00
2021,11.0,10.0,11.0,196.66,196.66,2021-11-10 11:00:00
2021,11.0,10.0,12.0,193.61,193.61,2021-11-10 12:00:00
2021,11.0,10.0,13.0,194.34,194.34,2021-11-10 13:00:00
2021,11.0,10.0,14.0,194.65,194.65,2021-11-10 14:00:00
2021,11.0,10.0,15.0,192.8,192.8,2021-11-10 15:00:00
2021,11.0,10.0,16.0,192.43,192.43,2021-11-10 16:00:00
2021,11.0,10.0,17.0,195.64,195.64,2021-11-10 17:00:00
2021,11.0,10.0,18.0,210.0,210.0,2021-11-10 18:00:00
2021,11.0,10.0,19.0,223.0,223.0,2021-11-10 19:00:00
2021,11.0,10.0,20.0,230.0,230.0,2021-11-10 20:00:00
2021,11.0,10.0,21.0,230.01,230.01,2021-11-10 21:00:00
2021,11.0,10.0,22.0,221.41,221.41,2021-11-10 22:00:00
2021,11.0,10.0,23.0,202.0,202.0,2021-11-10 23:00:00
2021,11.0,10.0,24.0,186.97,186.97,2021-11-11 00:00:00
2021,11.0,11.0,1.0,168.03,168.03,2021-11-11 01:00:00
2021,11.0,11.0,2.0,161.36,161.36,2021-11-11 02:00:00
2021,11.0,11.0,3.0,160.0,160.0,2021-11-11 03:00:00
2021,11.0,11.0,4.0,152.5,152.5,2021-11-11 04:00:00
2021,11.0,11.0,5.0,155.0,155.0,2021-11-11 05:00:00
2021,11.0,11.0,6.0,160.09,160.09,2021-11-11 06:00:00
2021,11.0,11.0,7.0,170.96,170.96,2021-11-11 07:00:00
2021,11.0,11.0,8.0,196.66,196.66,2021-11-11 08:00:00
2021,11.0,11.0,9.0,200.3,200.3,2021-11-11 09:00:00
2021,11.0,11.0,10.0,192.54,192.54,2021-11-11 10:00:00
2021,11.0,11.0,11.0,180.0,180.0,2021-11-11 11:00:00
2021,11.0,11.0,12.0,176.32,176.32,2021-11-11 12:00:00
2021,11.0,11.0,13.0,176.26,176.26,2021-11-11 13:00:00
2021,11.0,11.0,14.0,176.97,176.97,2021-11-11 14:00:00
2021,11.0,11.0,15.0,173.57,173.57,2021-11-11 15:00:00
2021,11.0,11.0,16.0,174.6,174.6,2021-11-11 16:00:00
2021,11.0,11.0,17.0,188.99,188.99,2021-11-11 17:00:00
2021,11.0,11.0,18.0,202.9,202.9,2021-11-11 18:00:00
2021,11.0,11.0,19.0,234.0,234.0,2021-11-11 19:00:00
2021,11.0,11.0,20.0,232.09,232.09,2021-11-11 20:00:00
2021,11.0,11.0,21.0,218.0,218.0,2021-11-11 21:00:00
2021,11.0,11.0,22.0,201.0,201.0,2021-11-11 22:00:00
2021,11.0,11.0,23.0,180.01,180.01,2021-11-11 23:00:00
2021,11.0,11.0,24.0,164.79,164.79,2021-11-12 00:00:00
2021,11.0,12.0,1.0,184.19,184.19,2021-11-12 01:00:00
2021,11.0,12.0,2.0,178.69,178.69,2021-11-12 02:00:00
2021,11.0,12.0,3.0,172.44,172.44,2021-11-12 03:00:00
2021,11.0,12.0,4.0,163.18,163.18,2021-11-12 04:00:00
2021,11.0,12.0,5.0,159.87,159.87,2021-11-12 05:00:00
2021,11.0,12.0,6.0,165.5,165.5,2021-11-12 06:00:00
2021,11.0,12.0,7.0,185.36,185.36,2021-11-12 07:00:00
2021,11.0,12.0,8.0,205.79,205.79,2021-11-12 08:00:00
2021,11.0,12.0,9.0,211.05,211.05,2021-11-12 09:00:00
2021,11.0,12.0,10.0,204.0,204.0,2021-11-12 10:00:00
2021,11.0,12.0,11.0,197.79,197.79,2021-11-12 11:00:00
2021,11.0,12.0,12.0,187.96,187.96,2021-11-12 12:00:00
2021,11.0,12.0,13.0,187.32,187.32,2021-11-12 13:00:00
2021,11.0,12.0,14.0,185.53,185.53,2021-11-12 14:00:00
2021,11.0,12.0,15.0,184.86,184.86,2021-11-12 15:00:00
2021,11.0,12.0,16.0,181.39,181.39,2021-11-12 16:00:00
2021,11.0,12.0,17.0,185.09,185.09,2021-11-12 17:00:00
2021,11.0,12.0,18.0,190.0,190.0,2021-11-12 18:00:00
2021,11.0,12.0,19.0,206.0,206.0,2021-11-12 19:00:00
2021,11.0,12.0,20.0,205.0,205.0,2021-11-12 20:00:00
2021,11.0,12.0,21.0,185.68,185.68,2021-11-12 21:00:00
2021,11.0,12.0,22.0,179.64,179.64,2021-11-12 22:00:00
2021,11.0,12.0,23.0,169.12,169.12,2021-11-12 23:00:00
2021,11.0,12.0,24.0,165.0,165.0,2021-11-13 00:00:00
2021,11.0,13.0,1.0,190.0,190.0,2021-11-13 01:00:00
2021,11.0,13.0,2.0,184.73,184.73,2021-11-13 02:00:00
2021,11.0,13.0,3.0,173.46,173.46,2021-11-13 03:00:00
2021,11.0,13.0,4.0,151.82,151.82,2021-11-13 04:00:00
2021,11.0,13.0,5.0,151.82,151.82,2021-11-13 05:00:00
2021,11.0,13.0,6.0,151.82,151.82,2021-11-13 06:00:00
2021,11.0,13.0,7.0,151.82,151.82,2021-11-13 07:00:00
2021,11.0,13.0,8.0,173.79,173.79,2021-11-13 08:00:00
2021,11.0,13.0,9.0,173.99,173.99,2021-11-13 09:00:00
2021,11.0,13.0,10.0,173.49,173.49,2021-11-13 10:00:00
2021,11.0,13.0,11.0,173.89,173.89,2021-11-13 11:00:00
2021,11.0,13.0,12.0,177.47,177.47,2021-11-13 12:00:00
2021,11.0,13.0,13.0,177.5,177.5,2021-11-13 13:00:00
2021,11.0,13.0,14.0,176.52,176.52,2021-11-13 14:00:00
2021,11.0,13.0,15.0,176.52,176.52,2021-11-13 15:00:00
2021,11.0,13.0,16.0,176.52,176.52,2021-11-13 16:00:00
2021,11.0,13.0,17.0,180.6,180.6,2021-11-13 17:00:00
2021,11.0,13.0,18.0,210.0,210.0,2021-11-13 18:00:00
2021,11.0,13.0,19.0,220.0,220.0,2021-11-13 19:00:00
2021,11.0,13.0,20.0,214.0,214.0,2021-11-13 20:00:00
2021,11.0,13.0,21.0,202.0,202.0,2021-11-13 21:00:00
2021,11.0,13.0,22.0,200.62,200.62,2021-11-13 22:00:00
2021,11.0,13.0,23.0,188.52,188.52,2021-11-13 23:00:00
2021,11.0,13.0,24.0,180.5,180.5,2021-11-14 00:00:00
2021,11.0,14.0,1.0,184.73,184.73,2021-11-14 01:00:00
2021,11.0,14.0,2.0,170.03,170.03,2021-11-14 02:00:00
2021,11.0,14.0,3.0,167.24,167.24,2021-11-14 03:00:00
2021,11.0,14.0,4.0,155.81,155.81,2021-11-14 04:00:00
2021,11.0,14.0,5.0,146.88,146.88,2021-11-14 05:00:00
2021,11.0,14.0,6.0,145.0,145.0,2021-11-14 06:00:00
2021,11.0,14.0,7.0,155.41,155.41,2021-11-14 07:00:00
2021,11.0,14.0,8.0,164.93,164.93,2021-11-14 08:00:00
2021,11.0,14.0,9.0,160.54,160.54,2021-11-14 09:00:00
2021,11.0,14.0,10.0,170.07,170.07,2021-11-14 10:00:00
2021,11.0,14.0,11.0,177.2,177.2,2021-11-14 11:00:00
2021,11.0,14.0,12.0,169.01,169.01,2021-11-14 12:00:00
2021,11.0,14.0,13.0,180.0,180.0,2021-11-14 13:00:00
2021,11.0,14.0,14.0,170.02,170.02,2021-11-14 14:00:00
2021,11.0,14.0,15.0,158.0,158.0,2021-11-14 15:00:00
2021,11.0,14.0,16.0,155.41,155.41,2021-11-14 16:00:00
2021,11.0,14.0,17.0,157.7,157.7,2021-11-14 17:00:00
2021,11.0,14.0,18.0,197.94,197.94,2021-11-14 18:00:00
2021,11.0,14.0,19.0,204.47,204.47,2021-11-14 19:00:00
2021,11.0,14.0,20.0,206.21,206.21,2021-11-14 20:00:00
2021,11.0,14.0,21.0,200.0,200.0,2021-11-14 21:00:00
2021,11.0,14.0,22.0,196.0,196.0,2021-11-14 22:00:00
2021,11.0,14.0,23.0,184.73,184.73,2021-11-14 23:00:00
2021,11.0,14.0,24.0,162.0,162.0,2021-11-15 00:00:00
2021,11.0,15.0,1.0,165.85,165.85,2021-11-15 01:00:00
2021,11.0,15.0,2.0,158.9,158.9,2021-11-15 02:00:00
2021,11.0,15.0,3.0,155.81,155.81,2021-11-15 03:00:00
2021,11.0,15.0,4.0,151.35,151.35,2021-11-15 04:00:00
2021,11.0,15.0,5.0,157.06,149.64,2021-11-15 05:00:00
2021,11.0,15.0,6.0,163.92,163.92,2021-11-15 06:00:00
2021,11.0,15.0,7.0,191.12,191.12,2021-11-15 07:00:00
2021,11.0,15.0,8.0,212.3,212.3,2021-11-15 08:00:00
2021,11.0,15.0,9.0,214.87,214.87,2021-11-15 09:00:00
2021,11.0,15.0,10.0,196.0,196.0,2021-11-15 10:00:00
2021,11.0,15.0,11.0,179.84,179.84,2021-11-15 11:00:00
2021,11.0,15.0,12.0,150.0,150.0,2021-11-15 12:00:00
2021,11.0,15.0,13.0,145.64,145.64,2021-11-15 13:00:00
2021,11.0,15.0,14.0,146.13,146.13,2021-11-15 14:00:00
2021,11.0,15.0,15.0,147.0,147.0,2021-11-15 15:00:00
2021,11.0,15.0,16.0,155.01,155.01,2021-11-15 16:00:00
2021,11.0,15.0,17.0,171.49,171.49,2021-11-15 17:00:00
2021,11.0,15.0,18.0,200.0,200.0,2021-11-15 18:00:00
2021,11.0,15.0,19.0,220.0,220.0,2021-11-15 19:00:00
2021,11.0,15.0,20.0,230.3,230.3,2021-11-15 20:00:00
2021,11.0,15.0,21.0,235.0,235.0,2021-11-15 21:00:00
2021,11.0,15.0,22.0,217.79,217.79,2021-11-15 22:00:00
2021,11.0,15.0,23.0,195.48,195.48,2021-11-15 23:00:00
2021,11.0,15.0,24.0,180.31,180.31,2021-11-16 00:00:00
2021,11.0,16.0,1.0,182.52,182.52,2021-11-16 01:00:00
2021,11.0,16.0,2.0,167.37,167.37,2021-11-16 02:00:00
2021,11.0,16.0,3.0,162.84,162.84,2021-11-16 03:00:00
2021,11.0,16.0,4.0,160.25,160.25,2021-11-16 04:00:00
2021,11.0,16.0,5.0,161.13,161.13,2021-11-16 05:00:00
2021,11.0,16.0,6.0,176.1,176.1,2021-11-16 06:00:00
2021,11.0,16.0,7.0,193.33,193.33,2021-11-16 07:00:00
2021,11.0,16.0,8.0,199.71,199.71,2021-11-16 08:00:00
2021,11.0,16.0,9.0,205.0,205.0,2021-11-16 09:00:00
2021,11.0,16.0,10.0,203.77,203.77,2021-11-16 10:00:00
2021,11.0,16.0,11.0,193.22,193.22,2021-11-16 11:00:00
2021,11.0,16.0,12.0,180.3,180.3,2021-11-16 12:00:00
2021,11.0,16.0,13.0,186.54,186.54,2021-11-16 13:00:00
2021,11.0,16.0,14.0,189.81,189.81,2021-11-16 14:00:00
2021,11.0,16.0,15.0,175.0,175.0,2021-11-16 15:00:00
2021,11.0,16.0,16.0,180.0,180.0,2021-11-16 16:00:00
2021,11.0,16.0,17.0,192.65,192.65,2021-11-16 17:00:00
2021,11.0,16.0,18.0,209.8,209.8,2021-11-16 18:00:00
2021,11.0,16.0,19.0,236.08,236.08,2021-11-16 19:00:00
2021,11.0,16.0,20.0,250.0,250.0,2021-11-16 20:00:00
2021,11.0,16.0,21.0,250.0,250.0,2021-11-16 21:00:00
2021,11.0,16.0,22.0,220.38,220.38,2021-11-16 22:00:00
2021,11.0,16.0,23.0,196.62,196.62,2021-11-16 23:00:00
2021,11.0,16.0,24.0,189.0,189.0,2021-11-17 00:00:00
2021,11.0,17.0,1.0,194.01,194.01,2021-11-17 01:00:00
2021,11.0,17.0,2.0,185.68,185.68,2021-11-17 02:00:00
2021,11.0,17.0,3.0,180.0,180.0,2021-11-17 03:00:00
2021,11.0,17.0,4.0,164.52,164.52,2021-11-17 04:00:00
2021,11.0,17.0,5.0,163.22,163.22,2021-11-17 05:00:00
2021,11.0,17.0,6.0,166.73,166.73,2021-11-17 06:00:00
2021,11.0,17.0,7.0,188.73,188.73,2021-11-17 07:00:00
2021,11.0,17.0,8.0,226.53,226.53,2021-11-17 08:00:00
2021,11.0,17.0,9.0,232.9,232.9,2021-11-17 09:00:00
2021,11.0,17.0,10.0,212.08,212.08,2021-11-17 10:00:00
2021,11.0,17.0,11.0,183.23,183.23,2021-11-17 11:00:00
2021,11.0,17.0,12.0,165.17,165.17,2021-11-17 12:00:00
2021,11.0,17.0,13.0,165.07,165.07,2021-11-17 13:00:00
2021,11.0,17.0,14.0,165.17,165.17,2021-11-17 14:00:00
2021,11.0,17.0,15.0,163.41,163.41,2021-11-17 15:00:00
2021,11.0,17.0,16.0,165.17,165.17,2021-11-17 16:00:00
2021,11.0,17.0,17.0,184.0,184.0,2021-11-17 17:00:00
2021,11.0,17.0,18.0,208.51,208.51,2021-11-17 18:00:00
2021,11.0,17.0,19.0,240.08,240.08,2021-11-17 19:00:00
2021,11.0,17.0,20.0,249.9,249.9,2021-11-17 20:00:00
2021,11.0,17.0,21.0,235.0,235.0,2021-11-17 21:00:00
2021,11.0,17.0,22.0,220.0,220.0,2021-11-17 22:00:00
2021,11.0,17.0,23.0,215.0,215.0,2021-11-17 23:00:00
2021,11.0,17.0,24.0,202.08,202.08,2021-11-18 00:00:00
2021,11.0,18.0,1.0,221.44,221.44,2021-11-18 01:00:00
2021,11.0,18.0,2.0,215.16,215.16,2021-11-18 02:00:00
2021,11.0,18.0,3.0,205.0,205.0,2021-11-18 03:00:00
2021,11.0,18.0,4.0,190.0,190.0,2021-11-18 04:00:00
2021,11.0,18.0,5.0,177.63,177.63,2021-11-18 05:00:00
2021,11.0,18.0,6.0,200.0,200.0,2021-11-18 06:00:00
2021,11.0,18.0,7.0,198.18,198.18,2021-11-18 07:00:00
2021,11.0,18.0,8.0,220.55,230.77,2021-11-18 08:00:00
2021,11.0,18.0,9.0,234.13,240.9,2021-11-18 09:00:00
2021,11.0,18.0,10.0,230.0,230.0,2021-11-18 10:00:00
2021,11.0,18.0,11.0,210.0,210.0,2021-11-18 11:00:00
2021,11.0,18.0,12.0,200.33,200.33,2021-11-18 12:00:00
2021,11.0,18.0,13.0,215.16,215.16,2021-11-18 13:00:00
2021,11.0,18.0,14.0,219.83,219.83,2021-11-18 14:00:00
2021,11.0,18.0,15.0,222.26,222.26,2021-11-18 15:00:00
2021,11.0,18.0,16.0,232.92,232.92,2021-11-18 16:00:00
2021,11.0,18.0,17.0,242.51,242.51,2021-11-18 17:00:00
2021,11.0,18.0,18.0,258.0,258.0,2021-11-18 18:00:00
2021,11.0,18.0,19.0,263.12,276.63,2021-11-18 19:00:00
2021,11.0,18.0,20.0,263.12,275.08,2021-11-18 20:00:00
2021,11.0,18.0,21.0,263.12,264.44,2021-11-18 21:00:00
2021,11.0,18.0,22.0,250.0,250.0,2021-11-18 22:00:00
2021,11.0,18.0,23.0,240.22,240.22,2021-11-18 23:00:00
2021,11.0,18.0,24.0,230.16,230.16,2021-11-19 00:00:00
2021,11.0,19.0,1.0,220.05,220.05,2021-11-19 01:00:00
2021,11.0,19.0,2.0,215.57,215.57,2021-11-19 02:00:00
2021,11.0,19.0,3.0,213.26,213.26,2021-11-19 03:00:00
2021,11.0,19.0,4.0,198.0,198.0,2021-11-19 04:00:00
2021,11.0,19.0,5.0,199.67,199.67,2021-11-19 05:00:00
2021,11.0,19.0,6.0,214.33,214.33,2021-11-19 06:00:00
2021,11.0,19.0,7.0,225.39,225.39,2021-11-19 07:00:00
2021,11.0,19.0,8.0,228.26,235.75,2021-11-19 08:00:00
2021,11.0,19.0,9.0,240.67,242.03,2021-11-19 09:00:00
2021,11.0,19.0,10.0,232.38,232.38,2021-11-19 10:00:00
2021,11.0,19.0,11.0,225.38,225.38,2021-11-19 11:00:00
2021,11.0,19.0,12.0,222.44,222.44,2021-11-19 12:00:00
2021,11.0,19.0,13.0,225.38,225.38,2021-11-19 13:00:00
2021,11.0,19.0,14.0,225.38,225.38,2021-11-19 14:00:00
2021,11.0,19.0,15.0,225.18,225.18,2021-11-19 15:00:00
2021,11.0,19.0,16.0,225.79,225.79,2021-11-19 16:00:00
2021,11.0,19.0,17.0,231.75,231.75,2021-11-19 17:00:00
2021,11.0,19.0,18.0,243.75,243.75,2021-11-19 18:00:00
2021,11.0,19.0,19.0,265.16,265.16,2021-11-19 19:00:00
2021,11.0,19.0,20.0,266.08,266.08,2021-11-19 20:00:00
2021,11.0,19.0,21.0,256.16,256.16,2021-11-19 21:00:00
2021,11.0,19.0,22.0,231.04,231.04,2021-11-19 22:00:00
2021,11.0,19.0,23.0,226.5,226.5,2021-11-19 23:00:00
2021,11.0,19.0,24.0,225.79,225.79,2021-11-20 00:00:00
2021,11.0,20.0,1.0,202.8,202.8,2021-11-20 01:00:00
2021,11.0,20.0,2.0,199.0,199.0,2021-11-20 02:00:00
2021,11.0,20.0,3.0,199.0,199.0,2021-11-20 03:00:00
2021,11.0,20.0,4.0,191.65,191.65,2021-11-20 04:00:00
2021,11.0,20.0,5.0,188.0,188.0,2021-11-20 05:00:00
2021,11.0,20.0,6.0,189.81,189.81,2021-11-20 06:00:00
2021,11.0,20.0,7.0,194.75,194.75,2021-11-20 07:00:00
2021,11.0,20.0,8.0,199.0,199.0,2021-11-20 08:00:00
2021,11.0,20.0,9.0,199.0,199.0,2021-11-20 09:00:00
2021,11.0,20.0,10.0,213.74,213.74,2021-11-20 10:00:00
2021,11.0,20.0,11.0,220.68,220.68,2021-11-20 11:00:00
2021,11.0,20.0,12.0,217.9,217.9,2021-11-20 12:00:00
2021,11.0,20.0,13.0,224.6,224.6,2021-11-20 13:00:00
2021,11.0,20.0,14.0,214.72,214.72,2021-11-20 14:00:00
2021,11.0,20.0,15.0,210.8,210.8,2021-11-20 15:00:00
2021,11.0,20.0,16.0,218.59,218.59,2021-11-20 16:00:00
2021,11.0,20.0,17.0,230.0,230.0,2021-11-20 17:00:00
2021,11.0,20.0,18.0,230.0,230.0,2021-11-20 18:00:00
2021,11.0,20.0,19.0,250.0,250.0,2021-11-20 19:00:00
2021,11.0,20.0,20.0,255.82,255.82,2021-11-20 20:00:00
2021,11.0,20.0,21.0,260.0,260.0,2021-11-20 21:00:00
2021,11.0,20.0,22.0,249.19,249.19,2021-11-20 22:00:00
2021,11.0,20.0,23.0,240.01,240.01,2021-11-20 23:00:00
2021,11.0,20.0,24.0,244.0,244.0,2021-11-21 00:00:00
2021,11.0,21.0,1.0,269.66,269.66,2021-11-21 01:00:00
2021,11.0,21.0,2.0,250.01,250.01,2021-11-21 02:00:00
2021,11.0,21.0,3.0,239.32,239.32,2021-11-21 03:00:00
2021,11.0,21.0,4.0,233.73,233.73,2021-11-21 04:00:00
2021,11.0,21.0,5.0,230.13,230.13,2021-11-21 05:00:00
2021,11.0,21.0,6.0,228.34,228.34,2021-11-21 06:00:00
2021,11.0,21.0,7.0,218.59,218.59,2021-11-21 07:00:00
2021,11.0,21.0,8.0,213.73,213.73,2021-11-21 08:00:00
2021,11.0,21.0,9.0,212.07,212.07,2021-11-21 09:00:00
2021,11.0,21.0,10.0,223.77,223.77,2021-11-21 10:00:00
2021,11.0,21.0,11.0,224.13,224.13,2021-11-21 11:00:00
2021,11.0,21.0,12.0,221.63,221.63,2021-11-21 12:00:00
2021,11.0,21.0,13.0,222.37,222.37,2021-11-21 13:00:00
2021,11.0,21.0,14.0,213.73,213.73,2021-11-21 14:00:00
2021,11.0,21.0,15.0,207.92,207.92,2021-11-21 15:00:00
2021,11.0,21.0,16.0,207.79,207.79,2021-11-21 16:00:00
2021,11.0,21.0,17.0,220.0,220.0,2021-11-21 17:00:00
2021,11.0,21.0,18.0,240.0,240.0,2021-11-21 18:00:00
2021,11.0,21.0,19.0,253.24,253.24,2021-11-21 19:00:00
2021,11.0,21.0,20.0,257.63,257.63,2021-11-21 20:00:00
2021,11.0,21.0,21.0,245.51,245.51,2021-11-21 21:00:00
2021,11.0,21.0,22.0,239.32,239.32,2021-11-21 22:00:00
2021,11.0,21.0,23.0,224.44,224.44,2021-11-21 23:00:00
2021,11.0,21.0,24.0,213.73,213.73,2021-11-22 00:00:00
2021,11.0,22.0,1.0,229.01,229.01,2021-11-22 01:00:00
2021,11.0,22.0,2.0,218.01,218.01,2021-11-22 02:00:00
2021,11.0,22.0,3.0,199.0,199.0,2021-11-22 03:00:00
2021,11.0,22.0,4.0,198.6,198.6,2021-11-22 04:00:00
2021,11.0,22.0,5.0,194.51,194.51,2021-11-22 05:00:00
2021,11.0,22.0,6.0,202.7,202.7,2021-11-22 06:00:00
2021,11.0,22.0,7.0,240.0,240.0,2021-11-22 07:00:00
2021,11.0,22.0,8.0,250.0,250.0,2021-11-22 08:00:00
2021,11.0,22.0,9.0,256.67,256.67,2021-11-22 09:00:00
2021,11.0,22.0,10.0,254.0,254.0,2021-11-22 10:00:00
2021,11.0,22.0,11.0,248.01,248.01,2021-11-22 11:00:00
2021,11.0,22.0,12.0,245.51,245.51,2021-11-22 12:00:00
2021,11.0,22.0,13.0,247.6,247.6,2021-11-22 13:00:00
2021,11.0,22.0,14.0,243.44,243.44,2021-11-22 14:00:00
2021,11.0,22.0,15.0,240.01,240.01,2021-11-22 15:00:00
2021,11.0,22.0,16.0,240.01,240.01,2021-11-22 16:00:00
2021,11.0,22.0,17.0,240.11,240.11,2021-11-22 17:00:00
2021,11.0,22.0,18.0,247.7,247.7,2021-11-22 18:00:00
2021,11.0,22.0,19.0,259.37,259.37,2021-11-22 19:00:00
2021,11.0,22.0,20.0,264.22,264.22,2021-11-22 20:00:00
2021,11.0,22.0,21.0,264.7,264.7,2021-11-22 21:00:00
2021,11.0,22.0,22.0,240.72,240.72,2021-11-22 22:00:00
2021,11.0,22.0,23.0,228.85,228.85,2021-11-22 23:00:00
2021,11.0,22.0,24.0,223.42,223.42,2021-11-23 00:00:00
2021,11.0,23.0,1.0,215.0,215.0,2021-11-23 01:00:00
2021,11.0,23.0,2.0,203.98,203.98,2021-11-23 02:00:00
2021,11.0,23.0,3.0,199.0,199.0,2021-11-23 03:00:00
2021,11.0,23.0,4.0,193.06,193.06,2021-11-23 04:00:00
2021,11.0,23.0,5.0,190.83,190.83,2021-11-23 05:00:00
2021,11.0,23.0,6.0,199.8,199.8,2021-11-23 06:00:00
2021,11.0,23.0,7.0,213.01,213.01,2021-11-23 07:00:00
2021,11.0,23.0,8.0,224.82,224.82,2021-11-23 08:00:00
2021,11.0,23.0,9.0,226.0,226.0,2021-11-23 09:00:00
2021,11.0,23.0,10.0,225.35,225.35,2021-11-23 10:00:00
2021,11.0,23.0,11.0,221.21,221.21,2021-11-23 11:00:00
2021,11.0,23.0,12.0,218.01,218.01,2021-11-23 12:00:00
2021,11.0,23.0,13.0,217.42,217.42,2021-11-23 13:00:00
2021,11.0,23.0,14.0,217.42,217.42,2021-11-23 14:00:00
2021,11.0,23.0,15.0,217.22,217.22,2021-11-23 15:00:00
2021,11.0,23.0,16.0,221.0,221.0,2021-11-23 16:00:00
2021,11.0,23.0,17.0,225.81,225.81,2021-11-23 17:00:00
2021,11.0,23.0,18.0,238.18,238.18,2021-11-23 18:00:00
2021,11.0,23.0,19.0,262.0,262.0,2021-11-23 19:00:00
2021,11.0,23.0,20.0,269.3,269.3,2021-11-23 20:00:00
2021,11.0,23.0,21.0,277.77,277.77,2021-11-23 21:00:00
2021,11.0,23.0,22.0,265.14,265.14,2021-11-23 22:00:00
2021,11.0,23.0,23.0,239.05,239.05,2021-11-23 23:00:00
2021,11.0,23.0,24.0,233.42,233.42,2021-11-24 00:00:00
2021,11.0,24.0,1.0,230.06,230.06,2021-11-24 01:00:00
2021,11.0,24.0,2.0,215.0,215.0,2021-11-24 02:00:00
2021,11.0,24.0,3.0,204.45,204.45,2021-11-24 03:00:00
2021,11.0,24.0,4.0,194.34,194.34,2021-11-24 04:00:00
2021,11.0,24.0,5.0,194.01,194.01,2021-11-24 05:00:00
2021,11.0,24.0,6.0,213.14,213.14,2021-11-24 06:00:00
2021,11.0,24.0,7.0,236.48,236.48,2021-11-24 07:00:00
2021,11.0,24.0,8.0,259.33,259.33,2021-11-24 08:00:00
2021,11.0,24.0,9.0,265.0,265.0,2021-11-24 09:00:00
2021,11.0,24.0,10.0,257.8,257.8,2021-11-24 10:00:00
2021,11.0,24.0,11.0,239.45,239.45,2021-11-24 11:00:00
2021,11.0,24.0,12.0,230.3,230.3,2021-11-24 12:00:00
2021,11.0,24.0,13.0,227.42,227.42,2021-11-24 13:00:00
2021,11.0,24.0,14.0,222.36,222.36,2021-11-24 14:00:00
2021,11.0,24.0,15.0,209.45,209.45,2021-11-24 15:00:00
2021,11.0,24.0,16.0,200.75,200.75,2021-11-24 16:00:00
2021,11.0,24.0,17.0,211.77,211.77,2021-11-24 17:00:00
2021,11.0,24.0,18.0,222.36,222.36,2021-11-24 18:00:00
2021,11.0,24.0,19.0,236.48,236.48,2021-11-24 19:00:00
2021,11.0,24.0,20.0,245.0,245.0,2021-11-24 20:00:00
2021,11.0,24.0,21.0,248.33,248.33,2021-11-24 21:00:00
2021,11.0,24.0,22.0,236.44,236.44,2021-11-24 22:00:00
2021,11.0,24.0,23.0,212.72,212.72,2021-11-24 23:00:00
2021,11.0,24.0,24.0,204.45,204.45,2021-11-25 00:00:00
2021,11.0,25.0,1.0,227.32,227.32,2021-11-25 01:00:00
2021,11.0,25.0,2.0,218.54,218.54,2021-11-25 02:00:00
2021,11.0,25.0,3.0,207.54,207.54,2021-11-25 03:00:00
2021,11.0,25.0,4.0,201.28,201.28,2021-11-25 04:00:00
2021,11.0,25.0,5.0,204.01,204.01,2021-11-25 05:00:00
2021,11.0,25.0,6.0,216.5,216.5,2021-11-25 06:00:00
2021,11.0,25.0,7.0,221.22,221.22,2021-11-25 07:00:00
2021,11.0,25.0,8.0,236.48,236.48,2021-11-25 08:00:00
2021,11.0,25.0,9.0,250.0,250.0,2021-11-25 09:00:00
2021,11.0,25.0,10.0,250.0,250.0,2021-11-25 10:00:00
2021,11.0,25.0,11.0,237.44,237.44,2021-11-25 11:00:00
2021,11.0,25.0,12.0,230.0,230.0,2021-11-25 12:00:00
2021,11.0,25.0,13.0,223.81,223.81,2021-11-25 13:00:00
2021,11.0,25.0,14.0,220.3,220.3,2021-11-25 14:00:00
2021,11.0,25.0,15.0,215.01,215.01,2021-11-25 15:00:00
2021,11.0,25.0,16.0,210.75,210.75,2021-11-25 16:00:00
2021,11.0,25.0,17.0,221.77,221.77,2021-11-25 17:00:00
2021,11.0,25.0,18.0,232.36,232.36,2021-11-25 18:00:00
2021,11.0,25.0,19.0,250.0,250.0,2021-11-25 19:00:00
2021,11.0,25.0,20.0,255.0,255.0,2021-11-25 20:00:00
2021,11.0,25.0,21.0,256.94,256.94,2021-11-25 21:00:00
2021,11.0,25.0,22.0,248.48,248.48,2021-11-25 22:00:00
2021,11.0,25.0,23.0,229.11,229.11,2021-11-25 23:00:00
2021,11.0,25.0,24.0,218.15,218.15,2021-11-26 00:00:00
2021,11.0,26.0,1.0,240.0,240.0,2021-11-26 01:00:00
2021,11.0,26.0,2.0,231.06,231.06,2021-11-26 02:00:00
2021,11.0,26.0,3.0,220.95,220.95,2021-11-26 03:00:00
2021,11.0,26.0,4.0,204.51,204.51,2021-11-26 04:00:00
2021,11.0,26.0,5.0,195.09,195.09,2021-11-26 05:00:00
2021,11.0,26.0,6.0,216.36,216.36,2021-11-26 06:00:00
2021,11.0,26.0,7.0,225.22,225.22,2021-11-26 07:00:00
2021,11.0,26.0,8.0,237.0,237.0,2021-11-26 08:00:00
2021,11.0,26.0,9.0,246.41,246.41,2021-11-26 09:00:00
2021,11.0,26.0,10.0,242.52,242.52,2021-11-26 10:00:00
2021,11.0,26.0,11.0,233.61,233.61,2021-11-26 11:00:00
2021,11.0,26.0,12.0,225.01,225.01,2021-11-26 12:00:00
2021,11.0,26.0,13.0,221.36,221.36,2021-11-26 13:00:00
2021,11.0,26.0,14.0,218.42,218.42,2021-11-26 14:00:00
2021,11.0,26.0,15.0,195.09,195.09,2021-11-26 15:00:00
2021,11.0,26.0,16.0,194.34,194.34,2021-11-26 16:00:00
2021,11.0,26.0,17.0,223.31,223.31,2021-11-26 17:00:00
2021,11.0,26.0,18.0,240.0,240.0,2021-11-26 18:00:00
2021,11.0,26.0,19.0,250.0,250.0,2021-11-26 19:00:00
2021,11.0,26.0,20.0,251.32,251.32,2021-11-26 20:00:00
2021,11.0,26.0,21.0,250.0,250.0,2021-11-26 21:00:00
2021,11.0,26.0,22.0,241.16,241.16,2021-11-26 22:00:00
2021,11.0,26.0,23.0,233.45,233.45,2021-11-26 23:00:00
2021,11.0,26.0,24.0,226.05,226.05,2021-11-27 00:00:00
2021,11.0,27.0,1.0,223.31,223.31,2021-11-27 01:00:00
2021,11.0,27.0,2.0,218.86,218.86,2021-11-27 02:00:00
2021,11.0,27.0,3.0,210.36,210.36,2021-11-27 03:00:00
2021,11.0,27.0,4.0,193.82,193.82,2021-11-27 04:00:00
2021,11.0,27.0,5.0,178.56,178.56,2021-11-27 05:00:00
2021,11.0,27.0,6.0,173.67,173.67,2021-11-27 06:00:00
2021,11.0,27.0,7.0,174.07,174.07,2021-11-27 07:00:00
2021,11.0,27.0,8.0,202.86,202.86,2021-11-27 08:00:00
2021,11.0,27.0,9.0,210.0,210.0,2021-11-27 09:00:00
2021,11.0,27.0,10.0,219.45,219.45,2021-11-27 10:00:00
2021,11.0,27.0,11.0,218.86,218.86,2021-11-27 11:00:00
2021,11.0,27.0,12.0,205.01,205.01,2021-11-27 12:00:00
2021,11.0,27.0,13.0,173.87,173.87,2021-11-27 13:00:00
2021,11.0,27.0,14.0,173.67,173.67,2021-11-27 14:00:00
2021,11.0,27.0,15.0,173.47,173.47,2021-11-27 15:00:00
2021,11.0,27.0,16.0,171.77,171.77,2021-11-27 16:00:00
2021,11.0,27.0,17.0,192.81,192.81,2021-11-27 17:00:00
2021,11.0,27.0,18.0,223.86,223.86,2021-11-27 18:00:00
2021,11.0,27.0,19.0,243.63,243.63,2021-11-27 19:00:00
2021,11.0,27.0,20.0,240.0,240.0,2021-11-27 20:00:00
2021,11.0,27.0,21.0,238.43,238.43,2021-11-27 21:00:00
2021,11.0,27.0,22.0,223.86,223.86,2021-11-27 22:00:00
2021,11.0,27.0,23.0,216.27,216.27,2021-11-27 23:00:00
2021,11.0,27.0,24.0,204.0,204.0,2021-11-28 00:00:00
2021,11.0,28.0,1.0,210.02,210.02,2021-11-28 01:00:00
2021,11.0,28.0,2.0,195.85,195.85,2021-11-28 02:00:00
2021,11.0,28.0,3.0,188.12,188.12,2021-11-28 03:00:00
2021,11.0,28.0,4.0,181.2,181.2,2021-11-28 04:00:00
2021,11.0,28.0,5.0,176.0,176.0,2021-11-28 05:00:00
2021,11.0,28.0,6.0,174.5,174.5,2021-11-28 06:00:00
2021,11.0,28.0,7.0,181.4,181.4,2021-11-28 07:00:00
2021,11.0,28.0,8.0,184.77,184.77,2021-11-28 08:00:00
2021,11.0,28.0,9.0,185.99,185.99,2021-11-28 09:00:00
2021,11.0,28.0,10.0,199.99,199.99,2021-11-28 10:00:00
2021,11.0,28.0,11.0,203.01,203.01,2021-11-28 11:00:00
2021,11.0,28.0,12.0,204.0,204.0,2021-11-28 12:00:00
2021,11.0,28.0,13.0,192.79,192.79,2021-11-28 13:00:00
2021,11.0,28.0,14.0,192.81,192.81,2021-11-28 14:00:00
2021,11.0,28.0,15.0,192.79,192.79,2021-11-28 15:00:00
2021,11.0,28.0,16.0,189.53,189.53,2021-11-28 16:00:00
2021,11.0,28.0,17.0,194.06,194.06,2021-11-28 17:00:00
2021,11.0,28.0,18.0,229.9,229.9,2021-11-28 18:00:00
2021,11.0,28.0,19.0,247.94,247.94,2021-11-28 19:00:00
2021,11.0,28.0,20.0,240.06,240.06,2021-11-28 20:00:00
2021,11.0,28.0,21.0,232.08,232.08,2021-11-28 21:00:00
2021,11.0,28.0,22.0,231.39,231.39,2021-11-28 22:00:00
2021,11.0,28.0,23.0,211.71,211.71,2021-11-28 23:00:00
2021,11.0,28.0,24.0,194.06,194.06,2021-11-29 00:00:00
2021,11.0,29.0,1.0,199.5,199.5,2021-11-29 01:00:00
2021,11.0,29.0,2.0,192.53,192.53,2021-11-29 02:00:00
2021,11.0,29.0,3.0,107.49,107.49,2021-11-29 03:00:00
2021,11.0,29.0,4.0,99.94,99.94,2021-11-29 04:00:00
2021,11.0,29.0,5.0,100.11,100.11,2021-11-29 05:00:00
2021,11.0,29.0,6.0,189.0,189.0,2021-11-29 06:00:00
2021,11.0,29.0,7.0,192.8,192.8,2021-11-29 07:00:00
2021,11.0,29.0,8.0,219.29,219.29,2021-11-29 08:00:00
2021,11.0,29.0,9.0,227.69,227.69,2021-11-29 09:00:00
2021,11.0,29.0,10.0,231.39,231.39,2021-11-29 10:00:00
2021,11.0,29.0,11.0,227.2,227.2,2021-11-29 11:00:00
2021,11.0,29.0,12.0,216.69,216.69,2021-11-29 12:00:00
2021,11.0,29.0,13.0,215.39,215.39,2021-11-29 13:00:00
2021,11.0,29.0,14.0,216.69,216.69,2021-11-29 14:00:00
2021,11.0,29.0,15.0,215.09,215.09,2021-11-29 15:00:00
2021,11.0,29.0,16.0,227.3,227.3,2021-11-29 16:00:00
2021,11.0,29.0,17.0,234.34,234.34,2021-11-29 17:00:00
2021,11.0,29.0,18.0,245.05,245.05,2021-11-29 18:00:00
2021,11.0,29.0,19.0,265.9,265.9,2021-11-29 19:00:00
2021,11.0,29.0,20.0,270.0,270.0,2021-11-29 20:00:00
2021,11.0,29.0,21.0,290.0,290.0,2021-11-29 21:00:00
2021,11.0,29.0,22.0,270.0,270.0,2021-11-29 22:00:00
2021,11.0,29.0,23.0,258.85,258.85,2021-11-29 23:00:00
2021,11.0,29.0,24.0,247.69,247.69,2021-11-30 00:00:00
2021,11.0,30.0,1.0,281.29,255.35,2021-11-30 01:00:00
2021,11.0,30.0,2.0,270.0,250.0,2021-11-30 02:00:00
2021,11.0,30.0,3.0,242.76,242.76,2021-11-30 03:00:00
2021,11.0,30.0,4.0,238.36,225.67,2021-11-30 04:00:00
2021,11.0,30.0,5.0,233.37,220.12,2021-11-30 05:00:00
2021,11.0,30.0,6.0,240.46,240.46,2021-11-30 06:00:00
2021,11.0,30.0,7.0,272.21,272.21,2021-11-30 07:00:00
2021,11.0,30.0,8.0,292.88,292.88,2021-11-30 08:00:00
2021,11.0,30.0,9.0,299.38,299.38,2021-11-30 09:00:00
2021,11.0,30.0,10.0,298.87,298.87,2021-11-30 10:00:00
2021,11.0,30.0,11.0,294.38,294.38,2021-11-30 11:00:00
2021,11.0,30.0,12.0,283.41,283.41,2021-11-30 12:00:00
2021,11.0,30.0,13.0,270.0,270.0,2021-11-30 13:00:00
2021,11.0,30.0,14.0,270.0,270.0,2021-11-30 14:00:00
2021,11.0,30.0,15.0,271.02,271.02,2021-11-30 15:00:00
2021,11.0,30.0,16.0,272.21,272.21,2021-11-30 16:00:00
2021,11.0,30.0,17.0,282.04,282.04,2021-11-30 17:00:00
2021,11.0,30.0,18.0,300.0,300.0,2021-11-30 18:00:00
2021,11.0,30.0,19.0,309.3,309.3,2021-11-30 19:00:00
2021,11.0,30.0,20.0,302.6,302.6,2021-11-30 20:00:00
2021,11.0,30.0,21.0,300.6,300.6,2021-11-30 21:00:00
2021,11.0,30.0,22.0,299.8,299.8,2021-11-30 22:00:00
2021,11.0,30.0,23.0,281.34,281.34,2021-11-30 23:00:00
2021,11.0,30.0,24.0,254.97,254.97,2021-12-01 00:00:00
2021,12.0,1.0,1.0,289.1,289.1,2021-12-01 01:00:00
2021,12.0,1.0,2.0,259.05,259.05,2021-12-01 02:00:00
2021,12.0,1.0,3.0,246.25,246.25,2021-12-01 03:00:00
2021,12.0,1.0,4.0,232.97,232.97,2021-12-01 04:00:00
2021,12.0,1.0,5.0,200.3,200.3,2021-12-01 05:00:00
2021,12.0,1.0,6.0,200.0,200.0,2021-12-01 06:00:00
2021,12.0,1.0,7.0,244.0,244.0,2021-12-01 07:00:00
2021,12.0,1.0,8.0,273.73,273.73,2021-12-01 08:00:00
2021,12.0,1.0,9.0,280.1,280.1,2021-12-01 09:00:00
2021,12.0,1.0,10.0,260.0,260.0,2021-12-01 10:00:00
2021,12.0,1.0,11.0,248.0,248.0,2021-12-01 11:00:00
2021,12.0,1.0,12.0,243.9,243.9,2021-12-01 12:00:00
2021,12.0,1.0,13.0,241.1,241.1,2021-12-01 13:00:00
2021,12.0,1.0,14.0,237.9,237.9,2021-12-01 14:00:00
2021,12.0,1.0,15.0,232.9,232.9,2021-12-01 15:00:00
2021,12.0,1.0,16.0,237.9,237.9,2021-12-01 16:00:00
2021,12.0,1.0,17.0,241.1,241.1,2021-12-01 17:00:00
2021,12.0,1.0,18.0,248.25,248.25,2021-12-01 18:00:00
2021,12.0,1.0,19.0,267.9,267.9,2021-12-01 19:00:00
2021,12.0,1.0,20.0,280.1,280.1,2021-12-01 20:00:00
2021,12.0,1.0,21.0,280.57,280.57,2021-12-01 21:00:00
2021,12.0,1.0,22.0,254.0,254.0,2021-12-01 22:00:00
2021,12.0,1.0,23.0,241.1,241.1,2021-12-01 23:00:00
2021,12.0,1.0,24.0,192.81,192.81,2021-12-02 00:00:00
2021,12.0,2.0,1.0,231.1,231.1,2021-12-02 01:00:00
2021,12.0,2.0,2.0,200.01,200.01,2021-12-02 02:00:00
2021,12.0,2.0,3.0,192.79,192.79,2021-12-02 03:00:00
2021,12.0,2.0,4.0,190.28,190.28,2021-12-02 04:00:00
2021,12.0,2.0,5.0,172.29,172.29,2021-12-02 05:00:00
2021,12.0,2.0,6.0,186.69,186.69,2021-12-02 06:00:00
2021,12.0,2.0,7.0,192.81,192.81,2021-12-02 07:00:00
2021,12.0,2.0,8.0,239.63,239.63,2021-12-02 08:00:00
2021,12.0,2.0,9.0,250.98,250.98,2021-12-02 09:00:00
2021,12.0,2.0,10.0,250.1,250.1,2021-12-02 10:00:00
2021,12.0,2.0,11.0,232.25,232.25,2021-12-02 11:00:00
2021,12.0,2.0,12.0,192.81,192.81,2021-12-02 12:00:00
2021,12.0,2.0,13.0,190.78,190.78,2021-12-02 13:00:00
2021,12.0,2.0,14.0,183.13,183.13,2021-12-02 14:00:00
2021,12.0,2.0,15.0,171.3,171.3,2021-12-02 15:00:00
2021,12.0,2.0,16.0,182.93,182.93,2021-12-02 16:00:00
2021,12.0,2.0,17.0,192.81,192.81,2021-12-02 17:00:00
2021,12.0,2.0,18.0,248.1,248.1,2021-12-02 18:00:00
2021,12.0,2.0,19.0,261.0,261.0,2021-12-02 19:00:00
2021,12.0,2.0,20.0,273.47,273.47,2021-12-02 20:00:00
2021,12.0,2.0,21.0,277.98,277.98,2021-12-02 21:00:00
2021,12.0,2.0,22.0,276.51,276.51,2021-12-02 22:00:00
2021,12.0,2.0,23.0,256.1,256.1,2021-12-02 23:00:00
2021,12.0,2.0,24.0,250.0,250.0,2021-12-03 00:00:00
2021,12.0,3.0,1.0,243.0,243.0,2021-12-03 01:00:00
2021,12.0,3.0,2.0,213.58,213.58,2021-12-03 02:00:00
2021,12.0,3.0,3.0,198.57,198.57,2021-12-03 03:00:00
2021,12.0,3.0,4.0,195.0,195.0,2021-12-03 04:00:00
2021,12.0,3.0,5.0,194.06,194.06,2021-12-03 05:00:00
2021,12.0,3.0,6.0,198.57,198.57,2021-12-03 06:00:00
2021,12.0,3.0,7.0,208.0,208.0,2021-12-03 07:00:00
2021,12.0,3.0,8.0,235.0,235.0,2021-12-03 08:00:00
2021,12.0,3.0,9.0,250.02,250.02,2021-12-03 09:00:00
2021,12.0,3.0,10.0,248.35,248.35,2021-12-03 10:00:00
2021,12.0,3.0,11.0,224.82,224.82,2021-12-03 11:00:00
2021,12.0,3.0,12.0,208.21,208.21,2021-12-03 12:00:00
2021,12.0,3.0,13.0,202.42,202.42,2021-12-03 13:00:00
2021,12.0,3.0,14.0,197.78,197.78,2021-12-03 14:00:00
2021,12.0,3.0,15.0,194.06,194.06,2021-12-03 15:00:00
2021,12.0,3.0,16.0,200.0,200.0,2021-12-03 16:00:00
2021,12.0,3.0,17.0,222.57,222.57,2021-12-03 17:00:00
2021,12.0,3.0,18.0,258.0,258.0,2021-12-03 18:00:00
2021,12.0,3.0,19.0,272.98,272.98,2021-12-03 19:00:00
2021,12.0,3.0,20.0,271.96,271.96,2021-12-03 20:00:00
2021,12.0,3.0,21.0,271.85,271.85,2021-12-03 21:00:00
2021,12.0,3.0,22.0,263.36,263.36,2021-12-03 22:00:00
2021,12.0,3.0,23.0,238.69,238.69,2021-12-03 23:00:00
2021,12.0,3.0,24.0,216.68,216.68,2021-12-04 00:00:00
2021,12.0,4.0,1.0,240.53,240.53,2021-12-04 01:00:00
2021,12.0,4.0,2.0,222.0,222.0,2021-12-04 02:00:00
2021,12.0,4.0,3.0,201.5,201.5,2021-12-04 03:00:00
2021,12.0,4.0,4.0,185.0,185.0,2021-12-04 04:00:00
2021,12.0,4.0,5.0,185.01,185.01,2021-12-04 05:00:00
2021,12.0,4.0,6.0,183.79,183.79,2021-12-04 06:00:00
2021,12.0,4.0,7.0,187.6,187.6,2021-12-04 07:00:00
2021,12.0,4.0,8.0,205.0,205.0,2021-12-04 08:00:00
2021,12.0,4.0,9.0,221.0,221.0,2021-12-04 09:00:00
2021,12.0,4.0,10.0,230.43,230.43,2021-12-04 10:00:00
2021,12.0,4.0,11.0,230.65,230.65,2021-12-04 11:00:00
2021,12.0,4.0,12.0,227.73,227.73,2021-12-04 12:00:00
2021,12.0,4.0,13.0,229.92,229.92,2021-12-04 13:00:00
2021,12.0,4.0,14.0,222.0,222.0,2021-12-04 14:00:00
2021,12.0,4.0,15.0,218.73,218.73,2021-12-04 15:00:00
2021,12.0,4.0,16.0,210.0,210.0,2021-12-04 16:00:00
2021,12.0,4.0,17.0,222.0,222.0,2021-12-04 17:00:00
2021,12.0,4.0,18.0,243.05,243.05,2021-12-04 18:00:00
2021,12.0,4.0,19.0,250.0,250.0,2021-12-04 19:00:00
2021,12.0,4.0,20.0,248.0,248.0,2021-12-04 20:00:00
2021,12.0,4.0,21.0,241.93,241.93,2021-12-04 21:00:00
2021,12.0,4.0,22.0,248.0,248.0,2021-12-04 22:00:00
2021,12.0,4.0,23.0,230.23,230.23,2021-12-04 23:00:00
2021,12.0,4.0,24.0,217.45,217.45,2021-12-05 00:00:00
2021,12.0,5.0,1.0,175.4,175.4,2021-12-05 01:00:00
2021,12.0,5.0,2.0,104.99,104.99,2021-12-05 02:00:00
2021,12.0,5.0,3.0,82.0,82.0,2021-12-05 03:00:00
2021,12.0,5.0,4.0,10.0,10.0,2021-12-05 04:00:00
2021,12.0,5.0,5.0,5.0,5.0,2021-12-05 05:00:00
2021,12.0,5.0,6.0,2.67,2.67,2021-12-05 06:00:00
2021,12.0,5.0,7.0,3.76,3.76,2021-12-05 07:00:00
2021,12.0,5.0,8.0,10.0,10.0,2021-12-05 08:00:00
2021,12.0,5.0,9.0,80.0,80.0,2021-12-05 09:00:00
2021,12.0,5.0,10.0,87.5,87.5,2021-12-05 10:00:00
2021,12.0,5.0,11.0,82.5,82.5,2021-12-05 11:00:00
2021,12.0,5.0,12.0,40.0,40.0,2021-12-05 12:00:00
2021,12.0,5.0,13.0,20.1,20.1,2021-12-05 13:00:00
2021,12.0,5.0,14.0,23.08,23.08,2021-12-05 14:00:00
2021,12.0,5.0,15.0,20.5,20.5,2021-12-05 15:00:00
2021,12.0,5.0,16.0,10.41,10.41,2021-12-05 16:00:00
2021,12.0,5.0,17.0,80.0,80.0,2021-12-05 17:00:00
2021,12.0,5.0,18.0,176.69,176.69,2021-12-05 18:00:00
2021,12.0,5.0,19.0,219.85,219.85,2021-12-05 19:00:00
2021,12.0,5.0,20.0,240.0,240.0,2021-12-05 20:00:00
2021,12.0,5.0,21.0,250.47,250.47,2021-12-05 21:00:00
2021,12.0,5.0,22.0,251.65,251.65,2021-12-05 22:00:00
2021,12.0,5.0,23.0,245.05,245.05,2021-12-05 23:00:00
2021,12.0,5.0,24.0,225.72,225.72,2021-12-06 00:00:00
2021,12.0,6.0,1.0,204.44,204.44,2021-12-06 01:00:00
2021,12.0,6.0,2.0,194.06,194.06,2021-12-06 02:00:00
2021,12.0,6.0,3.0,192.79,187.87,2021-12-06 03:00:00
2021,12.0,6.0,4.0,190.53,179.99,2021-12-06 04:00:00
2021,12.0,6.0,5.0,192.79,177.47,2021-12-06 05:00:00
2021,12.0,6.0,6.0,192.79,177.37,2021-12-06 06:00:00
2021,12.0,6.0,7.0,192.79,179.99,2021-12-06 07:00:00
2021,12.0,6.0,8.0,189.17,189.17,2021-12-06 08:00:00
2021,12.0,6.0,9.0,189.07,189.07,2021-12-06 09:00:00
2021,12.0,6.0,10.0,190.0,190.0,2021-12-06 10:00:00
2021,12.0,6.0,11.0,192.79,192.79,2021-12-06 11:00:00
2021,12.0,6.0,12.0,192.79,192.79,2021-12-06 12:00:00
2021,12.0,6.0,13.0,190.53,190.53,2021-12-06 13:00:00
2021,12.0,6.0,14.0,192.79,192.79,2021-12-06 14:00:00
2021,12.0,6.0,15.0,197.0,197.0,2021-12-06 15:00:00
2021,12.0,6.0,16.0,210.91,210.91,2021-12-06 16:00:00
2021,12.0,6.0,17.0,230.29,230.29,2021-12-06 17:00:00
2021,12.0,6.0,18.0,248.0,248.0,2021-12-06 18:00:00
2021,12.0,6.0,19.0,257.59,257.59,2021-12-06 19:00:00
2021,12.0,6.0,20.0,263.01,263.01,2021-12-06 20:00:00
2021,12.0,6.0,21.0,273.61,273.61,2021-12-06 21:00:00
2021,12.0,6.0,22.0,250.0,250.0,2021-12-06 22:00:00
2021,12.0,6.0,23.0,240.0,240.0,2021-12-06 23:00:00
2021,12.0,6.0,24.0,226.05,226.05,2021-12-07 00:00:00
2021,12.0,7.0,1.0,221.12,221.12,2021-12-07 01:00:00
2021,12.0,7.0,2.0,198.02,198.02,2021-12-07 02:00:00
2021,12.0,7.0,3.0,197.88,197.88,2021-12-07 03:00:00
2021,12.0,7.0,4.0,197.83,197.83,2021-12-07 04:00:00
2021,12.0,7.0,5.0,197.73,197.73,2021-12-07 05:00:00
2021,12.0,7.0,6.0,216.9,216.9,2021-12-07 06:00:00
2021,12.0,7.0,7.0,215.01,215.01,2021-12-07 07:00:00
2021,12.0,7.0,8.0,232.43,232.43,2021-12-07 08:00:00
2021,12.0,7.0,9.0,237.21,237.21,2021-12-07 09:00:00
2021,12.0,7.0,10.0,235.97,235.97,2021-12-07 10:00:00
2021,12.0,7.0,11.0,225.0,225.0,2021-12-07 11:00:00
2021,12.0,7.0,12.0,218.0,218.0,2021-12-07 12:00:00
2021,12.0,7.0,13.0,207.31,207.31,2021-12-07 13:00:00
2021,12.0,7.0,14.0,193.99,193.99,2021-12-07 14:00:00
2021,12.0,7.0,15.0,192.06,192.06,2021-12-07 15:00:00
2021,12.0,7.0,16.0,192.06,192.06,2021-12-07 16:00:00
2021,12.0,7.0,17.0,192.06,192.06,2021-12-07 17:00:00
2021,12.0,7.0,18.0,210.0,210.0,2021-12-07 18:00:00
2021,12.0,7.0,19.0,224.57,224.57,2021-12-07 19:00:00
2021,12.0,7.0,20.0,232.23,232.23,2021-12-07 20:00:00
2021,12.0,7.0,21.0,235.97,235.97,2021-12-07 21:00:00
2021,12.0,7.0,22.0,223.71,223.71,2021-12-07 22:00:00
2021,12.0,7.0,23.0,200.0,200.0,2021-12-07 23:00:00
2021,12.0,7.0,24.0,186.28,186.28,2021-12-08 00:00:00
2021,12.0,8.0,1.0,176.0,176.0,2021-12-08 01:00:00
2021,12.0,8.0,2.0,113.01,113.01,2021-12-08 02:00:00
2021,12.0,8.0,3.0,104.78,104.78,2021-12-08 03:00:00
2021,12.0,8.0,4.0,34.99,34.99,2021-12-08 04:00:00
2021,12.0,8.0,5.0,14.98,14.98,2021-12-08 05:00:00
2021,12.0,8.0,6.0,14.0,14.0,2021-12-08 06:00:00
2021,12.0,8.0,7.0,25.0,25.0,2021-12-08 07:00:00
2021,12.0,8.0,8.0,25.0,25.0,2021-12-08 08:00:00
2021,12.0,8.0,9.0,63.13,63.13,2021-12-08 09:00:00
2021,12.0,8.0,10.0,50.69,50.69,2021-12-08 10:00:00
2021,12.0,8.0,11.0,94.99,94.99,2021-12-08 11:00:00
2021,12.0,8.0,12.0,20.0,20.0,2021-12-08 12:00:00
2021,12.0,8.0,13.0,14.98,14.98,2021-12-08 13:00:00
2021,12.0,8.0,14.0,50.69,50.69,2021-12-08 14:00:00
2021,12.0,8.0,15.0,90.0,90.0,2021-12-08 15:00:00
2021,12.0,8.0,16.0,80.1,80.1,2021-12-08 16:00:00
2021,12.0,8.0,17.0,140.0,140.0,2021-12-08 17:00:00
2021,12.0,8.0,18.0,175.45,175.45,2021-12-08 18:00:00
2021,12.0,8.0,19.0,197.47,197.47,2021-12-08 19:00:00
2021,12.0,8.0,20.0,231.51,231.51,2021-12-08 20:00:00
2021,12.0,8.0,21.0,238.75,238.75,2021-12-08 21:00:00
2021,12.0,8.0,22.0,237.5,237.5,2021-12-08 22:00:00
2021,12.0,8.0,23.0,220.0,220.0,2021-12-08 23:00:00
2021,12.0,8.0,24.0,196.42,196.42,2021-12-09 00:00:00
2021,12.0,9.0,1.0,205.75,205.75,2021-12-09 01:00:00
2021,12.0,9.0,2.0,180.0,180.0,2021-12-09 02:00:00
2021,12.0,9.0,3.0,176.53,176.53,2021-12-09 03:00:00
2021,12.0,9.0,4.0,175.2,175.2,2021-12-09 04:00:00
2021,12.0,9.0,5.0,175.1,175.1,2021-12-09 05:00:00
2021,12.0,9.0,6.0,176.53,176.53,2021-12-09 06:00:00
2021,12.0,9.0,7.0,186.9,186.9,2021-12-09 07:00:00
2021,12.0,9.0,8.0,237.05,237.05,2021-12-09 08:00:00
2021,12.0,9.0,9.0,249.43,249.43,2021-12-09 09:00:00
2021,12.0,9.0,10.0,246.27,246.27,2021-12-09 10:00:00
2021,12.0,9.0,11.0,242.56,242.56,2021-12-09 11:00:00
2021,12.0,9.0,12.0,223.52,223.52,2021-12-09 12:00:00
2021,12.0,9.0,13.0,212.13,212.13,2021-12-09 13:00:00
2021,12.0,9.0,14.0,210.0,210.0,2021-12-09 14:00:00
2021,12.0,9.0,15.0,210.0,210.0,2021-12-09 15:00:00
2021,12.0,9.0,16.0,219.44,219.44,2021-12-09 16:00:00
2021,12.0,9.0,17.0,232.0,232.0,2021-12-09 17:00:00
2021,12.0,9.0,18.0,242.87,242.87,2021-12-09 18:00:00
2021,12.0,9.0,19.0,250.01,250.01,2021-12-09 19:00:00
2021,12.0,9.0,20.0,250.4,250.4,2021-12-09 20:00:00
2021,12.0,9.0,21.0,252.59,252.59,2021-12-09 21:00:00
2021,12.0,9.0,22.0,239.45,239.45,2021-12-09 22:00:00
2021,12.0,9.0,23.0,220.44,220.44,2021-12-09 23:00:00
2021,12.0,9.0,24.0,187.52,187.52,2021-12-10 00:00:00
2021,12.0,10.0,1.0,182.06,182.06,2021-12-10 01:00:00
2021,12.0,10.0,2.0,177.0,177.0,2021-12-10 02:00:00
2021,12.0,10.0,3.0,129.7,129.7,2021-12-10 03:00:00
2021,12.0,10.0,4.0,99.9,99.9,2021-12-10 04:00:00
2021,12.0,10.0,5.0,98.13,98.13,2021-12-10 05:00:00
2021,12.0,10.0,6.0,127.0,127.0,2021-12-10 06:00:00
2021,12.0,10.0,7.0,180.6,180.6,2021-12-10 07:00:00
2021,12.0,10.0,8.0,215.4,215.4,2021-12-10 08:00:00
2021,12.0,10.0,9.0,245.94,245.94,2021-12-10 09:00:00
2021,12.0,10.0,10.0,247.65,247.65,2021-12-10 10:00:00
2021,12.0,10.0,11.0,246.75,246.75,2021-12-10 11:00:00
2021,12.0,10.0,12.0,233.49,233.49,2021-12-10 12:00:00
2021,12.0,10.0,13.0,216.34,216.34,2021-12-10 13:00:00
2021,12.0,10.0,14.0,215.1,215.1,2021-12-10 14:00:00
2021,12.0,10.0,15.0,215.0,215.0,2021-12-10 15:00:00
2021,12.0,10.0,16.0,215.4,215.4,2021-12-10 16:00:00
2021,12.0,10.0,17.0,236.05,236.05,2021-12-10 17:00:00
2021,12.0,10.0,18.0,248.06,248.06,2021-12-10 18:00:00
2021,12.0,10.0,19.0,253.0,253.0,2021-12-10 19:00:00
2021,12.0,10.0,20.0,260.0,260.0,2021-12-10 20:00:00
2021,12.0,10.0,21.0,262.16,262.16,2021-12-10 21:00:00
2021,12.0,10.0,22.0,243.61,243.61,2021-12-10 22:00:00
2021,12.0,10.0,23.0,236.43,236.43,2021-12-10 23:00:00
2021,12.0,10.0,24.0,217.0,217.0,2021-12-11 00:00:00
2021,12.0,11.0,1.0,221.11,221.11,2021-12-11 01:00:00
2021,12.0,11.0,2.0,213.53,213.53,2021-12-11 02:00:00
2021,12.0,11.0,3.0,208.03,208.03,2021-12-11 03:00:00
2021,12.0,11.0,4.0,202.0,202.0,2021-12-11 04:00:00
2021,12.0,11.0,5.0,201.6,201.6,2021-12-11 05:00:00
2021,12.0,11.0,6.0,206.7,206.7,2021-12-11 06:00:00
2021,12.0,11.0,7.0,208.42,208.42,2021-12-11 07:00:00
2021,12.0,11.0,8.0,201.9,201.9,2021-12-11 08:00:00
2021,12.0,11.0,9.0,208.42,208.42,2021-12-11 09:00:00
2021,12.0,11.0,10.0,216.18,216.18,2021-12-11 10:00:00
2021,12.0,11.0,11.0,215.17,215.17,2021-12-11 11:00:00
2021,12.0,11.0,12.0,229.33,229.33,2021-12-11 12:00:00
2021,12.0,11.0,13.0,240.01,240.01,2021-12-11 13:00:00
2021,12.0,11.0,14.0,250.0,250.0,2021-12-11 14:00:00
2021,12.0,11.0,15.0,240.77,240.77,2021-12-11 15:00:00
2021,12.0,11.0,16.0,246.92,246.92,2021-12-11 16:00:00
2021,12.0,11.0,17.0,260.83,260.83,2021-12-11 17:00:00
2021,12.0,11.0,18.0,281.59,281.59,2021-12-11 18:00:00
2021,12.0,11.0,19.0,292.0,292.0,2021-12-11 19:00:00
2021,12.0,11.0,20.0,290.0,290.0,2021-12-11 20:00:00
2021,12.0,11.0,21.0,285.0,285.0,2021-12-11 21:00:00
2021,12.0,11.0,22.0,286.0,286.0,2021-12-11 22:00:00
2021,12.0,11.0,23.0,277.24,277.24,2021-12-11 23:00:00
2021,12.0,11.0,24.0,266.03,266.03,2021-12-12 00:00:00
2021,12.0,12.0,1.0,263.07,263.07,2021-12-12 01:00:00
2021,12.0,12.0,2.0,251.21,251.21,2021-12-12 02:00:00
2021,12.0,12.0,3.0,244.78,244.78,2021-12-12 03:00:00
2021,12.0,12.0,4.0,229.29,229.29,2021-12-12 04:00:00
2021,12.0,12.0,5.0,218.01,218.01,2021-12-12 05:00:00
2021,12.0,12.0,6.0,222.7,222.7,2021-12-12 06:00:00
2021,12.0,12.0,7.0,232.17,232.17,2021-12-12 07:00:00
2021,12.0,12.0,8.0,250.2,250.2,2021-12-12 08:00:00
2021,12.0,12.0,9.0,242.34,242.34,2021-12-12 09:00:00
2021,12.0,12.0,10.0,257.82,257.82,2021-12-12 10:00:00
2021,12.0,12.0,11.0,251.21,251.21,2021-12-12 11:00:00
2021,12.0,12.0,12.0,244.4,244.4,2021-12-12 12:00:00
2021,12.0,12.0,13.0,254.26,254.26,2021-12-12 13:00:00
2021,12.0,12.0,14.0,257.82,257.82,2021-12-12 14:00:00
2021,12.0,12.0,15.0,250.0,250.0,2021-12-12 15:00:00
2021,12.0,12.0,16.0,240.38,240.38,2021-12-12 16:00:00
2021,12.0,12.0,17.0,253.33,253.33,2021-12-12 17:00:00
2021,12.0,12.0,18.0,282.0,282.0,2021-12-12 18:00:00
2021,12.0,12.0,19.0,295.0,295.0,2021-12-12 19:00:00
2021,12.0,12.0,20.0,298.0,298.0,2021-12-12 20:00:00
2021,12.0,12.0,21.0,292.3,292.3,2021-12-12 21:00:00
2021,12.0,12.0,22.0,290.13,290.13,2021-12-12 22:00:00
2021,12.0,12.0,23.0,286.0,286.0,2021-12-12 23:00:00
2021,12.0,12.0,24.0,261.0,261.0,2021-12-13 00:00:00
2021,12.0,13.0,1.0,250.59,250.59,2021-12-13 01:00:00
2021,12.0,13.0,2.0,229.09,229.09,2021-12-13 02:00:00
2021,12.0,13.0,3.0,221.5,221.5,2021-12-13 03:00:00
2021,12.0,13.0,4.0,219.73,219.73,2021-12-13 04:00:00
2021,12.0,13.0,5.0,217.71,217.71,2021-12-13 05:00:00
2021,12.0,13.0,6.0,230.11,230.11,2021-12-13 06:00:00
2021,12.0,13.0,7.0,265.0,265.0,2021-12-13 07:00:00
2021,12.0,13.0,8.0,284.0,284.0,2021-12-13 08:00:00
2021,12.0,13.0,9.0,291.92,291.92,2021-12-13 09:00:00
2021,12.0,13.0,10.0,288.0,288.0,2021-12-13 10:00:00
2021,12.0,13.0,11.0,262.6,262.6,2021-12-13 11:00:00
2021,12.0,13.0,12.0,259.26,259.26,2021-12-13 12:00:00
2021,12.0,13.0,13.0,258.91,258.91,2021-12-13 13:00:00
2021,12.0,13.0,14.0,259.99,259.99,2021-12-13 14:00:00
2021,12.0,13.0,15.0,260.86,260.86,2021-12-13 15:00:00
2021,12.0,13.0,16.0,262.8,262.8,2021-12-13 16:00:00
2021,12.0,13.0,17.0,282.0,282.0,2021-12-13 17:00:00
2021,12.0,13.0,18.0,300.0,300.0,2021-12-13 18:00:00
2021,12.0,13.0,19.0,310.0,310.0,2021-12-13 19:00:00
2021,12.0,13.0,20.0,313.0,313.0,2021-12-13 20:00:00
2021,12.0,13.0,21.0,315.43,315.43,2021-12-13 21:00:00
2021,12.0,13.0,22.0,300.0,300.0,2021-12-13 22:00:00
2021,12.0,13.0,23.0,287.67,287.67,2021-12-13 23:00:00
2021,12.0,13.0,24.0,266.81,266.81,2021-12-14 00:00:00
2021,12.0,14.0,1.0,290.98,290.98,2021-12-14 01:00:00
2021,12.0,14.0,2.0,283.89,283.89,2021-12-14 02:00:00
2021,12.0,14.0,3.0,276.8,276.8,2021-12-14 03:00:00
2021,12.0,14.0,4.0,254.24,254.24,2021-12-14 04:00:00
2021,12.0,14.0,5.0,250.0,250.0,2021-12-14 05:00:00
2021,12.0,14.0,6.0,265.45,265.45,2021-12-14 06:00:00
2021,12.0,14.0,7.0,290.16,290.16,2021-12-14 07:00:00
2021,12.0,14.0,8.0,294.32,294.32,2021-12-14 08:00:00
2021,12.0,14.0,9.0,298.04,298.04,2021-12-14 09:00:00
2021,12.0,14.0,10.0,295.86,295.86,2021-12-14 10:00:00
2021,12.0,14.0,11.0,289.85,289.85,2021-12-14 11:00:00
2021,12.0,14.0,12.0,270.65,270.65,2021-12-14 12:00:00
2021,12.0,14.0,13.0,280.0,280.0,2021-12-14 13:00:00
2021,12.0,14.0,14.0,284.13,284.13,2021-12-14 14:00:00
2021,12.0,14.0,15.0,281.23,281.23,2021-12-14 15:00:00
2021,12.0,14.0,16.0,289.74,289.74,2021-12-14 16:00:00
2021,12.0,14.0,17.0,292.78,292.78,2021-12-14 17:00:00
2021,12.0,14.0,18.0,301.07,301.07,2021-12-14 18:00:00
2021,12.0,14.0,19.0,315.13,315.13,2021-12-14 19:00:00
2021,12.0,14.0,20.0,319.13,319.13,2021-12-14 20:00:00
2021,12.0,14.0,21.0,320.0,320.0,2021-12-14 21:00:00
2021,12.0,14.0,22.0,299.41,299.41,2021-12-14 22:00:00
2021,12.0,14.0,23.0,292.78,292.78,2021-12-14 23:00:00
2021,12.0,14.0,24.0,270.99,270.99,2021-12-15 00:00:00
2021,12.0,15.0,1.0,295.24,295.24,2021-12-15 01:00:00
2021,12.0,15.0,2.0,281.46,281.46,2021-12-15 02:00:00
2021,12.0,15.0,3.0,274.59,274.59,2021-12-15 03:00:00
2021,12.0,15.0,4.0,262.2,262.2,2021-12-15 04:00:00
2021,12.0,15.0,5.0,261.73,261.73,2021-12-15 05:00:00
2021,12.0,15.0,6.0,283.53,283.53,2021-12-15 06:00:00
2021,12.0,15.0,7.0,279.64,279.64,2021-12-15 07:00:00
2021,12.0,15.0,8.0,299.13,299.13,2021-12-15 08:00:00
2021,12.0,15.0,9.0,301.51,301.51,2021-12-15 09:00:00
2021,12.0,15.0,10.0,300.0,300.0,2021-12-15 10:00:00
2021,12.0,15.0,11.0,297.37,297.37,2021-12-15 11:00:00
2021,12.0,15.0,12.0,294.0,294.0,2021-12-15 12:00:00
2021,12.0,15.0,13.0,290.0,290.0,2021-12-15 13:00:00
2021,12.0,15.0,14.0,290.0,290.0,2021-12-15 14:00:00
2021,12.0,15.0,15.0,280.01,280.01,2021-12-15 15:00:00
2021,12.0,15.0,16.0,284.13,284.13,2021-12-15 16:00:00
2021,12.0,15.0,17.0,292.73,292.73,2021-12-15 17:00:00
2021,12.0,15.0,18.0,301.0,301.0,2021-12-15 18:00:00
2021,12.0,15.0,19.0,312.29,312.29,2021-12-15 19:00:00
2021,12.0,15.0,20.0,317.13,317.13,2021-12-15 20:00:00
2021,12.0,15.0,21.0,319.13,319.13,2021-12-15 21:00:00
2021,12.0,15.0,22.0,305.5,305.5,2021-12-15 22:00:00
2021,12.0,15.0,23.0,299.59,299.59,2021-12-15 23:00:00
2021,12.0,15.0,24.0,279.55,279.55,2021-12-16 00:00:00
2021,12.0,16.0,1.0,291.04,291.04,2021-12-16 01:00:00
2021,12.0,16.0,2.0,279.5,279.5,2021-12-16 02:00:00
2021,12.0,16.0,3.0,273.79,273.79,2021-12-16 03:00:00
2021,12.0,16.0,4.0,260.22,260.22,2021-12-16 04:00:00
2021,12.0,16.0,5.0,251.78,251.78,2021-12-16 05:00:00
2021,12.0,16.0,6.0,266.49,266.49,2021-12-16 06:00:00
2021,12.0,16.0,7.0,278.18,278.18,2021-12-16 07:00:00
2021,12.0,16.0,8.0,318.0,318.0,2021-12-16 08:00:00
2021,12.0,16.0,9.0,324.96,324.96,2021-12-16 09:00:00
2021,12.0,16.0,10.0,323.24,323.24,2021-12-16 10:00:00
2021,12.0,16.0,11.0,310.07,310.07,2021-12-16 11:00:00
2021,12.0,16.0,12.0,307.16,307.16,2021-12-16 12:00:00
2021,12.0,16.0,13.0,309.96,309.96,2021-12-16 13:00:00
2021,12.0,16.0,14.0,309.96,309.96,2021-12-16 14:00:00
2021,12.0,16.0,15.0,303.41,303.41,2021-12-16 15:00:00
2021,12.0,16.0,16.0,305.0,305.0,2021-12-16 16:00:00
2021,12.0,16.0,17.0,310.0,310.0,2021-12-16 17:00:00
2021,12.0,16.0,18.0,323.0,323.0,2021-12-16 18:00:00
2021,12.0,16.0,19.0,337.96,337.96,2021-12-16 19:00:00
2021,12.0,16.0,20.0,340.99,340.99,2021-12-16 20:00:00
2021,12.0,16.0,21.0,345.0,345.0,2021-12-16 21:00:00
2021,12.0,16.0,22.0,320.0,320.0,2021-12-16 22:00:00
2021,12.0,16.0,23.0,290.55,290.55,2021-12-16 23:00:00
2021,12.0,16.0,24.0,279.37,279.37,2021-12-17 00:00:00
2021,12.0,17.0,1.0,289.26,289.26,2021-12-17 01:00:00
2021,12.0,17.0,2.0,276.46,276.46,2021-12-17 02:00:00
2021,12.0,17.0,3.0,266.64,266.64,2021-12-17 03:00:00
2021,12.0,17.0,4.0,255.23,255.23,2021-12-17 04:00:00
2021,12.0,17.0,5.0,250.0,250.0,2021-12-17 05:00:00
2021,12.0,17.0,6.0,270.09,270.09,2021-12-17 06:00:00
2021,12.0,17.0,7.0,303.81,303.81,2021-12-17 07:00:00
2021,12.0,17.0,8.0,326.0,326.0,2021-12-17 08:00:00
2021,12.0,17.0,9.0,329.02,329.02,2021-12-17 09:00:00
2021,12.0,17.0,10.0,327.98,327.98,2021-12-17 10:00:00
2021,12.0,17.0,11.0,320.0,320.0,2021-12-17 11:00:00
2021,12.0,17.0,12.0,318.28,318.28,2021-12-17 12:00:00
2021,12.0,17.0,13.0,317.82,317.82,2021-12-17 13:00:00
2021,12.0,17.0,14.0,317.58,317.58,2021-12-17 14:00:00
2021,12.0,17.0,15.0,317.58,317.58,2021-12-17 15:00:00
2021,12.0,17.0,16.0,318.53,318.53,2021-12-17 16:00:00
2021,12.0,17.0,17.0,322.42,322.42,2021-12-17 17:00:00
2021,12.0,17.0,18.0,331.85,331.85,2021-12-17 18:00:00
2021,12.0,17.0,19.0,349.98,349.98,2021-12-17 19:00:00
2021,12.0,17.0,20.0,350.0,350.0,2021-12-17 20:00:00
2021,12.0,17.0,21.0,341.98,341.98,2021-12-17 21:00:00
2021,12.0,17.0,22.0,315.83,315.83,2021-12-17 22:00:00
2021,12.0,17.0,23.0,310.49,310.49,2021-12-17 23:00:00
2021,12.0,17.0,24.0,293.88,293.88,2021-12-18 00:00:00
2021,12.0,18.0,1.0,310.12,310.12,2021-12-18 01:00:00
2021,12.0,18.0,2.0,300.0,300.0,2021-12-18 02:00:00
2021,12.0,18.0,3.0,299.03,299.03,2021-12-18 03:00:00
2021,12.0,18.0,4.0,270.37,270.37,2021-12-18 04:00:00
2021,12.0,18.0,5.0,265.77,265.77,2021-12-18 05:00:00
2021,12.0,18.0,6.0,273.24,273.24,2021-12-18 06:00:00
2021,12.0,18.0,7.0,278.2,278.2,2021-12-18 07:00:00
2021,12.0,18.0,8.0,300.0,300.0,2021-12-18 08:00:00
2021,12.0,18.0,9.0,313.08,313.08,2021-12-18 09:00:00
2021,12.0,18.0,10.0,315.13,315.13,2021-12-18 10:00:00
2021,12.0,18.0,11.0,312.98,312.98,2021-12-18 11:00:00
2021,12.0,18.0,12.0,309.39,309.39,2021-12-18 12:00:00
2021,12.0,18.0,13.0,309.8,309.8,2021-12-18 13:00:00
2021,12.0,18.0,14.0,293.74,293.74,2021-12-18 14:00:00
2021,12.0,18.0,15.0,286.8,286.8,2021-12-18 15:00:00
2021,12.0,18.0,16.0,301.0,301.0,2021-12-18 16:00:00
2021,12.0,18.0,17.0,309.6,309.6,2021-12-18 17:00:00
2021,12.0,18.0,18.0,318.03,318.03,2021-12-18 18:00:00
2021,12.0,18.0,19.0,338.12,338.12,2021-12-18 19:00:00
2021,12.0,18.0,20.0,341.73,341.73,2021-12-18 20:00:00
2021,12.0,18.0,21.0,342.03,342.03,2021-12-18 21:00:00
2021,12.0,18.0,22.0,326.03,326.03,2021-12-18 22:00:00
2021,12.0,18.0,23.0,320.03,320.03,2021-12-18 23:00:00
2021,12.0,18.0,24.0,317.69,317.69,2021-12-19 00:00:00
2021,12.0,19.0,1.0,335.62,335.62,2021-12-19 01:00:00
2021,12.0,19.0,2.0,318.51,318.51,2021-12-19 02:00:00
2021,12.0,19.0,3.0,310.0,310.0,2021-12-19 03:00:00
2021,12.0,19.0,4.0,276.65,276.65,2021-12-19 04:00:00
2021,12.0,19.0,5.0,274.9,274.9,2021-12-19 05:00:00
2021,12.0,19.0,6.0,275.55,275.55,2021-12-19 06:00:00
2021,12.0,19.0,7.0,305.86,305.86,2021-12-19 07:00:00
2021,12.0,19.0,8.0,317.58,317.58,2021-12-19 08:00:00
2021,12.0,19.0,9.0,315.86,315.86,2021-12-19 09:00:00
2021,12.0,19.0,10.0,324.23,324.23,2021-12-19 10:00:00
2021,12.0,19.0,11.0,325.0,325.0,2021-12-19 11:00:00
2021,12.0,19.0,12.0,323.83,323.83,2021-12-19 12:00:00
2021,12.0,19.0,13.0,319.09,319.09,2021-12-19 13:00:00
2021,12.0,19.0,14.0,321.0,321.0,2021-12-19 14:00:00
2021,12.0,19.0,15.0,321.0,321.0,2021-12-19 15:00:00
2021,12.0,19.0,16.0,317.02,317.02,2021-12-19 16:00:00
2021,12.0,19.0,17.0,319.32,319.32,2021-12-19 17:00:00
2021,12.0,19.0,18.0,332.99,332.99,2021-12-19 18:00:00
2021,12.0,19.0,19.0,344.14,344.14,2021-12-19 19:00:00
2021,12.0,19.0,20.0,349.41,349.41,2021-12-19 20:00:00
2021,12.0,19.0,21.0,350.0,350.0,2021-12-19 21:00:00
2021,12.0,19.0,22.0,343.1,343.1,2021-12-19 22:00:00
2021,12.0,19.0,23.0,328.0,328.0,2021-12-19 23:00:00
2021,12.0,19.0,24.0,322.42,322.42,2021-12-20 00:00:00
2021,12.0,20.0,1.0,319.0,319.0,2021-12-20 01:00:00
2021,12.0,20.0,2.0,304.57,304.57,2021-12-20 02:00:00
2021,12.0,20.0,3.0,319.05,319.05,2021-12-20 03:00:00
2021,12.0,20.0,4.0,272.82,272.82,2021-12-20 04:00:00
2021,12.0,20.0,5.0,267.99,267.99,2021-12-20 05:00:00
2021,12.0,20.0,6.0,284.12,284.12,2021-12-20 06:00:00
2021,12.0,20.0,7.0,312.96,312.96,2021-12-20 07:00:00
2021,12.0,20.0,8.0,355.68,355.68,2021-12-20 08:00:00
2021,12.0,20.0,9.0,360.0,360.0,2021-12-20 09:00:00
2021,12.0,20.0,10.0,360.21,360.21,2021-12-20 10:00:00
2021,12.0,20.0,11.0,353.0,353.0,2021-12-20 11:00:00
2021,12.0,20.0,12.0,350.01,350.01,2021-12-20 12:00:00
2021,12.0,20.0,13.0,351.0,351.0,2021-12-20 13:00:00
2021,12.0,20.0,14.0,353.78,353.78,2021-12-20 14:00:00
2021,12.0,20.0,15.0,353.74,353.74,2021-12-20 15:00:00
2021,12.0,20.0,16.0,355.62,355.62,2021-12-20 16:00:00
2021,12.0,20.0,17.0,359.75,359.75,2021-12-20 17:00:00
2021,12.0,20.0,18.0,360.0,360.0,2021-12-20 18:00:00
2021,12.0,20.0,19.0,370.0,370.0,2021-12-20 19:00:00
2021,12.0,20.0,20.0,374.74,374.74,2021-12-20 20:00:00
2021,12.0,20.0,21.0,375.0,375.0,2021-12-20 21:00:00
2021,12.0,20.0,22.0,367.75,367.75,2021-12-20 22:00:00
2021,12.0,20.0,23.0,350.0,350.0,2021-12-20 23:00:00
2021,12.0,20.0,24.0,325.35,325.35,2021-12-21 00:00:00
2021,12.0,21.0,1.0,324.61,324.61,2021-12-21 01:00:00
2021,12.0,21.0,2.0,313.27,313.27,2021-12-21 02:00:00
2021,12.0,21.0,3.0,300.0,300.0,2021-12-21 03:00:00
2021,12.0,21.0,4.0,270.0,270.0,2021-12-21 04:00:00
2021,12.0,21.0,5.0,270.0,270.0,2021-12-21 05:00:00
2021,12.0,21.0,6.0,304.73,304.73,2021-12-21 06:00:00
2021,12.0,21.0,7.0,314.61,314.61,2021-12-21 07:00:00
2021,12.0,21.0,8.0,331.93,331.93,2021-12-21 08:00:00
2021,12.0,21.0,9.0,341.61,341.61,2021-12-21 09:00:00
2021,12.0,21.0,10.0,342.61,342.61,2021-12-21 10:00:00
2021,12.0,21.0,11.0,335.0,335.0,2021-12-21 11:00:00
2021,12.0,21.0,12.0,328.32,328.32,2021-12-21 12:00:00
2021,12.0,21.0,13.0,324.61,324.61,2021-12-21 13:00:00
2021,12.0,21.0,14.0,322.61,322.61,2021-12-21 14:00:00
2021,12.0,21.0,15.0,324.61,324.61,2021-12-21 15:00:00
2021,12.0,21.0,16.0,328.61,328.61,2021-12-21 16:00:00
2021,12.0,21.0,17.0,335.0,335.0,2021-12-21 17:00:00
2021,12.0,21.0,18.0,340.61,340.61,2021-12-21 18:00:00
2021,12.0,21.0,19.0,360.0,360.0,2021-12-21 19:00:00
2021,12.0,21.0,20.0,365.0,365.0,2021-12-21 20:00:00
2021,12.0,21.0,21.0,370.0,370.0,2021-12-21 21:00:00
2021,12.0,21.0,22.0,354.15,354.15,2021-12-21 22:00:00
2021,12.0,21.0,23.0,336.61,336.61,2021-12-21 23:00:00
2021,12.0,21.0,24.0,318.61,318.61,2021-12-22 00:00:00
2021,12.0,22.0,1.0,354.49,354.49,2021-12-22 01:00:00
2021,12.0,22.0,2.0,350.0,350.0,2021-12-22 02:00:00
2021,12.0,22.0,3.0,340.0,340.0,2021-12-22 03:00:00
2021,12.0,22.0,4.0,336.15,336.15,2021-12-22 04:00:00
2021,12.0,22.0,5.0,333.9,333.9,2021-12-22 05:00:00
2021,12.0,22.0,6.0,345.01,345.01,2021-12-22 06:00:00
2021,12.0,22.0,7.0,353.03,353.03,2021-12-22 07:00:00
2021,12.0,22.0,8.0,372.0,372.0,2021-12-22 08:00:00
2021,12.0,22.0,9.0,378.65,378.65,2021-12-22 09:00:00
2021,12.0,22.0,10.0,378.66,378.66,2021-12-22 10:00:00
2021,12.0,22.0,11.0,370.0,370.0,2021-12-22 11:00:00
2021,12.0,22.0,12.0,364.25,364.25,2021-12-22 12:00:00
2021,12.0,22.0,13.0,360.0,360.0,2021-12-22 13:00:00
2021,12.0,22.0,14.0,357.26,357.26,2021-12-22 14:00:00
2021,12.0,22.0,15.0,355.0,355.0,2021-12-22 15:00:00
2021,12.0,22.0,16.0,357.26,357.26,2021-12-22 16:00:00
2021,12.0,22.0,17.0,365.0,365.0,2021-12-22 17:00:00
2021,12.0,22.0,18.0,374.49,374.49,2021-12-22 18:00:00
2021,12.0,22.0,19.0,380.0,380.0,2021-12-22 19:00:00
2021,12.0,22.0,20.0,380.0,380.0,2021-12-22 20:00:00
2021,12.0,22.0,21.0,379.49,379.49,2021-12-22 21:00:00
2021,12.0,22.0,22.0,370.05,370.05,2021-12-22 22:00:00
2021,12.0,22.0,23.0,354.49,354.49,2021-12-22 23:00:00
2021,12.0,22.0,24.0,331.4,331.4,2021-12-23 00:00:00
2021,12.0,23.0,1.0,386.1,386.1,2021-12-23 01:00:00
2021,12.0,23.0,2.0,354.86,354.86,2021-12-23 02:00:00
2021,12.0,23.0,3.0,309.25,309.25,2021-12-23 03:00:00
2021,12.0,23.0,4.0,303.0,303.0,2021-12-23 04:00:00
2021,12.0,23.0,5.0,317.0,317.0,2021-12-23 05:00:00
2021,12.0,23.0,6.0,357.83,357.83,2021-12-23 06:00:00
2021,12.0,23.0,7.0,386.1,386.1,2021-12-23 07:00:00
2021,12.0,23.0,8.0,398.23,398.23,2021-12-23 08:00:00
2021,12.0,23.0,9.0,400.0,400.0,2021-12-23 09:00:00
2021,12.0,23.0,10.0,400.03,400.03,2021-12-23 10:00:00
2021,12.0,23.0,11.0,400.01,400.01,2021-12-23 11:00:00
2021,12.0,23.0,12.0,400.0,400.0,2021-12-23 12:00:00
2021,12.0,23.0,13.0,400.0,400.0,2021-12-23 13:00:00
2021,12.0,23.0,14.0,400.75,400.75,2021-12-23 14:00:00
2021,12.0,23.0,15.0,400.75,400.75,2021-12-23 15:00:00
2021,12.0,23.0,16.0,403.0,403.0,2021-12-23 16:00:00
2021,12.0,23.0,17.0,401.0,401.0,2021-12-23 17:00:00
2021,12.0,23.0,18.0,401.0,401.0,2021-12-23 18:00:00
2021,12.0,23.0,19.0,409.0,409.0,2021-12-23 19:00:00
2021,12.0,23.0,20.0,409.0,409.0,2021-12-23 20:00:00
2021,12.0,23.0,21.0,407.0,407.0,2021-12-23 21:00:00
2021,12.0,23.0,22.0,400.0,400.0,2021-12-23 22:00:00
2021,12.0,23.0,23.0,392.63,392.63,2021-12-23 23:00:00
2021,12.0,23.0,24.0,371.6,371.6,2021-12-24 00:00:00
2021,12.0,24.0,1.0,343.08,343.08,2021-12-24 01:00:00
2021,12.0,24.0,2.0,309.94,309.94,2021-12-24 02:00:00
2021,12.0,24.0,3.0,271.23,271.23,2021-12-24 03:00:00
2021,12.0,24.0,4.0,264.6,264.6,2021-12-24 04:00:00
2021,12.0,24.0,5.0,258.5,258.5,2021-12-24 05:00:00
2021,12.0,24.0,6.0,264.6,264.6,2021-12-24 06:00:00
2021,12.0,24.0,7.0,295.01,295.01,2021-12-24 07:00:00
2021,12.0,24.0,8.0,312.78,312.78,2021-12-24 08:00:00
2021,12.0,24.0,9.0,334.24,334.24,2021-12-24 09:00:00
2021,12.0,24.0,10.0,356.59,356.59,2021-12-24 10:00:00
2021,12.0,24.0,11.0,373.34,373.34,2021-12-24 11:00:00
2021,12.0,24.0,12.0,345.9,345.9,2021-12-24 12:00:00
2021,12.0,24.0,13.0,323.02,323.02,2021-12-24 13:00:00
2021,12.0,24.0,14.0,312.88,312.88,2021-12-24 14:00:00
2021,12.0,24.0,15.0,300.0,300.0,2021-12-24 15:00:00
2021,12.0,24.0,16.0,307.76,307.76,2021-12-24 16:00:00
2021,12.0,24.0,17.0,312.68,312.68,2021-12-24 17:00:00
2021,12.0,24.0,18.0,326.0,326.0,2021-12-24 18:00:00
2021,12.0,24.0,19.0,335.7,335.7,2021-12-24 19:00:00
2021,12.0,24.0,20.0,329.43,329.43,2021-12-24 20:00:00
2021,12.0,24.0,21.0,316.84,316.84,2021-12-24 21:00:00
2021,12.0,24.0,22.0,307.96,307.96,2021-12-24 22:00:00
2021,12.0,24.0,23.0,297.62,297.62,2021-12-24 23:00:00
2021,12.0,24.0,24.0,264.7,264.7,2021-12-25 00:00:00
2021,12.0,25.0,1.0,245.12,245.12,2021-12-25 01:00:00
2021,12.0,25.0,2.0,224.5,224.5,2021-12-25 02:00:00
2021,12.0,25.0,3.0,196.29,196.29,2021-12-25 03:00:00
2021,12.0,25.0,4.0,162.22,162.22,2021-12-25 04:00:00
2021,12.0,25.0,5.0,135.0,135.0,2021-12-25 05:00:00
2021,12.0,25.0,6.0,125.31,125.31,2021-12-25 06:00:00
2021,12.0,25.0,7.0,128.03,128.03,2021-12-25 07:00:00
2021,12.0,25.0,8.0,180.3,180.3,2021-12-25 08:00:00
2021,12.0,25.0,9.0,190.0,190.0,2021-12-25 09:00:00
2021,12.0,25.0,10.0,217.13,217.13,2021-12-25 10:00:00
2021,12.0,25.0,11.0,226.63,226.63,2021-12-25 11:00:00
2021,12.0,25.0,12.0,245.04,245.04,2021-12-25 12:00:00
2021,12.0,25.0,13.0,254.75,254.75,2021-12-25 13:00:00
2021,12.0,25.0,14.0,248.61,248.61,2021-12-25 14:00:00
2021,12.0,25.0,15.0,229.32,229.32,2021-12-25 15:00:00
2021,12.0,25.0,16.0,226.0,226.0,2021-12-25 16:00:00
2021,12.0,25.0,17.0,231.52,231.52,2021-12-25 17:00:00
2021,12.0,25.0,18.0,244.81,244.81,2021-12-25 18:00:00
2021,12.0,25.0,19.0,257.9,257.9,2021-12-25 19:00:00
2021,12.0,25.0,20.0,280.0,280.0,2021-12-25 20:00:00
2021,12.0,25.0,21.0,307.53,307.53,2021-12-25 21:00:00
2021,12.0,25.0,22.0,315.12,315.12,2021-12-25 22:00:00
2021,12.0,25.0,23.0,300.0,300.0,2021-12-25 23:00:00
2021,12.0,25.0,24.0,262.86,262.86,2021-12-26 00:00:00
2021,12.0,26.0,1.0,223.86,223.86,2021-12-26 01:00:00
2021,12.0,26.0,2.0,185.87,185.87,2021-12-26 02:00:00
2021,12.0,26.0,3.0,178.94,175.07,2021-12-26 03:00:00
2021,12.0,26.0,4.0,174.47,174.47,2021-12-26 04:00:00
2021,12.0,26.0,5.0,134.8,134.8,2021-12-26 05:00:00
2021,12.0,26.0,6.0,130.24,130.24,2021-12-26 06:00:00
2021,12.0,26.0,7.0,132.24,132.24,2021-12-26 07:00:00
2021,12.0,26.0,8.0,162.5,162.5,2021-12-26 08:00:00
2021,12.0,26.0,9.0,174.39,174.39,2021-12-26 09:00:00
2021,12.0,26.0,10.0,185.94,185.94,2021-12-26 10:00:00
2021,12.0,26.0,11.0,199.35,199.35,2021-12-26 11:00:00
2021,12.0,26.0,12.0,202.81,202.81,2021-12-26 12:00:00
2021,12.0,26.0,13.0,199.4,199.4,2021-12-26 13:00:00
2021,12.0,26.0,14.0,193.73,193.73,2021-12-26 14:00:00
2021,12.0,26.0,15.0,193.3,193.3,2021-12-26 15:00:00
2021,12.0,26.0,16.0,193.39,193.39,2021-12-26 16:00:00
2021,12.0,26.0,17.0,195.65,195.65,2021-12-26 17:00:00
2021,12.0,26.0,18.0,211.73,211.73,2021-12-26 18:00:00
2021,12.0,26.0,19.0,233.86,233.86,2021-12-26 19:00:00
2021,12.0,26.0,20.0,241.25,241.25,2021-12-26 20:00:00
2021,12.0,26.0,21.0,230.76,230.76,2021-12-26 21:00:00
2021,12.0,26.0,22.0,197.98,197.98,2021-12-26 22:00:00
2021,12.0,26.0,23.0,184.64,184.64,2021-12-26 23:00:00
2021,12.0,26.0,24.0,167.4,167.4,2021-12-27 00:00:00
2021,12.0,27.0,1.0,52.64,52.64,2021-12-27 01:00:00
2021,12.0,27.0,2.0,3.57,3.57,2021-12-27 02:00:00
2021,12.0,27.0,3.0,2.67,2.67,2021-12-27 03:00:00
2021,12.0,27.0,4.0,2.67,2.67,2021-12-27 04:00:00
2021,12.0,27.0,5.0,2.67,2.67,2021-12-27 05:00:00
2021,12.0,27.0,6.0,2.67,2.67,2021-12-27 06:00:00
2021,12.0,27.0,7.0,7.5,7.5,2021-12-27 07:00:00
2021,12.0,27.0,8.0,104.9,104.9,2021-12-27 08:00:00
2021,12.0,27.0,9.0,120.0,120.0,2021-12-27 09:00:00
2021,12.0,27.0,10.0,153.34,153.34,2021-12-27 10:00:00
2021,12.0,27.0,11.0,113.08,113.08,2021-12-27 11:00:00
2021,12.0,27.0,12.0,108.6,108.6,2021-12-27 12:00:00
2021,12.0,27.0,13.0,104.6,104.6,2021-12-27 13:00:00
2021,12.0,27.0,14.0,103.64,103.64,2021-12-27 14:00:00
2021,12.0,27.0,15.0,83.14,83.14,2021-12-27 15:00:00
2021,12.0,27.0,16.0,104.4,104.4,2021-12-27 16:00:00
2021,12.0,27.0,17.0,110.87,110.87,2021-12-27 17:00:00
2021,12.0,27.0,18.0,200.86,200.86,2021-12-27 18:00:00
2021,12.0,27.0,19.0,207.1,207.1,2021-12-27 19:00:00
2021,12.0,27.0,20.0,196.05,196.05,2021-12-27 20:00:00
2021,12.0,27.0,21.0,169.42,169.42,2021-12-27 21:00:00
2021,12.0,27.0,22.0,133.74,133.74,2021-12-27 22:00:00
2021,12.0,27.0,23.0,113.05,113.05,2021-12-27 23:00:00
2021,12.0,27.0,24.0,105.14,104.7,2021-12-28 00:00:00
2021,12.0,28.0,1.0,64.5,64.5,2021-12-28 01:00:00
2021,12.0,28.0,2.0,44.29,44.29,2021-12-28 02:00:00
2021,12.0,28.0,3.0,12.53,12.53,2021-12-28 03:00:00
2021,12.0,28.0,4.0,8.06,8.06,2021-12-28 04:00:00
2021,12.0,28.0,5.0,14.0,14.0,2021-12-28 05:00:00
2021,12.0,28.0,6.0,20.0,20.0,2021-12-28 06:00:00
2021,12.0,28.0,7.0,64.7,64.7,2021-12-28 07:00:00
2021,12.0,28.0,8.0,103.56,103.56,2021-12-28 08:00:00
2021,12.0,28.0,9.0,122.61,122.61,2021-12-28 09:00:00
2021,12.0,28.0,10.0,143.45,143.45,2021-12-28 10:00:00
2021,12.0,28.0,11.0,142.41,142.41,2021-12-28 11:00:00
2021,12.0,28.0,12.0,135.71,135.71,2021-12-28 12:00:00
2021,12.0,28.0,13.0,127.55,127.55,2021-12-28 13:00:00
2021,12.0,28.0,14.0,116.76,116.76,2021-12-28 14:00:00
2021,12.0,28.0,15.0,112.54,112.54,2021-12-28 15:00:00
2021,12.0,28.0,16.0,104.39,104.39,2021-12-28 16:00:00
2021,12.0,28.0,17.0,111.54,111.54,2021-12-28 17:00:00
2021,12.0,28.0,18.0,147.35,147.35,2021-12-28 18:00:00
2021,12.0,28.0,19.0,151.0,151.0,2021-12-28 19:00:00
2021,12.0,28.0,20.0,171.7,171.7,2021-12-28 20:00:00
2021,12.0,28.0,21.0,176.03,176.03,2021-12-28 21:00:00
2021,12.0,28.0,22.0,172.3,172.3,2021-12-28 22:00:00
2021,12.0,28.0,23.0,127.68,127.68,2021-12-28 23:00:00
2021,12.0,28.0,24.0,122.46,110.08,2021-12-29 00:00:00
2021,12.0,29.0,1.0,112.06,112.06,2021-12-29 01:00:00
2021,12.0,29.0,2.0,93.27,93.27,2021-12-29 02:00:00
2021,12.0,29.0,3.0,94.37,94.37,2021-12-29 03:00:00
2021,12.0,29.0,4.0,90.82,90.82,2021-12-29 04:00:00
2021,12.0,29.0,5.0,94.01,94.01,2021-12-29 05:00:00
2021,12.0,29.0,6.0,117.63,117.63,2021-12-29 06:00:00
2021,12.0,29.0,7.0,139.98,139.98,2021-12-29 07:00:00
2021,12.0,29.0,8.0,188.0,188.0,2021-12-29 08:00:00
2021,12.0,29.0,9.0,200.0,200.0,2021-12-29 09:00:00
2021,12.0,29.0,10.0,203.45,203.45,2021-12-29 10:00:00
2021,12.0,29.0,11.0,204.2,204.2,2021-12-29 11:00:00
2021,12.0,29.0,12.0,204.38,204.38,2021-12-29 12:00:00
2021,12.0,29.0,13.0,205.61,205.61,2021-12-29 13:00:00
2021,12.0,29.0,14.0,205.62,205.62,2021-12-29 14:00:00
2021,12.0,29.0,15.0,205.7,205.7,2021-12-29 15:00:00
2021,12.0,29.0,16.0,200.0,200.0,2021-12-29 16:00:00
2021,12.0,29.0,17.0,195.99,195.99,2021-12-29 17:00:00
2021,12.0,29.0,18.0,205.0,205.0,2021-12-29 18:00:00
2021,12.0,29.0,19.0,231.03,231.03,2021-12-29 19:00:00
2021,12.0,29.0,20.0,240.0,240.0,2021-12-29 20:00:00
2021,12.0,29.0,21.0,255.0,255.0,2021-12-29 21:00:00
2021,12.0,29.0,22.0,240.0,240.0,2021-12-29 22:00:00
2021,12.0,29.0,23.0,220.0,220.0,2021-12-29 23:00:00
2021,12.0,29.0,24.0,200.0,200.0,2021-12-30 00:00:00
2021,12.0,30.0,1.0,200.68,200.68,2021-12-30 01:00:00
2021,12.0,30.0,2.0,185.72,185.72,2021-12-30 02:00:00
2021,12.0,30.0,3.0,178.34,178.34,2021-12-30 03:00:00
2021,12.0,30.0,4.0,175.0,175.0,2021-12-30 04:00:00
2021,12.0,30.0,5.0,174.7,174.7,2021-12-30 05:00:00
2021,12.0,30.0,6.0,174.9,174.9,2021-12-30 06:00:00
2021,12.0,30.0,7.0,186.97,186.97,2021-12-30 07:00:00
2021,12.0,30.0,8.0,196.67,196.67,2021-12-30 08:00:00
2021,12.0,30.0,9.0,225.75,225.75,2021-12-30 09:00:00
2021,12.0,30.0,10.0,224.71,224.71,2021-12-30 10:00:00
2021,12.0,30.0,11.0,191.86,191.86,2021-12-30 11:00:00
2021,12.0,30.0,12.0,179.91,179.91,2021-12-30 12:00:00
2021,12.0,30.0,13.0,179.91,179.91,2021-12-30 13:00:00
2021,12.0,30.0,14.0,184.94,184.94,2021-12-30 14:00:00
2021,12.0,30.0,15.0,184.25,184.25,2021-12-30 15:00:00
2021,12.0,30.0,16.0,178.39,178.39,2021-12-30 16:00:00
2021,12.0,30.0,17.0,186.97,186.97,2021-12-30 17:00:00
2021,12.0,30.0,18.0,225.75,225.75,2021-12-30 18:00:00
2021,12.0,30.0,19.0,252.22,252.22,2021-12-30 19:00:00
2021,12.0,30.0,20.0,251.79,251.79,2021-12-30 20:00:00
2021,12.0,30.0,21.0,248.63,248.63,2021-12-30 21:00:00
2021,12.0,30.0,22.0,240.0,240.0,2021-12-30 22:00:00
2021,12.0,30.0,23.0,202.4,202.4,2021-12-30 23:00:00
2021,12.0,30.0,24.0,185.9,185.9,2021-12-31 00:00:00
2021,12.0,31.0,1.0,150.0,150.0,2021-12-31 01:00:00
2021,12.0,31.0,2.0,127.5,127.5,2021-12-31 02:00:00
2021,12.0,31.0,3.0,114.6,114.6,2021-12-31 03:00:00
2021,12.0,31.0,4.0,114.1,114.1,2021-12-31 04:00:00
2021,12.0,31.0,5.0,111.1,111.1,2021-12-31 05:00:00
2021,12.0,31.0,6.0,112.6,112.6,2021-12-31 06:00:00
2021,12.0,31.0,7.0,114.5,114.5,2021-12-31 07:00:00
2021,12.0,31.0,8.0,125.02,125.02,2021-12-31 08:00:00
2021,12.0,31.0,9.0,131.97,131.97,2021-12-31 09:00:00
2021,12.0,31.0,10.0,141.8,141.8,2021-12-31 10:00:00
2021,12.0,31.0,11.0,138.0,138.0,2021-12-31 11:00:00
2021,12.0,31.0,12.0,115.6,115.6,2021-12-31 12:00:00
2021,12.0,31.0,13.0,124.99,124.99,2021-12-31 13:00:00
2021,12.0,31.0,14.0,125.02,125.02,2021-12-31 14:00:00
2021,12.0,31.0,15.0,143.0,143.0,2021-12-31 15:00:00
2021,12.0,31.0,16.0,141.0,141.0,2021-12-31 16:00:00
2021,12.0,31.0,17.0,156.17,156.17,2021-12-31 17:00:00
2021,12.0,31.0,18.0,186.03,186.03,2021-12-31 18:00:00
2021,12.0,31.0,19.0,193.15,193.15,2021-12-31 19:00:00
2021,12.0,31.0,20.0,187.95,187.95,2021-12-31 20:00:00
2021,12.0,31.0,21.0,182.3,182.3,2021-12-31 21:00:00
2021,12.0,31.0,22.0,175.12,175.12,2021-12-31 22:00:00
2021,12.0,31.0,23.0,140.38,140.38,2021-12-31 23:00:00
2021,12.0,31.0,24.0,127.81,127.81,2022-01-01 00:00:00
